date,stock_id,Trading_Volume,Trading_money,open,max,min,close,spread,Trading_turnover,SMA5,SMA10,SMA20,K,D,RSI_7,RSI_14,BB_Upper,BB_Middle,BB_Lower,MACD,MACD_Signal,MACD_Hist
2020-01-02,1503,58542,2660954,45.2,45.7,45.2,45.7,0.45,53,,,,,,,,,,,,,
2020-01-03,1503,45606,2071238,45.6,45.65,45.2,45.35,-0.35,49,,,,,,,,,,,,,
2020-01-06,1503,73944,3358305,45.35,45.7,45.25,45.7,0.35,59,,,,,,,,,,,,,
2020-01-07,1503,64005,2912272,45.65,45.7,45.35,45.4,-0.3,66,,,,,,,,,,,,,
2020-01-08,1503,187146,8586396,45.35,46.25,45.35,45.4,0.0,117,45.510000000000005,,,,,,,,,,,,
2020-01-09,1503,19342,881925,45.5,45.7,45.45,45.5,0.1,20,45.470000000000006,,,,,,,,,,,,
2020-01-10,1503,124588,5705030,45.6,45.95,45.6,45.7,0.2,107,45.540000000000006,,,,,,,,,,,,
2020-01-13,1503,85931,3948326,45.7,46.05,45.7,46.0,0.3,74,45.60000000000001,,,,,59.374999999999865,,,,,,,
2020-01-14,1503,140142,6460465,45.95,46.2,45.95,46.15,0.15,98,45.750000000000014,,,,,63.38028169014066,,,,,,,
2020-01-15,1503,202511,9358700,46.25,46.35,46.05,46.1,-0.05,152,45.89000000000001,45.7,,,,61.039939713639754,,,,,,,
2020-01-16,1503,160272,7410601,46.2,46.4,46.0,46.35,0.25,111,46.06000000000001,45.765,,,,67.94461093314041,,,,,,,
2020-01-17,1503,143683,6671000,46.45,46.5,46.3,46.45,0.1,93,46.21,45.875,,,,70.39322982947314,,,,,,,
2020-01-20,1503,560639,26475983,46.7,47.5,46.7,47.15,0.7,299,46.440000000000005,46.019999999999996,,91.67509268621518,89.8866366004891,81.7673009165983,,,,,,,
2020-01-30,1503,250230,11439489,45.45,46.3,45.45,45.5,-1.65,162,46.31,46.03,,60.60404284528186,80.71140266508844,39.76097841176003,,,,,,,
2020-01-31,1503,144701,6551363,45.5,45.65,45.0,45.1,-0.4,95,46.11,46.00000000000001,,30.053318207600636,60.77748457969923,34.716728146187826,43.87755102040815,,,,,,
2020-02-03,1503,99207,4382149,44.8,44.8,43.85,44.55,-0.55,81,45.75,45.90500000000001,,8.539035527341515,33.065465526741335,28.846194537810526,39.14565826330527,,,,,,
2020-02-04,1503,67256,3021344,44.55,45.3,44.55,45.0,0.45,52,45.46,45.83500000000001,,18.228310502283083,18.94022141240841,38.73507858818863,44.42640692640691,,,,,,
2020-02-05,1503,121329,5397055,45.3,45.3,44.2,44.3,-0.7,109,44.89,45.665000000000006,,21.004566210045585,15.923970746556726,30.933097704938927,38.78782873001187,,,,,,
2020-02-06,1503,103593,4637950,44.65,44.95,44.6,44.85,0.55,79,44.76,45.53500000000001,,23.744292237442888,20.99238964992385,41.697691174144786,44.72409795163006,,,,,,
2020-02-07,1503,179453,7988637,45.0,45.0,44.4,44.45,-0.4,118,44.629999999999995,45.37000000000001,45.535000000000004,18.7214611872146,21.156773211567693,36.82752005171936,41.566875584505105,46.934678534520124,45.535000000000004,44.13532146547988,,,
2020-02-10,1503,96124,4279553,44.2,44.85,44.05,44.55,0.1,65,44.629999999999995,45.19000000000001,45.4775,21.004566210045652,21.156773211567714,38.90864784232404,42.6567355160479,46.93848425727279,45.4775,44.01651574272721,,,
2020-02-11,1503,49209,2201754,44.9,44.9,44.65,44.85,0.3,56,44.599999999999994,45.030000000000015,45.4525,25.477588295592216,21.734538564284154,45.22441214063254,45.91576441454435,46.938257382615824,45.4525,43.96674261738418,,,
2020-02-12,1503,140454,6312203,44.8,45.1,44.75,44.95,0.1,98,44.73,44.81000000000002,45.415,40.36850661116811,28.95022037226866,47.34150615527564,46.997120408651455,46.91169636199227,45.415,43.91830363800773,,,
2020-02-13,1503,87414,3929673,45.0,45.1,44.75,44.75,-0.2,74,44.709999999999994,44.735000000000014,45.3825,54.66546771965503,40.17052087547179,43.42524074122508,45.056801851797104,46.90705731279636,45.3825,43.85794268720364,,,
2020-02-14,1503,54069,2427360,44.75,45.05,44.75,45.05,0.3,48,44.83,44.73000000000001,45.364999999999995,67.72669220945092,54.253555513424686,50.579651902114996,48.492004633619615,46.89637193392143,45.364999999999995,43.83362806607856,,,
2020-02-17,1503,121761,5483710,44.9,45.1,44.9,45.1,0.05,163,44.93999999999999,44.78500000000001,45.345,75.35632183908061,65.91616058939552,51.76570106285967,49.063614869309355,46.87924248409496,45.345,43.81075751590504,,,
2020-02-18,1503,116622,5255829,45.15,45.15,45.0,45.15,0.05,106,44.99999999999999,44.80000000000001,45.317499999999995,88.00000000000011,77.02767134951056,53.079433511571004,49.66517438464032,46.84500613746809,45.317499999999995,43.7899938625319,,,
2020-02-19,1503,151567,6877704,45.15,45.5,45.15,45.35,0.2,117,45.07999999999999,44.905000000000015,45.285,91.21839080459786,84.85823754789287,58.370669848908186,52.10193637334521,46.780359488551795,45.285,43.7896405114482,,,
2020-02-20,1503,121007,5500512,45.35,45.65,45.35,45.4,0.05,110,45.209999999999994,44.96000000000001,45.247499999999995,91.34339080459775,90.18726053639858,59.69630962086898,52.71819537947743,46.69092474691345,45.247499999999995,43.80407525308654,,,
2020-02-21,1503,147640,6673044,45.45,45.45,45.0,45.0,-0.4,121,45.19999999999999,45.01500000000001,45.192499999999995,69.67672413793113,84.07950191570892,46.01901510261815,47.4576996055564,46.58471945109319,45.192499999999995,43.8002805489068,,,
2020-02-24,1503,57200,2556068,44.85,44.9,44.6,44.6,-0.4,46,45.09999999999999,45.02000000000001,45.105,39.79166666666672,66.93726053639854,36.31263545387226,42.85270557923911,46.41263144654851,45.105,43.797368553451484,,,
2020-02-25,1503,29574,1318398,44.7,44.7,44.5,44.6,0.0,27,44.98999999999999,44.99500000000001,45.012499999999996,14.565217391304444,41.344536065300765,36.31263545387226,42.8527055792391,46.18077864826972,45.012499999999996,43.84422135173027,,,
2020-02-26,1503,40245,1791836,44.4,44.75,44.3,44.45,-0.15,38,44.80999999999999,44.94500000000001,44.8775,6.60225442834157,20.319712828770914,32.78326676123894,41.11750464534327,45.54193585093096,44.8775,44.213064149069034,,,
2020-02-27,1503,108739,4809888,44.4,44.4,44.05,44.1,-0.35,88,44.54999999999999,44.88000000000001,44.8075,7.643921095008324,9.603797638218113,25.924160441376443,37.32018796667155,45.4896106948306,44.8075,44.12538930516939,-0.38895454618558034,-0.41180589170494386,0.02285134551936352
2020-03-02,1503,171679,7484882,44.0,44.0,43.2,43.7,-0.4,74,44.289999999999985,44.74500000000001,44.7375,11.548091458805985,8.598088994051961,20.269596217846946,33.511144272810746,45.55839889755153,44.7375,43.91660110244847,-0.44051150820999396,-0.41754701500595387,-0.022964493204040093
2020-03-03,1503,49344,2164045,43.75,44.0,43.75,43.85,0.15,42,44.139999999999986,44.62000000000001,44.7025,16.687925170068127,11.959979241294144,27.215246512256435,36.143200898490186,45.60774858464465,44.7025,43.79725141535535,-0.4639192532922536,-0.4268214626632138,-0.037097790629039784
2020-03-04,1503,39413,1723513,43.85,43.85,43.65,43.7,-0.15,34,43.959999999999994,44.47500000000001,44.6375,22.448979591836757,16.894998740236957,24.704453084451615,34.66536298174804,45.630412382842124,44.6375,43.64458761715788,-0.4889376375784451,-0.43924469764626006,-0.04969293993218504
2020-03-05,1503,84010,3705040,43.8,44.45,43.8,44.05,0.35,50,43.879999999999995,44.34500000000001,44.62500000000001,28.23885109599388,22.458585285966254,39.818625945176244,40.752736593196175,45.64062788461087,44.62500000000001,43.60937211538914,-0.47504676899835374,-0.4464051119166788,-0.02864165708167493
2020-03-06,1503,117799,5133023,44.05,44.05,43.4,43.4,-0.65,102,43.739999999999995,44.14500000000001,44.5525,23.3168823084788,24.66823766543648,27.749760722965355,34.351521159464916,45.69288370735508,44.5525,43.412116292644924,-0.5106018233131167,-0.4592444541959664,-0.051357369117150276
2020-03-09,1503,288102,12226482,43.2,43.2,42.1,42.1,-1.3,196,43.42,43.85500000000001,44.435,16.514161220043416,22.689964874838697,16.254317946224674,25.66775334897385,45.999001278772184,44.435,42.87099872122782,-0.6363432268553026,-0.4946642087278336,-0.14167901812746903
2020-03-10,1503,273027,11461711,41.5,42.55,41.2,42.4,0.3,141,43.13,43.635000000000005,44.3275,15.189174261253692,18.34007259659197,24.657280797495428,30.06155823103636,46.12346074567428,44.3275,42.53153925432572,-0.7036751729142239,-0.5364664015651117,-0.16720877134911216
2020-03-11,1503,114400,4834829,42.35,42.65,41.95,42.05,-0.35,96,42.8,43.38000000000001,44.1875,19.985554351751446,17.229629944349515,21.694417629639133,27.9833249453855,46.2197093888188,44.1875,42.1552906111812,-0.7763292597362934,-0.584438973199348,-0.1918902865369454
2020-03-12,1503,230420,9401393,41.6,41.9,40.25,40.5,-1.55,193,42.089999999999996,42.98500000000001,43.964999999999996,21.96968133587843,19.048136649627853,13.384709056684398,21.04469433900929,46.521384165184216,43.964999999999996,41.40861583481578,-0.948051643887645,-0.6571615073370074,-0.29089013655063756
2020-03-13,1503,420744,16450385,39.9,39.9,38.6,39.5,-1.0,204,41.309999999999995,42.525000000000006,43.7025,15.830280830280762,19.261838839303547,10.389390814297311,17.951980091616594,46.88424087568459,43.7025,40.52075912431541,-1.1515600457852813,-0.7560412150266622,-0.39551883075861904
2020-03-16,1503,318059,12732760,40.0,40.2,40.0,40.05,0.55,132,40.9,42.16000000000001,43.4525,15.374440374440335,17.724800846866508,21.641402384410796,24.52197556070435,46.94226718421193,43.4525,39.96273281578807,-1.2540061151263302,-0.8556341950465958,-0.39837192007973443
2020-03-17,1503,270493,10749630,39.0,40.0,39.0,39.85,-0.2,159,40.39,41.760000000000005,43.19,20.512820512820472,17.239180572513856,20.54686546915095,23.776394357627787,46.92571947554992,43.19,39.45428052445008,-1.3359338775430913,-0.9516941315458949,-0.38423974599719646
2020-03-18,1503,259456,10319123,39.85,40.5,39.15,40.0,0.15,180,39.98,41.39000000000001,42.9325,23.947306516113823,19.944855801124874,23.91398033123186,25.603394422609842,46.79996363913126,42.9325,39.06503636086873,-1.3729321657323723,-1.0359417383831904,-0.33699042734918194
2020-03-19,1503,338128,13143694,39.5,39.5,38.5,39.05,-0.95,220,39.69,40.89000000000001,42.61749999999999,19.58590747386372,21.348678167599335,18.211420461018676,22.00586362116837,46.66796602257132,42.61749999999999,38.567033977428665,-1.4620569537355692,-1.121164781453666,-0.34089217228190316
2020-03-20,1503,186683,7400088,39.1,39.85,39.1,39.6,0.55,124,39.709999999999994,40.51000000000001,42.3275,21.29874171681846,21.61065190226533,29.55733791612884,28.28820238355837,46.37008271405809,42.3275,38.28491728594191,-1.4713478052624538,-1.1912013862154236,-0.2801464190470302
2020-03-23,1503,480470,18489701,39.2,39.2,38.1,38.95,-0.65,181,39.489999999999995,40.19500000000001,42.025,18.963156812426234,19.9492686677028,24.81164190893707,25.65784408936494,46.12737735953222,42.025,37.92262264046778,-1.5137113179372221,-1.2557033725597833,-0.2580079453774389
2020-03-24,1503,348706,13584084,39.1,39.6,38.65,38.9,-0.05,201,39.3,39.84500000000001,41.739999999999995,22.079991452217204,20.78062999382063,24.45920580846431,25.46171655448824,45.87903370365636,41.739999999999995,37.60096629634363,-1.5336404367799972,-1.311290785403826,-0.22234965137617113
2020-03-25,1503,92006,3640290,39.15,39.75,39.15,39.7,0.8,77,39.239999999999995,39.61000000000001,41.495,35.46687230897759,25.503340191207013,40.291037953433204,34.13666304007846,45.50597245066585,41.495,37.484027549334144,-1.4679593710667262,-1.342624502536406,-0.12533486853032016
2020-03-26,1503,85669,3402210,40.0,40.0,39.55,39.6,-0.1,153,39.349999999999994,39.52000000000001,41.2525,50.073099415204695,35.87332105879983,39.09611464563058,33.61009815450314,45.10275648496309,41.2525,37.40224351503691,-1.4077481729031476,-1.3556492366097543,-0.05209893629339324
2020-03-27,1503,112720,4489427,40.2,40.2,39.55,39.6,0.0,402,39.349999999999994,39.530000000000015,41.027499999999996,63.888888888888935,49.80962020435708,39.09611464563057,33.61009815450314,44.70805362683401,41.027499999999996,37.346946373165984,-1.3445314430268027,-1.353425677893164,0.008894234866361206
2020-03-30,1503,88510,3486410,39.25,39.7,38.9,39.65,0.05,396,39.489999999999995,39.49000000000001,40.824999999999996,63.194444444444436,59.052144249512686,40.30104484870737,34.198677237857495,44.33690831315406,40.824999999999996,37.31309168684593,-1.2756917664225256,-1.3378788955990362,0.06218712917651059
2020-03-31,1503,81295,3239650,39.95,40.0,39.7,39.7,0.05,237,39.64999999999999,39.47500000000001,40.61749999999999,67.75793650793649,64.94708994708996,41.64789781623179,34.8209708861005,43.87084827523921,40.61749999999999,37.364151724760774,-1.2032311449642137,-1.3109493454720718,0.10771820050785808
2020-04-01,1503,31235,1234422,39.7,39.7,39.5,39.6,-0.1,169,39.62999999999999,39.43500000000001,40.412499999999994,70.73412698412695,67.22883597883596,39.565120972533904,34.12585225438442,43.365951370854475,40.412499999999994,37.459048629145514,-1.1407251749331877,-1.276904511364295,0.13617933643110725
2020-04-06,1503,57178,2263671,39.5,39.95,39.15,39.9,0.3,262,39.68999999999999,39.52,40.205,77.7777777777777,72.08994708994705,48.567465429626566,38.11697881400155,42.645676135828154,40.205,37.76432386417184,-1.0548219200663311,-1.2324879931047021,0.177666073038371
2020-04-07,1503,120625,4814046,39.9,40.15,39.5,40.05,0.15,167,39.779999999999994,39.565000000000005,40.037499999999994,82.48847926267261,77.00012800819242,52.67930252635021,40.072058825361694,41.98887771843416,40.037499999999994,38.08612228156583,-0.9635322255687484,-1.1786968395975115,0.21516461402876308
2020-04-08,1503,124469,5031457,40.0,40.85,40.0,40.75,0.7,199,39.99999999999999,39.745000000000005,39.96999999999999,90.30288707708043,83.52304803917691,67.02994203490802,48.28340587287942,41.713674281510905,39.96999999999999,38.22632571848908,-0.8251880805855265,-1.1079950877951146,0.28280700720958807
2020-04-09,1503,92334,3749976,40.5,40.9,40.4,40.55,-0.2,226,40.169999999999995,39.91000000000001,39.87749999999999,89.2314585056519,87.34094161513498,60.87610848246074,46.33012299940235,41.253172562786055,39.87749999999999,38.501827437213926,-0.7233493563897255,-1.0310659415140369,0.3077165851243113
2020-04-10,1503,152359,6162374,40.4,40.8,40.25,40.65,0.1,309,40.379999999999995,40.00500000000001,39.80749999999999,88.29059829059825,89.2749812911102,62.86485233716641,47.47430146401751,40.831353016796264,39.80749999999999,38.78364698320372,-0.6273406766763188,-0.9503208885464932,0.32298021187017445
2020-04-13,1503,160752,6523615,40.5,40.8,40.45,40.75,0.1,618,40.55,40.120000000000005,39.81999999999999,87.5,88.34068559875006,64.94382203469347,48.653159685596634,40.882732327541426,39.81999999999999,38.75726767245856,-0.53699381163959,-0.8676554731651126,0.33066166152552257
2020-04-14,1503,148609,6117893,40.75,41.5,40.75,41.45,0.7,410,40.83,40.305,39.9175,92.62411347517737,89.47157058859187,75.94281008766947,56.083375313180994,41.183310017340744,39.9175,38.65168998265925,-0.40424918733287285,-0.7749742159986647,0.3707250286657918
2020-04-15,1503,223504,9405718,41.6,42.45,41.6,42.4,0.95,392,41.16,40.58,40.035,96.2857296367935,92.13661437065696,83.92732680572449,63.750025495056676,41.70116325730732,40.035,38.36883674269267,-0.21985668467281982,-0.6639507097334957,0.44409402506067586
2020-04-16,1503,194599,8219990,41.9,42.8,41.8,42.8,0.4,450,41.61,40.89,40.18249999999999,98.78572963679348,95.8985242495881,86.18043160753665,66.40903700565705,42.23463912783789,40.18249999999999,38.13036087216209,-0.04097530299132046,-0.5393556283850607,0.4983803253937402
2020-04-17,1503,275258,11750428,42.65,43.0,42.35,42.6,-0.2,240,42.0,41.190000000000005,40.31249999999999,95.68542568542567,96.91896165300422,79.66590909533703,63.88572459046442,42.61594850170407,40.31249999999999,38.00905149829592,0.08368646673625335,-0.4147472093607979,0.49843367609705125
2020-04-20,1503,108022,4601975,42.8,42.8,42.4,42.55,-0.05,95,42.36,41.455000000000005,40.4875,91.19047619047619,95.22054383756512,77.94735926496747,63.238802219594895,42.90945685345538,40.4875,38.06554314654461,0.1764136485258163,-0.29651503778347504,0.47292868630929136
2020-04-21,1503,205519,8492729,42.2,42.2,40.8,41.0,-1.55,192,42.27,41.550000000000004,40.55749999999999,66.94805194805194,84.60798460798462,43.78607837076546,47.26153373870709,42.953595782727184,40.55749999999999,38.161404217272796,0.12340601433216136,-0.21253082736034776,0.33593684169250915
2020-04-22,1503,33254,1360625,41.0,41.1,40.65,40.85,-0.15,37,41.96,41.56000000000001,40.65249999999999,44.69696969696971,67.61183261183263,41.72164661627829,46.0490285260309,42.934051007539445,40.65249999999999,38.370948992460534,0.06850366829061727,-0.15632392823015473,0.224827596520772
2020-04-23,1503,55451,2272684,40.85,41.3,40.85,41.1,0.25,56,41.62,41.61500000000001,40.762499999999996,24.860368389780188,45.50179667826729,46.61575027135501,48.42399213519065,42.903265050163576,40.762499999999996,38.621734949836416,0.0446513610695618,-0.11612887037021141,0.1607802314397732
2020-04-24,1503,58559,2391773,41.0,41.0,40.7,40.8,-0.3,54,41.260000000000005,41.63000000000001,40.81749999999999,17.89711887333916,29.15148565336303,41.711731290054175,45.81750801078863,42.90203232165037,40.81749999999999,38.73296767834961,0.0015231846306278385,-0.09259845937004356,0.0941216440006714
2020-04-27,1503,118580,4916560,41.25,41.85,41.1,41.75,0.95,82,41.1,41.73000000000001,40.92499999999999,26.227228480044506,22.994905247721295,58.025495535165064,54.22080445378181,42.96864869779642,40.92499999999999,38.88135130220356,0.04349942035931775,-0.0653788834241713,0.10887830378348905
2020-04-28,1503,64274,2663393,41.75,41.75,41.3,41.4,-0.35,44,41.18,41.72500000000001,41.014999999999986,28.368794326241144,24.164380559874946,51.7946221817776,51.07775215275342,42.97410693940049,41.014999999999986,39.05589306059948,0.047970836723855825,-0.04270893939456587,0.09067977611842169
2020-04-29,1503,147168,6188319,41.75,42.3,41.7,41.85,0.45,119,41.38,41.670000000000016,41.124999999999986,43.26241134751779,32.619478051267826,58.48202505641154,54.71264614318273,43.01086850018924,41.124999999999986,39.23913149981073,0.08682484285876058,-0.016802182943900575,0.10362702580266114
2020-04-30,1503,201613,8530016,41.85,42.55,41.85,42.3,0.45,153,41.620000000000005,41.62000000000002,41.25499999999998,53.24096981692236,41.624058496893774,64.26558754094755,58.06783746498117,43.087730203823625,41.25499999999998,39.42226979617634,0.15217399475523763,0.016993052595927066,0.13518094215931056
2020-05-04,1503,115715,4810843,41.5,41.8,41.45,41.6,-0.7,110,41.78,41.52000000000002,41.35499999999998,59.26933861124868,51.92423992522962,51.29721750947708,51.65667211374214,43.02679544203443,41.35499999999998,39.68320455796554,0.14579884031795132,0.042754210140331914,0.1030446301776194
2020-05-05,1503,117464,4920113,41.65,42.05,41.65,42.0,0.4,81,41.83,41.46500000000002,41.45999999999999,65.93227254181978,59.48086032333028,57.07224234238186,54.732317236458314,43.01261070458969,41.45999999999999,39.90738929541028,0.17105136786346264,0.06841364168495806,0.10263772617850458
2020-05-06,1503,159798,6754890,42.15,43.0,41.75,42.9,0.9,116,42.13,41.655000000000015,41.602499999999985,72.23493516399706,65.81218210568852,67.2623163371174,60.77861833360028,43.13432081197753,41.602499999999985,40.07067918802244,0.26068168012431414,0.10686724937282928,0.15381443075148488
2020-05-07,1503,252982,10942071,42.3,43.7,42.3,43.1,0.2,208,42.38,41.88000000000001,41.719999999999985,82.23493516399698,73.46738095660463,69.16026329705616,61.99349342862446,43.33071412733858,41.719999999999985,40.10928587266139,0.3438885438030539,0.1542715082588742,0.1896170355441797
2020-05-08,1503,115060,4985434,43.45,43.65,42.9,43.55,0.45,86,42.63000000000001,42.125000000000014,41.86999999999999,89.96098104793748,81.47695045864386,73.2336413914355,64.64689797255508,43.57305607658902,41.86999999999999,40.16694392341096,0.44105758464761635,0.21162872353662263,0.22942886111099373
2020-05-11,1503,170828,7524198,43.65,44.25,43.6,43.8,0.25,126,43.07000000000001,42.42500000000001,42.02749999999999,86.32551064754445,86.17380895315965,75.34437919565097,66.06436722130547,43.82985262920649,42.02749999999999,40.225147370793486,0.5321038977349843,0.275723758376295,0.25638013935868936
2020-05-12,1503,249457,10736702,43.7,43.8,42.55,42.75,-1.05,168,43.220000000000006,42.52500000000001,42.12749999999998,75.13503445706827,83.80717538418342,54.34520180710497,55.92272236663368,43.85564206592188,42.12749999999998,40.39935793407809,0.5136119333705551,0.323301393375147,0.1903105399954081
2020-05-13,1503,101295,4351116,42.8,43.2,42.75,43.15,0.4,57,43.27,42.70000000000001,42.212499999999984,63.96287328490714,75.1411394631733,59.377182303100994,58.53420131385705,43.966032149693405,42.212499999999984,40.458967850306564,0.5251796315651376,0.36367704101314513,0.16150259055199245
2020-05-14,1503,113695,4870438,43.0,43.0,42.7,42.7,-0.45,68,43.19000000000001,42.78500000000001,42.227499999999985,50.595238095238095,63.23104861240452,51.87315361958888,54.6139613606248,43.99228752262374,42.227499999999985,40.46271247737623,0.4923602540074441,0.3894136836120049,0.1029465703954392
2020-05-15,1503,142705,6131745,42.85,43.3,42.85,43.3,0.6,87,43.14000000000001,42.885000000000005,42.25249999999998,56.27289377289376,56.94366838434635,59.779987708771976,58.595692226799244,44.06260358819864,42.25249999999998,40.442396411801326,0.5088993712598793,0.4133108211415798,0.09558855011829948
2020-05-18,1503,255114,11245642,44.15,44.3,43.7,44.2,0.9,145,43.220000000000006,43.145,42.33249999999999,68.0609423256483,58.309691397926734,68.76140320014335,63.735089353801165,44.328815355851184,42.33249999999999,40.336184644148794,0.5878528178677982,0.4482192204868235,0.1396335973809747
2020-05-19,1503,273863,12262787,44.35,45.15,44.25,45.15,0.95,175,43.7,43.46,42.46249999999999,86.51332327802925,70.28238645885712,75.49911275822578,68.2193894160196,44.80682826199872,42.46249999999999,40.118171738001266,0.718795229678932,0.5023344223252452,0.21646080735368678
2020-05-20,1503,209681,9469238,45.15,45.3,44.75,44.85,-0.3,133,44.040000000000006,43.65500000000001,42.65499999999999,93.23826500297105,82.60417686888287,69.94135932039927,65.46637381605777,45.11668641382417,42.65499999999999,40.193313586175805,0.7892624158024191,0.55972002102068,0.2295423947817391
2020-05-21,1503,220351,9951045,45.05,45.3,45.0,45.3,0.45,123,44.56,43.87500000000001,42.87749999999998,94.54545454545463,91.43234760881832,73.37171164563703,67.57982463671794,45.4483899237438,42.87749999999998,40.30661007625617,0.8713747420723621,0.6220509652310164,0.24932377684134566
2020-05-22,1503,166223,7432621,44.95,45.1,44.15,44.15,-1.15,112,44.730000000000004,43.935,43.02999999999999,80.60606060606072,89.46326005149548,54.74468715681942,57.838135686943616,45.52166610925417,43.02999999999999,40.538333890745804,0.83403967300098,0.6644487067850091,0.16959096621597092
2020-05-25,1503,90714,4015397,44.4,44.8,43.8,44.35,0.2,64,44.76,43.99,43.20749999999999,73.88111888111897,83.01087801087813,56.961606204532444,58.94650420307022,45.539082080906745,43.20749999999999,40.87591791909323,0.8112382408453271,0.6938066135970727,0.1174316272482544
2020-05-26,1503,240564,10891060,44.8,45.45,44.7,45.45,1.1,131,44.81999999999999,44.260000000000005,43.39249999999999,73.88111888111897,76.12276612276624,67.25456991195658,64.47763159915976,45.81742783397858,43.39249999999999,40.967572166021405,0.8718782784345436,0.7294209465645669,0.14245733186997667
2020-05-27,1503,163039,7435119,45.45,45.9,45.2,45.75,0.3,131,44.99999999999999,44.52,43.60999999999999,86.1811685582178,77.98113544015193,69.57014876575658,65.82978055810126,46.06124458184077,43.60999999999999,41.15875541815922,0.9333839685294052,0.7702135509575345,0.16317041757187067
2020-05-28,1503,151100,6845968,45.85,45.85,44.55,45.4,-0.35,117,45.019999999999996,44.790000000000006,43.78749999999999,90.78489816194737,83.6157285337614,63.46191527174918,62.82517276955373,46.217289085497846,43.78749999999999,41.35771091450213,0.943015105002253,0.8047738617664782,0.1382412432357748
2020-05-29,1503,83783,3800151,45.1,45.6,45.1,45.6,0.2,51,45.309999999999995,45.02,43.95249999999999,86.02299340004265,87.6630200400693,65.48234048500319,63.84079202268049,46.40392305610487,43.95249999999999,41.501076943895114,0.9557686722672827,0.8349728238666392,0.1207958484006435
2020-06-01,1503,131865,6034228,45.8,45.9,45.5,45.75,0.15,96,45.589999999999996,45.175000000000004,44.15999999999999,85.28138528138537,87.36309228112516,67.07537746938313,64.62146255811165,46.478749663073835,44.15999999999999,41.841250336926144,0.9668346446570624,0.8613451880247238,0.10548945663233855
2020-06-02,1503,80713,3692909,45.8,45.85,45.55,45.85,0.1,72,45.67,45.24500000000001,44.35249999999999,92.0634920634922,87.78929024830678,68.2162704428247,65.16147291445922,46.55850883951183,44.35249999999999,42.146491160488154,0.972463715393701,0.8835688934985193,0.08889482189518172
2020-06-03,1503,226089,10396727,45.85,46.1,45.8,46.1,0.25,158,45.739999999999995,45.37000000000001,44.512499999999996,96.82539682539692,91.39009139009154,71.13371001367913,66.5366429877866,46.73800556054205,44.512499999999996,42.28699443945794,0.9857347683595137,0.9040020684707182,0.0817326998887955
2020-06-04,1503,78336,3607656,46.1,46.2,45.9,46.2,0.1,63,45.9,45.46000000000001,44.6675,99.20634920634927,96.03174603174618,72.3194213133655,67.09612781246757,46.90965855817627,44.6675,42.425341441823726,0.9928760803029917,0.9217768708371729,0.07109920946581882
2020-06-05,1503,93919,4332582,46.2,46.3,45.95,46.15,-0.05,69,46.010000000000005,45.66000000000001,44.7975,97.14285714285718,97.72486772486782,70.62712537286808,66.4974700546203,47.06674546931417,44.7975,42.52825453068583,0.9831676941583893,0.9340550355014161,0.04911265865697323
2020-06-08,1503,55005,2517623,46.15,46.15,45.25,45.6,-0.55,58,45.980000000000004,45.78500000000001,44.8875,83.80952380952392,93.38624338624349,54.31586427750099,60.14082571992554,47.13402509445164,44.8875,42.64097490554837,0.9204825745960008,0.931340543320333,-0.010857968724332201
2020-06-09,1503,17750,812132,45.85,45.85,45.65,45.65,0.05,27,45.940000000000005,45.80500000000001,45.0325,71.42857142857157,84.12698412698425,55.40812384868254,60.51039644500538,47.07340053652867,45.0325,42.991599463471324,0.864869075513262,0.9180462497589188,-0.05317717424565682
2020-06-10,1503,144320,6667970,45.65,46.35,45.6,46.15,0.5,112,45.95,45.845000000000006,45.1825,68.952380952381,74.73015873015886,65.13366076827829,64.09550845304831,47.08415059882278,45.1825,43.280849401177214,0.8513272277930213,0.9047024453657393,-0.053375217572718014
2020-06-11,1503,120022,5469732,46.15,46.15,44.9,44.95,-1.2,93,45.7,45.800000000000004,45.295,50.10180623973735,63.49425287356335,40.43853343328254,51.91401586065088,46.82598007825167,45.295,43.764019921748336,0.7352892875245303,0.8708198137974975,-0.13553052627296724
2020-06-12,1503,72155,3221216,44.9,44.95,44.15,44.95,0.0,57,45.46,45.735,45.377500000000005,41.27063740856854,53.441608200229005,40.43853343328254,51.91401586065088,46.62026908555074,45.377500000000005,44.13473091444927,0.635997006259764,0.8238552522899508,-0.18785824603018686
2020-06-15,1503,84991,3850789,45.3,45.55,44.95,45.45,0.5,72,45.43000000000001,45.705,45.440000000000005,32.96760710553835,41.44668358461478,50.97920875863357,55.95875588225212,46.559196140094144,45.440000000000005,44.320803859905865,0.5908421191576281,0.7772526256634863,-0.18641050650585822
2020-06-16,1503,191433,8786027,45.45,46.0,45.45,45.95,0.5,131,45.49000000000001,45.714999999999996,45.480000000000004,59.090909090909236,44.443051201672084,59.3682986972917,59.616866248918264,46.61198939924439,45.480000000000004,44.348010600755615,0.5886171549703931,0.7395255315248677,-0.15090837655447453
2020-06-17,1503,156581,7211343,45.9,46.2,45.85,46.15,0.2,136,45.49000000000001,45.71999999999999,45.545,77.27272727272732,56.443747823058345,62.37325374219762,61.011866682181925,46.67411469745282,45.545,44.41588530254718,0.5961204775590829,0.7108445207317107,-0.11472404317262774
2020-06-18,1503,107360,4948034,46.3,46.4,45.85,46.05,-0.1,78,45.710000000000015,45.705,45.5825,85.72390572390572,74.02918069584747,59.793696505190084,59.89772772487281,46.72629849624095,45.5825,44.438701503759056,0.587228545370067,0.6861213256593819,-0.09889278028931492
2020-06-19,1503,183726,8467607,46.05,46.25,45.85,46.25,0.2,104,45.97000000000001,45.714999999999996,45.68750000000001,89.56228956228955,84.1863075196409,63.33211662276731,61.4153183934363,46.65851750756743,45.68750000000001,44.71648249243258,0.5895242845909721,0.6668019174456999,-0.07727763285472788
2020-06-22,1503,92239,4255819,46.3,46.4,45.85,46.0,-0.25,68,46.08000000000002,45.754999999999995,45.77,86.66666666666673,87.31762065095404,56.128428024859424,58.438323362363256,46.529868409662996,45.77,45.01013159033701,0.5646616952672829,0.6463738730100166,-0.08171217774273365
2020-06-23,1503,60533,2762921,46.15,46.15,45.5,45.55,-0.45,53,46.00000000000002,45.745,45.775,79.25925925925931,85.1627384960719,45.30637740337002,53.41890313109033,46.5276619427103,45.775,45.022338057289694,0.5028501316060741,0.6176691247292281,-0.11481899312315402
2020-06-24,1503,72626,3317737,46.0,46.0,45.4,45.7,0.15,45,45.910000000000025,45.7,45.7725,71.11111111111121,79.01234567901245,49.12132036501607,54.81218996313888,46.525809365402736,45.7725,45.019190634597265,0.46065759447429144,0.5862668186782407,-0.12560922420394927
2020-06-29,1503,89710,4045950,45.05,45.25,44.5,45.2,-0.5,61,45.74000000000002,45.725,45.7625,55.9844054580898,68.78492527615347,38.64003765291169,49.497504640967996,46.54023710211274,45.7625,44.984762897887265,0.38246506430581206,0.545506467803755,-0.16304140349794294
2020-06-30,1503,23444,1070806,45.4,45.9,45.4,45.6,0.4,25,45.61000000000002,45.790000000000006,45.7625,54.5419103313842,60.54580896686176,48.83046995785996,53.391042986974256,46.54023710211274,45.7625,44.984762897887265,0.34875336614753394,0.5061558474725107,-0.1574024813249768
2020-07-01,1503,23551,1070306,45.8,45.8,45.35,45.4,-0.2,32,45.49000000000002,45.785000000000004,45.745000000000005,47.36842105263168,52.63157894736859,44.517693275768686,51.262953290053495,46.53866239674167,45.745000000000005,44.95133760325834,0.3024122537312479,0.46540712872425816,-0.16299487499301024
2020-07-02,1503,32671,1493327,45.6,45.9,45.6,45.65,0.25,31,45.51000000000002,45.755,45.735,55.26315789473688,52.391163092917616,50.84850762487654,53.74480992403448,46.528158243986496,45.735,44.9418417560135,0.28260184082696327,0.42884607114479917,-0.1462442303178359
2020-07-03,1503,84851,3861725,45.7,45.75,45.35,45.45,-0.2,51,45.460000000000015,45.685,45.7025,52.631578947368475,51.754385964912366,45.95444653969959,51.485991942185116,46.48638455782859,45.7025,44.91861544217141,0.2479059123027909,0.39265803937639754,-0.14475212707360663
2020-07-06,1503,378253,17442388,45.55,46.55,45.5,46.3,0.85,221,45.68000000000002,45.71,45.707499999999996,66.11039794608479,58.00171159606341,63.41423655458418,59.31267060345468,46.50516847750338,45.707499999999996,44.90983152249661,0.285703621723421,0.3712671558458022,-0.08556353412238121
2020-07-07,1503,114776,5278268,46.8,46.8,45.75,45.85,-0.45,96,45.73000000000002,45.67,45.6925,65.50017674089797,61.41405121145044,52.86567569782045,54.31667765421503,46.46727416064458,45.6925,44.91772583935543,0.27616389409885755,0.3522465034964133,-0.07608260939755573
2020-07-08,1503,229441,10580636,45.8,46.5,45.8,46.2,0.35,149,45.89000000000002,45.690000000000005,45.722500000000004,73.47119123365161,68.36058864021149,59.0471602293278,57.32735435176004,46.52653669070595,45.722500000000004,44.918463309294054,0.2934628095599692,0.34048976470912445,-0.04702695514915528
2020-07-09,1503,192398,8913932,46.6,46.7,46.2,46.35,0.15,135,46.030000000000015,45.77,45.75750000000001,71.0144927536234,69.99528690939103,61.56730965731614,58.587007431984425,46.60560081947921,45.75750000000001,44.90939918052081,0.31563759734790153,0.3355193312368799,-0.019881733888978348
2020-07-10,1503,92932,4265694,46.5,46.5,45.8,45.85,-0.5,77,46.11000000000002,45.78500000000001,45.74250000000001,62.94352823588226,69.14307074105245,49.678546269677184,52.9736264727118,46.572725872880774,45.74250000000001,44.91227412711924,0.28952795704103806,0.32632105639771153,-0.036793099356673464
2020-07-13,1503,958961,45066003,46.05,47.75,46.05,47.3,1.45,488,46.310000000000024,45.99500000000001,45.86,65.38918040979519,66.44906713310031,69.56353932568419,63.80444200996269,46.85679486355188,45.86,44.863205136448116,0.38144173791695835,0.3373451927015609,0.044096545215397465
2020-07-14,1503,289170,13531662,47.2,47.25,46.6,46.7,-0.6,162,46.48000000000003,46.105000000000004,45.947500000000005,57.32758620689662,61.88676495085806,58.41912283388767,57.8655219872182,46.91624919354849,45.947500000000005,44.97875080645152,0.40124379714548297,0.3501249135903453,0.05111888355513766
2020-07-15,1503,860281,41681461,47.4,50.4,46.9,49.9,3.2,554,47.220000000000034,46.55500000000001,46.17,75.8663366336634,66.19436775011843,79.17655821387626,72.54391658846141,48.12330489171638,46.17,44.21669510828362,0.6674563073997888,0.413591192352234,0.25386511504755477
2020-07-16,1503,2659549,141354792,54.0,54.5,51.0,52.3,2.4,1653,48.41000000000004,47.22000000000001,46.4875,73.96818848551528,69.05403710869179,85.50712553263796,78.57296711653773,49.79172078560205,46.4875,43.18327921439794,1.0598740142098535,0.542847756723758,0.5170262574860955
2020-07-17,1503,1009237,50571120,51.5,51.9,49.0,49.25,-3.05,738,49.09000000000004,47.60000000000001,46.6425,68.5515218188486,72.79534897934245,58.940376579479924,60.416248162694444,50.15323710209165,46.6425,43.131762897908345,1.1119406048535296,0.6566663263497123,0.4552742785038173
2020-07-20,1503,597564,29990864,50.0,51.0,49.25,50.7,1.45,387,49.77000000000004,48.040000000000006,46.875,57.29246487867184,66.60405839434526,64.9759367717718,64.6039164705488,50.79054593894694,46.875,42.95945406105306,1.2557313456159136,0.7764793302029526,0.47925201541296103
2020-07-21,1503,519811,26410050,51.2,51.2,50.2,50.2,-0.5,332,50.47000000000004,48.47500000000001,47.072500000000005,48.965517241379395,58.26983464629996,61.34806219253151,62.16180424988663,51.23284553853423,47.072500000000005,42.91215446146578,1.3141915402802766,0.8840217722184174,0.43016976806185925
2020-07-22,1503,353621,17753239,50.4,50.8,49.8,49.9,-0.3,226,50.47000000000004,48.845000000000006,47.2675,51.34099616858246,52.53299276287792,59.04052880454681,60.67967542784791,51.57159978973578,47.2675,42.96340021026422,1.3210855213958865,0.9714345220539112,0.3496509993419753
2020-07-23,1503,323701,16004106,50.0,50.3,49.0,49.4,-0.5,226,49.890000000000036,49.15,47.46,45.78203994649624,48.69618445215272,55.016719637013345,58.18944250370629,51.78395652152109,47.46,43.13604347847891,1.2715456431087375,1.0314567462648765,0.24008889684386103
2020-07-24,1503,406112,19791605,49.3,49.3,48.3,48.5,-0.9,306,49.74000000000004,49.415,47.6,36.940680035734296,44.68790538360435,48.128475417289685,53.901446881586246,51.86790346657511,47.6,43.332096533424895,1.1464469277201275,1.0544547825559267,0.09199214516420073
2020-07-27,1503,436708,20277754,47.05,47.05,45.8,46.25,0.0,306,48.85000000000004,49.309999999999995,47.652499999999996,22.95600570623239,35.226241896154335,35.25444513327392,44.977960114452586,51.825805045165694,47.652499999999996,43.4791949548343,0.8558830119288174,1.0147404284305048,-0.1588574165016874
2020-07-28,1503,455320,20581625,46.25,46.25,44.5,45.1,-1.15,234,47.830000000000034,49.15,47.6275,11.741015568165333,23.879233770044035,30.404735244581254,41.22166507484066,51.85532154306517,47.6275,43.39967845693482,0.526741676058947,0.9171406779561933,-0.3903990018972463
2020-07-29,1503,238825,10870167,44.9,45.85,44.9,45.5,0.4,164,46.95000000000003,48.71,47.6325,8.228642435539042,14.30855456997895,34.08432595752403,43.004644147047514,51.84999629519745,47.6325,43.41500370480255,0.2947734878297439,0.7926672399309034,-0.4978937521011595
2020-07-30,1503,177530,8132636,45.95,46.15,45.6,45.75,0.25,128,46.220000000000034,48.055,47.6375,12.72340997714136,10.897689326948607,36.53117451967231,44.145039441521504,51.84581023095996,47.6375,43.42918976904004,0.12961580773188075,0.6600569534910988,-0.5304411457592181
2020-07-31,1503,90503,4125335,45.95,45.95,45.45,45.55,-0.2,82,45.63000000000003,47.685,47.6425,15.947290574156264,12.29978099561225,35.307891482508694,43.39695626531966,51.84062755880568,47.6425,43.44437244119432,-0.01721275425626345,0.5246030119416264,-0.5418157661978898
2020-08-03,1503,265981,12029941,45.5,45.5,45.1,45.1,-0.45,169,45.40000000000003,47.12500000000001,47.582499999999996,14.617389244254943,14.429363265184216,32.45506649928305,41.68529410372891,51.88857419815372,47.582499999999996,43.27642580184627,-0.16795065605032278,0.38609227834323656,-0.5540429343935593
2020-08-04,1503,93297,4249111,45.15,45.75,45.15,45.5,0.4,86,45.48000000000003,46.65500000000001,47.565,14.14561020839974,14.90343000893701,37.67716227666434,43.806943395452414,51.9018306399955,47.565,43.22816936000449,-0.252227352258771,0.258428352222835,-0.510655704481606
2020-08-05,1503,144093,6585064,45.5,45.9,45.5,45.9,0.4,112,45.56000000000003,46.25500000000001,47.55,18.643951833607048,15.802317095420605,42.833490122824195,45.92565318163003,51.907636974324866,47.55,43.19236302567513,-0.283472885159874,0.1500481047462932,-0.4335209899061672
2020-08-06,1503,183843,8439739,45.95,46.05,45.7,45.85,-0.05,115,45.58000000000003,45.90000000000001,47.52499999999999,33.11640748253331,21.96865650818006,42.32283829517514,45.693732144522286,51.91550111035236,47.52499999999999,43.134498889647624,-0.3087111472885482,0.05829625433932492,-0.36700740162787315
2020-08-07,1503,145194,6618455,45.85,45.9,45.4,45.4,-0.45,110,45.550000000000026,45.59000000000001,47.50249999999999,44.512138188608816,32.09083250158309,37.61432308587664,43.56159204091405,51.931548994988006,47.50249999999999,43.073451005011975,-0.360864074628239,-0.025535811454187873,-0.3353282631740511
2020-08-10,1503,240826,11118095,45.65,46.8,45.6,46.55,1.15,186,45.84000000000003,45.62000000000001,47.46499999999999,63.737284387439225,47.12194335286048,53.153243329483956,49.98452665174401,51.91293210379883,47.46499999999999,43.01706789620115,-0.3058743273914928,-0.08160351464164886,-0.22427081274984392
2020-08-11,1503,210203,9781913,47.15,47.15,46.2,46.35,-0.2,137,46.01000000000003,45.74500000000001,47.44749999999999,66.41542881594232,58.22161713066348,50.596229680878245,48.94136488376438,51.91006372503555,47.44749999999999,42.98493627496443,-0.27525986072576103,-0.1203347838584713,-0.15492507686728973
2020-08-12,1503,111237,5147647,46.55,46.55,46.2,46.2,-0.15,75,46.07000000000003,45.81500000000001,47.262499999999996,67.15875053487387,65.77048791275183,48.552502374051734,48.130070402602364,51.60828819088111,47.262499999999996,42.91671180911888,-0.2601031149252506,-0.14828845007182717,-0.11181466485342345
2020-08-13,1503,125899,5859220,46.4,46.75,46.4,46.45,0.25,87,46.19000000000003,45.885000000000005,46.97,60.16260162601642,64.57892699227757,52.29901882423157,49.62878287890426,50.657872015133,46.97,43.282127984866996,-0.22532101362940438,-0.1636949627833426,-0.061626050846061764
2020-08-14,1503,275777,12931188,46.3,47.2,46.3,47.15,0.7,195,46.540000000000035,46.045,46.864999999999995,72.35772357723583,66.55969191270874,61.46576064434059,53.66568419721597,50.403799231377825,46.864999999999995,43.326200768622165,-0.13966186288617166,-0.15888834280390843,0.019226479917736766
2020-08-17,1503,807971,39129171,47.0,49.5,47.0,49.45,2.3,518,47.120000000000026,46.480000000000004,46.802499999999995,87.39837398373987,73.30623306233075,77.81123229225085,63.90236051182099,50.10438961051131,46.802499999999995,43.50061038948868,0.11251737901107361,-0.10460719844091201,0.21712457745198563
2020-08-18,1503,455600,22518324,49.9,49.95,48.75,49.65,0.2,359,47.78000000000003,46.894999999999996,46.77499999999999,96.5826856070758,85.44626105601719,78.72668272145059,64.63405259559187,49.970700236255176,46.77499999999999,43.57929976374481,0.32476587475380825,-0.018732583801967947,0.3434984585557762
2020-08-19,1503,402086,19937800,49.7,50.0,48.65,49.7,0.05,277,48.48000000000003,47.275,46.765,95.22178069367892,93.06761342816488,78.9796293049748,64.82600604894628,49.922546515888634,46.765,43.60745348411137,0.4913449996262713,0.08328293288367991,0.4080620667425914
2020-08-20,1503,492512,23592118,49.7,49.7,46.05,47.4,-2.3,343,48.67000000000003,47.42999999999999,46.665,75.93131506174983,89.2452604541682,48.21375858450119,51.089287650776974,49.60134126082111,46.665,43.72865873917889,0.4327805533055411,0.15318245696805216,0.27959809633748894
2020-08-21,1503,286718,13796783,48.15,48.7,47.7,48.15,0.75,219,48.87000000000003,47.705,46.647499999999994,62.51730291356049,77.8901328896631,54.89770524731299,54.47682712450636,49.54378641539498,46.647499999999994,43.751213584605004,0.4417938155521952,0.21090472868488078,0.23088908686731444
2020-08-24,1503,180485,8739891,48.5,48.7,48.0,48.55,0.4,129,48.69000000000003,47.904999999999994,46.762499999999996,52.4549290372075,63.634515670839285,58.25056011524165,56.2184530867581,49.76714224159908,46.762499999999996,43.75785775840091,0.47572963280467917,0.2638697095088405,0.2118599232958387
2020-08-25,1503,134106,6571069,48.5,49.45,48.5,48.8,0.25,116,48.520000000000024,48.14999999999999,46.94749999999999,62.025316455696185,58.999182802154735,60.39724511135073,57.31755103363761,49.97544897579269,46.94749999999999,43.919551024207294,0.5168391234406187,0.3144635922951961,0.20237553114542256
2020-08-26,1503,65234,3183656,49.35,49.35,48.5,48.75,-0.05,64,48.33000000000003,48.404999999999994,47.10999999999999,67.0886075949367,60.52295102928014,59.68121365969896,57.009299194986276,50.15854063446832,47.10999999999999,44.06145936553167,0.5391689052956607,0.35940465489528906,0.1797642504003717
2020-08-27,1503,103645,5017010,48.75,48.75,48.2,48.2,-0.55,88,48.49000000000003,48.58,47.232499999999995,64.13502109704645,64.41631504922645,51.800140140150354,53.59486609310685,50.2493319475902,47.232499999999995,44.21566805240979,0.5066447297656183,0.3888526698693549,0.11779205989626335
2020-08-28,1503,85957,4143335,48.0,48.4,48.0,48.1,-0.1,65,48.48000000000003,48.675,47.36,58.2278481012659,63.15049226441636,50.38869202532852,52.97363289319914,50.29608582980815,47.36,44.42391417019185,0.46741188876897155,0.40456451364927826,0.0628473751196933
2020-08-31,1503,148162,7241353,48.7,49.25,48.4,49.05,0.95,121,48.58000000000003,48.635000000000005,47.55749999999999,60.75949367088614,61.040787623066166,61.896024630358724,57.9591606023911,50.3884494873634,47.55749999999999,44.72655051263658,0.5071307525035706,0.42507776142013676,0.08205299108343389
2020-09-01,1503,186376,9161140,49.4,49.4,48.85,49.15,0.1,168,48.65000000000003,48.585,47.739999999999995,70.92653603837927,63.30462593684377,62.9513575185763,58.45840585190582,50.48619737091169,47.739999999999995,44.9938026290883,0.5404474605292151,0.4481517012419524,0.09229575928726269
2020-09-02,1503,289465,14229431,48.95,49.45,48.9,48.9,-0.25,214,48.68000000000003,48.505,47.88999999999999,76.4841008364503,69.39004351523857,58.24620588403481,56.64728935022203,50.54397814610495,47.88999999999999,45.23602185389504,0.5404483290902888,0.4666110268116197,0.07383730227866914
2020-09-03,1503,307500,15099650,48.85,49.35,48.85,49.1,0.2,204,48.86000000000003,48.675000000000004,48.052499999999995,76.45500146208684,74.62187944563881,60.96900103016662,57.77435795316409,50.58202070558866,48.052499999999995,45.52297929441133,0.5502444702240012,0.483337715494096,0.06690675472990526
2020-09-04,1503,249546,12132483,48.7,48.85,48.4,48.65,-0.45,197,48.970000000000034,48.72500000000001,48.21499999999999,63.08702791461397,72.00871007105037,52.057836800764456,54.3505808306439,50.441454580719096,48.21499999999999,45.98854541928088,0.5157514814230737,0.48982046867989154,0.025931012743182158
2020-09-07,1503,434946,21444604,48.6,49.5,48.6,49.3,0.65,298,49.02000000000004,48.800000000000004,48.35249999999999,69.11877394636002,69.55360110768694,61.53255570969232,58.20354794087722,50.48849508426457,48.35249999999999,46.21650491573541,0.5347014020898939,0.498796655361892,0.035904746728001924
2020-09-08,1503,182686,9012847,49.45,49.5,49.0,49.4,0.1,156,49.070000000000036,48.86,48.50499999999999,74.94252873563204,69.049443532202,62.85031848817153,58.77996880033051,50.4765222545041,48.50499999999999,46.53347774549588,0.5514319507366565,0.5093237144368449,0.04210823629981164
2020-09-09,1503,179225,8823307,49.05,49.4,48.9,49.25,-0.15,159,49.140000000000036,48.910000000000004,48.657499999999985,87.7777777777777,77.27969348658992,59.29560612770557,57.49900590633889,50.34340480158468,48.657499999999985,46.97159519841529,0.5462899936851286,0.5167169702865017,0.029573023398626996
2020-09-10,1503,331351,16383315,49.75,49.75,49.3,49.45,0.2,226,49.210000000000036,49.035000000000004,48.80749999999999,84.81481481481488,82.51170710940822,62.587175443599094,58.78858546316403,50.187092331090014,48.80749999999999,47.42790766890997,0.5519902838164441,0.5237716329924902,0.028218650823953917
2020-09-11,1503,1001208,50501022,49.6,51.2,49.45,50.2,0.75,678,49.52000000000004,49.245,48.959999999999994,75.13227513227524,82.57495590828928,72.36428490145327,63.28723440801877,50.24397819296211,48.959999999999994,47.67602180703788,0.6099948953573104,0.5410162854654542,0.06897860989185622
2020-09-14,1503,388641,19418916,50.5,50.8,49.45,49.95,-0.25,301,49.650000000000034,49.334999999999994,48.98499999999999,65.80687830687843,75.25132275132286,65.68846477140711,60.900792032964446,50.32444018157012,48.98499999999999,47.64555981842987,0.6285455751074736,0.5585221433938581,0.07002343171361547
2020-09-15,1503,347994,17441598,50.3,50.4,49.75,50.1,0.15,243,49.790000000000035,49.43,49.00749999999999,60.11904761904767,67.0194003527338,67.7697971067474,61.83079405561684,50.40473834760039,49.00749999999999,47.61026165239959,0.6478824828877237,0.5763942112926312,0.07148827159509241
2020-09-16,1503,611566,30813762,50.1,50.8,49.9,50.6,0.5,437,50.06000000000003,49.60000000000001,49.052499999999995,64.88095238095241,63.60229276895952,73.92166127561796,64.83347263860738,50.587255680883416,49.052499999999995,47.517744319116574,0.6955352455886228,0.6002224181518295,0.09531282743679326
2020-09-17,1503,2333109,121482125,50.9,53.0,50.9,51.9,1.3,1347,50.550000000000026,49.88,49.27749999999999,71.42857142857143,65.47619047619052,83.48406395855008,71.18133631271344,51.07429575912432,49.27749999999999,47.48070424087566,0.828647407299151,0.6459074159812939,0.18273999131785712
2020-09-18,1503,1063698,56135848,53.3,53.9,52.0,52.0,0.1,713,50.910000000000025,50.215,49.46999999999999,71.85714285714286,69.38888888888891,84.01024166513746,71.6059237904744,51.54566856699361,49.46999999999999,47.39433143300637,0.931471495165809,0.7030202318181968,0.22845126334761212
2020-09-21,1503,638457,33062607,52.1,52.6,50.9,51.1,-0.9,462,51.14000000000003,50.395,49.5975,60.333333333333364,67.8730158730159,62.95178281840108,62.65845454349689,51.74353704534752,49.5975,47.45146295465247,0.9296217463984817,0.7483405347342538,0.18128121166422795
2020-09-22,1503,439559,21908858,51.0,51.0,49.5,49.5,-1.6,310,51.020000000000024,50.40500000000001,49.6325,36.782608695652236,56.324361628709504,41.41841076812713,50.56245927778744,51.747984578057874,49.6325,47.517015421942126,0.7899432053824995,0.7566610688639029,0.03328213651859657
2020-09-23,1503,420521,20490132,50.2,50.2,48.3,48.45,-1.05,297,50.59000000000003,50.325,49.6175,17.00879917184274,38.041580400276125,32.822501966426636,44.49229140208236,51.76185887854671,49.6175,47.47314112145329,0.587745565493826,0.7228779681898876,-0.13513240269606164
2020-09-24,1503,597399,28452889,47.95,48.15,47.35,47.35,-1.1,309,49.68000000000003,50.11500000000001,49.575,2.3421325051760533,18.71118012422369,26.181384612444763,39.18491928137334,51.85918475610023,49.575,47.29081524389978,0.3348813682534839,0.6452786482026068,-0.3103972799491229
2020-09-25,1503,401963,18943961,47.5,47.9,46.75,46.85,-0.5,229,48.65000000000003,49.780000000000015,49.5125,1.3590576090576656,6.9033297620255,23.644378659353173,37.02305220409379,52.01287497187957,49.5125,47.01212502812044,0.09306604143266384,0.5348361268486183,-0.4417700854159544
2020-09-28,1503,112923,5384917,46.8,48.0,46.8,47.8,0.95,104,47.99000000000003,49.56500000000001,49.45,5.361305361305372,3.020831825179711,37.145392563879135,43.41125081728672,52.05384331325843,49.45,46.84615668674157,-0.02166751709000181,0.42353539806089424,-0.44520291515089605
2020-09-29,1503,193066,9150171,47.9,47.9,47.0,47.4,-0.4,131,47.570000000000036,49.29500000000001,49.3625,8.391608391608395,5.0373237873238255,34.17686700164991,41.50231976237399,52.114204017514105,49.3625,46.61079598248589,-0.14322039038166423,0.31018424037238257,-0.4534046307540468
2020-09-30,1503,111875,5309911,47.45,47.7,47.2,47.5,0.1,89,47.38000000000003,48.98500000000001,49.292500000000004,11.42191142191142,8.39160839160841,35.67618728942311,42.18676687103242,52.1566359953745,49.292500000000004,46.42836400462551,-0.22884477383944102,0.20237843753001783,-0.43122321136945885
2020-10-05,1503,157617,7489055,47.6,47.75,47.15,47.7,0.2,118,47.45000000000003,48.56500000000001,49.222500000000004,11.939911939911966,10.584477251143941,38.92238326971248,43.60789818722486,52.16927365944547,49.222500000000004,46.275726340554534,-0.277367071148646,0.10642933579428505,-0.38379640694293105
2020-10-06,1503,170656,8244746,47.8,48.9,47.7,48.9,1.2,143,47.860000000000035,48.25500000000001,49.235,25.772354007648147,16.37805912315719,54.866487656580986,51.33719561167762,52.17406447700689,49.235,46.29593552299311,-0.21649574201884292,0.04184432023165946,-0.2583400622505024
2020-10-07,1503,276500,13363749,48.85,48.85,48.05,48.55,-0.35,193,48.01000000000003,48.00000000000001,49.197500000000005,39.66715485897069,25.793140268843615,50.39039188276756,49.21825197531968,52.15139150105435,49.197500000000005,46.24360849894566,-0.1942575697146438,-0.005376057757601194,-0.1888815119570426
2020-10-08,1503,195921,9476292,48.65,48.7,48.15,48.7,0.15,131,48.27000000000004,47.92,49.16250000000001,64.48660758540022,43.30870548400637,52.334697664442146,50.16756034828761,52.12254645233824,49.16250000000001,46.202453547661776,-0.16265492680150118,-0.036831831566381194,-0.12582309523511997
2020-10-12,1503,275035,13447405,48.6,49.7,48.4,49.05,0.35,234,48.58000000000004,47.980000000000004,49.1525,73.6125630523327,59.255441832234546,56.92983868959265,52.40338234973402,52.112647800364265,49.1525,46.19235219963574,-0.10812117606555205,-0.05108970046621537,-0.05703147559933668
2020-10-13,1503,216591,10520058,49.05,49.05,48.35,48.6,-0.45,155,48.76000000000004,48.105000000000004,49.11,76.91091387692046,71.67002817155114,49.73747723581955,49.33832483204282,52.076243415500805,49.11,46.143756584499194,-0.1000605887246735,-0.06088387811790699,-0.0391767106067665
2020-10-14,1503,200662,9845138,48.85,49.25,48.7,49.2,0.6,182,48.820000000000036,48.34,49.06,73.83884956454602,74.78744216459974,57.99290730601039,53.26349893846546,51.984482860268244,49.06,46.13551713973176,-0.044741774269859036,-0.0576554573482974,0.012913683078438362
2020-10-15,1503,321754,15830146,49.3,49.9,48.9,49.0,-0.2,211,48.91000000000004,48.46,49.0125,70.27439142381677,73.67471828842777,54.51109119277192,51.8221851882324,51.90833752997329,49.0125,46.11666247002672,-0.016845360958875233,-0.04949343807041297,0.032648077111537735
2020-10-16,1503,171486,8388814,49.1,49.2,48.6,48.9,-0.1,136,48.95000000000004,48.61,48.9525,70.79685746352418,71.63669948396235,52.66657357397753,51.07793854170283,51.805125983195374,48.9525,46.09987401680463,-0.0027744347356346566,-0.040149637403457304,0.03737520266782265
2020-10-19,1503,350565,17360169,49.15,49.9,49.1,49.85,0.95,265,49.11000000000004,48.845000000000006,48.915,76.21212121212129,72.42779003315411,65.57649102668317,57.34519433948477,51.69890014188748,48.915,46.13109985811252,0.08406488848468996,-0.01530673222582785,0.0993716207105178
2020-10-20,1503,144023,7160293,49.7,49.95,49.45,49.95,0.1,101,49.38000000000004,49.07000000000001,48.8175,87.12121212121218,78.04339693228592,66.69213469652549,57.95577092185717,51.29626481336987,48.8175,46.33873518663013,0.15912059883126517,0.019578733985590752,0.1395418648456744
2020-10-21,1503,188228,9405899,49.95,50.1,49.8,50.1,0.15,166,49.560000000000045,49.19000000000001,48.722500000000004,99.2424242424243,87.52525252525261,68.47984350927338,58.905996190962405,50.82285116111588,48.722500000000004,46.62214883888413,0.22807740210757288,0.061278467609987175,0.1667989344975857
2020-10-22,1503,143902,7209050,50.1,50.5,49.65,50.2,0.1,124,49.80000000000005,49.355000000000004,48.6775,95.3488372093024,93.90415785764633,69.74292802267217,59.56214406594743,50.603499740394966,48.6775,46.75150025960504,0.28748142288408474,0.10651905866480668,0.18096236421927805
2020-10-23,1503,75204,3772700,49.9,50.4,49.9,50.3,0.1,81,50.08000000000004,49.51500000000001,48.7175,92.24806201550389,95.61310782241021,71.09429826693116,60.2457278620824,50.74093149130369,48.7175,46.69406850869631,0.33872410100945416,0.15296006713373617,0.185764033875718
2020-10-26,1503,139975,7013226,50.4,50.4,50.0,50.0,-0.3,115,50.11000000000004,49.61000000000001,48.795,83.4761321909425,90.35767713858296,61.483220222939394,57.12581825939582,50.8890152817023,48.795,46.700984718297704,0.3510797707542892,0.19258400785784677,0.15849576289644243
2020-10-27,1503,125488,6277013,50.0,50.2,49.7,50.1,0.1,106,50.140000000000036,49.760000000000005,48.9325,81.10975112199101,85.61131510947915,63.40702326189002,57.908302543920954,50.98974937720344,48.9325,46.87525062279656,0.3647364376967701,0.22701449382563144,0.13772194387113867
2020-10-28,1503,122962,6179042,50.1,50.5,50.0,50.3,0.2,107,50.18000000000004,49.87000000000001,49.105,80.70175438596489,81.76254589963281,67.22655021915823,59.500313738527666,51.007603479446864,49.105,47.20239652055313,0.3872339808830887,0.2590583912371229,0.12817558964596582
2020-10-29,1503,71108,3546098,49.55,50.1,49.5,50.1,-0.2,68,50.16000000000004,49.98000000000001,49.22,79.9498746867168,80.58712673155757,59.928721858782296,57.17160720460646,51.07051344226501,49.22,47.36948655773499,0.38449292234378873,0.28414529745845607,0.10034762488533266
2020-10-30,1503,154218,7655107,49.8,50.1,49.3,49.3,-0.8,128,49.96000000000005,50.02000000000002,49.315,53.63408521303257,71.42857142857143,39.7776324286064,48.92344469947509,50.966393351083774,49.315,47.66360664891622,0.3141460198147712,0.2901454419297191,0.02400057788505211
2020-11-02,1503,141233,7013626,49.3,50.2,49.1,49.8,0.5,126,49.92000000000005,50.015000000000015,49.42999999999999,40.47619047619043,58.020050125313276,51.63572867543208,53.44424081738672,50.866105845683435,49.42999999999999,47.99389415431655,0.2953369535049717,0.2911837442447696,0.004153209260202073
2020-11-03,1503,126941,6374718,49.95,50.5,49.8,49.8,0.0,132,49.86000000000005,50.000000000000014,49.53499999999999,33.33333333333318,42.48120300751874,51.63572867543207,53.44424081738672,50.73795469574156,49.53499999999999,48.33204530425842,0.27723484225365524,0.28839396384654675,-0.011159121592891508
2020-11-04,1503,97245,4852095,50.1,50.1,49.55,50.1,0.3,105,49.82000000000004,50.000000000000014,49.59499999999999,57.14285714285702,43.65079365079356,58.33560857876988,56.14527646568259,50.7849159634223,49.59499999999999,48.40508403657768,0.2838245289683954,0.2874800768709165,-0.0036555479025210946
2020-11-05,1503,75917,3801672,50.0,50.3,49.85,49.9,-0.2,83,49.780000000000044,49.97000000000001,49.662499999999994,59.52380952380943,49.99999999999989,52.66157686535148,53.9001525226011,50.75697475987668,49.662499999999994,48.56802524012331,0.2697985054090779,0.28394376257854875,-0.014145257169470848
2020-11-06,1503,82835,4156412,50.0,50.3,50.0,50.2,0.3,83,49.96000000000005,49.960000000000015,49.7375,69.04761904761911,61.90476190476187,59.54721914102515,56.697316035715716,50.76115765761989,49.7375,48.713842342380104,0.27966645270124957,0.2830883006030889,-0.003421847901839359
2020-11-09,1503,170989,8674717,50.6,51.1,50.4,50.5,0.3,165,50.100000000000044,50.01000000000001,49.809999999999995,68.57142857142857,65.71428571428572,65.4160553162305,59.35331660692966,50.834011718685645,49.809999999999995,48.785988281314346,0.3081422922868384,0.2880990989398388,0.02004319334699961
2020-11-10,1503,164930,8368135,51.1,51.1,50.5,50.5,0.0,146,50.240000000000045,50.05000000000001,49.904999999999994,72.85714285714289,70.15873015873021,65.4160553162305,59.35331660692966,50.80771811769049,49.904999999999994,49.0022818823095,0.3269408299417975,0.29586744514023056,0.03107338480156696
2020-11-11,1503,278842,14260217,50.4,51.6,50.3,51.3,0.8,251,50.48000000000004,50.15000000000001,50.00999999999999,75.99999999999991,72.47619047619047,77.34550306031966,65.83431081558757,51.039854358639104,50.00999999999999,48.98014564136088,0.4017608713530336,0.31704613038279117,0.08471474097024245
2020-11-12,1503,146674,7503216,51.3,51.4,50.9,51.3,0.0,120,50.76000000000003,50.27000000000001,50.124999999999986,81.99999999999989,76.9523809523809,77.34550306031967,65.83431081558759,51.19106754007876,50.124999999999986,49.05893245992121,0.4558020904489837,0.34479732239602967,0.111004768052954
2020-11-13,1503,159845,8193042,51.3,51.5,51.0,51.2,-0.1,127,50.960000000000036,50.46000000000001,50.239999999999995,85.49593495934954,81.16531165311646,73.05788120174175,64.34692479696824,51.24727354775537,50.239999999999995,49.23272645224462,0.4849705431258755,0.37283196654199885,0.11213857658387666
2020-11-16,1503,191403,9820600,51.3,51.6,51.1,51.4,0.2,120,51.140000000000036,50.620000000000005,50.31749999999999,86.24390243902435,84.57994579945795,76.14364249758758,66.00135223628101,51.4262267472243,50.31749999999999,49.20877325277568,0.5182510055579073,0.40191577434518055,0.11633523121272671
2020-11-17,1503,209799,10771242,51.7,51.8,51.0,51.5,0.1,138,51.34000000000003,50.790000000000006,50.39499999999999,85.11569731081933,85.61851156973108,77.63768881469973,66.83015065887318,51.60243529847786,50.39499999999999,49.18756470152212,0.5463966555481505,0.43081195058577454,0.115584704962376
2020-11-18,1503,186060,9545173,51.5,51.6,51.0,51.6,0.1,138,51.400000000000034,50.940000000000005,50.469999999999985,87.91605864776606,86.42521946586993,79.16032993949607,67.67866891946608,51.77705776460354,50.469999999999985,49.16294223539643,0.5701985561895384,0.4586892717065273,0.11150928448301112
2020-11-19,1503,96363,4937731,50.8,51.4,50.7,51.3,-0.3,83,51.400000000000034,51.080000000000005,50.524999999999984,80.0569800569802,84.36291200518855,63.92591256913893,62.51225939666235,51.87388843126868,50.524999999999984,49.17611156873129,0.5584171557668114,0.4786348485185841,0.07978230724822727
2020-11-20,1503,124916,6395025,51.3,51.3,50.9,51.2,-0.1,92,51.400000000000034,51.18000000000001,50.569999999999986,71.85185185185208,79.9416301855328,59.47472179617838,60.8449171574908,51.945645303125595,50.569999999999986,49.19435469687438,0.5348457775921176,0.48987703433329083,0.04496874325882677
2020-11-23,1503,177216,9074088,51.3,51.4,50.8,51.2,0.0,144,51.360000000000035,51.250000000000014,50.62999999999999,62.22222222222249,71.37701804368494,59.47472179617838,60.844917157490784,52.0056453031256,50.62999999999999,49.25435469687438,0.5102830650325458,0.49395824047314185,0.016324824559403983
2020-11-24,1503,73218,3729081,51.0,51.1,50.7,50.8,-0.4,62,51.22000000000004,51.28000000000001,50.664999999999985,43.030303030303145,59.03479236812592,43.125775699897154,54.145304218868915,52.02039662092375,50.664999999999985,49.30960337907622,0.45331475103250796,0.4858295425850151,-0.03251479155250714
2020-11-25,1503,170648,8689951,50.9,51.3,50.4,50.6,-0.2,150,51.02000000000004,51.21,50.67999999999999,27.79220779220785,44.34824434824451,37.16611774145893,51.1147218120758,52.02551105532782,50.67999999999999,49.33448894467217,0.3875610605648774,0.46617584618098756,-0.07861478561611018
2020-11-26,1503,87529,4436545,50.6,50.9,50.5,50.9,0.3,86,50.94000000000004,51.17,50.719999999999985,19.696969696969642,30.17316017316023,49.40246568130293,55.16819638588768,52.04151428293866,50.719999999999985,49.39848571706131,0.355559610078096,0.4440525989604093,-0.08849298888231327
2020-11-27,1503,84474,4278971,50.5,50.8,50.5,50.8,-0.1,91,50.860000000000035,51.13,50.79499999999999,26.190476190476264,24.559884559884605,45.92448062192249,53.573554195378804,51.94473910084493,50.79499999999999,49.64526089915505,0.3184580792399814,0.4189336950163237,-0.10047561577634234
2020-11-30,1503,114152,5762197,50.6,50.8,50.3,50.3,-0.5,101,50.68000000000004,51.02,50.819999999999986,21.42857142857143,22.438672438672466,32.55502085242898,46.358227862129816,51.901850266908475,50.819999999999986,49.7381497330915,0.2458747365122349,0.384321903315506,-0.13844716680327107
2020-12-01,1503,160437,8004003,50.2,50.2,49.6,49.85,-0.45,137,50.49000000000004,50.855000000000004,50.82249999999999,14.153439153439152,20.5908289241623,24.933493166988782,41.00550371480408,51.89510197650827,50.82249999999999,49.74989802349171,0.15030801800460125,0.33751912625332503,-0.18721110824872378
2020-12-02,1503,212923,10531775,49.85,49.95,49.35,49.4,-0.45,205,50.25000000000004,50.635000000000005,50.78749999999999,5.442637759710908,13.674882780573848,19.584390791160573,36.47052980858885,51.98994542496128,50.78749999999999,49.5850545750387,0.037823460564098355,0.2775799931154797,-0.23975653255138135
2020-12-03,1503,122621,6074436,49.4,49.85,49.2,49.55,0.15,101,49.98000000000004,50.46,50.76999999999999,10.745668062741133,10.113914991963748,25.776844009987755,38.896374803327724,52.03229948903135,50.76999999999999,49.507700510968625,-0.038770690827341525,0.21430985632691546,-0.253080547154257
2020-12-04,1503,112720,5637102,49.55,50.2,49.5,50.2,0.65,111,49.860000000000035,50.36,50.76999999999999,21.989054306127414,12.725786709526503,46.575377964395614,48.13791879894483,52.03229948903135,50.76999999999999,49.507700510968625,-0.0464866705120599,0.1621505509591204,-0.2086372214711803
2020-12-07,1503,95531,4764468,50.2,50.2,49.7,49.7,-0.5,95,49.74000000000003,50.21,50.72999999999999,29.11255411255412,20.61575882714091,37.21635384757888,42.77820667730117,52.07216243428631,50.72999999999999,49.38783756571367,-0.09188823099995602,0.11134279456730511,-0.20323102556726114
2020-12-08,1503,104975,5201314,49.55,49.65,49.45,49.5,-0.2,95,49.67000000000003,50.08,50.67999999999999,29.69187675070032,26.931161723127303,34.025643996573955,40.820372989111824,52.12339876680243,50.67999999999999,49.236601233197554,-0.14236651080101126,0.06060093349364184,-0.2029674442946531
2020-12-09,1503,203701,10265418,49.55,50.9,49.55,50.7,1.2,203,49.93000000000003,50.089999999999996,50.64999999999999,43.23062558356683,34.011685482273776,58.76959801639463,54.32704292713956,52.06527382509748,50.64999999999999,49.234726174902505,-0.08456611451065754,0.03156752389278196,-0.1161336384034395
2020-12-10,1503,166306,8387709,50.8,50.8,50.0,50.7,0.0,119,50.160000000000025,50.07,50.62,64.70588235294129,45.8761282290695,58.76959801639463,54.32704292713956,52.00397976863952,50.62,49.23602023136048,-0.03831718733717793,0.017590581646789984,-0.05590776898396791
2020-12-11,1503,79914,3992843,50.1,50.4,49.7,50.2,-0.5,76,50.160000000000025,50.01,50.57,78.43137254901983,62.12262682850934,48.46160586726826,48.93052007574967,51.93872203167854,50.57,49.20127796832146,-0.041531649667504666,0.005766135383931052,-0.04729778505143572
2020-12-14,1503,99612,4978837,50.4,50.4,49.75,50.1,-0.1,73,50.24000000000002,49.989999999999995,50.505,66.66666666666681,69.93464052287601,46.55624985586474,47.9055793974002,51.83274244490471,50.505,49.177257555095295,-0.0515540158845198,-0.005697894869759119,-0.04585612101476068
2020-12-15,1503,138371,6929817,50.0,50.2,49.9,50.1,0.0,116,50.36000000000003,50.015,50.435,54.901960784313815,66.66666666666686,46.55624985586474,47.90557939740022,51.69122450222978,50.435,49.178775497770225,-0.05881878695613807,-0.01632207328703491,-0.04249671366910316
2020-12-16,1503,288126,14679502,50.2,51.8,50.0,51.6,1.5,285,50.54000000000003,50.235,50.435,65.79057154776812,62.453066332916286,70.35379863699494,61.81883349415107,51.69122450222978,50.435,49.178775497770225,0.055817860061317504,-0.001894086617364425,0.05771194667868193
2020-12-17,1503,152963,7839403,51.8,51.8,50.7,51.5,-0.1,129,50.700000000000024,50.43,50.44500000000001,77.2215269086359,65.97135308023933,67.99879255838911,60.655770986158196,51.73142916633656,50.44500000000001,49.158570833663454,0.1370195879517908,0.025888648296466622,0.1111309396553242
2020-12-18,1503,102649,5247791,51.3,51.4,50.9,50.9,-0.6,74,50.840000000000025,50.5,50.43,80.14184397163127,74.3846474760118,55.09024871597311,54.08123934704112,51.68753727578984,50.43,49.172462724210156,0.1512144506813442,0.05095380877344214,0.10026064190790207
2020-12-21,1503,280965,14121758,51.0,51.0,50.0,50.2,-0.7,183,50.86000000000003,50.55,50.38,59.275019700551724,72.212796860273,43.77848426058018,47.59904031068668,51.58971070921959,50.38,49.17028929078042,0.1047720844360498,0.06171746390596367,0.04305462053008612
2020-12-22,1503,88902,4441240,50.3,50.4,49.6,49.65,-0.55,94,50.770000000000024,50.565,50.322500000000005,30.954581273730252,56.79048164863778,36.8437357216094,43.21605350006136,51.55598084703394,50.322500000000005,49.08901915296607,0.023316987412684398,0.05403736860730782,-0.03072038119462342
2020-12-23,1503,69518,3464386,49.75,50.0,49.7,49.9,0.25,50,50.43000000000003,50.485,50.2875,14.932659932659952,35.05408696898067,41.73791764219095,45.665185314807324,51.52720762682239,50.2875,49.047792373177614,-0.02082380925704541,0.03906513303443717,-0.05988894229148258
2020-12-24,1503,70633,3522777,49.9,50.0,49.75,49.9,0.0,57,50.11000000000003,50.404999999999994,50.2375,9.84848484848475,18.578575351625013,41.73791764219095,45.665185314807324,51.45482288239527,50.2375,49.020177117604725,-0.05516974614350545,0.020218157198848643,-0.0753879033423541
2020-12-25,1503,64332,3213372,49.95,50.1,49.8,49.8,-0.1,78,49.89000000000003,50.364999999999995,50.1875,12.121212121212004,12.30078563411893,40.04825186023582,44.76941358745367,51.390361172373304,50.1875,48.984638827626696,-0.08942744887627185,-0.0017109640161754591,-0.0877164848600964
2020-12-28,1503,144456,7228921,50.2,50.2,49.8,49.95,0.15,111,49.84000000000003,50.349999999999994,50.17,12.878787878787827,11.616161616161554,44.01453206537154,46.46577955830634,51.375985074535485,50.17,48.96401492546452,-0.10328260117258736,-0.02202529144745784,-0.08125730972512953
2020-12-29,1503,130862,6541050,49.9,50.3,49.85,50.0,0.05,78,49.91000000000003,50.33999999999999,50.1775,14.393939393939368,13.131313131313092,45.41880055673828,47.04959105726106,51.37728123005941,50.1775,48.977718769940594,-0.10897216378454289,-0.03941466591487485,-0.06955749786966803
2020-12-30,1503,286726,14647925,50.3,51.9,50.0,51.6,1.6,237,50.25000000000003,50.33999999999999,50.28750000000001,40.34914361001324,22.540623627580175,71.81337563187877,61.513465195303056,51.581669617939944,50.28750000000001,48.99333038206007,0.015447377346085034,-0.028442257262682874,0.04388963460876791
2020-12-31,1503,110410,5629172,51.6,51.6,50.6,50.8,-0.8,103,50.43000000000003,50.269999999999996,50.35000000000001,52.43741765480896,35.72683355292055,56.01272146964528,53.62587411042045,51.61609636284171,50.35000000000001,49.08390363715831,0.04893337250715746,-0.012967131308714807,0.06190050381587227
2021-01-04,1503,117215,5973798,50.6,51.3,50.5,51.0,0.2,105,50.67000000000003,50.279999999999994,50.39,66.66666666666667,53.151075977162996,58.66531758644869,55.17338885206986,51.68483589693926,50.39,49.09516410306074,0.09056560948513237,0.00773941685005463,0.08282619263507773
2021-01-05,1503,98649,5034216,50.9,51.4,50.9,50.9,-0.1,86,50.86000000000003,50.349999999999994,50.45,55.86297760210798,58.32235397452791,56.67176556407725,54.19950081194615,51.72239930839435,50.45,49.177600691605655,0.11417416427430993,0.02902636633490569,0.08514779793940425
2021-01-06,1503,257771,12891400,50.7,50.8,49.4,49.4,-1.5,220,50.74000000000003,50.324999999999996,50.445,38.47167325428194,53.667105841018895,35.53799104909897,42.174066002132946,51.73298291914295,50.445,49.15701708085705,0.011711645499175916,0.025563422167759735,-0.01385177666858382
2021-01-07,1503,70434,3500903,49.9,49.95,49.5,49.95,0.55,77,50.41000000000004,50.33,50.4075,25.515151515151558,39.94993412384719,44.406534423533344,46.83218351428015,51.70722112393554,50.4075,49.10777887606446,-0.02482407884600235,0.015485921965007317,-0.04031000081100967
2021-01-08,1503,77138,3836055,49.7,49.9,49.65,49.65,-0.3,76,50.180000000000035,50.30499999999999,50.355,10.666666666666737,24.884497145366776,40.83173524185053,44.71627609280709,51.68762898062664,50.355,49.02237101937335,-0.07709766254839678,-0.003030794937673501,-0.07406686761072329
2021-01-11,1503,160121,7937280,49.45,49.85,49.45,49.6,-0.05,170,49.900000000000034,50.285,50.324999999999996,13.333333333333442,16.505050505050608,40.20244246493738,44.35657340996467,51.69667780473651,50.324999999999996,48.95332219526348,-0.12116274764231605,-0.026657185478602012,-0.09450556216371403
2021-01-12,1503,233705,11631098,50.1,50.3,49.45,49.45,-0.15,195,49.610000000000035,50.235,50.2925,6.666666666666775,10.222222222222348,38.14485222448163,43.23300527962459,51.713863781727326,50.2925,48.87113621827267,-0.16627171462310741,-0.05458009130750309,-0.11169162331560432
2021-01-13,1503,246795,12378402,49.5,50.8,49.25,50.3,0.85,246,49.790000000000035,50.265,50.302499999999995,18.22695035460999,12.742316784870098,53.78292862898504,50.83321511346617,51.72111728454329,50.302499999999995,48.8838827154567,-0.13191239570922164,-0.0700465521878468,-0.061865843521374836
2021-01-14,1503,78748,3940984,50.3,50.4,49.85,50.2,-0.1,90,49.84000000000003,50.12499999999999,50.232499999999995,30.288965858485977,18.394194293254277,51.979225133649244,49.985328097843116,51.520240268845086,50.232499999999995,48.9447597311549,-0.1114666342159012,-0.07833056859345769,-0.033136065622443506
2021-01-15,1503,143151,7132849,49.85,50.0,49.45,50.0,-0.2,123,49.91000000000003,50.044999999999995,50.15749999999999,41.250206168563444,29.9220407938865,48.206919555026005,48.25184732226162,51.308705889495144,50.15749999999999,49.00629411050484,-0.1101320161317787,-0.0846908581011219,-0.025441158030656802
2021-01-18,1503,124949,6208673,49.6,49.95,49.2,49.85,-0.15,109,49.96000000000003,49.92999999999999,50.105,39.89825581395359,37.14580928033437,45.32848523582928,46.9371106377408,51.2108480908354,50.105,48.999151909164596,-0.11979712143759258,-0.09171211076841604,-0.02808501066917654
2021-01-19,1503,90053,4487066,49.8,50.0,49.5,50.0,0.15,78,50.07000000000003,49.839999999999996,50.09499999999999,41.836240310077564,40.994900764198235,48.88896413127147,48.449766572441085,51.20084809083622,50.09499999999999,48.989151909163766,-0.11403847606251105,-0.09617738382723504,-0.017861092235276016
2021-01-20,1503,420830,20547951,49.65,49.65,48.35,48.35,-1.65,360,49.68000000000002,49.735,50.029999999999994,30.20833333333337,37.31427648578821,26.631312114500048,36.21880194211714,51.36244136831896,50.029999999999994,48.69755863168103,-0.23985106471664608,-0.12491212000511724,-0.11493894471152884
2021-01-21,1503,157493,7658099,48.8,49.0,48.4,48.4,0.05,129,49.32000000000002,49.58,49.955,17.346938775510186,29.797170806307076,27.79350345741816,36.73995972621588,51.46526487743217,49.955,48.44473512256783,-0.3317002317281066,-0.16626974234971512,-0.16543048937839147
2021-01-22,1503,127508,6176145,48.95,48.95,48.15,48.3,-0.1,109,48.98000000000002,49.44500000000001,49.87499999999999,2.5670645616736945,16.70744555683912,26.80284365282236,36.10455098735061,51.54906690428042,49.87499999999999,48.20093309571956,-0.4078589781703812,-0.21458758951384832,-0.19327138865653287
2021-01-25,1503,51318,2479919,48.3,48.75,48.05,48.75,0.45,79,48.76000000000002,49.36,49.8225,11.051913046522214,10.321972127902066,38.341013619048155,41.04569202670974,51.56705581739423,49.8225,48.07794418260577,-0.4269821102471454,-0.2570664936605077,-0.16991561658663767
2021-01-26,1503,173872,8365372,48.75,48.75,47.7,48.0,-0.75,147,48.36000000000002,49.215,49.724999999999994,14.075344641382388,9.231440749859468,29.346232239723946,36.04291987663114,51.63981069560539,49.724999999999994,47.8101893043946,-0.4969277879682963,-0.3050387525220654,-0.19188903544623087
2021-01-27,1503,79202,3804174,48.5,48.5,47.85,47.9,-0.1,100,48.270000000000024,48.975,49.61999999999999,15.08710291318984,13.404786867031516,28.312998879120286,35.42297707822847,51.687220355938685,49.61999999999999,47.552779644061296,-0.5540427458641375,-0.35483955119047983,-0.19920319467365766
2021-01-28,1503,95313,4551562,48.0,48.15,47.55,47.6,-0.3,101,48.11000000000002,48.715,49.419999999999995,7.282526537184917,12.148324697252415,25.20678362778956,33.558162060131856,51.4560255401165,49.419999999999995,47.38397445988349,-0.6164086787356453,-0.4071533766995129,-0.2092553020361324
2021-01-29,1503,309255,14600775,47.45,47.55,46.8,46.85,-0.75,209,47.82000000000002,48.400000000000006,49.2225,4.099656166814619,8.823095205729826,19.09623478458733,29.392265736735496,51.442742103917105,49.2225,47.00225789608289,-0.7180753363559447,-0.46933776863079923,-0.24873756772514544
2021-02-01,1503,58609,2775530,47.45,47.9,46.9,47.25,0.4,63,47.520000000000024,48.14,49.035,6.464263336913869,5.948815346971169,29.70007480373567,34.09158114330626,51.25650849649648,49.035,46.81349150350351,-0.7576366739632263,-0.5269975496972846,-0.2306391242659417
2021-02-02,1503,127266,6032447,46.7,48.2,46.7,47.4,0.15,143,47.40000000000002,47.88,48.86,15.928918764302109,8.830946089343565,33.51259267657405,35.81670499254054,51.016756824495175,48.86,46.703243175504824,-0.7680321758041089,-0.5752044749186495,-0.19282770088545942
2021-02-03,1503,31940,1518400,47.4,47.7,47.4,47.7,0.3,49,47.36000000000003,47.815,48.775,30.222900245783546,17.53869411566654,40.9809642987935,39.24199666397187,50.973522230956036,48.775,46.57647776904396,-0.7434926723939341,-0.6088621144137064,-0.13463055798022772
2021-02-04,1503,49945,2366003,47.15,47.65,47.15,47.6,-0.1,72,47.36000000000003,47.735,48.6575,39.593888692510085,28.581902567531944,39.26572137026898,38.504349346631436,50.84342657699381,48.6575,46.47157342300619,-0.7237709227432987,-0.6318438760796249,-0.0919270466636738
2021-02-05,1503,108031,5191362,47.15,48.4,47.15,48.2,0.6,105,47.63000000000003,47.725,48.585,53.83920505871731,41.218664665670346,53.02776007011192,45.16465533615475,50.730250568116816,48.585,46.439749431883186,-0.6522080599373155,-0.635916712851163,-0.01629134708615243
2021-02-17,1503,214312,10474150,48.3,49.25,48.25,49.15,0.95,190,48.01000000000003,47.765,48.5625,71.05053403475215,54.827875928659886,66.88761095525379,53.712731323198696,50.67386803992191,48.5625,46.45113196007809,-0.5129242436655304,-0.6113182190140365,0.09839397534850614
2021-02-18,1503,137250,6746843,49.15,49.35,49.0,49.35,0.2,107,48.40000000000003,47.9,48.5575,89.74972102662207,71.54648670669721,69.12517258445658,55.292801326762856,50.66089606351411,48.5575,46.454103936485886,-0.3819990401059812,-0.5654543832324255,0.1834553431264443
2021-02-19,1503,158936,7774644,48.75,49.25,48.65,49.2,-0.15,137,48.700000000000024,48.03,48.502500000000005,96.80601800468617,85.86875768868681,65.2661230067242,53.80919985784016,50.474168075514534,48.502500000000005,46.530831924485476,-0.2870348602219366,-0.5097704786303277,0.22273561840839107
2021-02-22,1503,170653,8426190,49.15,49.75,49.05,49.2,0.0,160,49.020000000000024,48.19,48.4525,92.10227858542123,92.88600587224317,65.2661230067242,53.80919985784016,50.29599532139455,48.4525,46.60900467860545,-0.20936167244700954,-0.449688717393664,0.24032704494665447
2021-02-23,1503,248084,12352374,49.2,50.1,49.1,49.95,0.75,184,49.370000000000026,48.49999999999999,48.45,90.63169035012713,93.17999564674487,74.82931297079193,60.028462355955284,50.28521115951431,48.45,46.614788840485694,-0.08629166296583435,-0.37700930650809805,0.2907176435422637
2021-02-24,1503,61663,3065077,50.0,50.0,49.4,49.6,-0.35,80,49.46000000000002,48.735,48.43750000000001,86.868765288833,89.86757807479381,65.0745979744169,56.22397279988085,50.2374652774437,48.43750000000001,46.63753472255632,-0.016806138010885263,-0.30496867280865547,0.2881625347977702
2021-02-25,1503,63241,3138207,49.8,49.8,49.35,49.7,0.1,120,49.53000000000003,48.964999999999996,48.42250000000001,88.3599202392822,88.62012529274746,66.52901858146015,57.06131798261237,50.17449172372586,48.42250000000001,46.670508276274155,0.0458028190109232,-0.23481437444473974,0.28061719345566294
2021-02-26,1503,275042,13406317,49.85,49.85,48.1,48.7,-1.0,241,49.43000000000003,49.065,48.44000000000001,74.01129943502832,83.07999498771453,44.775286740814416,47.31479284995682,50.19573346496602,48.44000000000001,46.684266535034006,0.014561371446689009,-0.18493922526645398,0.199500596713143
2021-03-02,1503,112949,5517949,48.85,49.15,48.6,49.0,0.3,122,49.39000000000003,49.205,48.47000000000001,61.32768361581926,74.56630109670995,50.446371740361705,50.07012779922652,50.24239950349917,48.47000000000001,46.697600496500854,0.013850136216056796,-0.14518135296995183,0.15903148918600862
2021-03-03,1503,292037,14586274,49.2,50.5,49.1,50.3,1.3,254,49.460000000000036,49.415,48.57000000000001,63.06967984934085,66.13622096672948,67.38091143011317,59.86530789722643,50.5104638620711,48.57000000000001,46.629536137928916,0.11683876803004978,-0.09277732876995151,0.2096160968000013
2021-03-04,1503,226541,11171493,50.1,50.2,48.9,49.25,-1.05,212,49.390000000000036,49.425,48.59500000000001,61.52777777777772,61.97504708097929,50.96792452262121,51.138926192653564,50.556861361055084,48.59500000000001,46.63313863894494,0.11243568733696918,-0.05173472554856737,0.16417041288553655
2021-03-05,1503,38534,1883276,48.8,49.25,48.8,48.85,-0.4,85,49.220000000000034,49.375,48.63750000000001,56.94444444444443,60.513967357187674,45.98913812478908,48.253291792088206,50.582718496725924,48.63750000000001,46.692281503274096,0.07579582995820289,-0.026228614447213316,0.1020244444054162
2021-03-08,1503,112074,5492602,49.0,49.3,48.75,48.95,0.1,167,49.270000000000024,49.35,48.69000000000001,38.19444444444449,52.22222222222222,47.485352417596616,49.02766254856353,50.60927069482238,48.69000000000001,46.770729305177646,0.05420282682716504,-0.010142326192337642,0.06434515301950268
2021-03-09,1503,81477,3995769,49.45,49.45,48.75,48.9,-0.05,116,49.25000000000003,49.32,48.75500000000001,33.333333333333364,42.824074074074105,46.73021281960057,48.63576132261679,50.60915749061521,48.75500000000001,46.90084250938481,0.03267893176066394,-0.0015780746017373254,0.03425700636240127
2021-03-10,1503,171884,8362866,49.0,49.0,48.5,48.55,-0.35,183,48.900000000000034,49.18,48.84000000000001,29.166666666666632,33.56481481481484,41.35888968744632,45.87160804443362,50.48060964278642,48.84000000000001,47.1993903572136,-0.012477156188992922,-0.003757890919188445,-0.008719265269804478
2021-03-11,1503,181366,8899569,49.0,49.3,48.9,49.15,0.6,163,48.88000000000004,49.135,48.93500000000001,31.944444444444354,31.481481481481456,52.3199018012569,51.01165472266833,50.40778647468208,48.93500000000001,47.46221352531794,0.00014958010331156402,-0.002976396714688443,0.003125976818000007
2021-03-12,1503,69392,3408545,49.15,49.45,49.0,49.4,0.25,84,48.99000000000004,49.105,49.03500000000001,35.83333333333325,32.31481481481475,56.29137105521864,53.013756293108436,50.33926224357063,49.03500000000001,47.73073775642939,0.02998363753912514,0.0036156101360742734,0.026368027403050866
2021-03-15,1503,121748,5988551,49.2,49.35,49.1,49.2,-0.2,123,49.040000000000035,49.154999999999994,49.11000000000001,41.25000000000002,36.34259259259255,52.23088325289239,51.210622063629415,50.26221525766933,49.11000000000001,47.95778474233068,0.03706178923340531,0.01030484595554048,0.026756943277864827
2021-03-16,1503,147353,7230239,49.1,49.35,48.9,49.2,0.0,146,49.10000000000004,49.175,49.19000000000001,40.392156862745175,39.15849673202616,52.23088325289238,51.21062206362943,50.110651942920235,49.19000000000001,48.26934805707979,0.04218499310518098,0.01668087538546858,0.0255041177197124
2021-03-17,1503,181602,8859145,49.25,49.25,48.5,49.0,-0.2,192,49.19000000000003,49.044999999999995,49.230000000000004,42.936016511867955,41.52605779153773,47.561245593599324,49.26720172608412,50.03771282025626,49.230000000000004,48.42228717974375,0.029763742655944725,0.01929744883956381,0.010466293816380916
2021-03-18,1503,102117,4998584,49.1,49.2,48.8,49.2,0.2,95,49.20000000000003,49.03999999999999,49.23250000000001,55.83075335397319,46.386308909528786,52.51422097705078,51.259178278242125,50.03951610888744,49.23250000000001,48.42548389111258,0.03564722173240398,0.02256740341813184,0.013079818314272136
2021-03-19,1503,281616,13666781,48.7,48.8,48.35,48.55,-0.65,236,49.03000000000003,49.00999999999999,49.19250000000001,48.16586921850065,48.97754636144728,38.66648799664192,45.0660140493893,50.04998177823365,49.19250000000001,48.33501822176637,-0.012001302885558118,0.01565366215739385,-0.02765496504295197
2021-03-22,1503,68862,3331531,48.3,48.95,48.15,48.45,-0.1,96,48.88000000000003,48.959999999999994,49.15500000000001,38.314317261685666,47.436979944719845,36.91911174150906,44.1816038131911,50.07146058289732,49.15500000000001,48.23853941710269,-0.05717320903483625,0.0010882879189478313,-0.058261496953784075
2021-03-23,1503,163983,7903037,48.6,48.6,48.05,48.15,-0.3,187,48.67000000000003,48.88499999999999,49.102500000000006,16.133866133866118,34.204684204684156,31.877153141597898,41.547371321365986,50.117623145241524,49.102500000000006,48.08737685475849,-0.1158443809861538,-0.022298245862072495,-0.0935461351240813
2021-03-24,1503,135946,6587726,48.15,48.8,48.0,48.4,0.25,143,48.55000000000003,48.86999999999999,49.025,19.26866237211072,24.57228192255418,39.86193450747617,44.51618133581757,50.005561063884706,49.025,48.04443893611529,-0.14054863956924635,-0.04594832460350727,-0.09460031496573908
2021-03-25,1503,50977,2461566,48.25,48.4,48.15,48.3,-0.1,79,48.37000000000004,48.78499999999999,48.959999999999994,18.983762087210277,18.12876353106238,37.79461796004722,43.56307455829342,49.95176610146176,48.959999999999994,47.96823389853823,-0.1662793419968125,-0.07001452808216832,-0.09626481391464417
2021-03-26,1503,118987,5806364,48.7,48.95,48.65,48.9,0.6,133,48.44000000000004,48.73499999999999,48.919999999999995,38.82503192848003,25.69248546260035,54.362542031960416,50.42189608387647,49.85187982058228,48.919999999999995,47.988120179417706,-0.1366805551010657,-0.08334773348594779,-0.053332821615117904
2021-03-29,1503,85731,4185984,48.9,49.0,48.6,48.7,-0.2,143,48.49000000000003,48.68499999999999,48.919999999999995,48.29629629629625,35.36836343732886,49.26028227388809,48.314123786839026,49.85187982058228,48.919999999999995,47.988120179417706,-0.12788742513885865,-0.09225567181652997,-0.03563175332232868
2021-03-30,1503,131539,6407773,48.8,48.9,48.6,48.9,0.2,107,48.64000000000003,48.65499999999999,48.91499999999999,65.88888888888881,51.003405704555036,54.26789557789719,50.54069805171169,49.846182044506,48.91499999999999,47.98381795549398,-0.10358639824380589,-0.09452181710198515,-0.009064581141820738
2021-03-31,1503,70320,3440387,48.8,49.2,48.75,49.2,0.3,108,48.80000000000003,48.67499999999999,48.86,76.99999999999999,63.72839506172835,61.003101184667216,53.75859592652318,49.558283610009326,48.86,48.16171638999067,-0.05943503645146109,-0.08750446097188033,0.028069424520419245
2021-04-01,1503,36380,1782877,49.0,49.2,48.8,49.15,-0.05,59,48.970000000000034,48.66999999999999,48.855,90.27777777777759,77.72222222222213,59.30479869261872,53.13806498309839,49.54340395118706,48.855,48.166596048812934,-0.028154795315565195,-0.0756345278406173,0.04747973252505211
2021-04-06,1503,92724,4561801,49.15,49.35,49.0,49.3,0.15,102,49.05000000000003,48.74499999999999,48.87749999999999,97.37654320987633,88.21810699588464,62.918016439543166,54.82283430062335,49.59267480381389,48.87749999999999,48.16232519618609,0.008639180449776518,-0.05877978618253854,0.06741896663231506
2021-04-07,1503,83284,4092295,48.9,49.35,48.9,49.2,-0.1,78,49.150000000000034,48.819999999999986,48.88999999999999,93.67283950617268,93.77572016460887,58.85376371603673,53.443379222431005,49.618422954065245,48.88999999999999,48.16157704593474,0.029390709263651615,-0.041145687093300506,0.07053639635695212
2021-04-08,1503,95491,4690905,48.9,49.3,48.9,49.25,0.05,87,49.220000000000034,48.92999999999999,48.90749999999999,92.28395061728388,94.4444444444443,60.34789488503169,54.065733319540335,49.65266776635178,48.90749999999999,48.1623322336482,0.049302696690318726,-0.02305601033657666,0.07235870702689538
2021-04-09,1503,141195,6954747,49.25,49.35,49.05,49.35,0.1,107,49.25000000000003,49.02499999999999,48.9475,93.51851851851855,93.1584362139917,63.445172501996836,55.35125681922559,49.697483333153414,48.9475,48.19751666684658,0.07231861052385824,-0.0039810861644896806,0.07629969668834792
2021-04-12,1503,402144,20080397,49.1,50.5,49.1,50.2,0.85,276,49.46000000000002,49.21499999999999,49.0,91.95906432748541,92.58717782109595,79.40113261991263,64.4567584202163,49.925742944886565,49.0,48.074257055113435,0.1573331457435927,0.028281760217126792,0.1290513855264659
2021-04-13,1503,252824,12663078,50.2,50.4,49.55,49.9,-0.3,192,49.58000000000003,49.31499999999999,49.025,84.2105263157895,89.89603638726447,67.30433630878407,59.819865357381744,50.017219733732276,49.025,48.03278026626772,0.1982153810782208,0.06226848438934559,0.1359468966888752
2021-04-14,1503,102887,5095485,49.25,49.9,49.25,49.7,-0.2,105,49.68000000000002,49.41499999999999,49.05,68.97243107769431,81.71400724032306,60.174028351896816,56.88203207435505,50.0829569206933,49.05,48.017043079306696,0.21203234174121377,0.09222125585971923,0.11981108588149454
2021-04-15,1503,124850,6213554,49.85,49.95,49.6,49.8,0.1,106,49.79000000000002,49.504999999999995,49.08,60.51009877635264,71.23101872327881,62.49198905694801,57.99289171770267,50.162312339395775,49.08,47.99768766060422,0.2284184808163019,0.11946070085103576,0.10895777996526614
2021-04-16,1503,174406,8696591,49.5,50.1,49.5,49.95,0.15,146,49.910000000000025,49.58,49.1275,59.578081232493105,63.02020369551334,65.95917993794723,59.671275718567664,50.273133012796734,49.1275,47.98186698720326,0.25061937632167286,0.14569243594516318,0.10492694037650968
2021-04-19,1503,541156,27529859,50.0,51.4,50.0,51.2,1.25,397,50.11000000000003,49.785,49.2275,72.14950980392167,64.07922993758912,82.07160036608926,70.31527816484176,50.68711467518281,49.2275,47.767885324817186,0.3648722787680825,0.18952840450974703,0.17534387425833545
2021-04-20,1503,413452,21099280,51.5,51.8,50.3,50.9,-0.3,258,50.310000000000024,49.94499999999999,49.345,75.53017241379325,69.08592115006932,72.46739470808005,65.8249610056154,50.93964729642936,49.345,47.75035270357064,0.42629694844811183,0.23688211329741998,0.18941483515069185
2021-04-21,1503,555418,28482908,50.9,51.7,50.3,51.5,0.6,362,50.67000000000003,50.175,49.497499999999995,83.3521421107629,77.0106081094926,78.37275644167383,69.95717467223626,51.29151086953524,49.497499999999995,47.70348913046475,0.5174268526310684,0.29299106116414964,0.22443579146691872
2021-04-22,1503,491369,25135456,51.7,52.0,50.1,50.4,-1.1,324,50.79000000000003,50.28999999999999,49.61,67.62800417972834,75.50343956809483,53.72552709959556,56.47509625376219,51.33267234261506,49.61,47.88732765738494,0.495179035650402,0.3334286560614001,0.1617503795890019
2021-04-23,1503,202704,10298499,50.4,51.4,50.4,50.8,0.4,176,50.96000000000002,50.43499999999999,49.73,63.42737722048065,71.4691745036573,59.172662152619296,59.52942612562738,51.43305607659036,49.73,48.02694392340963,0.5040141757863452,0.3675457600063891,0.1364684157799561
2021-04-26,1503,268426,13654856,50.6,51.3,50.5,50.9,0.1,187,50.90000000000003,50.50499999999999,49.86,53.730407523510905,61.5952629745733,60.52786431469409,60.27986195564849,51.502437213414446,49.86,48.21756278658555,0.5131697508126649,0.3966705581676443,0.11649919264502062
2021-04-27,1503,241356,12351900,51.1,51.4,50.9,51.3,0.4,224,50.98000000000003,50.644999999999996,49.98,62.787878787878704,59.98188784395676,65.82212013893233,63.21788733991573,51.67422548676694,49.98,48.28577451323305,0.5464036657100664,0.4266171796761287,0.11978648603393766
2021-04-28,1503,445630,23113496,51.4,52.4,51.3,51.9,0.6,326,51.06000000000003,50.864999999999995,50.13999999999999,71.58620689655167,62.70149773598043,72.319354835895,67.14377930273082,51.92258239641639,50.13999999999999,48.3574176035836,0.6140780586842709,0.46410935547775717,0.14996870320651373
2021-04-29,1503,302601,15673673,51.7,52.2,51.3,51.7,-0.2,214,51.32000000000003,51.05499999999999,50.279999999999994,75.19731800766286,69.85713456403109,67.34097134882198,64.66611824756234,52.0906352476443,50.279999999999994,48.46936475235569,0.6441468502317633,0.5001168544285584,0.14402999580320497
2021-05-03,1503,248030,12631616,51.5,51.5,50.5,50.7,-1.0,184,51.300000000000026,51.12999999999999,50.355,59.89297018157597,68.89216502859684,48.047150720144224,53.947019844227285,52.103685220390076,50.355,48.60631477960992,0.5805922356295738,0.5162119306687615,0.06438030496081237
2021-05-04,1503,358499,18218422,51.0,51.5,50.3,50.5,-0.2,298,51.22000000000003,51.05999999999999,50.4225,38.10386473429959,57.731384307846135,45.03637066559944,52.08738076472276,52.08185981631786,50.4225,48.76314018368214,0.5082278824725392,0.514615121029517,-0.006387238556977759
2021-05-05,1503,173836,8741012,50.8,50.8,50.0,50.3,-0.2,162,51.020000000000024,50.99999999999999,50.4725,18.65942028985506,38.88541840191021,41.96820651036241,50.2229423528891,52.05189070530709,50.4725,48.893109294692906,0.42978597749227276,0.49764929232206817,-0.06786331482979541
2021-05-06,1503,119968,6057603,50.1,50.8,50.1,50.4,0.1,113,50.72000000000003,50.88999999999999,50.53249999999999,15.519323671497522,24.094202898550723,44.18626545578308,51.164199998163305,52.001266489273945,50.53249999999999,49.06373351072604,0.3714080066103804,0.47240103517973064,-0.10099302856935022
2021-05-07,1503,99525,5058759,50.5,51.0,50.5,51.0,0.6,103,50.58000000000003,50.949999999999996,50.61999999999999,23.61111111111107,19.263285024154552,55.967236174597446,56.48147798974892,51.97698194535295,50.61999999999999,49.263018054647034,0.3693009581233113,0.45178101976844676,-0.08248006164513544
2021-05-10,1503,191295,9795095,50.7,51.7,50.7,51.4,0.4,141,50.720000000000034,51.00999999999999,50.72249999999999,38.88888888888888,26.006441223832486,62.17671032507719,59.63670826796997,51.98680811118706,50.72249999999999,49.45819188881292,0.39535041064058163,0.4404948979428737,-0.04514448730229209
2021-05-11,1503,283464,14362862,51.0,51.5,50.0,50.0,-1.4,205,50.62000000000003,50.919999999999995,50.71249999999999,33.333333333333336,31.944444444444425,39.45650256959146,46.83703125061203,51.996195836252994,50.71249999999999,49.42880416374699,0.2995731963946824,0.41231055763323543,-0.11273736123855305
2021-05-12,1503,575644,27864534,50.0,50.3,46.6,47.8,-2.2,400,50.12000000000004,50.56999999999999,50.60749999999999,26.587301587301557,32.936507936507915,23.627713567549815,34.35775383436731,52.38746488729769,50.60749999999999,48.827535112702286,0.045621553365613465,0.33897275677971106,-0.2933512034140976
2021-05-13,1503,394305,19001357,48.5,49.2,47.5,47.9,0.1,308,49.62000000000004,50.169999999999995,50.517499999999984,15.63958916900089,25.186741363211922,25.218627351569296,35.20287277287933,52.623984037445545,50.517499999999984,48.41101596255442,-0.14588610488639375,0.2420009844464901,-0.38788708933288385
2021-05-14,1503,220420,10654332,49.45,49.45,48.15,48.4,0.5,167,49.10000000000004,49.83999999999999,50.447499999999984,27.40429505135381,23.210395269218747,33.32107502987686,39.40370339407339,52.730365523856925,50.447499999999984,48.16463447614304,-0.25437915787715326,0.14272495598176144,-0.3971041138589147
2021-05-17,1503,247238,11933893,46.95,49.0,46.95,48.5,0.1,178,48.52000000000004,49.61999999999999,50.374999999999986,32.67973856209145,25.241207594148715,34.96523903546241,40.23818710105252,52.803888634748866,50.374999999999986,47.946111365251106,-0.32850472181148405,0.048479020423112335,-0.3769837422345964
2021-05-18,1503,367288,18260580,48.05,50.6,48.05,50.0,1.5,225,48.52000000000004,49.56999999999999,50.31499999999998,46.40522875816989,35.49642079053838,54.5692362964896,51.11339564442857,52.71855985987739,50.31499999999998,47.91144014012258,-0.2631785428789897,-0.013852492237308077,-0.2493260506416816
2021-05-19,1503,183638,9107405,49.1,50.1,49.05,50.1,0.1,137,48.98000000000003,49.55,50.274999999999984,57.51633986928101,45.533769063180785,55.609971018062964,51.74385899175373,52.664874473693565,50.274999999999984,47.8851255263064,-0.20102067000733825,-0.05128612779131411,-0.14973454221602414
2021-05-20,1503,186397,9195511,49.45,50.0,49.2,49.8,-0.3,116,49.360000000000035,49.489999999999995,50.18999999999998,66.01307189542477,56.64488017429189,51.48220395231684,49.67416341800871,52.51972101334334,50.18999999999998,47.860278986656624,-0.17396227194541325,-0.07582135662213393,-0.09814091532327932
2021-05-21,1503,173637,8712878,50.0,50.6,49.95,50.3,0.5,120,49.74000000000003,49.42,50.18499999999998,68.96091770041345,64.16344315503973,57.60158717286108,53.04518275463954,52.513325578611344,50.18499999999998,47.85667442138862,-0.1108941564046475,-0.08283591657863665,-0.028058239826010856
2021-05-24,1503,93404,4666847,49.95,50.2,49.6,50.0,-0.3,84,50.040000000000035,49.28,50.14499999999998,74.41843404028272,69.79747454537363,52.92859560385389,50.844535382584354,52.45712023909111,50.14499999999998,47.83287976090885,-0.08414968803048595,-0.0830986708690065,-0.0010510171614794422
2021-05-25,1503,159359,7992686,49.9,50.5,49.8,50.4,0.4,132,50.12000000000003,49.32,50.11999999999998,85.01025067561267,76.12986747210293,58.20319152470807,53.60810278316016,52.40962879087757,50.11999999999998,47.8303712091224,-0.030328242004799222,-0.07254458509616504,0.04221634309136582
2021-05-26,1503,134052,6769846,50.5,50.9,50.1,50.8,0.4,136,50.26000000000003,49.62,50.094999999999985,92.32963412519503,83.91943961369678,63.03558870492413,56.25657673523442,52.34308807656939,50.094999999999985,47.84691192343058,0.044094010488315405,-0.049216865979268956,0.09331087646758436
2021-05-27,1503,201719,10215820,50.4,51.0,50.2,50.5,-0.3,164,50.400000000000034,49.88,50.024999999999984,93.2144077877465,90.1847641961847,57.24448664052595,53.776898825250285,52.126309115769374,50.024999999999984,47.923690884230595,0.07796792329074265,-0.023779908125266636,0.10174783141600928
2021-05-28,1503,275012,14021872,50.5,51.2,50.5,51.1,0.6,181,50.56000000000003,50.150000000000006,49.99499999999998,93.9826907478103,93.17557755358392,64.79185197451834,57.784703054828945,52.01537125301606,49.99499999999998,47.9746287469839,0.15148203818392147,0.011272481136570988,0.1402095570473505
2021-05-31,1503,159827,7748882,51.1,51.2,51.0,51.2,0.1,78,50.80000000000003,50.42,50.01999999999998,94.8265726043504,94.00789037996906,65.96023526280224,58.43161328984231,52.08649461649812,50.01999999999998,47.95350538350184,0.2153294838901516,0.052083881687287115,0.1632456022028645
2021-06-01,1503,120278,6165630,51.2,51.5,51.1,51.5,0.3,96,51.02000000000003,50.57000000000001,50.06999999999998,98.94179894179895,95.9170207646532,69.50245194242191,60.39252168156507,52.22694228017746,50.06999999999998,47.9130577198225,0.28683013811708946,0.09903313297324759,0.18779700514384187
2021-06-02,1503,226512,11693324,51.4,52.0,51.1,52.0,0.5,202,51.26000000000003,50.760000000000005,50.15499999999999,100.00000000000001,97.9227905153831,74.63486195323674,63.484292462270716,52.4697138052065,50.15499999999999,47.84028619479347,0.37946648956990714,0.15511980429257952,0.22434668527732762
2021-06-03,1503,311599,16298521,52.6,52.8,52.0,52.4,0.4,225,51.64000000000003,51.019999999999996,50.25499999999998,95.83333333333337,98.25837742504409,78.07812973483495,65.78529732293849,52.76774750025093,50.25499999999998,47.742252499749036,0.4796292550720267,0.22002169444846895,0.2596075606235577
2021-06-04,1503,121797,6319804,51.9,52.2,51.6,52.1,-0.3,95,51.84000000000003,51.2,50.30999999999999,88.05555555555564,94.62962962962966,69.78866458883712,62.59924531875441,52.931373685687504,50.30999999999999,47.68862631431247,0.5287068718606136,0.2817587299308979,0.2469481419297157
2021-06-07,1503,142951,7351324,51.9,51.9,51.0,51.5,-0.6,124,51.900000000000034,51.35,50.31499999999998,72.00617283950626,85.29835390946508,55.932625518896394,56.686140392483374,52.94503802254204,50.31499999999998,47.684961977457924,0.51326959872506,0.3280609036897303,0.18520869503532966
2021-06-08,1503,109584,5644857,51.9,51.9,51.1,51.5,0.0,82,51.900000000000034,51.46,50.389999999999986,59.506172839506256,73.18930041152271,55.932625518896394,56.68614039248337,53.06499532710178,50.389999999999986,47.715004672898196,0.4953256428641595,0.3615138515246161,0.13381179133954335
2021-06-09,1503,90282,4642854,51.5,51.6,51.2,51.6,0.1,81,51.820000000000036,51.54,50.57999999999999,49.89264626945794,60.468330649490134,57.831870037625144,57.462804890448126,53.02180261282788,50.57999999999999,48.138197387172106,0.483599459293778,0.3859309730784485,0.09766848621532953
2021-06-10,1503,95392,4934996,51.8,51.9,51.5,51.8,0.2,82,51.70000000000003,51.669999999999995,50.77499999999999,47.42351046698877,52.274109858650974,61.68496503852903,59.0445375509098,52.936365309246234,50.77499999999999,48.61363469075375,0.4848555894389861,0.405715896350556,0.07913969308843011
2021-06-11,1503,138510,7039515,51.9,51.9,51.3,51.4,-0.4,110,51.56000000000004,51.69999999999999,50.92499999999999,38.1642512077295,45.16013598139205,50.84453645114279,54.66630680490985,52.804228565133485,50.92499999999999,49.045771434866495,0.4484054852571546,0.41425381413187573,0.03415167112527889
2021-06-15,1503,258004,13233848,51.6,51.7,51.0,51.4,0.0,200,51.540000000000035,51.71999999999999,51.069999999999986,29.6296296296296,38.405797101449274,50.84453645114279,54.66630680490985,52.591972404485716,51.069999999999986,49.548027595514256,0.4147376773054958,0.41435058676659975,0.00038709053889607326
2021-06-16,1503,365928,18828145,51.1,52.5,51.1,52.3,0.9,313,51.70000000000003,51.79999999999999,51.18499999999999,38.88888888888888,35.560923242082644,68.0435040892953,62.01603251128325,52.713757665561594,51.18499999999999,49.65624233443838,0.4554282815905992,0.4225661257313996,0.032862155859199604
2021-06-17,1503,282015,14746365,52.0,52.5,51.9,52.2,-0.1,218,51.820000000000036,51.81999999999999,51.289999999999985,58.148148148148216,42.22222222222221,65.09122566329994,60.835843042540894,52.79452650359332,51.289999999999985,49.78547349640665,0.4741411107986906,0.4328811227448578,0.0412599880538328
2021-06-18,1503,520822,27470281,52.3,53.0,52.2,53.0,0.8,320,52.06000000000004,51.879999999999995,51.44999999999999,84.07407407407416,60.3703703703704,75.15311223286002,66.35249180808222,52.967234326007095,51.44999999999999,49.93276567399288,0.5472165056392342,0.45574819932373306,0.09146830631550112
2021-06-21,1503,442835,23503150,52.8,53.5,52.3,52.8,-0.2,336,52.34000000000003,51.94999999999999,51.57499999999999,84.00000000000006,75.40740740740746,69.32507939372485,63.92809874736752,53.104542415238804,51.57499999999999,50.045457584761174,0.5822788063759674,0.4810543207341799,0.10122448564178749
2021-06-22,1503,147386,7759604,52.8,53.0,52.3,52.7,-0.1,129,52.60000000000004,52.06999999999999,51.709999999999994,80.00000000000003,82.6913580246914,66.32475992179171,62.694622545084385,53.13253295217129,51.709999999999994,50.2874670478287,0.5951364060258157,0.5038707377925071,0.09126566823330862
2021-06-23,1503,548804,29412492,53.0,54.5,52.6,54.5,1.8,457,53.040000000000035,52.36999999999999,51.914999999999985,80.00000000000001,81.33333333333336,82.35844371228642,72.84948842773376,53.666884699406644,51.914999999999985,50.163115300593326,0.7420175863095864,0.5515001074959229,0.19051747881366343
2021-06-24,1503,447524,24577080,54.1,55.4,54.1,55.0,0.5,294,53.60000000000004,52.709999999999994,52.124999999999986,86.30303030303037,82.10101010101012,84.71666725735119,74.89388197784031,54.25748681121715,52.124999999999986,49.99251318878282,0.8885254331266808,0.6189051726220745,0.2696202605046063
2021-06-25,1503,295212,16217286,55.4,55.4,54.6,54.7,-0.3,219,53.94000000000003,52.999999999999986,52.334999999999994,91.66666666666673,85.98989898989902,77.46784285549782,71.41902956464378,54.60856548179507,52.334999999999994,50.06143451820492,0.969253513303876,0.6889748407584347,0.28027867254544125
2021-06-28,1503,162571,8899577,54.7,55.0,54.2,55.0,0.3,157,54.38000000000003,53.35999999999999,52.529999999999994,88.56589147286827,88.84519614752178,79.51298797021327,72.77914708165568,55.006368308634904,52.529999999999994,50.053631691365084,1.0453880090175858,0.7602574744102649,0.28513053460732085
2021-06-29,1503,136957,7405420,55.0,55.2,53.6,54.0,-1.0,122,54.64000000000003,53.61999999999999,52.669999999999995,78.26286116983798,86.16513976979097,58.768896151361325,62.16032867304663,55.146368308634905,52.669999999999995,50.193631691365084,1.0133522092603187,0.8108764213802757,0.20247578788004295
2021-06-30,1503,207172,11013794,54.0,54.1,52.0,53.1,-0.9,172,54.360000000000035,53.69999999999999,52.749999999999986,61.01687186502512,75.94854150257709,46.13182827942644,54.458993332187625,55.17280828791992,52.749999999999986,50.32719171208005,0.9049098908264455,0.8296831152695097,0.0752267755569358
2021-07-01,1503,221677,11668059,53.6,53.6,52.2,52.7,-0.4,174,53.900000000000034,53.749999999999986,52.78499999999999,37.64705882352947,58.97559728613083,41.50423224106517,51.41035768825627,55.183562069243656,52.78499999999999,50.38643793075632,0.7777267650924813,0.819291845234104,-0.041565080141622746
2021-07-02,1503,91725,4832230,52.7,52.9,52.5,52.7,0.0,86,53.500000000000036,53.71999999999999,52.79999999999999,24.509803921568704,41.057911536707735,41.50423224106517,51.41035768825628,55.19248824448791,52.79999999999999,50.40751175551207,0.6692188829351835,0.7892772527743199,-0.12005836983913643
2021-07-05,1503,139506,7431179,53.0,53.7,52.9,53.5,0.8,110,53.20000000000003,53.789999999999985,52.86999999999998,28.43137254901967,30.196078431372587,54.05151182689008,56.994531862341965,55.25838857810345,52.86999999999998,50.48161142189652,0.640396822750013,0.7595011667694586,-0.11910434401944558
2021-07-06,1503,76503,4093232,53.5,53.8,53.3,53.3,-0.2,68,53.06000000000004,53.84999999999999,52.95999999999998,34.313725490196084,29.08496732026146,50.86903377852645,55.283968535435044,55.26945881106726,52.95999999999998,50.6505411889327,0.5945630511206019,0.7265135436396872,-0.1319504925190853
2021-07-07,1503,134176,7090209,53.0,53.3,52.3,53.1,-0.2,102,53.06000000000004,53.709999999999994,53.03999999999998,38.23529411764705,33.66013071895424,47.59935260573304,53.55305682961033,55.25033934046736,53.03999999999998,50.82966065953259,0.5359233377229629,0.6883955024563424,-0.15247216473337954
2021-07-08,1503,77566,4099226,53.1,53.1,52.7,52.9,-0.2,71,53.10000000000004,53.499999999999986,53.104999999999976,32.90441176470585,35.15114379084964,44.2789124802424,51.80625909330154,55.216373960248994,53.104999999999976,50.99362603975096,0.4679187379074605,0.644300149546566,-0.17638141163910548
2021-07-09,1503,97555,5129102,52.9,53.0,52.3,53.0,0.1,98,53.16000000000004,53.33,53.16499999999998,30.575980392156847,33.9052287581699,46.45766888550668,52.63810354932873,55.191104636986644,53.16499999999998,51.13889536301331,0.41728358149465805,0.5988968359361844,-0.18161325444152632
2021-07-12,1503,149781,7939118,53.6,53.6,52.5,53.2,0.2,120,53.10000000000004,53.15,53.254999999999974,38.839285714285715,34.10655929038278,50.934229801125475,54.33573208415399,55.112390642815754,53.254999999999974,51.397609357184194,0.38881121015705133,0.5568797107803578,-0.16806850062330647
2021-07-13,1503,104677,5553448,53.2,53.3,52.8,52.9,-0.3,99,53.020000000000024,53.04,53.32999999999997,44.04761904761904,37.82096171802052,44.43306018815159,51.36180832356375,54.99264848961582,53.32999999999997,51.66735151038412,0.33814127580244246,0.5131320237847747,-0.17499074798233227
2021-07-14,1503,60728,3186658,52.7,52.9,52.3,52.4,-0.5,60,52.88000000000003,52.96999999999999,53.33499999999998,35.85317460317463,39.58002645502645,35.59810791286401,46.76748306079519,54.98578769077662,53.33499999999998,51.68421230922334,0.25470310756674763,0.46144624054116934,-0.2067431329744217
2021-07-15,1503,90065,4764067,52.3,53.6,52.3,53.6,1.2,69,53.020000000000024,53.05999999999999,53.40499999999997,45.694444444444535,41.86507936507939,58.63040601459149,56.76351691762401,54.97404429511151,53.40499999999997,51.835955704888434,0.2821552195465671,0.4255880363422489,-0.14343281679568182
2021-07-16,1503,84803,4537488,53.3,53.8,53.3,53.7,0.1,69,53.160000000000025,53.15999999999999,53.439999999999976,62.22222222222248,47.92328042328054,60.020491907168285,57.48006728563286,55.00256199877638,53.439999999999976,51.877438001223574,0.30842504836783746,0.4021554387473666,-0.09373039037952913
2021-07-19,1503,111152,5933931,53.2,53.8,53.1,53.8,0.1,77,53.28000000000003,53.18999999999998,53.489999999999974,93.33333333333356,67.0833333333335,61.52864239586031,58.22564142590755,55.031298154161924,53.489999999999974,51.94870184583802,0.333469215696546,0.38841819413720247,-0.05494897844065649
2021-07-20,1503,108129,5752085,53.5,53.5,53.0,53.2,-0.6,66,53.34000000000003,53.179999999999986,53.51499999999997,84.4444444444447,80.00000000000023,48.67535073474553,52.299993594754326,55.020024916745264,53.51499999999997,52.00997508325468,0.30142724747036453,0.3710200048038349,-0.06959275733347037
2021-07-21,1503,219981,11798700,53.3,54.2,52.8,54.2,1.0,194,53.70000000000003,53.289999999999985,53.49999999999998,86.6666666666668,88.14814814814834,63.50099546492211,59.667350953145174,54.97105404388167,53.49999999999998,52.028945956118285,0.35266015273508344,0.3673480343900846,-0.014687881655001178
2021-07-22,1503,291007,15934894,53.9,55.2,53.9,54.1,-0.1,224,53.80000000000003,53.40999999999999,53.45499999999997,74.02298850574726,81.71136653895292,61.43075754501991,58.69112485174276,54.78837916588745,53.45499999999997,52.12162083411249,0.38080376623040735,0.3700391807581492,0.01076458547225817
2021-07-23,1503,63686,3470441,54.1,54.8,54.1,54.6,0.5,53,53.98000000000004,53.56999999999999,53.44999999999997,80.45977011494253,80.3831417624522,67.59367442648696,62.03571970544493,54.76529464380607,53.44999999999997,52.13470535619386,0.4384000016899279,0.38371134494450493,0.05468865674542295
2021-07-26,1503,65004,3515777,54.6,54.6,53.8,54.0,-0.6,75,54.02000000000004,53.65,53.39999999999996,66.66666666666667,73.71647509578548,55.23696008668364,56.15960675119099,54.54017542511154,53.39999999999996,52.259824574888384,0.4306659981133194,0.3931022755782678,0.03756372253505158
2021-07-27,1503,75432,4040583,54.1,54.1,53.2,53.8,-0.2,66,54.14000000000004,53.739999999999995,53.389999999999965,63.21839080459767,70.11494252873563,51.570682331333884,54.31283093365597,54.512319027739714,53.389999999999965,52.267680972260216,0.40374430302493636,0.3952306810676015,0.00851362195733485
2021-07-28,1503,244019,13110377,53.5,54.5,53.0,53.7,-0.1,178,54.04000000000004,53.870000000000005,53.41999999999996,49.28160919540232,59.72222222222222,49.64839799185019,53.36784685785986,54.54178429300362,53.41999999999996,52.298215706996295,0.37007352421751705,0.3901992496975846,-0.02012572548006758
2021-07-29,1503,35821,1930405,53.7,54.2,53.6,54.0,0.3,43,54.02000000000005,53.910000000000004,53.48499999999996,46.40804597701151,52.969348659003835,55.45925598112763,55.84962191428926,54.582770467825604,53.48499999999996,52.38722953217431,0.3634075462434083,0.3848409090067494,-0.02143336276334107
2021-07-30,1503,49770,2670050,54.2,54.2,53.5,53.5,-0.5,42,53.80000000000005,53.89000000000001,53.524999999999956,38.88888888888895,44.859514687100926,45.29505393470576,50.97984680259846,54.562063161061005,53.524999999999956,52.48793683893891,0.31415747750308753,0.370704222706017,-0.05654674520292946
2021-08-02,1503,55043,2962746,53.9,54.0,53.3,53.9,0.4,54,53.780000000000044,53.90000000000001,53.54499999999996,41.666666666666664,42.321200510855704,53.28576250064143,54.40500409138777,54.594714246844674,53.54499999999996,52.495285753155244,0.3038999310255974,0.3573433643699331,-0.053443433344335656
2021-08-03,1503,46114,2458015,53.2,53.4,53.2,53.3,-0.6,47,53.68000000000004,53.91000000000001,53.54499999999996,29.545454545454493,36.7003367003367,42.43777150261192,48.88707801126272,54.594714246844674,53.54499999999996,52.495285753155244,0.2445368968221402,0.3347820708603745,-0.09024517403823429
2021-08-04,1503,59210,3152051,53.7,53.7,53.0,53.2,-0.1,47,53.58000000000004,53.81000000000002,53.549999999999955,23.526936026936017,31.579685746352382,40.821828191722375,48.01304128787782,54.592113237623515,53.549999999999955,52.507886762376394,0.1872634438499503,0.30527834545828963,-0.11801490160833933
2021-08-05,1503,87770,4628250,53.3,53.3,52.5,52.6,-0.6,64,53.30000000000005,53.66000000000001,53.534999999999954,9.836459836459865,20.969616802950117,32.230838544084826,43.04080335281527,54.62178424723153,53.534999999999954,52.44821575276838,0.09239377620678368,0.2627014316079884,-0.17030765540120474
2021-08-06,1503,165238,8658122,52.7,52.7,52.2,52.3,-0.3,130,53.060000000000045,53.43000000000001,53.49999999999996,6.740280653324128,13.367892172239992,28.706715637160617,40.76747986339709,54.69331471122587,53.49999999999996,52.30668528877405,-0.006918855436232718,0.2087773741991442,-0.2156962296353769
2021-08-09,1503,82081,4262019,52.0,52.3,51.6,52.0,-0.3,68,52.68000000000004,53.230000000000004,53.439999999999955,7.63427809904564,8.070339529609868,25.45906913162046,38.573395013531204,54.79705563630557,53.439999999999955,52.08294436369434,-0.10858067389801107,0.14530576457971311,-0.2538864384777242
2021-08-10,1503,58840,3050892,52.0,52.3,51.6,51.9,-0.1,63,52.400000000000034,53.040000000000006,53.38999999999995,9.893130357897839,8.089229703422525,24.386180689559648,37.842288960505286,54.889199786563275,53.38999999999995,51.89080021343663,-0.19497006814700768,0.07725059803436896,-0.27222066618137664
2021-08-11,1503,58162,3005376,51.6,51.9,51.5,51.7,-0.2,48,52.10000000000004,52.84000000000001,53.35499999999995,10.912990798048247,9.480133084997233,22.20295052599957,36.358037033121285,54.97299258342975,53.35499999999995,51.737007416570144,-0.2763866013261662,0.006523158162261913,-0.2829097594884281
2021-08-12,1503,22795,1175628,51.4,51.7,51.4,51.6,-0.1,29,51.900000000000034,52.60000000000001,53.25499999999995,8.879392212725572,9.895171122890543,21.100967516829616,35.60605278586849,55.038788104016376,53.25499999999995,51.47121189598353,-0.3450019865653786,-0.06378187078326619,-0.2812201157821124
2021-08-13,1503,51361,2632828,51.3,51.4,51.1,51.3,-0.3,57,51.70000000000003,52.38000000000001,53.13499999999995,7.597340930674274,9.129907980482688,17.977962255577847,33.37583924478824,55.0969123324027,53.13499999999995,51.173087667597194,-0.41876045663524764,-0.1347775879536625,-0.2839828686815852
2021-08-16,1503,101818,5218652,51.1,51.6,51.0,51.6,0.3,78,51.62000000000004,52.15000000000001,53.02499999999994,12.535612535612524,9.670781893004113,30.055317472370994,37.5859149814864,55.070360603912015,53.02499999999994,50.97963939608787,-0.44784460889356836,-0.19739099214164368,-0.2504536167519247
2021-08-17,1503,92447,4753342,51.2,51.8,51.1,51.1,-0.5,91,51.460000000000036,51.93000000000001,52.91999999999994,11.420785333828787,10.517912933371854,23.365528321706247,33.757160653244476,55.12780433916521,52.91999999999994,50.71219566083467,-0.5054137354903361,-0.25899554081138215,-0.24641819467895393
2021-08-18,1503,110420,5664971,50.8,51.7,50.7,51.6,0.5,81,51.44000000000004,51.77,52.78999999999993,23.856682769726252,15.937693546389179,39.16352279616689,40.3057744571739,54.98718001084122,52.78999999999993,50.592819989158635,-0.5048720114793639,-0.3081708349449785,-0.1967011765343854
2021-08-19,1503,185052,9388082,51.7,51.7,50.4,50.5,-1.1,165,51.22000000000005,51.56,52.60999999999992,18.203661327231142,17.827043143595386,25.61194585167657,32.65696809883866,54.9345644753465,52.60999999999992,50.285435524653344,-0.5864433443883783,-0.3638253368336585,-0.22261800755471983
2021-08-20,1503,127375,6458704,50.7,51.0,50.3,50.5,0.0,90,51.060000000000045,51.379999999999995,52.40499999999993,20.08771929824566,20.71602113173434,25.61194585167657,32.656968098838654,54.71452376044052,52.40499999999993,50.09547623955934,-0.6436693933126705,-0.41979414812946086,-0.22387524518320961
2021-08-23,1503,28414,1459064,51.1,51.6,51.1,51.6,1.1,33,51.060000000000045,51.339999999999996,52.284999999999926,32.17105263157908,23.487477752351953,49.42956527636399,44.80476103403356,54.497939221949316,52.284999999999926,50.072060778050535,-0.5934200653381154,-0.4545193315711918,-0.13890073376692363
2021-08-24,1503,36655,1889637,51.7,51.8,51.3,51.6,0.0,42,51.160000000000046,51.31,52.17499999999992,59.30555555555576,37.1881091617935,49.429565276363995,44.80476103403356,54.292427684725446,52.17499999999992,50.05757231527439,-0.5472883119069039,-0.4730731276383342,-0.07421518426856966
2021-08-25,1503,40768,2098073,51.6,51.6,51.3,51.4,-0.2,48,51.12000000000005,51.28000000000001,52.059999999999924,80.41666666666686,57.29775828460057,45.800488525597096,43.16295239744575,54.08128671890953,52.059999999999924,50.03871328109032,-0.5208627123592962,-0.4826310445825266,-0.03823166777676956
2021-08-26,1503,65204,3328895,51.4,51.5,50.8,50.9,-0.5,79,51.200000000000045,51.21,51.90499999999993,66.66666666666681,68.79629629629648,37.7226011743126,39.28705284307038,53.77740487075745,51.90499999999993,50.03259512924241,-0.5341091775301479,-0.49292667117205086,-0.041182506358097004
2021-08-27,1503,177519,9074892,51.1,51.7,50.6,51.4,0.5,98,51.38000000000004,51.220000000000006,51.79999999999993,62.22222222222231,69.76851851851866,48.35036162574785,44.64055274288482,53.5332051234736,51.79999999999993,50.06679487652627,-0.49851470804827613,-0.49404427854729593,-0.0044704295009802
2021-08-30,1503,73439,3799857,51.5,52.0,51.4,52.0,0.6,63,51.460000000000036,51.260000000000005,51.70499999999993,71.11111111111116,66.66666666666676,58.31051188735403,50.30356672159033,53.15203144403846,51.70499999999993,50.2579685559614,-0.4170829760263146,-0.47865201804309965,0.061569042016785036
2021-08-31,1503,74879,3899427,52.3,52.3,51.8,52.2,0.2,67,51.58000000000004,51.370000000000005,51.649999999999935,89.44444444444456,74.25925925925935,61.21884955677782,52.063849625812196,52.92357763800862,51.649999999999935,50.37642236199125,-0.3325756876783288,-0.4494367519701455,0.1168610642918167
2021-09-01,1503,64938,3387934,51.7,52.3,51.7,52.3,0.1,51,51.76000000000003,51.44,51.604999999999926,98.33333333333341,86.29629629629638,62.735314986653776,52.961009682120455,52.70858506696932,51.604999999999926,50.50141493303053,-0.2545990294264513,-0.41046920746140664,0.15587017803495534
2021-09-02,1503,119362,6173637,52.1,52.2,51.6,52.0,-0.3,69,51.98000000000004,51.589999999999996,51.57499999999993,92.45098039215698,93.40958605664498,55.1829222553449,49.94125170840405,52.59847447454092,51.57499999999993,50.55152552545894,-0.21453641650060717,-0.37128264926924676,0.15674623276863958
2021-09-03,1503,108531,5688776,52.3,52.7,52.1,52.5,0.5,88,52.200000000000045,51.79,51.58499999999994,90.94304388422033,93.90911920323691,63.683873766167686,54.58868720355792,52.64003554444061,51.58499999999994,50.529964455559266,-0.14081743011710302,-0.32518960543881803,0.18437217532171501
2021-09-06,1503,30658,1603241,52.4,52.5,52.1,52.1,-0.4,41,52.22000000000005,51.839999999999996,51.58999999999993,81.41923436041078,88.27108621226269,54.10530484350726,50.54578702795802,52.6537668917751,51.58999999999993,50.526233108224766,-0.11336446437370995,-0.2828245772257964,0.16946011285208645
2021-09-07,1503,44460,2301654,51.7,51.9,51.6,51.8,-0.3,49,52.14000000000006,51.85999999999999,51.58499999999994,73.01587301587284,81.79271708683466,47.812802205847966,47.69286608712327,52.64382009805005,51.58499999999994,50.526179901949824,-0.11449545173288556,-0.24915875212721422,0.13466330039432867
2021-09-08,1503,104354,5341424,51.8,51.9,50.6,50.8,-1.0,110,51.84000000000005,51.79999999999999,51.53999999999993,46.03174603174583,66.82228446934315,32.922538076924226,39.65768665616346,52.650675470170114,51.53999999999993,50.42932452982974,-0.19384884123955715,-0.23809676994968282,0.04424792871012567
2021-09-09,1503,57412,2920386,50.9,51.2,50.7,50.8,0.0,51,51.60000000000006,51.789999999999985,51.49999999999993,25.39682539682515,48.14814814814793,32.922538076924226,39.65768665616345,52.65585466216015,51.49999999999993,50.344145337839706,-0.25381119665087937,-0.24123965528992214,-0.012571541360957228
2021-09-10,1503,82501,4202918,51.1,51.2,50.8,51.0,0.2,68,51.300000000000054,51.749999999999986,51.484999999999935,12.698412698412506,28.042328042327824,38.164787009722,41.92710718952781,52.6584990413435,51.484999999999935,50.311500958656374,-0.2819433987919382,-0.24938040399032535,-0.03256299480161284
2021-09-13,1503,71787,3678861,51.1,51.5,51.1,51.2,0.2,69,51.12000000000006,51.669999999999995,51.46499999999993,19.04761904761894,19.047619047618863,43.33166559389659,44.187626390879956,52.643600865448754,51.46499999999993,50.28639913455111,-0.2848168517652283,-0.25646769354530596,-0.028349158219922344
2021-09-14,1503,465336,24438777,51.2,54.8,51.0,53.2,2.0,287,51.400000000000055,51.769999999999996,51.56999999999992,36.507936507936506,22.751322751322647,71.30503838144021,60.67330619110246,52.95578497612094,51.56999999999992,50.184215023878906,-0.12427819695210474,-0.23002979422666572,0.10575159727456099
2021-09-15,1503,595199,30782669,52.2,53.1,50.0,51.8,-1.4,448,51.60000000000006,51.71999999999999,51.57999999999993,42.65873015873017,32.738095238095205,50.81841679881809,49.62367016791621,52.969388354650086,51.57999999999993,50.19061164534977,-0.10876468452641319,-0.20577677228661523,0.09701208776020204
2021-09-16,1503,161935,8176792,50.4,50.7,50.3,50.6,0.0,146,51.56000000000006,51.58,51.58499999999992,37.30158730158731,38.82275132275132,39.476453108511684,42.48209331987352,52.959445342689236,51.58499999999992,50.21055465731061,-0.19109723536637802,-0.20284086490256778,0.011743629536189765
2021-09-17,1503,137099,6983962,50.8,51.3,50.5,50.8,0.2,120,51.52000000000006,51.40999999999999,51.59999999999992,22.222222222222186,34.06084656084655,41.99376672949369,43.93041817032621,52.93266649993149,51.59999999999992,50.267333500068354,-0.23747063291488502,-0.20976681850503123,-0.027703814409853783
2021-09-22,1503,238189,11942096,50.4,50.4,50.0,50.2,-0.6,179,51.320000000000064,51.21999999999999,51.529999999999916,11.111111111111107,23.54497354497353,36.65743229041693,40.62545174506789,52.99574213286084,51.529999999999916,50.06425786713899,-0.31896009671596914,-0.23160547414721883,-0.08735462256875032
2021-09-23,1503,82970,4186501,50.7,50.7,50.3,50.4,0.2,82,50.76000000000006,51.07999999999999,51.469999999999914,9.722222222222198,14.351851851851826,39.6402792079066,42.18677328923416,53.01544491977069,51.469999999999914,49.92455508022914,-0.36321582936108143,-0.25792754518999134,-0.1052882841710901
2021-09-24,1503,81766,4133177,50.8,50.9,50.3,50.3,-0.1,61,50.46000000000007,51.02999999999999,51.41499999999992,6.2499999999999725,9.027777777777755,38.580489188485,41.597771269055244,53.04260560334508,51.41499999999992,49.78739439665476,-0.40172712041510295,-0.2866874602350137,-0.11503966018008926
2021-09-27,1503,154518,7789104,50.6,50.9,50.2,50.3,0.0,100,50.40000000000007,50.97999999999999,51.38499999999992,6.944444444444378,7.638888888888846,38.58048918848499,41.597771269055244,53.070556288007374,51.38499999999992,49.699443711992465,-0.4273216975039773,-0.3148143076888064,-0.11250738981517089
2021-09-28,1503,54531,2738969,50.2,50.7,50.0,50.6,0.3,66,50.36000000000006,50.93999999999999,51.34499999999993,8.333333333333288,7.175925925925875,44.625634156067335,44.303349969622246,53.06485464503178,51.34499999999993,49.625145354968076,-0.41857304197527156,-0.33556605454609945,-0.08300698742917212
2021-09-29,1503,215506,10775494,50.3,50.3,49.8,50.0,-0.6,153,50.320000000000064,50.81999999999999,51.244999999999926,8.270202020202019,7.849326599326557,36.29116315092122,40.28381322437396,53.03214856686286,51.244999999999926,49.457851433136995,-0.4548118669373906,-0.3594152170243577,-0.09539664991303293
2021-09-30,1503,292386,14826577,51.2,51.2,50.2,50.6,0.6,190,50.360000000000056,50.559999999999995,51.16499999999992,23.964646464646577,13.52272727272729,47.689237368993666,45.5991390666789,52.91688469941437,51.16499999999992,49.413115300585474,-0.43015781963492117,-0.3735637375464704,-0.05659408208845079
2021-10-01,1503,205041,10243886,50.2,50.5,49.6,49.9,-0.7,167,50.28000000000006,50.36999999999999,51.04499999999992,25.680332739156327,19.305060408001637,38.350357299689996,41.01258571839091,52.79825411736034,51.04499999999992,49.29174588263951,-0.46178034303459015,-0.39120705864409433,-0.07057328439049582
2021-10-04,1503,188877,9425365,50.3,50.3,49.55,49.8,-0.1,138,50.180000000000064,50.28999999999999,50.934999999999924,28.710635769459316,26.118538324420737,37.1382404345517,40.3876079322628,52.710697046244405,50.934999999999924,49.15930295375544,-0.4892705782561535,-0.41081976256650615,-0.07845081568964735
2021-10-05,1503,83540,4176633,49.7,50.2,49.65,50.0,0.2,87,50.060000000000066,50.209999999999994,50.809999999999924,20.02376708259056,24.804911863735395,41.45577595224591,42.28201485166579,52.47601320524197,50.809999999999924,49.14398679475788,-0.48927836279434445,-0.42651148261207383,-0.06276688018227061
2021-10-06,1503,114302,5700168,50.5,50.5,49.65,49.85,-0.15,109,50.030000000000065,50.175,50.69749999999992,20.202020202020257,22.978807684690036,39.10562034561087,41.22390253043521,52.302640180807096,50.69749999999992,49.092359819192744,-0.4956744519590899,-0.44034407648147705,-0.055330375477612825
2021-10-07,1503,276452,13997218,50.4,51.2,50.0,50.8,0.95,231,50.070000000000064,50.214999999999996,50.64749999999992,40.40404040404039,26.876609229550393,57.082815380649535,49.793376128935236,52.172450818892614,50.64749999999992,49.12254918110723,-0.41925344544190324,-0.43612595027356227,0.01687250483165903
2021-10-08,1503,71101,3611731,50.6,51.0,50.6,50.9,0.1,97,50.27000000000006,50.27499999999999,50.652499999999925,58.58585858585848,39.7306397306397,58.58434011068084,50.609688247007,52.180071602262636,50.652499999999925,49.124928397737214,-0.3466244124675697,-0.41822564271236373,0.07160123024479403
2021-10-12,1503,240694,12040907,50.3,50.4,49.8,49.9,-1.0,198,50.29000000000006,50.23499999999999,50.60749999999992,59.59595959595942,52.86195286195275,41.60297936525926,43.0685018777201,52.16771633116674,50.60749999999992,49.04728366883311,-0.36554326797237024,-0.40768916776436503,0.04214589979199479
2021-10-13,1503,159938,7987901,50.6,50.6,49.7,50.0,0.1,182,50.29000000000006,50.17499999999999,50.557499999999926,43.43434343434338,53.872053872053755,43.513205001735386,43.967646516965736,52.128256187331075,50.557499999999926,48.98674381266878,-0.3682227898867083,-0.3997958921888337,0.0315731023021254
2021-10-14,1503,60621,3025232,50.2,50.2,49.75,49.85,-0.15,52,50.29000000000006,50.15999999999999,50.489999999999924,22.222222222222296,41.750841750841694,41.157191581007915,42.873828295350904,52.060541307969814,50.489999999999924,48.919458692030034,-0.37809167127387155,-0.3954550480058413,0.01736337673196975
2021-10-15,1503,233735,11717509,49.9,50.6,49.9,50.4,0.55,127,50.210000000000065,50.139999999999986,50.34999999999992,32.32323232323236,32.65993265993267,52.22322005077766,47.98367331106545,51.30968744914267,50.34999999999992,49.390312550857175,-0.3376403199814959,-0.3838921024009722,0.046251782419476306
2021-10-18,1503,107524,5412231,50.3,50.5,50.2,50.4,0.0,89,50.11000000000006,50.18999999999998,50.27999999999992,39.361355490387716,31.302270011947446,52.22322005077766,47.98367331106545,50.973829950377244,50.27999999999992,49.5861700496226,-0.3020999129007862,-0.367533664500935,0.0654337516001488
2021-10-19,1503,328110,16807889,50.3,52.0,50.3,51.4,1.0,207,50.41000000000007,50.34999999999998,50.31999999999992,58.123444465242564,43.269344092954206,67.39683460553377,56.23791673517079,51.15988094396803,50.31999999999992,49.48011905603182,-0.191040050795948,-0.3322349417599376,0.14119489096398963
2021-10-20,1503,2171278,110842926,51.3,52.0,51.1,51.8,0.4,159,50.77000000000006,50.52999999999999,50.36999999999992,71.38650990222104,56.29043661928376,71.60523651009902,59.037954585596395,51.41278473331844,50.36999999999992,49.3272152666814,-0.06994141181584723,-0.27977623577111954,0.2098348239552723
2021-10-21,1503,152810,7933506,51.8,52.0,51.7,52.0,0.2,125,51.20000000000007,50.74499999999998,50.459999999999916,88.59081097748988,72.70025511498449,73.59354742927013,60.40219743947258,51.71721915354594,50.459999999999916,49.20278084645389,0.041687908317463496,-0.21548340695340293,0.25717131527086645
2021-10-22,1503,63883,3310363,52.1,52.1,51.5,51.6,-0.4,70,51.44000000000007,50.82499999999998,50.51999999999992,90.1570048309178,83.37810857020956,63.257901813784876,56.359320863818915,51.87107364715738,50.51999999999992,49.168926352842455,0.09676286958067948,-0.15303415164658643,0.2497970212272659
2021-10-25,1503,51131,2626298,51.2,51.6,51.2,51.6,0.0,61,51.680000000000064,50.89499999999999,50.58499999999992,86.11111111111109,88.28630897317292,63.257901813784876,56.359320863818915,52.01051744992482,50.58499999999992,49.159482550075026,0.1388100572418267,-0.09466530986890381,0.23347536711073053
2021-10-26,1503,323486,16822864,51.9,52.3,51.7,52.0,0.4,208,51.80000000000007,51.10499999999999,50.66999999999992,82.18954248366013,86.15255280856302,69.15429177051399,59.502944586988974,52.215121354470654,50.66999999999992,49.12487864552919,0.2020799614522204,-0.035316255604678964,0.23739621705689937
2021-10-27,1503,169288,8833063,52.2,52.4,52.0,52.2,0.2,157,51.88000000000007,51.32499999999999,50.74999999999993,86.46732026143798,84.92265795206974,71.79469268424965,61.01507902041914,52.43196313872739,50.74999999999993,49.06803686127247,0.2653019096346938,0.024807377443195597,0.2404945321914982
2021-10-28,1503,112313,5866498,52.2,52.3,52.1,52.2,0.0,111,51.92000000000006,51.55999999999999,50.85999999999993,90.38146167557944,86.34610814022585,71.79469268424965,61.01507902041914,52.61744132193337,50.85999999999993,49.10255867806649,0.3118113914342473,0.08220818024140594,0.22960321119284136
2021-10-29,1503,175462,9120178,52.2,52.3,51.6,52.2,0.0,143,52.04000000000006,51.739999999999995,50.93999999999993,91.12842712842729,89.32573635514824,71.79469268424964,61.01507902041915,52.78623942110404,50.93999999999993,49.09376057889581,0.344697037956017,0.13470595178432815,0.20999108617168888
2021-11-01,1503,160141,8377544,52.2,52.4,52.1,52.4,0.2,119,52.20000000000007,51.94,51.06499999999993,93.7950937950939,91.76832753303354,75.16985561074009,62.752167776736975,52.950762445282464,51.06499999999993,49.17923755471739,0.3824883902114635,0.18426243946975523,0.1982259507417083
2021-11-02,1503,148633,7762190,52.4,52.5,51.7,51.9,-0.5,285,52.180000000000064,51.989999999999995,51.16999999999993,81.44078144078141,88.78810078810086,55.721811493418826,56.03053458060222,52.995212316426574,51.16999999999993,49.34478768357329,0.36785211758867575,0.22098037509353935,0.1468717424951364
2021-11-03,1503,99379,5187664,52.3,52.4,51.9,52.0,0.1,111,52.140000000000065,52.00999999999999,51.26999999999994,71.79487179487167,82.34358234358233,58.242633062465565,57.02206557372871,53.04634456117955,51.26999999999994,49.493655438820326,0.3601701134814945,0.2488183227711304,0.11135179071036413
2021-11-04,1503,117596,6158552,52.1,52.5,52.1,52.1,0.1,102,52.120000000000076,52.019999999999996,51.382499999999936,61.53846153846143,71.5913715913715,60.843414544321575,58.04104280028181,53.06751483674074,51.382499999999936,49.69748516325913,0.35802415455442116,0.27065948912778853,0.08736466542663263
2021-11-05,1503,89501,4683736,52.0,52.4,52.0,52.2,0.1,92,52.120000000000076,52.08,51.452499999999944,65.81196581196586,66.38176638176633,63.495935200888766,59.08571160079264,53.1511685962929,51.452499999999944,49.75383140370699,0.3602400083345856,0.2885755929691479,0.07166441536543766
2021-11-08,1503,98165,5144427,52.2,52.5,52.2,52.5,0.3,107,52.14000000000008,52.169999999999995,51.532499999999935,78.63247863247871,68.66096866096866,70.49210361616079,62.1317483000279,53.26981833583731,51.532499999999935,49.79518166416256,0.3818024008024139,0.3072209545358011,0.07458144626661278
2021-11-09,1503,146461,7713225,52.5,52.8,52.5,52.8,0.3,153,52.32000000000007,52.249999999999986,51.67749999999994,88.88888888888896,77.77777777777784,75.88429990049919,64.94251961331372,53.32749242423504,51.67749999999994,50.02750757576484,0.4182766125558146,0.3294320861398038,0.08884452641601082
2021-11-10,1503,169178,8968164,52.8,53.2,52.8,53.0,0.2,171,52.520000000000074,52.33,51.827499999999944,95.83333333333326,87.7849002849003,78.88531136878302,66.71620473733488,53.38296616807674,51.827499999999944,50.272033831923146,0.45804100509701584,0.3551538699312462,0.10288713516576964
2021-11-11,1503,173061,9217253,53.0,53.5,52.6,53.5,0.5,166,52.80000000000007,52.459999999999994,52.00999999999995,95.83333333333326,93.51851851851849,84.5081713003444,70.70639283762958,53.44652358143835,52.00999999999995,50.57347641856155,0.5238616430697789,0.38889542455895276,0.13496621851082613
2021-11-12,1503,134352,7168665,53.3,53.5,53.1,53.2,-0.3,108,53.00000000000007,52.55999999999999,52.14999999999994,90.27777777777776,93.98148148148142,71.23012109650807,65.62301228786643,53.47287565554392,52.14999999999994,50.82712434445596,0.545528961788392,0.4202221320048406,0.12530682978355145
2021-11-15,1503,186294,9923683,53.2,53.4,53.0,53.2,0.0,143,53.140000000000065,52.64,52.28999999999994,88.19444444444453,91.43518518518518,71.23012109650806,65.62301228786643,53.42119405940388,52.28999999999994,51.158805940596004,0.5562879270318817,0.4474352910102488,0.10885263602163286
2021-11-16,1503,192264,10270588,53.2,53.6,53.2,53.5,0.3,158,53.280000000000065,52.8,52.39499999999994,86.11111111111116,88.19444444444447,76.2988455437949,68.26877081029924,53.56542727242332,52.39499999999994,51.22457272757656,0.5823094761311154,0.4744101280344221,0.10789934809669327
2021-11-17,1503,171166,9158995,53.2,53.7,53.2,53.6,0.1,160,53.40000000000007,52.96,52.484999999999935,89.70588235294115,88.0038126361656,77.81860560445014,69.12186479174231,53.732838130541936,52.484999999999935,51.237161869457935,0.604037932250101,0.5003356888775579,0.10370224337254319
2021-11-18,1503,241492,13000954,53.6,54.1,53.4,54.1,0.5,297,53.520000000000074,53.160000000000004,52.58999999999993,95.95588235294106,90.59095860566445,83.85684914754408,73.02666891304787,53.99982268389849,52.58999999999993,51.18017731610137,0.6540640681581422,0.5310813647336747,0.12298270342446749
2021-11-19,1503,181359,9750326,54.1,54.1,53.0,54.1,0.0,354,53.70000000000008,53.35,52.71499999999993,98.03921568627443,94.5669934640522,83.85684914754407,73.02666891304787,54.193208375038836,52.71499999999993,51.23679162496103,0.6858046126085071,0.5620260143086412,0.12377859829986593
2021-11-22,1503,198566,10796047,54.3,54.7,54.1,54.7,0.6,277,54.00000000000008,53.57000000000001,52.869999999999926,99.99999999999996,97.9983660130718,88.8253909265569,77.06338437332809,54.491234097851866,52.869999999999926,51.24876590214799,0.7507203712222292,0.5997648856913588,0.15095548553087046
2021-11-23,1503,230676,12637461,54.7,55.0,54.4,54.6,-0.1,204,54.220000000000084,53.75,52.99999999999992,94.44444444444441,97.49455337690625,83.80970327581863,75.04751085357854,54.73435867110571,52.99999999999992,51.265641328894134,0.785047870179163,0.6368214825889196,0.14822638759024342
2021-11-24,1503,192473,10547460,54.6,55.2,54.3,55.2,0.6,166,54.54000000000009,53.970000000000006,53.14999999999992,94.44444444444441,96.29629629629625,88.39627979994636,78.65530030820456,55.08855616375728,53.14999999999992,51.21144383624256,0.8508594677074868,0.679629079612633,0.1712303880948538
2021-11-25,1503,219489,12124736,55.1,55.4,55.0,55.4,0.2,214,54.80000000000009,54.160000000000004,53.309999999999924,94.44444444444441,94.4444444444444,89.54778930245574,79.7084865529028,55.428395619340705,53.309999999999924,51.19160438065914,0.9086792724068005,0.7254391181714664,0.18324015423533402
2021-11-26,1503,158929,8674227,55.3,55.3,54.1,54.3,-1.1,246,54.84000000000009,54.27,53.41499999999992,84.72222222222216,91.20370370370365,54.71020173461797,61.681683280379204,55.51097232807178,53.41499999999992,51.31902767192806,0.8558750821010577,0.7515263109573846,0.10434877114367302
2021-11-29,1503,94377,5064961,53.5,53.9,53.3,53.8,-0.5,95,54.660000000000096,54.330000000000005,53.48499999999992,62.49999999999989,80.55555555555549,45.353404704175,55.533698843116994,55.53368250347455,53.48499999999992,51.43631749652529,0.7648646756552324,0.7541939838969542,0.010670691758278172
2021-11-30,1503,125892,6715489,53.6,53.8,52.9,52.9,-0.9,134,54.32000000000009,54.27,53.534999999999926,29.16666666666656,58.79629629629621,33.36890025220297,46.54135761547077,55.47229192432107,53.534999999999926,51.59770807567878,0.6130489478055949,0.7259649766786824,-0.11291602887308749
2021-12-01,1503,84842,4538984,52.9,54.3,52.5,54.0,1.1,122,54.0800000000001,54.31,53.63499999999992,28.352490421455872,40.00638569604078,51.604258488617624,55.93340956203815,55.447484482704425,53.63499999999992,51.822515517295415,0.5748679764384406,0.6957455766306341,-0.12087760019219351
2021-12-02,1503,35842,1910125,53.0,53.7,53.0,53.1,-0.9,136,53.6200000000001,54.21,53.684999999999924,24.137931034482747,27.219029374201728,40.91560673169635,48.43549016600186,55.37647864309357,53.684999999999924,51.99352135690628,0.46660803617712787,0.6499180685399328,-0.18331003236280496
2021-12-03,1503,75519,3984281,52.9,53.2,52.6,53.2,0.1,343,53.40000000000009,54.120000000000005,53.73499999999992,32.183908045977034,28.224776500638555,42.46053210973183,49.24954117811829,55.30251395529451,53.73499999999992,52.167486044705335,0.3844487321413155,0.5968242012602094,-0.21237546911889393
2021-12-06,1503,47630,2507005,53.2,53.2,52.4,52.5,-0.7,67,53.140000000000086,53.9,53.73499999999992,16.053639846743323,24.12515964240104,34.98897987106443,44.01170788286141,55.30251395529451,53.73499999999992,52.167486044705335,0.2598572690689096,0.5294308148219494,-0.2695735457530398
2021-12-07,1503,173130,9245189,53.2,54.3,52.8,52.9,0.4,263,53.140000000000086,53.73,53.73999999999993,14.712643678160928,20.98339719029377,41.81468518054096,47.45093689180639,55.29614909312625,53.73999999999993,52.18385090687361,0.19119037043304843,0.46178272594416925,-0.2705923555111208
2021-12-08,1503,109876,5919310,53.8,54.2,53.3,54.2,1.3,139,53.180000000000085,53.629999999999995,53.79999999999993,27.356321839080493,19.37420178799492,58.38253985047487,56.74962704495707,55.3297058540903,53.79999999999993,52.27029414590957,0.23891641428890864,0.4172094636131171,-0.17829304932420847
2021-12-09,1503,55545,2977969,53.5,54.2,53.3,53.5,-0.7,63,53.26000000000008,53.44,53.79999999999993,45.5434563420045,29.204140619748642,49.52386266963092,51.468377951944596,55.3297058540903,53.79999999999993,52.27029414590957,0.21774546387068483,0.3773166636646307,-0.15957119979394585
2021-12-10,1503,63408,3417830,53.3,54.1,53.3,54.1,0.6,185,53.44000000000009,53.419999999999995,53.84499999999993,69.81246218995778,47.57074679034759,56.173828653105254,55.30761611714022,55.354271347385534,53.84499999999993,52.33572865261432,0.2465403549803895,0.35116140192778245,-0.10462104694739294
2021-12-13,1503,53111,2834184,53.8,53.9,52.4,53.9,-0.2,63,53.720000000000084,53.42999999999999,53.879999999999924,75.43859649122815,63.598171674396816,53.43608082271486,53.78037536112276,55.36000000001389,53.879999999999924,52.39999999998596,0.2503364622033146,0.33099641398288887,-0.08065995177957425
2021-12-14,1503,106481,5633273,53.1,53.5,52.6,52.6,-1.3,414,53.66000000000008,53.4,53.83499999999992,59.64912280701765,68.30006049606787,39.01613060869869,45.06880164481394,55.41015078644632,53.83499999999992,52.25984921355352,0.14675407940414686,0.2941479470671405,-0.14739386766299362
2021-12-15,1503,163750,8578675,52.6,53.0,52.2,52.4,-0.2,520,53.30000000000008,53.239999999999995,53.77499999999992,32.99916457811192,56.02896129211925,37.213672709043216,43.89087471775964,55.46836942220051,53.77499999999992,52.08163057779933,0.047972963770561705,0.24491295040782474,-0.19693998663726303
2021-12-16,1503,93241,4915132,52.7,53.0,52.5,53.0,0.6,148,53.20000000000008,53.23,53.719999999999914,19.381787802840382,37.34335839598999,45.95269800910507,48.25981635420412,55.43883681600306,53.719999999999914,52.001163183996766,0.01789689922834725,0.19950974017192924,-0.181612840943582
2021-12-17,1503,88449,4713412,52.9,53.6,52.9,53.5,0.5,87,53.080000000000084,53.25999999999999,53.68999999999992,36.507936507936414,29.62962962962958,52.394672723732484,51.639215714467554,55.402191578079126,53.68999999999992,51.97780842192071,0.03401511761574483,0.16641081566069235,-0.13239569804494752
2021-12-20,1503,128458,6906167,53.5,54.0,53.5,53.8,0.3,147,53.06000000000008,53.389999999999986,53.64499999999991,59.999999999999865,38.62990810359223,56.06070372967854,53.59755679055446,55.29481817181503,53.64499999999991,51.99518182818479,0.07018733865869109,0.1471661202602921,-0.07697878160160102
2021-12-21,1503,118656,6411168,53.6,54.2,53.6,54.1,0.3,111,53.360000000000085,53.50999999999999,53.61999999999991,78.96825396825382,58.49206349206338,59.68293577723047,55.53657802430693,55.22573970494827,53.61999999999991,52.01426029505156,0.12165916610078398,0.1420647294283905,-0.020405563327606513
2021-12-22,1503,39977,2148391,54.1,54.2,53.4,53.4,-0.7,103,53.56000000000008,53.42999999999999,53.529999999999916,78.3333333333331,72.43386243386227,48.744147308010646,50.25919391988744,54.964015341635694,53.529999999999916,52.09598465836414,0.10475921134914046,0.13460362581254048,-0.029844414463400026
2021-12-23,1503,18458,988104,53.6,53.7,53.5,53.5,0.1,289,53.66000000000008,53.42999999999999,53.434999999999924,73.33333333333316,76.87830687830672,50.26344709970546,50.97589149706726,54.5843911431896,53.434999999999924,52.28560885681025,0.09830187687022374,0.12734327602407713,-0.029041399153853398
2021-12-24,1503,31549,1688179,53.5,53.7,53.4,53.5,0.0,56,53.66000000000008,53.36999999999999,53.394999999999925,63.33333333333312,71.66666666666649,50.26344709970547,50.97589149706726,54.47476849372607,53.394999999999925,52.31523150627378,0.09212246237112964,0.12029911329348764,-0.028176650922357993
2021-12-27,1503,75455,4070653,53.6,54.2,53.6,54.1,0.6,341,53.720000000000084,53.39,53.409999999999926,74.99999999999984,70.55555555555539,59.95679276253447,55.443310155206284,54.519774751938805,53.409999999999926,52.30022524806105,0.1340944599872671,0.12305818263224352,0.011036277355023577
2021-12-28,1503,86951,4632910,54.1,54.1,52.5,53.8,-0.3,275,53.66000000000008,53.50999999999999,53.45499999999993,78.82352941176451,72.38562091503252,53.83625409748291,52.850044582220534,54.55131199940605,53.45499999999993,52.3586880005938,0.14151873777782953,0.12675029366136073,0.014768444116468799
2021-12-29,1503,34627,1871081,53.8,54.2,53.7,54.2,0.4,56,53.820000000000086,53.69,53.46499999999993,90.49019607843123,81.4379084967319,60.16228361714534,55.8174189833475,54.58441949243336,53.46499999999993,52.3455805075665,0.17763156239689692,0.13692654740846796,0.04070501498842896
2021-12-30,1503,46170,2502022,54.3,54.6,53.9,53.9,-0.3,53,53.90000000000008,53.779999999999994,53.504999999999924,81.04575163398677,83.4531590413942,53.72086899830225,53.11735860057155,54.626561411623996,53.504999999999924,52.38343858837585,0.179969170717861,0.14553507207034658,0.03443409864751443
2022-01-03,1503,37528,2007765,54.0,54.0,53.1,53.7,-0.2,114,53.940000000000076,53.8,53.52999999999993,74.60317460317458,82.04637410519756,49.591183791957704,51.334541315420736,54.64552678141006,53.52999999999993,52.4144732185898,0.16379528355373907,0.1491871143670251,0.014608169186713982
2022-01-04,1503,58614,3125651,53.4,53.6,53.2,53.2,-0.5,62,53.76000000000008,53.739999999999995,53.56499999999993,52.38095238095239,69.34329287270461,40.50862497930847,47.08019076958031,54.58925582743857,53.56499999999993,52.54074417256128,0.1093707818319487,0.1412238478600098,-0.031853066028061094
2022-01-05,1503,60519,3209654,52.8,53.4,52.8,53.0,-0.2,71,53.60000000000008,53.629999999999995,53.569999999999936,38.09523809523814,55.02645502645507,37.31899392199323,45.457362753602816,54.58212647432933,53.569999999999936,52.557873525670544,0.04952969607462876,0.1228850175029336,-0.07335532142830484
2022-01-06,1503,18353,973794,53.0,53.2,52.8,52.9,-0.1,36,53.340000000000074,53.58,53.50499999999994,25.396825396825378,38.62433862433867,35.680154256310885,44.62902703452279,54.51391030326815,53.50499999999994,52.49608969673173,-0.0058959944312491075,0.09712881511609706,-0.10302480954734616
2022-01-07,1503,48199,2564357,53.4,53.4,53.1,53.1,0.2,90,53.18000000000008,53.54,53.484999999999935,23.809523809523768,29.100529100529126,41.65824888426237,46.720151176425944,54.50925582743858,53.484999999999935,52.46074417256129,-0.03329907395087872,0.0710432373027019,-0.10434231125358062
2022-01-10,1503,51552,2741407,53.1,53.5,52.8,53.1,0.0,70,53.06000000000008,53.5,53.43499999999993,25.396825396825374,24.86772486772487,41.658248884262385,46.72015117642595,54.43154402815089,53.43499999999993,52.438455971848974,-0.05438924652094812,0.0459567405379719,-0.10034598705892002
2022-01-11,1503,61248,3243198,52.9,53.2,52.8,52.9,-0.2,87,53.00000000000008,53.379999999999995,53.384999999999934,20.899470899470924,23.368606701940053,36.980048246965765,44.75970794081671,54.38354894724314,53.384999999999934,52.386451052756726,-0.08624748148016437,0.019515896134344648,-0.10576337761450902
2022-01-12,1503,49280,2630124,53.5,53.6,53.1,53.5,0.6,68,53.10000000000008,53.35,53.42999999999993,24.338624338624367,23.544973544973587,54.76111375940699,51.35446704915203,54.36187982060076,53.42999999999993,52.498120179399095,-0.062361511929921676,0.0031404145214913824,-0.06550192645141306
2022-01-13,1503,66719,3555099,53.2,53.4,53.1,53.4,-0.1,59,53.20000000000008,53.27,53.479999999999926,31.481481481481495,25.573192239858958,51.91303698991972,50.277141446923714,54.283990049717644,53.479999999999926,52.67600995028221,-0.050913968699049406,-0.007670462122616777,-0.043243506576432625
2022-01-14,1503,29574,1567558,53.1,53.1,53.0,53.1,-0.3,162,53.20000000000008,53.19000000000001,53.48499999999992,42.12962962962973,32.64991181657856,43.918474369541485,47.08585936682651,54.27815824401279,53.48499999999992,52.69184175598705,-0.06529650356148409,-0.01919567041039024,-0.04610083315109385
2022-01-17,1503,70015,3717219,52.8,53.4,52.8,53.3,0.2,96,53.24000000000008,53.15000000000001,53.47499999999992,49.99999999999998,41.20370370370376,49.91724200416755,49.39210882281152,54.27218253872352,53.47499999999992,52.67781746127633,-0.05986633567808042,-0.027329803463928277,-0.03253653221415214
2022-01-18,1503,91753,4888711,53.3,53.5,53.0,53.4,0.1,111,53.340000000000074,53.170000000000016,53.45499999999993,58.333333333333236,50.15432098765434,52.858686725379926,50.552576083118794,54.238517708824766,53.45499999999993,52.67148229117509,-0.04695248522038753,-0.03125433981522013,-0.015698145405167403
2022-01-19,1503,125001,6702775,53.6,53.8,53.3,53.8,0.4,118,53.40000000000008,53.250000000000014,53.43999999999993,79.16666666666646,62.499999999999915,62.99975735122953,54.997794685727065,54.18404300953831,53.43999999999993,52.695956990461546,-0.004390893149881947,-0.02588165048215249,0.021490757332270544
2022-01-20,1503,81019,4358354,53.8,53.9,53.6,53.7,-0.1,83,53.46000000000008,53.33000000000002,53.45499999999993,85.60606060606064,74.3686868686868,59.28030211064142,53.698124192122386,54.20726325182289,53.45499999999993,52.70273674817697,0.021027914234700518,-0.016499737538781888,0.037527651773482405
2022-01-21,1503,109907,5845790,53.6,53.6,52.8,52.9,-0.8,126,53.42000000000009,53.31000000000002,53.42499999999993,63.63636363636379,76.13636363636365,38.21989611889015,44.61485578313086,54.21462016187622,53.42499999999993,52.63537983812365,-0.023114363902564605,-0.01782266281153843,-0.0052917010910261755
2022-01-24,1503,64750,3405805,52.4,53.2,52.3,52.6,-0.3,68,53.280000000000086,53.26000000000001,53.379999999999924,36.55303030303054,61.93181818181835,33.078508911321514,41.76199720229601,54.24625631313495,53.379999999999924,52.5137436868649,-0.08136698222773475,-0.030531526694777694,-0.050835455532957055
2022-01-25,1503,263152,13573737,52.3,52.4,51.1,51.1,-1.5,457,52.820000000000086,53.08000000000002,53.229999999999926,9.28030303030313,36.48989898989918,18.53441843119392,31.065642830330937,54.49348723778503,53.229999999999926,51.96651276221482,-0.2457373586109597,-0.0735726930780141,-0.17216466553294557
2022-01-26,1503,39167,2010092,51.5,51.6,51.0,51.3,0.2,68,52.320000000000086,52.860000000000014,53.104999999999926,9.698275862068996,18.510536398467583,23.74958721489422,33.510920941736906,54.59291800850917,53.104999999999926,51.61708199149068,-0.35576272633444717,-0.1300106997293007,-0.22575202660514646
2022-02-07,1503,49174,2539943,51.2,52.2,51.2,51.8,0.5,72,51.94000000000009,52.70000000000001,52.98499999999992,12.643678160919459,10.54075235109722,35.74669302839678,39.307262253742216,54.4873648025855,52.98499999999992,51.48263519741434,-0.39802462154419516,-0.18361348409227962,-0.21441113745191553
2022-02-08,1503,37101,1935790,51.7,52.5,51.7,52.5,0.7,53,51.860000000000085,52.64000000000001,52.91499999999992,29.885057471264293,17.409003831417607,48.88302850549925,46.3578099160692,54.370025772984235,52.91499999999992,51.45997422701561,-0.3707594440413544,-0.22104267608209457,-0.14971676795925984
2022-02-09,1503,65264,3458657,52.2,53.3,52.2,53.3,0.8,84,52.00000000000008,52.64000000000001,52.89499999999991,52.873563218390736,31.800766283524855,59.83248272261735,53.06795936560913,54.31693530093686,52.89499999999991,51.47306469906296,-0.2813549950685683,-0.23310513987938933,-0.048249855189178986
2022-02-10,1503,88991,4670458,52.3,52.9,52.3,52.6,-0.7,116,52.30000000000008,52.56000000000002,52.86499999999991,62.068965517241374,48.275862068965495,49.09668401315712,47.47221432708194,54.28524645750427,52.86499999999991,51.44475354249555,-0.26394290547372634,-0.23927269299825674,-0.024670212475469605
2022-02-11,1503,44713,2337152,52.1,52.5,52.1,52.2,-0.4,59,52.480000000000075,52.40000000000001,52.82499999999991,60.212201591511956,58.38491010904804,43.85117851425534,44.57948866833196,54.27258419446053,52.82499999999991,51.37741580553929,-0.27920189048661115,-0.2472585324959276,-0.03194335799068354
2022-02-14,1503,48125,2499445,52.0,52.3,51.7,52.3,0.1,284,52.58000000000008,52.26000000000001,52.794999999999916,52.615999692461486,58.29905560040496,45.54799873130577,45.474020756716676,54.25988907431532,52.794999999999916,51.330110925684515,-0.2799979398216479,-0.2538064139610717,-0.026191525860576215
2022-02-15,1503,94244,4914758,52.3,52.3,51.8,52.2,-0.1,192,52.520000000000074,52.19000000000002,52.74999999999991,51.61649944258645,54.81490024218666,43.996815098286,44.697077666697105,54.22986485871216,52.74999999999991,51.27013514128765,-0.28540797346224167,-0.2601267258613057,-0.025281247600935974
2022-02-16,1503,114532,6056094,52.5,53.2,52.3,53.1,0.9,114,52.480000000000075,52.24000000000002,52.74999999999991,66.66666666666674,56.966388600571584,58.74803290540055,52.55400294967147,54.22986485871216,52.74999999999991,51.27013514128765,-0.21459921949447391,-0.25102122458793935,0.03642200509346544
2022-02-17,1503,108615,5780176,53.1,53.4,52.8,53.2,0.1,276,52.60000000000008,52.450000000000024,52.76499999999991,78.12911725955219,65.47076112293514,60.11005110160542,53.34709825208582,54.25667690873464,52.76499999999991,51.273323091265176,-0.1486994923744973,-0.23055687814525094,0.08185738577075363
2022-02-18,1503,103862,5540463,53.2,53.5,53.0,53.4,0.2,127,52.840000000000074,52.660000000000025,52.75999999999991,92.2192943932075,79.0050261064755,62.963346712300186,54.96837840144859,54.24243043683283,52.75999999999991,51.277569563167,-0.07941965497423809,-0.20032943351104837,0.12090977853681029
2022-02-21,1503,95728,5109424,52.6,53.6,52.6,53.3,-0.1,139,53.04000000000008,52.810000000000024,52.75499999999992,89.85468722310821,86.734366291956,60.44140729258972,53.95867146496576,54.22941513829953,52.75499999999992,51.280584861700305,-0.032212720772051284,-0.16670609096324895,0.13449337019119767
2022-02-22,1503,135860,7098247,53.2,53.2,52.0,52.0,-1.3,478,53.00000000000008,52.760000000000026,52.69999999999991,64.81481481481464,82.29626547704348,37.599935387067205,42.920943011720055,54.20066651860134,52.69999999999991,51.19933348139848,-0.09856383818318903,-0.15307764040723698,0.05451380222404795
2022-02-23,1503,59243,3088986,52.0,52.5,52.0,52.3,0.3,94,52.840000000000074,52.660000000000025,52.649999999999906,43.85964912280678,66.17638372024324,43.362529843483685,45.6822991487235,54.13391374414142,52.649999999999906,51.166086255858396,-0.12549347332657845,-0.14756080699110527,0.022067333664526817
2022-02-24,1503,114301,5893517,51.6,51.8,51.4,51.7,-0.6,353,52.54000000000008,52.57000000000003,52.564999999999905,20.334928229664968,43.00313072242883,35.675189753560815,41.371465926175716,54.06203039383092,52.564999999999905,51.06796960616889,-0.19302531313034876,-0.15665370821895397,-0.036371604911394795
2022-02-25,1503,42190,2174069,51.9,51.9,51.5,51.5,-0.2,151,52.16000000000008,52.50000000000002,52.44999999999991,16.586921850079705,26.927166400850513,33.374283280560526,40.01593429059905,53.90258390465104,52.44999999999991,50.99741609534878,-0.25968957151643934,-0.17726088087845104,-0.0824286906379883
2022-03-01,1503,54831,2863902,52.5,52.5,52.0,52.0,0.5,106,51.90000000000008,52.47000000000003,52.36499999999991,15.151515151515213,17.357788410419992,43.92309433611229,44.878386662196554,53.710027880770234,52.36499999999991,51.019972119229585,-0.26907393838284577,-0.19562349237933,-0.07345044600351577
2022-03-02,1503,58272,3033947,52.6,52.6,51.7,52.2,0.2,64,51.940000000000076,52.47000000000003,52.329999999999906,22.727272727272776,18.155236576289262,47.781375133146,46.738243935643645,53.653782459488745,52.329999999999906,51.00621754051107,-0.2574055769433343,-0.20797990929213087,-0.04942566765120346
2022-03-03,1503,16391,856563,52.2,52.3,52.1,52.3,0.1,45,51.940000000000076,52.39000000000002,52.314999999999905,34.84848484848484,24.242424242424306,49.79631540353554,47.68864809588219,53.6329908952831,52.314999999999905,50.99700910471671,-0.23735309345718036,-0.21385454612514077,-0.0234985473320396
2022-03-04,1503,116582,6016476,51.5,52.0,51.4,52.0,-0.3,364,52.00000000000008,52.270000000000024,52.3599999999999,34.84848484848484,30.80808080808085,43.87135036015229,45.08925565602044,53.5656533498702,52.3599999999999,51.1543466501296,-0.24286920362093412,-0.21965747762429944,-0.02321172599663468
2022-03-07,1503,232861,11855240,51.1,51.8,50.5,51.3,-0.7,328,51.96000000000008,52.060000000000024,52.3599999999999,32.60381593714916,34.100261878039646,33.13794127106487,39.657462413595454,53.5656533498702,52.3599999999999,51.1543466501296,-0.3002636579814748,-0.2357787136957345,-0.06448494428574031
2022-03-08,1503,122885,6203397,50.4,51.2,50.2,50.5,-0.8,855,51.66000000000008,51.780000000000015,52.2949999999999,23.134118967452196,30.195473251028762,24.986974959093246,34.53677181173529,53.73232390227536,52.2949999999999,50.85767609772444,-0.40562667882826275,-0.26974830672224015,-0.1358783721060226
2022-03-09,1503,131428,6718432,50.8,51.6,50.5,51.6,1.1,136,51.54000000000009,51.74000000000002,52.2499999999999,33.48765432098753,29.741863075196324,46.21095735329329,45.044364520541635,53.714923206196524,52.2499999999999,50.78507679380328,-0.3958042401318309,-0.2949594934041583,-0.10084474672767263
2022-03-10,1503,161932,8434893,51.6,52.3,51.6,52.3,0.7,155,51.54000000000009,51.74000000000002,52.199999999999896,52.77777777777764,36.46651702207249,55.54843184112639,50.49045425085473,53.584196517859205,52.199999999999896,50.81580348214059,-0.32775755180691846,-0.3015191050847103,-0.026238446722208153
2022-03-11,1503,145283,7591422,51.9,52.4,51.9,52.4,0.1,126,51.62000000000008,51.810000000000024,52.1899999999999,79.16666666666653,55.1440329218106,56.798358726403855,51.233947119003396,53.565354499775715,52.1899999999999,50.81464550022408,-0.262732282585894,-0.29376174058494703,0.031029457999053045
2022-03-14,1503,51989,2714870,52.4,52.5,52.0,52.1,-0.3,68,51.780000000000086,51.870000000000026,52.18499999999989,86.11111111111097,72.68518518518508,51.709334527083975,48.86324957880609,53.56089970566798,52.18499999999989,50.8091002943318,-0.23272408268240952,-0.2815542090044395,0.04883012632202999
2022-03-15,1503,113423,5847110,52.4,52.4,51.1,51.7,-0.4,123,52.02000000000008,51.84000000000003,52.154999999999895,78.683574879227,81.3204508856682,45.38395490652611,45.81895329742906,53.545647331300884,52.154999999999895,50.764352668698905,-0.23847009036278166,-0.27293738527610795,0.034467294913326285
2022-03-16,1503,115606,5934010,51.4,51.7,51.0,51.6,-0.1,118,52.02000000000008,51.78000000000003,52.124999999999886,68.41787439613525,77.73752012882443,43.82051246638919,45.063078062355004,53.53620515874063,52.124999999999886,50.713794841259144,-0.2482315483418418,-0.2679962178892547,0.019764669547412905
2022-03-17,1503,122543,6396590,51.7,52.4,51.7,52.4,0.8,133,52.04000000000008,51.790000000000035,52.08999999999988,73.91304347826083,73.67149758454104,57.48893318690782,51.89950489212153,53.43595690869314,52.08999999999988,50.74404309130662,-0.18923290090843636,-0.25224355449309105,0.06301065358465469
2022-03-18,1503,23101,1204481,52.0,52.4,52.0,52.3,-0.1,45,52.020000000000074,51.82000000000003,52.04499999999988,82.60869565217381,74.97987117552331,55.51905472993476,51.04442274242501,53.29635926098756,52.04499999999988,50.793640739012204,-0.14882959706849874,-0.23156076300817258,0.08273116593967383
2022-03-21,1503,9848,513737,52.4,52.4,52.0,52.0,-0.3,35,52.00000000000007,51.89000000000003,51.97499999999989,87.31884057971006,81.28019323671492,49.57373926507302,48.46468274157738,53.06104788110669,51.97499999999989,50.88895211889309,-0.13941014708485966,-0.21313063982351,0.07372049273865033
2022-03-22,1503,9622,501205,52.0,52.2,52.0,52.0,0.0,33,52.06000000000007,52.040000000000035,51.90999999999989,77.6570048309178,82.52818035426725,49.57373926507302,48.46468274157738,52.81088845039611,51.90999999999989,51.00911154960367,-0.1304415165041135,-0.1965928151596307,0.0661512986555172
2022-03-23,1503,70345,3686600,52.6,52.6,52.1,52.6,0.6,99,52.26000000000007,52.14000000000003,51.939999999999884,80.55555555555553,81.84380032206116,60.95563858356739,53.87210896203891,52.88952619766863,51.939999999999884,50.99047380233114,-0.07406505076131964,-0.17208726227996848,0.09802221151864884
2022-03-24,1503,34166,1777287,51.8,52.3,51.8,52.0,-0.6,50,52.180000000000064,52.110000000000035,51.92499999999988,76.38888888888884,78.20048309178742,48.24987067839259,48.402705406296405,52.86068156979814,51.92499999999988,50.98931843020163,-0.07691465679461373,-0.15305274118289752,0.07613808438828379
2022-03-25,1503,38045,1970054,51.7,52.0,51.7,51.8,-0.2,59,52.08000000000006,52.05000000000003,51.92999999999988,70.8333333333332,75.92592592592588,44.631954713047044,46.70069291071074,52.86187982061047,51.92999999999988,50.99812017938929,-0.09422514976321139,-0.14128722289896029,0.047062073135748894
2022-03-28,1503,43363,2252080,51.8,52.2,51.7,52.0,0.2,51,52.08000000000006,52.040000000000035,51.954999999999885,58.33333333333318,68.51851851851843,49.085921733158465,48.64541270352111,52.86598847416344,51.954999999999885,51.04401152583633,-0.09075929496923152,-0.13118163731301452,0.040422342343783
2022-03-29,1503,24467,1267668,52.0,52.0,51.7,51.8,-0.2,37,52.04000000000006,52.05000000000003,51.94499999999988,41.20370370370337,56.790123456789935,44.874451385463146,46.80623430693578,52.85818125257873,51.94499999999988,51.03181874742103,-0.10296400366375025,-0.12553811058316167,0.02257410691941142
2022-03-30,1503,100338,5233718,51.9,52.5,51.8,52.5,0.7,113,52.020000000000074,52.14000000000003,51.95999999999988,54.166666666666345,51.23456790123432,59.17658820822468,53.441170436467964,52.898935567576615,51.95999999999988,51.021064432423145,-0.055512262570694304,-0.1115329409806682,0.05602067840997389
2022-03-31,1503,34068,1782184,52.8,52.8,52.1,52.1,-0.4,54,52.04000000000008,52.110000000000035,51.949999999999875,45.454545454545176,46.94163860830499,50.450455107225004,49.631559972252084,52.87843955110853,51.949999999999875,51.02156044889122,-0.04961118607248238,-0.09914858999903103,0.04953740392654865
2022-04-01,1503,55858,2897850,51.8,52.0,51.8,51.9,-0.2,75,52.06000000000007,52.070000000000036,51.94499999999988,47.811447811447636,49.144219977553085,46.454534786687844,47.796885997735544,52.87338569574271,51.94499999999988,51.01661430425705,-0.06037688185225676,-0.09139424836967618,0.031017366517419417
2022-04-06,1503,46886,2426873,51.6,51.9,51.6,51.9,0.0,74,52.04000000000006,52.06000000000004,51.97499999999989,26.51515151515135,39.92704826038142,46.45453478668786,47.79688599773554,52.855624778243225,51.97499999999989,51.09437522175655,-0.06812348815433467,-0.08674009632660787,0.018616608172273202
2022-04-07,1503,90683,4668815,51.6,51.7,51.3,51.4,-0.5,94,51.96000000000006,52.000000000000036,52.01999999999989,16.616161616161467,30.31425364758685,36.59230554958559,43.16996536182295,52.65118935356697,52.01999999999989,51.38881064643281,-0.11330247043483155,-0.0920525711482526,-0.021249899286578944
2022-04-08,1503,91996,4734376,51.6,51.7,51.2,51.5,0.1,91,51.76000000000006,51.89000000000003,52.014999999999894,16.805555555555465,19.978956228956125,39.585040475205595,44.33067366766812,52.660832795741285,52.014999999999894,51.3691672042585,-0.13943070475220054,-0.10152819786904219,-0.037902506883158354
2022-04-11,1503,111746,5717988,51.5,51.6,50.8,51.4,-0.1,164,51.62000000000006,51.83000000000003,51.9699999999999,18.472222222222204,17.29797979797974,37.51906534038407,43.37659257782974,52.65439754532767,51.9699999999999,51.28560245467213,-0.1662897976817419,-0.11448051783158213,-0.051809279850159776
2022-04-12,1503,41541,2124267,50.8,51.4,50.8,50.9,-0.5,45,51.42000000000006,51.74000000000003,51.894999999999904,17.91666666666664,17.731481481481467,28.76244389312017,38.87184185243491,52.69368642160029,51.894999999999904,51.09631357839952,-0.22532424601477885,-0.13664926346822148,-0.08867498254655737
2022-04-13,1503,175888,8999044,50.9,51.8,50.9,51.8,0.9,117,51.400000000000055,51.72000000000003,51.8799999999999,28.333333333333343,21.574074074074094,52.19346178882704,49.115557995669086,52.67397732968086,51.8799999999999,51.08602267031895,-0.19721363720431384,-0.14876213821543996,-0.04845149898887388
2022-04-14,1503,18091,933020,51.8,51.8,51.4,51.7,-0.1,23,51.46000000000006,51.71000000000002,51.8799999999999,33.333333333333414,26.527777777777832,50.05909328803126,48.15005159759826,52.67397732968086,51.8799999999999,51.08602267031895,-0.1809194150627249,-0.15519359358489695,-0.025725821477827954
2022-04-15,1503,110121,5699636,51.7,52.0,51.3,51.8,0.1,108,51.52000000000006,51.64000000000002,51.88999999999991,59.444444444444436,40.37037037037043,52.33322622521055,49.224958966343095,52.67460180986684,51.88999999999991,51.10539819013297,-0.15811431891119554,-0.15577773865015668,-0.002336580261038862
2022-04-18,1503,69980,3620867,51.5,52.0,51.5,51.8,0.0,79,51.60000000000006,51.610000000000014,51.859999999999914,70.55555555555549,54.44444444444448,52.33322622521055,49.224958966343095,52.60939975983624,51.859999999999914,51.110600240163585,-0.13844520575645447,-0.15231123207141622,0.013866026314961755
2022-04-19,1503,97717,5087572,52.0,52.2,51.9,52.1,0.3,79,51.84000000000005,51.63000000000002,51.84999999999991,86.50793650793632,72.16931216931211,59.806778487073856,52.64094701400818,52.58075303628859,51.84999999999991,51.11924696371123,-0.0975255848431189,-0.14135410262575676,0.043828517782637855
2022-04-20,1503,103744,5424060,52.0,52.5,52.0,52.2,0.1,103,51.92000000000005,51.660000000000025,51.859999999999914,86.18113912231553,81.08154372860248,62.11663699481045,53.75772960898362,52.604043009538294,51.859999999999914,51.115956990461534,-0.056377442135030265,-0.12435877052761146,0.0679813283925812
2022-04-21,1503,321736,17093607,52.3,53.5,52.3,53.3,1.1,276,52.24000000000005,51.85000000000002,51.92499999999991,89.26755887540197,87.31887816855131,78.19683894442892,63.85476809165911,52.898396116719034,51.92499999999991,50.95160388328079,0.06425289693410008,-0.08663643703526916,0.15088933396936924
2022-04-22,1503,507611,27495739,54.0,55.5,53.5,54.0,0.7,401,52.68000000000005,52.10000000000002,51.99499999999991,81.01021338401397,85.48630379391052,83.4213374518957,68.5594949496389,53.29803491896519,51.99499999999991,50.69196508103463,0.21387207544200493,-0.026534734539814343,0.24040680998181926
2022-04-25,1503,154977,8146023,53.1,53.3,52.0,52.1,-1.9,387,52.74000000000005,52.17000000000003,51.99999999999991,62.2548851657701,77.51088580839539,47.43081814503571,49.663777286668214,53.30384048105815,51.99999999999991,50.69615951894166,0.17709083837051054,0.014190380042250636,0.1629004583282599
2022-04-26,1503,472096,25592693,52.2,55.4,52.2,53.9,1.8,421,53.10000000000006,52.47000000000003,52.10499999999992,52.02560826982656,65.09690227320358,64.40438616532609,60.71134218843371,53.64444795301474,52.10499999999992,50.5655520469851,0.28984524421625935,0.06932135287705238,0.22052389133920697
2022-04-27,1503,184931,9759383,52.1,53.5,52.1,52.4,-1.5,201,53.14000000000006,52.53000000000003,52.12499999999992,38.060731538992385,50.78040832486305,49.017287315883664,50.72106111532402,53.66885880184675,52.12499999999992,50.58114119815309,0.25522439131231067,0.10650196056410405,0.14872243074820662
2022-04-28,1503,78743,4135694,52.4,53.5,52.3,52.5,0.1,87,52.980000000000054,52.610000000000035,52.159999999999926,37.69841269841266,42.59491750241057,49.94737456742869,51.296450585726014,53.70453876611738,52.159999999999926,50.61546123388247,0.23316845936406594,0.13183526032409643,0.10133319903996951
2022-04-29,1503,55337,2923320,52.7,53.1,52.5,53.1,0.6,67,52.800000000000054,52.74000000000003,52.18999999999992,28.174603174603163,34.644582470669434,55.61539203836989,54.71316343543329,53.78235674396244,52.18999999999992,50.5976432560374,0.2610942282437705,0.15768705390803123,0.10340717433573926
2022-05-03,1503,221201,11926472,53.2,54.4,53.2,54.4,1.3,216,53.26000000000006,53.000000000000036,52.304999999999914,42.30158730158727,36.058201058201064,65.49297573617204,61.083450210069,54.16454295461131,52.304999999999914,50.445457045388515,0.3837016627991616,0.2028899756862573,0.18081168711290432
2022-05-04,1503,608698,33496569,54.7,55.8,54.0,54.9,0.5,390,53.46000000000006,53.28000000000003,52.45499999999991,59.40685045948201,43.29434697855751,68.6259862635055,63.22603861314499,54.618769858382514,52.45499999999991,50.29123014161731,0.5152749900115197,0.26536697855130975,0.2499080114602099
2022-05-05,1503,169349,9290287,55.2,55.2,54.5,54.5,-0.4,148,53.88000000000007,53.51000000000003,52.58499999999992,70.22556390977441,57.311333890281254,63.26488688914188,60.36285712221539,54.90644351644402,52.58499999999992,50.263556483555824,0.5805785940666581,0.3284093016543794,0.2521692924122787
2022-05-06,1503,229978,12525646,53.3,55.2,53.3,54.9,0.4,208,54.360000000000056,53.67000000000004,52.75999999999992,72.80701754385963,67.47981063770538,66.33329201878114,62.206005848880906,55.22121921007523,52.75999999999992,50.298780789924606,0.6570349380521137,0.39413442893392625,0.2629005091181874
2022-05-09,1503,211436,11428089,54.3,54.9,53.4,53.9,-1.0,270,54.52000000000006,53.66000000000004,52.879999999999924,63.58463726884778,68.87240624082732,53.33875065084903,55.28470500266452,55.31770383763893,52.879999999999924,50.44229616236092,0.6296769746441129,0.4412429380759636,0.18843403656814928
2022-05-10,1503,242611,13080162,52.8,54.8,52.8,54.3,0.4,177,54.50000000000006,53.88000000000003,53.024999999999935,61.474632527264056,65.95542911332386,57.247169167494995,57.329850675022186,55.43819290568253,53.024999999999935,50.61180709431734,0.6329756987587132,0.4795894902125135,0.15338620854619966
2022-05-11,1503,209041,11339330,53.6,54.8,53.5,54.7,0.4,161,54.46000000000006,53.960000000000036,53.21499999999993,58.89317889317889,61.317482896430285,61.053127886944246,59.332919298949214,55.5252164400849,53.21499999999993,50.90478355991497,0.6602556028512439,0.5157227127402596,0.14453289011098425
2022-05-12,1503,195748,10617782,55.0,55.0,53.5,53.7,-1.0,174,54.300000000000054,54.090000000000046,53.30999999999993,54.79817479817484,58.38866207287264,48.46838046114702,52.67551206329273,55.53432012085474,53.30999999999993,51.085679879145125,0.5943323869368342,0.5314446475795745,0.06288773935725966
2022-05-13,1503,246070,13426046,54.1,55.0,53.7,54.5,0.8,177,54.22000000000005,54.29000000000004,53.44999999999993,53.86724386724396,55.85286585286594,56.782768734993795,56.84703572016585,55.60267275730379,53.44999999999993,51.29732724269607,0.599727788862161,0.5451012758360918,0.054626513026069246
2022-05-16,1503,473891,26186344,55.2,55.8,54.6,55.1,0.6,289,54.46000000000005,54.490000000000045,53.61499999999993,56.56565656565666,55.077025077025205,62.129254529018205,59.7151502048464,55.74222824352265,53.61499999999993,51.48777175647721,0.6449836987596385,0.5650777604208012,0.0799059383388373
2022-05-17,1503,578260,32134123,55.2,55.9,55.1,55.9,0.8,383,54.780000000000044,54.64000000000004,53.819999999999936,77.77777777777783,62.73689273689286,68.24098304373254,63.22480390277537,55.99770521421953,53.819999999999936,51.642294785780344,0.736908030459837,0.5994438144286083,0.13746421603122871
2022-05-18,1503,1311308,75705243,55.9,58.9,55.9,57.9,2.0,951,55.42000000000004,54.94000000000004,54.10999999999994,86.75774134790531,73.70039189711332,78.40555421566182,70.21181263974808,56.7827513913635,54.10999999999994,51.43724860863639,0.9600748654903626,0.6715700246409592,0.2885048408494034
2022-05-19,1503,463655,26823042,57.1,58.4,56.6,58.1,0.2,367,56.30000000000005,55.30000000000005,54.40499999999994,90.1639344262295,84.8998178506376,79.18285648543407,70.80907996406303,57.44636482521258,54.40499999999994,51.3636351747873,1.139934068257979,0.7652428333643632,0.3746912348936159
2022-05-20,1503,349359,20386166,58.3,58.7,57.6,58.0,-0.1,265,57.00000000000004,55.61000000000005,54.639999999999944,85.24590163934427,87.38919247115975,77.55441854066505,70.05276163155956,58.01188374651855,54.639999999999944,51.26811625348134,1.2598814884518887,0.8641705643818682,0.3957109240700205
2022-05-23,1503,1008042,59787424,58.9,60.2,57.5,60.0,2.0,732,57.98000000000004,56.22000000000005,54.93999999999994,89.7153576380393,88.37506456787106,84.83265770034853,75.65372652927267,59.023331972793294,54.93999999999994,50.85666802720659,1.4990439232083475,0.9911452361471641,0.5078986870611834
2022-05-24,1503,2337799,141180790,61.0,61.9,59.5,59.8,-0.2,1358,58.76000000000003,56.77000000000005,55.324999999999946,85.75360900415949,86.90495609384773,81.74037715141297,74.16003579968985,59.70581042731079,55.324999999999946,50.944189572689105,1.6533843615707227,1.1235930612318759,0.5297913003388468
2022-05-25,1503,1418167,87050410,60.3,62.3,59.6,61.1,1.3,1035,59.400000000000034,57.410000000000046,55.68499999999993,86.02047900034705,87.16314854751533,85.69470576072749,77.29764792681073,60.678706038609036,55.68499999999993,50.691293961390826,1.859168074115935,1.2707080638086876,0.5884600103072475
2022-05-26,1503,975223,59358319,61.9,62.5,59.3,59.8,-1.3,756,59.74000000000003,58.02000000000004,56.05499999999993,75.62309881267781,82.46572893906152,68.41046567480042,68.35871058803771,61.11641284623594,56.05499999999993,50.99358715376392,1.895503825265422,1.3956672161000345,0.4998366091653874
2022-05-27,1503,555344,33730055,60.4,61.4,59.6,61.2,1.4,437,60.38000000000003,58.69000000000004,56.48999999999993,78.1005762901553,79.91471803439345,74.79717317364214,72.10054602995095,61.74619634336855,56.48999999999993,51.23380365663131,2.014051734852451,1.5193441198505178,0.4947076150019334
2022-05-30,1503,1876759,113840969,61.6,62.2,60.2,60.2,-1.0,536,60.42000000000003,59.200000000000045,56.844999999999935,71.13557746469137,74.95308418917489,64.01227988777075,66.08861728682643,62.09646646185992,56.844999999999935,51.59353353813995,2.004206914900948,1.6163166788606038,0.387890236040344
2022-05-31,1503,378755,23031123,61.2,61.3,60.4,60.8,0.6,274,60.620000000000026,59.69000000000004,57.16499999999993,72.9234627539712,74.05320550293935,67.31158562406218,67.8222870607715,62.559543539544805,57.16499999999993,51.77045646045505,2.0215170198973382,1.6973567470679507,0.32416027282938753
2022-06-01,1503,222729,13578351,60.8,61.5,60.5,60.6,-0.2,166,60.520000000000024,59.96000000000005,57.44999999999992,66.11265194316037,70.0572307206077,64.99435427030994,66.60004056279851,62.93725796733186,57.44999999999992,51.962742032667975,1.9960874210210378,1.757102881858568,0.23898453916246964
2022-06-02,1503,792549,46918980,60.3,60.3,58.2,59.6,-1.0,494,60.48000000000003,60.11000000000005,57.70499999999991,58.395480225988656,65.81053164104013,54.12519728557594,60.708973728113506,63.09331142381826,57.70499999999991,52.31668857618157,1.873644431348481,1.7804111917565506,0.09323323959193042
2022-06-06,1503,185630,11146400,61.2,61.3,58.9,58.9,-0.7,188,60.020000000000024,60.200000000000045,57.904999999999916,40.0930232558139,54.86705180832103,47.62139709936311,56.91389747223313,63.15722809863093,57.904999999999916,52.6527719013689,1.700520784951479,1.7644331103955362,-0.06391232544405723
2022-06-07,1503,242203,14415245,58.8,60.1,58.5,59.7,0.8,196,59.92000000000003,60.17000000000005,58.194999999999915,31.054263565891418,43.18092234923137,54.85444628599039,59.99205268872822,63.16349071651026,58.194999999999915,53.22650928348957,1.6093211100256113,1.7334107103215513,-0.12408960029593996
2022-06-08,1503,140478,8438009,60.2,60.3,59.6,60.2,0.5,120,59.800000000000026,60.21000000000006,58.48999999999992,32.55813953488367,34.56847545219639,58.98438444696621,61.82760761635312,63.19187196763688,58.48999999999992,53.788128032362955,1.559414571436669,1.6986114825445748,-0.13919691110790589
2022-06-09,1503,77943,4637278,59.4,60.1,59.1,59.5,-0.7,68,59.58000000000002,60.050000000000054,58.72999999999992,37.965116279069726,33.859173126615,51.31673257990719,57.82752949447705,63.112738869708046,58.72999999999992,54.34726113029179,1.4467024449474835,1.6482296750251566,-0.20152723007767315
2022-06-10,1503,256221,15177475,58.9,60.3,58.5,59.6,0.1,205,59.58000000000002,60.030000000000065,59.024999999999906,38.00387596899218,36.175710594315255,52.34912536567739,58.24315325751924,62.760170678838506,59.024999999999906,55.28982932116131,1.3498857937671005,1.5885608987735453,-0.23867510500644484
2022-06-13,1503,385242,22084884,58.2,58.2,57.0,57.0,-2.6,350,59.200000000000024,59.610000000000056,59.149999999999906,22.499999999999925,32.82299741602067,31.856906635330557,45.646916747928124,62.40791344268926,59.149999999999906,55.892086557310556,1.0512415708335539,1.481097033185547,-0.42985546235199323
2022-06-14,1503,293338,16666068,57.0,57.7,55.9,57.5,0.5,198,58.760000000000026,59.34000000000005,59.26999999999991,21.190476190476144,27.231450719822806,37.35846110486583,47.977006272072984,62.066497809771434,59.26999999999991,56.47350219022839,0.845167133255039,1.3539110531994454,-0.5087439199444064
2022-06-15,1503,392570,23067611,58.9,59.5,57.5,59.3,1.8,310,58.58000000000003,59.190000000000055,59.439999999999905,30.511463844797145,24.733980011757794,53.22075715511288,55.3910860728838,61.7710083655062,59.439999999999905,57.10899163449361,0.8176710111265137,1.246663044784859,-0.42899203365834526
2022-06-16,1503,577329,34913285,60.3,61.1,59.6,59.6,0.3,437,58.60000000000004,59.09000000000005,59.5249999999999,53.350970017636676,35.017636684303376,55.4159789563038,56.503707923870806,61.74659852359984,59.5249999999999,57.303401476399955,0.8107419010699601,1.1594788160418792,-0.34873691497191905
2022-06-17,1503,201103,12013369,59.5,60.2,59.0,59.6,0.0,171,58.60000000000004,59.09000000000005,59.599999999999895,67.54510921177587,50.46918102473662,55.4159789563038,56.503707923870806,61.723205124349704,59.599999999999895,57.476794875650086,0.7960738871957957,1.0867978302726624,-0.29072394307686666
2022-06-20,1503,141817,8464952,59.5,60.2,59.4,60.0,0.4,163,59.20000000000003,59.20000000000006,59.699999999999896,72.83950617283949,64.5785284674174,58.91495747068398,58.119000066803615,61.69699774663525,59.699999999999896,57.703002253364545,0.8074186183519814,1.0309219878885263,-0.22350336953654493
2022-06-21,1503,701875,42251837,60.0,61.0,59.7,60.2,0.2,422,59.74000000000003,59.25000000000006,59.7099999999999,77.56410256410254,72.64957264957268,60.71350579111691,58.94005440777874,61.71489401217647,59.7099999999999,57.70510598782333,0.8230600046612224,0.9893495912430655,-0.16628958658184312
2022-06-22,1503,501969,29674031,60.5,60.5,58.2,59.6,-0.6,346,59.80000000000003,59.190000000000055,59.699999999999896,77.56410256410254,75.98923710034823,52.64708709379361,55.42930196303918,61.704993765592675,59.699999999999896,57.69500623440712,0.7780718029985323,0.9470940335941589,-0.1690222305956266
2022-06-23,1503,436296,26139869,60.1,60.4,59.1,60.0,0.4,329,59.88000000000004,59.24000000000005,59.644999999999904,77.56410256410254,77.56410256410258,57.082049611056696,57.2571761900378,61.551279098154886,59.644999999999904,57.73872090184492,0.7658665532286335,0.9108485375210538,-0.14498198429242026
2022-06-24,1503,1531250,94033438,60.5,62.8,59.9,62.6,2.6,1085,60.48000000000004,59.540000000000056,59.7849999999999,82.36714975845409,79.1651182955531,74.90526400841358,66.79072011659034,62.08654296072543,59.7849999999999,57.48345703927436,0.9549836190416343,0.9196755538251699,0.03530806521646446
2022-06-27,1503,807207,50925994,63.8,63.8,62.6,62.6,0.0,626,61.00000000000004,60.10000000000006,59.85499999999989,85.63332802463236,81.8548601157297,74.90526400841358,66.79072011659034,62.39702675046251,59.85499999999989,57.31297324953727,1.0922692561425151,0.9541942942886389,0.13807496185387624
2022-06-28,1503,1776639,113502193,63.0,66.7,61.0,62.0,-0.6,1367,61.36000000000005,60.550000000000054,59.944999999999894,74.2532375268948,80.75123843666046,66.26190667348271,63.028244928424314,62.65163998346007,59.944999999999894,57.238360016539716,1.1395184674763357,0.9912591289261783,0.14825933855015738
2022-06-29,1503,442232,27087521,61.7,62.6,60.1,61.4,-0.6,419,61.72000000000005,60.76000000000006,59.974999999999895,54.43510737628379,71.44055764260368,58.399969979317376,59.42329738843225,62.73171906440736,59.974999999999895,57.21828093559243,1.115687867040137,1.01614487654897,0.09954299049116688
2022-06-30,1503,430083,26230494,61.0,62.2,60.1,61.8,0.4,286,62.080000000000055,60.980000000000054,60.0349999999999,41.568627450980294,56.752324118053,61.914600381649755,61.02380094676991,62.89386341052991,60.0349999999999,57.176136589469884,1.1162116089543446,1.036158223030045,0.08005338592429956
2022-07-01,1503,503038,30959807,61.0,62.9,60.4,60.4,-1.4,365,61.64000000000006,61.060000000000045,60.07499999999991,35.29411764705872,43.76595082477431,46.03365614581637,53.12546876637225,62.93078360525798,60.07499999999991,57.21921639474184,0.9922206761639956,1.027370713656835,-0.035150037492839514
2022-07-04,1503,262396,15845487,59.9,61.2,59.5,60.9,0.5,204,61.300000000000054,61.15000000000005,60.17499999999991,33.333333333333236,36.73202614379079,51.24436515339066,55.34827220883528,62.99909277469034,60.17499999999991,57.350907225309484,0.9236554647053055,1.0066276638665292,-0.08297219916122378
2022-07-05,1503,521591,32826628,62.2,63.9,62.0,62.8,1.9,353,61.46000000000006,61.41000000000004,60.329999999999906,35.4437564499483,34.69040247678012,65.85882278451386,62.60507148240312,63.36519356879587,60.329999999999906,57.294806431203945,1.0109772453037067,1.0074975801539647,0.0034796651497419617
2022-07-06,1503,397288,24624821,63.8,63.8,60.7,61.5,-1.3,295,61.48000000000006,61.60000000000004,60.394999999999904,36.07556472881542,34.950884837365685,53.14309383311176,55.90978590528387,63.471670278086734,60.394999999999904,57.318329721913074,0.9641669338602483,0.9988314508952214,-0.034664517034973086
2022-07-07,1503,343735,21386748,62.3,62.9,61.3,62.4,0.9,193,61.60000000000006,61.84000000000003,60.53999999999991,38.91325536062371,36.81085884646251,59.46443809526188,59.16566950469895,63.70632278835565,60.53999999999991,57.373677211644164,0.9882994028562848,0.9967250412874341,-0.008425638431149296
2022-07-08,1503,380257,23744004,62.4,63.4,61.5,61.9,-0.5,277,61.900000000000055,61.770000000000024,60.654999999999916,33.796296296296234,36.26170546191182,54.68296038671798,56.662255382427496,63.8434008531011,60.654999999999916,57.46659914689873,0.9560578967664952,0.9885916123832463,-0.03253371561675111
2022-07-11,1503,295687,18066082,61.6,62.0,60.3,60.8,-1.1,219,61.88000000000005,61.59000000000002,60.844999999999914,34.385521885521804,35.698357847480615,45.328019805185534,51.49958921006119,63.55680751530373,60.844999999999914,58.133192484696096,0.8321529230862694,0.9573038745238509,-0.12515095143758148
2022-07-12,1503,319268,19390136,60.8,61.8,60.1,61.1,0.3,222,61.540000000000056,61.50000000000002,61.024999999999906,33.080808080808026,33.75420875420872,48.15036467797567,52.763655134286005,63.26095617131941,61.024999999999906,58.789043828680406,0.749524776492521,0.9157480549175849,-0.1662232784250639
2022-07-13,1503,253112,15622238,61.9,62.3,61.0,62.2,1.1,213,61.68000000000005,61.58000000000003,61.169999999999916,42.42424242424241,36.63019079685744,57.529288940388234,57.17138022348004,63.313921640372236,61.169999999999916,59.0260783596276,0.7639953194576137,0.8853975078255907,-0.121402188367977
2022-07-14,1503,189951,11668136,61.3,62.2,60.9,60.9,-1.3,178,61.38000000000005,61.49000000000003,61.23499999999992,43.18181818181818,39.56228956228957,46.04535670505158,51.102410738958845,63.2601172805673,61.23499999999992,59.20988271943254,0.6629224363737691,0.8409024935352264,-0.17798005716145726
2022-07-15,1503,346998,21342525,60.7,62.0,60.7,61.8,0.9,233,61.36000000000005,61.63000000000003,61.34499999999993,45.972886762360396,43.85964912280702,53.53666901654894,54.688557092266606,63.23759081685659,61.34499999999993,59.45240918314327,0.6479744802667824,0.8023168908815376,-0.15434241061475518
2022-07-18,1503,602190,37733059,61.8,63.4,61.8,62.9,1.1,384,61.780000000000044,61.83000000000003,61.48999999999993,50.743566533040145,46.63275715907293,61.215339588417336,58.677535082502054,63.39252463848667,61.48999999999993,59.58747536151319,0.7166280818323401,0.7851791290716981,-0.06855104723935801
2022-07-19,1503,611082,38814212,62.9,63.8,62.9,63.7,0.8,464,62.30000000000005,61.92000000000004,61.66499999999993,72.56993835941203,56.42879721827088,65.98502698830237,61.34294780737617,63.69996928725015,61.66499999999993,59.63003071274971,0.8260674781377517,0.7933567988849088,0.03271067925284288
2022-07-20,1503,396945,24858944,62.7,63.5,62.0,62.0,0.0,331,62.26000000000005,61.97000000000004,61.78499999999993,74.7747747747748,66.02942655574235,50.5677063966822,53.452686245738846,63.58863521812166,61.78499999999993,59.981364781878206,0.7667841848939787,0.7880422760867228,-0.021258091192744133
2022-07-21,1503,346607,21521661,62.0,62.9,60.9,62.9,0.9,258,62.660000000000046,62.02000000000004,61.929999999999936,74.7747747747748,74.03982930298723,56.80175251249169,56.63296208188973,63.59745314778213,61.929999999999936,60.26254685221774,0.7833937507583357,0.7871125710210454,-0.0037188202627096434
2022-07-22,1503,167287,10404693,62.9,62.9,61.8,62.2,-0.7,176,62.740000000000045,62.05000000000005,61.90999999999995,61.26126126126127,70.2702702702703,50.969070709387644,53.56739444222748,63.55426275273826,61.90999999999995,60.26573724726163,0.7316389234354403,0.7760178415039244,-0.04437891806848404
2022-07-25,1503,199598,12474627,62.7,63.2,61.7,62.6,0.4,178,62.68000000000004,62.230000000000054,61.90999999999995,64.57425167102588,66.87009590235398,54.11050898499995,55.06425120396686,63.55426275273826,61.90999999999995,60.26573724726163,0.7146613359495788,0.7637465403930552,-0.049085204443476416
2022-07-26,1503,106352,6618185,62.5,62.5,61.9,62.3,-0.3,117,62.40000000000005,62.350000000000044,61.92499999999994,56.553327521069434,60.79628015111886,51.23801733034945,53.66688723173861,63.577725022513825,61.92499999999994,60.272274977486056,0.6692838946321658,0.7448540112408774,-0.0755701166087116
2022-07-27,1503,127585,7982690,62.8,63.1,62.3,62.3,0.0,118,62.46000000000005,62.360000000000035,61.969999999999935,54.838709677419274,58.65542962317153,51.23801733034945,53.66688723173861,63.61207186202193,61.969999999999935,60.32792813797794,0.6261046013534823,0.7211041292633984,-0.09499952790991606
2022-07-28,1503,453488,28949434,62.5,64.9,62.3,64.2,1.9,369,62.72000000000005,62.69000000000004,62.08999999999994,61.90860215053752,57.76687978300874,66.54680220874212,60.946403936055695,63.994625947539674,62.08999999999994,60.185374052460205,0.7367065271168727,0.7242246088340932,0.012481918282779447
2022-07-29,1503,7794318,494286036,63.6,64.4,62.8,63.4,-0.8,388,62.96000000000005,62.850000000000044,62.23999999999994,65.53763440860202,60.76164874551961,57.65518229478833,56.89325188773074,64.05923060661426,62.23999999999994,60.42076939338561,0.7511472777620725,0.7296091426196891,0.02153813514238334
2022-08-01,1503,284707,18130082,64.0,64.5,63.0,63.3,-0.1,358,63.100000000000044,62.89000000000004,62.359999999999935,68.33333333333319,65.25985663082425,56.55321725159161,56.38843998495609,64.12567267635964,62.359999999999935,60.59432732364023,0.7459239652731355,0.7328721071503784,0.01305185812275711
2022-08-02,1503,528997,33005312,62.4,63.3,61.8,62.6,-0.7,469,63.160000000000046,62.780000000000044,62.34999999999993,54.999999999999865,62.9569892473117,48.917671644971016,52.853169951566215,64.1078395831376,62.34999999999993,60.59216041686226,0.6774906125792555,0.7217958082361539,-0.04430519565689839
2022-08-03,1503,563920,34745769,62.6,62.6,61.0,61.7,-0.9,478,63.04000000000004,62.75000000000004,62.359999999999935,40.14957264957257,54.49430199430188,40.67920362462016,48.63154424810627,64.1005746177752,62.359999999999935,60.61942538222468,0.5443591754250221,0.6863084816739276,-0.14194930624890545
2022-08-04,1503,724540,44078557,62.2,62.2,60.0,61.1,-0.6,514,62.42000000000005,62.57000000000005,62.29499999999992,27.63256584685153,40.927379498807994,35.96780214695203,45.99397968719234,64.1198013590661,62.29499999999992,60.47019864093375,0.38598714716544436,0.6262442147722309,-0.24025706760678656
2022-08-05,1503,535367,32908489,61.4,62.6,60.6,61.9,0.8,442,62.12000000000005,62.54000000000004,62.29499999999992,26.39106924821205,31.39106924821206,45.7428744752607,49.895927741786295,64.1198013590661,62.29499999999992,60.47019864093375,0.3213254481339689,0.5652604614445785,-0.24393501331060963
2022-08-08,1503,396359,24155751,60.9,61.5,60.5,61.0,-0.9,405,61.660000000000046,62.38000000000004,62.30499999999993,27.21088435374142,27.078173149601678,38.1074853646275,45.87988067831063,64.09885060694822,62.30499999999993,60.51114939305164,0.1952078725607791,0.49124994366781866,-0.29604207110703956
2022-08-09,1503,256930,15690011,61.4,61.5,60.7,61.2,0.2,274,61.38000000000005,62.27000000000005,62.30999999999993,27.89115646258497,27.164370021512823,40.67481196940774,46.902652345306684,64.0908986495713,62.30999999999993,60.529101350428554,0.11012763104263001,0.4150254811427809,-0.3048978501001509
2022-08-10,1503,426672,26313008,60.9,62.5,60.9,62.3,1.1,406,61.50000000000006,62.27000000000005,62.31499999999993,32.003023431594805,29.035021415973745,53.14580310872403,52.24781100441096,64.09519661836777,62.31499999999993,60.534803381632095,0.12996359417179804,0.35801310374858436,-0.22804950957678632
2022-08-11,1503,427548,26767574,63.0,63.1,62.1,62.9,0.6,380,61.860000000000056,62.14000000000004,62.41499999999993,46.68178382464091,35.52532123960691,58.67407938955459,54.913894490772876,64.08745328785196,62.41499999999993,60.7425467121479,0.19188677218841832,0.32478783743655115,-0.13290106524813283
2022-08-12,1503,250977,15750025,63.0,63.1,62.5,62.6,-0.3,246,62.00000000000006,62.060000000000045,62.45499999999993,64.78114478114475,47.82198401246017,54.89577489591151,53.31118974608441,64.10481817181339,62.45499999999993,60.80518182818646,0.2142837148260739,0.3026870129144557,-0.08840329808838182
2022-08-15,1503,259092,16187714,63.2,63.2,62.1,62.7,0.1,243,62.34000000000005,62.00000000000006,62.44499999999992,75.86910774410774,62.44401211663114,55.99769877704279,53.79527416454975,64.08631045206178,62.44499999999992,60.80368954793806,0.23736640532764142,0.28962289139709285,-0.052256486069451435
2022-08-16,1503,239704,14920137,62.1,62.7,61.3,62.5,-0.2,227,62.60000000000006,61.99000000000005,62.38499999999992,80.42929292929291,73.69318181818181,52.97771653110074,52.620173024521186,63.92288816239932,62.38499999999992,60.84711183760052,0.23679168813852414,0.2790566507453791,-0.04226496260685497
2022-08-17,1503,367389,22882059,62.9,63.0,61.9,61.9,-0.6,352,62.52000000000005,62.01000000000005,62.379999999999924,71.45061728395054,75.91633931911707,44.56565325195548,49.15142186074849,63.92350251054077,62.379999999999924,60.83649748945908,0.18577968249874743,0.2604012570960528,-0.07462157459730534
2022-08-18,1503,376245,23581182,62.5,63.2,62.0,63.2,1.3,278,62.580000000000055,62.22000000000005,62.394999999999925,76.65895061728388,76.17962027684246,60.442833171756824,55.93002845513735,63.964044295119,62.394999999999925,60.82595570488085,0.2473995677382561,0.25780091922449344,-0.010401351486237331
2022-08-19,1503,276770,17280369,62.8,62.8,62.1,62.4,-0.8,282,62.540000000000056,62.27000000000005,62.40499999999993,73.28395061728384,73.79783950617276,50.1337892979715,51.389875348917315,63.97149289817856,62.40499999999993,60.8385071018213,0.22904022349298714,0.2520487800781922,-0.023008556585205064
2022-08-22,1503,188424,11681400,61.9,62.4,61.8,62.0,-0.4,204,62.400000000000055,62.37000000000005,62.37499999999993,71.94202898550716,73.96164340669165,45.59720874510215,49.23769880662683,63.94837217467575,62.37499999999993,60.80162782532411,0.18013714497042344,0.23766645305663844,-0.05752930808621501
2022-08-23,1503,230506,14263406,61.8,62.5,61.5,61.9,-0.1,227,62.28000000000005,62.44000000000004,62.35499999999994,49.135011441647514,64.78699701481287,44.4247176056834,48.68872275020201,63.941789210966206,62.35499999999994,60.768210789033674,0.13179271427644323,0.2164917053005994,-0.08469899102415618
2022-08-24,1503,253589,15788880,62.0,62.8,61.8,62.4,0.5,210,62.38000000000005,62.450000000000045,62.35999999999994,45.76659038901596,55.614543605390246,51.67362171119609,51.594769748949446,63.9466946776362,62.35999999999994,60.77330532236368,0.13230015217402524,0.1996533946752846,-0.06735324250125935
2022-08-25,1503,225705,14166660,62.5,63.0,62.5,62.9,0.5,214,62.32000000000005,62.450000000000045,62.294999999999945,57.89473684210515,50.9321128909229,58.05631593965099,54.377394090174135,63.66682360383549,62.294999999999945,60.9231763961644,0.17107606332256609,0.1939379284047409,-0.022861865082174804
2022-08-26,1503,178550,11304003,62.9,63.5,62.9,63.2,0.3,146,62.480000000000054,62.51000000000005,62.28499999999995,76.1562998405103,59.93920902387716,61.60593633473066,56.01134464431456,63.627050669699344,62.28499999999995,60.94294933030055,0.22343808985407065,0.19983796069460685,0.0236001291594638
2022-08-29,1503,186614,11567477,62.1,62.3,61.7,61.8,-1.4,199,62.440000000000055,62.42000000000004,62.209999999999944,61.8580542264752,65.30303030303024,42.1740728081114,47.467611660538616,63.48263506161102,62.209999999999944,60.93736493838887,0.1502352549160264,0.18991741953889077,-0.03968216462286436
2022-08-30,1503,207303,12961417,61.9,63.1,61.9,62.8,1.0,176,62.62000000000005,62.45000000000003,62.21999999999995,55.45454545454538,64.48963317384364,54.210038064984104,52.984217837765655,63.50778880257601,62.21999999999995,60.93221119742389,0.17094260355527524,0.18612245634216767,-0.015179852786892434
2022-08-31,1503,268081,17008403,62.9,63.7,62.9,63.6,0.8,276,62.86000000000005,62.62000000000004,62.31499999999994,58.48484848484835,58.599149388623,61.65846544367294,56.8849686854645,63.71110171550826,62.31499999999994,60.91889828449162,0.2490359097135979,0.19870514701645373,0.05033076269714418
2022-09-01,1503,284052,17740441,62.8,63.4,62.1,62.1,-1.5,311,62.700000000000045,62.51000000000003,62.36499999999994,62.5757575757575,58.83838383838377,45.47655138063486,48.72252354146671,63.65072936500909,62.36499999999994,61.079270634990785,0.18772398821697323,0.19650891525655761,-0.00878492703958439
2022-09-02,1503,144953,9015981,62.5,62.6,62.0,62.0,-0.1,207,62.46000000000005,62.47000000000004,62.36999999999993,48.48484848484844,56.51515151515145,44.56683810523121,48.22570843509458,63.64921851145469,62.36999999999993,61.090781488545176,0.1295710697997663,0.18312134616519934,-0.05355027636543305
2022-09-05,1503,146523,9093827,62.1,62.4,61.9,61.9,-0.1,198,62.48000000000004,62.460000000000036,62.41499999999994,19.99999999999991,43.68686868686864,43.55045715452126,47.70188461964074,63.55390298096164,62.41499999999994,61.27609701903825,0.07455586511620282,0.16140824995540004,-0.08685238483919722
2022-09-06,1503,341955,21196253,62.0,62.8,60.6,62.3,0.4,299,62.38000000000004,62.500000000000036,62.469999999999935,29.188660801563874,32.557836428804094,48.98032390037752,50.039525803507615,63.466192752456244,62.469999999999935,61.473807247543625,0.0625119769439948,0.14162899535311899,-0.07911701840912419
2022-09-07,1503,285345,17661291,62.3,62.6,61.5,61.9,-0.4,293,62.04000000000004,62.45000000000003,62.449999999999946,35.59139784946219,28.260019550342008,44.03828734942436,47.74141087587998,63.474695076616854,62.449999999999946,61.42530492338304,0.02045466311170685,0.11739412890483655,-0.0969394657931297
2022-09-08,1503,141122,8806972,61.9,62.9,61.9,62.1,0.2,148,62.04000000000004,62.37000000000004,62.40999999999993,48.38709677419343,37.72238514173984,47.14896217298089,49.002546338362045,63.423706071822714,62.40999999999993,61.39629392817715,0.0032250905865609525,0.09456032124118144,-0.09133523065462049
2022-09-12,1503,152894,9621678,62.7,63.2,62.6,63.1,1.0,154,62.26000000000005,62.360000000000035,62.43499999999993,56.98924731182789,46.98924731182785,60.08984321302692,54.867303412009875,63.49003554444836,62.43499999999993,61.3799644555515,0.06946146435647194,0.08954054986423954,-0.020079085507767602
2022-09-13,1503,146587,9220564,63.1,63.3,62.4,62.4,-0.7,246,62.36000000000005,62.42000000000004,62.41999999999994,62.36559139784939,55.913978494623585,50.07630747615149,50.49015786620006,63.46804580054878,62.41999999999994,61.371954199451096,0.06472401971060293,0.08457724383351221,-0.019853224122909283
2022-09-14,1503,234255,14537457,62.3,62.7,61.7,62.0,-0.4,221,62.30000000000005,62.340000000000046,62.39499999999994,62.90322580645155,60.75268817204296,45.06932391579912,48.12741457881151,63.45796754421152,62.39499999999994,61.33203245578836,0.028365918979957883,0.07333497886280135,-0.04496905988284347
2022-09-15,1503,248613,15510500,62.1,63.0,62.0,63.0,1.0,228,62.52000000000005,62.280000000000044,62.44999999999993,65.65113500597369,63.639984070091565,57.47178385449313,53.93155670699036,63.51864400061508,62.44999999999993,61.38135599938478,0.0793290489604459,0.07453379288233027,0.004795256078115637
2022-09-16,1503,4551599,280530399,62.5,62.7,61.6,61.6,-1.4,698,62.42000000000005,62.23000000000004,62.369999999999926,58.641975308642,62.39877870702244,41.98758839044229,46.146655678630175,63.441634265993216,62.369999999999926,61.29836573400664,0.006672480723388219,0.060961530450541854,-0.054289049727153635
2022-09-19,1503,365884,22713436,62.8,63.0,61.4,61.8,0.2,404,62.160000000000046,62.210000000000036,62.33999999999992,56.79012345679013,60.36107792380196,44.48061747199291,47.31661418906448,63.439818166815016,62.33999999999992,61.24018183318482,-0.0343738047127502,0.04189446341788344,-0.07626826813063364
2022-09-20,1503,558718,34851662,62.1,63.2,61.3,62.2,0.4,549,62.12000000000005,62.240000000000045,62.34999999999992,42.160493827160565,52.53086419753092,49.54034877860532,49.67158596494297,63.44087121148874,62.34999999999992,61.259128788511106,-0.034232019174538664,0.02666916689939902,-0.060901186073937685
2022-09-21,1503,411455,25277570,62.1,62.4,60.8,60.8,-1.4,1003,61.88000000000005,62.090000000000046,62.294999999999916,29.814814814814866,42.92181069958854,36.104637783532134,42.50934159584733,63.56696698072602,62.294999999999916,61.02303301927381,-0.1454117368391934,-0.00774701384831946,-0.13766472299087393
2022-09-22,1503,4023300,243398905,60.7,61.5,59.6,60.5,-0.3,803,61.38000000000005,61.950000000000045,62.19999999999991,23.108108108108183,31.69447225002789,33.8121136192824,41.140392067564655,63.69130815060528,62.19999999999991,60.70869184939454,-0.2547928633646137,-0.05715618375157831,-0.19763667961303538
2022-09-23,1503,756812,45571651,61.2,61.3,59.2,60.6,0.1,709,61.18000000000005,61.80000000000005,62.0849999999999,19.490221929246303,24.137714950723137,35.40711530008656,41.81304664961848,63.69282461732105,62.0849999999999,60.47717538267875,-0.32960949681484664,-0.11164684636423197,-0.21796265045061466
2022-09-26,1503,556967,32764595,59.5,59.8,58.0,58.6,-2.0,592,60.540000000000056,61.350000000000044,61.85499999999989,23.336375775400157,21.978235270918233,22.663617477638056,33.55394200745497,63.98898687907664,61.85499999999989,59.72101312092314,-0.5440144432865139,-0.19812036574868838,-0.34589407753782553
2022-09-27,1503,753059,43561864,58.6,58.8,57.0,58.3,-0.3,607,59.76000000000006,60.94000000000004,61.67999999999989,22.217514979119994,21.681370894588838,21.320734075708568,32.51641420052778,64.31787793502052,61.67999999999989,59.042122064979274,-0.7297275558408245,-0.3044418037671156,-0.4252857520737089
2022-09-28,1503,745645,43213786,58.6,59.0,56.8,58.0,-0.3,609,59.20000000000006,60.54000000000004,61.4399999999999,17.08540115798179,20.879763970834002,19.942166076825256,31.468520560091456,64.47077547833315,61.4399999999999,58.409224521666644,-0.8908449225903112,-0.4217224275317547,-0.4691224950585565
2022-09-29,1503,332640,19397169,58.0,59.0,57.6,57.9,-0.1,236,58.68000000000005,60.030000000000044,61.1549999999999,18.968413978494603,19.423776705198815,19.45301996373256,31.108639489067773,64.38515479506215,61.1549999999999,57.92484520493765,-1.0149016068232086,-0.5403582633900454,-0.4745433434331632
2022-09-30,1503,152933,8862215,57.3,58.6,57.3,58.1,0.2,217,58.18000000000005,59.68000000000004,60.954999999999906,18.750000000000014,18.26793837882549,23.813374487076214,32.76476886175991,64.41359798185039,60.954999999999906,57.49640201814942,-1.084576768466384,-0.6492019644053132,-0.4353748040610709
2022-10-03,1503,300779,17238682,57.2,58.0,56.8,57.0,-1.1,283,57.860000000000056,59.200000000000045,60.704999999999906,13.690476190476211,17.1362967229903,17.674076126850387,28.680917627836344,64.528859307043,60.704999999999906,56.881140692956805,-1.2145550088595698,-0.7622725732961645,-0.4522824355634053
2022-10-04,1503,168633,9651106,57.5,57.8,57.0,57.0,0.0,185,57.60000000000006,58.68000000000004,60.4599999999999,9.379749240121617,13.940075143532637,17.674076126850384,28.68091762783634,64.56385184918543,60.4599999999999,56.356148150814384,-1.3025487298643839,-0.8703278046098084,-0.43222092525457545
2022-10-05,1503,591916,33958749,57.4,58.5,56.4,56.9,-0.1,467,57.38000000000005,58.29000000000004,60.189999999999905,6.010276451005956,9.693500627201283,17.12769265483974,28.308900878116773,64.48040790602263,60.189999999999905,55.89959209397718,-1.3646230271773874,-0.9691868491233242,-0.39543617805406317
2022-10-06,1503,110062,6251842,56.9,57.2,56.6,56.6,-0.3,129,57.12000000000005,57.90000000000005,59.9249999999999,6.7805845742552675,7.390203421794303,15.455410966344699,27.170304254477816,64.4104765633167,59.9249999999999,55.43952343668309,-1.4216371002610515,-1.0596768993508696,-0.3619602009101819
2022-10-07,1503,379104,21377182,56.5,57.3,55.8,56.2,-0.4,359,56.74000000000005,57.46000000000005,59.6299999999999,9.528811524609914,7.439890849957069,13.417571301790957,25.686827410898765,64.27762304840445,59.6299999999999,54.982376951595356,-1.4820140851526844,-1.1441443365112325,-0.3378697486414519
2022-10-11,1503,702967,37928065,55.2,55.2,52.6,54.4,-1.8,643,56.22000000000005,57.04000000000004,59.194999999999915,15.502450980392211,10.603949026419153,7.928941267685016,20.312277619548368,64.08436601207715,59.194999999999915,54.30563398792267,-1.6560186848808627,-1.2465192061851584,-0.40949947869570424
2022-10-12,1503,330522,17785511,54.1,54.4,53.3,54.1,-0.3,324,55.64000000000006,56.62000000000005,58.7799999999999,21.354166666666696,15.46180972388963,7.344740602160685,19.577065512599887,63.9136536696648,58.7799999999999,53.64634633033501,-1.7974066911079944,-1.3566967031697257,-0.44070998793826877
2022-10-13,1503,301155,16002308,54.1,54.1,52.6,52.7,-1.4,322,54.800000000000054,56.09000000000005,58.314999999999905,17.743055555555536,18.19989106753817,5.241959455208276,16.56398744969331,63.86559456275249,58.314999999999905,52.76440543724732,-1.999378414606653,-1.4852330454571112,-0.5141453691495419
2022-10-14,1503,354087,18965010,53.6,54.2,53.0,53.2,0.5,265,54.12000000000006,55.62000000000006,57.82499999999991,11.757886064030133,16.951702762084143,15.340987308899132,21.227002458986153,63.364990974726965,57.82499999999991,52.285009025272856,-2.0949473898308852,-1.607175914331866,-0.4877714754990192
2022-10-17,1503,264390,13763952,52.9,52.9,51.6,52.2,-1.0,277,53.320000000000064,55.030000000000065,57.35499999999992,6.843936788667821,12.114959469417853,12.28576685281212,18.94637625808815,63.124393382328215,57.35499999999992,51.58560661767162,-2.225721403014191,-1.730885012068331,-0.49483639094585996
2022-10-18,1503,199776,10646385,52.6,54.0,52.4,53.9,1.7,173,53.22000000000006,54.72000000000006,56.95999999999992,17.399492344223358,12.000438398973793,37.121915748098154,32.26891717402524,62.53652221371448,56.95999999999992,51.38347778628537,-2.1672027933656253,-1.8181485683277898,-0.34905422503783545
2022-10-19,1503,310555,16709492,53.4,54.3,53.4,54.0,0.1,273,53.20000000000007,54.42000000000006,56.54999999999992,28.04474955504702,17.429392895979422,38.320457576928305,32.96689197702205,61.71584939773234,56.54999999999992,51.384150602267496,-2.088680204115427,-1.8722548954853173,-0.21642530863010956
2022-10-20,1503,629035,33954803,55.6,55.6,53.1,53.1,-0.9,443,53.28000000000007,54.04000000000006,56.16499999999992,33.918128654970744,26.454123518080397,31.929875484136062,29.973169183972104,61.15109065301184,56.16499999999992,51.178909346988,-2.07515190536823,-1.9128342974619,-0.1623176079063302
2022-10-21,1503,329225,17667305,53.1,54.5,52.8,53.8,0.7,237,53.40000000000008,53.76000000000006,55.82999999999991,41.14035087719294,34.367743029070255,40.87673219696421,34.923116106033255,60.49609044062108,55.82999999999991,51.163909559378745,-1.9850639003056898,-1.9272802180306579,-0.057783682275031945
2022-10-24,1503,3786067,206739291,55.2,55.2,53.9,54.6,0.8,218,53.88000000000009,53.60000000000006,55.529999999999916,52.10526315789469,42.387914230019476,49.69293642131504,40.13158925881164,59.672994086413055,55.529999999999916,51.387005913586776,-1.8280426553101847,-1.9074327054865632,0.07939005017637846
2022-10-25,1503,288599,15791977,55.0,55.4,53.8,54.9,0.3,236,54.080000000000084,53.650000000000055,55.34499999999993,70.83333333333326,54.69298245614031,52.77387860461226,42.00607497144038,59.24652534274084,55.34499999999993,51.44347465725902,-1.6602562935010567,-1.8579974230894618,0.19774112958840506
2022-10-26,1503,220771,12136055,54.5,55.4,54.4,55.2,0.3,228,54.320000000000086,53.76000000000006,55.18999999999993,82.49999999999997,68.47953216374266,55.92316239117504,43.89776195255677,58.84836028844227,55.18999999999993,51.53163971155758,-1.485947818653436,-1.7835875022022567,0.29763968354882064
2022-10-27,1503,259269,14460999,55.6,56.4,54.8,56.4,1.2,197,54.98000000000009,54.13000000000007,55.109999999999935,90.8333333333333,81.38888888888886,66.38429161229892,50.80957554417227,58.58442081504906,55.109999999999935,51.635579184950814,-1.2367209757539825,-1.6742141969126019,0.4374932211586193
2022-10-28,1503,126255,7037213,56.8,56.8,55.1,55.1,-1.3,184,55.24000000000009,54.320000000000064,54.96999999999993,83.7878787878788,85.70707070707071,51.06603952862234,44.42430552654912,58.20054175024084,54.96999999999993,51.73945824975902,-1.1310677971204655,-1.5655849169541747,0.4345171198337092
2022-10-31,1503,277122,15348733,55.2,56.2,54.7,54.7,-0.4,216,55.26000000000009,54.570000000000064,54.79999999999993,69.62121212121217,81.41414141414144,47.15963054779757,42.64832970187087,57.69413199423369,54.79999999999993,51.90586800576617,-1.0673102606170417,-1.465929985686748,0.39861972506970633
2022-11-01,1503,215928,11973976,55.3,55.9,54.8,55.7,1.0,193,55.420000000000094,54.75000000000007,54.734999999999935,60.45454545454555,71.28787878787885,56.79859179779668,48.22136381735757,57.48329037767957,54.734999999999935,51.9867096223203,-0.9254226150873848,-1.3578285115668753,0.43240589647949057
2022-11-02,1503,104347,5808063,56.3,56.3,55.3,55.5,-0.2,193,55.480000000000096,54.90000000000007,54.65999999999993,62.50000000000009,64.19191919191927,54.479723573158026,47.23280158100957,57.23324697610769,54.65999999999993,52.08675302389218,-0.8196653701272609,-1.2501958832789524,0.43053051315169144
2022-11-03,1503,95645,5285031,55.7,55.7,55.0,55.3,-0.2,115,55.26000000000009,55.12000000000006,54.57999999999993,63.33333333333338,62.09595959595968,52.00280319892323,46.2125457077743,56.96209991395169,54.57999999999993,52.197900086048165,-0.7434206298294157,-1.1488408325890451,0.4054202027596294
2022-11-04,1503,96152,5297742,55.1,55.5,54.9,55.4,0.1,105,55.32000000000009,55.280000000000065,54.51999999999994,56.94444444444446,60.92592592592598,53.24286084652159,46.830959135605674,56.751232843081006,54.51999999999994,52.28876715691887,-0.6672354842418784,-1.0525197629196117,0.3852842786777333
2022-11-07,1503,89695,4960700,55.2,55.6,55.2,55.3,-0.1,95,55.4400000000001,55.35000000000006,54.47499999999993,46.94444444444442,55.74074074074076,51.68496988245883,46.2582009003693,56.60279228310597,54.47499999999993,52.34720771689389,-0.6079196524084338,-0.9635997408173761,0.3556800884089423
2022-11-08,1503,187180,10457844,55.5,56.4,55.4,55.7,0.4,142,55.4400000000001,55.430000000000064,54.53999999999993,46.15079365079367,50.01322751322753,57.489636420264254,48.94785809987695,56.733080025910475,54.53999999999993,52.34691997408938,-0.5226104433946688,-0.8754018813328346,0.3527914379381658
2022-11-09,1503,200000,11196759,55.7,56.6,55.6,56.1,0.4,187,55.5600000000001,55.52000000000006,54.63999999999993,50.59523809523814,47.89682539682542,62.715627341366876,51.55872641153243,56.92420664565335,54.63999999999993,52.35579335434651,-0.4179082375474792,-0.7839031525757635,0.3659949150282843
2022-11-10,1503,108155,6016010,56.4,56.4,55.2,55.2,-0.9,116,55.5400000000001,55.40000000000007,54.76499999999993,46.867167919799556,47.87106655527713,47.414742791501126,45.87405540172321,56.87807832321626,54.76499999999993,52.6519216767836,-0.402908979547,-0.7077043179700108,0.30479533842301076
2022-11-11,1503,237214,13260859,56.1,56.5,55.3,56.2,1.0,183,55.7000000000001,55.51000000000007,54.91499999999993,56.920077972709606,51.46082799591577,60.049508085833814,52.18262706875024,56.98794476531542,54.91499999999993,52.84205523468444,-0.30679378903897003,-0.6275222121838027,0.32072842314483263
2022-11-14,1503,161190,9168654,55.9,57.4,55.8,57.3,1.1,180,56.1000000000001,55.770000000000074,55.16999999999992,66.69785575048734,56.82836721433218,69.46495957917668,57.983845549846,57.09364237841922,55.16999999999992,53.24635762158063,-0.14024435158636095,-0.5300666400643144,0.3898222884779534
2022-11-15,1503,220171,12604531,57.4,57.8,56.9,56.9,-0.4,225,56.3400000000001,55.89000000000008,55.31999999999992,80.91443167305238,68.17745513208313,63.150847346933105,55.35397534418276,57.29139544486895,55.31999999999992,53.3486045551309,-0.04006750627065969,-0.43206681330558344,0.39199930703492375
2022-11-16,1503,252977,14236385,56.9,57.4,55.7,55.7,-1.2,268,56.260000000000105,55.91000000000008,55.40499999999993,64.18390804597705,70.59873182317227,47.909158354155956,48.27947492975932,57.28593062074288,55.40499999999993,53.52406937925698,-0.05685125986923367,-0.3570237026183135,0.30017244274907984
2022-11-17,1503,256705,14594784,56.0,57.8,56.0,57.1,1.4,199,56.640000000000114,56.090000000000074,55.604999999999926,56.542882404951456,67.21374070799364,60.79000209377449,55.43543778995317,57.30497058799527,55.604999999999926,53.90502941200458,0.04232786491672158,-0.2771533891113065,0.31948125402802807
2022-11-18,1503,142231,8087330,56.8,57.7,56.5,56.5,-0.6,145,56.70000000000012,56.20000000000008,55.73999999999993,50.22104332449167,56.982611258473405,54.10104246033358,52.107945909522044,57.26499180327214,55.73999999999993,54.21500819672772,0.07168669071862865,-0.20738537314531946,0.2790720638639481
2022-11-21,1503,127537,7250879,56.5,57.2,56.4,57.2,0.7,145,56.680000000000106,56.39000000000008,55.86999999999993,66.66666666666674,57.81019746536996,60.079821107560164,55.466467478117075,57.42704848994723,55.86999999999993,54.312951510052635,0.14971213326179367,-0.13596587186389683,0.2856780051256905
2022-11-22,1503,264245,15081306,57.2,57.7,56.6,56.8,-0.4,188,56.6600000000001,56.50000000000008,55.96499999999993,62.82051282051284,59.90274093722376,55.27937581803803,53.17183589052165,57.505486936018656,55.96499999999993,54.42451306398121,0.17722822490374313,-0.07332705251036883,0.250555277414112
2022-11-23,1503,261046,14972188,57.0,58.0,56.6,57.8,1.0,229,57.08000000000011,56.67000000000007,56.09499999999993,77.01804368471034,68.83507439062998,63.73155393123135,57.86484841101095,57.78671510605271,56.09499999999993,54.403284893947145,0.27653880126248964,-0.003353881755797136,0.2798926830182868
2022-11-24,1503,122844,7089518,57.8,58.0,57.4,57.5,-0.3,279,57.1600000000001,56.90000000000007,56.14999999999992,77.46397456542377,72.434177023549,59.77729514721507,56.05005755578064,57.94610690106391,56.14999999999992,54.353893098935934,0.32726316962033764,0.06276952851942982,0.2644936411009078
2022-11-25,1503,880330,52118827,58.0,59.8,57.9,58.8,1.3,390,57.620000000000104,57.16000000000006,56.33499999999992,82.1544060851236,78.87880811175258,69.38153305421292,61.66126497497465,58.4021477934703,56.33499999999992,54.26785220652955,0.4669786927540329,0.14361136136635044,0.3233673313876825
2022-11-28,1503,740983,43172615,58.3,58.6,57.5,58.5,-0.3,321,57.88000000000011,57.280000000000065,56.52499999999992,74.05443619653586,77.89093894902776,65.19068537477607,59.76496403477605,58.6537320169645,56.52499999999992,54.396267983035344,0.5471891032689911,0.22432690974687858,0.3228621935221125
2022-11-29,1503,496531,29086247,58.7,58.9,57.8,58.8,0.3,214,58.28000000000011,57.47000000000006,56.679999999999914,72.52888318356867,76.24590848840938,67.48221624775422,61.05479703835568,58.989632005332,56.679999999999914,54.37036799466783,0.6277278681651097,0.3050071014305248,0.32272076673458494
2022-11-30,1503,353046,20921315,58.8,59.5,58.4,59.4,0.6,161,58.6000000000001,57.84000000000005,56.87499999999992,76.73739585693072,74.4402384123451,71.81204392062837,63.570162018281295,59.4015589247137,56.87499999999992,54.348441075286146,0.7315376940163176,0.39031321994768337,0.34122447406863426
2022-12-01,1503,140450,8400346,59.5,60.4,59.5,59.5,0.1,165,59.0000000000001,58.080000000000055,57.08499999999992,79.80650154798762,76.3575935294957,72.52343377953642,63.98763855503066,59.74753638473726,57.08499999999992,54.422463615262586,0.8125107747371629,0.4747527309055793,0.33775804383158364
2022-12-02,1503,347270,21107783,59.5,61.8,59.5,60.7,1.2,280,59.380000000000095,58.50000000000006,57.34999999999992,81.52714932126702,79.35701557539515,79.69696609785538,68.63294628570759,60.32556717283473,57.34999999999992,54.374432827165116,0.9624183362735792,0.5722858519791792,0.39013248429439995
2022-12-05,1503,116643,7099482,61.6,61.6,60.3,60.3,-0.4,139,59.7400000000001,58.810000000000045,57.59999999999992,75.83333333333337,79.05566140086269,72.35112660516842,65.59555509393819,60.68285581888824,57.59999999999992,54.517144181111604,1.0369907182605331,0.6652268252354501,0.37176389302508306
2022-12-06,1503,332129,20265858,60.3,61.8,60.3,60.9,0.6,303,60.160000000000096,59.22000000000005,57.85999999999992,76.51515151515156,77.95854472325067,76.19147164823143,67.89101941300264,61.12949537391561,57.85999999999992,54.59050462608423,1.1314620634838093,0.7584738728851219,0.3729881905986874
2022-12-07,1503,133275,8083223,60.9,61.4,59.9,60.1,-0.8,134,60.30000000000009,59.45000000000006,58.059999999999924,70.38813899279019,74.24554128042506,62.654267215287994,61.95549316882979,61.363573822401115,58.059999999999924,54.75642617759873,1.1287662563113443,0.8325323495703664,0.29623390674097794
2022-12-08,1503,67372,4025330,59.7,60.0,59.5,59.7,-0.4,87,60.34000000000009,59.67000000000006,58.284999999999926,63.72445384073299,70.20924811622493,56.770418285971104,59.169993513181176,61.38549995969272,58.284999999999926,55.18450004030713,1.081881891645608,0.8824022579854147,0.1994796336601934
2022-12-09,1503,80053,4771124,60.0,60.0,59.3,59.3,-0.4,152,60.060000000000095,59.72000000000006,58.43999999999992,49.70930232558146,61.27396505303489,51.16473709152489,56.43740036461573,61.41549995800002,58.43999999999992,55.46450004199982,1.0009111570311973,0.9061040377945713,0.09480711923662599
2022-12-12,1503,48736,2885185,59.3,59.4,59.0,59.2,-0.1,85,59.84000000000009,59.79000000000006,58.534999999999926,37.397400820793514,50.277052329036,49.73244078065132,55.74429608376414,61.480012733428794,58.534999999999926,55.58998726657106,0.9180889443614291,0.9085010191079428,0.009587925253486285
2022-12-13,1503,154268,9208544,59.2,60.3,59.0,59.7,0.5,159,59.600000000000094,59.880000000000074,58.67499999999992,28.676470588235386,38.59439124487014,56.788724105105445,58.48931989978402,61.56143378584335,58.67499999999992,55.78856621415649,0.8826232342143285,0.9033254621292199,-0.020702227914891402
2022-12-14,1503,268267,16324164,59.8,61.5,59.8,60.1,0.4,235,59.600000000000094,59.95000000000008,58.89499999999991,29.27170868347351,31.781860030834153,61.794290821395926,60.59504820432645,61.49767170424192,58.89499999999991,56.292328295757905,0.8766871566436407,0.8979978010321041,-0.021310644388463418
2022-12-15,1503,115156,6944562,60.1,60.7,59.7,60.7,0.6,123,59.80000000000009,60.070000000000086,59.07499999999992,41.6666666666668,33.204948646125246,68.23388275277503,63.57949849807264,61.654050212783325,59.07499999999992,56.49594978721651,0.9099088946535829,0.9003800197563999,0.009528874897183015
2022-12-16,1503,146278,8765698,60.1,60.4,59.6,59.6,-1.1,219,59.86000000000009,59.96000000000008,59.22999999999992,40.47619047619059,37.13818860877698,50.15313486402743,55.308937264207415,61.52878228635473,59.22999999999992,56.931217713645104,0.8378187019872527,0.8878677562025705,-0.0500490542153178
2022-12-19,1503,163943,9882714,59.2,60.9,59.2,60.7,1.1,139,60.160000000000096,60.00000000000009,59.404999999999916,50.04761904761917,44.0634920634922,61.924124833380375,60.80035742650709,61.58901007325076,59.404999999999916,57.22098992674907,0.8595392780807245,0.8822020605782013,-0.022662782497476774
2022-12-20,1503,198570,11897827,60.5,61.0,58.9,59.3,-1.4,197,60.0800000000001,59.84000000000009,59.529999999999916,34.93772893772899,41.82051282051293,45.84810127993207,52.03655526612987,61.360956034442474,59.529999999999916,57.69904396555736,0.7550805923638677,0.8567777669353346,-0.10169717457146688
2022-12-21,1503,169336,10046856,59.3,60.0,59.0,59.2,-0.1,127,59.900000000000105,59.75000000000009,59.59999999999992,31.64102564102572,38.875457875457975,44.87722584482501,51.46591452549644,61.260120477573594,59.59999999999992,57.93987952242625,0.6566576267183066,0.816753738891929,-0.1600961121736224
2022-12-22,1503,40034,2387644,59.6,59.9,59.3,59.7,0.5,45,59.7000000000001,59.75000000000009,59.70999999999992,19.230769230769322,28.60317460317469,50.93770313156263,54.17199010048272,61.061887569311345,59.70999999999992,58.3581124306885,0.611948378685824,0.775792666850708,-0.16384428816488406
2022-12-23,1503,78199,4623093,59.0,59.6,58.8,59.1,-0.6,94,59.6000000000001,59.730000000000096,59.72499999999992,17.806267806267964,22.892687559354346,44.143065680313335,50.53102037204182,61.042383770985836,59.72499999999992,58.40761622901401,0.5220827469944425,0.725050682879455,-0.2029679358850125
2022-12-26,1503,25946,1541638,59.2,59.6,59.1,59.4,0.3,37,59.3400000000001,59.75000000000009,59.769999999999925,21.367521367521487,19.46818613485294,48.175599440466804,52.25880747719103,60.973494910689496,59.769999999999925,58.566505089310354,0.46965716379470024,0.6739719790625041,-0.20431481526780382
2022-12-27,1503,335677,20334320,59.4,61.1,59.4,60.7,1.3,240,59.6200000000001,59.850000000000094,59.86499999999993,38.64734299516918,25.94037738965289,62.03286710118743,58.949651495527135,61.04698984769521,59.86499999999993,58.683010152304654,0.5269344742359934,0.644564478097202,-0.11763000386120859
2022-12-28,1503,155378,9439051,61.3,61.3,60.0,60.1,-0.6,122,59.800000000000104,59.850000000000094,59.89999999999992,52.276972624798816,37.430612329163175,54.22554760082894,55.11067085918242,61.066190378993404,59.89999999999992,58.733809621006436,0.5179416607727774,0.6192399146323171,-0.10129825385953972
2022-12-29,1503,69360,4141316,60.0,60.0,59.5,59.5,-0.6,82,59.760000000000105,59.73000000000009,59.89999999999992,54.20289855072477,48.3757380568976,47.28281815664364,51.49892233421583,61.066190378993404,59.89999999999992,58.733809621006436,0.45713029226714497,0.5868179901592827,-0.12968769789213774
2022-12-30,1503,455884,27667327,60.3,61.3,59.6,60.5,1.0,380,60.0400000000001,59.820000000000086,59.889999999999915,49.333333333333464,51.9377348362857,57.79098677945633,56.60360651155252,61.03175303812205,59.889999999999915,58.74824696187778,0.4840486754348987,0.5662641272144059,-0.08221545177950718
2023-01-03,1503,265297,16156938,60.4,61.5,59.7,61.0,0.5,357,60.360000000000106,59.85000000000008,59.92499999999992,59.160493827160586,54.23224190373963,62.18766913828673,58.931083634033165,61.15443076261273,59.92499999999992,58.695569237387105,0.539508392441725,0.5609129802598697,-0.021404587818144694
2023-01-04,1503,1061632,66876706,61.3,64.4,61.2,62.7,1.7,984,60.760000000000105,60.19000000000009,60.014999999999915,73.04144620811293,60.51175778953567,73.24320305399311,65.67232364556197,61.696992865638485,60.014999999999915,58.333007134361345,0.7124240294990116,0.5912151901076981,0.12120883939131355
2023-01-05,1503,5739229,391175900,64.6,68.9,64.5,68.9,6.2,3789,62.52000000000011,61.16000000000008,60.45499999999993,83.70811287477956,71.97001763668437,88.0765288387755,79.12823606207131,64.67896732942565,60.45499999999993,56.23103267057421,1.3343673459456227,0.739845621275283,0.5945217246703397
2023-01-06,1503,3228345,218210591,67.9,68.5,66.7,67.8,-1.1,2314,64.1800000000001,61.97000000000007,60.85999999999992,86.1394557823129,80.96300495506848,79.01012711741132,73.61483286027143,66.13840885116505,60.85999999999992,55.58159114883479,1.7186891198460046,0.9356143209894273,0.7830747988565773
2023-01-09,1503,2413897,157481712,68.1,68.1,64.5,64.8,-3.0,2137,65.0400000000001,62.54000000000006,61.13499999999992,81.87253848907979,83.90670238205742,59.516673919272954,61.10914152453807,66.62836872966471,61.13499999999992,55.641631270335125,1.760893482647198,1.1006701533209815,0.6602233293262165
2023-01-10,1503,1753288,110633927,63.7,65.3,62.2,62.3,-2.5,1652,65.30000000000011,62.83000000000006,61.28999999999992,58.468283169930835,75.49342581377452,48.00244367732754,53.02511982160028,66.73091904002034,61.28999999999992,55.849080959979496,1.5744622172333536,1.1954285661034558,0.37903365112989773
2023-01-11,1503,1263288,78571109,62.8,63.2,61.4,61.8,-0.5,1241,65.12000000000012,62.940000000000055,61.39499999999991,37.0324748040313,59.12443215434732,45.929147136570045,51.55613825285747,66.78998841519268,61.39499999999991,56.00001158480715,1.3705692062426422,1.230456694131293,0.14011251211134912
2023-01-12,1503,1060060,65198761,62.2,62.4,60.8,61.2,-0.6,1006,63.58000000000012,63.050000000000054,61.44999999999992,23.819873408068293,39.77354379401015,43.31025931516144,49.77415145350795,66.8133944475547,61.44999999999992,56.086605552445135,1.1473416995548433,1.2138336952160032,-0.06649199566115982
2023-01-13,1503,301990,18576975,61.2,61.8,61.2,61.5,0.3,315,62.32000000000012,63.25000000000006,61.48999999999992,20.412534524318684,27.088294245472767,45.13516078024206,50.69184472101348,66.84234528034779,61.48999999999992,56.13765471965205,0.9833048587076547,1.1677279279143336,-0.18442306920667884
2023-01-16,1503,298099,18418711,61.7,62.1,61.3,61.8,0.3,283,61.72000000000012,63.38000000000005,61.59999999999992,16.371732492972928,20.201380141786643,47.12109206112397,51.643349894231974,66.88242368615562,61.59999999999992,56.317576313844235,0.8675118368620502,1.107684709703877,-0.24017287284182665
2023-01-17,1503,501885,31433429,61.8,62.9,61.7,62.7,0.9,453,61.80000000000011,63.550000000000054,61.69999999999992,18.4558955090356,18.413387508775745,53.06697915959352,54.4811980861797,66.98620847111222,61.69999999999992,56.41379152888761,0.8386995053663568,1.053887668836373,-0.21518816347001612
2023-01-30,1503,823770,52225879,63.4,64.0,62.8,63.5,0.8,726,62.140000000000114,63.63000000000005,61.909999999999926,23.62246806691253,19.48336535630703,57.96822188804527,56.90233238567707,67.1314557357172,61.909999999999926,56.688544264282655,0.8703855760706816,1.0171872502832346,-0.14680167421255308
2023-01-31,1503,996165,64535392,63.6,65.2,63.6,65.1,1.6,791,62.920000000000115,63.25000000000006,62.20499999999991,39.141944925810996,27.07343616725305,66.20346865553041,61.33221329497993,67.4473181895091,62.20499999999991,56.96268181049072,1.0129272488325185,1.0163352499930913,-0.0034080011605728266
2023-02-01,1503,821985,53356650,65.5,65.8,64.2,64.6,-0.5,911,63.54000000000012,62.930000000000064,62.44999999999991,56.65634821799204,39.806920403571866,61.789679262524665,59.28155830160644,67.65903061999666,62.44999999999991,57.240969380003165,1.0731758272204885,1.0277033654385708,0.04547246178191777
2023-02-02,1503,1465139,96423963,65.1,66.6,64.9,65.9,1.3,1083,64.36000000000013,63.04000000000006,62.78999999999992,74.27838135726661,56.69222483368989,68.21719591752567,62.76723632028667,67.96760562422993,62.78999999999992,57.6123943757699,1.2118529091230812,1.064533274175473,0.14731963494760825
2023-02-03,1503,618426,40403949,65.9,66.0,65.0,65.6,-0.3,559,64.94000000000013,63.370000000000076,63.09999999999991,82.22988505747132,71.05487154424333,65.26160079052617,61.459713622637544,68.16991124183296,63.09999999999991,58.030088758166855,1.2827611310225606,1.1081788455448904,0.17458228547767018
2023-02-06,1503,1254745,83322835,65.6,67.0,65.5,66.3,0.7,906,65.50000000000013,63.82000000000007,63.3799999999999,86.20689655172418,80.90505432215404,68.92652106798306,63.37676772646479,68.507026428649,63.3799999999999,58.2529735713508,1.3795381011031012,1.1624506966565327,0.2170874044465685
2023-02-07,1503,889455,58089197,66.3,66.3,64.9,64.9,-1.4,741,65.46000000000012,64.19000000000007,63.61999999999991,77.94918330308532,82.12865497076028,55.31077963016441,57.2439034699897,68.55623338184692,63.61999999999991,58.683766618152895,1.3279583699570452,1.1955522313166351,0.13240613864041006
2023-02-08,1503,477466,31208100,65.3,65.6,65.1,65.4,0.5,389,65.62000000000012,64.58000000000007,63.91499999999992,73.63341665810594,79.26316550430515,58.70934383892836,58.77812359428937,68.5255422674625,63.91499999999992,59.304457732537344,1.3122995108545012,1.2189016872242084,0.09339782363029281
2023-02-09,1503,703903,46415100,65.0,66.5,65.0,65.6,0.2,565,65.56000000000013,64.96000000000006,64.16999999999992,66.54529405274194,72.7092980046444,60.124503956974785,59.40560430754853,68.5554760289002,64.16999999999992,59.78452397109963,1.3010306097245348,1.2353274717242737,0.06570313800026106
2023-02-10,1503,524805,34197341,65.9,65.9,64.6,65.2,-0.4,489,65.48000000000012,65.21000000000006,64.37999999999991,61.17893698359847,67.1192158981488,55.6723503651968,57.5197661643513,68.53432304955452,64.37999999999991,60.225676950445305,1.245466307019015,1.237355238783222,0.008111068235792995
2023-02-13,1503,2185948,145976430,66.0,67.8,65.5,67.8,2.6,1449,65.78000000000011,65.64000000000007,64.6349999999999,71.24183006535945,66.32202036723329,71.61281806110462,65.24326390466562,68.96779355613249,64.6349999999999,60.30220644386733,1.395147080602797,1.268913607147137,0.12623347345566005
2023-02-14,1503,1794476,121529820,67.8,68.5,67.1,67.7,-0.1,1490,66.34000000000012,65.90000000000006,64.5749999999999,75.51533433886378,69.31203379594058,70.47561332236695,64.7556053711825,68.6980449912736,64.5749999999999,60.451955008726195,1.4885420219507495,1.3128392901078594,0.1757027318428901
2023-02-15,1503,7285227,532987223,68.2,74.4,68.2,74.4,6.7,3949,68.1400000000001,66.88000000000007,64.90499999999992,93.16239316239319,79.97318585553882,86.82699314433646,77.1037922249211,70.71790805019802,64.90499999999992,59.092091949801805,2.0792241894233428,1.466116269970956,0.6131079194523867
2023-02-16,1503,20303176,1583377459,77.8,80.7,75.5,77.0,2.6,12557,70.4200000000001,67.99000000000007,65.51499999999992,85.50193767585074,84.7265550590359,89.46780639697847,80.02805694675085,73.36083328908146,65.51499999999992,57.669166710918375,2.725721908218972,1.7180373976205592,1.007684510598413
2023-02-17,1503,19317141,1599941482,76.3,84.7,76.1,84.7,7.7,9905,74.32000000000009,69.90000000000006,66.63499999999992,92.33954451345755,90.33462511723383,93.77770783865697,85.808711500264,77.95246879828068,66.63499999999992,55.31753120171916,3.8154198712842913,2.1375138923533057,1.6779059789309856
2023-02-20,1503,23760327,2036351776,86.8,87.4,84.3,85.1,0.4,13636,77.78000000000009,71.78000000000007,67.79999999999993,88.97697141404234,88.93948453445022,93.92829069527014,86.03484064663164,81.44448606580883,67.79999999999993,54.15551393419103,4.657600100223959,2.6415311339274363,2.016068966296523
2023-02-21,1503,16331982,1406677091,85.1,88.3,84.6,85.5,0.4,9929,81.34000000000009,73.84000000000007,69.01499999999992,92.69931157006438,91.33860916585475,94.09501194070643,86.27044102549752,84.31902234708433,69.01499999999992,53.7109776529155,5.296258683008901,3.172476643743729,2.123782039265172
2023-02-22,1503,7556244,626071670,83.5,84.3,82.0,82.3,-3.2,5749,82.92000000000009,75.53000000000007,70.05499999999992,84.26049300466354,88.64559199625675,74.89964174282258,75.32256523696094,85.98892293191021,70.05499999999992,54.12107706808963,5.481005336951412,3.6341823823852657,1.8468229545661465
2023-02-23,1503,6839573,571918611,82.0,85.6,81.8,82.5,0.2,4959,84.02000000000008,77.22000000000007,71.08999999999992,79.14353394033607,85.36777950502132,75.26753689692899,75.53156163266078,87.42865355529823,71.08999999999992,54.75134644470161,5.579242683066482,4.023194442521509,1.556048240544973
2023-02-24,1503,3566744,290753009,82.9,83.4,80.3,80.6,-1.9,3212,83.20000000000009,78.76000000000008,71.98499999999991,70.97473103186275,78.12625265895412,64.74916099571514,69.50891245350913,88.34828512249474,71.98499999999991,55.621714877505084,5.441061200016279,4.306767794020463,1.1342934059958152
2023-03-01,1503,2939912,234342617,80.0,80.6,79.2,79.9,-0.7,2326,82.16000000000008,79.97000000000007,72.80499999999992,65.48320133855712,71.86715543691865,61.08028313956648,67.37733054720746,89.02837511124164,72.80499999999992,56.5816248887582,5.214952503039427,4.488404735824256,0.7265477672151714
2023-03-02,1503,5417089,442157521,81.0,83.4,80.0,80.2,0.3,3844,81.10000000000008,81.22000000000007,73.55999999999992,52.86898350229982,63.10897195757323,62.152556849010395,67.8326174463153,89.68394492672492,73.55999999999992,57.436055073274915,5.002303780302142,4.591184544719833,0.41111923558230945
2023-03-03,1503,3567570,289313368,80.5,82.3,80.1,80.3,0.1,2521,80.70000000000007,81.81000000000007,74.34499999999993,43.11797824402578,53.82338769496091,62.55376493738116,67.99296947937687,90.17364176106243,74.34499999999993,58.51635823893742,4.786669552740989,4.630281546324064,0.15638800641692452
2023-03-06,1503,3312409,270021348,81.1,82.3,80.7,82.3,2.0,2215,80.66000000000008,82.34000000000006,75.16499999999992,35.070304524710245,43.685755423678614,69.97934086550252,71.09629247556161,90.85732615006637,75.16499999999992,59.47267384993348,4.722720576130499,4.648769352285351,0.07395122384514785
2023-03-07,1503,15920205,1357506332,85.0,87.5,83.0,85.1,2.8,10723,81.56000000000009,82.38000000000007,76.13999999999992,44.442442803098494,40.87690852394484,77.32389285887348,74.78262265551567,91.75696513411161,76.13999999999992,60.523034865888214,4.842159747434181,4.687447431315117,0.15471231611906422
2023-03-08,1503,9751354,833242476,84.5,87.0,84.1,84.9,-0.2,7421,82.56000000000009,82.36000000000006,77.06999999999992,55.85859923209318,45.123782186633974,75.77894999212218,74.05608508845262,92.44570811377652,77.06999999999992,61.69429188622332,4.864601722131553,4.722878289478404,0.14172343265314957
2023-03-09,1503,5769042,485758984,85.3,86.0,82.4,83.9,-1.0,4315,83.3000000000001,82.20000000000006,78.01999999999992,63.37878988481398,54.559943973335216,67.86878435900101,70.37456000678173,92.59773644980781,78.01999999999992,63.44226355019204,4.746975329405771,4.727697697463877,0.019277631941894136
2023-03-10,1503,4906362,397946963,82.0,82.5,79.5,81.2,-2.7,4210,83.48000000000009,82.09000000000006,78.80999999999992,49.79919678714862,56.34552863468526,51.0747860840692,61.48670999416092,92.23324848909756,78.80999999999992,65.38675151090227,4.385336698872393,4.65922549774558,-0.2738887988731866
2023-03-13,1503,2104421,169071297,80.2,81.1,79.2,80.8,-0.4,1751,83.18000000000009,81.92000000000006,79.56999999999992,33.33333333333332,48.83710666843197,48.979971546273084,60.27226061904187,91.56017931475839,79.56999999999992,67.57982068524146,4.020117410575622,4.531403880311588,-0.5112864697359658
2023-03-14,1503,2236110,180994154,80.4,81.9,80.0,80.4,-0.4,1934,82.24000000000008,81.90000000000006,80.32999999999993,19.27710843373492,34.136546184738954,46.74328540668522,59.01692621931897,90.34460932837898,80.32999999999993,70.31539067162088,3.656254806803787,4.356374065610028,-0.7001192588062413
2023-03-15,1503,3798581,313763696,82.0,83.5,81.8,81.9,1.5,3005,81.64000000000007,82.10000000000005,81.03499999999994,22.088353413654612,24.899598393574284,55.611480445945894,62.19664184515553,89.24457367955559,81.03499999999994,72.8254263204443,3.449168666449168,4.174932985777856,-0.7257643193286878
2023-03-16,1503,3598381,287749795,81.9,82.4,78.4,79.8,-2.1,3046,80.82000000000008,82.06000000000004,81.63999999999993,20.79085573061475,20.718772526001427,43.72043229935916,55.68306414758432,87.17837521300781,81.63999999999993,76.10162478699205,3.080093557436868,3.9559651001096583,-0.8758715426727903
2023-03-17,1503,1507495,120826057,80.8,81.0,79.2,80.2,0.4,1379,80.62000000000009,82.05000000000005,81.92999999999992,22.564985215587594,21.814731453285656,46.27332819642968,56.61506643465116,86.4320439802452,81.92999999999992,77.42795601975465,2.787740197869553,3.7223201196616373,-0.9345799217920843
2023-03-20,1503,1763967,143123604,80.2,81.8,79.7,81.5,1.3,1553,80.76000000000008,81.97000000000006,82.15499999999993,23.737115597580654,22.364318847927667,54.15788287874134,59.58953348040824,86.05908760148321,82.15499999999993,78.25091239851665,2.630623005070447,3.5039806967433993,-0.8733576916729522
2023-03-21,1503,6531449,546020023,82.5,84.5,82.0,83.0,1.5,4687,81.28000000000009,81.76000000000006,82.06999999999992,38.78434906586677,28.362149959678344,61.72015205210183,62.761946924579895,85.81971998955385,82.06999999999992,78.320280010446,2.5972049992583663,3.3226255572463925,-0.7254205579880262
2023-03-22,1503,2509989,208120160,83.6,84.0,82.0,82.0,-1.0,2794,81.3000000000001,81.47000000000006,81.91499999999994,51.86307362000116,38.1281794278162,54.701664450890796,59.4132732981003,85.39768574523295,81.91499999999994,78.43231425476692,2.4616529434311474,3.1504310344833435,-0.6887780910521961
2023-03-23,1503,1782705,146629161,81.8,82.9,81.2,82.7,0.7,1728,81.88000000000008,81.35000000000007,81.77499999999993,63.34483750359502,51.33075339648766,58.55091619045017,60.98261424097341,84.87395143557546,81.77499999999993,78.6760485644244,2.3832386211342396,2.9969925518135225,-0.613753930679283
2023-03-24,1503,2108501,174404178,82.8,83.3,81.8,82.8,0.1,1705,82.40000000000009,81.51000000000006,81.79999999999993,67.21311475409833,60.807008625898185,59.12974503741155,61.21334328568345,84.92345962036691,81.79999999999993,78.67654037963294,2.3026206920282988,2.858118179856478,-0.5554974878281791
2023-03-27,1503,1969418,163634044,82.5,83.6,82.4,83.4,0.6,1512,82.78000000000009,81.77000000000007,81.84499999999994,74.86338797814207,68.47378007861182,62.76919458214402,62.64084639450071,85.03277351768493,81.84499999999994,78.65722648231495,2.2610810530760403,2.7387107545003904,-0.47762970142435
2023-03-28,1503,2463788,201405992,83.5,83.9,80.5,80.8,-2.6,2744,82.34000000000009,81.81000000000006,81.85499999999993,64.48087431693985,68.85245901639342,43.283384796753815,53.45913884337305,85.02831057415696,81.85499999999993,78.6816894258429,1.9953610390470402,2.5900408114097204,-0.5946797723626802
2023-03-29,1503,1448044,117149361,80.8,81.5,80.2,81.0,0.2,1484,82.14000000000009,81.72000000000006,81.90999999999994,51.75791318692646,63.700725160669464,44.82066075655232,54.017480376237096,84.98239320401204,81.90999999999994,78.83760679598784,1.7803911016847564,2.4281108694647275,-0.6477197677799711
2023-03-30,1503,977646,79250342,81.3,81.9,80.5,81.0,0.0,1070,81.8000000000001,81.84000000000006,81.94999999999993,33.4632865931195,49.90069136566194,44.820660756552314,54.017480376237096,84.9523324266411,81.94999999999993,78.94766757335876,1.5916780043019543,2.260824296432173,-0.6691462921302187
2023-03-31,1503,957149,76882701,81.1,81.2,79.9,80.0,-1.0,1022,81.2400000000001,81.82000000000006,81.93499999999993,21.073170175918253,35.43145665198808,37.84054673125217,50.504051926966255,84.97294338328776,81.93499999999993,78.8970566167121,1.3459150020299262,2.0778424375517237,-0.7319274355217975
2023-04-06,1503,1291515,103294667,80.0,80.9,79.6,80.1,0.1,1301,80.58000000000008,81.68000000000006,81.82499999999993,13.540294246815916,22.692250338617896,38.9497684576118,50.84833817834896,84.95988436789315,81.82499999999993,78.69011563210671,1.1460047865515008,1.8914749073516792,-0.7454701208001784
2023-04-07,1503,3553475,291629810,80.1,83.3,80.1,81.9,1.8,2856,80.8000000000001,81.57000000000006,81.66499999999994,22.34197383337928,18.985146085371156,55.591446164812396,56.68832895372129,84.41837974134715,81.66499999999994,78.91162025865272,1.119909833837042,1.7371618926487518,-0.6172520588117099
2023-04-10,1503,9866592,839909744,82.4,86.9,82.4,85.1,3.2,7830,81.62000000000009,81.88000000000007,81.67499999999993,46.73149140336142,27.53791982785221,71.63066493505778,64.7148610058747,84.47633896557788,81.67499999999993,78.87366103442197,1.3419732203560528,1.658124158190212,-0.31615093783415915
2023-04-11,1503,20519063,1792538796,84.5,89.7,84.5,87.3,2.2,15874,82.8800000000001,82.34000000000006,81.84499999999993,68.35615386960804,45.809873035449584,78.00301051203013,68.97214087489607,85.46023166616796,81.84499999999993,78.2297683338319,1.676159939476591,1.6617313144474877,0.014428625029103248
2023-04-12,1503,22699733,2136573711,91.8,96.0,91.2,96.0,8.7,14372,86.0800000000001,83.66000000000005,82.58499999999992,83.86002983860025,66.31589170385656,89.19767097441105,79.50377084621056,89.71725770707035,82.58499999999992,75.4527422929295,2.6129026973120375,1.8519655910203976,0.7609371062916399
2023-04-13,1503,34086927,3241388828,98.2,98.7,91.2,92.0,-4.0,22987,88.46000000000011,84.52000000000007,83.14499999999992,80.3863632436542,77.5341823172875,70.06981898876194,68.06469125470073,91.31236799710072,83.14499999999992,74.97763200289913,2.997952975418883,2.0811630679000945,0.9167899075187886
2023-04-14,1503,13016383,1211997325,93.1,94.8,90.9,93.1,1.1,9017,90.70000000000012,85.75000000000007,83.77999999999992,78.53403141361257,80.92680816528902,71.99647787169388,69.36986878543068,92.91271044105041,83.77999999999992,74.64728955894942,3.3532151252129125,2.335573479362658,1.0176416458502544
2023-04-17,1503,15903034,1547331303,95.9,99.9,94.7,97.0,3.9,11398,93.08000000000011,87.35000000000007,84.53499999999991,73.7721266517078,77.5641737696582,77.8849446367562,73.50442106715992,95.27618708523727,84.53499999999991,73.79381291476255,3.9044522496929943,2.649349233428725,1.2551030162642691
2023-04-18,1503,12765495,1258951163,98.0,101.0,96.6,96.7,-0.3,9720,94.96000000000011,88.92000000000007,85.37999999999991,78.76715201420393,77.02443669317478,76.44240632143409,72.6915810493255,97.11159835657838,85.37999999999991,73.64840164342144,4.267906381411649,2.97306066302531,1.2948457183863389
2023-04-19,1503,8919160,882127097,98.8,100.5,97.2,97.8,1.1,7453,95.3200000000001,90.70000000000007,86.2599999999999,83.4366076618905,78.65862877593408,78.17185947597356,73.83415039986083,98.90980632263107,86.2599999999999,73.61019367736874,4.591776070007043,3.2968037444216565,1.2949723255853867
2023-04-20,1503,6573533,637044220,98.6,99.9,95.1,95.1,-2.7,6272,95.9400000000001,92.20000000000007,86.93999999999991,77.6250357212863,79.94293179912692,64.59253737616302,66.48152030162012,99.95021137415029,86.93999999999991,73.92978862584954,4.577807580217026,3.5530045115807303,1.024803068636296
2023-04-21,1503,5758733,537807816,95.0,96.2,91.5,92.4,-2.7,4332,95.8000000000001,93.25000000000007,87.40999999999991,66.94911766219067,76.0035870151225,53.70792826990134,60.0423782594445,100.49585495869776,87.40999999999991,74.32414504130206,4.299310243997311,3.7022656580640465,0.5970445859332649
2023-04-24,1503,24863040,2479524681,91.9,101.5,91.6,101.5,9.1,13535,96.70000000000009,94.89000000000007,88.3849999999999,72.05278592375367,72.20897976907689,72.1569084690514,70.43574609806178,102.57263898610603,88.3849999999999,74.19736101389378,4.758045262696982,3.9134215789906337,0.8446236837063479
2023-04-25,1503,33462768,3310768977,104.0,104.5,92.2,94.0,-7.5,21585,96.1600000000001,95.56000000000007,88.9499999999999,56.89096850861557,65.29762403151999,52.16641882169808,57.224513712465665,103.08697280184411,88.9499999999999,74.8130271981557,4.4649397045534585,4.023725204103199,0.44121450045025945
2023-04-26,1503,23189260,2238554765,93.2,102.0,91.2,98.0,4.0,16374,96.20000000000009,95.76000000000008,89.70999999999991,58.33333333333332,62.42569592190086,59.199650381708665,61.384529291178126,104.07522189178006,89.70999999999991,75.34477810821976,4.5035044130785735,4.1196810458982736,0.38382336718029997
2023-04-27,1503,12877888,1253880519,96.4,99.6,95.2,97.1,-0.9,9907,96.6000000000001,96.27000000000007,90.3949999999999,39.78696741854634,51.670423086831754,56.99964629250247,59.971306243991904,104.7978434692628,90.3949999999999,75.99215653073699,4.410602068896495,4.177865250497918,0.23273681839857652
2023-04-28,1503,12278216,1219980343,98.5,101.0,97.3,100.5,3.4,9601,98.2200000000001,97.01000000000008,91.37999999999991,55.4971988795518,51.20583321047716,63.05145131752532,63.39946052829897,105.71772645854571,91.37999999999991,77.04227354145411,4.558777131786371,4.254047626755609,0.3047295050307621
2023-05-02,1503,19447934,2093665647,102.5,110.5,101.0,110.5,10.0,10918,100.0200000000001,98.36000000000007,92.8549999999999,71.42857142857142,55.57091257555653,75.08402740821131,71.20936824312561,108.61678606630862,92.8549999999999,77.09321393369119,5.420637626850677,4.487365626774623,0.9332720000760544
2023-05-03,1503,48578424,5409874618,109.5,116.0,107.0,113.5,3.0,26213,103.9200000000001,100.04000000000006,94.4799999999999,86.61472228959497,71.1801641992394,77.63337858158269,73.06615771993265,111.6557503475127,94.4799999999999,77.30424965248712,6.273427044615019,4.844577910342702,1.4288491342723173
2023-05-04,1503,17894342,2027113774,115.0,115.0,110.5,114.0,0.5,11095,107.12000000000009,101.66000000000007,96.17999999999991,93.95161290322581,83.99830220713073,78.0696856170379,73.37436639304565,114.00465707945267,96.17999999999991,78.35534292054714,6.909960895631343,5.25765450740043,1.6523063882309135
2023-05-05,1503,13981011,1579536333,113.5,116.0,110.5,113.0,-1.0,8028,110.3000000000001,103.45000000000007,97.8249999999999,89.91935483870968,90.16189667717681,74.67092822988212,71.60942055802711,115.48182587556659,97.8249999999999,80.16817412443322,7.250151680380526,5.656153941996449,1.5939977383840773
2023-05-08,1503,28428665,3398700217,116.0,123.0,116.0,121.0,8.0,17746,114.40000000000009,106.31000000000009,99.7799999999999,91.1831338337729,91.68470052523612,81.98918778988073,76.48295870538175,118.57282841937567,99.7799999999999,80.98717158062414,8.07223674899734,6.139370503396627,1.9328662456007137
2023-05-09,1503,21824042,2600673766,121.0,122.5,115.5,120.0,-1.0,13730,116.3000000000001,108.16000000000008,101.5249999999999,90.72665178873335,90.60971348707199,78.67423120789354,74.75549888825134,121.00985309157052,101.5249999999999,82.04014690842929,8.544557110460701,6.620407824809442,1.924149285651259
2023-05-10,1503,15174481,1753147274,119.0,119.5,112.5,116.0,-4.0,9813,116.8000000000001,110.36000000000008,102.9599999999999,86.36562448154683,89.42513670135104,66.18616339285889,68.1271109148342,122.26952096764944,102.9599999999999,83.65047903235035,8.498146486416772,6.995955557130908,1.502190929285864
2023-05-11,1503,10625433,1195295392,115.5,115.5,110.0,111.0,-5.0,6759,116.20000000000009,111.66000000000008,103.7099999999999,72.89785820561669,83.33004482529896,53.74507870125667,60.86254630195729,123.04513899614098,103.7099999999999,84.37486100385881,7.966079513317766,7.189980348368279,0.7760991649494864
2023-05-12,1503,28413477,3298664528,114.0,119.0,112.5,117.0,6.0,16905,117.00000000000009,113.65000000000009,104.9599999999999,66.95160320275791,75.4050286299738,63.38156756987283,65.60257988732661,124.33776044851656,104.9599999999999,85.58223955148323,7.937068870424611,7.339398052779545,0.5976708176450654
2023-05-15,1503,14623245,1702658383,115.5,119.5,113.5,114.0,-3.0,9386,115.6000000000001,115.00000000000009,106.00499999999991,56.59488857446055,65.48144999427838,56.51356602784791,61.58626802920837,124.96131557028114,106.00499999999991,87.04868442971868,7.584572567640251,7.388432955751687,0.19613961188856432
2023-05-16,1503,10618015,1220994245,115.0,117.0,113.0,115.0,1.0,6783,114.6000000000001,115.45000000000009,106.9049999999999,51.64627039627038,58.397587391162936,58.27197842556764,62.4123350504514,125.77470852981287,106.9049999999999,88.03529147018693,7.301738455001328,7.371094055601615,-0.06935560060028756
2023-05-17,1503,7903863,923476255,116.0,118.0,115.0,118.0,3.0,5173,115.00000000000009,115.90000000000009,107.96999999999989,47.91666666666665,52.05260854579918,63.445391150664875,64.85412909473266,126.81994429700262,107.96999999999989,89.12005570299715,7.236250321680217,7.344125308817335,-0.10787498713711852
2023-05-18,1503,35587428,4457849370,119.0,129.5,118.0,129.5,11.5,21475,118.70000000000009,117.45000000000009,109.55499999999988,66.66666666666664,55.40986790986788,76.48409468748643,72.28635095126765,129.98277276161343,109.55499999999988,89.12722723838633,8.019856481366745,7.479271543327217,0.5405849380395278
2023-05-19,1503,37645243,4992307401,129.5,137.5,127.5,134.5,5.0,25183,122.20000000000009,119.6000000000001,111.52499999999989,83.54312354312351,66.04215229215225,80.08696535597294,74.78319419254716,133.53480463339244,111.52499999999989,89.51519536660734,8.941258954267965,7.771669025515367,1.1695899287525986
2023-05-22,1503,25592808,3548288323,135.5,142.5,133.5,137.0,2.5,15955,126.8000000000001,121.20000000000009,113.75499999999988,90.7226107226107,80.31080031080027,81.72063717314632,75.94991993003835,136.58440866514303,113.75499999999988,90.92559133485675,9.760690989113442,8.169473418234983,1.5912175708784595
2023-05-23,1503,16354098,2237417558,138.0,139.5,133.0,138.0,1.0,10776,131.4000000000001,123.00000000000009,115.57999999999988,86.10722610722608,86.79098679098676,82.39466592006904,76.41988894429656,139.98054097761184,115.57999999999988,91.17945902238795,10.371235278646353,8.609825790317256,1.7614094883290967
2023-05-24,1503,20765356,2910866964,138.0,143.5,134.0,140.0,2.0,13380,135.8000000000001,125.40000000000009,117.87999999999988,85.98014888337467,87.60332857107049,83.789405405843,77.37226498651583,142.3821305196121,117.87999999999988,93.37786948038766,10.890935388352801,9.066047709924366,1.8248876784284356
2023-05-25,1503,15705367,2235437065,140.0,145.5,138.5,141.5,1.5,10411,138.2000000000001,128.4500000000001,120.05499999999988,87.51861042183619,86.53532847081232,84.84027358651053,78.08710414854193,144.83341601071615,120.05499999999988,95.27658398928361,11.293652734836755,9.511568714906844,1.7820840199299113
2023-05-26,1503,11013349,1535129048,142.5,143.5,135.5,138.5,-3.0,8084,139.00000000000009,130.60000000000008,122.12499999999989,84.95450785773363,86.15108905431482,73.69336431035805,73.11233871326594,145.77848811486615,122.12499999999989,98.47151188513362,11.241153188807516,9.857485609686979,1.3836675791205373
2023-05-29,1503,15532149,2244034447,140.0,148.5,139.5,143.5,5.0,11309,140.3000000000001,133.5500000000001,124.27499999999989,83.74282433983923,85.40531420646967,79.04646337856286,75.87138574794366,147.48808898014468,124.27499999999989,101.06191101985509,11.470777154866582,10.1801439187229,1.290633236143682
2023-05-30,1503,7917186,1142365362,144.5,146.0,141.5,146.0,2.5,7503,141.9000000000001,136.6500000000001,126.04999999999988,85.11314800524487,84.60349340093923,81.26977234891842,77.13477242163017,150.18897263762747,126.04999999999988,101.9110273623723,11.719391063831765,10.487993347744673,1.2313977160870913
2023-05-31,1503,17223945,2530042950,146.0,149.0,144.0,149.0,3.0,8622,143.7000000000001,139.75000000000009,127.82499999999989,92.29263518473205,87.04953584327204,83.69227324546493,78.58391126712414,153.20072659058488,127.82499999999989,102.4492734094149,12.019935966139712,10.794381871423681,1.2255540947160313
2023-06-01,1503,10307385,1540065866,149.5,152.5,147.5,147.5,-1.5,7292,144.9000000000001,141.5500000000001,129.4999999999999,88.72075101583296,88.70884473526995,77.82097235639053,75.99063242599665,155.42103392999823,129.4999999999999,103.57896607000154,11.998768172037515,11.035259131546448,0.9635090404910667
2023-06-02,1503,25369601,3991871409,149.5,162.0,148.5,156.5,9.0,16349,148.50000000000009,143.75000000000009,131.6749999999999,85.13115237253167,88.71484619103222,85.12546900461977,80.2103999615337,158.95736609973784,131.6749999999999,104.39263390026196,12.563394337090926,11.340886172655344,1.2225081644355829
2023-06-05,1503,17053850,2699077227,159.0,163.0,154.5,155.0,-1.5,12042,150.8000000000001,145.5500000000001,133.3749999999999,75.93575007368109,83.26255115401524,80.00222104977219,77.75747978694837,161.98946312619051,133.3749999999999,104.76053687380927,12.742934559430893,11.621295850010453,1.1216387094204396
2023-06-06,1503,9119828,1390522733,155.5,156.5,150.0,153.0,-2.0,7364,152.2000000000001,147.0500000000001,135.0249999999999,72.36154649947753,77.80948298189678,73.15354303047312,74.48667415689924,164.16513555219188,135.0249999999999,105.88486444780791,12.57883718879205,11.812804117766772,0.7660330710252783
2023-06-07,1503,9774988,1523767971,155.5,159.0,152.5,156.5,3.5,7646,153.7000000000001,148.7000000000001,137.0499999999999,70.80459770114942,73.03396475810268,77.14765562210715,76.36067732730521,166.24914382306648,137.0499999999999,107.85085617693332,12.586124580014683,11.967468210216355,0.6186563697983285
2023-06-08,1503,7018910,1081811664,156.0,158.0,151.0,151.5,-5.0,5659,154.50000000000009,149.7000000000001,139.07499999999987,63.687943262411345,68.95136248767943,61.819000489182145,68.60779246074476,166.3188525175891,139.07499999999987,111.83114748241063,12.049542056556476,11.98388297948438,0.0656590770720964
2023-06-09,1503,7663535,1159711485,152.5,153.5,147.0,152.0,0.5,5678,153.60000000000008,151.0500000000001,140.82499999999987,58.754891817731995,64.41581092709758,62.684014273620534,68.94732180030078,166.63057110393305,140.82499999999987,115.0194288960667,11.531711964883442,11.893448776564192,-0.3617368116807498
2023-06-12,1503,10259413,1501495585,150.0,150.0,143.0,148.5,-3.5,7347,152.3000000000001,151.5500000000001,142.5499999999999,42.46701302985321,54.96994936999885,52.89697366039867,63.74957113548901,165.39491190615814,142.5499999999999,119.70508809384165,10.715386827932974,11.657836386837948,-0.9424495589049737
2023-06-13,1503,5394673,795835379,151.0,151.0,145.5,146.5,-2.0,4109,151.00000000000009,151.60000000000008,144.1249999999999,31.279069767441865,44.16699153834235,47.91007876067115,60.92321123391115,163.18510230822838,144.1249999999999,125.0648976917714,9.794159021741763,11.285100913818711,-1.4909418920769486
2023-06-14,1503,6488206,944847521,148.0,150.0,143.0,143.5,-3.0,5104,148.4000000000001,151.0500000000001,145.3999999999999,15.833333333333336,29.859805376876135,41.125154812508704,56.85157790301042,160.24452761121563,145.3999999999999,130.55547238878415,8.721468757384088,10.772374482531786,-2.0509057251476985
2023-06-15,1503,12443815,1841573734,144.0,151.0,142.0,150.0,6.5,9092,148.10000000000008,151.3000000000001,146.4249999999999,19.365079365079367,22.15916082195152,56.64523148710933,62.67249740921109,159.45678805844108,146.4249999999999,133.39321194155872,8.300170473259016,10.277933680677233,-1.9777632074182172
2023-06-16,1503,25563399,4026000844,151.0,162.5,151.0,156.0,6.0,18263,148.9000000000001,151.25000000000009,147.4999999999999,36.295973674022456,23.831462124145048,66.2316882234316,67.0864169781958,159.95391504708996,147.4999999999999,135.0460849529098,8.354137111357517,9.89317436681329,-1.5390372554557725
2023-06-19,1503,11503893,1774447120,157.0,159.0,150.5,151.5,-4.5,8962,149.50000000000009,150.9000000000001,148.22499999999988,50.90979481223385,35.52361595044522,55.49473461126736,61.23770378278447,159.80720618017781,148.22499999999988,136.64279381982195,7.942240464724051,9.502987586395442,-1.5607471216713904
2023-06-20,1503,7595759,1162530094,151.5,156.5,150.0,154.0,2.5,5644,151.00000000000009,151.00000000000009,149.0249999999999,57.72357723577236,48.30978190734288,59.72638826492987,63.15931532714295,159.85770510999595,149.0249999999999,138.19229489000384,7.728449753376196,9.148080019791593,-1.4196302664153961
2023-06-21,1503,5737491,883429538,155.0,156.5,152.0,153.5,-0.5,4187,153.00000000000009,150.7000000000001,149.69999999999987,53.65853658536586,54.097302877790675,58.43006920710575,62.49205456767084,159.86070863671173,149.69999999999987,139.53929136328802,7.432990366954073,8.805062089224089,-1.3720717222700163
2023-06-26,1503,4786975,734417543,154.5,155.5,151.5,153.0,-0.5,3274,153.60000000000008,150.85000000000008,150.2749999999999,56.09756097560976,55.82655826558264,56.987061321464914,61.78905603932977,159.79589806689134,150.2749999999999,140.75410193310844,7.076912609877439,8.45943219335476,-1.38251958347732
2023-06-27,1503,10359236,1554012476,155.0,158.0,144.5,144.5,-8.5,7899,151.3000000000001,150.10000000000008,150.57499999999987,40.650406504065046,50.13550135501354,38.2512169194786,51.2368021165645,158.8953064847496,150.57499999999987,142.25469351525015,6.039223055360111,7.97539036575583,-1.936167310395719
2023-06-28,1503,4855766,703252811,146.5,147.5,143.0,144.0,-0.5,3561,149.8000000000001,149.6500000000001,150.59999999999988,25.20325203252033,40.65040650406503,37.40720204103436,50.68842636401805,158.8377181306572,150.59999999999988,142.36228186934255,5.117509323982006,7.403814157401065,-2.2863048334190594
2023-06-29,1503,2667832,388403177,144.0,147.0,143.5,147.0,3.0,1853,148.4000000000001,149.7000000000001,150.6499999999999,15.447154471544719,27.100271002710016,45.781532994886035,53.87805261682755,158.78695274658367,150.6499999999999,142.51304725341612,4.576365980891097,6.838324522099072,-2.2619585412079743
2023-06-30,1503,4116814,605958446,148.0,149.5,144.0,149.5,2.5,3044,147.60000000000008,150.3000000000001,150.6749999999999,22.49322493224933,21.04787714543811,52.02220786353158,56.40849380365657,158.79457511204464,150.6749999999999,142.55542488795516,4.299671156749895,6.330593849029237,-2.0309226922793417
2023-07-03,1503,4853548,738396571,150.5,154.0,150.0,154.0,4.5,3844,147.8000000000001,150.7000000000001,150.9999999999999,42.157859078590796,26.6994128274616,61.3616717200877,60.59888276343726,159.10555365167247,150.9999999999999,142.8944463483273,4.392862720095138,5.943047623242417,-1.5501849031472785
2023-07-04,1503,4571180,699406146,156.5,156.5,150.0,150.0,-4.0,3864,148.9000000000001,150.10000000000008,150.6749999999999,49.58333333333334,38.07813911472447,51.055083101028984,55.49244026603504,158.38392340084752,150.6749999999999,142.96607659915227,4.096726620492717,5.573783422692477,-1.47705680219976
2023-07-05,1503,2436215,359791725,150.0,151.5,145.5,146.0,-4.0,2536,149.3000000000001,149.5500000000001,150.22499999999988,45.13888888888889,45.626693766937656,42.689670740913,50.875568745018676,157.9222397650168,150.22499999999988,142.52776023498296,3.4989364954994358,5.158814037253869,-1.6598775417544331
2023-07-06,1503,4842975,727330949,146.0,153.0,144.5,150.0,4.0,3849,149.9000000000001,149.1500000000001,150.07499999999987,37.777777777777786,44.16666666666665,51.886926378567956,54.9150896473473,157.6662778897996,150.07499999999987,142.48372211020015,3.3097968078779445,4.789010591378684,-1.4792137835007395
2023-07-07,1503,5398284,811813892,151.5,154.0,146.0,150.5,0.5,3896,150.10000000000008,148.85000000000008,149.7749999999999,38.88888888888889,40.601851851851826,52.98719399347274,55.40869201293492,156.77839203530294,149.7749999999999,142.77160796469684,3.163778000677297,4.463964073238406,-1.3001860725611092
2023-07-10,1503,17322706,2690904325,152.0,159.5,150.5,153.0,2.5,10483,149.9000000000001,148.85000000000008,149.84999999999988,52.42424242424243,43.03030303030301,58.520509514608065,57.89110780696307,156.95703876450335,149.84999999999988,142.7429612354964,3.2127515505836186,4.213721568707449,-1.0009700181238301
2023-07-11,1503,9492439,1465546491,154.0,159.0,151.0,151.0,-2.0,6090,150.10000000000008,149.50000000000009,149.7999999999999,52.49368686868687,47.93560606060604,52.728233358915574,55.24159982646759,156.85974503789907,149.7999999999999,142.74025496210072,3.0549644281388737,3.9819701405937336,-0.9270057124548599
2023-07-12,1503,18778866,2992149897,155.0,164.5,150.5,158.5,7.5,12982,152.60000000000008,150.9500000000001,150.2999999999999,59.40425597437794,54.77406175576906,67.01274496275086,62.22373617510164,158.2774682700797,150.2999999999999,142.3225317299201,3.494818227612228,3.8845397579974326,-0.3897215303852044
2023-07-13,1503,12454048,1934138006,162.0,162.5,152.0,152.5,-6.0,9538,153.10000000000008,151.50000000000009,150.59999999999988,52.535569105691074,54.81117064958528,52.270675523833866,54.85183354300178,158.4332624110366,150.59999999999988,142.76673758896317,3.320973560788076,3.771826518555561,-0.45085295776748513
2023-07-14,1503,22172089,3561399150,154.5,163.5,154.0,162.5,10.0,14434,155.50000000000009,152.8000000000001,151.5499999999999,66.91056910569107,59.61679806192001,66.5704021771966,62.76887769456372,160.26722432888673,151.5499999999999,142.83277567111307,3.944645419421164,3.8063902987286817,0.13825512069248225
2023-07-17,1503,24827713,4174628815,164.0,174.0,161.0,163.5,0.0,18258,157.60000000000008,153.75000000000009,152.22499999999988,64.80225988700568,61.41613269946259,67.69941688682003,63.458940731928934,162.3367505902863,152.22499999999988,142.11324940971346,4.468096073114623,3.93873145360587,0.5293646195087529
2023-07-18,1503,10822635,1730462541,165.5,169.0,154.5,155.0,-8.5,8934,158.4000000000001,154.25000000000009,152.1749999999999,63.333333333333364,65.01538744201001,50.71441545318221,54.25405412469464,162.22126796378308,152.1749999999999,142.12873203621672,4.149225832297674,3.9808303293442306,0.1683955029534432
2023-07-19,1503,15084111,2203252798,152.0,152.0,143.0,144.0,-11.0,11411,155.50000000000009,154.0500000000001,151.7999999999999,34.40860215053766,54.18139845695888,36.78176423811115,45.1306719617164,162.46020637699516,151.7999999999999,141.13979362300464,2.974621218184126,3.7795885071122095,-0.8049672889280837
2023-07-20,1503,13979102,2085138988,144.0,155.0,140.0,154.0,10.0,9898,155.8000000000001,154.4500000000001,151.7999999999999,26.66516579294377,41.469033758938245,51.045901339555456,52.88700398943057,162.46020637699516,151.7999999999999,141.13979362300464,2.818168928286809,3.5873045913471295,-0.7691356630603203
2023-07-21,1503,11309941,1760547565,151.0,159.5,151.0,157.5,3.5,7919,154.8000000000001,155.1500000000001,151.9999999999999,31.957621758380792,31.010463233954056,55.17572267065217,55.270286856268605,162.92703070372445,151.9999999999999,141.07296929627532,2.942678741862551,3.4583794214502137,-0.5157006795876629
2023-07-24,1503,6477057,987934036,158.0,158.0,150.0,151.0,-6.5,5508,152.3000000000001,154.9500000000001,151.8999999999999,41.666666666666686,33.42981807266373,46.64909118460295,50.19218969117914,162.8252002270047,151.8999999999999,140.97479977299508,2.488175846608641,3.264338706481899,-0.7761628598732582
2023-07-25,1503,5978789,918789963,153.5,156.5,151.5,151.5,0.5,4239,151.60000000000008,155.00000000000009,152.2499999999999,39.21568627450983,37.613324899852415,47.37887301415537,50.568421145273554,162.63989894080567,152.2499999999999,141.8601010591941,2.1436145942403755,3.0401938840335943,-0.8965792897932188
2023-07-26,1503,3120461,468223352,153.0,153.5,148.0,149.0,-2.5,4067,152.60000000000008,154.0500000000001,152.4999999999999,30.882352941176492,37.254901960784316,43.87771269199821,48.5920103974717,162.30815986819928,152.4999999999999,142.6918401318005,1.649800341310936,2.7621151754890625,-1.1123148341781266
2023-07-27,1503,6208565,950998623,151.0,157.5,149.0,153.0,4.0,4519,152.4000000000001,154.10000000000008,152.7999999999999,32.84313725490198,34.31372549019608,50.68085538095887,51.83561912838034,162.2783964888656,152.7999999999999,143.32160351113419,1.5631960082031355,2.522331342031877,-0.9591353338287414
2023-07-28,1503,4691089,704656902,152.0,152.5,148.0,150.0,-3.0,3894,150.9000000000001,152.85000000000008,152.82499999999987,33.062880324543634,32.26279017354068,45.820762367576876,49.32208264265839,162.27103091251377,152.82499999999987,143.37896908748598,1.2382131716291838,2.2655077079513384,-1.0272945363221546
2023-07-31,1503,5598766,845164647,151.5,155.0,148.0,148.0,-2.0,4092,150.3000000000001,151.3000000000001,152.5249999999999,37.9145645879926,34.60686072247938,42.64039427927724,47.662764889441384,162.1814745119604,152.5249999999999,142.86852548803938,0.8099421381694754,1.9743945939949659,-1.1644524558254905
2023-08-01,1503,6326310,917038808,150.0,151.5,142.0,144.5,-3.5,5496,148.9000000000001,150.25000000000009,152.2499999999999,32.86177424108461,34.613073051206925,37.3478391080427,44.82097364566303,162.474969437615,152.2499999999999,142.02503056238479,0.18596976565069667,1.616709628326112,-1.4307398626754153
2023-08-02,1503,4684404,664521378,145.5,146.5,139.0,140.0,-4.5,3804,147.10000000000008,149.85000000000008,151.94999999999987,22.993537627683992,31.25662548558704,31.485783361386684,41.40296224319929,163.19233071921283,151.94999999999987,140.70766928078692,-0.6639911503187363,1.1605694725971423,-1.8245606229158786
2023-08-04,1503,3526762,491031215,140.0,142.0,135.5,138.5,-1.5,2743,144.2000000000001,148.3000000000001,151.3749999999999,13.76276839691476,23.206026755227764,29.674472436813957,40.29975264941885,164.04336611407112,151.3749999999999,138.70663388592865,-1.4420062138239018,0.6400543353129334,-2.0820605491368354
2023-08-07,1503,9315582,1253266124,137.0,138.0,131.5,136.0,-2.5,6925,141.4000000000001,146.1500000000001,150.6499999999999,11.839691473837837,16.19866583281217,26.68904155660321,38.460364257183855,164.98561997264636,150.6499999999999,136.31438002735342,-2.2345592554439406,0.06513161716155857,-2.299690872605499
2023-08-08,1503,7759899,1025665145,136.0,136.0,130.5,132.5,-3.5,5677,138.3000000000001,144.3000000000001,149.6249999999999,12.68281101614437,12.761756962298966,22.922365492141658,35.98411367840412,165.93718869435173,149.6249999999999,133.31281130564804,-3.109242587135469,-0.569743223697847,-2.5394993634376224
2023-08-09,1503,8096312,1066769676,131.5,135.0,129.5,130.5,-2.0,4962,135.50000000000009,142.2000000000001,148.59999999999988,9.428842762176117,11.317115084052752,20.95111764977059,34.612715694229905,166.89371476765064,148.59999999999988,130.30628523234913,-3.9186469913139206,-1.2395239772210618,-2.679123014092859
2023-08-10,1503,4905977,621343956,129.5,131.0,124.0,125.0,-5.5,4373,132.50000000000009,139.8000000000001,146.9249999999999,4.73488081014965,8.948844862823355,16.420579749634477,31.102270711346698,167.3021317903216,146.9249999999999,126.5478682096782,-4.946885234002849,-1.9809962285774194,-2.9658890054254297
2023-08-11,1503,3263855,411494078,126.0,128.0,124.5,125.5,0.5,2237,129.9000000000001,137.0500000000001,145.57499999999987,3.8786482334869654,6.014123935270888,18.294486773375862,31.779650808656257,167.79047883796682,145.57499999999987,123.35952116203295,-5.656224196405816,-2.7160418221430986,-2.9401823742627173
2023-08-14,1503,2660522,333217453,124.5,127.0,123.5,124.5,-1.0,2009,127.6000000000001,134.50000000000009,143.6749999999999,3.8786482334869654,4.164059092374504,17.384992482548245,31.120642697864724,166.27206839393395,143.6749999999999,121.07793160606585,-6.227287780095821,-3.418291013733643,-2.808996766362178
2023-08-15,1503,2843114,359515119,125.5,128.0,125.0,126.0,1.5,2168,126.3000000000001,132.3000000000001,141.7999999999999,6.4265678220797655,4.727954763017876,23.99721278436885,33.3531714919504,163.71894158028883,141.7999999999999,119.88105841971097,-6.484077906575521,-4.031448392302019,-2.452629514273503
2023-08-16,1503,2468160,308470849,125.0,127.0,122.5,126.5,0.5,1997,125.50000000000009,130.50000000000009,140.3749999999999,11.651271433880149,7.318829163148937,26.291416445099607,34.119697676378436,162.38153312087417,140.3749999999999,118.3684668791256,-6.5714880865060366,-4.539456331142822,-2.0320317553632146
2023-08-17,1503,2461358,311973925,125.0,128.5,124.5,127.5,1.0,2154,126.00000000000009,129.25000000000009,139.5499999999999,21.21348341544697,13.097107557135606,31.141370340134884,35.71223820001596,162.1794056484063,139.5499999999999,116.9205943515935,-6.485311012816197,-4.928627267477497,-1.5566837453387006
2023-08-18,1503,4573961,585906406,128.0,131.0,125.0,126.5,-1.0,3246,126.20000000000009,128.0500000000001,138.1749999999999,27.46683821952641,20.110531022951154,28.921217345626964,34.80613961954096,160.46462763260328,138.1749999999999,115.88537236739653,-6.42365876405276,-5.22763356679255,-1.1960251972602105
2023-08-21,1503,9857599,1309891480,128.0,136.0,128.0,131.5,5.0,6964,127.6000000000001,127.6000000000001,136.8749999999999,42.851453604141795,30.510591746371702,49.79865960611876,42.6423234976967,157.47324021609933,136.8749999999999,116.27675978390043,-5.903291232810119,-5.362765099996063,-0.5405261328140556
2023-08-22,1503,5949714,787838563,132.0,135.0,130.0,132.5,1.0,5206,128.9000000000001,127.6000000000001,135.94999999999987,56.79012345679015,42.369471760152756,53.018545998911094,44.08977440839353,155.5660648449207,135.94999999999987,116.33393515507905,-5.348549819639317,-5.359922043924714,0.011372224285397081
2023-08-23,1503,3527712,466124922,132.0,135.0,130.0,131.5,-1.0,2575,129.9000000000001,127.70000000000009,134.94999999999987,69.13580246913583,56.25912651002256,49.327407697505826,42.92326112813665,153.29093781681135,134.94999999999987,116.60906218318841,-4.932743301404173,-5.274486295420606,0.3417429940164327
2023-08-24,1503,2502622,332564918,133.0,134.5,131.5,132.5,1.0,2022,130.9000000000001,128.4500000000001,134.1249999999999,71.60493827160496,65.84362139917695,53.134006625693544,44.50448860305673,151.3118408964569,134.1249999999999,116.93815910354286,-4.470983285107081,-5.113785693357901,0.6428024082508195
2023-08-25,1503,3769957,493282941,134.0,135.0,128.0,129.0,-3.5,2981,131.4000000000001,128.8000000000001,132.9249999999999,62.96296296296299,67.90123456790123,40.66131352147793,40.2966693182381,147.87918001764442,132.9249999999999,117.97081998235538,-4.337456397294744,-4.958519834145269,0.621063436850525
2023-08-28,1503,2243482,288537323,130.0,131.0,126.5,128.5,-0.5,1627,130.8000000000001,129.2000000000001,131.84999999999988,55.55555555555558,63.374485596707814,39.1303998337228,39.71892275691949,144.68004286821144,131.84999999999988,119.01995713178833,-4.2232976516036445,-4.811475397636944,0.5881777460333
2023-08-29,1503,1348096,173228364,129.0,129.5,127.0,129.0,0.5,1113,130.10000000000008,129.50000000000009,130.8999999999999,43.90767579173379,54.14206477008409,41.69162087283998,40.63552212531504,141.4099952426307,130.8999999999999,120.39000475736906,-4.045842250830248,-4.658348768275605,0.6125065174453574
2023-08-30,1503,1280116,164053857,130.5,130.5,127.0,127.5,-1.5,1236,129.3000000000001,129.60000000000008,130.0499999999999,35.43405065144197,44.965760666243746,36.33984704852447,38.73276654097963,138.58756405540328,130.0499999999999,121.51243594459652,-3.98036189693849,-4.522751394008182,0.5423894970696921
2023-08-31,1503,2109101,270088800,127.5,129.0,126.0,129.0,1.5,1148,128.60000000000008,129.75000000000009,129.4999999999999,30.61923583662716,36.65365409326761,44.631788984214005,41.67396479741129,136.71803297305578,129.4999999999999,122.28196702694399,-3.764041256174977,-4.371009366441541,0.606968110266564
2023-09-01,1503,2997152,379576417,129.0,131.0,124.0,124.0,-5.0,2781,127.6000000000001,129.50000000000009,128.7749999999999,17.575757575757596,27.876348021275543,29.6253510867885,35.54799839855063,135.08748762375964,128.7749999999999,122.46251237624016,-3.95052461448077,-4.286912416049387,0.33638780156861703
2023-09-04,1503,2947592,358866960,123.5,123.5,120.0,122.5,-1.5,2337,126.40000000000009,128.60000000000008,128.09999999999988,15.555555555555577,21.250182989313412,26.506120167788065,33.93631259848391,134.05482997239517,128.09999999999988,122.14517002760458,-4.171267705865887,-4.263783474012687,0.09251576814680007
2023-09-05,1503,1163657,143513201,121.5,124.5,121.5,124.0,1.5,1098,125.40000000000009,127.75000000000009,127.67499999999988,14.444444444444466,15.858585858585847,34.54628763264269,37.011767296984495,133.52542733483037,127.67499999999988,121.82457266516938,-4.1770206383657325,-4.246430906883296,0.06941026851756327
2023-09-06,1503,1883126,229180897,123.5,124.5,120.0,120.5,-3.5,1681,124.00000000000009,126.65000000000009,127.17499999999988,15.555555555555578,15.185185185185176,26.61893509914056,33.13559745749723,133.65014478603587,127.17499999999988,120.6998552139639,-4.413128826069411,-4.2797704907205185,-0.13335833534889208
2023-09-07,1503,2918739,347327388,120.5,120.5,117.5,119.5,-1.0,2343,122.1000000000001,125.3500000000001,126.89999999999989,14.938271604938294,14.979423868312749,24.72752306386368,32.10116899445317,134.1429275849006,126.89999999999989,119.6570724150992,-4.627593886793733,-4.349335169935161,-0.27825871685857173
2023-09-08,1503,2508146,297654637,118.0,120.0,117.5,119.5,0.0,1918,121.20000000000009,124.40000000000009,126.59999999999988,10.987654320987675,13.82716049382715,24.72752306386368,32.10116899445317,134.51580697087323,126.59999999999988,118.68419302912653,-4.742885955602873,-4.428045327068704,-0.31484062853416894
2023-09-11,1503,3055113,357095476,119.0,119.5,115.0,116.5,-3.0,2322,120.00000000000009,123.20000000000009,126.19999999999989,13.001543209876564,12.97582304526748,19.166515661802332,28.956059705735417,135.22995016598225,126.19999999999989,117.17004983401755,-5.018480756457862,-4.546132412946536,-0.47234834351132626
2023-09-12,1503,2403318,283468998,117.5,120.0,116.0,117.0,0.5,1779,118.6000000000001,122.00000000000009,125.74999999999989,12.22993827160496,12.073045267489702,22.553178747024738,30.1837945099032,135.63180145520658,125.74999999999989,115.86819854479319,-5.137325905202289,-4.664371111397687,-0.47295479380460215
2023-09-13,1503,1547147,178984411,116.0,117.0,114.5,116.0,-1.0,1309,117.70000000000009,120.8500000000001,125.22499999999988,10.321969696969719,11.851150392817049,20.544741946346008,29.100629578617664,135.96964983143346,125.22499999999988,114.4803501685663,-5.251665256438486,-4.781829940405847,-0.46983531603263895
2023-09-14,1503,1727380,203707522,116.0,119.0,115.5,118.0,2.0,1369,117.40000000000009,119.75000000000009,124.74999999999989,18.863636363636385,13.805181444070323,34.21440997910981,34.187425500344965,135.88328343302754,124.74999999999989,113.61671656697223,-5.12185517257582,-4.849834986839841,-0.27202018573597897
2023-09-15,1503,9867015,1132688643,118.5,118.5,114.5,114.5,-3.5,2337,116.40000000000009,118.8000000000001,124.14999999999989,14.696969696969719,14.627525252525244,25.32050436914529,30.115376752300755,136.10449706178045,124.14999999999989,112.19550293821933,-5.2409856747053425,-4.928065124412941,-0.31292055029240107
2023-09-18,1503,2331195,263334216,114.0,115.0,112.0,113.0,-1.5,1950,115.70000000000009,117.8500000000001,123.22499999999988,14.333333333333357,15.964646464646457,22.40805949344973,28.546094139435258,135.61642848908556,123.22499999999988,110.8335715109142,-5.394253325379992,-5.021302764606352,-0.3729505607736403
2023-09-19,1503,1678237,189526293,113.0,115.0,112.0,112.0,-1.0,1303,114.70000000000009,116.65000000000009,122.19999999999989,2.6666666666666905,10.565656565656559,20.567995756935197,27.516652145872904,134.74352422567586,122.19999999999989,109.65647577432391,-5.532633925476873,-5.123568996780456,-0.40906492869641653
2023-09-20,1503,2131877,237530764,112.0,113.0,110.0,111.0,-1.0,1546,113.70000000000009,115.70000000000009,121.17499999999988,6.000000000000024,7.666666666666661,18.769807240690216,26.48795325572861,133.86072031853607,121.17499999999988,108.4892796814637,-5.657773895063016,-5.2304099764369685,-0.42736391862604783
2023-09-21,1503,3137786,341329289,111.0,111.0,107.0,109.5,-1.5,2098,112.00000000000009,114.70000000000009,120.02499999999989,9.743589743589768,6.136752136752132,16.279154703222204,24.97943283560104,132.56483652206515,120.02499999999989,107.48516347793465,-5.81100009465257,-5.346528000080089,-0.4644720945724812
2023-09-22,1503,1739747,190345023,108.0,111.0,107.5,110.0,0.5,1312,111.1000000000001,113.75000000000009,119.07499999999989,17.43589743589746,11.059829059829054,20.38743875049841,26.482427297759482,131.62997909198242,119.07499999999989,106.52002090801734,-5.824940848238086,-5.442210569711689,-0.38273027852639707
2023-09-25,1503,12333248,1368525034,110.5,112.0,109.5,111.0,1.0,1198,110.70000000000009,113.20000000000009,118.19999999999989,25.21367521367524,17.46438746438746,28.56653570588683,29.523562035716118,130.44091499848398,118.19999999999989,105.95908500151579,-5.689709919016053,-5.491710439572562,-0.1979994794434914
2023-09-26,1503,7232777,824184259,112.0,116.5,111.0,113.0,2.0,5149,110.90000000000009,112.8000000000001,117.39999999999989,35.4700854700855,26.03988603988604,42.379260868130366,35.28906081361425,128.77365376649507,117.39999999999989,106.02634623350473,-5.359375602172392,-5.465243472092528,0.10586786992013586
2023-09-27,1503,4449923,508288944,114.5,116.0,113.0,113.5,0.5,3116,111.40000000000009,112.5500000000001,116.69999999999989,46.61835748792273,35.76737272389446,45.45546868011857,36.6836098101064,127.18999523356017,116.69999999999989,106.21000476643961,-4.999605119150459,-5.372115801504114,0.3725106823536546
2023-09-28,1503,2174914,250057233,113.5,116.0,113.5,115.5,2.0,1593,112.6000000000001,112.3000000000001,116.02499999999989,65.33180778032039,49.14008357944285,56.334336307077606,42.06213533667399,124.87076169699999,116.02499999999989,107.17923830299979,-4.501213941635854,-5.197935429530462,0.6967214878946084
2023-10-02,1503,2196697,254347189,116.0,118.0,114.5,116.0,0.5,1752,113.8000000000001,112.45000000000009,115.62499999999989,75.937868386381,62.62934455154135,58.73484225236771,43.35756458253846,123.68027777299527,115.62499999999989,107.5697222270045,-4.019554598094359,-4.962259263243242,0.9427046651488826
2023-10-03,1503,3038807,354754850,116.0,119.0,115.0,117.0,1.0,2217,115.00000000000009,112.8500000000001,115.34999999999988,84.87506645401385,75.38158087357172,63.4263056923056,45.96000726739336,122.80050333870967,115.34999999999988,107.89949666129009,-3.516607196765918,-4.673128849947777,1.1565216531818594
2023-10-04,1503,2838915,325877948,116.0,117.0,113.5,114.0,-3.0,2392,115.20000000000009,113.0500000000001,114.84999999999988,74.49494949494952,78.43596144511476,45.371999917274394,40.019579558529244,121.16743618884477,114.84999999999988,108.53256381115499,-3.3218010310896062,-4.402863286176143,1.081062255086537
2023-10-05,1503,1928261,221899829,115.0,117.0,114.0,114.0,0.0,1582,115.3000000000001,113.3500000000001,114.52499999999989,66.06280193236718,75.14427262711014,45.37199991727438,40.019579558529244,120.29106451577725,114.52499999999989,108.75893548422253,-3.1313198354048524,-4.148554596021885,1.0172347606170327
2023-10-06,1503,2358707,266665927,114.5,115.0,111.0,114.5,0.5,2092,115.1000000000001,113.8500000000001,114.27499999999989,55.82888380371221,65.46221174367626,48.685548891689535,41.48158272834719,119.5709890483373,114.27499999999989,108.97901095166249,-2.9065118349634673,-3.9001460438102016,0.9936342088467343
2023-10-11,1503,1204518,136139086,115.0,115.5,112.0,112.0,-2.5,1155,114.3000000000001,114.0500000000001,113.89999999999989,40.55110602593442,54.14759725400457,35.96134081507053,36.66885938388705,118.7020828814282,113.89999999999989,109.09791711857159,-2.896687768122348,-3.6994543886726308,0.8027666205502828
2023-10-12,1503,1809063,199670996,112.0,112.0,109.5,111.0,-1.0,1593,113.1000000000001,114.0500000000001,113.62499999999989,26.97368421052634,41.11789134672429,32.05208766663519,34.92344966710725,118.4299453691077,113.62499999999989,108.82005463089207,-2.935752242612949,-3.5467139594606945,0.6109617168477453
2023-10-13,1503,1129982,124085632,110.0,111.5,109.0,109.0,-2.0,1053,112.1000000000001,113.65000000000009,113.22499999999988,9.429824561403533,25.65153826595473,25.567016389529535,31.67598254894619,118.1694413233567,113.22499999999988,108.28055867664307,-3.092446605902012,-3.455860488748958,0.3634138828469462
2023-10-16,1503,1294833,138599243,108.5,109.0,106.0,106.5,-2.5,1210,110.6000000000001,112.95000000000009,112.74999999999989,6.545209176788148,14.316239316239306,19.74190440246895,28.15201566620366,118.32225268631196,112.74999999999989,107.17774731368782,-3.379401487613947,-3.4405686885219557,0.061167200908008645
2023-10-17,1503,1427939,150264061,107.5,108.0,104.5,104.5,-2.0,1184,108.6000000000001,111.8500000000001,112.07499999999989,1.2820512820513066,5.7523616734142955,16.27999779567314,25.68974295173234,118.18462355633366,112.07499999999989,105.96537644366612,-3.7252561500650074,-3.497506180830566,-0.22774996923444135
2023-10-18,1503,2176268,224111684,104.0,104.5,102.0,103.5,-1.0,1372,106.90000000000009,110.6000000000001,111.52499999999989,4.61538461538464,4.147548358074665,14.769219799798252,24.534283462972827,118.57109821107446,111.52499999999989,104.47890178892533,-4.033543920930498,-3.6047137288505526,-0.4288301920799453
2023-10-19,1503,2063588,209345759,102.5,103.0,100.5,101.5,-2.0,1445,105.00000000000009,109.0500000000001,110.94999999999989,5.353535353535378,3.7503237503237408,12.140423518634066,22.367447339226942,119.19560488988604,110.94999999999989,102.70439511011374,-4.3886577708002505,-3.761502537240492,-0.6271552335597583
2023-10-20,1503,4361425,448480568,104.5,106.0,101.5,101.5,0.0,3068,103.50000000000009,107.8000000000001,110.42499999999988,7.5757575757576,5.848225848225838,12.14042351863407,22.367447339226942,119.61888383655776,110.42499999999988,101.23111616344201,-4.616867678580832,-3.93257556550856,-0.6842921130722717
2023-10-23,1503,2123595,216113040,101.0,103.5,99.6,101.5,0.0,1562,102.50000000000009,106.5500000000001,109.94999999999989,8.225652753954677,7.051648561082518,12.140423518634071,22.36744733922694,119.92446740433354,109.94999999999989,99.97553259566624,-4.743050738197169,-4.094670600046282,-0.6483801381508876
2023-10-24,1503,1634848,164281198,102.0,102.0,99.9,100.5,-1.0,1416,101.70000000000009,105.15000000000009,109.49999999999989,8.624805572462348,8.142071967391509,10.63715901494487,21.198278233377195,120.29351657246673,109.49999999999989,98.70648342753304,-4.867632329199182,-4.249262945876862,-0.61836938332232
2023-10-25,1503,2273874,235036744,102.0,104.5,102.0,103.5,3.0,1828,101.70000000000009,104.3000000000001,109.17499999999988,17.326953098139295,11.392470474852075,37.6558939895313,32.58331055477968,120.2757882603042,109.17499999999988,98.07421173969557,-4.670451156004745,-4.333500587902439,-0.3369505681023064
2023-10-26,1503,1610217,163241168,102.5,103.0,100.5,101.0,-2.5,1364,101.6000000000001,103.3000000000001,108.67499999999988,18.308263593701103,14.75334075476755,29.101504357239055,28.843497300901934,120.29082971638753,108.67499999999988,97.05917028361223,-4.66217016668142,-4.399234503658235,-0.2629356630231854
2023-10-27,1503,1107015,111712085,101.5,102.5,100.0,100.0,-1.0,980,101.3000000000001,102.40000000000009,108.02499999999989,17.47621034229302,17.70380901137777,26.312060035552925,27.48459353552593,120.04779085737167,108.02499999999989,96.00220914262812,-4.68232414750581,-4.45585243242775,-0.22647171507805997
2023-10-30,1503,1330957,132527785,100.5,101.0,99.0,99.1,-0.9,1224,100.82000000000009,101.6600000000001,107.30499999999988,7.028031070584297,14.27083500219277,23.90604020729187,26.284360986749878,119.65044045387252,107.30499999999988,94.95955954612724,-4.716549355872431,-4.507991817116686,-0.2085575387557448
2023-10-31,1503,3704529,357337722,99.6,100.5,94.3,94.7,-4.4,3025,99.6600000000001,100.68000000000009,106.26499999999987,3.203093203093237,9.235778205323482,15.711569858156448,21.370842673709618,119.16574028884057,106.26499999999987,93.36425971115918,-5.040611278599869,-4.614515709413323,-0.426095569186546
2023-11-01,1503,2094331,198246797,95.2,96.0,93.5,94.9,0.2,1880,97.9400000000001,99.82000000000009,105.20999999999988,5.349124949124977,5.193416407600801,17.216380188205168,22.083834790752157,118.20444496698939,105.20999999999988,92.21555503301038,-5.221108667875214,-4.735834301105701,-0.48527436676951297
2023-11-02,1503,2042202,195958662,95.6,97.2,95.1,96.0,1.1,1899,96.9400000000001,99.2700000000001,104.15999999999988,12.448692048692102,7.000303400303403,25.725119876034373,26.055341385410664,116.55393400015114,104.15999999999988,91.76606599984862,-5.215274899724847,-4.83172242082953,-0.3835524788953162
2023-11-03,1503,1212208,117859009,96.6,97.9,96.4,97.7,1.7,1156,96.4800000000001,98.8900000000001,103.34499999999987,24.036363636363685,13.944726878060218,37.337732902461205,31.83779636604455,115.17436600161298,103.34499999999987,91.51563399838676,-5.015658415849487,-4.868509619833522,-0.14714879601596476
2023-11-06,1503,1282914,127174387,98.6,99.9,98.5,99.1,1.4,1428,96.4800000000001,98.6500000000001,102.59999999999987,37.27272727272729,24.58592765259432,45.52126701425584,36.25850122237533,113.49091364395667,102.59999999999987,91.70908635604306,-4.690424322604116,-4.8328925603876405,0.14246823778352447
2023-11-07,1503,719413,70938096,99.2,99.5,98.1,98.4,-0.7,727,97.22000000000011,98.4400000000001,101.79499999999987,46.889952153110094,36.06634768740032,42.298860991546654,35.03499918278101,111.34622505232281,101.79499999999987,92.24377494767694,-4.4379996133936,-4.753913970988832,0.3159143575952319
2023-11-08,1503,765957,75262865,99.0,99.0,97.6,98.6,0.2,653,97.96000000000012,97.9500000000001,101.12499999999986,53.05156831472622,45.73808258018783,43.629010093960744,35.702581804999966,109.52996876853965,101.12499999999986,92.72003123146007,-4.173701056452103,-4.637871388081487,0.4641703316293837
2023-11-09,1503,2085089,204700660,99.7,100.5,96.3,96.7,-1.9,1901,98.10000000000012,97.52000000000011,100.40999999999987,50.304093567251506,50.081871345029235,34.750381140262476,32.306177105895664,107.69090653697188,100.40999999999987,93.12909346302786,-4.07063294424492,-4.524423699314173,0.45379075506925304
2023-11-10,1503,926748,89086664,97.0,97.0,95.5,95.9,-0.8,886,97.74000000000012,97.1100000000001,99.75499999999987,44.53968253968259,49.2984481405534,31.592222758411282,30.97024165781207,106.12727588857521,99.75499999999987,93.38272411142452,-4.007310258678103,-4.421001011186959,0.413690752508856
2023-11-13,1503,931378,89182115,96.2,96.4,94.6,95.9,0.0,814,97.10000000000011,96.7900000000001,99.22499999999988,37.079365079365175,43.97438039543305,31.592222758411275,30.970241657812064,105.00042206250876,99.22499999999988,93.449577937491,-3.912031114616596,-4.319207031872887,0.407175917256291
2023-11-14,1503,674711,64492647,96.0,96.1,94.9,95.5,-0.4,689,96.52000000000012,96.87000000000009,98.77499999999988,27.941888619854826,36.52031207963416,29.752065101603048,30.24498349251982,104.22986021820122,98.77499999999988,93.32013978179853,-3.8247094933192187,-4.220307524162154,0.395598030842935
2023-11-15,1503,2154976,210252345,96.3,98.7,96.3,97.8,2.3,1658,96.36000000000011,97.1600000000001,98.48999999999987,34.592413236481114,33.20455564523366,49.48886087420377,39.07916660166212,103.50553586370522,98.48999999999987,93.47446413629451,-3.529232901210804,-4.082092599571884,0.5528596983610798
2023-11-16,1503,1288870,127080251,98.4,99.4,97.6,98.8,1.0,1062,96.78000000000011,97.44000000000008,98.35499999999988,46.89265536723169,36.47565240785584,55.78953631720503,42.489485941188235,103.18096104419745,98.35499999999988,93.5290389558023,-3.1777428885764465,-3.9012226573727964,0.7234797687963499
2023-11-17,1503,2786391,281097361,99.6,102.5,98.8,100.5,1.7,2379,97.70000000000012,97.72000000000008,98.30499999999986,66.7024243724523,49.395830992055004,64.55784414733263,47.8355867472186,103.01901103097131,98.30499999999986,93.59098896902842,-2.730532845759484,-3.667084695050134,0.9365518492906499
2023-11-20,1503,1261552,127588083,101.5,102.5,100.5,101.0,0.5,1154,98.72000000000011,97.91000000000008,98.27999999999987,75.62754773653727,63.07420915874038,66.81616267066092,49.32758149133507,102.93084938480163,98.27999999999987,93.62915061519811,-2.3091513837717343,-3.395498032794454,1.0863466490227198
2023-11-21,1503,1168061,117633817,101.5,102.0,100.0,101.0,0.0,887,99.82000000000012,98.17000000000009,98.30499999999986,78.90295358649796,73.74430856516246,66.81616267066092,49.327581491335074,103.00839239274384,98.30499999999986,93.60160760725589,-1.9526940972141205,-3.1069372456783872,1.1542431484642668
2023-11-22,1503,948124,95640199,101.0,102.0,100.0,101.0,0.0,723,100.46000000000012,98.41000000000008,98.17999999999986,81.01265822784818,78.5143865169611,66.81616267066092,49.32758149133507,102.43610150256325,98.17999999999986,93.92389849743648,-1.651165521167968,-2.8157829007763033,1.1646173796083352
2023-11-23,1503,2589827,264638084,101.0,104.5,100.5,101.0,0.0,1967,100.90000000000012,98.84000000000007,98.17999999999986,75.55726036738702,78.490957393911,66.81616267066092,49.32758149133507,102.43610150256325,98.17999999999986,93.92389849743648,-1.3961084827139416,-2.531848017163831,1.1357395344498893
2023-11-24,1503,11785558,1247712650,102.0,108.0,101.0,106.5,5.5,8170,102.10000000000011,99.90000000000008,98.50499999999987,78.06958039830786,78.21316633118097,85.56288459652049,64.39491526100109,104.06142870917225,98.50499999999987,92.94857129082749,-0.7416209627546522,-2.173802606281995,1.432181643527343
2023-11-27,1503,13361699,1438144392,109.5,112.5,102.5,104.0,-2.5,10552,102.70000000000012,100.71000000000008,98.74999999999987,66.90898238820212,73.51194105129895,65.83852424525955,56.21285914516419,104.79995867755424,98.74999999999987,92.7000413224455,-0.41982451876654636,-1.8230069887789053,1.403182470012359
2023-11-28,1503,3267812,340840981,104.0,105.5,102.5,105.0,1.0,2664,103.50000000000011,101.66000000000008,99.26499999999987,61.914970682781025,68.96451115643028,69.15660165958715,58.485125717309536,105.59533174487001,99.26499999999987,92.93466825512974,-0.08314839292097531,-1.4750352696073192,1.391886876686344
2023-11-29,1503,3314672,339863750,105.0,105.5,101.0,101.5,-3.5,2724,103.60000000000011,102.03000000000009,99.59499999999987,38.967774308270904,55.93057579308462,49.5174411769686,48.91703020823464,105.66343472405455,99.59499999999987,93.52656527594519,-0.09762552061550878,-1.1995533198089572,1.1019277991934484
2023-11-30,1503,2316945,238406255,101.0,104.0,101.0,103.5,2.0,1737,104.10000000000011,102.50000000000009,99.96999999999987,32.45748624242728,44.446743744493006,57.55345012743787,53.589465336293685,106.03039602667307,99.96999999999987,93.90960397332667,0.05168870151116778,-0.9493049155449322,1.0009936170561
2023-12-01,1503,2066184,214879198,103.5,105.0,102.5,104.5,1.0,1438,103.70000000000012,102.90000000000009,100.30999999999986,27.90267639902682,33.109312316574936,61.160023745257185,55.767970993485214,106.58212882521727,100.30999999999986,94.03787117478245,0.2478558134165496,-0.7098727697526359,0.9577285831691855
2023-12-04,1503,8865325,964492934,104.5,111.5,103.5,111.0,6.5,6814,105.10000000000011,103.90000000000009,100.90499999999987,50.66666666666672,37.00894310270687,76.37954115558291,66.70727144015314,108.68226815791425,100.90499999999987,93.1277318420855,0.9172419459530516,-0.3844498266114984,1.30169177256455
2023-12-05,1503,24408816,2838301329,111.0,122.0,109.5,122.0,11.0,16109,108.50000000000011,106.00000000000009,102.08499999999987,74.66666666666673,51.07866991078669,86.68261749958712,77.0510550182509,114.0290822167347,102.08499999999987,90.14091778326504,2.3087297484138105,0.1541860883935634,2.154543660020247
2023-12-06,1503,44825932,5796367983,125.0,133.5,124.0,130.5,8.5,28322,114.30000000000011,108.95000000000009,103.67999999999988,92.92307692307698,72.75213675213674,90.44139198623373,81.76553662913739,120.75449560016663,103.67999999999988,86.60550439983312,4.050679112183204,0.9334846931514915,3.117194419031712
2023-12-07,1503,53868060,7338195843,130.0,142.5,128.5,132.5,2.0,36996,120.10000000000011,112.1000000000001,105.46999999999989,88.89094840902077,85.49356399958809,91.12873101352321,82.6677749996386,126.32896449970866,105.46999999999989,84.61103550029111,5.528836828957708,1.8525551203127348,3.6762817086449733
2023-12-08,1503,22806893,3012935003,134.0,137.0,129.0,129.0,-3.5,13624,125.00000000000011,114.3500000000001,107.12499999999989,78.04757491504485,86.62053341571412,79.46266765154199,75.6165006342999,129.85285735611913,107.12499999999989,84.39714264388063,6.344728637496615,2.750989823749511,3.5937388137471045
2023-12-11,1503,11578461,1466323071,128.0,130.0,124.0,127.5,-1.5,7453,128.30000000000013,116.70000000000009,108.70499999999988,69.07630522088358,78.67160951498299,74.68234760591953,72.7524106981769,132.46206000329374,108.70499999999988,84.94793999670601,6.791997391907472,3.5591913373811033,3.232806054526369
2023-12-12,1503,9116988,1152963400,126.5,130.0,124.0,125.0,-2.5,7098,128.90000000000012,118.70000000000009,110.17999999999988,63.05220883534142,70.05869632375654,66.86131193974576,68.12128727848494,134.13676104986052,110.17999999999988,86.22323895013923,6.865589750583709,4.220471020021624,2.6451187305620847
2023-12-13,1503,5610502,706459810,126.5,129.0,124.0,124.0,-1.0,4127,127.60000000000011,120.95000000000009,111.48999999999987,58.47891566265065,63.535809906291796,63.74596932783422,66.30318613566416,135.46097411454363,111.48999999999987,87.51902588545612,6.765235162645325,4.729423848546364,2.035811314098961
2023-12-14,1503,10674610,1364562534,125.0,132.0,123.0,127.5,3.5,7225,126.60000000000011,123.3500000000001,112.92499999999987,57.70659561322216,59.74590670373798,69.54106342337218,69.38316808524021,137.12060910578865,112.92499999999987,88.7293908942111,6.888715355426996,5.16128214992249,1.7274332055045054
2023-12-15,1503,15836170,1991270789,128.0,133.0,120.0,123.0,-4.5,11023,125.40000000000012,125.20000000000009,114.04999999999987,52.06585081585086,56.083787363907796,56.091891668340764,61.58865158190908,137.9202744014416,114.04999999999987,90.17972559855814,6.547980858541678,5.438621891646328,1.1093589668953499
2023-12-18,1503,5899113,705195990,122.0,123.5,118.0,119.5,-3.5,4460,123.80000000000011,126.0500000000001,114.97499999999987,36.190000475714804,48.65414896826252,47.717812559324216,56.291771010337854,138.17516163737076,114.97499999999987,91.77483836262897,5.927200487950131,5.536337610907088,0.3908628770430429
2023-12-19,1503,5958634,698963837,118.5,119.5,115.5,117.0,-2.5,4745,122.20000000000012,125.5500000000001,115.77499999999986,17.529031814746144,35.261627702103844,42.43808508627928,52.79876074349904,138.07853111056934,115.77499999999986,93.47146888943038,5.173857456997212,5.463841580125113,-0.2899841231279012
2023-12-20,1503,2448324,287847269,117.5,119.0,116.0,117.5,0.5,1758,120.90000000000012,124.25000000000009,116.59999999999987,6.993443372180958,20.23749188754721,43.88676705760333,53.42128620763751,137.85229399382874,116.59999999999987,95.347706006171,4.564556136940112,5.283984491488113,-0.7194283545480005
2023-12-21,1503,3296363,387674705,118.0,120.0,115.5,115.5,-2.0,2489,118.50000000000011,122.5500000000001,117.32499999999986,4.952627045650345,9.825034077525727,39.274112010043474,50.549417698417656,137.35316766457038,117.32499999999986,97.29683233542934,3.8756214145370933,5.002311876097909,-1.1266904615608153
2023-12-22,1503,1975269,230544852,116.5,118.0,115.5,116.5,1.0,1568,117.20000000000012,121.3000000000001,117.82499999999986,5.005537098560398,5.650535838797144,42.782160876424776,51.94059750808266,137.2370452297057,117.82499999999986,98.41295477029402,3.3714631971040916,4.676142140299145,-1.3046789431950536
2023-12-25,1503,3795455,447956092,117.5,121.0,116.0,116.5,0.0,2855,116.60000000000011,120.20000000000009,118.44999999999986,3.809523809523853,4.5892293179114425,42.78216087642478,51.94059750808266,136.8181790061002,118.44999999999986,100.08182099389953,2.9380462096895883,4.328522954177234,-1.3904767444876454
2023-12-26,1503,2541518,291887547,116.0,117.0,114.0,114.0,-2.5,2256,116.00000000000011,119.1000000000001,118.89999999999986,3.809523809523853,4.208194905869278,35.753887883295185,48.02341112215896,136.34591642763814,118.89999999999986,101.4540835723616,2.365562288385476,3.935930821018882,-1.570368532633406
2023-12-27,1503,1402246,161196889,114.5,116.0,114.0,114.5,0.5,1121,115.40000000000012,118.15000000000009,119.54999999999987,2.781954887218088,3.467000835421841,38.12566163714003,48.85420240273133,135.234068349766,119.54999999999987,103.86593165023372,1.9299630647040686,3.5347372697559196,-1.604774205051851
2023-12-28,1503,17910179,2183891758,118.5,125.5,118.0,125.5,11.0,10814,117.40000000000012,117.95000000000009,120.64999999999986,34.210526315789515,13.600668337510394,68.22943074944752,62.90279245296625,134.67533422062138,120.64999999999986,106.62466577937833,2.444180618062461,3.3166259394172277,-0.8724453213547667
2023-12-29,1503,25345581,3090634432,127.0,128.0,118.0,118.5,-7.0,16965,117.80000000000011,117.50000000000009,121.34999999999987,44.92481203007523,27.30576441102752,50.12402111392539,52.937766459647115,133.32956593538086,121.34999999999987,109.37043406461889,2.260799149975014,3.105460581528785,-0.8446614315537708
2024-01-02,1503,14052928,1696602525,119.0,124.0,116.0,119.0,0.5,9383,118.30000000000011,117.45000000000009,121.74999999999986,55.952380952381,45.02923976608182,51.203086384648365,53.50436743603242,132.82023034991346,121.74999999999986,110.67976965008624,2.1312461575990937,2.9106176967428468,-0.779371539143753
2024-01-03,1503,5221263,618622521,119.0,120.5,117.0,117.5,-1.5,4221,119.00000000000011,117.50000000000009,121.52499999999986,30.952380952381002,43.94319131161232,47.598791977884346,51.50115196621422,132.74763338081328,121.52499999999986,110.30236661918644,1.8857987002379133,2.7056538974418602,-0.819855197203947
2024-01-04,1503,5079630,596843121,117.5,120.5,116.0,116.0,-1.5,4022,119.30000000000011,117.3500000000001,120.79999999999987,25.000000000000046,37.301587301587254,43.98644260068483,49.5050946400272,131.4695829346855,120.79999999999987,110.13041706531425,1.552347858143122,2.4749926895821126,-0.9226448314389906
2024-01-05,1503,2122879,247038710,117.0,118.0,115.5,116.0,0.0,1745,117.40000000000012,117.40000000000009,119.97499999999987,17.857142857142907,24.603174603174562,43.98644260068484,49.50509464002722,129.37433508287364,119.97499999999987,110.57566491712609,1.273406624500268,2.2346754765657435,-0.9612688520654755
2024-01-08,1503,3330339,393394885,117.5,119.5,116.5,118.5,2.5,2406,117.40000000000012,117.6000000000001,119.44999999999986,20.238095238095287,21.031746031745985,52.21344894977135,53.024321355964574,127.8992603226639,119.44999999999986,111.00073967733582,1.23978136595386,2.035696654443367,-0.7959152884895069
2024-01-09,1503,4916722,580014629,119.0,119.5,115.5,118.5,0.0,3460,117.30000000000011,117.8000000000001,118.99999999999986,26.190476190476243,21.428571428571388,52.21344894977135,53.024321355964574,126.6026311235089,118.99999999999986,111.39736887649082,1.1993082275946705,1.8684189690736275,-0.669110741478957
2024-01-10,1503,2233882,262786890,117.5,119.5,116.0,117.5,-1.0,1882,117.30000000000011,118.15000000000009,118.62499999999986,26.761904761904816,24.39682539682536,48.34733386838307,51.363645464168414,125.73045565042429,118.62499999999986,111.51954434957543,1.0741590938078929,1.7095669940204805,-0.6354079002125876
2024-01-11,1503,3692879,434148399,118.5,120.0,116.0,117.0,-0.5,2686,117.50000000000011,118.40000000000009,118.27499999999986,20.047619047619104,24.3333333333333,46.345549799842004,50.51180679046017,124.96435721875683,118.27499999999986,111.5856427812429,0.9239806090027969,1.5524497170169438,-0.6284691080141469
2024-01-12,1503,6692403,795014982,118.0,121.0,117.0,117.0,0.0,4818,117.70000000000012,117.5500000000001,117.74999999999986,15.215686274509858,20.67507002801117,46.34554979984201,50.51180679046018,122.94133894098056,117.74999999999986,112.55866105901916,0.7957897094090072,1.4011177154953565,-0.6053280060863493
2024-01-15,1503,15224349,1840758958,120.0,124.5,117.0,119.0,2.0,10312,117.80000000000011,117.6000000000001,117.54999999999987,22.845315904139493,19.369540408756063,56.21556866777714,54.04723875740358,122.19650406220995,117.54999999999987,112.90349593778978,0.8458305748622195,1.290060287368729,-0.44422971250650956
2024-01-16,1503,3916818,458344632,118.0,119.0,116.0,116.0,-3.0,3270,117.30000000000011,117.3000000000001,117.37499999999986,20.697167755991345,19.58605664488014,42.52564105601114,48.455349533823714,121.97798815989616,117.37499999999986,112.77201184010356,0.6360810469425076,1.1592644392834848,-0.5231833923409772
2024-01-17,1503,4625044,526092430,116.0,117.0,111.5,111.5,-4.5,4079,116.10000000000011,116.70000000000009,117.09999999999987,14.814814814814875,19.452432824981813,29.818078713792133,41.51657865307614,122.36877594894028,117.09999999999987,111.83122405105945,0.10552422538783901,0.9485163965043556,-0.8429921711165166
2024-01-18,1503,1885451,211311696,112.0,113.5,111.0,112.0,0.5,1661,115.10000000000011,116.3000000000001,116.82499999999986,4.320987654321047,13.277656741708995,32.43527139217729,42.50180764220783,122.53704866927261,116.82499999999986,111.11295133072711,-0.27147071144716506,0.7045189749140515,-0.9759896863612165
2024-01-19,1503,1745685,197794344,113.0,114.5,112.0,113.5,1.5,1392,114.40000000000012,116.0500000000001,116.72499999999987,8.641975308642035,9.259259259259226,40.23572952793134,45.469700583765785,122.59419926396598,116.72499999999987,110.85580073603376,-0.44408531197090895,0.47479811753705936,-0.9188834295079683
2024-01-22,1503,2298509,262472842,114.0,115.5,112.0,115.0,1.5,1897,113.60000000000011,115.70000000000009,116.64999999999986,18.518518518518576,10.493827160493792,47.330035121026256,48.34128959792477,122.5669248770059,116.64999999999986,110.73307512299382,-0.45460575042146445,0.2889173439453546,-0.7435230943668191
2024-01-23,1503,11675866,1398921383,116.0,123.0,115.5,121.0,6.0,8383,114.60000000000011,115.95000000000009,116.87499999999986,40.7407407407408,22.63374485596704,66.10587790455158,57.8930399637227,123.0868837722657,116.87499999999986,110.66311622773402,0.02096491176594384,0.23532685750947246,-0.21436194574352863
2024-01-24,1503,12514523,1542572617,123.0,126.0,121.0,122.5,1.5,8638,116.80000000000011,116.45000000000009,117.29999999999987,60.12345679012352,39.79423868312754,69.29806912756963,59.88976954783231,123.82226954365811,117.29999999999987,110.77773045634163,0.5129822122060403,0.29085792844878605,0.2221242837572543
2024-01-25,1503,5939973,715429175,122.0,122.5,118.5,120.0,-2.5,4998,118.40000000000012,116.75000000000009,117.57499999999986,70.24691358024698,57.03703703703701,58.57180145772977,55.192167258687604,124.06557008283085,117.57499999999986,111.08442991716888,0.6931897015855242,0.3713242830761337,0.3218654185093905
2024-01-26,1503,5529829,664647493,121.0,123.5,118.0,118.5,-1.5,4324,119.40000000000012,116.90000000000009,117.22499999999987,62.222222222222285,64.1975308641975,52.84598367757334,52.5298156317001,122.63309578318787,117.22499999999987,111.81690421681186,0.7068201881183427,0.4384234640845755,0.2683967240337672
2024-01-29,1503,3204555,386723291,118.0,122.0,118.0,121.0,2.5,2444,120.60000000000011,117.1000000000001,117.34999999999987,58.88888888888895,63.786008230452644,60.37755731106582,56.312327558636746,122.9811632901325,117.34999999999987,111.71883670986723,0.9088746127452652,0.5325136938167134,0.3763609189285517
2024-01-30,1503,4231995,511680846,121.0,123.0,119.0,119.0,-2.0,3257,120.20000000000012,117.40000000000009,117.34999999999987,56.666666666666735,59.25925925925923,52.544503560146126,52.694878176999126,122.9811632901325,117.34999999999987,111.71883670986723,0.8972776563960423,0.6054664863325792,0.29181117006346313
2024-01-31,1503,5893392,714445641,119.0,123.0,118.0,121.5,2.5,4271,120.00000000000011,118.40000000000009,117.54999999999987,62.619047619047684,59.39153439153436,60.094476323435345,56.46002451979728,123.46523456847949,117.54999999999987,111.63476543152025,1.0773965349669226,0.6998524960594479,0.3775440389074747
2024-02-01,1503,16958534,2145753794,122.0,131.0,121.5,131.0,9.5,12611,122.20000000000012,120.3000000000001,118.29999999999987,73.73015873015879,64.33862433862431,76.59946067956712,67.15744211498406,126.57284715198693,118.29999999999987,110.0271528480128,1.964072049118272,0.9526964066712127,1.0113756424470592
2024-02-02,1503,18165303,2331767214,131.5,133.0,124.5,124.5,-6.5,13085,123.40000000000012,121.40000000000009,118.72499999999987,73.09523809523814,69.81481481481478,57.5868430344006,56.86315741086474,127.34749963758419,118.72499999999987,110.10250036241554,2.117859736283947,1.1857290725937595,0.9321306636901874
2024-02-05,1503,4336891,535916620,125.0,126.0,122.0,122.0,-2.5,4391,123.60000000000011,122.1000000000001,118.89999999999986,59.365079365079424,68.73015873015869,51.81582942430558,53.46838671522437,127.6384209099892,118.89999999999986,110.16157909001053,2.0147833118549556,1.3515399204459988,0.6632433914089568
2024-02-15,1503,5536043,694898828,123.5,128.0,122.0,125.0,3.0,4260,124.80000000000011,122.50000000000009,119.22499999999987,41.587301587301646,58.015873015872984,57.744293958071694,56.801243475943544,128.35448519907553,119.22499999999987,110.09551480092419,2.1503811752014172,1.5113081713970824,0.6390730038043348
2024-02-16,1503,22865837,3055525782,130.0,137.5,129.0,137.5,12.5,15476,128.0000000000001,124.00000000000009,120.22499999999987,57.777777777777835,52.91005291005288,73.55877530196018,67.30827101403881,132.2893068594985,120.22499999999987,108.16069314050122,3.229264046197059,1.8548993463570778,1.3743646998399814
2024-02-19,1503,41607662,6015980061,139.0,150.0,137.5,148.5,11.0,26538,131.5000000000001,126.8500000000001,121.79999999999987,80.65972222222229,60.00826719576717,80.89833828871046,73.4322163591278,138.93009048429485,121.79999999999987,104.66990951570489,4.9152347964506475,2.4669664363757917,2.448268360074856
2024-02-20,1503,32646684,4859685086,150.0,155.0,143.0,146.5,-2.0,23297,135.90000000000012,129.6500000000001,123.27499999999986,90.7798423423424,76.40578078078074,76.39986323623913,70.83410465845184,143.32861563409799,123.27499999999986,103.22138436590174,6.020593819624267,3.1776919130254866,2.8429019065987804
2024-02-21,1503,37714532,5876099500,148.5,161.0,148.0,161.0,14.5,23127,143.7000000000001,133.6500000000001,125.37499999999986,90.7798423423424,87.40646896896895,83.94918103500673,77.14709684110537,151.17204440435276,125.37499999999986,99.57795559564696,7.974700247243192,4.137093579869028,3.837606667374164
2024-02-22,1503,63389432,10807000706,163.0,177.0,161.0,172.0,11.0,44561,153.1000000000001,138.9500000000001,128.17499999999987,89.3393393393394,90.29967467467465,87.49075145940665,80.5810545786942,160.59918079150398,128.17499999999987,95.75081920849576,10.292308414212528,5.368136546737728,4.9241718674748
2024-02-23,1503,44119810,7725299054,173.0,179.5,170.5,174.0,2.0,30013,160.40000000000012,144.2000000000001,131.29999999999987,93.80859119989562,91.30925762719238,88.0500563825333,81.13607333498601,168.40309960097855,131.29999999999987,94.19690039902119,12.150351184183222,6.724579474226827,5.425771709956395
2024-02-26,1503,54545449,9774088914,180.0,185.5,173.0,175.5,1.5,36146,165.80000000000013,148.6500000000001,134.47499999999985,88.55924736787462,90.56905930236978,88.49996532320532,81.56171917265307,175.12653748630117,134.47499999999985,93.82346251369854,13.587275278215174,8.097118635024497,5.4901566431906765
2024-02-27,1503,22670349,3938187880,173.0,178.5,169.5,171.5,-4.0,14919,170.80000000000013,153.35000000000008,137.37499999999986,84.21316900604823,88.86033585793939,79.22071200827979,76.59821537589738,179.86132132816581,137.37499999999986,94.8886786718339,14.239141445582476,9.325523197136093,4.913618248446383
2024-02-29,1503,49104343,8918520733,172.5,187.5,170.0,187.0,15.5,34480,176.0000000000001,159.85000000000008,140.97499999999985,87.1166745182494,86.62969696405732,85.90289496408742,81.33763407731603,187.29613448524515,140.97499999999985,94.65386551475456,15.824060620065893,10.625230681722053,5.19882993834384
2024-03-01,1503,28914310,5299358515,186.0,189.0,179.5,184.0,-3.0,24287,178.40000000000012,165.75000000000009,144.12499999999986,89.12977239557783,86.81987197329174,80.08738056264171,78.04316661625842,193.07791104725192,144.12499999999986,95.1720889527478,16.646158997566374,11.829416344890918,4.816742652675456
2024-03-04,1503,13713260,2516272055,184.0,186.5,180.0,184.5,0.5,15140,180.5000000000001,170.4500000000001,147.22499999999985,93.21798419518983,89.82147703633893,80.34609738861339,78.20163804716907,198.12143897170182,147.22499999999985,96.32856102829788,17.140439390222696,12.891620953957274,4.248818436265422
2024-03-05,1503,27424995,5028694359,186.0,189.0,176.0,182.5,-2.0,29502,181.90000000000012,173.85000000000008,150.34999999999985,88.21833163456165,90.18869607510969,75.75302747739609,75.84363118075714,201.84766985019985,150.34999999999985,98.85233014979985,17.172819305948053,13.747860624355429,3.4249586815926243
2024-03-06,1503,9379633,1697764753,182.0,183.0,179.0,180.0,-2.5,11902,183.6000000000001,177.2000000000001,153.42499999999987,80.74029187496849,87.3922025682399,69.92368737603466,72.88518827942103,204.2888132664094,153.42499999999987,102.56118673359035,16.803056341847423,14.358899767853828,2.4441565739935953
2024-03-07,1503,9704969,1729885623,182.0,183.5,175.0,177.5,-2.5,7412,181.7000000000001,178.85000000000008,156.24999999999986,64.34304178206624,77.76722176386535,64.16328549429629,69.94688164906425,205.85695515751965,156.24999999999986,106.64304484248007,16.122437992858636,14.71160741285479,1.4108305800038465
2024-03-08,1503,18740969,3161881592,179.0,179.0,163.0,165.0,-12.5,20485,177.90000000000012,178.1500000000001,158.54999999999987,38.858363858363916,61.31389917179945,43.33724999256942,57.471235307104074,205.21358323146828,158.54999999999987,111.88641676853146,14.408307514387559,14.650947433161344,-0.24263991877378466
2024-03-11,1503,8100732,1341795607,167.0,168.0,163.0,168.0,3.0,7914,174.6000000000001,177.5500000000001,160.87499999999986,22.649572649572708,41.95032609666752,48.05785758345826,59.34536931966458,204.45466842462406,160.87499999999986,117.29533157537564,13.140446797472748,14.348847306023625,-1.208400508550877
2024-03-12,1503,32923518,5850158780,170.0,184.5,162.0,181.5,13.5,19817,174.40000000000012,178.1500000000001,163.39999999999986,33.048433048433104,31.518789852123138,63.86333516842511,66.49962884079763,205.59312740245943,163.39999999999986,121.2068725975403,13.07428302442014,14.093934449702928,-1.0196514252827882
2024-03-13,1503,47524102,9272623081,184.5,199.5,183.0,199.5,18.0,35451,178.30000000000013,180.9500000000001,167.14999999999986,63.81766381766388,39.838556505223124,75.4729644364039,73.25712968073846,208.16231522360295,167.14999999999986,126.1376847763968,14.30934806804649,14.13701717337164,0.17233089467484852
2024-03-14,1503,72008606,14736837709,202.0,214.0,192.5,208.5,9.0,56018,184.5000000000001,183.10000000000008,171.47499999999985,87.21509971509977,61.36039886039881,79.34404610258665,75.87723235819122,210.73627226670305,171.47499999999985,132.21372773329665,15.831870845040982,14.475987907705509,1.3558829373354726
2024-03-15,1503,54453998,11466166217,210.0,217.0,202.0,205.0,-3.5,38442,192.5000000000001,185.2000000000001,175.47499999999985,89.20163170163175,80.07813174479836,74.0420656346461,72.8865657706256,211.1155317019849,175.47499999999985,139.8344682980148,16.565108110833933,14.893811948331194,1.6712961625027383
2024-03-18,1503,32050925,6894034930,205.5,225.5,201.0,225.5,20.5,22981,204.0000000000001,189.3000000000001,179.87499999999986,89.20163170163175,88.53945437278765,82.17935558408605,78.28518951719862,217.35682893083248,179.87499999999986,142.39317106916724,18.586133226645103,15.632276203993976,2.9538570226511265
2024-03-19,1503,57381540,13435006520,228.0,245.0,227.0,239.0,13.5,40081,215.50000000000009,194.9500000000001,184.39999999999986,90.31763417305592,89.57363252543969,85.63829117871893,80.97210425379484,227.12306168804153,184.39999999999986,141.6769383119582,21.03467275354393,16.712755513903968,4.321917239639962
2024-03-20,1503,32702952,7866653304,240.5,248.0,235.0,242.5,3.5,23965,224.10000000000008,201.2000000000001,189.19999999999987,95.45857850004677,91.6592814582447,86.4346887022016,81.60751875647263,235.25366434932366,189.19999999999987,143.1463356506761,22.99253508654394,17.968711428431963,5.023823658111976
2024-03-21,1503,45090455,11677890838,245.5,266.5,244.5,266.5,24.0,31953,235.7000000000001,210.10000000000008,194.47499999999985,95.45857850004677,93.7449303910497,90.60328491397867,85.24589165952813,249.6623853339711,194.47499999999985,139.28761466602862,26.178979534489315,19.610765049643433,6.568214484845882
2024-03-22,1503,54313511,14920850205,275.5,280.0,268.5,274.0,7.5,40036,249.50000000000009,221.00000000000009,199.57499999999987,96.17330180002635,95.69681960003986,91.54998880230232,86.1668155899742,263.64861001223653,199.57499999999987,135.50138998776322,28.97543624402499,21.483699288519745,7.491736955505246
2024-03-25,1503,8982353,2546143015,269.0,300.0,265.0,299.0,25.0,9426,264.2000000000001,234.10000000000008,205.82499999999987,98.0201844608625,96.55068825364509,93.92871421800275,88.69897981867844,281.9527052064501,205.82499999999987,129.69729479354962,32.83048994814524,23.753057420444843,9.077432527700399
2024-03-26,1503,9031530,2828866401,315.0,324.5,296.0,320.0,21.0,11221,280.4000000000001,247.9500000000001,213.04999999999987,96.88382082449886,97.02576902846245,95.24147468127703,90.30446230191028,302.5479888042195,213.04999999999987,123.55201119578027,37.151908206950054,26.432827577745886,10.719080629204168
2024-03-27,1503,8403447,2528378872,314.0,317.0,289.5,295.5,-24.5,11338,291.0000000000001,257.55000000000007,219.24999999999986,90.75147561989672,95.2184936350859,73.58500293303393,76.62711516319712,313.433066418546,219.24999999999986,125.06693358145372,38.15983523926781,28.77822911005027,9.381606129217538
2024-03-28,1503,8015538,2294381421,295.5,299.0,277.5,280.0,-15.5,9939,293.7000000000001,264.7000000000001,223.89999999999986,79.02557968347448,88.8869587092899,63.00993789601168,69.45950106204776,320.4093777826808,223.89999999999986,127.39062221731892,37.278184506875476,30.47822018941531,6.799964317460166
2024-03-29,1503,4957344,1418374461,283.0,293.5,278.0,292.0,12.0,5997,297.30000000000007,273.4000000000001,229.29999999999987,69.050832208727,79.60929583736595,67.25977022551848,71.66897393785916,328.32797584521364,229.29999999999987,130.2720241547861,37.119874850364454,31.80655112160514,5.313323728759315
2024-04-01,1503,5210104,1575148418,298.0,307.0,293.5,307.0,15.0,5951,298.9000000000001,281.55000000000007,235.42499999999987,70.36040179233363,72.81227122817825,71.9581692891502,74.18322811504318,337.7114971538288,235.42499999999987,133.13850284617092,37.76940574796558,32.999122046877226,4.770283701088353
2024-04-02,1503,4166337,1284011281,310.0,315.0,298.0,308.0,1.0,5426,296.5000000000001,288.4500000000001,241.69999999999987,75.49619801365618,71.63581067157214,72.26770412580437,74.3466777360672,345.61458030517275,241.69999999999987,137.785419694827,37.92764897830304,33.98482743316239,3.942821545140653
2024-04-03,1503,2334566,714101982,302.0,309.5,301.5,305.5,-2.5,2829,298.5000000000001,294.7500000000001,247.97499999999985,75.96305142168606,73.93988374255851,70.01360802457208,73.10064943120447,351.38412677322185,247.97499999999985,144.56587322677785,37.41997459776056,34.671856866082024,2.7481177316785335
2024-04-08,1503,4350612,1373188086,310.0,320.0,310.0,313.5,8.0,5368,305.2000000000001,299.4500000000001,254.77499999999986,76.31827731092444,75.92584224875543,73.14120937312289,74.56943057351194,356.6270863802025,254.77499999999986,152.9229136197972,37.233962195936556,35.18427793205293,2.049684263883627
2024-04-09,1503,6357465,2126202751,317.5,344.5,317.5,344.5,31.0,7273,315.7000000000001,306.5000000000001,263.7499999999999,83.19327731092444,78.49153534784485,81.74766192504033,79.28873779309102,363.9989401440244,263.7499999999999,163.50105985597537,39.13684179911223,35.97479070546479,3.1620510936474417
2024-04-10,1503,32256880,10611522413,346.0,358.0,311.0,316.0,-28.5,34394,317.5000000000001,308.2000000000001,271.14999999999986,76.44623066617959,78.65259509600936,60.83815771693997,66.98187603842878,363.5794866371132,271.14999999999986,178.72051336288655,37.90819371841951,36.361471308055734,1.5467224103637776
2024-04-11,1503,34899047,10982335981,318.5,327.0,301.5,304.0,-12.0,33793,316.7000000000001,306.6000000000001,277.27499999999986,60.24844720496901,73.29598506069088,54.04728690526503,62.577588066958434,360.9502502237086,277.27499999999986,193.59974977629108,35.55631053590048,36.200439153624686,-0.6441286177242063
2024-04-12,1503,25491011,8252252847,310.0,334.0,307.0,334.0,30.0,25048,322.4000000000001,310.4500000000001,283.9999999999999,50.24844720496901,62.31437502537241,65.33346006910298,68.20602628187493,363.08476465160805,283.9999999999999,204.91523534839172,35.701629289928064,36.10067718088536,-0.39904789095729853
2024-04-15,1503,22297902,7330413759,337.0,350.0,309.0,309.0,-25.0,21637,321.5000000000001,313.3500000000001,289.02499999999986,42.31675413677443,50.93788284890402,52.7400900907393,60.09463639152873,360.70726768176564,289.02499999999986,217.34273231823408,33.41432484604735,35.56340671391776,-2.1490818678704073
2024-04-16,1503,19145008,5972911687,300.0,322.5,297.0,307.0,-2.0,23029,314.0000000000001,314.8500000000001,294.1249999999999,36.80815012496301,43.124450488902006,51.80803791404413,59.485161464249536,354.84474555282895,294.1249999999999,233.40525444717085,31.081943018550533,34.66711397484431,-3.58517095629378
2024-04-17,1503,18199946,6040257519,320.0,337.5,318.0,337.5,30.5,16502,318.30000000000007,317.9000000000001,299.72499999999985,35.605964332613276,38.243622864783426,63.33606655711092,65.26986528037823,354.4593356587103,299.72499999999985,244.9906643412894,31.333416595086646,34.00037449889278,-2.6669579038061357
2024-04-18,1503,28700958,9818066061,336.0,354.0,329.5,333.5,-4.0,25477,324.2000000000001,320.4500000000001,304.4499999999999,47.540983606557454,39.98503268804444,61.09978211949826,63.97967466748574,353.41110701363215,304.4499999999999,255.4888929863676,30.854275760804853,33.3711547512752,-2.516878990470346
2024-04-19,1503,31584564,10589040420,337.0,353.0,309.0,327.5,-6.0,26946,322.9000000000001,322.6500000000001,308.6999999999999,58.743169398907185,47.29670577935917,57.544162641152674,61.9999338820899,349.4877432570165,308.6999999999999,267.91225674298323,29.64863236345235,32.62665027371063,-2.9780179102582807
2024-04-22,1503,25894134,8341780386,338.0,343.0,302.5,314.0,-13.5,32792,323.9000000000001,322.7000000000001,311.0749999999999,45.90163934426238,50.728597449908875,49.91866965985348,57.67554065341167,346.9989126488236,311.0749999999999,275.15108735117616,27.289240728906066,31.559168364749716,-4.269927635843651
2024-04-23,1503,25060765,7809705002,325.0,327.0,301.5,308.5,-5.5,34922,324.2000000000001,319.1000000000001,312.79999999999984,32.68143035183596,45.77541303166837,46.96080758868818,55.962970712613526,344.50236584232215,312.79999999999984,281.09763415767753,24.69097958242213,30.1855306082842,-5.494551025862069
2024-04-24,1503,25907868,8037720935,313.5,317.5,300.0,316.0,7.5,34389,319.9000000000001,319.1000000000001,313.64999999999986,27.125874796280403,35.23631483079278,51.52994089016714,57.80298676566179,344.7323100814657,313.64999999999986,282.56768991853403,22.972216808596556,28.74286784834667,-5.770651039750113
2024-04-25,1503,14830154,4666137669,313.0,322.5,306.0,316.5,0.5,16753,316.5000000000001,320.3500000000001,313.47499999999985,29.239766081871434,29.682357076662466,51.85254197207749,57.929192147107635,344.451563721632,313.47499999999985,282.4984362783677,21.403702193108188,27.275034717298972,-5.871332524190784
2024-04-26,1503,21093844,6575209058,318.5,323.0,302.0,305.5,-11.0,29690,312.1000000000001,317.5000000000001,313.97499999999985,27.48538011695915,27.95034033170353,44.287030384247785,54.09593332334516,344.0855878388377,313.97499999999985,283.864412161162,19.0533992642429,25.63070762668776,-6.57730836244486
2024-04-29,1503,14924179,4501439423,308.0,308.5,294.0,299.0,-6.5,18952,309.1000000000001,316.5000000000001,314.92499999999984,19.152046783625817,25.29239766081867,40.239515510889376,51.910047598252675,341.70236917623475,314.92499999999984,288.1476308237649,16.47634256197813,23.799834613745833,-7.323492051767705
2024-04-30,1503,17614993,5152501090,295.0,300.0,285.0,292.0,-7.0,20116,305.80000000000007,315.0000000000001,314.92499999999984,11.130180523773284,19.255869141452617,36.09485753043084,49.58627468856066,341.70236917623475,314.92499999999984,288.1476308237649,13.711111897104274,21.78209007041752,-8.070978173313247
2024-05-02,1503,12718748,3645906422,290.5,293.0,281.5,284.5,-7.5,14125,299.5000000000001,309.7000000000001,313.79999999999984,7.558021688456553,12.613416331951754,31.977736050577427,47.150823412346895,343.5412171909688,313.79999999999984,284.0587828090309,10.790078049729004,19.58368766627982,-8.793609616550814
2024-05-03,1503,17472693,4953824347,284.0,293.5,276.5,281.0,-3.5,15868,292.4000000000001,304.4500000000001,312.4499999999999,7.035883008423137,8.574695073550862,30.107985708565106,46.015005008005446,345.39981031812385,312.4499999999999,279.5001896818759,8.099352635976516,17.286820660219156,-9.18746802424264
2024-05-06,1503,7150684,2024428791,286.0,287.5,278.5,284.0,3.0,14452,288.1000000000001,300.1000000000001,311.3749999999999,8.604735545850792,7.732880080910031,33.96885195161796,47.18930589644067,346.49319329066145,311.3749999999999,276.2568067093383,6.138250358694904,15.057106599914306,-8.918856241219402
2024-05-07,1503,8230071,2323852272,284.0,287.0,277.0,285.0,1.0,14193,285.30000000000007,297.2000000000001,309.9499999999999,13.299324111407097,9.64664755522688,35.35752720170996,47.598485139630284,346.8741113637186,309.9499999999999,273.02588863628114,4.611594724258396,12.968004224783124,-8.356409500524729
2024-05-08,1503,24537656,7297182915,285.5,307.5,283.0,296.0,11.0,23565,286.1000000000001,295.9500000000001,307.52499999999986,25.022179637318647,15.642079764858716,49.09611892283321,52.003790597316005,341.28958943923834,307.52499999999986,273.7604105607614,4.240436096431949,11.22249059911289,-6.98205450268094
2024-05-09,1503,13060030,3808707255,298.0,300.5,285.0,293.0,-3.0,17581,287.80000000000007,293.6500000000001,306.3749999999999,31.899641577061008,23.40704844192879,45.98634707193655,50.750685910621804,340.471737380581,306.3749999999999,272.2782626194188,3.6620020023066218,9.710392879751636,-6.048390877445014
2024-05-10,1503,10177468,2909821374,293.5,296.0,280.5,283.5,-9.5,11431,288.30000000000007,290.3500000000001,305.34999999999985,33.09811827956997,30.00664649798308,37.265845167627305,46.89693330377406,340.8733725876411,305.34999999999985,269.8266274123586,2.4092459228373855,8.250163488368786,-5.8409175655314005
2024-05-13,1503,17278438,4576990282,276.0,276.5,257.5,260.0,-23.5,17072,283.5000000000001,285.80000000000007,301.64999999999986,20.786290322580722,28.59468339307044,24.0848625497605,39.006394432408506,339.785416609765,301.64999999999986,263.51458339023475,-0.4743577966651742,6.505259231361994,-6.979617028027168
2024-05-14,1503,14813378,3906624088,260.0,272.5,256.0,260.5,0.5,17996,278.6000000000001,281.9500000000001,299.22499999999985,11.870954692556714,21.918454431569007,24.745582985417606,39.240635085744344,341.1612313519033,299.22499999999985,257.2887686480964,-2.688299653293427,4.66654745443091,-7.354847107724337
2024-05-15,1503,9256992,2415715808,262.5,266.5,258.0,259.0,-1.5,11708,271.2000000000001,278.6500000000001,296.8249999999999,6.521035598705581,13.059426871280879,24.014068147222606,38.7597242303814,342.0701931148524,296.8249999999999,251.5798068851474,-4.511891710158409,2.8308596215130466,-7.342751331671455
2024-05-16,1503,7251298,1872333825,260.0,264.0,254.5,257.0,-2.0,7531,264.0000000000001,275.9000000000001,292.79999999999984,6.426695976064071,8.272895422441996,22.958341490051577,38.08944370321679,337.1693587963625,292.79999999999984,248.4306412036372,-6.048758515848533,1.0549359940407308,-7.103694509889264
2024-05-17,1503,4391076,1129836625,260.0,260.0,254.5,256.5,-0.5,4802,258.6000000000001,273.4500000000001,288.9499999999999,4.771936252060896,5.906555942276722,22.667685203952544,37.91292614102558,331.8637507100033,288.9499999999999,246.03624928999648,-7.2238107594422445,-0.6008133566558644,-6.62299740278638
2024-05-20,1503,7840047,1991643496,258.0,261.5,249.0,251.0,-5.5,8932,256.80000000000007,270.1500000000001,285.1249999999999,3.969789818846501,5.056140682323696,19.49955272937617,35.93987982462382,327.24254385051717,285.1249999999999,243.0074561494826,-8.500859545625985,-2.1808225944498885,-6.320036951176097
2024-05-21,1503,6104311,1520684874,254.5,255.0,246.0,249.0,-2.0,6041,254.50000000000009,266.55000000000007,281.8749999999999,4.2323251601424445,4.324683743683154,18.40806609678177,35.22205794428163,324.6054048658591,281.8749999999999,239.14459513414067,-9.564064611204458,-3.6574709978008024,-5.906593613403656
2024-05-22,1503,7282780,1767305762,250.0,250.0,238.0,242.0,-7.0,10981,251.10000000000008,261.1500000000001,278.54999999999984,5.273314099634963,4.491809692874509,14.983395220100348,32.75610358041656,322.79805080453093,278.54999999999984,234.30194919546875,-10.846472402057032,-5.095271278652048,-5.751201123404983
2024-05-23,1503,7846240,1855329205,240.0,240.0,233.5,236.0,-6.0,10132,246.9000000000001,255.4500000000001,274.54999999999984,6.071697456157854,5.192445571978293,12.633108249371286,30.767705601615642,318.99648467539726,274.54999999999984,230.1035153246024,-12.206233806262787,-6.517463784174196,-5.688770022088591
2024-05-24,1503,12073112,2888117746,232.0,247.0,230.0,238.5,2.5,18488,243.3000000000001,250.9500000000001,270.64999999999986,10.903501737503419,7.416171097765285,18.82294900198078,32.60349103811465,313.34203672817995,270.64999999999986,227.95796327181978,-12.93304135877429,-7.800579299094215,-5.1324620596800745
2024-05-27,1503,10600727,2606872722,240.0,253.5,239.0,242.5,4.0,16236,241.60000000000008,249.2000000000001,267.4999999999999,20.020176276946028,12.331791823535639,28.30472899015497,35.54826830733804,308.71286206999247,267.4999999999999,226.2871379300073,-13.036004069616382,-8.847664253198648,-4.188339816417734
2024-05-28,1503,4219923,1026934546,244.5,248.0,241.5,241.5,-1.0,7311,240.10000000000008,247.3000000000001,264.6249999999999,29.356701584743565,20.09345986639754,27.37221917681954,35.13495522939502,304.65233441037793,264.6249999999999,224.59766558962187,-13.047886488998444,-9.687708700358607,-3.3601777886398363
2024-05-29,1503,5945895,1424370588,241.5,244.5,236.0,236.0,-5.5,5400,238.9000000000001,245.00000000000009,261.8249999999999,29.03924126728325,26.13870637632415,22.595535091205292,32.871228464928606,301.63489198679514,261.8249999999999,222.0151080132046,-13.347248652457324,-10.419616690778351,-2.9276319616789728
2024-05-30,1503,6000859,1418516343,235.5,243.0,231.5,232.5,-3.5,6392,238.2000000000001,242.5500000000001,259.22499999999985,20.269218798630643,26.221720550219022,20.003849926490073,31.48119318271278,299.5604372729525,259.22499999999985,218.88956272704718,-13.708888539469797,-11.07747106051664,-2.631417478953157
2024-05-31,1503,3610749,840097048,234.0,236.0,230.0,232.5,0.0,4479,237.00000000000009,240.1500000000001,256.79999999999984,12.32804232804241,20.545500797985305,20.003849926490076,31.481193182712786,297.4379133322608,256.79999999999984,216.1620866677389,-13.835997983260512,-11.629176445065415,-2.206821538195097
2024-06-03,1503,2250262,523794554,233.5,236.0,230.5,230.5,-2.0,2879,234.60000000000008,238.10000000000008,254.12499999999986,6.688055836992089,13.095105654554919,18.36546109307357,30.622992539846106,294.2895054743648,254.12499999999986,213.9604945256349,-13.937454123173325,-12.090831980686996,-1.8466221424863285
2024-06-04,1503,5173630,1208770919,232.5,237.5,228.5,232.0,1.5,5620,232.7000000000001,236.4000000000001,251.47499999999985,8.70921985815611,9.24177267439674,23.824623963979967,32.11764593348259,290.1059137867626,251.47499999999985,212.84408621323712,-13.738453046202778,-12.420356193790152,-1.3180968524126264
2024-06-05,1503,3036941,708015971,233.0,236.5,229.5,232.0,0.0,2761,231.9000000000001,235.4000000000001,248.27499999999986,10.042553191489445,8.47994296221242,23.824623963979967,32.1176459334826,281.9015891817807,248.27499999999986,214.64841081821902,-13.425976954032649,-12.621480345838652,-0.8044966081939968
2024-06-06,1503,3975988,933406798,234.0,237.5,231.5,236.0,4.0,4870,232.60000000000008,235.4000000000001,245.42499999999987,19.333333333333417,12.695035460992862,38.702947836520366,36.35804326645463,272.4125434228505,245.42499999999987,218.43745657714928,-12.709068597443178,-12.638997996159556,-0.07007060128362141
2024-06-07,1503,24071497,5816344038,238.5,250.0,234.0,243.0,7.0,20259,234.7000000000001,235.85000000000008,243.39999999999986,37.14728682170551,22.174391115509327,56.17794112931742,43.06121830972431,263.97085316656216,243.39999999999986,222.8291468334376,-11.444151012110183,-12.400028599349682,0.9558775872394989
2024-06-11,1503,21256424,5240237440,245.0,255.0,238.5,245.5,2.5,16965,237.7000000000001,236.1500000000001,242.67499999999987,53.864267953780974,36.7816293696065,60.83071389593356,45.27801336582991,261.82774131815785,242.67499999999987,223.5222586818419,-10.123270841127237,-11.944677047705193,1.8214062065779562
2024-06-12,1503,14801911,3556424435,248.0,251.0,236.0,237.0,-8.5,16061,238.7000000000001,235.7000000000001,241.49999999999986,54.55609185315205,48.52254887621271,42.803633125471436,39.628755394766166,258.94133022450603,241.49999999999986,224.05866977549366,-9.651090982481008,-11.485959834660356,1.8348688521793477
2024-06-13,1503,15874096,3894539232,237.5,251.0,236.0,245.0,8.0,13066,241.3000000000001,236.60000000000008,240.79999999999987,52.83018867924536,53.750182828726,56.84602644767952,46.406315859525485,256.402563891882,240.79999999999987,225.19743610811773,-8.532988916789748,-10.895365651086234,2.362376734296486
2024-06-14,1503,23551416,6197401241,251.5,269.5,251.5,269.5,24.5,16961,248.00000000000009,240.3000000000001,241.42499999999987,64.77987421383655,57.38871824874453,77.01144524732572,60.887878461200586,260.2432756914724,241.42499999999987,222.6067243085274,-5.605325031512649,-9.837357527171516,4.232032495658867
2024-06-17,1503,40055210,10903965307,276.5,282.0,262.0,262.0,-7.5,35359,251.8000000000001,243.25000000000009,241.69999999999987,74.96032445776767,64.19012911694973,65.9972175683824,55.90761159034721,261.52523644248,241.69999999999987,221.87476355751977,-3.845983525594562,-8.639082726856126,4.793099201261564
2024-06-18,1503,16805425,4465702760,263.5,273.0,257.0,270.0,8.0,14222,256.7000000000001,247.2000000000001,242.64999999999986,79.9198931909213,73.22003062084171,71.13470015034457,59.69463539020281,265.72184431293374,242.64999999999986,219.578155687066,-1.7855765505807426,-7.268381491601049,5.482804941020307
2024-06-19,1503,34330280,9493124022,274.0,289.5,264.5,282.5,12.5,30638,265.80000000000007,252.25000000000009,244.32499999999987,75.89690468517418,76.92570744462093,77.36808594250351,64.7841595163906,273.14560894568774,244.32499999999987,215.504391054312,0.8462018663170454,-5.64546482001743,6.491666686334476
2024-06-20,1503,44334859,13244133250,289.5,309.0,288.0,297.0,14.5,45317,276.2000000000001,258.7500000000001,247.07499999999987,83.024630541872,79.6138094726557,82.4864110200339,69.58239932881031,283.8748301626551,247.07499999999987,210.27516983734463,4.055188354013978,-3.7053341852111483,7.760522539225127
2024-06-21,1503,25761145,7764879912,296.5,307.0,295.0,302.0,5.0,22017,282.7000000000001,265.3500000000001,250.37499999999986,87.44733112895615,82.12295545200065,83.94694931615574,71.04733682518565,293.84323552894995,250.37499999999986,206.90676447104977,6.921998982790626,-1.5798675516107932,8.501866534401419
2024-06-24,1503,20725232,6173778870,306.0,308.5,289.5,290.0,-12.0,19203,288.30000000000007,270.05000000000007,252.94999999999987,82.79452054794528,84.422160739591,68.05563203599488,63.1825458057254,299.30504287561666,252.94999999999987,206.5949571243831,8.13192754969208,0.3624914686497813,7.769436081042298
2024-06-25,1503,21341698,6209816068,290.0,298.0,282.0,297.0,7.0,24942,293.7000000000001,275.2000000000001,255.67499999999987,82.64840182648409,84.29675116779504,71.70135902544428,65.5763971819381,305.528059083674,255.67499999999987,205.82194091632573,9.545610300971646,2.1991152351141547,7.346495065857491
2024-06-26,1503,12654546,3725633185,297.0,299.5,289.5,289.5,-7.5,16608,295.1000000000001,280.4500000000001,258.0749999999999,74.5404010323606,79.99444113559652,62.74955606656235,61.00002489207543,309.5621585931897,258.0749999999999,206.58784140681004,9.946124020054242,3.7485169921021724,6.19760702795207
2024-06-27,1503,11005989,3223308936,288.5,297.0,287.5,290.5,1.0,9732,293.80000000000007,285.0000000000001,260.79999999999984,71.35722576014423,76.18200953966283,63.45920995389724,61.38695388978965,313.0880483475938,260.79999999999984,208.51195165240583,10.22634275699869,5.044082145081476,5.182260611917214
2024-06-28,1503,7811969,2305496592,293.0,297.5,292.0,296.5,6.0,8677,292.7000000000001,287.7000000000001,263.9999999999999,68.82385730211824,71.57382803154088,67.75877660802911,63.713179328790524,316.7996212107645,263.9999999999999,211.2003787892353,10.807980311505048,6.19686177836619,4.611118533138858
2024-07-01,1503,6682369,1962873413,298.0,298.5,290.0,290.0,-6.5,14947,292.7000000000001,290.5000000000001,266.8749999999999,65.89599539037748,68.69235948421318,58.98657105106402,59.52915460857044,318.7545479934069,266.8749999999999,214.99545200659287,10.621992864904541,7.081887995673861,3.5401048692306807
2024-07-02,1503,5841852,1710228762,292.0,296.0,290.0,293.0,3.0,5953,291.9000000000001,292.80000000000007,269.9999999999999,58.00188332959875,64.24057867403137,61.65931755546896,60.80839052673295,320.24241236246735,269.9999999999999,219.75758763753245,10.594544092042042,7.784419214947497,2.8101248770945455
2024-07-03,1503,4371596,1280107033,295.0,296.0,291.0,291.0,-2.0,8983,292.2000000000001,293.6500000000001,272.9499999999999,44.00212522606707,55.96666798201431,58.68482403458556,59.459055485082544,320.792345260243,272.9499999999999,225.10765473975678,10.29275893846551,8.2860871596511,2.006671778814411
2024-07-04,1503,19886745,5984655155,296.0,307.0,293.0,301.0,10.0,17869,294.30000000000007,294.05000000000007,276.39999999999986,48.80037269974384,50.26812708513643,67.75789806207335,63.78605472528319,321.8231218654144,276.39999999999986,230.97687813458532,10.736741978387386,8.776218123398356,1.9605238549890291
2024-07-05,1503,12412908,3690937772,304.0,304.0,294.0,294.5,-6.5,26052,293.9000000000001,293.30000000000007,279.3249999999999,51.886792452830264,48.22976345954694,58.08476369188868,59.351759589700094,321.374108195065,279.3249999999999,237.27589180493476,10.44371738597988,9.109717975914661,1.3339994100652195
2024-07-08,1503,6091610,1777819339,292.5,297.5,290.0,290.0,-4.5,6639,293.9000000000001,293.30000000000007,281.67499999999984,44.83954200935341,48.50890238730904,52.07964919362137,56.42713136523382,320.46839505638025,281.67499999999984,242.88160494361946,9.736148632544086,9.235004107240545,0.5011445253035411
2024-07-09,1503,8526402,2478805243,290.0,295.0,285.5,289.0,-1.0,9181,293.1000000000001,292.5000000000001,283.84999999999985,26.366527529318308,41.0309539971672,50.720165498111136,55.76946487371064,318.9927090589256,283.84999999999985,248.70729094107412,8.991060308541194,9.186215347500674,-0.19515503895948072
2024-07-10,1503,17518303,5185289233,292.0,301.0,287.0,298.0,9.0,15082,294.5000000000001,293.3500000000001,286.89999999999986,29.079705823891953,33.4285917875211,61.32158310523511,60.25883608970569,315.1641115197395,286.89999999999986,258.63588848026023,9.022788142344666,9.153529906469473,-0.13074176412480654
2024-07-11,1503,14276097,4237906703,301.0,304.0,291.5,292.5,-5.5,13842,292.80000000000007,293.55000000000007,289.27499999999986,35.658914728682255,30.368382693964048,53.166966400589665,56.485665527390395,310.04631435418315,289.27499999999986,268.5036856458166,8.506075896551465,9.02403910448587,-0.5179632079344056
2024-07-12,1503,7857723,2305592525,292.5,297.0,291.0,291.5,-1.0,7070,292.2000000000001,293.05000000000007,290.3749999999999,39.53488372093031,34.757834757834715,51.70836998493582,55.80151186193446,309.06691001477105,290.3749999999999,271.6830899852287,7.924536947322565,8.80413867305321,-0.8796017257306445
2024-07-15,1503,21846493,6618147134,293.5,311.5,290.5,304.5,13.0,19135,295.1000000000001,294.5000000000001,292.4999999999999,44.51401311866436,39.902603856092185,65.8978196028854,62.20955528974398,306.99827575956186,292.4999999999999,278.0017242404379,8.415644187131022,8.726439775868773,-0.3107955887377507
2024-07-16,1503,14569286,4388499866,306.5,308.0,294.0,298.0,-6.5,13601,296.9000000000001,295.0000000000001,293.89999999999986,49.68694096601081,44.57861260186837,56.25561473949161,57.704670529699555,304.25181143570154,293.89999999999986,283.5481885642982,8.1859915210307,8.61835012490116,-0.4323586038704583
2024-07-17,1503,8911038,2662395743,298.5,304.5,294.5,298.0,0.0,8298,296.9000000000001,295.7000000000001,294.67499999999984,56.41025641025649,50.203736831643766,56.25561473949161,57.704670529699555,303.7374224134802,294.67499999999984,285.6125775865195,7.912776565869137,8.477235413094755,-0.5644588472256178
2024-07-18,1503,6996352,2049669134,295.5,297.5,290.5,291.0,-7.0,7125,296.6000000000001,294.7000000000001,294.3749999999999,39.10256410256417,48.3999204929437,46.320802816171295,52.918500038853146,303.5066756403357,294.3749999999999,285.2433243596641,7.05014061449333,8.19181645337447,-1.1416758388811399
2024-07-19,1503,6292392,1859479758,294.0,300.0,292.0,293.0,2.0,5791,296.9000000000001,294.55000000000007,293.92499999999984,32.692307692307764,42.73504273504269,49.305065747640775,54.0901548127093,302.3705609642202,293.92499999999984,285.4794390357795,6.453486913392737,7.844150545378123,-1.3906636319853858
2024-07-22,1503,11338178,3309461064,298.5,303.5,280.0,280.0,-13.0,11505,292.0000000000001,293.55000000000007,293.42499999999984,16.66666666666674,29.487179487179436,34.683020314199425,46.06554964189995,303.72196557245735,293.42499999999984,283.12803442754233,4.875442140013149,7.250408864305128,-2.374966724291979
2024-07-23,1503,7438119,2163804242,285.5,297.0,284.0,291.5,11.5,7030,290.7000000000001,293.80000000000007,293.14999999999986,21.78469678469686,23.714557047890334,49.98960096741631,52.744348649166604,303.34362545909556,293.14999999999986,282.95637454090416,4.500900598020451,6.700507211048192,-2.1996066130277416
2024-07-26,1503,6407520,1772835317,275.5,282.0,271.5,273.0,-15.5,8041,285.7000000000001,291.30000000000007,292.3249999999999,13.419312169312242,17.290225206891826,34.71939447776163,43.42773886650205,305.7312485431334,292.3249999999999,278.91875145686635,2.680380579672658,5.8964818847730855,-3.2161013051004277
2024-07-29,1503,10029055,2569517997,277.5,278.5,246.0,250.0,-23.0,11347,277.5000000000001,287.05000000000007,290.29999999999984,15.454935578981454,16.886314844330066,24.059468890451864,35.12163297456824,313.1241100593286,290.29999999999984,267.4758899406711,-0.6112562504251855,4.594934257733431,-5.206190508158617
2024-07-30,1503,11091652,2786009640,249.0,263.0,245.0,248.0,-2.0,13073,268.5000000000001,282.7000000000001,287.8749999999999,4.872924996970872,11.249057581754736,23.332700570816765,34.50364214631351,316.98835604151895,287.8749999999999,258.7616439584808,-3.3427522711522215,3.0073969519563004,-6.350149223108522
2024-07-31,1503,6634483,1607065943,248.0,248.5,239.0,240.5,-7.5,11417,260.6000000000001,276.30000000000007,285.39999999999986,4.3862837755968265,8.238048117182931,20.609079952801277,32.214490579391814,321.0519284190959,285.39999999999986,249.74807158090385,-6.043009811366858,1.1973155992916686,-7.240325410658526
2024-08-01,1503,4849610,1170596406,244.0,245.0,239.0,241.5,1.0,5299,250.60000000000008,270.6500000000001,282.8249999999999,3.642650030010303,4.300619600859214,22.024948076272246,32.85415496541176,323.05468431395246,282.8249999999999,242.5953156860473,-8.00995791482427,-0.6441391035315192,-7.36581881129275
2024-08-02,1503,6244002,1459400972,236.0,239.5,229.0,229.5,-12.0,5730,241.9000000000001,263.80000000000007,279.7499999999999,2.279062089241154,3.4359986316159747,17.624500735846393,29.283087155916615,325.9663391020993,279.7499999999999,233.53366089790046,-10.416997506822838,-2.598710784189783,-7.818286722633055
2024-08-05,1503,5332877,1112855224,213.0,214.0,207.0,207.0,-22.5,7341,233.3000000000001,255.4000000000001,275.04999999999984,1.5157033106151998,2.479138476622099,12.264371216448021,24.01277735093722,329.9662089004723,275.04999999999984,220.1337910995274,-13.979014309592941,-4.874771489270414,-9.104242820322526
2024-08-06,1503,10892117,2244070571,208.5,215.5,193.0,209.0,2.0,12733,225.50000000000009,247.00000000000009,270.77499999999986,5.351918774737641,3.0488947248645446,14.946890925585969,25.299762188541862,331.92683971067686,270.77499999999986,209.62316028932284,-16.45091904897589,-7.19000100121151,-9.260918047764381
2024-08-07,1503,7750397,1664675489,208.5,219.0,205.5,218.0,9.0,13072,221.00000000000009,240.8000000000001,267.17499999999984,14.491501008355016,7.1197076979024985,26.711139707262348,30.96597946185079,331.7569440710818,267.17499999999984,202.59305592891786,-17.482172972435734,-9.248435395456355,-8.23373757697938
2024-08-08,1503,7610484,1574732127,210.0,215.5,203.0,203.5,-14.5,8302,213.4000000000001,232.00000000000009,262.89999999999986,18.585068259817003,12.809496014303098,21.199589778039332,27.364588009929825,332.2783828004102,262.89999999999986,193.5216171995895,-19.247603562355124,-11.24826902883611,-7.999334533519015
2024-08-09,1503,10094427,2195759359,209.0,223.5,209.0,217.5,14.0,8844,211.00000000000009,226.4500000000001,258.8749999999999,25.123529798278543,19.400033022150065,36.060832508075066,35.20069847262796,328.9776925303175,258.8749999999999,188.7723074696823,-19.2946206506127,-12.857539353191427,-6.4370812974212726
2024-08-12,1503,9855839,2210702647,220.5,230.0,219.5,227.5,10.0,17847,215.10000000000008,224.2000000000001,255.62499999999986,36.480954638849454,26.729850898981542,44.74480638296627,40.166118271533286,325.2158578765939,255.62499999999986,186.03414212340587,-18.313854886135175,-13.948802459780177,-4.365052426354998
2024-08-13,1503,9093125,2004152916,218.0,226.0,212.0,225.0,-2.5,7328,218.3000000000001,221.9000000000001,252.29999999999987,52.90020790020797,38.168230779111866,43.039865840525394,39.35421994269585,321.0665616415438,252.29999999999987,183.53343835845595,-17.536173960847833,-14.666276759993709,-2.8698972008541244
2024-08-14,1503,7078714,1577511770,229.0,229.5,219.0,223.0,-2.0,6673,219.3000000000001,220.1500000000001,248.22499999999985,62.73891757762732,50.70669337222813,41.56178701964593,38.6806080477065,313.71658342871444,248.22499999999985,182.73341657128526,-16.886581509858047,-15.110337709966576,-1.7762437998914713
2024-08-15,1503,4578096,1015091693,224.0,227.0,218.0,218.0,-5.0,4956,222.2000000000001,217.8000000000001,244.22499999999985,64.54071937942912,60.05994828575469,37.77779597198064,36.976605757950196,306.7737609789377,244.22499999999985,181.67623902106203,-16.58406227891328,-15.405082623755916,-1.178979655157363
2024-08-16,1503,4496320,1003938172,223.0,225.5,221.0,222.5,4.5,3860,223.2000000000001,217.10000000000008,240.44999999999987,70.6044754431852,65.96137080008043,43.207043752076245,39.557364841959135,298.5136719472704,240.44999999999987,182.38632805272937,-15.799079265735287,-15.48388195215179,-0.31519731358349645
2024-08-19,1503,2027454,450287608,223.0,224.0,220.5,222.0,-0.5,4780,222.10000000000008,218.60000000000008,236.99999999999986,72.55588922255596,69.2336946817233,42.72379760390046,39.36448253302717,290.6730845023857,236.99999999999986,183.32691549761404,-15.043903636997726,-15.395886289120977,0.35198265212325097
2024-08-20,1503,4267742,959867004,225.0,228.0,222.0,222.5,0.5,4087,221.60000000000008,219.9500000000001,233.47499999999985,74.10744077410753,72.42260181328278,43.461539783780395,39.68122205784497,280.8664285498998,233.47499999999985,186.0835714500999,-14.240915282436987,-15.164892087784178,0.9239768053471913
2024-08-21,1503,7525983,1717515963,223.0,235.5,221.5,226.5,4.0,10515,222.3000000000001,220.8000000000001,230.79999999999987,69.54344281388315,72.0689242701821,49.529026794640316,42.27889505056697,273.15728980943226,230.79999999999987,188.44271019056745,-13.130415400288967,-14.757996750285136,1.6275813499961682
2024-08-22,1503,10285035,2339667748,228.5,237.5,220.0,222.5,-4.0,14516,223.2000000000001,222.7000000000001,227.34999999999985,59.812142886504795,67.82100882483171,44.01789340504447,40.4049732983079,259.3407799217252,227.34999999999985,195.35922007827452,-12.429819590625527,-14.292361318353214,1.8625417277276863
2024-08-23,1503,3438782,761118907,222.0,224.5,218.0,224.5,2.0,4342,223.60000000000008,223.4000000000001,224.92499999999987,52.07793809347647,60.47784126462136,47.43009819220517,41.794123933501545,249.1061393445436,224.92499999999987,200.74386065545613,-11.579725214500343,-13.749834097582639,2.170108883082296
2024-08-26,1503,3387539,764070991,226.0,229.0,222.5,222.5,-2.0,3182,223.7000000000001,222.9000000000001,223.54999999999987,37.75766716943196,49.88258271647097,44.28124465855152,40.7706618263796,244.8241627332364,223.54999999999987,202.27583726676335,-10.94127833617435,-13.18812294530098,2.246844609126631
2024-08-27,1503,2558465,573821075,224.5,226.5,221.0,225.0,2.5,5654,224.2000000000001,222.9000000000001,222.39999999999986,35.9979889391655,41.944531400691204,49.19962548900821,42.660839243662565,240.51518699876598,222.39999999999986,204.28481300123374,-10.116953535934044,-12.573889063427593,2.456935527493549
2024-08-28,1503,1854285,414255123,224.5,225.5,221.0,224.5,-0.5,5385,223.8000000000001,223.0500000000001,221.59999999999985,30.76923076923086,34.841628959276,48.20672626483053,42.36961009759537,237.75425640505554,221.59999999999985,205.44574359494416,-9.395708139324853,-11.938252878607045,2.5425447392821923
2024-08-29,1503,1636611,365255766,225.0,225.5,222.0,222.0,-2.5,1604,223.7000000000001,223.4500000000001,220.62499999999986,29.914529914530004,32.22724987430869,43.12941555183915,40.867378442630404,233.96619559860534,220.62499999999986,207.28380440139438,-8.922986439539045,-11.335199590793446,2.4122131512544005
2024-08-30,1503,1801359,398822929,225.0,226.0,219.5,220.5,-1.5,1879,222.9000000000001,223.25000000000009,220.17499999999987,22.22222222222231,27.635327635327624,40.16796826095626,39.952090205497285,232.8804122325968,220.17499999999987,207.46958776740294,-8.57059209994,-10.782278092622757,2.2116859926827566
2024-09-02,1503,6619257,1509666994,222.0,233.0,222.0,227.5,7.0,5663,223.9000000000001,223.8000000000001,221.19999999999987,27.350427350427434,26.495726495726483,56.4490058242368,46.02711681036454,232.74296322441603,221.19999999999987,209.65703677558372,-7.63842454498419,-10.153507383095043,2.515082838110853
2024-09-03,1503,4581095,1026666003,227.5,231.0,219.5,219.5,-8.0,9398,222.8000000000001,223.50000000000009,221.72499999999985,23.076923076923162,24.216524216524203,41.420840310503785,40.930583617184155,231.8713047460772,221.72499999999985,211.57869525392252,-7.459222904548909,-9.614650487385816,2.155427582836907
2024-09-04,1503,3793744,791446714,207.0,213.5,201.5,207.0,-12.5,4749,219.3000000000001,221.5500000000001,221.17499999999987,24.623524623524705,25.016958350291663,27.887057980238893,34.50206526886503,233.1051089684983,221.17499999999987,209.24489103150142,-8.230968366834077,-9.337914063275468,1.1069456964413913
2024-09-05,1503,4547141,966963891,210.5,218.0,208.0,209.0,2.0,5134,216.7000000000001,220.2000000000001,221.44999999999987,16.320716320716404,21.340388007054653,32.03247755293876,36.2278966358018,231.89940189677057,221.44999999999987,211.00059810322918,-8.582267878689038,-9.186784826358181,0.6045169476691434
2024-09-06,1503,4550375,935308778,209.0,210.0,202.5,202.5,-6.5,6013,213.10000000000008,218.00000000000009,220.69999999999987,14.8148148148149,18.58635191968523,26.3000128325856,33.16895890408529,233.95292420563155,220.69999999999987,207.4470757943682,-9.278217434943627,-9.20507134807527,-0.07314608686835733
2024-09-09,1503,3344557,679051651,196.5,207.0,196.0,207.0,4.5,2949,209.00000000000009,216.4500000000001,219.67499999999987,18.90461890461899,16.680050013383326,35.607493397932046,37.12695919860887,233.80749800991347,219.67499999999987,205.54250199008627,-9.358768028192145,-9.235810684098645,-0.1229573440934999
2024-09-10,1503,3339110,672596260,207.5,208.0,196.0,199.0,-8.0,3779,204.9000000000001,213.85000000000008,218.37499999999986,13.670813670813757,15.796749130082441,28.21664407160319,33.34598821471759,234.89127984747967,218.37499999999986,201.85872015252005,-9.95340147842171,-9.379328842963258,-0.5740726354584531
2024-09-11,1503,2474346,497773527,199.5,204.0,198.0,203.0,4.0,2173,204.10000000000008,211.7000000000001,217.37499999999986,18.918918918919005,17.164783831450475,35.96941910478673,36.81104097923149,235.032505486343,217.37499999999986,199.7174945136567,-9.986764990955749,-9.500816072561756,-0.48594891839399246
2024-09-12,1503,2521186,522235912,203.0,209.5,203.0,209.0,6.0,2528,204.10000000000008,210.4000000000001,216.92499999999987,20.720720720720806,17.770151103484412,46.14772556356931,41.706356630364006,234.95074547696208,216.92499999999987,198.89925452303765,-9.420462728799151,-9.484745403809235,0.06428267501008378
2024-09-13,1503,1526622,317688930,209.0,210.0,206.0,210.0,1.0,2489,205.60000000000008,209.35000000000008,216.29999999999987,31.351351351351436,23.66366366366364,47.76233460301317,42.50581681763342,234.37595087402647,216.29999999999987,198.22404912597327,-8.789650839886718,-9.345726491024731,0.5560756511380127
2024-09-16,1503,1679900,355557417,210.0,213.5,209.5,213.0,3.0,1892,206.8000000000001,207.9000000000001,215.84999999999985,50.80262080262088,34.291564291564264,52.72342747311617,44.94518248356642,233.7834882273428,215.84999999999985,197.91651177265692,-7.955941800540671,-9.067769552927919,1.1118277523872475
2024-09-18,1503,5071029,1104693848,212.0,222.5,212.0,216.0,3.0,7700,210.2000000000001,207.5500000000001,215.52499999999986,64.24814179531168,48.80070464976122,57.439173821601464,47.35081526075049,233.19835565194768,215.52499999999986,197.85164434805205,-6.972768715006993,-8.648769385343734,1.676000670336741
2024-09-19,1503,2492191,546260543,216.5,221.0,216.0,220.5,4.5,4192,213.7000000000001,208.9000000000001,215.22499999999985,81.73241852487143,65.59439370760121,63.76442355524178,50.82202301138652,232.3377876162895,215.22499999999985,198.11221238371022,-5.764040300813832,-8.071823568437754,2.307783267623922
2024-09-20,1503,7601264,1673172545,225.0,225.0,215.5,220.5,0.0,11710,216.00000000000009,210.0500000000001,215.12499999999986,84.13576230752557,76.70544087590278,63.76442355524177,50.82202301138652,232.08930075187993,215.12499999999986,198.16069924811978,-4.751343790539266,-7.407727612858056,2.65638382231879
2024-09-23,1503,7073861,1609669938,221.5,233.5,220.0,229.0,8.5,7202,219.8000000000001,212.7000000000001,215.34999999999985,88.3118629364564,84.72668125628435,73.78207530851869,57.02850123841328,232.91445273842135,215.34999999999985,197.78554726157836,-3.2257115526826965,-6.571324400822984,3.345612848140288
2024-09-24,1503,4518107,1037040243,229.0,233.5,226.0,229.0,0.0,7792,223.00000000000009,214.9000000000001,215.67499999999987,86.60223409422059,86.34995311273407,73.78207530851869,57.02850123841328,233.98148792095935,215.67499999999987,197.36851207904039,-1.993655394217484,-5.655790599501884,3.6621352052844003
2024-09-25,1503,2444332,559686720,231.0,232.0,226.5,229.0,0.0,7419,225.60000000000008,217.9000000000001,215.87499999999986,86.85661510043879,87.25690404370515,73.78207530851869,57.028501238413284,234.6656226613229,215.87499999999986,197.0843773386768,-1.005649510585556,-4.725762381718619,3.720112871133063
2024-09-26,1503,4983626,1149667061,232.5,237.0,226.5,227.0,-2.0,20561,226.9000000000001,220.3000000000001,215.99999999999986,80.10392692839578,84.52092537435159,66.87425327857868,54.9890382836422,235.04993438309492,215.99999999999986,196.9500656169048,-0.37965459308946947,-3.856540823992789,3.4768862309033195
2024-09-27,1503,1858808,424631199,230.0,232.0,226.0,227.5,0.5,6273,228.3000000000001,222.1500000000001,216.27499999999986,72.81412752592031,79.92488985158484,67.75477975517242,55.41828337953664,235.81591860686777,216.27499999999986,196.73408139313196,0.1550098533030848,-3.054230688533614,3.209240541836699
2024-09-30,1503,2480620,560255596,230.5,232.0,220.5,221.0,-6.5,7050,226.7000000000001,223.25000000000009,216.29999999999987,56.39882697947223,69.77229381126266,48.287617065276386,48.89084701295624,235.86374197336028,216.29999999999987,196.73625802663946,0.05362148676385914,-2.4326602534741193,2.4862817402379784
2024-10-01,1503,1583589,352059794,223.0,224.5,219.0,224.5,3.5,2785,225.8000000000001,224.4000000000001,216.14999999999986,47.77167019027493,58.99487489855571,56.19430769357101,52.15848455338794,235.41161986958022,216.14999999999986,196.8883801304195,0.2527773649822507,-1.8955727297828453,2.148350094765096
2024-10-04,1503,2237186,486901517,222.5,223.5,214.5,217.5,-7.0,8209,223.50000000000009,224.5500000000001,216.04999999999987,30.39793281653756,44.856143328761455,41.41799552619068,45.845348476439696,235.26171517590828,216.04999999999987,196.83828482409146,-0.15247403943334348,-1.546952991712945,1.3944789522796015
2024-10-07,1503,2297608,509051024,221.0,224.5,218.5,222.0,4.5,2460,222.50000000000009,224.7000000000001,216.79999999999987,29.509043927648673,35.892882311486936,51.068008317685454,50.032395802490605,235.7087281433796,216.79999999999987,197.89127185662014,-0.10926674614717058,-1.25941574259979,1.1501489964526195
2024-10-08,1503,1869415,401917841,217.0,219.5,212.5,214.5,-7.5,6956,219.9000000000001,224.10000000000008,217.07499999999987,18.276643990929795,26.061206911705227,38.67904551399473,43.935347903627544,235.67950214330475,217.07499999999987,198.470497856695,-0.6724602713942147,-1.142024648358675,0.4695643769644602
2024-10-09,1503,1528410,327200272,216.0,218.0,212.5,212.5,-2.0,1410,218.2000000000001,222.4500000000001,217.57499999999987,13.83219954648535,20.539295821687823,35.96462524404372,42.44976460180798,235.0914922287601,217.57499999999987,200.05850777123965,-1.2655895544636167,-1.1667376295796632,-0.09885192488395345
2024-10-11,1503,2012783,421637589,214.0,214.5,207.0,207.0,-5.5,2727,214.7000000000001,220.25000000000009,217.57499999999987,2.7210884353742393,11.609977324263014,29.35517300035736,38.58584297166405,235.0914922287601,217.57499999999987,200.05850777123965,-2.154615749979939,-1.3643132536597185,-0.7903024963202208
2024-10-14,1503,4450922,971520863,210.0,224.5,209.5,222.5,15.5,4379,215.7000000000001,219.60000000000008,218.74999999999986,20.666666666666757,12.406651549508666,55.96353639810672,51.87931715557361,234.1496753212609,218.74999999999986,203.35032467873882,-1.5901249829345545,-1.4094755995146857,-0.1806493834198688
2024-10-15,1503,4182688,905299387,219.0,221.5,213.0,214.0,-8.5,9948,214.10000000000008,218.3000000000001,219.29999999999987,30.00000000000009,17.795918367346914,45.09642882788483,45.99912542607777,233.11448515147146,219.29999999999987,205.48551484852828,-1.8078017325949247,-1.4891408261307335,-0.3186609064641912
2024-10-16,1503,3045192,651209522,215.5,219.0,210.5,213.0,-1.0,2794,213.8000000000001,216.85000000000008,219.49999999999986,41.42857142857152,30.69841269841267,43.92570247250966,45.34791651936704,232.81915913262742,219.49999999999986,206.1808408673723,-2.0375165452052215,-1.598815969945631,-0.4387005752595905
2024-10-17,1503,1357381,292493611,213.5,217.5,212.5,216.5,3.5,2127,214.60000000000008,216.4000000000001,219.82499999999987,38.857142857142954,36.76190476190474,49.300160350263006,48.116470509724465,232.50283498868038,219.82499999999987,207.14716501131937,-1.9150706970200702,-1.6620669153605188,-0.2530037816595514
2024-10-18,1503,1547918,336185031,217.5,220.0,214.0,215.5,-1.0,1853,216.3000000000001,215.50000000000009,219.94999999999987,45.71428571428581,41.99999999999998,47.77386035509296,47.37798915041829,232.40351356044656,219.94999999999987,207.4964864395532,-1.877085252464525,-1.70507058278132,-0.172014669683205
2024-10-21,1503,1358332,295144642,215.5,219.0,215.5,217.0,1.5,1060,215.2000000000001,215.4500000000001,219.99999999999986,53.33333333333343,45.96825396825395,50.45798855586686,48.65106178985028,232.39758040910687,219.99999999999986,207.60241959089285,-1.7062751719441849,-1.705311500613893,-0.0009636713302918487
2024-10-22,1503,2544723,540383979,218.0,218.0,211.0,211.5,-5.5,2227,214.7000000000001,214.4000000000001,219.54999999999987,43.8095238095239,47.6190476190476,41.36397123816094,44.408680240771965,232.48406355327813,219.54999999999987,206.6159364467216,-1.9917513177252033,-1.762599464036155,-0.22915185368904822
2024-10-23,1503,2658875,573718965,213.0,218.5,212.5,214.0,2.5,2194,214.9000000000001,214.35000000000008,219.22499999999985,40.95238095238104,46.03174603174602,46.47928049474871,46.68447500966245,232.372147979705,219.22499999999985,206.0778520202947,-1.9932867445596116,-1.8087369201408463,-0.18454982441876533
2024-10-24,1503,2225845,466821815,215.0,215.0,208.0,208.0,-6.0,6918,213.2000000000001,213.9000000000001,218.17499999999987,21.904761904761994,35.555555555555536,37.35473844364759,42.21749046931067,231.38588566297605,218.17499999999987,204.9641143370237,-2.4504066744776196,-1.937070871008201,-0.5133358034694187
2024-10-25,1503,1056253,219947822,210.0,210.5,207.5,207.5,-0.5,977,211.60000000000008,213.9500000000001,217.09999999999985,13.333333333333421,25.396825396825378,36.65513482787195,41.85805211118783,230.10999615681106,217.09999999999985,204.09000384318864,-2.8205102472113595,-2.1137587462488328,-0.7067515009625267
2024-10-28,1503,1023783,211542169,209.5,209.5,205.0,207.0,-0.5,1321,209.60000000000008,212.4000000000001,215.99999999999986,4.444444444444533,13.227513227513208,35.87134292790263,41.477747271488745,228.50999600320597,215.99999999999986,203.49000399679375,-3.1182209067923736,-2.3146511783575408,-0.8035697284348329
2024-10-29,1503,1211923,245337279,207.0,207.0,200.0,202.0,-5.0,1801,207.7000000000001,211.2000000000001,214.74999999999986,7.7777777777778665,8.5185185185185,28.709320813335708,37.78106815949213,227.60496013219137,214.74999999999986,201.89503986780835,-3.714795116928002,-2.594679966071633,-1.120115150856369
2024-10-30,1503,806998,164170223,204.5,205.0,201.0,204.5,2.5,925,205.8000000000001,210.35000000000008,213.59999999999985,15.277777777777866,9.166666666666648,36.146212839368,40.63022704235396,225.78441627654973,213.59999999999985,201.41558372344997,-3.9404325166989054,-2.8638304761970876,-1.0766020405018177
2024-11-01,1503,1129869,230268895,200.5,206.5,199.0,206.0,1.5,1689,205.4000000000001,209.3000000000001,212.84999999999985,22.500000000000085,15.185185185185167,40.49166117663778,42.336433384661674,224.96651765154604,212.84999999999985,200.73348234845366,-3.9526506217422366,-3.0815945053061173,-0.8710561164361192
2024-11-04,1503,461493,94859868,206.0,206.5,204.0,206.5,0.5,586,205.2000000000001,208.4000000000001,211.94999999999987,31.98717948717957,23.254985754985736,42.02594994811156,42.92524134966938,223.10750868250707,211.94999999999987,200.79249131749268,-3.8772927197477713,-3.240734148194448,-0.6365585715533233
2024-11-05,1503,1640506,345499790,205.0,213.5,205.0,211.5,5.0,1652,206.10000000000008,207.85000000000008,211.64999999999986,45.854700854700944,33.447293447293426,55.43196151378653,48.579705070179315,222.5132407687674,211.64999999999986,200.78675923123234,-3.3752055575612587,-3.26762843006781,-0.10757712749344872
2024-11-06,1503,707044,148370928,212.0,212.5,208.5,208.5,-3.0,1298,207.4000000000001,207.5500000000001,210.97499999999985,53.979700854700944,43.94052706552705,47.70929949257703,45.65696425902075,220.81103070350167,210.97499999999985,201.13896929649803,-3.182684783112421,-3.2506397006767322,0.06795491756431105
2024-11-07,1503,1946954,414566194,210.0,215.0,209.5,214.5,6.0,1902,209.4000000000001,207.60000000000008,210.97499999999985,73.45085470085479,57.761752136752115,60.53755400219659,51.891090871315015,220.81103070350167,210.97499999999985,201.13896929649803,-2.5169470278250117,-3.103901166106388,0.5869541382813765
2024-11-08,1503,1322676,284550576,213.5,218.0,212.0,215.0,0.5,4269,211.2000000000001,208.3000000000001,211.09999999999985,80.15350877192992,69.19468810916177,61.456851007153425,52.38133497171867,221.0729634512627,211.09999999999985,201.127036548737,-1.9267884215134927,-2.868478617187809,0.9416901956743162
2024-11-11,1503,1579043,338897525,215.5,217.0,210.5,215.0,0.0,1522,212.9000000000001,209.0500000000001,211.49999999999986,88.43201754385974,80.6787936722147,61.456851007153425,52.38133497171867,221.4247166206512,211.49999999999986,201.57528337934852,-1.4424557422493365,-2.5832740422001144,1.1408182999507779
2024-11-12,1503,1231682,259274415,212.0,213.5,209.0,209.0,-6.0,1880,212.4000000000001,209.25000000000009,210.82499999999987,73.68421052631588,80.7565789473684,44.51804613598327,45.87529995523052,219.41147191809358,210.82499999999987,202.23852808190617,-1.5251870534554826,-2.371656644451188,0.8464695909957056
2024-11-13,1503,1021082,210678377,209.5,210.5,204.5,204.5,-4.5,1431,211.60000000000008,209.50000000000009,210.34999999999985,55.263157894736935,72.4597953216374,35.86785153189924,41.69270461330426,219.2274996479993,210.34999999999985,201.4725003520004,-1.9315983422528404,-2.2836449840115187,0.3520466417586783
2024-11-14,1503,997179,204599177,205.0,209.0,203.0,204.0,-0.5,1188,209.50000000000009,209.4500000000001,209.89999999999986,29.415204678362667,52.78752436647172,34.98660808001103,41.24276228483434,219.10108689233147,209.89999999999986,200.69891310766826,-2.267885268321976,-2.28049304087361,0.012607772551634255
2024-11-15,1503,995882,203252465,204.0,208.0,201.5,203.0,-1.0,1262,207.10000000000008,209.1500000000001,209.22499999999985,14.901648059542888,33.19333687754739,33.08964271011931,40.305890873924476,218.37090072110024,209.22499999999985,200.07909927889946,-2.585285164606063,-2.341451465620101,-0.24383369898596197
2024-11-18,1503,1261278,250783978,203.0,204.5,197.0,199.0,-4.0,1635,203.9000000000001,208.4000000000001,208.39999999999986,8.42712842712852,17.581327055011254,26.40779610031113,36.713355931892686,218.09329665285355,208.39999999999986,198.70670334714617,-3.1235866769129075,-2.4978785078786623,-0.6257081690342452
2024-11-19,1503,1080660,220226959,200.5,206.0,200.5,205.5,6.5,1144,203.2000000000001,207.8000000000001,207.82499999999987,19.696969696969788,14.341915394546959,46.7814056277809,45.252848290246234,216.74281924016333,207.82499999999987,198.90718075983642,-2.991217928128691,-2.596546391928668,-0.3946715362000228
2024-11-20,1503,1534952,307036522,206.0,206.5,197.0,200.0,-5.5,1964,202.3000000000001,206.9500000000001,207.24999999999986,21.42857142857152,16.517556517556503,36.74041885715328,40.297927513212,216.6174969976099,207.24999999999986,197.88250300238983,-3.29216870411679,-2.7356708543662926,-0.5564978497504973
2024-11-21,1503,573520,114541122,200.0,201.5,198.5,198.5,-1.5,805,201.2000000000001,205.35000000000008,206.47499999999985,20.753968253968345,20.626503126503113,34.39169444948387,39.04235988834727,216.04304577749528,206.47499999999985,196.90695422250442,-3.6100968767101165,-2.9105560588350574,-0.6995408178750591
2024-11-22,1503,632937,127624850,200.5,203.0,200.0,202.0,3.5,924,201.00000000000009,204.0500000000001,206.17499999999987,17.362914862914952,19.848484848484834,44.11677093140667,43.46835083434119,215.90780535098742,206.17499999999987,196.44219464901232,-3.538842916471708,-3.0362134303623876,-0.5026294861093206
2024-11-25,1503,1199264,247477384,204.5,208.0,204.5,207.0,5.0,1476,202.60000000000008,203.25000000000009,206.14999999999986,37.29236812570155,25.13641708086151,55.187620688518955,49.14865348975174,215.8716253785162,206.14999999999986,196.42837462148353,-3.04382807108297,-3.0377363585065043,-0.006091712576465902
2024-11-26,1503,539630,109787029,207.0,207.0,202.0,202.0,-5.0,1357,201.9000000000001,202.5500000000001,205.89999999999986,48.681257014590436,34.44551333440221,44.826996998370454,44.349613749003346,215.77724657990265,205.89999999999986,196.02275342009708,-3.020168826734732,-3.03422285215215,0.014054025417417737
2024-11-27,1503,781083,156060028,202.0,203.0,198.5,198.5,-3.5,1102,201.60000000000008,201.9500000000001,205.72499999999985,43.12570145903488,43.033108866442184,38.867903796023526,41.308942139920816,215.98889302361744,205.72499999999985,195.46110697638227,-3.2464167825674792,-3.076661638235216,-0.16975514433226335
2024-11-28,1503,1780381,347222439,198.5,199.5,190.5,197.0,-1.5,1974,201.3000000000001,201.25000000000009,205.34999999999985,30.8152958152959,40.87408476297363,36.445458625750156,40.04186834608158,216.29120651483422,205.34999999999985,194.4087934851655,-3.506338494031098,-3.1625970093943923,-0.34374148463670595
2024-11-29,1503,894073,174770665,194.0,198.5,192.5,198.5,1.5,975,200.60000000000008,200.8000000000001,204.97499999999985,32.164502164502245,35.368499812944236,40.75343027933675,41.95910882923507,216.30846813646374,204.97499999999985,193.64153186353596,-3.5503644674680572,-3.240150501009125,-0.31021396645893207
2024-12-02,1503,567969,113603811,199.5,203.0,197.5,199.5,1.0,747,199.10000000000008,200.85000000000008,204.62499999999986,44.761904761904844,35.913900913900896,43.7205276292261,43.26167101077925,216.178679067735,204.62499999999986,193.0713209322647,-3.4646256777965334,-3.285045536366607,-0.1795801414299265
2024-12-03,1503,1407430,288161557,200.5,208.0,200.5,205.5,6.0,3279,199.8000000000001,200.85000000000008,204.32499999999987,60.95238095238104,45.95959595959594,58.328894007071796,50.44734132324644,215.45278055140312,204.32499999999987,193.19721944859663,-2.8793360200448035,-3.203903633102246,0.32456761305744264
2024-12-04,1503,720909,146364973,205.5,206.0,201.5,203.0,-2.5,5388,200.7000000000001,201.1500000000001,204.04999999999987,69.52380952380962,58.4126984126984,51.79362470155836,47.73466446749315,215.02223769338846,204.04999999999987,193.07776230661128,-2.5873930002103407,-3.080601506523865,0.49320850631352453
2024-12-05,1503,399043,80758618,204.5,205.5,200.5,200.5,-2.5,690,201.4000000000001,201.35000000000008,203.34999999999985,71.42857142857152,67.30158730158729,45.806069086101985,45.12172040477953,213.30540054444043,203.34999999999985,193.39459945555927,-2.5286069533290743,-2.970202595884907,0.44159564255583295
2024-12-06,1503,646275,130024958,202.0,204.0,199.0,199.5,-1.0,962,201.60000000000008,201.10000000000008,202.57499999999987,60.00000000000008,66.98412698412697,43.461388780212715,44.08226744986629,211.09130788547466,202.57499999999987,194.0586921145251,-2.533505555307215,-2.882863187769369,0.3493576324621537
2024-12-09,1503,468323,93697752,200.0,202.0,197.0,200.0,0.5,795,201.7000000000001,200.4000000000001,201.82499999999987,54.28571428571436,61.90476190476188,45.10063696496222,44.76739183840523,208.20681008806915,201.82499999999987,195.4431899119306,-2.468585593263839,-2.800007668868263,0.33142207560442394
2024-12-10,1503,695409,138758986,199.0,202.5,198.0,198.5,-1.5,914,200.3000000000001,200.0500000000001,201.29999999999987,50.47619047619056,54.92063492063489,40.94560028756942,43.062771029813526,206.91604843285833,201.29999999999987,195.6839515671414,-2.5092484652438998,-2.7418558281433905,0.2326073628994907
2024-12-11,1503,884355,174205364,198.5,199.5,195.5,196.5,-2.0,1307,199.00000000000009,199.85000000000008,200.89999999999986,41.93548387096782,48.89912954429081,35.81319669379667,40.83036749529616,206.6844619456111,200.89999999999986,195.11553805438862,-2.6720555761656897,-2.7278957777478503,0.05584020158216063
2024-12-12,1503,615710,122420224,198.0,201.5,196.5,196.5,0.0,821,198.2000000000001,199.8000000000001,200.52499999999986,26.506912442396395,39.63952892985149,35.81319669379667,40.83036749529616,206.42817711069512,200.52499999999986,194.6218228893046,-2.7691602291538118,-2.7361486680290428,-0.033011561124768996
2024-12-13,1503,1263571,243614931,195.5,196.0,191.5,191.5,-5.0,1972,196.60000000000008,199.10000000000008,199.94999999999987,11.268817204301156,26.57040450588835,25.10515501111804,35.4951821295034,206.9206527671516,199.94999999999987,192.97934723284814,-3.2125423905644084,-2.831427412536116,-0.3811149780282923
2024-12-16,1503,1183542,225076397,192.0,194.0,188.0,188.5,-3.0,1687,194.3000000000001,198.00000000000009,199.42499999999987,3.592592592592672,13.78944074642997,20.7601068915037,32.73161750052716,207.99981778233206,199.42499999999987,190.85018221766768,-3.762627646477938,-3.0176674593244806,-0.7449601871534575
2024-12-17,1503,592080,112868506,191.0,192.0,189.5,190.0,1.5,757,192.60000000000008,196.4500000000001,198.64999999999986,4.735449735449815,6.53228651078111,28.026533591495912,35.43825541814884,207.678288874433,198.64999999999986,189.62171112556672,-4.031069056136943,-3.220347778686973,-0.8107212774499697
2024-12-18,1503,847812,162946407,188.5,195.0,187.5,194.5,4.5,1342,192.2000000000001,195.60000000000008,198.37499999999986,18.876863876863954,9.068302068302044,45.51409428625119,42.865436741049876,207.5558224032619,198.37499999999986,189.1941775967378,-3.8364739320106764,-3.3435730093517138,-0.4929009226589627
2024-12-19,1503,745445,142391709,190.0,193.0,189.0,193.0,-1.5,887,191.50000000000009,194.85000000000008,198.09999999999985,30.173160173160255,17.928491261824572,41.58478007519587,41.1654517626669,207.57417542587424,198.09999999999985,188.62582457412546,-3.759950983683723,-3.4268486042181157,-0.33310237946560717
2024-12-20,1503,1081580,206331597,190.5,193.0,189.5,190.5,-2.5,1446,191.3000000000001,193.9500000000001,197.52499999999986,33.03030303030311,27.36010902677567,35.607449673435504,38.42992598345132,207.37119215738807,197.52499999999986,187.67880784261166,-3.8565788619610544,-3.5127946557667036,-0.3437842061943508
2024-12-23,1503,797199,154636244,193.0,196.5,191.5,192.5,2.0,928,192.10000000000008,193.2000000000001,196.79999999999987,30.793650793650873,31.33237133237131,43.22424905994706,41.763991989236295,205.85207158611794,196.79999999999987,187.7479284138818,-3.7287906883953212,-3.555993862292427,-0.17279682610289404
2024-12-24,1503,437592,84258174,193.5,194.5,191.0,191.5,-1.0,631,192.4000000000001,192.50000000000009,196.27499999999986,28.095238095238173,30.639730639730615,40.43425588888627,40.580734905225455,205.27763850213853,196.27499999999986,187.2723614978612,-3.6659504875857465,-3.577985187351091,-0.08796530023465543
2024-12-25,1503,545876,105623097,192.5,195.5,192.0,194.0,2.5,657,192.3000000000001,192.25000000000009,196.04999999999987,45.50264550264558,34.79717813051144,49.87153661102023,44.79192103378612,205.0438868127293,196.04999999999987,187.05611318727043,-3.3755092990587343,-3.5374900096926196,0.1619807106338853
2024-12-26,1503,633106,123320984,193.5,196.0,193.5,194.0,0.0,1127,192.50000000000009,192.00000000000009,195.89999999999986,57.67195767195775,43.75661375661374,49.871536611020225,44.79192103378612,204.92551937564937,195.89999999999986,186.87448062435035,-3.1094883188845017,-3.451889671530996,0.3424013526464944
2024-12-27,1503,509873,97825751,195.0,195.0,191.0,191.5,-2.5,1056,192.7000000000001,192.00000000000009,195.54999999999987,62.96296296296305,55.37918871252202,41.024678401016764,41.389871694377646,204.68728624922198,195.54999999999987,186.41271375077775,-3.0650617581339077,-3.3745240888515786,0.30946233071767093
2024-12-30,1503,915353,177844646,190.0,197.0,190.0,193.5,2.0,1043,192.9000000000001,192.50000000000009,195.24999999999986,59.94152046783634,60.19214703425228,49.402020794749916,44.989527410575995,204.2416628050787,195.24999999999986,186.258337194921,-2.8357809853733897,-3.2667754681559407,0.4309944827825509
2024-12-31,1503,622078,119023224,191.5,193.0,189.5,192.0,-1.5,707,193.00000000000009,192.7000000000001,194.57499999999987,48.367446393762265,57.09064327485378,43.94055140628988,42.86325274318452,202.32919241444293,194.57499999999987,186.82080758555682,-2.7434865795311225,-3.162117690430977,0.4186311108998546
2025-01-02,1503,1046870,200459238,192.0,195.5,189.0,189.0,-3.0,1222,192.00000000000009,192.1500000000001,193.87499999999986,33.55263157894745,47.28719948018192,34.93018485485838,38.90314232886347,200.95931365766867,193.87499999999986,186.79068634233104,-2.8792275825944955,-3.1055396688636807,0.2263120862691852
2025-01-03,1503,694747,133231952,191.0,194.5,190.0,191.5,2.5,933,191.50000000000009,192.00000000000009,193.42499999999987,22.916666666666753,34.94558154645872,45.74631161916688,43.581039662999686,199.88468265475797,193.42499999999987,186.96531734524177,-2.7533354615462144,-3.0350988274001875,0.2817633658539731
2025-01-06,1503,839339,162415214,193.0,195.0,190.5,194.5,3.0,919,192.10000000000008,192.4000000000001,193.17499999999987,33.33333333333342,29.93421052631577,55.98837836916588,48.66083848144872,199.03396748584484,193.17499999999987,187.3160325141549,-2.384008751761428,-2.9048808122724354,0.5208720605110075
2025-01-07,1503,644308,124203793,195.0,195.5,191.5,191.5,-3.0,801,191.7000000000001,192.3000000000001,192.74999999999986,43.750000000000085,33.333333333333314,45.8829170559216,44.35959805033036,197.7349774322696,192.74999999999986,187.7650225677301,-2.3067982668672187,-2.785264303191392,0.4784660363241735
2025-01-08,1503,680210,129836858,192.0,194.0,189.5,190.0,-1.5,870,191.3000000000001,192.1500000000001,192.32499999999987,37.500000000000085,38.19444444444442,41.512217243988246,42.34419150685274,196.68705226931075,192.32499999999987,187.962947730689,-2.339675542042812,-2.696146550961676,0.35647100891886385
2025-01-09,1503,1650076,304335671,190.0,190.5,180.0,180.0,-10.0,2582,189.50000000000009,190.75000000000009,191.49999999999986,14.58333333333342,31.944444444444425,23.845358299277443,31.929243337325936,198.07267069007824,191.49999999999986,184.92732930992148,-3.1364919195502523,-2.7842156246793914,-0.3522762948708609
2025-01-10,1503,1174260,210530086,180.0,182.0,177.0,179.0,-1.0,1539,187.00000000000009,189.25000000000009,190.62499999999986,7.500000000000085,19.86111111111109,22.71741043756156,31.105327724445665,198.7728524778136,190.62499999999986,182.47714752218613,-3.804806837317642,-2.9883338672070416,-0.8164729701106004
2025-01-13,1503,2135940,371455489,177.5,177.5,168.5,176.5,-2.5,2233,183.4000000000001,187.75000000000009,189.87499999999986,13.20987654320996,11.764403292181049,19.96317208493654,29.084712707540195,200.06752176844438,189.87499999999986,179.68247823155534,-4.484485968476491,-3.2875642874609317,-1.1969216810155596
2025-01-14,1503,1124900,198304642,176.5,180.0,174.0,174.5,-2.0,3679,180.00000000000009,185.85000000000008,189.17499999999987,20.617283950617367,13.775720164609032,17.93384150053709,27.54323108639667,201.37448769416918,189.17499999999987,176.97551230583056,-5.125437014615443,-3.6551388328918337,-1.4702981817236092
2025-01-15,1503,566860,98660155,174.5,176.0,172.5,172.5,-2.0,1808,176.50000000000009,183.9000000000001,188.29999999999987,22.222222222222303,18.683127572016435,16.03245631761383,26.056040341373567,202.485908501051,188.29999999999987,174.11409149894874,-5.728741258574871,-4.069859318028441,-1.6588819405464301
2025-01-16,1503,960949,169109182,176.5,177.5,173.5,177.0,4.5,1714,175.9000000000001,182.7000000000001,187.42499999999987,22.839506172839588,21.893004115226315,34.31354021413633,34.61109963156404,202.12287399592768,187.42499999999987,172.72712600407206,-5.777156364143366,-4.411318727251426,-1.36583763689194
2025-01-17,1503,480298,84487481,178.0,178.0,174.5,176.5,-0.5,5277,175.4000000000001,181.2000000000001,186.59999999999985,25.30864197530872,23.456790123456766,33.37170870211234,34.13848545521298,201.79736819321755,186.59999999999985,171.40263180678215,-5.789137927034432,-4.686882567208027,-1.1022553598264047
2025-01-20,1503,441116,78619954,177.5,179.0,176.5,179.0,2.5,1415,175.9000000000001,179.6500000000001,186.02499999999986,34.095860566448884,27.41466957153229,42.5673740356266,38.64940241089236,201.45702838256176,186.02499999999986,170.59297161743797,-5.533121910188015,-4.856130435804024,-0.6769914743839909
2025-01-21,1503,480558,86320238,177.0,181.0,177.0,180.0,1.0,1037,177.00000000000009,178.50000000000009,185.39999999999986,41.02627583019748,33.47692612398492,46.04259420043945,40.4076038905448,200.74470592745888,185.39999999999986,170.05529407254085,-5.189711960690801,-4.922846740781379,-0.26686521990942147
2025-01-22,1503,1111340,204056710,180.0,186.5,180.0,186.5,6.5,1906,179.8000000000001,178.1500000000001,185.14999999999986,64.48306595365428,46.53506745010011,63.014089561023134,50.364811444144685,200.2500000000069,185.14999999999986,170.04999999999282,-4.342998046290518,-4.8068770018832065,0.46387895559268877
2025-02-03,1503,1356064,241174570,185.0,185.0,174.0,177.5,-9.0,4070,179.9000000000001,177.9000000000001,184.32499999999987,67.42424242424251,57.64452806936464,41.78389700198369,40.31927261631427,199.2020796865576,184.32499999999987,169.44792031344215,-4.348074061546242,-4.715116413815814,0.3670423522695714
2025-02-04,1503,506458,88913572,178.5,178.5,174.5,174.5,-3.0,808,179.50000000000009,177.4500000000001,183.34999999999985,54.761904761904844,62.22307104660043,36.94351126529813,37.62532172232949,198.11854766049169,183.34999999999985,168.58145233950802,-4.5418165343358226,-4.6804564379198155,0.13863990358399292
2025-02-05,1503,703480,123979235,175.5,178.5,174.5,174.5,0.0,794,178.60000000000008,177.25000000000009,182.49999999999986,26.19047619047627,49.458874458874426,36.943511265298135,37.62532172232949,197.2512711316756,182.49999999999986,167.74872886832412,-4.641850477013293,-4.672735245738511,0.03088476872521806
2025-02-06,1503,576533,102133790,175.5,178.5,175.5,178.0,3.5,772,178.2000000000001,177.60000000000008,181.72499999999985,21.06227106227114,34.00488400488397,46.74080248683234,42.79678648399595,195.69094071304238,181.72499999999985,167.75905928695732,-4.388123788489793,-4.615812954288767,0.22768916579897436
2025-02-07,1503,463957,81581852,178.0,178.0,175.0,175.0,-3.0,1246,175.9000000000001,177.85000000000008,180.87499999999986,18.967032967033045,22.07326007326004,40.45515397049193,39.754309123254274,194.29466840127557,180.87499999999986,167.45533159872414,-4.37864420302563,-4.568379204036139,0.18973500101050966
2025-02-10,1503,942385,161877381,174.0,174.0,170.0,171.5,-3.5,1110,174.7000000000001,177.3000000000001,179.99999999999986,17.235431235431317,19.088245088245056,34.195912523897256,36.49461772036506,193.46848172587372,179.99999999999986,166.531518274126,-4.600520377342576,-4.574807438697427,-0.025712938645149563
2025-02-11,1503,1490879,265408220,177.0,180.0,176.0,178.5,7.0,1541,175.50000000000009,177.50000000000009,179.34999999999985,22.86868686868695,19.69038369038366,51.65070758391978,46.02666540563292,191.74798370704715,179.34999999999985,166.95201629295255,-4.163522845797814,-4.492550520117504,0.3290276743196898
2025-02-12,1503,1150264,205670840,180.0,182.0,175.5,175.5,-3.0,2006,175.7000000000001,177.1500000000001,178.39999999999986,31.313131313131393,23.805749805749773,45.602575606484244,43.04469579886144,188.7518114356952,178.39999999999986,168.04818856430452,-4.01301454791178,-4.39664332567636,0.3836287777645797
2025-02-13,1503,1396161,252087441,177.0,183.5,177.0,181.5,6.0,2117,176.4000000000001,177.3000000000001,177.89999999999986,53.83838383838392,36.00673400673397,57.275902907282116,50.01917523846681,186.48836422144413,177.89999999999986,169.3116357785556,-3.3707301031530505,-4.191460681171698,0.8207305780186473
2025-02-14,1503,626427,112997402,184.0,184.0,179.0,179.5,-2.0,4000,177.3000000000001,176.60000000000008,177.37499999999986,59.28571428571436,48.14574314574312,52.86422563239077,47.913000404263364,183.99976414676016,177.37499999999986,170.75023585323956,-2.9886470754571803,-3.9508979600287946,0.9622508845716142
2025-02-17,1503,687675,125536916,183.0,184.0,181.0,182.0,2.5,950,179.4000000000001,177.0500000000001,177.47499999999985,76.74603174603182,63.29004329004326,57.624218620950444,50.70707002057693,184.31221434505412,177.47499999999985,170.6377856549456,-2.45580542041958,-3.6518794521069515,1.1960740316873717
2025-02-18,1503,527470,96090149,182.0,183.5,180.0,183.5,1.5,2178,180.4000000000001,177.9500000000001,177.69999999999987,83.3333333333334,73.12169312169308,60.42196254912889,52.358386359508046,185.00342385461568,177.69999999999987,170.39657614538407,-1.890692381054862,-3.2996420378965334,1.4089496568416715
2025-02-19,1503,1594962,298621198,183.0,189.5,182.0,188.0,4.5,1945,182.9000000000001,179.3000000000001,178.27499999999986,91.48351648351655,83.85429385429381,67.8509056227727,57.01111538293411,186.81593086262828,178.27499999999986,169.73406913737145,-1.0674192888909886,-2.8531974880954243,1.7857781992044357
2025-02-20,1503,13366316,2686132096,189.5,206.0,188.0,206.0,18.0,15728,187.8000000000001,182.10000000000008,179.84999999999985,96.24542124542131,90.35409035409032,82.86250374234078,69.74091903696322,194.47566237816952,179.84999999999985,165.2243376218302,1.0256570002846104,-2.0774265904194174,3.1030835907040277
2025-02-21,1503,29113599,6194167353,204.5,223.0,203.0,203.0,-3.0,31608,192.50000000000009,184.9000000000001,181.37499999999986,83.40080971659926,90.3765824818456,75.96535930017839,66.22129226548749,198.72399132515164,181.37499999999986,164.02600867484807,2.41452694764115,-1.179035882807304,3.593562830448454
2025-02-24,1503,9617690,1977668694,202.0,210.5,200.0,202.0,-1.0,9590,196.50000000000009,187.9500000000001,182.62499999999986,71.22807017543867,83.62476704581964,73.58349393217141,65.04294693599668,202.01539710785178,182.62499999999986,163.23460289214793,3.395384861408928,-0.26415173396405756,3.6595365953729857
2025-02-25,1503,3911680,771042286,202.0,202.0,195.0,195.0,-7.0,4394,198.8000000000001,189.60000000000008,183.54999999999987,50.9382151029749,68.52236499833751,58.58265649747428,57.350025893534436,203.44195817410144,183.54999999999987,163.6580418258983,3.566764880897523,0.5020315890082586,3.0647332918892642
2025-02-26,1503,3909158,754327034,196.0,197.5,190.0,191.5,-3.5,4202,199.50000000000009,191.2000000000001,184.17499999999987,41.10966645863678,54.425317245683345,52.356468391123435,53.916298435088606,204.24057998165517,184.17499999999987,164.10942001834457,3.381187803506549,1.0778628319079167,2.3033249715986326
2025-02-27,1503,2814412,537203843,192.0,196.0,188.0,188.0,-3.5,3261,195.9000000000001,191.85000000000008,184.57499999999987,28.71472561816351,40.25420239325829,46.5807448814211,50.6504205487819,204.61065571675059,184.57499999999987,164.53934428324916,2.9180583234594337,1.44590193021822,1.4721563932412136
2025-03-03,1503,2449933,451945999,187.0,190.5,181.5,181.5,-6.5,2940,191.60000000000008,192.0500000000001,184.32499999999987,16.834038054968364,28.886143377256108,37.59493057355183,45.17735477121302,204.38310310074667,184.32499999999987,164.26689689925308,2.0034348468018948,1.5574085135349551,0.44602633326693963
2025-03-04,1503,2030139,362395757,179.0,182.5,174.5,182.0,0.5,2307,187.60000000000008,192.0500000000001,184.54999999999987,12.518980260529124,19.355914644553557,38.65691959838139,45.66373812214863,204.39666218788975,184.54999999999987,164.70333781211,1.3039043753830128,1.5067076859045667,-0.20280331052155387
2025-03-05,1503,2441900,453633463,182.5,189.0,181.0,185.5,3.5,2484,185.7000000000001,192.25000000000009,185.09999999999985,13.877567329976898,14.410195215158021,46.14198093012513,49.069978528424166,204.4044036426985,185.09999999999985,165.7955963573012,1.0201821613040067,1.4094025809844548,-0.38922041968044807
2025-03-06,1503,1842269,337244714,186.5,188.0,180.0,180.5,-5.0,2304,183.50000000000009,191.50000000000009,185.39999999999986,16.838487972508663,14.411678521004788,38.34409281804845,44.75377553368114,204.21648213668527,185.39999999999986,166.58351786331446,0.387406270942364,1.2050033189760367,-0.8175970480336727
2025-03-07,1503,1005109,180872440,180.5,182.5,178.0,178.0,-2.5,1500,181.50000000000009,188.7000000000001,185.39999999999986,14.924589537991672,15.21354828015897,34.90326015404296,42.72995002124249,204.21648213668527,185.39999999999986,166.58351786331446,-0.31220340123206825,0.9015619749344157,-1.213765376166484
2025-03-10,1503,1182342,211983008,180.5,182.0,177.0,177.5,-0.5,1444,180.7000000000001,186.1500000000001,185.52499999999986,11.000815717310635,14.254631075936883,34.18743268659527,42.317775731051256,204.09507000525852,185.52499999999986,166.9549299947412,-0.8966588036338976,0.541917819220753,-1.4385766228546506
2025-03-11,1503,1726247,296081963,172.0,173.5,169.0,171.5,-6.0,2318,178.60000000000008,183.10000000000008,185.52499999999986,9.801080985291584,11.908828746864524,26.56109030698416,37.62729417974193,204.09507000525852,185.52499999999986,166.9549299947412,-1.822979602625253,0.06893833485155176,-1.8919179374768047
2025-03-12,1503,1119650,192346186,173.0,173.5,171.0,171.0,-0.5,1450,175.7000000000001,180.7000000000001,185.14999999999986,9.029476047019978,9.943790916540626,25.997266969780647,37.25669676627331,204.5564422293272,185.14999999999986,165.74355777067254,-2.5678408599247575,-0.4584175041037102,-2.1094233558210473
2025-03-13,1503,1835895,310554552,172.5,173.5,166.5,167.0,-4.0,2846,173.00000000000009,178.25000000000009,184.72499999999985,6.087556855100787,8.306037962470675,21.698336954302576,34.34257978721069,205.29554933637453,184.72499999999985,164.15445066362517,-3.4412467924536827,-1.0549833617737048,-2.386263430679978
2025-03-14,1503,1099961,184001426,168.0,169.0,165.5,168.5,1.5,1559,171.10000000000008,176.3000000000001,184.07499999999987,7.418899395849823,7.511977432656756,26.980928643309415,36.353043444702344,205.80119386823645,184.07499999999987,162.3488061317633,-3.9666645824127897,-1.6373196059015218,-2.329344976511268
2025-03-17,1503,745439,126501176,169.5,171.0,168.5,169.0,0.5,1667,169.4000000000001,175.0500000000001,183.54999999999987,9.914302600472887,7.806919617141058,28.8476975171924,37.0450429326031,206.18161505505518,183.54999999999987,160.91838494494456,-4.293226502381742,-2.168500985197566,-2.124725517184176
2025-03-18,1503,860204,146244156,170.0,171.0,168.5,171.0,2.0,1009,169.3000000000001,173.9500000000001,182.99999999999986,17.36800630417659,11.56706943349966,36.43174925893138,39.86163791808984,206.28089345364987,182.99999999999986,159.71910654634985,-4.34061004079183,-2.602922796316419,-1.7376872444754112
2025-03-19,1503,996363,168567607,171.0,171.5,168.0,168.0,-3.0,1252,168.7000000000001,172.2000000000001,182.22499999999985,18.01464793955414,15.098985614734431,30.704429729237503,37.17492932924188,206.4024171490714,182.22499999999985,158.0475828509283,-4.5675844934972645,-2.995855135752588,-1.5717293577446765
2025-03-20,1503,520580,88651036,170.5,171.0,169.0,171.0,3.0,693,169.50000000000009,171.25000000000009,181.37499999999986,24.161220043573053,19.84795809576782,41.44405593416512,41.426517161841,205.87372445659562,181.37499999999986,156.8762755434041,-4.454044996403269,-3.287493107882724,-1.1665518885205448
2025-03-21,1503,1210509,203758946,170.5,170.5,167.0,167.0,-4.0,1262,169.2000000000001,170.1500000000001,179.42499999999987,22.263071895424904,21.479646626183925,33.39342102561879,37.757537902454864,201.8978169128882,179.42499999999987,156.95218308711154,-4.633419521513048,-3.5566783906087887,-1.0767411309042592
2025-03-24,1503,1411197,237306254,169.5,171.0,166.5,166.5,-0.5,1575,168.7000000000001,169.0500000000001,177.59999999999985,21.527777777777846,22.65068990559183,32.473493330415906,37.31268337652964,197.94600697926265,177.59999999999985,157.25399302073706,-4.761038656325383,-3.7975504437521073,-0.9634882125732753
2025-03-25,1503,1046440,173757989,168.0,168.5,164.0,164.5,-2.0,1661,167.4000000000001,168.35000000000008,175.72499999999985,12.171052631579018,18.65396743492715,28.77432038127912,35.51043353671011,193.47739420473206,175.72499999999985,157.97260579526764,-4.9663124667188185,-4.031302848345449,-0.9350096183733694
2025-03-26,1503,2572433,437787202,165.0,171.5,165.0,171.5,7.0,2634,168.10000000000008,168.4000000000001,174.54999999999987,39.25438596491235,24.317738791422965,51.386674966405955,45.443004678868384,190.00606677004762,174.54999999999987,159.0939332299521,-4.512138814272447,-4.127470041530849,-0.3846687727415983
2025-03-27,1503,1812812,307995627,170.5,171.5,168.5,170.0,-1.5,1920,167.9000000000001,168.7000000000001,173.47499999999985,61.75438596491235,37.72660818713447,47.60808387580184,43.88327560772839,186.9266727584414,173.47499999999985,160.0233272415583,-4.22454249039825,-4.1468845313043285,-0.07765795909392104
2025-03-28,1503,2808723,465592848,170.5,172.0,161.5,162.5,-7.5,3444,167.00000000000009,168.10000000000008,172.19999999999987,63.17460317460324,54.72779170147587,33.31707153099403,37.03808774398044,184.70359948175596,172.19999999999987,159.6964005182438,-4.549365399153231,-4.227380704874109,-0.3219846942791218
2025-03-31,1503,3085765,459655615,154.5,155.0,146.5,146.5,-16.0,4109,163.00000000000009,165.85000000000008,170.44999999999987,29.841269841269906,51.59008632692839,19.06975798090888,27.266599464099333,186.54005904278074,170.44999999999987,154.359940957219,-6.028364938500829,-4.587577551599454,-1.4407873869013752
2025-04-01,1503,2960974,435321671,146.0,151.0,143.5,150.0,3.5,2834,160.10000000000008,163.75000000000009,168.84999999999985,10.776942355889789,34.597605123920864,27.032960126920745,31.522512283205778,186.33170472237146,168.84999999999985,151.36829527762825,-6.8392236666107635,-5.037906774601716,-1.8013168920090479
2025-04-02,1503,3465551,537990757,150.5,159.0,149.5,155.0,5.0,3397,156.8000000000001,162.4500000000001,167.32499999999987,21.052631578947434,20.55694792536893,37.3131695640845,37.17784670790931,184.03510173518293,167.32499999999987,150.61489826481682,-6.997711574199911,-5.429867734521355,-1.5678438396785568
2025-04-07,1503,256785,35821405,139.5,139.5,139.5,139.5,-15.5,699,150.7000000000001,159.3000000000001,165.27499999999986,21.052631578947434,17.627401837928108,24.718133961294,29.14280405411038,184.83382153914658,165.27499999999986,145.71617846085314,-8.278604247391428,-5.999615037095369,-2.278989210296059
2025-04-08,1503,1406883,177471889,126.0,128.5,126.0,126.0,-13.5,1892,143.4000000000001,155.2000000000001,162.67499999999987,13.450292397660883,18.518518518518473,18.405249652953874,24.2308024052113,187.80720046076686,162.67499999999987,137.54279953923287,-10.264732646645257,-6.852638559005347,-3.41209408763991
2025-04-09,1503,3831449,445023018,117.0,120.5,113.5,113.5,-12.5,3649,136.8000000000001,149.9000000000001,159.47499999999985,6.394884621840902e-14,11.500974658869348,14.425425989893942,20.744321230995443,191.57402646499085,159.47499999999985,127.37597353500885,-12.700990137266984,-8.022308874657675,-4.6786812626093095
2025-04-10,1503,1048648,130402640,124.5,124.5,123.0,124.5,11.0,878,131.7000000000001,145.9000000000001,157.12499999999986,6.267806267806332,6.572699555155648,29.971666151472487,30.25477740568492,192.11053272425858,157.12499999999986,122.13946727574114,-13.58750537764277,-9.135348175254695,-4.452157202388076
2025-04-11,1503,4243958,555989187,123.0,136.5,120.0,136.5,12.0,5156,128.00000000000009,142.4000000000001,155.39999999999986,19.373219373219438,8.5470085470085,43.122578343809536,38.87229700266405,190.87759856585797,155.39999999999986,119.92240143414175,-13.169960276767455,-9.942270595557247,-3.227689681210208
2025-04-14,1503,3664574,512401301,140.0,144.5,136.0,137.5,1.0,3384,127.6000000000001,139.1500000000001,153.92499999999987,36.95563695563702,20.865554198887484,44.142413075117695,39.54267565346471,189.80155919956863,153.92499999999987,118.04844080043111,-12.612966704551582,-10.476409817356114,-2.136556887195468
2025-04-15,1503,2674498,383504341,139.0,147.0,139.0,143.5,6.0,3006,131.10000000000008,137.25000000000009,152.67499999999987,52.665852665852725,36.33156966490295,50.37143239498556,43.543349444996956,188.1732746059601,152.67499999999987,117.17672539403962,-11.554205738233719,-10.691969001531636,-0.8622367367020836
2025-04-16,1503,1567699,222515398,142.0,144.5,140.0,141.0,-2.5,2326,136.60000000000008,136.7000000000001,151.27499999999986,59.706959706959765,49.776149776149715,47.78124878009484,42.28769068951353,186.2928168936923,151.27499999999986,116.25718310630742,-10.792450499799656,-10.71206530118524,-0.08038519861441706
2025-04-17,1503,1159154,162788461,139.0,142.5,137.5,142.5,1.5,1212,140.2000000000001,135.9500000000001,149.84999999999985,70.980263517577,61.117691963463045,49.59556523655078,43.343380639741845,183.8457350266202,149.84999999999985,115.85426497337951,-9.952984709006046,-10.5602491827494,0.6072644737433546
2025-04-18,1503,1072135,151052947,143.0,143.5,139.5,140.0,-2.5,1218,140.9000000000001,134.4500000000001,148.44999999999987,75.37040074353513,68.68587465602384,46.45698579318444,41.96555476492386,181.63719632629633,148.44999999999987,115.26280367370342,-9.381289463124943,-10.32445723882451,0.9431677756995658
2025-04-21,1503,722775,100214814,139.0,140.5,137.5,138.0,-2.0,932,141.00000000000009,134.3000000000001,146.79999999999987,79.6019900497513,75.31755143695436,43.866055988569016,40.84687680845186,178.59056463795747,146.79999999999987,115.00943536204228,-8.986014960361956,-10.056768783131998,1.0707538227700422
2025-04-22,1503,1039503,141160645,136.0,139.0,133.5,134.5,-3.5,1099,139.2000000000001,135.1500000000001,145.17499999999987,68.64750322461771,74.5399646726346,39.381849852118975,38.89296097731773,175.97642042179461,145.17499999999987,114.37357957820514,-8.853124509931007,-9.8160399284918,0.9629154185607938
2025-04-23,1503,1115713,155922411,139.0,141.0,138.0,140.5,6.0,1048,139.10000000000008,137.85000000000008,143.87499999999986,67.58798599594626,71.9458264234383,49.671506957331594,43.85149274817214,173.12200839402465,143.87499999999986,114.62799160597505,-8.1694852737252,-9.486728997538481,1.3172437238132808
2025-04-24,1503,728272,101156634,141.0,141.0,137.5,138.5,-2.0,802,138.3000000000001,139.25000000000009,142.57499999999987,55.55555555555561,63.93034825870641,46.595630081792514,42.61029819202559,170.31175359518735,142.57499999999987,114.83824640481241,-7.7003150997893215,-9.129446217988649,1.4291311181993276
2025-04-25,1503,984654,138812206,142.0,143.0,139.0,139.5,1.0,989,138.2000000000001,139.5500000000001,140.97499999999985,52.46913580246919,58.53755911799024,48.45747744755271,43.471837381886694,165.33988251562397,140.97499999999985,116.61011748437572,-7.165206671779259,-8.736598308746771,1.5713916369675118
2025-04-28,1503,598697,84106285,141.0,141.5,139.0,140.5,1.0,618,138.7000000000001,139.85000000000008,139.49999999999986,48.372615039281754,52.132435465768744,50.47196757840604,44.371180868485354,159.90833163196234,139.49999999999986,119.09166836803739,-6.5845353202411445,-8.306185711045647,1.721650390804502
2025-04-29,1503,1068247,152569012,142.0,144.5,139.5,144.5,4.0,1119,140.7000000000001,139.9500000000001,138.59999999999985,69.36026936026941,56.73400673400668,58.11201009811264,47.93911590189289,156.27653812261218,138.59999999999985,120.92346187738754,-5.735467619517635,-7.7920420927400444,2.056574473222409
2025-04-30,1503,1083035,154801707,144.0,145.5,141.0,142.0,-2.5,1653,141.00000000000009,140.0500000000001,138.37499999999986,78.15656565656572,65.29648335203886,52.23649999415745,45.95522977887566,155.75566454426152,138.37499999999986,120.9943354557382,-5.20431238254605,-7.274496150701245,2.0701837681551956
2025-05-02,1503,3178160,487640460,144.5,156.0,144.0,156.0,14.0,2488,144.50000000000009,141.4000000000001,138.67499999999987,90.27777777777783,79.26487093153754,71.23656917863912,56.74944582126843,157.02786081242215,138.67499999999987,120.3221391875776,-3.612047597083432,-6.5420064399776825,2.9299588428942505
2025-05-05,1503,19706977,3323562445,163.5,171.5,162.5,171.0,15.0,16065,150.8000000000001,144.50000000000009,139.47499999999985,89.83918128654976,86.09117490696434,80.78907525544767,64.84993840111753,161.60975773529412,139.47499999999985,117.34024226470558,-1.1268025646317312,-5.458965664908492,4.332163100276761
2025-05-06,1503,11347525,1921719799,171.5,172.5,166.0,170.0,-1.0,10643,156.7000000000001,147.7000000000001,140.99999999999986,97.1804511278196,92.43247006404897,78.75480235854863,63.98949587814795,166.82634314029286,140.99999999999986,115.17365685970684,0.7533957093932031,-4.216493390048153,4.969889099441356
2025-05-07,1503,3118173,522127882,170.0,171.0,166.0,166.5,-3.5,2981,161.10000000000008,150.9000000000001,143.02499999999986,91.46616541353387,92.82859927596765,71.41229485004182,60.941742023253454,170.14782249324625,143.02499999999986,115.90217750675347,1.9386975399324626,-2.9854552040520295,4.924152743984492
2025-05-08,1503,2394196,400970964,169.0,169.5,166.0,166.0,-0.5,2174,165.9000000000001,153.4500000000001,145.64999999999986,85.43710021321965,91.36123891819095,70.31961585992734,60.49843766267378,170.9345802812732,145.64999999999986,120.3654197187265,2.805373361124964,-1.8272894910166306,4.6326628521415945
2025-05-09,1503,2944993,490075223,169.0,170.0,163.5,166.0,0.0,4000,167.9000000000001,156.2000000000001,147.72499999999985,81.35039090262974,86.08455217646099,70.31961585992734,60.49843766267378,172.53321436541054,147.72499999999985,122.91678563458916,3.4524228123598277,-0.771347030341339,4.2237698427011665
2025-05-12,1503,3892610,655901670,166.5,171.0,165.5,165.5,-0.5,3751,166.8000000000001,158.8000000000001,149.17499999999987,79.99396954620839,82.2604868873525,68.8849928245317,59.99231922686544,174.57239159835416,149.17499999999987,123.7776084016456,3.880140498514095,0.15895047542974772,3.721190023084347
2025-05-13,1503,2103917,349403218,167.0,168.0,165.0,165.0,-0.5,2054,165.8000000000001,161.25000000000009,150.54999999999987,78.52512330124274,79.9564945833602,67.28352997575007,59.45665437712113,176.24610865481674,150.54999999999987,124.85389134518302,4.131142782555031,0.9533889368548044,3.177753845700227
2025-05-14,1503,2271793,381255208,167.0,170.0,165.5,167.5,2.5,1996,166.00000000000009,163.5500000000001,151.74999999999986,79.14483177641078,79.22130820795388,71.19053712589368,61.316504287869314,178.2462261463811,151.74999999999986,125.25377385361861,4.480148642899849,1.6587408780638133,2.821407764836035
2025-05-15,1503,2006459,336799750,168.0,170.0,165.5,167.5,0.0,1949,166.3000000000001,166.10000000000008,153.07499999999987,69.54887218045118,75.7396090860348,71.19053712589368,61.316504287869314,179.93626393154554,153.07499999999987,126.2137360684542,4.702530457780853,2.267498794007221,2.4350316637736316
2025-05-16,1503,17763693,3238062687,171.5,184.0,171.5,184.0,16.5,14581,169.9000000000001,168.9000000000001,155.14999999999986,77.48538011695912,75.39302802460692,86.10112772422444,71.36958655369864,184.7001269032835,155.14999999999986,125.59987309671624,6.139410449977873,3.0418811252013516,3.097529324776522
2025-05-19,1503,43537892,8356102738,188.0,202.0,185.0,193.5,9.5,32790,175.50000000000009,171.1500000000001,157.82499999999987,75.97402597402602,74.33609275714532,89.68660997648188,75.34279786565244,190.88294155721363,157.82499999999987,124.76705844278612,7.953041094007119,4.0241131189625055,3.9289279750446138
2025-05-20,1503,22560724,4325479073,194.5,197.5,184.0,184.0,-9.5,18803,179.3000000000001,172.5500000000001,160.12499999999986,77.05627705627711,76.8385610490873,68.93857010155435,65.54676979117882,193.74177408675874,160.12499999999986,126.50822591324098,8.525509078998624,4.924392310969729,3.601116768028895
2025-05-21,1503,6977360,1260599009,182.5,183.0,178.5,181.0,-3.0,6690,182.00000000000009,174.00000000000009,162.44999999999987,58.874458874458924,70.63492063492056,63.52437036310549,62.77120679819287,195.07345781795914,162.44999999999987,129.8265421820406,8.637550844117328,5.667024017599249,2.9705268265180793
2025-05-22,1503,26461047,5036157955,183.5,196.5,181.5,188.5,7.5,24692,186.2000000000001,176.25000000000009,164.84999999999985,54.07160407160412,63.334113334113276,70.32245761775285,66.58113020224046,197.72263299463827,164.84999999999985,131.97736700536143,9.225189824263111,6.378657178932022,2.8465326453310897
2025-05-23,1503,19964499,3857354775,190.0,198.0,187.0,194.5,6.0,19241,188.3000000000001,179.10000000000008,167.64999999999986,62.89926289926294,58.61510861510855,74.71989433794782,69.28887472496886,200.6077001624836,167.64999999999986,134.69229983751612,10.059092844898544,7.114744312125326,2.9443485327732173
2025-05-26,1503,11264979,2141099224,195.0,195.5,187.0,187.0,-7.5,10107,187.00000000000009,181.25000000000009,170.02499999999986,67.38245094409483,61.45110597165385,61.442889874087115,62.47467823929477,201.3307103417281,170.02499999999986,138.71928965827163,9.999511532349118,7.691697756170084,2.3078137761790334
2025-05-27,1503,9445502,1753959759,189.5,190.5,182.0,183.0,-4.0,7849,186.8000000000001,183.0500000000001,172.14999999999986,62.193014932741015,64.15824292536615,55.325898787444636,59.13445747144104,200.8085065905427,172.14999999999986,143.49149340945704,9.519788150353435,8.057315835006754,1.4624723153466803
2025-05-28,1503,5195384,946138822,186.0,186.5,179.5,182.0,-1.0,4971,187.00000000000009,184.50000000000009,174.02499999999986,47.09184819223001,58.88910468968851,53.764727829160684,58.29532683486678,199.98164654766057,174.02499999999986,148.06835345233915,8.955676803771581,8.23698802875972,0.7186887750118611
2025-05-29,1503,4703066,839920010,183.5,184.0,176.0,179.0,-3.0,4541,185.10000000000008,185.6500000000001,175.87499999999986,31.303298842036824,46.86272065566917,48.93209458934125,55.7399133173296,197.31998775938553,175.87499999999986,154.4300122406142,8.172333990309795,8.224057221069735,-0.05172323075994001
2025-06-02,1503,4175837,725603219,176.5,177.5,172.0,173.0,-6.0,3783,180.8000000000001,184.5500000000001,176.72499999999985,16.603614964270754,31.666253999512417,40.448731152706166,50.931228857219146,196.20954515764237,176.72499999999985,157.24045484235734,6.986839375884614,7.976613652032711,-0.989774276148097
2025-06-03,1503,3592398,624207545,173.5,177.5,171.5,172.0,-1.0,3267,177.8000000000001,182.4000000000001,176.77499999999986,5.757135945815244,17.888016584040827,39.129637500833105,50.154616426915865,196.2055815661854,176.77499999999986,157.34441843381433,5.898638873119751,7.561018696250119,-1.662379823130368
2025-06-04,1503,2714917,473912621,174.5,176.0,172.5,175.5,3.5,2224,176.3000000000001,181.5500000000001,177.04999999999987,6.942428640541901,9.767726516875852,46.282812174928,52.86373537409199,196.24348847917395,177.04999999999987,157.8565115208258,5.258041455020589,7.100423248004213,-1.8423817929836241
2025-06-05,1503,2869008,500955521,174.5,178.0,172.5,172.5,-3.0,2816,174.4000000000001,180.7000000000001,177.34999999999985,6.9182389937107445,6.539267860022516,41.41583445437336,50.33828166971943,196.05588142804828,177.34999999999985,158.64411857195142,4.4569119513244,6.57172098866825,-2.11480903734385
2025-06-06,1503,1979697,345241479,174.5,176.0,173.0,173.0,0.5,2443,173.2000000000001,179.1500000000001,177.69999999999987,8.372641509434015,7.41110304789544,42.58971753201247,50.76049185257335,195.7953032580328,177.69999999999987,159.60469674196696,3.8183414062482086,6.021045072184242,-2.202703665936033
2025-06-09,1503,2385151,417239208,175.0,177.0,173.5,174.0,1.0,2212,173.4000000000001,177.10000000000008,178.09999999999985,7.727159880834214,7.672680127992877,45.15400268034591,51.64592288469634,195.48275007011884,178.09999999999985,160.71724992988086,3.354295065732714,5.4876950708939365,-2.1334000051612225
2025-06-10,1503,1855937,327196535,175.5,177.5,174.0,177.0,3.0,2554,174.4000000000001,176.10000000000008,178.67499999999987,18.691520467836312,11.597107286034733,52.56894035464532,54.30086438641931,195.0862004436051,178.67499999999987,162.26379955639464,3.1918166500497875,5.028519386725106,-1.8367027366753188
2025-06-11,1503,6597939,1192825397,180.0,184.0,178.5,181.0,4.0,6073,175.50000000000009,175.9000000000001,179.47499999999985,41.94152046783631,22.786733605502164,60.81063185939233,57.64047875262436,194.65549735681307,179.47499999999985,164.29450264318663,3.347233086195075,4.6922621266191005,-1.3450290404240253
2025-06-12,1503,4556959,832554120,180.0,185.0,179.5,181.5,0.5,4269,177.3000000000001,175.85000000000008,180.17499999999987,62.24691358024697,40.95998483863975,61.77915633225026,58.05312946298545,194.3393037245107,180.17499999999987,166.01069627548904,3.470739033759685,4.447957508047217,-0.9772184742875325
2025-06-13,1503,7382367,1355159813,181.5,188.0,180.5,181.5,0.0,6213,179.00000000000009,176.10000000000008,180.87499999999986,70.22671156004495,58.13838186937596,61.77915633225026,58.05312946298547,193.7934944943363,180.87499999999986,167.95650550566342,3.527950371210494,4.263956080679873,-0.7360057094693788
2025-06-16,1503,3337011,610674944,181.0,184.5,179.5,184.5,3.0,3085,181.10000000000008,177.25000000000009,180.89999999999986,70.69982983961484,67.72448499330214,68.19781310216658,60.71610233472528,193.84449690023516,180.89999999999986,167.95550309976457,3.7718857453248233,4.165542013608863,-0.39365626828403943
2025-06-17,1503,3938059,729010732,185.5,187.0,183.5,185.0,0.5,3587,182.7000000000001,178.5500000000001,180.47499999999985,72.890192245031,71.27224454823015,69.20345065123185,61.15868513556879,192.241371573268,180.47499999999985,168.7086284267317,3.959904790624364,4.124414569011963,-0.16450977838759862
2025-06-18,1503,14052318,2665540190,184.0,194.0,184.0,187.0,2.0,11855,183.9000000000001,179.7000000000001,180.62499999999986,74.91039426523302,72.83347211662617,73.16363153025875,62.95646716567562,192.64113498593443,180.62499999999986,168.6088650140653,4.221630198871878,4.143857694983946,0.07777250388793266
2025-06-19,1503,4724879,868975371,187.5,189.0,181.5,183.0,-4.0,10659,184.2000000000001,180.75000000000009,180.72499999999985,64.5510971238745,70.78389454471272,56.27766811967743,57.24921183021571,192.78516169046708,180.72499999999985,168.66483830953263,4.059487653209686,4.126983686629094,-0.06749603341940791
2025-06-20,1503,4229257,762991192,181.5,183.0,178.5,179.5,-3.5,4016,183.8000000000001,181.4000000000001,180.27499999999986,46.83604336043364,62.099178249846936,45.546631118461484,52.74364123833357,191.80094898479902,180.27499999999986,168.7490510152007,3.6069886484520453,4.0229846789936845,-0.41599603054163925
2025-06-23,1503,3199746,576477506,176.5,184.0,175.0,183.0,3.5,3095,183.50000000000009,182.3000000000001,179.69999999999987,38.64890885750966,50.01201644727248,55.455917986334214,56.43591243349788,189.31977130706161,179.69999999999987,170.08022869293814,3.4905636316367747,3.9165004695223025,-0.4259368378855277
2025-06-24,1503,4306659,792714041,187.0,187.0,182.0,184.5,1.5,4899,183.4000000000001,183.0500000000001,179.57499999999987,39.86842105263161,41.78445775685818,59.17090582834022,57.95220990530362,188.87163917769092,179.57499999999987,170.27836082230883,3.4792270671047447,3.829045789038791,-0.3498187219340463
2025-06-25,1503,1759149,324220289,186.5,186.5,182.5,182.5,-2.0,2000,182.50000000000009,183.2000000000001,179.54999999999987,43.85964912280705,40.792326344315974,52.37597513273822,55.19373527110096,188.81228913391257,179.54999999999987,170.28771086608717,3.2711516724758667,3.717466965726206,-0.44631529325033936
2025-06-26,1503,1903615,350987376,184.0,186.0,183.0,183.5,1.0,3569,182.60000000000008,183.4000000000001,179.62499999999986,44.736842105263186,42.82163742690048,55.36590073925278,56.31343501487629,188.98916040017477,179.62499999999986,170.26083959982495,3.1506236376814343,3.6040983001172515,-0.45347466243581724
2025-06-27,1503,5957843,1109023422,186.5,189.0,183.5,184.0,0.5,5217,183.50000000000009,183.6500000000001,179.87499999999986,43.85964912280705,44.15204678362562,56.9427751838808,56.893478435995206,189.42421462740268,179.87499999999986,170.32578537259704,3.0601743381965605,3.4953135077331132,-0.43513916953655274
2025-06-30,1503,2199989,397889348,185.0,185.0,179.5,179.5,-4.5,2752,182.8000000000001,183.1500000000001,180.19999999999987,38.596491228070214,42.39766081871335,41.53515731554237,50.40671320698,189.21886910871777,180.19999999999987,171.18113089128198,2.595461361811573,3.315343078548805,-0.7198817167372322
2025-07-01,1503,1540617,279354988,180.5,183.0,180.0,180.5,1.0,1579,182.00000000000009,182.7000000000001,180.62499999999986,36.77944862155392,39.74519632414359,45.3676474670837,51.72396694178426,188.82179815538979,180.62499999999986,172.42820184460993,2.281564171061973,3.1085872970514385,-0.8270231259894656
2025-07-02,1503,3052798,560791782,180.0,185.5,179.5,184.5,4.0,2680,182.4000000000001,182.4500000000001,181.07499999999987,43.60902255639101,39.661654135338246,58.165286178508026,56.68046568627941,189.08296478514828,181.07499999999987,173.06703521485147,2.328720911402712,2.9526140199216933,-0.6238931085189812
2025-07-03,1503,2190813,406171455,185.0,187.5,184.0,185.5,1.0,1987,182.8000000000001,182.7000000000001,181.72499999999985,60.714285714285744,47.03425229741009,60.84076167333282,57.8456914710027,188.9116195112997,181.72499999999985,174.5383804887,2.41890102521495,2.8458714209803446,-0.42697039576539453
2025-07-04,1503,2000680,363780797,185.5,185.5,180.0,180.5,-5.0,4987,182.10000000000008,182.8000000000001,182.09999999999985,51.12781954887222,51.817042606516196,44.31028124765118,50.52742585370604,188.11331855136623,182.09999999999985,176.08668144863347,2.0631287380283823,2.689322884389952,-0.6261941463615699
2025-07-07,1503,1475800,261881516,180.5,180.5,176.5,177.0,-3.5,1826,181.60000000000008,182.2000000000001,182.24999999999986,29.842105263157933,47.228070175438496,36.2637549611299,46.12810637796488,187.55565735797143,182.24999999999986,176.9443426420283,1.4816760487736076,2.447793517266683,-0.9661174684930756
2025-07-08,1503,1510746,264435475,175.0,177.5,172.5,176.0,-1.0,1777,180.7000000000001,181.35000000000008,182.19999999999987,11.912812333865007,30.960912381964917,34.19393866733969,44.92457087972958,187.7172456896694,182.19999999999987,176.68275431033035,0.9294646705965306,2.144127747932653,-1.2146630773361222
2025-07-09,1503,1045419,184036634,176.0,178.0,173.5,178.0,2.0,1393,179.4000000000001,180.9000000000001,182.04999999999987,19.515151515151555,20.423356370724694,41.92792121693223,47.854932328125656,187.84568805235148,182.04999999999987,176.25431194764826,0.6457723980008439,1.844456677946291,-1.1986842799454471
2025-07-10,1503,1243475,222367871,177.0,180.0,176.5,180.0,2.0,1358,178.3000000000001,180.5500000000001,181.97499999999985,34.848484848484894,22.092149565833683,48.93032533386298,50.68087500893633,187.8356740226901,181.97499999999985,176.1143259773096,0.5756913024002301,1.590703602837079,-1.0150123004368488
2025-07-11,1503,10996285,2064929850,183.0,192.0,181.5,188.5,8.5,9346,179.9000000000001,181.00000000000009,182.32499999999987,55.12820512820517,36.49728049728041,68.03914623340036,60.482773180198265,188.8309588071388,182.32499999999987,175.81904119286094,1.192286554537617,1.5110201931771865,-0.3187336386395696
2025-07-14,1503,12466467,2371388211,189.0,194.0,187.0,187.0,-1.5,22401,181.9000000000001,181.75000000000009,182.44999999999987,66.49771417213282,52.15813471627416,63.17262268508161,58.28145790412302,189.2094378464636,182.44999999999987,175.69056215353615,1.5421285719724835,1.517241868936246,0.024886703036237634
2025-07-15,1503,2596654,486391670,188.5,190.5,186.0,187.0,0.0,7387,184.10000000000008,182.4000000000001,182.54999999999987,72.31166766050491,64.64586232028084,63.17262268508161,58.28145790412302,189.5134761434353,182.54999999999987,175.58652385656444,1.7986472058946958,1.573522936327936,0.2251242695667599
2025-07-16,1503,2444806,455829475,190.0,190.0,185.0,185.0,-2.0,4968,185.50000000000009,182.4500000000001,182.44999999999987,64.34108527131788,67.71682236798507,55.91461196926826,55.17611358137903,189.2094378464636,182.44999999999987,175.69056215353615,1.8195817799831104,1.6227347050589709,0.19684707492413955
2025-07-17,1503,1266473,234218311,185.5,186.5,183.5,184.5,-0.5,1674,186.4000000000001,182.35000000000008,182.52499999999986,60.46511627906981,65.70595640363074,54.101660855583155,54.395799558113666,189.34024027457662,182.52499999999986,175.7097597254231,1.775361497232069,1.6532600634935906,0.12210143373847848
2025-07-18,1503,1388490,255539330,185.5,186.0,183.0,184.0,-0.5,1640,185.50000000000009,182.7000000000001,182.74999999999986,55.813953488372135,60.20671834625315,52.12972404702677,53.5797738066763,189.4470142601168,182.74999999999986,176.05298573988293,1.6805978968176305,1.6587276301583986,0.021870266659231863
2025-07-21,1503,832533,153394822,184.0,185.0,183.0,185.0,1.0,962,185.10000000000008,183.50000000000009,182.84999999999985,55.13329551900174,57.1374550954811,55.88184256133356,55.03272086021072,189.61830850362182,182.84999999999985,176.08169149637789,1.6669728777257546,1.6603766796718697,0.006596198053884894
2025-07-22,1503,3597508,645093927,185.0,186.0,175.5,176.0,-9.0,4681,182.9000000000001,183.50000000000009,182.42499999999987,37.42954525711195,49.45893142149515,30.65377832835055,42.22347182158018,189.7685345713214,182.42499999999987,175.08146542867834,0.9193524453577595,1.5121718328090477,-0.5928193874512881
2025-07-23,1503,3889515,709369576,176.0,185.0,176.0,182.0,6.0,3675,182.3000000000001,183.9000000000001,182.39999999999986,31.311799604482577,41.291546793531964,48.67541370666235,50.49596972992907,189.74574706889595,182.39999999999986,175.05425293110378,0.8017654690539757,1.3700905600580333,-0.5683250910040576
2025-07-24,1503,1407047,253103322,179.0,181.0,179.0,180.5,0.0,1621,181.50000000000009,183.9500000000001,182.24999999999986,21.621621621621667,30.120988827738604,45.24586416583371,48.62166690183366,189.6222452482407,182.24999999999986,174.87775475175903,0.580843872587451,1.2122412225639168,-0.6313973499764658
2025-07-25,1503,1058769,190782023,181.5,182.5,179.0,179.0,-1.5,1263,180.50000000000009,183.00000000000009,181.99999999999986,28.498498498498545,27.143973241534137,41.80913432125529,46.752812496042104,189.4565407529368,181.99999999999986,174.5434592470629,0.28147972865968995,1.0260889237830715,-0.7446091951233815
2025-07-28,1503,1588429,286579317,182.0,183.5,178.5,180.0,1.0,1583,179.50000000000009,182.3000000000001,182.02499999999986,27.131614372993727,25.750578164371188,45.05513882435383,48.18273831531072,189.45113627670497,182.02499999999986,174.59886372329476,0.12349950502786555,0.8455710400320303,-0.7220715350041648
2025-07-29,1503,1537724,276863818,179.0,182.5,178.0,179.0,-1.0,2049,180.10000000000008,181.50000000000009,181.94999999999987,28.728665970045324,28.119592947179072,42.3021554633024,46.828449486036284,189.46598296965823,181.94999999999987,174.43401703034152,-0.0814536559945509,0.6601661008267141,-0.741619756821265
2025-07-31,1503,912121,163237258,180.0,180.5,178.0,178.5,-1.5,1140,179.4000000000001,180.85000000000008,181.64999999999986,30.47469771607707,28.778326019705247,40.846265978516115,46.13028042324603,189.21372923895308,181.64999999999986,174.08627076104665,-0.2809872874964867,0.47193542316207393,-0.7529227106585606
2025-08-01,1503,1996170,360253918,176.5,182.0,175.5,181.5,3.0,1885,179.60000000000008,180.5500000000001,181.44999999999987,39.17748917748922,32.793617621203744,52.3305535993544,50.863841209636895,188.80459040329026,181.44999999999987,174.0954095967095,-0.19479868212056317,0.33858860210554653,-0.5333872842261097
2025-08-04,1503,1242400,224051298,179.5,182.0,177.5,181.5,0.0,1395,180.10000000000008,180.3000000000001,181.49999999999986,47.61904761904767,39.090411504204525,52.33055359935441,50.863841209636895,188.8416619372044,181.49999999999986,174.1583380627953,-0.12505206899561472,0.2458604678853143,-0.370912536880929
2025-08-05,1503,2521799,462200080,182.0,185.0,180.5,184.0,2.5,2706,180.9000000000001,180.2000000000001,181.84999999999985,67.91979949874691,51.5721120984278,60.93336228372451,54.71005285330427,188.96407056474615,181.84999999999985,174.73592943525355,0.13044800760081898,0.22277797582841524,-0.09232996822759626
2025-08-06,1503,2887765,536977285,184.0,188.0,183.5,185.0,1.0,3349,182.10000000000008,181.10000000000008,182.29999999999987,74.2055137844612,63.24812030075179,63.96792559694418,56.18737735726454,189.00373030485298,182.29999999999987,175.59626969514676,0.40891162308119533,0.26000470527897124,0.1489069178022241
2025-08-07,1503,2777641,518413138,187.5,188.5,185.0,187.0,2.0,3486,183.8000000000001,181.60000000000008,182.74999999999986,84.64507422402164,75.59012916907645,69.49653737524719,59.063450955508145,189.4470142601168,182.74999999999986,176.05298573988293,0.781965320416731,0.3643968283065232,0.41756849211020775
2025-08-08,1503,1436864,267775217,187.5,187.5,185.5,186.0,-1.0,1650,184.7000000000001,182.1500000000001,183.04999999999987,81.7435897435898,80.19805925069073,63.78730310787179,57.04699740268708,189.76490878569243,183.04999999999987,176.3350912143073,0.9855604927404045,0.4886295611932995,0.496930931547105
2025-08-11,1503,2004347,372937184,187.5,189.5,184.0,184.5,-1.5,5708,185.3000000000001,182.7000000000001,182.84999999999985,77.8388278388279,81.40916393547963,55.76959507790076,54.06529741578435,189.12773844630416,182.84999999999985,176.57226155369554,1.0141828016237469,0.593740209279389,0.4204425923443579
2025-08-12,1503,2744226,497301205,184.0,185.5,179.5,180.0,-4.5,3226,184.50000000000009,182.7000000000001,182.49999999999986,59.06593406593412,72.88278388278378,38.730755629938685,46.25456604745143,188.59097693315348,182.49999999999986,176.40902306684623,0.6660756897616977,0.6082073053758508,0.05786838438584696
2025-08-13,1503,1850996,330768064,181.5,182.0,176.0,177.5,-2.5,2473,183.00000000000009,182.5500000000001,182.02499999999986,36.90476190476196,57.936507936507844,32.32887716531379,42.57466201971807,188.11987489618892,182.02499999999986,175.9301251038108,0.18632139198075492,0.5238301226968316,-0.3375087307160767
2025-08-14,1503,1311566,232664742,179.0,179.5,176.0,176.5,-1.0,1813,180.9000000000001,182.35000000000008,181.59999999999985,16.710758377425105,37.560484782706915,30.013731956769206,41.163933569372304,187.9843558798215,181.59999999999985,175.2156441201782,-0.2714498828274543,0.3647741215919744,-0.6362240044194287
2025-08-15,1503,1967285,344358442,176.5,176.5,173.5,174.5,-2.0,2394,178.60000000000008,181.6500000000001,181.09999999999985,8.079805996472727,20.56510875955312,25.71660627858981,38.421823594102264,188.03974062917376,181.09999999999985,174.16025937082594,-0.7865533045965378,0.13450863635427196,-0.9210619409508098
2025-08-18,1503,2270101,395449829,174.5,176.0,173.0,176.0,1.5,2295,176.9000000000001,181.10000000000008,180.69999999999987,9.378507295174025,11.38969055635714,33.986482064353716,41.56581216764618,187.84422843980937,180.69999999999987,173.55577156019038,-1.0615026714572764,-0.10469362520803774,-0.9568090462492387
2025-08-19,1503,2676570,478205637,176.5,182.5,176.5,177.5,1.5,2651,176.4000000000001,180.4500000000001,180.32499999999987,17.234848484848545,11.564387258831621,41.57493497884439,44.611320754536806,187.3126677081965,180.32499999999987,173.33733229180325,-1.1451638258756986,-0.31278766534156993,-0.8323761605341287
2025-08-20,1503,1925552,334714698,176.0,177.5,172.0,173.5,-4.0,2675,175.60000000000008,179.3000000000001,180.19999999999987,18.00865800865807,14.874004596226735,30.623134372444703,38.803454317804665,187.57156699760532,180.19999999999987,172.82843300239443,-1.5167483334585086,-0.5535797989649577,-0.9631685344935509
2025-08-21,1503,1795410,312369073,174.5,175.5,172.5,175.0,1.5,1846,175.3000000000001,178.10000000000008,179.84999999999985,17.662337662337723,17.635281385281303,37.792411569317366,41.86021147755513,187.50571681818246,179.84999999999985,172.19428318181724,-1.6709327957132984,-0.7770503983146259,-0.8938823973986726
2025-08-22,1503,1744796,309022297,176.0,179.0,174.0,177.0,2.0,1883,175.8000000000001,177.2000000000001,179.67499999999987,20.917107583774314,18.862701084923227,46.40733766056921,45.751096639342684,187.42274160644143,179.67499999999987,171.9272583935583,-1.6131464593520946,-0.9442696105221196,-0.668876848829975
2025-08-25,1503,4310513,786608178,179.0,185.0,179.0,184.0,7.0,4181,177.4000000000001,177.1500000000001,179.92499999999987,48.82919549586222,29.13621358065794,65.76615164695066,56.67878540657356,187.88913837148613,179.92499999999987,171.9608616285136,-0.9910842703585558,-0.9536325424894068,-0.037451727869149076
2025-08-26,1503,1771069,320675558,183.0,183.0,180.0,181.0,-3.0,5081,178.10000000000008,177.25000000000009,179.97499999999985,66.19183285849958,45.31271197937857,55.705198134900236,51.85756107634274,187.9529383301833,179.97499999999985,171.99706166981642,-0.7317354411430017,-0.9092531222201258,0.17751768107712407
2025-08-27,1503,1517378,277643424,182.0,184.0,181.0,183.5,2.5,2237,180.10000000000008,177.85000000000008,180.19999999999987,83.33333333333339,66.11812056256493,61.44023983814124,55.27200272107119,188.30802072026077,180.19999999999987,172.09197927973898,-0.32077284912350024,-0.7915570676008007,0.47078421847730045
2025-08-28,1503,7896408,1490621797,192.0,194.5,185.5,187.5,4.0,11171,182.60000000000008,178.9500000000001,180.64999999999986,75.52706552706557,75.01741057296606,68.94563053866881,60.14283002023021,189.31083136888117,180.64999999999986,171.98916863111856,0.3239502397707099,-0.5684556061264986,0.8924058458972085
2025-08-29,1503,13942771,2722374331,188.5,203.0,188.5,200.5,13.0,19386,187.3000000000001,181.5500000000001,181.59999999999985,83.09530374046508,80.65190086695455,82.13234652682556,71.14195669461763,193.84989795876675,181.59999999999985,169.35010204123296,1.862420463379891,-0.08228039222522066,1.9447008556051117
2025-09-01,1503,14159762,2816222506,205.0,209.5,191.0,191.0,-9.5,55560,188.7000000000001,183.0500000000001,182.07499999999987,70.49701314217448,76.37312746990158,60.3015546796545,58.44825637192207,194.991172033546,182.07499999999987,169.15882796645374,2.2887157045166475,0.391918827123153,1.8967968773934945
2025-09-02,1503,4299916,803186765,192.0,193.0,182.5,186.0,-5.0,18164,189.7000000000001,183.9000000000001,182.17499999999987,59.69621234137369,71.09617640800427,51.84061512088235,53.080098968486624,195.17990292159743,182.17499999999987,169.1700970784023,2.197765073446959,0.7530880763879142,1.444676997059045
2025-09-03,1503,1932570,357341249,186.0,187.0,183.5,185.0,-1.0,2178,190.00000000000009,185.0500000000001,182.17499999999987,39.37968954870369,56.524305010750474,50.19720335960529,52.05044148957351,195.17990292159743,182.17499999999987,169.1700970784023,2.0216896209171864,1.0068083852937686,1.0148812356234178
2025-09-04,1503,5199329,999340373,187.0,197.0,187.0,193.0,8.0,5482,191.10000000000008,186.85000000000008,182.47499999999985,37.791347107902226,45.622416332659725,61.5683053820947,58.9164412085832,196.1697982825665,182.47499999999985,168.78020171743321,2.4988762080130584,1.3052219498376265,1.193654258175432
2025-09-05,1503,3427130,656990132,195.0,197.5,189.0,190.0,-3.0,4535,189.00000000000009,188.1500000000001,182.67499999999987,36.92861997398865,38.03321887686471,55.97672738996555,55.69569329604644,196.68312264367282,182.67499999999987,168.66687735632692,2.604946882142144,1.56516693629853,1.039779945843614
2025-09-08,1503,1138996,215461498,191.0,192.0,188.0,189.5,-0.5,1555,188.7000000000001,188.7000000000001,182.92499999999987,36.54150194417233,37.087156342020926,55.005372708260936,55.15452195942535,197.22980688440785,182.92499999999987,168.6201931155919,2.618478642418296,1.7758292775224833,0.8426493648958127
2025-09-09,1503,3015179,580428371,192.0,195.0,190.0,192.5,3.0,3093,190.00000000000009,189.85000000000008,183.54999999999987,33.586634508430585,35.68558547553038,59.8788780108379,57.803770771390184,198.37194319244958,183.54999999999987,168.72805680755016,2.838556475769508,1.9883747171718882,0.8501817585976197
2025-09-10,1503,3360031,656608990,194.0,197.0,192.5,196.5,4.0,4189,192.3000000000001,191.1500000000001,184.49999999999986,39.57115009746594,36.56642885002281,65.66403978039007,61.103217976242775,200.0659885648226,184.49999999999986,168.93401143517713,3.2977222258222127,2.250244218901953,1.0474780069202598
2025-09-11,1503,2522422,493804619,200.0,200.0,193.0,193.5,-3.0,6834,192.4000000000001,191.75000000000009,185.34999999999985,43.20987654320993,38.78922038303534,58.307480082254834,57.47343514031513,200.9323618235554,185.34999999999985,169.7676381764443,3.3805703522073998,2.476309445563042,0.9042609066443577
2025-09-12,1503,1749633,342289620,196.0,197.5,194.0,195.0,1.5,2757,193.4000000000001,191.2000000000001,186.37499999999986,54.673721340388056,45.818249327021164,60.86505678750692,58.79156256099384,201.66184074621697,186.37499999999986,171.08815925378275,3.5266129543358886,2.6863701473176116,0.840242807018277
2025-09-15,1503,2244015,429870563,196.5,198.0,189.0,189.0,-6.0,11051,193.3000000000001,191.00000000000009,187.02499999999986,48.500881834215214,48.79482657260426,47.31900073120296,51.866429562540375,201.5799819649563,187.02499999999986,172.47001803504344,3.1222119964099306,2.7735385171360756,0.34867347927385506
2025-09-16,1503,2334552,440961436,189.0,191.5,185.5,190.5,1.5,2778,192.9000000000001,191.4500000000001,187.67499999999987,46.41488779419819,49.86316365626701,50.53023147810388,53.34597043733101,201.61872618779466,187.67499999999987,173.73127381220507,2.889450995226781,2.7967210127542166,0.09272998247256448
2025-09-17,1503,2761323,510829289,190.0,190.0,182.5,183.0,-7.5,3918,190.2000000000001,191.25000000000009,188.14999999999986,23.55774493705533,39.49117152182277,37.27579613143613,45.77035592560263,200.70826421127506,188.14999999999986,175.59173578872466,2.075869572701805,2.652550724743734,-0.576681152041929
2025-09-18,1503,1842170,340573345,184.0,187.5,183.0,184.0,1.0,2195,188.3000000000001,190.35000000000008,188.59999999999985,15.303776683087074,28.42546980478006,39.734815557318136,46.854057686668185,199.8142766151116,188.59999999999985,177.3857233848881,1.4945636767326391,2.420953315141515,-0.9263896384088759
2025-09-19,1503,1480987,271145652,185.0,185.0,181.5,183.5,-0.5,1747,186.00000000000009,189.7000000000001,188.92499999999987,7.413127413127459,15.424883011089818,38.84644355982802,46.35525738256977,199.10475932918865,188.92499999999987,178.74524067081109,0.9822064798709675,2.1332039480874054,-1.150997468216438
2025-09-22,1503,825941,152130814,184.5,185.5,183.0,184.5,1.0,1195,185.10000000000008,189.2000000000001,188.94999999999987,11.866151866151911,11.52768532078868,41.87849984959716,47.55773126514501,199.08360745244278,188.94999999999987,178.81639254755697,0.6493658671745379,1.836436331904832,-1.187070464730294
2025-09-23,1503,1122115,205106377,184.5,185.0,181.5,183.0,-1.5,1643,183.60000000000008,188.25000000000009,189.04999999999987,11.711711711711757,10.330330330330241,38.53494584367161,45.895857923333736,198.90342580020766,189.04999999999987,179.19657419979208,0.26153500688903364,1.5214560669016723,-1.2599210600126387
2025-09-24,1503,3714363,689661047,184.0,189.0,183.0,183.0,0.0,3452,183.60000000000008,186.9000000000001,189.02499999999986,11.138411138411184,11.572091572091482,38.53494584367161,45.895857923333736,198.93698769168924,189.02499999999986,179.1130123083105,-0.04530153614820165,1.2081045462916975,-1.2534060824398991
2025-09-25,1503,1603730,296135019,183.0,187.0,183.0,183.0,0.0,2399,183.4000000000001,185.85000000000008,188.79999999999987,8.763308763308808,10.537810537810449,38.534945843671615,45.895857923333736,199.0391405889458,188.79999999999987,178.56085941105394,-0.28518428028110065,0.9094467809771378,-1.1946310612582385
2025-09-26,1503,2011698,361216263,184.5,185.0,177.5,179.5,-3.5,2596,182.60000000000008,184.3000000000001,187.74999999999986,10.822510822510866,10.24141024141015,29.737777728948032,41.65392710842155,197.2552617007743,187.74999999999986,178.24473829922542,-0.7490789170771563,0.577741641366279,-1.3268205584434354
2025-09-30,1503,1390347,250332736,179.5,182.5,177.0,182.0,2.5,1551,182.10000000000008,183.60000000000008,187.29999999999987,20.612720612720654,13.399513399513305,40.96813117429416,45.52676986981206,196.9974223379313,187.29999999999987,177.60257766206843,-0.9045624197854636,0.2812808291359305,-1.1858432489213941
2025-10-01,1503,577493,104582156,182.0,183.0,180.0,180.5,-1.5,996,181.60000000000008,182.60000000000008,187.02499999999986,27.304639804639848,19.579957079956987,36.84567454934514,43.654439073815695,197.1565102526816,187.02499999999986,176.8934897473181,-1.135729694901272,-0.002121275671510048,-1.133608419229762
2025-10-02,1503,1143862,204645225,180.5,182.0,178.0,178.0,-2.5,1858,180.60000000000008,182.10000000000008,186.67499999999987,25.32051282051286,24.412624412624314,30.81614079916395,40.65356474360268,197.5206212362503,186.67499999999987,175.82937876374945,-1.5033310677708869,-0.30236323409138544,-1.2009678336795013
2025-10-03,1503,650421,116378669,178.0,180.0,178.0,178.5,0.5,810,179.7000000000001,181.5500000000001,185.94999999999987,16.666666666666707,23.097273097273,33.360654123776875,41.51942088167137,196.94499886312798,185.94999999999987,174.95500113687177,-1.7343198235203374,-0.5887545519771757,-1.1455652715431617
2025-10-07,1503,1440065,259984984,178.5,183.0,178.5,180.0,1.5,1446,179.8000000000001,181.2000000000001,185.44999999999987,15.27777777777782,19.08831908831899,40.960591093384195,44.151902942890345,196.57160060423743,185.44999999999987,174.32839939576232,-1.7758714717739394,-0.8261779359365284,-0.949693535837411
2025-10-08,1503,765819,138422868,180.0,182.5,178.5,181.0,1.0,948,179.60000000000008,180.85000000000008,185.02499999999986,23.611111111111153,18.51851851851842,45.77084125530345,45.900307682794526,196.1446897438819,185.02499999999986,173.90531025611782,-1.7084162506419034,-1.0026255988776034,-0.7057906517643
2025-10-09,1503,3281049,578733679,181.5,182.0,174.0,175.0,-6.0,3765,178.50000000000009,180.0500000000001,184.14999999999986,22.00854700854705,20.2991452991452,29.147336865424744,38.1774734501193,195.53024604304233,184.14999999999986,172.7697539569574,-2.1147300659869757,-1.225046492299478,-0.8896835736874977
2025-10-13,1503,2250729,388516852,170.0,177.0,167.0,177.0,2.0,2493,178.3000000000001,179.4500000000001,183.17499999999987,32.19373219373224,25.937796771130007,37.91609777870627,41.6987674079673,193.44278944077993,183.17499999999987,172.9072105592198,-2.2494234533258464,-1.4299218845047517,-0.8195015688210947
2025-10-14,1503,1938632,344287258,177.0,181.0,174.0,174.5,-2.5,2155,177.50000000000009,178.60000000000008,182.22499999999985,36.707621082621124,30.30330009496666,32.11911033023777,38.729228157134166,191.99984015215676,182.22499999999985,172.45015984784294,-2.5287482046218486,-1.649687148528171,-0.8790610560936776
2025-10-15,1503,1054098,183512064,175.5,176.5,173.0,174.5,0.0,1418,176.4000000000001,178.10000000000008,181.19999999999987,49.768518518518555,39.556623931623825,32.11911033023776,38.72922815713416,189.60476055579136,181.19999999999987,172.7952394442084,-2.7187747396301347,-1.8635046667485637,-0.855270072881571
2025-10-16,1503,1126609,200391525,176.0,180.0,176.0,178.5,4.0,1284,175.9000000000001,177.75000000000009,180.67499999999987,55.20833333333337,47.2281576448242,49.07508034489337,45.88087365870964,188.34490873480163,180.67499999999987,173.0050912651981,-2.5175844210226046,-1.9943206176033719,-0.5232638034192327
2025-10-17,1503,634862,112598144,176.5,179.5,176.0,177.0,-1.5,2041,176.3000000000001,177.4000000000001,179.99999999999986,60.41666666666671,55.131172839506064,44.24035532686379,43.81551036911714,186.3560994328437,179.99999999999986,173.643900567156,-2.450924377429544,-2.0856413695686062,-0.3652830078609379
2025-10-20,1503,570278,100462939,179.0,179.0,175.0,175.5,-1.5,1222,176.00000000000009,177.1500000000001,179.62499999999986,62.500000000000036,59.374999999999886,39.67971246281503,41.789611368993086,186.11248795761472,179.62499999999986,173.137512042385,-2.4904252050711193,-2.166598136669109,-0.32382706840201037
2025-10-21,1503,702590,124339134,177.5,178.5,176.0,176.0,0.5,820,176.3000000000001,176.9000000000001,179.22499999999985,57.89650537634412,60.27105734767014,42.00472657611722,42.74000743780499,185.5690917395794,179.22499999999985,172.8809082604203,-2.4531061930516103,-2.2238997479456093,-0.22920644510600097
2025-10-22,1503,449358,79208731,176.0,177.0,175.5,177.0,1.0,922,176.8000000000001,176.60000000000008,178.89999999999986,59.285394265233016,59.893966547192235,46.79025756035222,44.68518943248972,184.99590026166695,178.89999999999986,172.80409973833278,-2.3161399449673468,-2.242347787349957,-0.07379215761738989
2025-10-23,1503,2567878,455134695,181.0,182.5,175.0,175.0,-2.0,2232,176.10000000000008,176.00000000000009,178.42499999999987,58.781362007168504,58.65442054958172,39.23589417186829,41.63856195390702,184.17195571587115,178.42499999999987,172.6780442841286,-2.34197960877637,-2.2622741516352396,-0.07970545714113042
2025-10-27,1503,1138300,201591650,177.0,178.0,176.0,177.5,2.5,1215,176.2000000000001,176.25000000000009,178.14999999999986,55.21599698170161,57.76091775136755,50.81622783333669,46.54471505596662,183.50817132986563,178.14999999999986,172.7918286701341,-2.1361049338828195,-2.2370403080847554,0.10093537420193588
2025-10-28,1503,1207617,212381946,177.5,178.5,174.0,175.5,-2.0,1493,176.2000000000001,176.10000000000008,177.77499999999986,41.76570458404078,51.921021190970144,43.1423551793672,43.401362147429055,182.75972667256605,177.77499999999986,172.79027332743368,-2.1100081950473566,-2.2116338854772755,0.10162569042991887
2025-10-29,1503,1282142,225927086,177.5,179.0,175.0,175.0,-0.5,1178,176.00000000000009,176.1500000000001,177.37499999999986,28.482972136222944,41.82155790065496,41.322304438955605,42.62632003648366,181.8791647394615,177.37499999999986,172.87083526053823,-2.105402394591664,-2.1903875873001533,0.08498519270848925
2025-10-30,1503,6861238,1243782046,177.0,184.0,176.5,181.5,6.5,5935,176.9000000000001,176.85000000000008,177.47499999999985,37.69349845201242,35.980725057425225,64.21737494906328,54.10126670527209,182.24443392869787,177.47499999999985,172.70556607130183,-1.559282153270658,-2.064166500494254,0.5048843472235962
2025-10-31,1503,23590896,4604284491,181.5,199.5,180.0,199.5,18.0,26145,181.8000000000001,178.9500000000001,178.34999999999985,62.254901960784345,42.810457516339746,84.17113304162255,71.2496934063058,188.96178590060134,178.34999999999985,167.73821409939836,0.32225686375602436,-1.5868818276441985,1.9091386914002229
2025-11-03,1503,35937365,7412024432,205.0,213.0,200.0,204.0,4.5,41345,187.10000000000008,181.6500000000001,179.52499999999986,83.974358974359,61.3075864623851,86.38546231647607,73.87733294704493,194.94406287684768,179.52499999999986,164.10593712315205,2.1516990353438246,-0.8391656550465938,2.9908646903904184
2025-11-04,1503,12378822,2446259846,204.0,207.0,191.0,193.0,-11.0,12650,190.60000000000008,183.4000000000001,180.27499999999986,75.21367521367524,73.81431204960604,61.7501792625058,59.549878332738736,196.74762881267554,180.27499999999986,163.80237118732418,2.6830090098317783,-0.1347307220709193,2.8177397319026976
2025-11-05,1503,5190899,975367751,187.5,191.0,184.5,190.0,-3.0,11965,193.60000000000008,184.8000000000001,180.84999999999985,55.55555555555559,71.58119658119647,56.61317673864254,56.34070368441895,197.82969375460658,180.84999999999985,163.87030624539312,2.829385667794355,0.4580925559021356,2.3712931118922196
2025-11-06,1503,2310958,433200084,191.0,192.0,186.0,187.0,-3.0,4635,194.7000000000001,185.8000000000001,181.19999999999987,41.02564102564106,57.264957264957154,51.604679578947646,53.25027307386354,198.38254928700016,181.19999999999987,164.0174507129996,2.672508283944012,0.9009757015105109,1.771532582433501
2025-11-07,1503,3220737,586335731,185.0,186.0,180.0,180.5,-6.5,4196,190.9000000000001,186.35000000000008,181.17499999999987,30.34188034188038,42.3076923076922,42.173456896759305,47.20813853633848,198.36009528632832,181.17499999999987,163.98990471367142,2.000624199343946,1.120905401077198,0.879718798266748
2025-11-10,1503,2503299,447716101,182.0,183.0,177.0,178.0,-2.5,2957,185.7000000000001,186.4000000000001,181.32499999999987,19.298245614035125,30.22192232718537,38.97705501873992,45.0890412830377,198.34344587499612,181.32499999999987,164.30655412500363,1.2519899541519237,1.1471223116921432,0.10486764245978053
2025-11-11,1503,2015848,358998347,178.5,179.5,176.5,176.5,-1.5,2336,182.4000000000001,186.50000000000009,181.29999999999987,8.187134502924012,19.27575348627969,37.01333986622457,43.81810568341947,198.34523393797159,181.29999999999987,164.25476606202815,0.5315273409200074,1.0240033175377161,-0.4924759766177087
2025-11-12,1503,1221055,217253238,178.5,179.5,177.0,177.0,0.5,1594,179.8000000000001,186.7000000000001,181.42499999999987,3.088199951934667,10.191193356297786,38.223706250452004,44.380887461408555,198.30479561488116,181.42499999999987,164.54520438511858,0.0008910788047273854,0.8193808697911183,-0.818489790986391
2025-11-13,1503,1662027,294322612,177.0,179.0,175.5,177.0,0.0,1970,177.8000000000001,186.25000000000009,181.54999999999987,1.7899543378995793,4.355096264252604,38.223706250452004,44.380887461408555,198.25897962175347,181.54999999999987,164.84102037824627,-0.4148597371409153,0.5725327484047116,-0.9873924855456269
2025-11-14,1503,3520475,604484208,174.0,174.5,170.0,170.0,-7.0,4683,175.7000000000001,183.3000000000001,181.12499999999986,1.7899543378995793,2.2227028759111263,27.978610352393158,38.17234210093775,198.54015144924685,181.12499999999986,163.70984855075287,-1.2942672455069726,0.19917274962237475,-1.4934399951293473
2025-11-17,1503,2022643,340579990,172.0,172.0,167.0,167.5,-2.5,2745,173.60000000000008,179.6500000000001,180.64999999999986,2.000000000000036,1.8599695585995828,25.167883246289012,36.22335399727052,198.98330303028342,180.64999999999986,162.3166969697163,-2.1679424472694677,-0.27425028975599375,-1.893692157513474
2025-11-18,1503,2942738,478932458,165.0,165.0,161.0,162.0,-5.5,3764,170.7000000000001,176.5500000000001,179.97499999999985,1.7419354838710035,1.8439632739233909,20.008700647903822,32.31437364562769,199.93865447507577,179.97499999999985,160.01134552492394,-3.266486352385158,-0.8726975022818266,-2.3937888501033315
2025-11-19,1503,2150596,350340487,164.0,167.0,160.5,162.5,0.5,2261,167.8000000000001,173.8000000000001,179.29999999999987,4.356314568838324,2.6994166842363057,21.71082018350739,33.021991940952695,200.62228880772847,179.29999999999987,157.97771119227127,-4.050057943545511,-1.5081695905345636,-2.5418883530109473
2025-11-20,1503,2970676,498294917,168.0,171.5,165.5,167.0,4.5,3618,165.8000000000001,171.8000000000001,178.79999999999987,13.319277531801285,6.472509194836722,36.00832043893119,39.18432703345209,200.77362054828882,178.79999999999987,156.82637945171092,-4.258838444385731,-2.058303361304797,-2.2005350830809336
2025-11-21,1503,4004873,661439743,164.5,169.5,162.0,162.0,-5.0,4184,164.2000000000001,169.9500000000001,178.14999999999986,14.875587661965405,10.850393254201522,29.11562913341067,35.298273969242416,201.27379726602422,178.14999999999986,155.0262027339755,-4.772739538270372,-2.6011905966979123,-2.1715489415724596
2025-11-24,1503,1722457,281592910,165.5,167.0,161.5,162.5,0.5,1717,163.2000000000001,168.4000000000001,177.39999999999986,15.769980506822646,14.654948566862963,30.664057702900443,35.98200156557216,201.51140808829263,177.39999999999986,153.2885919117071,-5.081092366376339,-3.097170950633598,-1.9839214157427412
2025-11-25,1503,981288,159879057,164.0,164.5,162.0,162.5,0.0,1183,163.3000000000001,167.00000000000009,176.74999999999986,9.743954480796619,13.463174216528074,30.66405770290045,35.98200156557216,201.71697819120692,176.74999999999986,151.7830218087928,-5.264775153452234,-3.530691791197325,-1.7340833622549092
2025-11-26,1503,1432158,237989780,164.0,168.0,163.5,167.0,4.5,1684,164.2000000000001,166.00000000000009,176.34999999999985,22.588566009618674,16.034166999079165,45.30115424492114,42.34175842335694,201.67015007854806,176.34999999999985,151.02984992145164,-4.989714372347009,-3.822496307427262,-1.1672180649197474
2025-11-27,1503,1570925,265903604,167.0,172.0,167.0,168.5,1.5,1742,164.50000000000009,165.1500000000001,175.69999999999987,42.26819987689556,24.866906789103467,49.451023522305746,44.32714615396293,201.1251843651166,175.69999999999987,150.27481563488314,-4.5976899498589034,-3.9775350359135904,-0.6201549139453131
2025-11-28,1503,884572,148402348,168.5,169.0,167.0,168.5,0.0,1051,165.8000000000001,165.00000000000009,174.14999999999986,61.85300207039341,42.23658931896907,49.451023522305746,44.32714615396293,197.2564925940781,174.14999999999986,151.04350740592162,-4.238152981244468,-4.029658624979766,-0.20849435626470214
2025-12-01,1503,1145482,191054515,168.0,169.5,165.0,165.0,-3.5,1378,166.3000000000001,164.75000000000009,172.19999999999987,59.4202898550725,54.513830600787,39.84933350437995,40.54874942293866,191.10079363413544,172.19999999999987,153.2992063658643,-4.187368712600744,-4.0612006425039615,-0.12616807009678244
2025-12-02,1503,955813,157901669,165.5,167.0,164.0,164.0,-1.0,961,166.60000000000008,164.9500000000001,170.74999999999986,44.16839199447899,55.14722797331481,37.426988357495425,39.51244272883934,187.35572190542118,170.74999999999986,154.14427809457854,-4.179633246140838,-4.084887163231337,-0.09474608290950126
2025-12-03,1503,677461,112078156,165.5,166.5,164.5,166.0,2.0,769,166.4000000000001,165.3000000000001,169.54999999999987,35.26570048309183,46.284794110880945,45.19973333110534,42.66832055504948,183.70591749058218,169.54999999999987,155.39408250941756,-3.9663973878472802,-4.061189208154525,0.09479182030724509
2025-12-04,1503,643258,107075243,166.5,168.0,165.5,166.0,0.0,762,165.9000000000001,165.2000000000001,168.49999999999986,36.507936507936556,38.64734299516897,45.199733331105335,42.66832055504948,180.23030263890033,168.49999999999986,156.7696973610994,-3.754131146872595,-3.999777595898139,0.2456464490255441
2025-12-05,1503,513967,85529838,166.0,167.5,165.5,166.0,0.0,1202,165.4000000000001,165.60000000000008,167.77499999999986,41.90476190476195,37.89279963192996,45.199733331105335,42.668320555049476,178.16477863095173,167.77499999999986,157.385221369048,-3.5450435660875996,-3.9088307899360313,0.36378722384843165
2025-12-08,1503,966300,162146298,167.5,169.5,166.0,168.0,2.0,1141,166.00000000000009,166.1500000000001,167.27499999999986,45.266106442577076,41.22626828509171,54.22840353939489,46.17572899150562,176.55117917033664,167.27499999999986,157.9988208296631,-3.1812849934943586,-3.7633216306476966,0.5820366371533381
2025-12-09,1503,1186246,201550396,168.5,171.5,168.0,169.5,1.5,1362,167.10000000000008,166.85000000000008,166.92499999999987,53.897058823529456,47.02264239028934,59.99550930987869,48.710096026714425,175.26331517755136,166.92499999999987,158.58668482244838,-2.7403768811379052,-3.5587326807457385,0.8183557996078332
2025-12-10,1503,1871576,321868982,170.5,173.5,170.0,171.5,2.0,2014,168.2000000000001,167.3000000000001,166.64999999999986,66.87951496388034,55.34756007666213,66.55131952054393,51.95822888111981,173.9376608044127,166.64999999999986,159.36233919558703,-2.204162526657626,-3.287818649928116,1.0836561232704898
2025-12-11,1503,1045938,179314202,173.0,173.5,170.5,170.5,-1.0,1666,169.10000000000008,167.50000000000009,166.32499999999987,72.03947368421058,64.2720158238733,60.74446272609699,50.2448701032784,172.17542733483347,166.32499999999987,160.47457266516628,-1.8387049836698566,-2.997995916676464,1.1592909330066075
2025-12-12,1503,1699036,295184663,171.5,175.0,171.5,174.0,3.5,3490,170.7000000000001,168.0500000000001,166.52499999999986,79.42583732057422,72.78160865622156,71.05660245248411,55.745406681075835,173.0936756656254,166.52499999999986,159.95632433437433,-1.2522216667003079,-2.648841066681233,1.396619399980925
2025-12-15,1503,5932203,1037442659,173.0,180.0,169.5,169.5,-4.5,6471,171.00000000000009,168.50000000000009,166.62499999999986,63.86273601893301,71.77601567457245,50.97174930453634,48.345113443037604,173.30987097857448,166.62499999999986,159.94012902142524,-1.1374302170324029,-2.346558896751467,1.209128679719064
2025-12-16,1503,1405791,234764360,168.0,170.5,165.0,166.0,-3.5,2052,170.3000000000001,168.7000000000001,166.82499999999987,43.277940697295584,62.188838012267446,40.566851000676145,43.50736946761861,173.17539368859585,166.82499999999987,160.4746063114039,-1.313734007554359,-2.139993918912045,0.8262599113576861
2025-12-17,1503,707424,118437028,167.0,169.0,166.0,166.5,0.5,1065,169.3000000000001,168.75000000000009,167.02499999999986,16.30824372759862,41.14964014794225,42.52234327855765,44.3638820740826,173.06217649238303,167.02499999999986,160.9878235076167,-1.3970063903558412,-1.9913964132008044,0.5943900228449632
2025-12-18,1503,863024,143344165,166.5,168.0,164.5,167.5,1.0,1050,168.7000000000001,168.9000000000001,167.04999999999987,12.007168458781413,23.86445096122505,46.620413136116504,46.12325533665423,173.09069532423035,167.04999999999987,161.00930467576939,-1.3665559051962646,-1.8664283115998965,0.49987240640363195
2025-12-19,1503,1597956,271707004,169.0,172.0,166.5,172.0,4.5,1602,168.3000000000001,169.50000000000009,167.54999999999987,25.913978494623706,18.076463560334425,61.1591903287014,53.28265374503519,173.49053869612692,167.54999999999987,161.60946130387282,-0.9681510418353412,-1.6867728576469854,0.7186218158116442
2025-12-22,1503,1193445,206603505,173.5,174.5,171.5,173.5,1.5,1301,169.10000000000008,170.0500000000001,168.09999999999985,41.93548387096779,26.618876941457483,64.8791886818355,55.40970968882618,174.10499791841758,168.09999999999985,162.09500208158212,-0.5253192994091762,-1.4544821459994235,0.9291628465902473
2025-12-23,1503,512058,88373364,174.0,174.5,171.5,172.0,-1.5,785,170.3000000000001,170.3000000000001,168.57499999999987,51.6129032258065,39.82078853046585,58.358339052193074,52.819813854196305,174.22544246056572,168.57499999999987,162.92455753943403,-0.2920429279993755,-1.221994302399414,0.9299513744000385
2025-12-24,1503,439339,75407531,173.5,173.5,170.5,171.5,-0.5,666,171.3000000000001,170.3000000000001,168.79999999999987,50.5376344086022,48.028673835125346,56.16313132105232,51.9481877023283,174.539337940928,168.79999999999987,163.06066205907175,-0.14583445549314433,-1.00676233301816,0.8609278775250158
2025-12-26,1503,870660,150612471,173.0,174.0,172.5,173.5,2.0,990,172.50000000000009,170.60000000000008,169.04999999999987,50.5376344086022,50.896057347670144,62.70920800829715,55.1372565046719,175.14015599144795,169.04999999999987,162.95984400855178,0.12992243271537518,-0.779425379871453,0.9093478125868282
2025-12-29,1503,677618,117239603,174.0,174.0,172.0,173.5,0.0,925,172.8000000000001,170.5500000000001,169.29999999999987,64.40860215053767,55.161290322580534,62.70920800829715,55.1372565046719,175.68278935890714,169.29999999999987,162.9172106410926,0.34449067922955123,-0.5546421680512521,0.8991328472808033
2025-12-30,1503,474327,81555037,172.0,173.0,170.5,172.5,-1.0,710,172.60000000000008,170.85000000000008,169.67499999999987,76.02150537634414,63.65591397849452,56.924222740482236,53.09392731507672,175.88205244058477,169.67499999999987,163.46794755941497,0.4289018047978743,-0.35793337348142684,0.7868351782793012
2025-12-31,1503,777239,132515004,172.5,172.5,169.5,170.0,-2.5,1128,172.2000000000001,171.25000000000009,169.97499999999985,75.00000000000004,71.8100358422938,44.85523434442081,48.277120417415354,175.60949199131562,169.97499999999985,164.34050800868408,0.2907179082511675,-0.22820311713490796,0.5189210253860754
2026-01-02,1503,795898,135336257,170.0,171.5,169.0,169.0,-1.0,1138,171.7000000000001,171.50000000000009,170.12499999999986,55.416666666666714,68.81272401433681,40.81674526883799,46.46139044485448,175.48107132142465,170.12499999999986,164.76892867857507,0.09936906727295991,-0.16268868025333438,0.2620577475262943
2026-01-05,1503,1101546,185396381,169.0,169.5,167.5,168.0,-1.0,1433,170.60000000000008,171.5500000000001,170.22499999999985,31.130952380952426,53.84920634920624,36.93691123928155,44.65278778072289,175.33846262333154,170.22499999999985,165.11153737666817,-0.13145260662474811,-0.15644146552761712,0.024988858902869004
2026-01-06,1503,891015,151398717,169.0,171.0,168.5,169.5,1.5,1023,169.8000000000001,171.3000000000001,170.39999999999986,22.321428571428616,36.28968253968243,45.93107091224501,47.92723180980857,175.1497368348347,170.39999999999986,165.65026316516503,-0.19113964336372646,-0.163381101094839,-0.027758542268887465
2026-01-07,1503,896207,153143712,170.0,172.5,169.5,171.5,2.0,1265,169.60000000000008,171.10000000000008,170.57499999999987,32.41758241758246,28.623321123321016,55.74852044321722,52.00446955740888,175.21477370139644,170.57499999999987,165.9352262986033,-0.07618060213795275,-0.14594100130346174,0.069760399165509
2026-01-08,1503,984359,168983972,171.5,173.5,170.0,172.0,0.5,1309,170.00000000000009,171.10000000000008,170.69999999999987,53.11355311355316,35.95085470085459,57.97415649107155,52.99534917223953,175.35188133986378,170.69999999999987,166.04811866013597,0.054641217650157614,-0.10582455751273787,0.16046577516289548
2026-01-09,1503,1869079,323943231,173.5,174.5,170.5,174.0,2.0,2292,171.00000000000009,171.35000000000008,170.82499999999987,74.54212454212457,53.357753357753246,65.96300733679377,56.83422703522113,175.68581268927076,170.82499999999987,165.964187310729,0.3160584130095003,-0.02144796340829022,0.3375063764177906
2026-01-12,1503,2182794,382151986,175.0,177.0,172.0,175.5,1.5,2700,172.50000000000009,171.5500000000001,171.07499999999987,82.09947946790055,69.91838570785929,70.81706465008959,59.505426043973046,176.34069083788455,171.07499999999987,165.8093091621152,0.636928769339363,0.11022738314124045,0.5267013861981226
2026-01-13,1503,6226733,1134533975,181.0,188.0,179.0,180.0,4.5,6175,174.60000000000008,172.2000000000001,171.37499999999986,79.34775964301,78.66312121767822,80.53353987550135,66.25248441468288,177.82383710448494,171.37499999999986,164.92616289551478,1.2400388346195825,0.33618967343690886,0.9038491611826737
2026-01-14,1503,8561330,1648555708,182.5,198.0,182.5,198.0,18.0,8034,179.9000000000001,174.75000000000009,172.79999999999987,81.72871202396237,81.05865037829084,92.37736173094444,80.35344533405852,186.01135874920385,172.79999999999987,159.5886412507959,3.1343269047437445,0.895817119698276,2.2385097850454683
2026-01-15,1503,18639517,3702861763,205.5,206.0,193.5,197.0,-1.0,16831,184.9000000000001,177.4500000000001,174.34999999999985,79.19966212649142,80.09204459782113,88.87268886182767,78.39369734029621,190.86696097955664,174.34999999999985,157.83303902044307,4.502964829715751,1.617246661701771,2.88571816801398
2026-01-16,1503,16524787,3298513741,200.0,204.5,195.0,197.0,0.0,14539,189.50000000000009,180.25000000000009,175.87499999999986,84.20779220779222,81.71205545274853,88.87268886182767,78.39369734029621,194.6842397507237,175.87499999999986,157.06576024927602,5.523943661762559,2.3985860617139285,3.12535760004863
2026-01-19,1503,14620932,2993900800,199.5,210.5,195.0,207.0,10.0,14243,195.8000000000001,184.1500000000001,177.84999999999985,81.36226375250767,81.58990602893029,92.66195944687287,83.15765293645727,200.60763608110915,177.84999999999985,155.09236391889056,7.058625724913071,3.330593994353757,3.728031730559314
2026-01-20,1503,15191806,3252837191,205.5,221.5,204.0,218.0,11.0,18801,203.4000000000001,189.00000000000009,180.14999999999986,86.88909937643069,84.15305177891004,94.89358372368415,86.64572171664696,208.65105261214362,180.14999999999986,151.6489473878561,9.058064655017745,4.476088126486554,4.58197652853119
2026-01-21,1503,15604018,3426668809,217.0,225.0,215.0,215.5,-2.5,18110,206.9000000000001,193.4000000000001,182.24999999999986,89.07870182291386,85.77668831728391,87.81262530375054,82.46561529908611,214.4330700835112,182.24999999999986,150.0669299164885,10.321920629828895,5.645254627155023,4.676666002673873
2026-01-22,1503,21096114,4900732457,223.0,237.0,219.0,237.0,21.5,23299,214.9000000000001,199.9000000000001,185.49999999999986,91.92423027819841,89.2973438258475,93.03055780663016,87.88066235048397,225.14845520320046,185.49999999999986,145.85154479679926,12.909592169868063,7.098122135697631,5.811470034170432
2026-01-23,1503,15637325,3634163292,239.0,246.0,224.0,226.0,-11.0,25341,220.7000000000001,205.10000000000008,188.22499999999985,84.23935369026428,88.41409526379203,74.09499626820113,75.1015795580889,231.01690928201512,188.22499999999985,145.43309071798458,13.912359420099705,8.460969592578046,5.451389827521659
2026-01-26,1503,7248999,1646135168,229.0,234.0,221.5,228.0,2.0,18744,224.9000000000001,210.35000000000008,190.94999999999987,80.6009323461433,85.58817210486852,75.16716459601177,75.7908781518728,236.49656957444967,190.94999999999987,145.40343042555008,14.69900203016607,9.70857608009565,4.990425950070421
2026-01-27,1503,4567258,1020925216,231.0,231.5,220.0,224.0,-4.0,17098,226.10000000000008,214.75000000000009,193.47499999999985,66.63267837788933,77.15765480476549,68.5473368817828,71.52592969712866,240.44890232884887,193.47499999999985,146.50109767115083,14.82871915166919,10.732604694410359,4.096114457258832
2026-01-28,1503,15529602,3675206682,226.5,246.0,222.0,246.0,22.0,23073,232.2000000000001,219.5500000000001,197.14999999999986,76.58292713410823,74.60551261938014,79.9037807346648,78.64402286042932,248.29987781021757,197.14999999999986,146.00012218978216,16.516346877614126,11.889353131051113,4.626993746563013
2026-01-29,1503,17310714,4183948464,247.0,252.0,233.5,241.5,-4.5,23322,233.10000000000008,224.00000000000009,200.72499999999985,79.89139515455305,74.36900022218339,73.56517378379804,74.53938867520208,253.74525556332418,200.72499999999985,147.70474443667553,17.291367496202156,12.969756004081322,4.321611492120834
2026-01-30,1503,7355577,1700097274,240.0,243.0,226.0,229.0,-12.5,18799,233.7000000000001,227.2000000000001,203.72499999999985,77.8874269005848,78.12058306308188,58.52060925603012,64.47309816622435,256.0102512664921,203.72499999999985,151.4397487335076,16.70437376436996,13.71667955613905,2.987694208230911
2026-02-02,1503,6545033,1423534451,224.5,226.0,212.5,216.0,-13.0,10693,231.3000000000001,228.10000000000008,206.12499999999986,47.50768006514176,68.42883404009307,46.88645360339824,56.00258486631784,255.9806666789264,206.12499999999986,156.2693333210733,15.017078119608328,13.976759268832906,1.0403188507754226
2026-02-03,1503,4964467,1089404127,223.5,225.5,213.0,216.5,0.5,10428,229.8000000000001,227.9500000000001,208.47499999999985,23.69022503516175,49.69511066696263,47.356074848490145,56.24071411951827,255.55734807228944,208.47499999999985,161.39265192771026,13.563874088873632,13.89418223284105,-0.33030814396741803
2026-02-04,1503,2796233,615501795,214.0,223.5,214.0,221.5,5.0,4064,224.9000000000001,228.5500000000001,210.97499999999985,13.924050632911397,28.37398524440483,52.278748545413656,58.65082550685356,255.1592449296151,210.97499999999985,166.7907550703846,12.669610257513142,13.649267837775469,-0.9796575802623266
2026-02-05,1503,3580117,765903028,218.0,223.0,209.5,211.5,-10.0,6474,218.9000000000001,226.00000000000009,212.94999999999987,12.539091586001495,16.717789084691407,42.91519564772864,52.43110872578771,253.35903364348383,212.94999999999987,172.54096635651592,11.02687238100549,13.124788746421473,-2.0979163654159834
2026-02-06,1503,3341969,679093959,207.5,208.5,200.5,201.0,-10.5,5585,213.3000000000001,223.50000000000009,214.29999999999987,9.487188755310415,11.983443658074298,35.19348025781708,46.817078209505596,251.05241488664674,214.29999999999987,177.547585113353,8.77655783524014,12.255142564185206,-3.4785847289450658
2026-02-09,1503,1989919,412238928,209.5,209.5,205.5,207.0,6.0,3144,211.50000000000009,221.4000000000001,215.87499999999986,6.099371787549978,9.375217376287159,42.13461223530425,50.10477208705404,248.2846821952983,215.87499999999986,183.4653178047014,7.39210560895404,11.282535173138973,-3.8904295641849327
2026-02-10,1503,2694760,559981410,210.0,213.5,203.0,206.5,-0.5,5697,209.50000000000009,219.6500000000001,217.19999999999987,8.414239482200655,8.000266675020212,41.70038485026042,49.82833330055734,245.5467811223815,217.19999999999987,188.85321887761825,6.183294256633559,10.26268698983789,-4.079392733204331
2026-02-11,1503,4011852,849531405,211.5,215.0,209.5,211.5,5.0,4480,207.50000000000009,216.2000000000001,217.87499999999986,16.718065867123556,10.410559045624593,47.95761576390844,52.642154556753,244.97642985158242,217.87499999999986,190.7735701484173,5.564615342346741,9.32307266033966,-3.758457317992919
2026-02-23,1503,6396334,1422677438,218.0,227.0,216.0,223.5,12.0,8147,209.9000000000001,214.4000000000001,219.19999999999987,41.44176373608612,22.191356361803305,59.98342777086971,58.637819174920025,244.62911716910776,219.19999999999987,193.770882830892,5.973745932665082,8.653207314804744,-2.679461382139662
2026-02-24,1503,3160624,703017732,223.0,224.5,220.0,224.0,0.5,4122,214.50000000000009,213.9000000000001,220.54999999999987,67.11801701812801,41.75928220711243,60.427937691227676,58.87146716783286,243.90358644834322,220.54999999999987,197.19641355165652,6.266099005619168,8.17578565296763,-1.9096866473484617
2026-02-25,1503,10327116,2368332361,227.0,235.0,223.0,227.5,3.5,10676,218.60000000000008,215.0500000000001,221.57499999999987,84.57752255947499,64.3791011045629,63.719205288610816,60.551329605409684,244.24937981511732,221.57499999999987,198.90062018488243,6.702944302029124,7.881217382779928,-1.1782730807508042
2026-02-26,1503,11206281,2620261515,231.0,242.5,221.5,236.0,8.5,15917,224.50000000000009,217.00000000000009,222.47499999999985,83.82130812401527,78.50561590053928,70.63835289520621,64.35865623362686,245.92595946864998,222.47499999999985,199.02404053134973,7.646877861301533,7.834349478484249,-0.187471617182716
2026-03-02,1503,5709688,1302128076,225.0,233.0,225.0,226.0,-10.0,9136,227.4000000000001,217.4500000000001,222.99999999999986,74.49965493443756,80.96616187264247,55.983974663320566,57.3463725729879,246.2723011324678,222.99999999999986,199.72769886753193,7.501562241229493,7.767792031033298,-0.26622978980380463
2026-03-03,1503,5007847,1093624510,226.0,228.0,213.5,214.5,-11.5,7474,225.60000000000008,217.75000000000009,221.87499999999986,58.1173397629094,72.14610094045395,43.79436725504013,50.52818796775094,244.4977208796878,221.87499999999986,199.25227912031193,6.384844165774439,7.491202457981526,-1.1063582922070871
2026-03-04,1503,4796168,971394805,208.0,211.5,198.5,198.5,-16.0,7049,220.50000000000009,217.50000000000009,220.49999999999986,29.94273658830622,54.186577095217594,32.35822376655375,42.88797938963138,245.20020242832558,220.49999999999986,195.79979757167413,4.160807563457524,6.8251234790767255,-2.664315915619201
2026-03-05,1503,2687677,553543022,207.5,209.0,202.0,207.0,8.5,3267,216.4000000000001,217.50000000000009,219.44999999999987,16.144035289604926,34.734703880273386,41.78086808740409,47.43523959875054,244.5675237633054,219.44999999999987,194.33247623669436,3.0489748116313535,6.069893745587651,-3.020918933956297
2026-03-06,1503,7232213,1576289058,206.0,224.0,203.0,218.5,11.5,8057,212.9000000000001,218.7000000000001,219.17499999999987,21.590909090909104,22.559226989606618,52.27466162083576,52.899274623707925,244.20752883749918,219.17499999999987,194.14247116250056,3.060513540979713,5.468017704666063,-2.40750416368635
2026-03-09,1503,4018243,813969051,204.5,207.5,198.5,203.5,-15.0,5559,208.4000000000001,217.9000000000001,217.04999999999987,25.37878787878789,21.03791075310051,41.02263906884352,46.15932924761415,239.7169362729116,217.04999999999987,194.38306372708814,1.838095012224386,4.742033166177728,-2.9039381539533418
2026-03-10,1503,2488818,517161988,211.0,211.5,203.0,206.0,2.5,3075,206.7000000000001,216.1500000000001,215.27499999999986,24.621212121212135,23.863636363636246,43.39190308057827,47.363063715414356,235.42562033785168,215.27499999999986,195.12437966214804,1.0588429453964352,4.005395122021469,-2.946552176625034
2026-03-11,1503,2055334,429842348,208.0,210.5,206.5,208.5,2.5,2701,208.7000000000001,214.60000000000008,214.24999999999986,17.045454545454557,22.34848484848473,45.926224007307745,48.60061398517382,233.57226694775312,214.24999999999986,194.9277330522466,0.6356814349711328,3.331452384611402,-2.695770949640269
2026-03-12,1503,2516066,517266086,205.0,210.0,202.5,203.5,-5.0,3355,208.00000000000009,212.2000000000001,213.62499999999986,18.088493631971904,19.918386766212734,41.58242562155076,46.25813838507668,233.48167394102632,213.62499999999986,193.7683260589734,-0.1019599926836463,2.644769909152392,-2.7467299018360385
2026-03-13,1503,1919741,387696511,199.0,204.5,199.0,203.0,-0.5,2528,204.9000000000001,208.9000000000001,212.94999999999987,17.491421212865585,17.541789796763883,41.12858901834075,46.01927051699944,233.28199449144654,212.94999999999987,192.6180055085532,-0.7186082907871594,1.9720942691644818,-2.6907025599516414
2026-03-16,1503,1961288,393647593,203.0,204.5,198.5,200.0,-3.0,3033,204.2000000000001,206.3000000000001,211.87499999999986,11.876447950833501,15.818787598556865,38.209426588531024,44.53336555217148,232.55560685763905,211.87499999999986,191.19439314236067,-1.4328642703179924,1.291102561267987,-2.7239668315859795
2026-03-17,1503,2741578,565705583,202.5,209.5,202.5,205.0,5.0,3004,204.00000000000009,205.35000000000008,211.54999999999987,15.542262102581157,14.970043755426616,45.70295236196327,47.571798763449195,232.44712898941384,211.54999999999987,190.6528710105859,-1.577277197069293,0.717426609600531,-2.294703806669824
2026-03-18,1503,2573761,537134450,208.5,210.5,206.0,208.5,3.5,4195,204.00000000000009,206.35000000000008,211.92499999999987,23.529411764705895,16.98270727270672,50.59591264484512,49.65097667779645,232.31439675420063,211.92499999999987,191.5356032457991,-1.3932442798850388,0.29529243170341696,-1.6885367115884558
2026-03-19,1503,2048612,417375093,207.5,207.5,202.0,203.0,-5.5,4341,203.9000000000001,205.9500000000001,211.72499999999985,33.10708898944194,24.059587618909532,43.42213257031228,46.5283256752603,232.38044722343767,211.72499999999985,191.06955277656203,-1.6719279569642254,-0.0981516460301115,-1.5737763109341139
2026-03-20,1503,1794597,363726053,203.0,205.5,200.0,203.0,0.0,2089,203.9000000000001,204.4000000000001,211.54999999999987,36.14881850175969,30.92843975196904,43.422132570312286,46.5283256752603,232.43755610405884,211.54999999999987,190.6624438959409,-1.871216559154874,-0.452764628655064,-1.41845193049981
2026-03-23,1503,4429604,867049274,200.0,202.5,191.0,191.0,-12.0,6691,202.10000000000008,203.1500000000001,210.52499999999986,23.07692307692309,30.777610189374773,30.556140936378988,40.140331251708815,233.25268135996748,210.52499999999986,187.79731864003224,-2.963294904926414,-0.9548706839093339,-2.00842422101708
2026-03-24,1503,2086357,399848240,195.5,196.5,187.0,191.5,0.5,2890,199.4000000000001,201.7000000000001,208.92499999999987,17.921440261865808,25.71572728018273,31.542172408523843,40.50684271517892,232.2708240377202,208.92499999999987,185.57917596227955,-3.7452560601043956,-1.5129477591483462,-2.232308300956049
2026-03-25,1503,1664959,330088240,196.0,200.0,196.0,197.5,6.0,2560,197.2000000000001,200.60000000000008,207.59999999999985,21.276595744680865,20.758319694489785,42.89402006166214,44.86912781844018,230.3741081054837,207.59999999999985,184.825891894516,-3.8365902294306693,-1.9776762532048109,-1.8589139762258584
2026-03-26,1503,1549854,302682826,200.0,200.0,193.0,193.5,-4.0,2574,195.3000000000001,199.60000000000008,205.89999999999986,30.496453900709238,23.231496635751835,37.99383878144317,42.62520981640082,227.52544797224328,205.89999999999986,184.27455202775644,-4.183514832413607,-2.41884396904657,-1.7646708633670372
2026-03-27,1503,1987506,372863752,190.0,190.0,185.5,189.0,-4.5,3469,192.50000000000009,198.2000000000001,203.54999999999987,28.78014184397165,26.851063829787112,33.039872253860345,40.1901153510441,221.4801422191847,203.54999999999987,185.61985778081504,-4.766620833811459,-2.8883993419995475,-1.8782214918119111
2026-03-30,1503,1397009,255992361,184.0,185.0,181.5,184.5,-4.5,2318,191.2000000000001,196.6500000000001,201.47499999999985,17.334800684764016,25.537132143148167,28.677454245659835,37.860822914750784,218.08967724634587,201.47499999999985,184.86032275365383,-5.528124158737825,-3.416344305347203,-2.1117798533906216
2026-03-31,1503,1715729,310499800,182.5,186.5,178.0,178.5,-6.0,2905,188.60000000000008,194.00000000000009,199.67499999999987,8.679914280148077,18.264952269627777,23.79106249651576,34.952105529418716,217.97055957056813,199.67499999999987,181.3794404294316,-6.540377485574879,-4.041150941392738,-2.4992265441821413
2026-04-01,1503,910122,166599423,185.0,185.0,182.0,182.5,4.0,1372,185.60000000000008,191.4000000000001,198.87499999999986,9.467793068026864,11.827502677646182,32.70892339372355,38.35243373470308,218.6458750438679,198.87499999999986,179.1041249561318,-6.939830918446376,-4.6208869368034655,-2.31894398164291
2026-04-02,1503,1061396,192851299,184.5,186.5,179.0,179.0,-3.5,1871,182.7000000000001,189.00000000000009,197.47499999999985,7.380061423644974,8.509256257273169,29.21857584472707,36.55194336449237,218.66102133483844,197.47499999999985,176.28897866516127,-7.4529088966967265,-5.187291328782118,-2.2656175679146084
2026-04-07,1503,886159,159078267,182.0,182.0,178.5,179.0,0.0,1550,180.7000000000001,186.60000000000008,195.49999999999986,8.33024118738406,8.392698559685163,29.218575844727074,36.55194336449237,215.82486162315092,195.49999999999986,175.1751383768488,-7.769959632970398,-5.703824989619774,-2.0661346433506242
2026-04-08,1503,1412434,262938583,183.0,188.5,182.5,186.5,7.5,1930,181.10000000000008,186.1500000000001,194.64999999999986,15.754483611626483,10.488262074218369,46.01929212229432,43.18103167177899,214.98740396413007,194.64999999999986,174.31259603586966,-7.331524060159495,-6.029364803727718,-1.3021592564317768
2026-04-09,1503,946608,173936492,189.0,189.0,182.5,183.0,-3.5,1749,182.00000000000009,185.3000000000001,193.49999999999986,21.969696969696983,15.351473922902372,40.752820554369976,41.02678971754243,213.7410474037348,193.49999999999986,173.25895259626492,-7.18367255371038,-6.260226353724251,-0.9234461999861292
2026-04-10,1503,889906,165375671,187.0,187.0,185.0,186.0,3.0,1477,182.7000000000001,184.1500000000001,192.37499999999986,42.67676767676769,26.80031608603025,46.836840047866026,43.62300831774159,211.63343970835226,192.37499999999986,173.11656029164746,-6.746653025253579,-6.357511688030117,-0.389141337223462
2026-04-13,1503,2027085,382269370,188.0,192.5,183.0,192.5,6.5,3213,185.4000000000001,184.0500000000001,191.82499999999987,63.13131313131314,42.59259259259247,57.792758235677354,48.874699127883105,210.39722388407458,191.82499999999987,173.25277611592517,-5.8088553545224215,-6.247780421328578,0.4389250668061564
2026-04-14,1503,1629061,315517914,196.5,197.0,192.0,193.5,1.0,2439,188.3000000000001,184.50000000000009,191.34999999999985,82.74853801169593,62.85220627325879,59.29827047494284,49.651756177689585,209.22763966524144,191.34999999999985,173.47236033475826,-4.928143728114549,-5.983853082685772,1.0557093545712233
2026-04-15,1503,2567657,504294560,196.5,200.0,193.5,194.0,0.5,3909,189.8000000000001,185.4500000000001,191.04999999999987,84.55732354141169,76.81239156147346,60.12789817150139,50.060467051319854,208.53399267902506,191.04999999999987,173.56600732097468,-4.1420802746255845,-5.615498521073734,1.4734182464481496
2026-04-16,1503,1699422,330226409,196.5,197.5,192.0,196.0,2.0,3211,192.4000000000001,187.2000000000001,190.59999999999985,78.35577315381478,81.88721156897401,63.59115035473922,51.747773243143016,207.05782488666756,190.59999999999985,174.14217511333214,-3.3194712409846545,-5.156293065055918,1.8368218240712633
2026-04-17,1503,2019128,396924808,199.5,200.0,194.0,197.5,1.5,2474,194.7000000000001,188.7000000000001,190.04999999999987,80.6201550387597,81.17775057799527,66.16283113236753,53.029572120997656,204.71594695204493,190.04999999999987,175.3840530479548,-2.5174901321094865,-4.6285324784666315,2.111042346357145
2026-04-20,1503,2351695,464520952,199.5,200.5,193.5,194.5,-3.0,3864,195.10000000000008,190.25000000000009,189.62499999999986,78.81136950904396,79.26243256720603,56.80133190220133,50.15964005095614,203.21865660888216,189.62499999999986,176.03134339111756,-2.099784247582079,-4.122782832289721,2.0229985847076417
2026-04-21,1503,1689947,333701137,196.5,199.5,195.5,198.0,3.5,2849,196.00000000000009,192.1500000000001,189.37499999999986,80.38329026701122,79.93827160493818,63.777316671778216,53.33283247976328,202.13382047840653,189.37499999999986,176.61617952159318,-1.4693903580226504,-3.5921043374363064,2.122713979413656
2026-04-22,1503,1080326,213528484,198.0,199.5,196.0,197.5,-0.5,2734,196.7000000000001,193.25000000000009,189.69999999999987,78.54497354497357,79.2465444403428,62.105779894810745,52.815507629275515,202.93026832683975,189.69999999999987,176.46973167316,-0.9986328621225766,-3.0734100423735606,2.074777180250984
2026-04-23,1503,3327337,644350968,199.5,201.5,187.0,192.0,-5.5,4704,195.9000000000001,194.1500000000001,189.72499999999985,72.53896753896755,77.15574378365066,46.47424804957486,47.37212428616168,202.97065966647978,189.72499999999985,176.47934033351993,-1.057171771464425,-2.6701623881917333,1.6129906167273083
2026-04-24,1503,1268215,241678378,193.0,194.5,186.5,191.0,-1.0,1916,194.60000000000008,194.6500000000001,189.39999999999986,53.83526383526385,68.30640163973487,44.11878053081957,46.43504713978349,202.1773236634363,189.39999999999986,176.62267633656342,-1.1707601275417403,-2.3702819360617347,1.1995218085199943
2026-04-27,1503,1298633,248960583,193.0,194.0,190.0,191.0,0.0,1764,193.9000000000001,194.50000000000009,189.27499999999986,36.21621621621623,54.19681586348242,44.11878053081957,46.435047139783485,201.93783933405948,189.27499999999986,176.61216066594025,-1.2464118580577122,-2.14550792046093,0.8990960624032178
2026-04-28,1503,1096781,207291841,192.0,192.0,188.0,188.5,-2.5,2061,192.00000000000009,194.00000000000009,189.24999999999986,24.44444444444446,38.165308165308055,37.62911466893402,43.916283355132336,201.9168859630223,189.24999999999986,176.5831140369774,-1.490909232586631,-2.01458818288607,0.523678950299439
2026-04-29,1503,1044475,197117744,189.0,190.5,187.0,190.5,2.0,1524,190.60000000000008,193.6500000000001,189.54999999999987,23.333333333333353,27.99799799799789,45.158277662820126,46.42018590425678,202.03559169603966,189.54999999999987,177.06440830396008,-1.5059324265043301,-1.9128570316097222,0.4069246051053921
2026-04-30,1503,1542099,294040666,190.5,194.5,187.0,189.5,-1.0,1932,190.10000000000008,193.00000000000009,190.09999999999985,20.000000000000018,22.592592592592485,42.18753051693785,45.3304399688429,201.5131503100682,190.09999999999985,178.6868496899315,-1.5803131918073348,-1.8463482636492448,0.26603507184191
2026-05-04,1503,7072939,1434031373,193.0,208.0,192.5,201.5,12.0,8142,192.2000000000001,193.4000000000001,191.04999999999987,38.81136950904394,27.381567614125647,69.9049044591022,58.05548862030756,202.92813116614718,191.04999999999987,179.17186883385256,-0.6633144957705497,-1.6097415100735057,0.9464270143029561
2026-05-05,1503,2047200,405429305,201.5,201.5,196.0,198.0,-3.5,4633,193.60000000000008,193.75000000000009,191.99999999999986,47.751937984496145,35.52110249784658,60.100092120123506,54.1001486948803,202.86738238952722,191.99999999999986,181.1326176104725,-0.21651136359619727,-1.331095480778044,1.1145841171818467
2026-05-06,1503,2113355,417537783,201.5,201.5,195.0,196.5,-1.5,2920,195.2000000000001,193.60000000000008,192.87499999999986,56.58914728682172,47.717484926787144,56.16150563812315,52.450843954926285,202.1101231719039,192.87499999999986,183.63987682809582,0.016357316752333873,-1.0616049212719685,1.0779622380243024
2026-05-07,1503,2336297,466872491,198.0,202.0,196.5,199.5,3.0,2824,197.00000000000009,193.8000000000001,193.52499999999986,53.48837209302328,52.609819121446925,61.97585926998883,55.38065947006713,202.70364369066738,193.52499999999986,184.34635630933235,0.43793411968346163,-0.7616971130808825,1.1996312327643441
2026-05-08,1503,6374753,1300804469,200.5,210.0,198.5,202.5,3.0,6659,199.60000000000008,194.85000000000008,194.49999999999986,58.122682844624215,56.06673407482295,67.0711519968177,58.15719320178816,203.12554346115215,194.49999999999986,185.87445653884757,1.0025548727527962,-0.40884671591414673,1.4114015886669429
2026-05-11,1503,4365252,901338404,209.5,211.0,203.0,206.5,4.0,4808,200.60000000000008,196.4000000000001,195.52499999999986,69.7021402089653,60.437731715537474,72.75109861653911,61.589261226338095,204.71997145184346,195.52499999999986,186.33002854815626,1.7525847519637807,0.023439577661438782,1.7291451743023418
2026-05-12,1503,3464931,707366692,208.0,208.0,201.0,204.5,-2.0,4020,201.9000000000001,197.75000000000009,196.12499999999986,73.85265700483093,67.22582668614002,66.10010320357412,58.98415677543469,205.99351052592243,196.12499999999986,186.25648947407728,2.1606983638588417,0.45089133490091937,1.7098070289579224
2026-05-13,1503,1796944,361358719,203.0,203.5,199.0,201.5,-3.0,2709,202.9000000000001,199.0500000000001,196.52499999999986,71.52777777777781,71.6941916638579,56.983478122619026,55.211676129378795,206.582211343122,196.52499999999986,186.46778865687773,2.2165059131913267,0.8040142505590009,1.4124916626323258
2026-05-14,1503,2565177,509719156,203.5,204.5,196.5,197.0,-4.5,3881,202.4000000000001,199.7000000000001,196.67499999999987,52.552552552552584,65.97766244505364,45.9039746672748,50.04158018356895,206.6663712772665,196.67499999999987,186.68362872273323,1.8759960910080338,1.0184106186488076,0.8575854723592262
2026-05-15,1503,3043753,588580390,198.0,200.5,189.5,190.0,-7.0,5016,199.9000000000001,199.75000000000009,196.37499999999986,29.022190795446637,51.03417370859221,33.93103556415375,43.25603713605287,206.7811280022992,196.37499999999986,185.96887199770052,1.029431460055207,1.0206147869300874,0.008816673125119578
2026-05-18,1503,2339081,432868928,187.5,188.0,182.5,186.0,-4.0,3394,195.8000000000001,198.2000000000001,195.79999999999987,12.976869158019737,31.51720416867285,28.904934541296036,39.92453499913846,207.1243101335221,195.79999999999987,184.47568986647764,0.03534884081807377,0.8235615977076847,-0.7882127568896109
2026-05-19,1503,2071187,384187002,186.0,188.0,183.5,183.5,-2.5,2556,191.60000000000008,196.75000000000009,195.24999999999986,6.038351693186481,16.012470548884153,26.087268521193828,37.95688163236526,207.77796871005995,195.24999999999986,182.72203128993976,-0.9433238533514157,0.4701845074958646,-1.4135083608472803
2026-05-20,1503,1629734,296475119,184.0,184.0,181.0,181.0,-2.5,2583,187.50000000000009,195.2000000000001,194.39999999999986,5.263157894736868,8.092792915314229,23.423391942168625,36.04383982636353,208.29820132248068,194.39999999999986,180.50179867751905,-1.8987702792294954,-0.003606449849207438,-1.895163829380288
2026-05-21,1503,1723161,322117327,184.0,189.0,184.0,188.5,7.5,2038,185.8000000000001,194.10000000000008,193.94999999999987,9.502923976608214,6.934811188177055,43.585785267984924,44.999657924024646,207.99955515310663,193.94999999999987,179.90044484689312,-2.027410410282357,-0.40836724193583746,-1.6190431683465196
2026-05-22,1503,2587279,503528020,190.5,198.0,189.5,197.0,8.5,3285,187.2000000000001,193.5500000000001,194.19999999999987,28.086419753086442,14.284167208143709,58.15395087352275,53.0276591767127,208.2797727254452,194.19999999999987,180.12022727455454,-1.4270297675427628,-0.6120997470572225,-0.8149300204855403
2026-05-25,1503,4659806,939997912,202.0,205.0,198.0,201.5,4.5,5203,190.3000000000001,193.0500000000001,194.72499999999985,56.55864197530866,31.382661901667642,63.91021821895961,56.63632290356243,209.06890114300242,194.72499999999985,180.38109885699728,-0.5814092666209376,-0.6059616509699655,0.024552384349027845
2026-05-26,1503,6955470,1434637895,205.0,209.5,203.0,203.0,1.5,7283,194.2000000000001,192.9000000000001,195.32499999999987,73.95630279402211,52.86712150747227,65.74280211923858,57.8001241364396,209.99563393313932,195.32499999999987,180.65436606686043,0.20739778414824173,-0.443289763946324,0.6506875480945657
2026-05-27,1503,20890394,4593006709,209.0,223.0,209.0,221.0,18.0,22165,202.2000000000001,194.85000000000008,196.94999999999987,85.94924812030077,72.15473096321038,79.97707269705478,68.66729564719054,215.03839406913096,196.94999999999987,178.8616059308688,2.258942934646626,0.097156775772266,2.16178615887436
2026-05-28,1503,24546630,5529053719,221.5,239.0,214.0,216.0,-5.0,24489,207.7000000000001,196.75000000000009,198.22499999999985,77.59196842681418,79.16583978037887,70.48570655723326,63.75586860153321,217.8450790008656,198.22499999999985,178.6049209991341,3.44167554048272,0.7660605287143568,2.6756150117683632
2026-05-29,1503,6209284,1357149194,221.0,222.0,216.0,219.0,3.0,7297,212.10000000000008,199.6500000000001,199.69999999999987,73.70005473453752,79.08042376055067,72.74949490137635,65.35693730112543,220.85041370754234,199.69999999999987,178.5495862924574,4.568412761118026,1.5265309751950906,3.0418817859229352
2026-06-01,1503,5753159,1270184184,220.5,225.0,218.0,220.5,1.5,6720,215.9000000000001,203.10000000000008,200.64999999999986,64.65517241379312,71.98239852504814,73.91653430038546,66.1618224670644,223.66325704893188,200.64999999999986,177.63674295106784,5.518780523597343,2.324980884875541,3.193799638721802
2026-06-02,1503,6460112,1412856862,220.5,222.5,214.0,222.0,1.5,7324,219.7000000000001,206.9500000000001,201.84999999999985,67.5705329153605,68.64192002123025,75.15775386238893,66.98781588302552,226.6211525771453,201.84999999999985,177.0788474228544,6.320136684815083,3.1240120448634494,3.196124639951633
2026-06-03,1503,14885711,3537083451,231.0,244.0,225.5,244.0,22.0,13530,224.3000000000001,213.25000000000009,204.22499999999985,79.06478578892371,70.43016370602565,86.30720705463928,76.17402622490232,234.8949771763889,204.22499999999985,173.5550228236108,8.630941236369551,4.2253978831646695,4.405543353204882
2026-06-04,1503,5616758,1505291144,268.0,268.0,268.0,268.0,24.0,5474,234.7000000000001,221.2000000000001,207.64999999999986,89.69696969696969,78.7774294670845,91.28520880222682,82.04408970882227,248.9139067466983,207.64999999999986,166.38609325330142,12.257572252700044,5.831832757071744,6.425739495628299
2026-06-05,1503,27220179,6779801314,268.0,269.5,241.5,241.5,-26.5,26342,239.2000000000001,225.6500000000001,209.59999999999985,85.96491228070175,84.90888925553158,62.16975418301891,63.45436505859975,253.31910337598697,209.59999999999985,165.88089662401273,12.84530228255781,7.234526662168958,5.610775620388853
2026-06-08,1503,10931551,2461651642,217.5,230.5,217.5,230.0,-11.5,14422,241.10000000000008,228.50000000000009,210.77499999999986,64.20182688125271,79.95456961964125,53.526269017535675,57.37845728095221,255.3524326313238,210.77499999999986,166.19756736867592,12.242010399596722,8.23602340965451,4.005986989942212
2026-06-09,1503,6872007,1573753787,232.0,233.0,225.5,229.5,-0.5,9183,242.60000000000008,231.1500000000001,212.02499999999986,40.17780285722869,63.448180673060925,53.151430979720196,57.12235548412572,257.2261891436521,212.02499999999986,166.82381085634762,11.589949689019278,8.906808665527464,2.683141023491814
2026-06-10,1503,5857383,1301335435,225.5,228.5,216.0,217.0,-12.5,8679,237.2000000000001,230.75000000000009,212.79999999999987,22.681359044995403,42.353662927825475,44.136517814832416,50.994458765355155,257.78377485271994,212.79999999999987,167.8162251472798,9.94984571703958,9.115416075829888,0.8344296412096917
2026-06-11,1503,4051467,871595404,216.0,219.5,211.0,215.0,-2.0,5455,226.60000000000008,230.6500000000001,213.69999999999987,13.390313390313386,25.416491764179028,42.78203107564801,50.06895430399236,258.09977477420597,213.69999999999987,169.30022522579378,8.391931257886938,8.970719112241298,-0.5787878543543599
2026-06-12,1503,3354505,738354269,223.0,223.5,217.5,220.0,5.0,4034,222.3000000000001,230.75000000000009,215.19999999999987,9.209209209209206,15.0936272148392,47.482761749605345,52.39507429465134,258.3038281362598,215.19999999999987,172.09617186373993,7.474568861025034,8.671489061998045,-1.196920200973011
2026-06-15,1503,2835548,637378610,226.5,227.0,223.0,225.5,5.5,3763,221.4000000000001,231.25000000000009,217.17499999999987,15.669515669515667,12.756346089679289,52.49166055046769,54.88485544095669,258.3214153967295,217.17499999999987,176.02858460327025,7.109403805238372,8.359072010646111,-1.2496682054077386
2026-06-16,1503,3161148,709463953,225.0,227.5,222.0,224.5,-1.0,4167,220.4000000000001,231.50000000000009,219.22499999999985,21.082621082621078,15.320448653781852,51.45074347535241,54.32849156616143,257.43687642605687,219.22499999999985,181.0131235739428,6.662514900502487,8.019760588617386,-1.357245688114899
2026-06-17,1503,11949499,2796206569,236.0,240.0,229.0,236.5,12.0,12717,224.3000000000001,230.75000000000009,221.99999999999986,30.48433048433048,22.412155745488946,62.00029660118,59.61848288149665,256.59479729670693,221.99999999999986,187.4052027032928,7.193727127270648,7.854553896348039,-0.6608267690773904
2026-06-18,1503,8234078,1968868632,238.5,244.0,233.5,241.5,5.0,10321,229.60000000000008,228.10000000000008,224.64999999999986,53.030303030303024,34.86575153241807,65.63072139424285,61.61356521552146,256.5922917149071,224.64999999999986,192.70770828509265,7.926799645367964,7.869003046152024,0.0577965992159406
2026-06-22,1503,7323027,1776917427,246.0,246.0,239.0,245.0,3.5,8562,234.60000000000008,228.4500000000001,227.04999999999987,77.71894771894772,53.744527077860276,68.11822946752115,62.991909142001525,257.49979474479636,227.04999999999987,196.60020525520338,8.690012590938608,8.03320495510934,0.6568076358292672
2026-06-23,1503,7091409,1734895874,248.0,251.0,240.5,242.0,-3.0,8232,237.9000000000001,229.6500000000001,229.07499999999987,89.02236652236651,73.25720575720561,63.52084969012822,60.97102593336832,257.79655114195987,229.07499999999987,200.35344885803988,8.949623729594379,8.216488710006349,0.7331350195880297
2026-06-24,1503,10492173,2585725656,246.0,250.0,243.0,248.0,6.0,11439,242.60000000000008,231.50000000000009,231.32499999999987,89.04761904761904,85.26297776297761,68.48397510903165,63.49357938064241,258.5339599213244,231.32499999999987,204.1160400786753,9.529665234471736,8.479124014899426,1.0505412195723096
2026-06-25,1503,4568864,1114963780,244.0,246.0,242.5,243.5,-4.5,6052,244.00000000000009,234.1500000000001,232.44999999999987,82.5373134328358,86.86909966760697,61.19847769581267,60.34344356700526,259.71884669362134,232.44999999999987,205.18115330637843,9.516539174367438,8.686607046793029,0.8299321275744092
2026-06-26,1503,4751867,1123108305,240.5,240.5,232.5,233.5,-10.0,7411,242.4000000000001,236.00000000000009,233.32499999999987,69.92237090410018,80.5024344615182,47.96846300214618,53.93909062929274,259.52857799996457,233.32499999999987,207.12142200003515,8.600083837540808,8.669302404942584,-0.06921856740177645
2026-06-29,1503,4823942,1161791252,235.0,247.0,234.5,237.5,4.0,5419,240.9000000000001,237.75000000000009,234.24999999999986,56.905129524789835,69.7882712872418,52.7366271620307,55.95285035952961,259.6596438385163,234.24999999999986,208.8403561614834,8.103144940169017,8.55607091198787,-0.4529259718188534
2026-06-30,1503,1988364,476006240,240.5,241.0,238.0,239.5,2.0,2885,240.4000000000001,239.1500000000001,235.19999999999987,46.9435736677116,57.92369136553373,55.13495970325587,56.96592695995777,259.89291396332595,235.19999999999987,210.5070860366738,7.781005975673537,8.401057924725004,-0.6200519490514669
2026-07-01,1503,2449102,589404870,241.5,244.0,238.5,238.5,-1.0,3250,238.50000000000009,240.5500000000001,236.02499999999986,44.5359936739247,49.461565622141904,53.54984852024647,56.2690616669584,259.9905481890198,236.02499999999986,212.05945181097994,7.360173385534097,8.192881016886822,-0.8327076313527257
