date,stock_id,Trading_Volume,Trading_money,open,max,min,close,spread,Trading_turnover,SMA5,SMA10,SMA20,K,D,RSI_7,RSI_14,BB_Upper,BB_Middle,BB_Lower,MACD,MACD_Signal,MACD_Hist
2020-01-02,1514,1339859,24093024,18.05,18.05,17.9,18.0,0.1,499,,,,,,,,,,,,,
2020-01-03,1514,1463458,26216090,18.0,18.1,17.7,18.0,0.0,519,,,,,,,,,,,,,
2020-01-06,1514,1976535,35542030,18.0,18.1,17.85,18.1,0.1,639,,,,,,,,,,,,,
2020-01-07,1514,2738339,49676126,18.2,18.4,17.9,18.2,0.1,1075,,,,,,,,,,,,,
2020-01-08,1514,2685482,47788995,18.0,18.05,17.65,17.85,-0.35,788,18.03,,,,,,,,,,,,
2020-01-09,1514,751021,13402469,17.85,18.0,17.8,17.85,0.0,235,18.0,,,,,,,,,,,,
2020-01-10,1514,2078591,37452238,18.0,18.1,17.9,18.0,0.15,678,18.0,,,,,,,,,,,,
2020-01-13,1514,8893168,166735408,18.5,19.0,18.45,19.0,1.0,3207,18.18,,,,,79.41176470588243,,,,,,,
2020-01-14,1514,6232620,121488376,19.05,19.8,19.05,19.45,0.45,2666,18.43,,,,,84.26966292134837,,,,,,,
2020-01-15,1514,4084427,80275190,19.5,19.9,19.3,19.9,0.45,1676,18.840000000000003,18.435,,,,87.6651982378855,,,,,,,
2020-01-16,1514,4399643,87681135,19.8,20.25,19.55,19.65,-0.25,1966,19.200000000000006,18.6,,,,76.90546053102415,,,,,,,
2020-01-17,1514,3305808,65907660,19.7,20.15,19.6,20.1,0.45,1372,19.620000000000005,18.81,,,,81.63816893794993,,,,,,,
2020-01-20,1514,6203204,130712816,20.4,21.45,20.4,21.15,1.05,2934,20.050000000000004,19.115000000000002,,87.75303643724698,88.33966251346912,88.21341498677498,,,,,,,
2020-01-30,1514,6698888,137226859,19.85,21.1,19.7,20.9,-0.25,2801,20.340000000000003,19.385,,90.42251307932635,89.52005496706289,80.23264773603401,,,,,,,
2020-01-31,1514,4412885,93370438,21.6,21.6,20.7,20.9,0.0,1890,20.540000000000003,19.690000000000005,,86.03928369609694,88.07161107089007,80.232647736034,81.52173913043481,,,,,,
2020-02-03,1514,3792395,76656320,20.25,20.65,19.75,20.1,-0.8,1600,20.630000000000003,19.915000000000003,,72.7978467704495,83.08654784862425,57.55355329832571,68.66197183098596,,,,,,
2020-02-04,1514,7624986,164598211,20.4,22.1,20.4,22.1,2.0,2810,21.03,20.325000000000003,,77.82067782067782,78.8859360957414,76.73459041985566,78.00380228136886,,,,,,
2020-02-05,1514,14682850,318685400,22.1,23.1,20.7,21.0,-1.1,6549,21.0,20.525000000000002,,65.70593149540518,72.10815202884415,59.48595745507188,66.29784124016825,,,,,,
2020-02-06,1514,6084835,128844868,21.0,21.6,20.7,21.1,0.1,2519,21.04,20.690000000000005,,62.799604645416345,68.77540465383309,60.42934649977318,66.78582655084998,,,,,,
2020-02-07,1514,4395159,90331718,21.1,21.1,20.1,20.3,-0.8,1989,20.919999999999995,20.730000000000004,19.582500000000003,36.13293797874967,54.87949137319038,49.640843679869874,59.378629943676856,22.255190591894184,19.582500000000003,16.909809408105822,,,
2020-02-10,1514,2467112,50288269,20.2,20.7,19.95,20.35,0.05,1206,20.96999999999999,20.800000000000004,19.700000000000003,27.593206296603153,42.175249640256375,50.28798842018066,59.67962463378414,22.289401475244755,19.700000000000003,17.11059852475525,,,
2020-02-11,1514,1614114,33134626,20.65,20.65,20.4,20.5,0.15,813,20.649999999999995,20.840000000000003,19.825000000000003,20.882352941176467,28.202832405509753,52.42765255269113,60.62229659331799,22.313473427625794,19.825000000000003,17.33652657237421,,,
2020-02-12,1514,1917363,39317216,20.55,20.75,20.35,20.75,0.25,879,20.599999999999994,20.800000000000004,19.957500000000003,24.165935030728708,24.213831422836098,56.101565343682026,62.20816600864928,22.344605988430292,19.957500000000003,17.570394011569714,,,
2020-02-13,1514,3308457,67816491,20.75,20.9,20.2,20.2,-0.55,1376,20.419999999999995,20.73,20.0575,22.270997951419346,22.439761974441495,46.82082194824694,56.78949924840919,22.30522662928569,20.0575,17.80977337071431,,,
2020-02-14,1514,1417080,28948768,20.3,20.55,20.2,20.5,0.3,689,20.459999999999997,20.69,20.19,20.247966516623208,22.228299832923742,51.88589330053416,58.892822175405854,22.20161626559339,20.19,18.178383734406612,,,
2020-02-17,1514,1299238,26450579,20.45,20.5,20.25,20.35,-0.15,613,20.459999999999997,20.715,20.315,14.53052199320856,19.016495487083695,49.15485875501438,57.38865066760245,22.016205454964144,20.315,18.61379454503586,,,
2020-02-18,1514,2750461,55259720,20.25,20.4,19.9,20.0,-0.35,1229,20.359999999999996,20.505000000000003,20.415,12.013694366635576,15.597394292155771,42.99439616964983,53.92760302638047,21.757423182159823,20.415,19.072576817840176,,,
2020-02-19,1514,1630501,32841917,20.1,20.35,19.9,20.25,0.25,679,20.259999999999998,20.43,20.4775,15.91581076875199,14.1533423761987,48.385046548795394,55.9702100684631,21.657107985730907,20.4775,19.29789201426909,,,
2020-02-20,1514,965129,19629461,20.4,20.45,20.25,20.4,0.15,401,20.299999999999994,20.360000000000003,20.525,28.3496732026144,18.759726112667312,51.58955021784828,57.19640686809324,21.607820391385548,20.525,19.44217960861445,,,
2020-02-21,1514,1000671,20386259,20.45,20.45,20.3,20.45,0.05,437,20.289999999999996,20.375,20.552500000000002,44.72222222222225,29.662568731196206,52.73082132941931,57.62008599131805,21.597715288827843,20.552500000000002,19.50728471117216,,,
2020-02-24,1514,1515467,30539984,20.35,20.4,20.05,20.1,-0.35,606,20.23999999999999,20.35,20.575000000000003,41.66666666666677,38.246187363834466,44.217669391767124,53.619168153273954,21.55912397592961,20.575000000000003,19.590876024070397,,,
2020-02-25,1514,1562325,31215358,19.95,20.2,19.75,20.2,0.1,616,20.279999999999994,20.32,20.580000000000002,38.04347826086967,41.47745571658623,47.06630441384869,54.58936518802909,21.555397354927685,20.580000000000002,19.60460264507232,,,
2020-02-26,1514,1017651,20520214,20.1,20.35,20.0,20.2,0.0,439,20.269999999999992,20.264999999999997,20.532500000000002,38.46014492753626,39.39009661835756,47.06630441384869,54.589365188029106,21.48448476878551,20.532500000000002,19.580515231214495,,,
2020-02-27,1514,3101046,61986200,20.25,20.35,19.7,19.7,-0.5,1166,20.129999999999992,20.214999999999996,20.472500000000004,31.793478260869502,36.09903381642514,34.92759696732965,48.68399666879341,21.47423599316352,20.472500000000004,19.470764006836486,0.3180333915530831,0.5845334461001279,-0.26650005454704484
2020-03-02,1514,2945203,56378926,18.6,19.6,18.6,19.4,-0.3,980,19.919999999999995,20.104999999999997,20.3975,33.164414414414324,34.47267920094003,29.58625502329995,45.503330570542396,21.48123197793552,20.3975,19.313768022064483,0.22539251706349717,0.5127052602928017,-0.28731274322930456
2020-03-03,1514,1424324,28038381,19.8,19.9,19.5,19.5,0.1,570,19.799999999999994,20.02,20.3675,30.63063063063058,31.862841101971465,33.53878769457692,46.75214357833886,21.513918335512905,20.3675,19.221081664487095,0.15821926762506422,0.44180806175925424,-0.28358879413419
2020-03-04,1514,1095724,21181668,19.5,19.65,19.2,19.3,-0.2,439,19.619999999999994,19.95,20.2275,43.2432432432432,35.67942942942936,29.654705386699643,44.5531664755069,21.15673355514119,20.2275,19.298266444858807,0.08783316886133363,0.37101308317967013,-0.2831799143183365
2020-03-05,1514,1612428,31917810,19.65,20.1,19.5,20.1,0.8,702,19.599999999999994,19.935,20.1825,55.85585585585588,43.24324324324321,54.33429788303745,53.89463792697534,21.042311025749342,20.1825,19.32268897425066,0.09550408101098995,0.3159112827459341,-0.22040720173494416
2020-03-06,1514,1389852,27702390,20.1,20.1,19.75,19.9,-0.2,608,19.639999999999993,19.884999999999998,20.1225,63.71371371371373,54.27093760427093,49.29054974393777,51.556105804366894,20.87912077687597,20.1225,19.36587922312403,0.08447127336743421,0.2696232808702341,-0.18515200750279992
2020-03-09,1514,1947811,37912210,19.9,19.9,19.05,19.05,-0.85,868,19.56999999999999,19.745,20.06,59.67252967252967,59.74736641403308,33.75434987223,43.013732856402314,20.94351570444475,20.06,19.176484295555248,0.007058432354764221,0.21711031116714014,-0.21005187881237591
2020-03-10,1514,2286934,42765974,18.7,19.1,18.4,19.1,0.05,939,19.48999999999999,19.645000000000003,19.9975,44.61131461131461,55.99918599918599,35.15697708050692,43.60566195127592,20.96314745119558,19.9975,19.031852548804416,-0.049684487895675034,0.1637513513545771,-0.21343583925025214
2020-03-11,1514,2223523,41908390,19.2,19.25,18.45,18.6,-0.5,939,19.349999999999994,19.485000000000003,19.9025,23.956043956044013,42.74662941329609,28.192798879858174,39.218577467624264,21.014468974387498,19.9025,18.790531025612502,-0.13346102669136783,0.10430887574538812,-0.23776990243675594
2020-03-12,1514,2892233,51178774,18.3,18.3,17.3,17.6,-1.0,1137,18.849999999999994,19.225,19.745,18.956043956044034,29.17446750780088,19.281009646525092,32.233711091205045,21.178143398268336,19.745,18.311856601731666,-0.27734907245219276,0.02797728610587194,-0.30532635855806467
2020-03-13,1514,3365701,54239617,16.1,16.8,15.9,16.8,-0.8,1233,18.229999999999993,18.935000000000006,19.575000000000003,14.13308913308918,19.01505901505907,14.888486633291462,27.94569975819689,21.480649495578803,19.575000000000003,17.669350504421203,-0.4507388624647817,-0.06776594360825879,-0.3829729188565229
2020-03-16,1514,2137591,34713120,16.7,16.75,15.8,15.85,-0.95,975,17.589999999999993,18.580000000000005,19.342500000000005,11.101882613510517,14.730338567547903,11.316706395250247,23.882695650717835,21.795921080858253,19.342500000000005,16.889078919141756,-0.6572324146117978,-0.1856592378089666,-0.47157317680283123
2020-03-17,1514,2337436,35561762,15.1,15.65,14.9,15.1,-0.75,888,16.789999999999992,18.140000000000004,19.080000000000005,8.812505324133214,11.349159023577629,9.268676287077007,21.255319510130953,22.10330944496248,19.080000000000005,16.05669055503753,-0.8713543439051925,-0.3227982590282118,-0.5485560848769807
2020-03-18,1514,1469525,22119630,15.2,15.35,14.8,14.85,-0.25,573,16.039999999999992,17.695,18.822500000000005,1.984113590081096,7.299500509241603,8.659248796019392,20.447807332245446,22.327421539777962,18.822500000000005,15.31757846022205,-1.0491267461275946,-0.4680639564480884,-0.5810627896795062
2020-03-19,1514,2705700,36964900,14.5,14.5,13.4,13.5,-1.35,1050,15.219999999999994,17.035000000000004,18.485000000000007,2.109337203676809,4.301985372630367,6.122928635486166,16.747694859467494,22.61865455741035,18.485000000000007,14.351345442589665,-1.2841435655767413,-0.6312798782738189,-0.6528636873029223
2020-03-20,1514,1909416,27594468,13.8,14.85,13.8,14.6,1.1,778,14.779999999999992,16.505000000000003,18.195000000000007,7.664892759232366,3.9194478509967503,26.56896805266524,28.155572846259215,22.55801501258009,18.195000000000007,13.831984987419926,-1.3658901498679334,-0.7782019325926418,-0.5876882172752916
2020-03-23,1514,1275155,17858973,13.95,14.25,13.65,14.1,-0.5,415,14.429999999999993,16.009999999999998,17.87750000000001,11.339031339031328,7.037753767313494,23.818036831082953,26.385710858705107,22.4567439332273,17.87750000000001,13.298256066772716,-1.4542569592143906,-0.9134129379169915,-0.5408440212973991
2020-03-24,1514,1432079,21084747,14.3,14.9,14.3,14.9,0.8,495,14.389999999999992,15.59,17.617500000000007,21.03029245886388,13.34473885237585,36.157153254614876,33.57986074316192,22.252613267224348,17.617500000000007,12.982386732775666,-1.443099821702761,-1.0193503146741454,-0.4237495070286157
2020-03-25,1514,2145501,32907334,15.25,15.5,15.15,15.4,0.5,724,14.499999999999991,15.270000000000001,17.377500000000005,33.800528758511945,22.05661751880238,42.90071556384931,37.679210786582786,21.949531824036185,17.377500000000005,12.805468175963824,-1.378026852749743,-1.0910856222892649,-0.28694123046047815
2020-03-26,1514,1591698,24467853,15.35,15.75,15.1,15.75,0.35,515,14.949999999999992,15.085000000000003,17.15500000000001,53.19500934702239,36.008610188132735,47.43509485809253,40.44985505388697,21.5869183205469,17.15500000000001,12.723081679453118,-1.2834195197780076,-1.1295524017870133,-0.15386711799099428
2020-03-27,1514,2734111,43960484,16.3,16.5,15.75,15.8,0.05,948,15.189999999999992,14.985000000000003,16.960000000000008,68.79737932727257,51.930972477602296,48.12172280292683,40.854390868180914,21.2683175370438,16.960000000000008,12.651682462956217,-1.1906824979935635,-1.1417784210283233,-0.04890407696524024
2020-03-30,1514,1366365,21595608,15.5,16.2,15.3,16.2,0.4,572,15.60999999999999,15.020000000000001,16.800000000000008,79.29706307173808,67.09648391534434,53.75923363599566,44.12455690772016,20.96941242862821,16.800000000000008,12.630587571371805,-1.072547423968789,-1.1279322216164165,0.05538479764762738
2020-03-31,1514,2253032,37410472,16.4,16.8,16.35,16.55,0.35,788,15.939999999999992,15.165000000000003,16.65250000000001,86.79633143580013,78.29692461160359,58.37659908499714,46.89152325287536,20.6338910885517,16.65250000000001,12.671108911448322,-0.9398484637047204,-1.0903154700340774,0.15046700632935694
2020-04-01,1514,941250,15442180,16.35,16.6,16.3,16.4,-0.15,417,16.139999999999993,15.320000000000004,16.507500000000007,90.09040892342597,85.39460114365473,55.600603716296874,45.843741455554735,20.29936959163938,16.507500000000007,12.715630408360635,-0.8371373300083178,-1.0396798420289255,0.2025425120206077
2020-04-06,1514,1008231,16663763,16.5,16.7,16.35,16.7,0.3,356,16.32999999999999,15.640000000000004,16.337500000000006,92.25801431683782,89.71491822535465,60.0350188231101,48.33045535441842,19.756399676796562,16.337500000000006,12.91860032320345,-0.7231939935794145,-0.9763826723390233,0.2531886787596088
2020-04-07,1514,1343618,22906033,16.9,17.3,16.85,17.3,0.6,565,16.629999999999992,15.910000000000005,16.207500000000007,94.70899470899467,92.35247264975283,67.58833136998281,52.98062405432971,19.251884174180304,16.207500000000007,13.163115825819709,-0.5778173739433292,-0.8966696126598845,0.3188522387165553
2020-04-08,1514,1533742,26524331,17.3,17.45,17.1,17.45,0.15,639,16.879999999999992,16.245000000000005,16.127500000000005,98.94179894179892,95.30293598921048,69.28166418641545,54.09296521574053,18.9444975150858,16.127500000000005,13.31050248491421,-0.44536768763080303,-0.8064092276540682,0.36104154002326516
2020-04-09,1514,1915580,33572733,17.6,17.8,17.3,17.65,0.2,820,17.099999999999994,16.520000000000003,16.055000000000003,98.14814814814811,97.26631393298057,71.5904852550768,55.601155823517914,18.626167050193295,16.055000000000003,13.483832949806711,-0.32056673467790375,-0.7092407290588353,0.38867399438093153
2020-04-10,1514,1470708,26485282,17.7,18.2,17.65,18.2,0.55,686,17.459999999999994,16.800000000000004,16.035000000000004,98.14814814814811,98.41269841269838,77.11017378764453,59.53794620070762,18.531817974943245,16.035000000000004,13.538182025056763,-0.1752603842483893,-0.6024446600967461,0.42718427584835683
2020-04-13,1514,1163510,21183580,18.4,18.4,17.9,18.25,0.05,493,17.769999999999992,17.050000000000004,16.067500000000003,96.53524492234168,97.61051373954596,77.57233023214089,59.88616865212892,18.66004218866341,16.067500000000003,13.474957811336594,-0.055430504176854356,-0.49304182891276777,0.4376113247359134
2020-04-14,1514,1131682,20693257,18.2,18.4,18.15,18.35,0.1,420,17.979999999999997,17.305,16.145000000000003,97.59344598054281,97.42561301701086,78.58138488673767,60.61619939330421,18.907589365070322,16.145000000000003,13.382410634929684,0.04706219963049563,-0.3850210232041151,0.4320832228346107
2020-04-15,1514,1235883,22908407,18.45,18.65,18.35,18.6,0.25,542,18.209999999999997,17.545,16.282500000000002,96.8842261223868,97.00430567509044,81.06600296249663,62.45576368587383,19.23957203158797,16.282500000000002,13.325427968412034,0.1467694496262233,-0.27866292863804737,0.42543237826427066
2020-04-16,1514,1079862,20137364,18.5,18.85,18.4,18.8,0.2,507,18.439999999999994,17.770000000000003,16.4675,97.83046268152657,97.43604492815206,82.91570621924144,63.90814682750039,19.565124089524083,16.4675,13.369875910475919,0.23916949506872953,-0.175096443896692,0.4142659389654215
2020-04-17,1514,5567196,107517044,19.05,19.7,18.85,18.9,0.1,2199,18.579999999999995,18.020000000000003,16.669999999999998,89.26738832897847,94.66069237763061,83.83680009478086,64.64460536531563,19.846696397202678,16.669999999999998,13.49330360279732,0.31681432275082244,-0.07671429056718909,0.39352861331801153
2020-04-20,1514,925035,17348680,18.9,18.95,18.45,18.9,0.0,442,18.709999999999997,18.240000000000002,16.939999999999998,79.72019793072418,88.93934964707641,83.83680009478086,64.64460536531563,19.90388258876771,16.939999999999998,13.976117411232284,0.3740367453194047,0.013435916610129661,0.360600828709275
2020-04-21,1514,2224245,40999630,18.95,18.95,18.2,18.25,-0.65,825,18.689999999999998,18.335,17.122499999999995,60.247975708501976,76.41185398940154,56.7617370275574,56.02643918498957,19.933100469650714,17.122499999999995,14.311899530349276,0.3627547488096674,0.08329968305003721,0.2794550657596302
2020-04-22,1514,1482761,26903053,18.0,18.6,17.75,18.6,0.35,574,18.689999999999998,18.450000000000003,17.347499999999997,51.71852199291225,63.89556521071281,64.05434212976178,59.18198053220358,19.85876959922676,17.347499999999997,14.836230400773234,0.3777018484238681,0.14218011612480339,0.23552173229906473
2020-04-23,1514,1314059,24383223,18.65,18.85,18.35,18.35,-0.25,566,18.6,18.520000000000003,17.52,38.89800917239947,50.2881689579379,56.16088658284961,56.086032868718696,19.798244938543693,17.52,15.241755061456306,0.36516522449283784,0.18677713779841026,0.17838808669442757
2020-04-24,1514,528042,9684722,18.35,18.4,18.25,18.4,0.05,218,18.5,18.540000000000003,17.669999999999998,36.81467583906612,42.477069001459284,57.38619575430155,56.57531067292923,19.7571990801072,17.669999999999998,15.582800919892797,0.35517026016518827,0.22045576227176586,0.1347144978934224
2020-04-27,1514,1401011,26072401,18.55,18.75,18.45,18.55,0.15,419,18.43,18.570000000000004,17.81,35.04273504273505,36.918473351400216,61.183443807432816,58.08413008912109,19.732394340399555,17.81,15.887605659600444,0.35525773529121807,0.2474161568756563,0.10784157841556177
2020-04-28,1514,1082710,20327012,18.7,18.9,18.6,18.9,0.35,405,18.559999999999995,18.625000000000007,17.964999999999996,44.44444444444441,38.767285108748524,68.76114314362626,61.44992208207592,19.705430981108023,17.964999999999996,16.22456901889197,0.37919797665444577,0.2737725208314142,0.10542545582303159
2020-04-29,1514,1239730,23664886,19.0,19.25,18.9,19.2,0.3,549,18.68,18.685000000000006,18.115,58.119658119658105,45.86894586894585,73.86347019179371,64.11014702999292,19.73398116110111,18.115,16.496018838898888,0.41756485548142663,0.3025309877614167,0.11503386772000995
2020-04-30,1514,2546615,49420479,19.35,19.55,19.3,19.5,0.3,868,18.909999999999997,18.755000000000003,18.262499999999996,76.8518518518518,59.805318138651444,78.04676503108917,66.59280981741799,19.8206639836682,18.262499999999996,16.70433601633179,0.46679742600989726,0.3353842754111128,0.13141315059878445
2020-05-04,1514,1187008,22707000,19.15,19.25,19.0,19.1,-0.4,486,19.049999999999994,18.775000000000002,18.3975,82.19373219373219,72.3884140550807,62.488643112857034,60.575952318906715,19.739690373978377,18.3975,17.055309626021625,0.4681414920819513,0.3619357187452805,0.1062057733366708
2020-05-05,1514,4577858,91051097,19.2,20.35,19.2,20.05,0.95,2060,19.349999999999994,18.890000000000004,18.565,86.8945868945869,81.98005698005697,75.83572721642297,67.97643935345454,19.853060557582634,18.565,17.27693944241737,0.5396430653055582,0.39747718805733606,0.1421658772482221
2020-05-06,1514,2505231,49775397,20.0,20.15,19.7,19.7,-0.35,962,19.509999999999994,19.035000000000004,18.685,77.5030525030525,82.19712386379054,65.7760782170532,63.26461510042501,19.92560469126971,18.685,17.444395308730286,0.5615928099644485,0.43030031243875855,0.13129249752568994
2020-05-07,1514,1135522,22409568,19.7,19.9,19.6,19.8,0.1,440,19.629999999999992,19.155000000000005,18.802500000000002,77.10622710622708,80.50128883462217,67.22527312182307,64.03174114063161,19.99726985231474,18.802500000000002,17.607730147685263,0.5803671932730978,0.4603136886056264,0.12005350466747144
2020-05-08,1514,1931830,38770800,19.95,20.3,19.75,20.05,0.25,801,19.73999999999999,19.325000000000006,18.922500000000003,75.68922305764407,76.76616755564123,70.82813798403514,65.9463100420115,20.112237365976213,18.922500000000003,17.732762634023793,0.6084056167397272,0.48993207423244656,0.1184735425072806
2020-05-11,1514,1845637,37573053,20.35,20.5,20.2,20.35,0.3,704,19.98999999999999,19.520000000000003,19.030000000000005,83.37510442773602,78.7235181972024,74.71888622889163,68.13805397097947,20.32321305282615,19.030000000000005,17.736786947173858,0.6473712691225337,0.521419913210464,0.12595135591206974
2020-05-12,1514,1411180,28688954,20.3,20.45,20.25,20.45,0.1,571,20.069999999999993,19.71,19.140000000000004,91.06359649122807,83.37597465886938,75.96549368548801,68.85757175988286,20.520434714139014,19.140000000000004,17.759565285860994,0.678499671768634,0.552835864922098,0.125663806846536
2020-05-13,1514,3465030,71650408,20.6,21.0,20.4,20.4,-0.05,1287,20.20999999999999,19.860000000000003,19.2425,86.32675438596489,86.92181843497632,73.84151140853498,68.03034119077643,20.676471757044258,19.2425,17.80852824295574,0.6911672274398697,0.5805021374256524,0.11066509001421732
2020-05-14,1514,1564944,31774571,20.3,20.55,20.1,20.2,-0.2,624,20.289999999999992,19.96,19.322499999999998,75.62499999999996,84.33845029239762,65.31877014868553,64.6829287783857,20.782457191153497,19.322499999999998,17.8625428088465,0.677260984989239,0.5998539069383697,0.07740707805086933
2020-05-15,1514,2087976,41911110,20.3,20.4,19.8,20.1,-0.1,681,20.299999999999994,20.020000000000003,19.3875,60.0,73.98391812865493,61.19840572142674,63.01339900898403,20.864278588685757,19.3875,17.910721411314242,0.6506704989098111,0.610017225332658,0.04065327357715309
2020-05-18,1514,1564740,31932882,20.2,20.65,20.15,20.4,0.3,639,20.309999999999995,20.150000000000002,19.4625,55.71428571428569,63.77976190476188,68.21581430493605,65.86028648421396,20.984299921146235,19.4625,17.940700078853762,0.6463540725067283,0.6172845947674721,0.029069477739256167
2020-05-19,1514,1328207,27382897,20.75,20.95,20.45,20.5,0.1,603,20.319999999999997,20.195,19.5425,57.14285714285711,57.61904761904759,70.30436645406951,66.77822201352357,21.105277975273626,19.5425,17.979722024726374,0.6435836065498179,0.6225443971239413,0.02103920942587667
2020-05-20,1514,839544,17205042,20.6,20.65,20.4,20.5,0.0,377,20.339999999999996,20.275000000000002,19.655,60.4761904761904,57.77777777777772,70.30436645406951,66.77822201352357,21.151963593411757,19.655,18.158036406588245,0.6340787274491078,0.6248512631889745,0.009227464260133211
2020-05-21,1514,924063,18978985,20.55,20.65,20.45,20.5,0.0,414,20.4,20.345000000000002,19.75,60.873015873015845,59.49735449735444,70.30436645406952,66.77822201352357,21.20773797371148,19.75,18.29226202628852,0.6194059164448582,0.6237621938401513,-0.0043562773952930955
2020-05-22,1514,1439951,29689638,20.5,20.8,20.5,20.6,0.1,649,20.499999999999993,20.4,19.8625,61.666666666666686,61.005291005290964,73.11020159118112,67.85762669734433,21.214119399091487,19.8625,18.510880600908514,0.608828575442157,0.6207754701605525,-0.011946894718395495
2020-05-25,1514,2330352,48205250,20.6,21.05,20.2,21.05,0.45,868,20.629999999999992,20.470000000000002,19.995,75.00000000000001,65.84656084656085,82.02618326191946,72.2301502176442,21.264212354178905,19.995,18.725787645821097,0.629500703426455,0.622520516813733,0.006980186612722039
2020-05-26,1514,6979585,147687563,21.35,21.5,20.8,20.8,-0.25,2790,20.68999999999999,20.505000000000003,20.1075,75.16339869281049,70.6100217864924,67.51628292120725,66.79385652494312,21.235451683362488,20.1075,18.979548316637516,0.6185799979619979,0.621732413043386,-0.0031524150813880825
2020-05-27,1514,2349339,48520963,20.6,20.95,20.45,20.7,-0.1,990,20.729999999999993,20.535000000000004,20.1975,70.58823529411762,73.58387799564271,62.367801589347636,64.69632414477238,21.206695223928605,20.1975,19.188304776071398,0.5949973370087989,0.6163853978364686,-0.021388060827669753
2020-05-28,1514,6076408,129084323,20.8,21.65,20.8,20.95,0.25,2326,20.819999999999993,20.610000000000003,20.285000000000004,55.03267973856208,66.92810457516339,69.21478927713606,67.44845133963184,21.23478945035192,20.285000000000004,19.33521054964809,0.5896833167519162,0.6110449816195581,-0.021361664867641905
2020-05-29,1514,2267485,48207502,21.0,21.5,20.85,21.4,0.45,1228,20.979999999999997,20.740000000000002,20.380000000000003,63.0110434978589,62.877319510179525,77.72551966300347,71.72170765631758,21.37569071503136,20.380000000000003,19.384309284968644,0.6146973086674414,0.6117754470291348,0.0029218616383066554
2020-06-01,1514,1677760,36115669,21.6,21.7,21.45,21.55,0.15,755,21.079999999999995,20.855000000000004,20.5025,75.36398467432953,64.46923597025017,79.88779018585586,72.99434715222827,21.43923635565178,20.5025,19.565763644348223,0.6392558800124561,0.617271533625799,0.02198434638665714
2020-06-02,1514,1038951,22253757,21.6,21.7,21.3,21.3,-0.25,533,21.179999999999996,20.935000000000006,20.565,82.03065134099622,73.46855983772821,67.20291746922855,67.53879213575303,21.53870426721867,20.565,19.591295732781333,0.6312689387014281,0.6200710146409248,0.01119792406050324
2020-06-03,1514,1124536,24086939,21.35,21.55,21.35,21.45,0.15,459,21.329999999999995,21.030000000000005,20.6525,82.22222222222227,79.87228607918267,70.48361989757979,69.03422722720016,21.613996229841934,20.6525,19.691003770158066,0.6297832275466178,0.6220134572220635,0.0077697703245542815
2020-06-04,1514,2168617,47152123,21.5,21.95,21.45,21.85,0.4,1061,21.509999999999998,21.165000000000003,20.755000000000003,83.65079365079372,82.63455573800407,77.48912588526309,72.65229865121833,21.766879439458915,20.755000000000003,19.74312056054109,0.6533510239062785,0.6282809705589065,0.025070053347372
2020-06-05,1514,7025177,161706663,22.0,24.0,21.95,24.0,2.15,2783,22.029999999999994,21.505000000000003,20.9525,92.53968253968257,86.1375661375662,90.9534512807476,83.68596360578286,22.647927674659066,20.9525,19.257072325340935,0.8358801974199004,0.6698008159311053,0.16607938148879509
2020-06-08,1514,10783031,261027915,25.4,25.4,23.4,23.4,-0.6,5130,22.399999999999995,21.740000000000002,21.104999999999997,84.62722462722465,86.93923360590031,76.12833378310198,74.63603789847365,23.081587969203596,21.104999999999997,19.128412030796397,0.9214984365269281,0.7201403400502698,0.20135809647665825
2020-06-09,1514,3554349,82317751,23.15,23.75,22.7,23.25,-0.15,1725,22.789999999999996,21.985000000000003,21.244999999999997,70.95227638705897,82.70639451798873,72.673388532961,72.52448607444076,23.404374909551485,21.244999999999997,19.08562509044851,0.9661110348412443,0.7693344790084647,0.19677655583277953
2020-06-10,1514,2283101,53462198,23.25,23.65,23.05,23.3,0.05,1003,23.159999999999993,22.245000000000005,21.39,55.56766100244359,70.38238733890907,73.14731192689742,72.80071810445816,23.68795561314836,21.39,19.09204438685164,0.9940427168841843,0.8142761265836087,0.17976659030057562
2020-06-11,1514,4205541,95567712,23.2,23.4,22.3,22.35,-0.95,1746,23.25999999999999,22.385000000000005,21.497500000000002,44.23892650297739,56.919621297493315,52.83550301960219,60.379694049420685,23.76365864404935,21.497500000000002,19.231341355950654,0.9288149154433611,0.8371838843555592,0.0916310310878019
2020-06-12,1514,2834706,61569406,21.6,22.25,21.0,22.05,-0.3,1289,22.86999999999999,22.450000000000006,21.595000000000002,34.439848769117056,44.74881209151268,47.93185891571039,57.06838544021079,23.77855215188449,21.595000000000002,19.411447848115515,0.8431941033123067,0.8383859281469087,0.004808175165397999
2020-06-15,1514,1870926,41507713,22.3,22.5,21.95,22.05,0.0,794,22.59999999999999,22.500000000000007,21.677500000000002,24.44567627494456,34.374817182346334,47.9318589157104,57.068385440210804,23.797989330319595,21.677500000000002,19.55701066968041,0.7665032208357019,0.8240093866846674,-0.05750616584896551
2020-06-16,1514,1104601,24642765,22.3,22.5,22.15,22.25,0.2,510,22.39999999999999,22.595000000000006,21.765000000000004,25.378787878787865,28.08810430761649,51.9762357539959,58.814725524124924,23.82754696916191,21.765000000000004,19.702453030838097,0.7136371081165862,0.8019349309710512,-0.08829782285446497
2020-06-17,1514,1516300,33825957,22.55,22.6,22.05,22.2,-0.05,638,22.179999999999993,22.670000000000005,21.85,26.51515151515149,25.446538556294637,50.824794018066456,58.177589710689325,23.83569886941589,21.85,19.864301130584114,0.6600965684293421,0.7735672584627094,-0.1134706900333673
2020-06-18,1514,1336680,29693060,22.2,22.45,22.05,22.45,0.25,605,22.199999999999992,22.730000000000004,21.9475,29.545454545454515,27.146464646464622,56.45233665738461,60.48268086857851,23.84815120419284,21.9475,20.046848795807165,0.6305694040768941,0.7449676875855463,-0.11439828350865222
2020-06-19,1514,1820613,41112548,22.5,22.85,22.3,22.8,0.35,755,22.34999999999999,22.610000000000007,22.0575,41.89393939393937,32.65151515151513,63.310252546030696,63.514556583114555,23.886782646285056,22.0575,20.228217353714946,0.6281698376574347,0.721608117599924,-0.09343827994248932
2020-06-22,1514,2635003,60764314,23.0,23.45,22.7,22.9,0.1,1203,22.519999999999992,22.560000000000006,22.15,56.70240137221267,42.71393177053552,65.14016923158181,64.35600393153183,23.953052966498696,22.15,20.3469470335013,0.6271084128255744,0.7027081766450541,-0.07559976381947975
2020-06-23,1514,1130414,25770655,23.0,23.1,22.55,22.65,-0.25,504,22.599999999999994,22.500000000000007,22.2425,68.16653247920091,55.58762441511765,56.86763520964894,60.59365427774267,23.946106468642242,22.2425,20.538893531357758,0.599187257611721,0.6820039928383875,-0.08281673522666655
2020-06-24,1514,812490,18367242,22.7,22.75,22.5,22.5,-0.15,398,22.659999999999993,22.420000000000005,22.3325,66.75651392632521,63.87514925924626,52.22498422028908,58.388038282971046,23.884039557987347,22.3325,20.780960442012653,0.5585175518730949,0.657306704645329,-0.0987891527722341
2020-06-29,1514,1628909,36013216,22.3,22.3,21.95,22.05,-0.45,849,22.57999999999999,22.390000000000008,22.3875,45.07936507936508,60.00080382829706,40.61866403135393,52.24411134772146,23.811885832560655,22.3875,20.963114167439343,0.4843915140223416,0.6227236665207315,-0.13833215249838993
2020-06-30,1514,642855,14268005,22.2,22.4,22.0,22.2,0.15,345,22.459999999999994,22.405000000000005,22.427500000000002,28.185941043083915,46.673940016258065,45.34246715881388,53.9823523936936,23.78192792351584,22.427500000000002,21.073072076484163,0.43276123919314813,0.5847311810552148,-0.1519699418620667
2020-07-01,1514,1174073,26091031,22.25,22.4,22.1,22.4,0.2,438,22.359999999999996,22.440000000000005,22.47,17.77777777777777,30.34769463340892,51.361263349069134,56.26798277640697,23.763599628942394,22.47,21.176400371057603,0.40333283311109724,0.5484515114663913,-0.14511867835529402
2020-07-02,1514,1890574,43116921,22.5,23.15,22.45,22.95,0.55,830,22.419999999999995,22.51,22.5525,37.77777777777774,27.913832199546476,64.05906346008602,61.87586588184041,23.743497481105624,22.5525,21.361502518894373,0.4195546479116423,0.5226721387554415,-0.10311749084379918
2020-07-03,1514,2741629,63861291,23.05,23.75,23.05,23.05,0.1,1284,22.529999999999994,22.595000000000006,22.6325,52.592592592592574,36.049382716049365,65.9449346185164,62.80966094479725,23.727614149301317,22.6325,21.537385850698683,0.43546000540025886,0.5052297120844049,-0.06976970668414606
2020-07-06,1514,6371031,150753022,23.1,24.15,23.0,24.0,0.95,2696,22.919999999999995,22.750000000000007,22.74,73.65319865319867,54.67452300785633,78.46739374664406,70.26171220333545,23.92515821728571,22.74,21.554841782714288,0.5187424364195401,0.507932256951432,0.010810179468108139
2020-07-07,1514,3727496,89405118,24.65,24.65,23.45,23.85,-0.15,1713,23.249999999999993,22.855000000000004,22.732499999999998,74.88776655443327,67.04451926674152,73.48947833578531,67.94663238141099,23.88717527902868,22.732499999999998,21.577824720971318,0.5661147976292966,0.5195687650870049,0.046546032542291726
2020-07-08,1514,3446100,82974853,24.0,24.5,23.7,23.75,-0.1,1455,23.519999999999992,22.940000000000005,22.75,76.73961840628512,75.0935278713057,70.03388950467658,66.37643380041744,23.954159457879154,22.75,21.545840542120846,0.588801236780764,0.5334152594257567,0.055385977355007276
2020-07-09,1514,6101522,148661203,24.0,24.9,23.8,24.3,0.55,2499,23.789999999999992,23.105000000000004,22.802500000000002,72.23268466206324,74.62002320759389,76.9796315057523,70.42465173022133,24.169787460631106,22.802500000000002,21.435212539368898,0.6437401707395409,0.5554802416885136,0.08825992905102731
2020-07-10,1514,3192122,75488365,24.4,24.5,23.1,23.5,-0.8,1391,23.879999999999992,23.205000000000005,22.8125,66.01727384895125,71.66319230576654,55.24848170427701,59.250293347333596,24.1970125496,22.8125,21.4279874504,0.6156297609267369,0.5675101455361583,0.04811961539057863
2020-07-13,1514,1576222,37053151,23.7,23.8,23.35,23.35,-0.15,638,23.749999999999993,23.335,22.8625,58.67600400768141,65.64198750623196,52.03517654168681,57.41088527896158,24.248817063301015,22.8625,21.476182936698986,0.5746243998377665,0.56893299639648,0.005691403441286491
2020-07-14,1514,1213686,28139707,23.35,23.4,23.05,23.2,-0.15,616,23.619999999999997,23.435000000000002,22.919999999999998,42.32641332395027,55.67323039352764,48.72871573342136,55.55357576394522,24.26141716106524,22.919999999999998,21.578582838934757,0.5239834542570918,0.5599430879686024,-0.035959633711510564
2020-07-15,1514,9539471,230490914,23.3,24.9,23.3,23.45,0.25,4186,23.559999999999995,23.54,22.99,32.97977085571069,44.660729395780784,54.366929969317646,57.992776011129344,24.287921415186798,22.99,21.6920785848132,0.49827919826930156,0.5476103100287422,-0.049331111759440605
2020-07-16,1514,1702491,40212532,23.65,23.85,23.4,23.75,0.3,848,23.449999999999996,23.62,23.064999999999998,31.256713211600403,35.52096579708712,60.45508933631795,60.77468547636544,24.35654945704774,23.064999999999998,21.773450542952254,0.4963937646803558,0.5373670009590649,-0.04097323627870908
2020-07-17,1514,4934637,118157622,23.85,24.5,23.35,23.55,-0.2,2140,23.459999999999997,23.67,23.1325,30.06164058795636,31.432708218422487,54.771573517354646,58.016254497977016,24.37639509203966,23.1325,21.88860490796034,0.4733052481684439,0.5245546504009406,-0.051249402232496744
2020-07-20,1514,1417845,33436207,23.7,23.85,23.25,23.75,0.2,604,23.54,23.645000000000003,23.197499999999998,34.779516358463724,32.03262338600683,59.24195272219291,59.97275422992002,24.42773371763281,23.197499999999998,21.967266282367184,0.46577657855747745,0.512799036032248,-0.04702245747477052
2020-07-21,1514,2131835,51205249,23.95,24.25,23.75,23.9,0.15,940,23.679999999999996,23.650000000000002,23.252499999999998,36.93693693693691,33.926031294452336,62.48632409423699,61.42471119684674,24.504887719518393,23.252499999999998,22.000112280481602,0.46653586500406874,0.5035464018266121,-0.037010536822543405
2020-07-22,1514,18430499,462696263,24.25,25.85,24.1,24.7,0.8,7154,23.929999999999996,23.745,23.342499999999998,47.57078507078501,39.76241278872855,74.9121670146668,68.07591058196371,24.731843370085528,23.342499999999998,21.953156629914467,0.5256317633311234,0.5079634741275144,0.017668289203608967
2020-07-23,1514,11457236,292306044,25.3,26.2,24.75,26.2,1.5,4912,24.419999999999995,23.935,23.52,68.29150579150573,50.933075933075884,85.45275801482707,76.3202216402514,25.34794967107966,23.52,21.692050328920338,0.6855999826662114,0.5434907758352538,0.1421092068309575
2020-07-24,1514,9898614,251612000,26.2,26.45,24.6,25.0,-1.2,4599,24.709999999999997,24.085,23.645,72.09383753501396,62.652042799101565,61.382403826181545,62.430139172133316,25.518205808233645,23.645,21.771794191766354,0.7073916076989306,0.5762709422079892,0.13112066549094137
2020-07-27,1514,3953179,96792941,25.05,25.15,24.15,24.3,-0.7,1792,24.819999999999997,24.18,23.7575,63.38848039215685,67.92460790622552,51.50830940292613,56.02473564459272,25.49970406382266,23.7575,22.015295936177342,0.6605629195314151,0.5931293376726744,0.06743358185874071
2020-07-28,1514,3291172,79630728,24.5,24.75,23.8,23.8,-0.5,1531,24.799999999999997,24.240000000000002,23.8375,35.78431372549019,57.088877217553666,45.41972119948845,51.92649157050667,25.426485525421963,23.8375,22.248514474578034,0.5764599539354229,0.5897954609252241,-0.013335506989801127
2020-07-29,1514,2468922,60272277,23.8,24.7,23.8,24.55,0.75,1145,24.769999999999996,24.350000000000005,23.945,30.208333333333343,43.12704248366013,54.77498564456831,57.00683805551192,25.41703940164663,23.945,22.47296059835337,0.5638270326971373,0.5846017752796067,-0.020774742582469363
2020-07-30,1514,3283158,82314876,24.7,25.45,24.65,25.15,0.6,1632,24.559999999999995,24.490000000000006,24.055,39.06249999999999,35.01838235294118,61.01214001226648,60.5945568870536,25.541909546677434,24.055,22.568090453322565,0.5953673134056316,0.5867548829048117,0.008612430500819945
2020-07-31,1514,1831137,45557325,25.0,25.15,24.7,24.8,-0.35,863,24.519999999999996,24.615000000000006,24.142500000000002,46.29629629629628,38.52237654320987,55.77701968648523,57.57624688533469,25.58793246123775,24.142500000000002,22.697067538762255,0.5853733189361563,0.5864785701110806,-0.0011052511749243266
2020-08-03,1514,2116127,52847400,24.8,25.4,24.7,24.85,0.05,988,24.629999999999995,24.725000000000005,24.185000000000002,45.96217679944095,43.77365769857908,56.400525368552735,57.89888116545211,25.660838744578854,24.185000000000002,22.70916125542115,0.5748609492642203,0.5841550459417085,-0.009294096677488262
2020-08-04,1514,1272433,31720625,24.9,25.1,24.85,24.9,0.05,649,24.849999999999994,24.825000000000006,24.2375,40.00698812019565,44.088487071977625,57.10608685371459,58.24089001227656,25.73645797139237,24.2375,22.738542028607633,0.5640622442589809,0.580136485605163,-0.016074241346182072
2020-08-05,1514,1703708,42698130,25.2,25.2,24.9,25.15,0.25,779,24.96999999999999,24.870000000000008,24.307499999999997,44.02515723270435,43.33144071744698,60.8059880316742,59.99096426345696,25.839255528797196,24.307499999999997,22.7757444712028,0.5691166805738597,0.5779325245989023,-0.008815844025042652
2020-08-06,1514,2579343,65368835,25.35,25.75,25.15,25.2,0.05,1212,24.979999999999993,24.770000000000007,24.3525,54.74923399451694,46.26045978247231,61.57926820348657,60.34887557785309,25.93284015325819,24.3525,22.772159846741808,0.5705796528368126,0.5764619502464844,-0.005882297409671833
2020-08-07,1514,3336538,84927954,25.45,25.75,25.2,25.25,0.05,1544,25.069999999999993,24.79500000000001,24.439999999999998,65.69908079342036,54.82449067354722,62.44373114905141,60.72722546676748,26.01562685938033,24.439999999999998,22.864373140619666,0.5692121279392772,0.575011985785043,-0.005799857845765755
2020-08-10,1514,9843866,258428871,25.4,27.15,25.4,25.8,0.55,4216,25.259999999999994,24.945000000000007,24.562499999999996,68.61844623038651,63.0222536727746,70.85834869992603,64.71561876346479,26.16089763513375,24.562499999999996,22.964102364866243,0.6055286012766565,0.5811153088833657,0.02441329239329082
2020-08-11,1514,2996704,76912359,25.6,26.15,25.35,25.45,-0.35,1477,25.369999999999997,25.110000000000007,24.674999999999997,55.35348896542927,63.223671996412044,60.75259079245735,60.50462131075645,26.18843979067585,24.674999999999997,23.161560209324143,0.599160839916749,0.5847244150900424,0.014436424826706595
2020-08-12,1514,5407382,140022780,25.5,26.8,24.9,26.65,1.2,2463,25.669999999999998,25.320000000000004,24.834999999999997,57.09777642400244,60.356570539939405,75.00923695451318,68.15545560071308,26.46843196981104,24.834999999999997,23.201568030188955,0.6830703050630724,0.6043935930846484,0.07867671197842407
2020-08-13,1514,3850746,100691146,26.7,26.9,25.85,25.9,-0.75,1940,25.809999999999995,25.395000000000003,24.942499999999995,53.52380952380951,55.3250249710804,59.30192195362686,60.294026507497755,26.559062711434542,24.942499999999995,23.32593728856545,0.6811980021997819,0.6197544749076751,0.06144352729210678
2020-08-14,1514,2862232,74902985,25.9,26.55,25.8,26.2,0.3,1421,25.999999999999993,25.535000000000004,25.074999999999996,62.42236024844718,57.681315398753036,62.924980673735455,62.173522696007765,26.647100505693114,25.074999999999996,23.502899494306877,0.6958997819826784,0.6349835363226758,0.060916245660002644
2020-08-17,1514,10607127,288404094,26.2,27.8,26.15,27.25,1.05,4761,26.29,25.775,25.249999999999993,62.90324225642278,59.61647067622648,72.80913187106248,67.90062459855439,26.965808847162556,25.249999999999993,23.53419115283743,0.783248472331298,0.6646365235244003,0.11861194880689774
2020-08-18,1514,9383485,263689510,27.55,28.65,27.1,28.3,1.05,4769,26.859999999999996,26.115,25.469999999999995,76.79893386640013,67.37484545709002,79.25994756369286,72.40071757059393,27.530679499582817,25.469999999999995,23.409320500417174,0.9265188311818555,0.7170129850558913,0.20950584612596423
2020-08-19,1514,5579075,157980205,28.35,28.9,27.95,28.2,-0.1,2945,27.169999999999995,26.419999999999998,25.645,84.73371647509579,74.81196419930622,77.22429798485935,71.37444427433029,27.989333594009157,25.645,23.300666405990842,1.02023186069518,0.777656760183749,0.24257510051143094
2020-08-20,1514,7269603,198727856,28.2,28.2,26.2,27.8,-0.4,3555,27.549999999999994,26.68,25.725,81.88888888888891,81.14051307679493,68.95919612643976,67.26704267735585,28.24243917503466,25.725,23.20756082496534,1.0501183440951323,0.8321490769660256,0.2179692671291067
2020-08-21,1514,6302704,178591718,28.05,28.85,27.65,28.5,0.7,2824,28.00999999999999,27.005000000000003,25.9,81.66666666666667,82.76309067688379,74.5256876178781,70.46973024594325,28.66586333718788,25.9,23.134136662812118,1.1174069753162321,0.8892006566360668,0.22820631868016528
2020-08-24,1514,7111058,205946693,28.7,29.3,28.55,29.3,0.8,3245,28.419999999999995,27.355,26.15,87.5,83.6851851851852,79.44134883407308,73.64361923863171,29.183150177620664,26.15,23.116849822379333,1.221209669574172,0.9556024592236879,0.2656072103504842
2020-08-25,1514,5394118,159957145,29.5,30.2,29.35,29.35,0.05,2784,28.629999999999995,27.745000000000005,26.4275,90.22727272727273,86.46464646464648,79.72660352472406,73.83291650390554,29.563656086676858,26.4275,23.29134391332314,1.2926082514620276,1.023003617671356,0.2696046337906717
2020-08-26,1514,7948529,239202970,29.5,31.0,29.2,30.5,1.15,3674,29.089999999999996,28.130000000000006,26.725,90.35547785547784,89.36091686091686,85.22688468835757,77.78493272910978,30.202570991367388,26.725,23.247429008632615,1.4255546247193251,1.1035138190809497,0.32204080563837545
2020-08-27,1514,9054613,267355393,29.65,30.5,28.6,28.85,0.0,5101,29.3,28.425000000000004,26.910000000000004,75.57884555307237,85.38719871194098,58.609756878354716,63.06728726513917,30.42619112108532,26.910000000000004,23.393808878914687,1.3818453202944845,1.1591801193236566,0.22266520097082787
2020-08-28,1514,7154206,213673332,28.9,30.8,28.2,30.3,1.45,3695,29.660000000000004,28.835000000000008,27.185000000000002,77.15712838135518,81.03048392996845,68.64840206886849,68.67628058672128,30.855027247855165,27.185000000000002,23.51497275214484,1.4475221294169636,1.216848521342318,0.23067360807464565
2020-08-31,1514,6626437,200868517,30.5,30.95,29.7,30.55,0.25,3504,29.910000000000004,29.16500000000001,27.47,77.2372565864834,76.6577435069703,70.10677531860972,69.53534680869288,31.25396617321034,27.47,23.686033826789657,1.5024253601605935,1.273963889105973,0.22846147105462045
2020-09-01,1514,4224644,127069576,30.15,30.6,29.8,30.0,-0.55,2101,30.040000000000003,29.335000000000008,27.725,85.06944444444444,79.821276470761,62.629283869934724,65.29280612007632,31.468995192304536,27.725,23.981004807695466,1.4844444114821194,1.3160599935812023,0.16838441790091707
2020-09-02,1514,2930829,87619820,30.5,30.5,29.65,29.85,-0.15,1462,29.910000000000004,29.50000000000001,27.96,78.48776948590383,80.26482350561055,60.57360755393448,64.14336849950966,31.61699330051334,27.96,24.303006699486662,1.441474216232809,1.3411428381115236,0.10033137812128534
2020-09-03,1514,3736310,111443986,29.95,30.3,29.5,29.65,-0.2,1823,30.070000000000004,29.68500000000001,28.182499999999997,65.54134091447523,76.3661849482745,57.63108623542319,62.56192529744514,31.67868005829223,28.182499999999997,24.686319941707765,1.3754266362940832,1.3479995977480355,0.027427038546047777
2020-09-04,1514,4540075,134658179,28.6,30.2,28.4,29.6,-0.05,2221,29.930000000000007,29.79500000000001,28.4,55.81911869225303,66.6160763642107,56.82594943515308,62.14938784451953,31.67353020453446,28.4,25.126469795465535,1.3040169752447213,1.3392030732473725,-0.03518609800265127
2020-09-07,1514,10525560,323963356,29.6,31.65,29.55,30.15,0.55,5213,29.850000000000005,29.880000000000006,28.6175,52.769151138716346,58.04320358181487,63.38974569974221,64.8918379809563,31.745962082237803,28.6175,25.489037917762197,1.2770832866704929,1.3267791159319966,-0.04969582926150373
2020-09-08,1514,4869703,144841086,30.3,30.85,29.25,29.35,-0.8,2547,29.720000000000006,29.880000000000006,28.8125,46.61835748792273,51.735542439630706,50.38962201334306,58.277604725209606,31.593844099531708,28.8125,26.031155900468292,1.1776100744066937,1.296945307626936,-0.1193352332202422
2020-09-09,1514,3508294,102244182,28.8,29.6,28.65,29.0,-0.35,1659,29.550000000000004,29.730000000000008,28.93,37.681159420289866,45.689556015642985,45.614780996639425,55.607164141297474,31.528538050520005,28.93,26.331461949479994,1.0583349357452363,1.249223233250596,-0.19088829750535963
2020-09-10,1514,5758337,165795163,29.05,29.55,28.15,28.75,-0.25,3023,29.370000000000005,29.720000000000006,29.0725,24.55486542443067,36.284794110881094,42.27640948938384,53.71384377969428,31.272835201736257,29.0725,26.872164798263746,0.9328819361016976,1.1859549738208162,-0.2530730377191186
2020-09-11,1514,8750192,254891265,28.9,30.1,28.2,28.2,-0.55,4525,29.090000000000003,29.51,29.172500000000003,13.91994478951002,25.385323211410192,35.59086109346396,49.70430235543458,30.99004642306567,29.172500000000003,27.354953576934335,0.7800867718669977,1.1047813334300525,-0.32469456156305476
2020-09-14,1514,4939418,135684891,28.0,28.15,27.05,27.4,-0.8,2551,28.540000000000003,29.195,29.18,8.726708074534152,15.733839429491619,28.06060072861137,44.50088027292398,30.96672885463896,29.18,27.39327114536104,0.5876679192971679,1.0013586506034755,-0.4136907313063076
2020-09-15,1514,2437761,67876974,27.75,28.2,27.55,27.6,0.2,1289,28.190000000000005,28.955000000000002,29.145000000000003,6.9979296066252425,9.881527490223144,32.241974922218716,46.022249225253,31.024334988765478,29.145000000000003,27.26566501123453,0.4461697536735443,0.8903208712174893,-0.444151117543945
2020-09-16,1514,1630880,44798005,27.8,27.9,27.25,27.35,-0.25,878,27.860000000000003,28.705000000000002,29.102500000000003,8.695652173913027,8.14009661835748,29.722583822578574,44.38440151177547,31.10011733072134,29.102500000000003,27.104882669278666,0.310281791960751,0.7743130553661416,-0.4640312634053906
2020-09-17,1514,953801,26277474,27.35,27.8,27.3,27.5,0.15,586,27.610000000000003,28.490000000000002,29.087500000000006,9.42028985507246,8.371290545203584,33.36726572137258,45.63455844080368,31.128057521854736,29.087500000000006,27.046942478145276,0.21224670182154526,0.6618997846572223,-0.44965308283567706
2020-09-18,1514,2455526,67854044,27.75,28.05,27.4,27.5,0.0,1237,27.470000000000006,28.28000000000001,29.037500000000005,9.382151029748265,9.166031019577924,33.36726572137259,45.63455844080368,31.179665959956914,29.037500000000005,26.895334040043096,0.13301981693388854,0.5561237911125556,-0.4231039741786671
2020-09-21,1514,1353119,36959738,27.65,27.65,27.15,27.25,-0.25,712,27.440000000000005,27.99000000000001,28.93500000000001,9.394030335996765,9.398823740272505,29.854885066488023,43.7343186895723,31.20922514276787,28.93500000000001,26.66077485723215,0.049488555931489486,0.4547967440763424,-0.4053081881448529
2020-09-22,1514,1970610,52733951,27.2,27.2,26.55,26.6,-0.65,1076,27.240000000000002,27.71500000000001,28.797500000000007,6.602644338854501,8.459608568199851,22.629310140351777,39.167644462110864,31.277918311494766,28.797500000000007,26.317081688505247,-0.06837198822630342,0.35016299761581327,-0.4185349858421167
2020-09-23,1514,1785275,47161644,26.75,26.9,26.15,26.25,-0.35,1021,27.020000000000003,27.44000000000001,28.585000000000008,3.499157774341972,6.498610816397753,19.642812632795152,36.93143141061141,31.171522762319718,28.585000000000008,25.998477237680298,-0.1878539303644473,0.24255961201976114,-0.4304135423842085
2020-09-24,1514,2496451,64535243,25.8,26.5,25.5,25.55,-0.7,1369,26.630000000000006,27.12000000000001,28.420000000000005,1.9306493752324974,4.010817162809663,15.018117365082265,32.887272106277756,31.31989654987875,28.420000000000005,25.520103450121262,-0.33516480890157396,0.1270147278354941,-0.4621795367370681
2020-09-25,1514,3011108,76300082,25.75,26.3,24.55,24.9,-0.65,1521,26.110000000000007,26.79000000000001,28.150000000000006,4.657512839120826,3.3624399962317715,11.966059790034997,29.64140389151529,31.294678043933647,28.150000000000006,25.005321956066364,-0.49861162474802256,0.0018894573187907826,-0.5005010820668133
2020-09-28,1514,2040200,52464166,25.2,26.45,25.1,26.1,1.2,1033,25.880000000000006,26.660000000000007,27.92750000000001,18.575535744485496,8.387899319612947,38.76817676342706,41.18283562715151,30.990092855734748,27.92750000000001,24.86490714426527,-0.5252595673656337,-0.10354034761809412,-0.4217192197475396
2020-09-29,1514,1597201,41110892,26.25,26.35,25.5,25.5,-0.6,762,25.660000000000007,26.45000000000001,27.702500000000008,27.005870841487248,16.746306475031194,32.92142817960851,37.84047158948286,30.784135117920055,27.702500000000008,24.62086488207996,-0.5880149689336669,-0.2004352718812087,-0.3875796970524582
2020-09-30,1514,1163735,29923969,25.85,25.95,25.4,25.9,0.4,880,25.59000000000001,26.305000000000014,27.505000000000006,36.66666666666663,27.416024417546463,39.9636377060572,41.262967434593136,30.51629540231413,27.505000000000006,24.49370459768588,-0.5985724491486977,-0.2800627073347065,-0.31850974181399117
2020-10-05,1514,1088625,28298350,25.65,26.3,25.6,26.3,0.4,820,25.74000000000001,26.185000000000013,27.337500000000006,40.72196620583714,34.79816790466368,46.514627858349094,44.55083926423527,30.222959235546167,27.337500000000006,24.452040764453844,-0.5681138088710291,-0.33767292764197104,-0.2304408812290581
2020-10-06,1514,2382783,64076241,26.5,27.1,26.5,26.9,0.6,1308,26.140000000000008,26.12500000000001,27.202500000000004,61.23409558589105,46.20757615279828,55.090343281652935,49.14894338301291,29.89832547654688,27.202500000000004,24.50667452345313,-0.48991272251249995,-0.36812088661607684,-0.12179183589642312
2020-10-07,1514,1973257,53527084,26.75,27.4,26.6,27.15,0.25,1003,26.350000000000012,26.11500000000001,27.052500000000002,78.78630945389442,60.24745708187421,58.33758992298998,50.97321977540473,29.38498258300033,27.052500000000002,24.720017416999674,-0.40311799419727024,-0.3751203081323155,-0.02799768606495473
2020-10-08,1514,1899468,51027675,27.25,27.25,26.5,26.75,-0.4,1024,26.600000000000012,26.130000000000006,26.922500000000003,85.70009930486593,75.24016811488382,51.40004494330241,48.00573534372758,29.004680347616162,26.922500000000003,24.840319652383844,-0.3624313210819494,-0.3725825107222423,0.01015118964029288
2020-10-12,1514,4456005,123424540,26.95,28.25,26.95,28.0,1.25,2507,27.02000000000001,26.305000000000007,26.872500000000002,87.22143195827407,83.90261357234482,66.0985322361587,56.523664416222076,28.79460171427003,26.872500000000002,24.950398285729975,-0.22670892680547894,-0.34340779393888965,0.11669886713341071
2020-10-13,1514,2817548,77782109,28.4,28.4,27.25,27.55,-0.45,1549,27.27000000000001,26.505000000000006,26.8125,81.55954998060263,84.82702708124755,58.648731032378386,53.148048062661424,28.563749553890016,26.8125,25.061250446109984,-0.15368757599849658,-0.305463750350811,0.15177617435231444
2020-10-14,1514,9438344,271461702,27.65,29.5,27.4,28.75,1.2,4686,27.640000000000008,26.890000000000008,26.839999999999996,83.06432818627941,83.94843670838537,69.38407154499075,60.00703251749111,28.691917924747433,26.839999999999996,24.98808207525256,0.0010008051294647657,-0.24417083925475586,0.24517164438422062
2020-10-15,1514,12099081,358409595,29.5,30.3,29.0,29.3,0.55,6154,28.07000000000001,27.210000000000008,26.934999999999995,78.5138593500963,81.04591250565944,73.11611917227135,62.702175193918485,29.065985687422902,26.934999999999995,24.804014312577088,0.1660586444162746,-0.16212494252054976,0.32818358693682437
2020-10-16,1514,4008063,114722097,29.3,29.6,28.05,28.2,-1.1,2231,28.360000000000007,27.480000000000008,26.964999999999996,72.20610091467826,77.92809615035132,56.92492167872909,54.75461957513318,29.148826916218606,26.964999999999996,24.781173083781386,0.20573577041686875,-0.08855279993306606,0.29428857034993483
2020-10-19,1514,2080899,58312491,28.2,28.45,27.65,27.95,-0.25,1167,28.350000000000005,27.68500000000001,26.994999999999997,57.68962680256871,69.46986235578109,53.76786249806669,53.10708168038977,29.21533781213592,26.994999999999997,24.774662187864074,0.21453425066899356,-0.027935389812654123,0.24246964048164768
2020-10-20,1514,1436178,39810823,27.8,27.95,27.45,27.7,-0.25,827,28.380000000000006,27.825000000000006,27.005000000000003,41.68533034714442,57.193686021463805,50.500320309445335,51.44021039133716,29.236120794578238,27.005000000000003,24.773879205421768,0.19903979216944379,0.017459646583765462,0.1815801455856783
2020-10-21,1514,1282018,35794086,27.8,28.3,27.6,27.8,0.1,749,28.19000000000001,27.915000000000003,27.02,34.64912280701753,44.67469331891022,51.86541398269446,52.08800680945952,29.26819927942352,27.02,24.77180072057648,0.19260920739436216,0.0524895587458848,0.14011964864847737
2020-10-22,1514,1111344,30471756,27.8,27.8,27.25,27.4,-0.4,732,27.81000000000001,27.940000000000005,27.027499999999996,26.407436501701994,34.247296551954655,45.9516021214636,49.25741012158251,29.279715575827787,27.027499999999996,24.775284424172206,0.1534671913182244,0.07268508526035272,0.08078210605787167
2020-10-23,1514,1941779,54240572,27.5,28.3,27.3,27.9,0.5,1049,27.750000000000007,28.055,27.092499999999994,22.984945848840322,28.01383505251995,53.65754057878037,52.71637176019196,29.366543755076393,27.092499999999994,24.818456244923595,0.16093749563101412,0.090335567334485,0.07060192829652912
2020-10-26,1514,809587,22495032,28.1,28.15,27.55,27.7,-0.2,525,27.700000000000006,28.025,27.165,16.499469863795728,21.963950738112686,50.310159286925696,51.21255731036693,29.419351347949338,27.165,24.91064865205066,0.14900183666660283,0.10206882120090857,0.046933015465694256
2020-10-27,1514,881603,24555121,27.7,28.2,27.4,28.0,0.3,625,27.76,28.07,27.2875,20.21857923497264,19.90099831586957,55.200972298591864,53.36171014608914,29.44153690776187,27.2875,25.133463092238134,0.1618841342111068,0.11403188380294822,0.04785225040815859
2020-10-28,1514,8267444,238407908,28.35,29.45,28.3,28.4,0.4,4634,27.880000000000003,28.034999999999997,27.4625,29.426810835949258,22.048286644905875,61.14933495013436,56.136234721524644,29.36641044957488,27.4625,25.55858955042512,0.2020411008432852,0.13163372721101563,0.07040737363226957
2020-10-29,1514,1751647,49186632,27.75,28.45,27.6,28.45,0.05,1052,28.089999999999996,27.949999999999996,27.580000000000002,42.6905962308822,30.778662100601366,61.887332630800444,56.484718408805755,29.422118345818188,27.580000000000002,25.737881654181816,0.23518925303837435,0.15234483237648738,0.08284442066188696
2020-10-30,1514,4025227,114362347,28.45,29.25,27.8,28.35,-0.1,2053,28.179999999999996,27.964999999999996,27.722500000000004,51.160541586073485,41.09264955096831,59.26069555991883,55.534434065595605,29.32421002369325,27.722500000000004,26.120789976306757,0.2505026001651416,0.1719763859342182,0.07852621423092337
2020-11-02,1514,2946527,81681001,28.05,28.35,27.4,27.65,-0.7,1858,28.169999999999995,27.934999999999995,27.810000000000002,40.90909090909091,44.92007624201553,44.00726543340767,49.283985951339645,29.17806432597283,27.810000000000002,26.441935674027174,0.2038050504762552,0.1783421188426256,0.025462931633629587
2020-11-03,1514,1474022,41145152,27.95,28.2,27.6,27.65,0.0,795,28.099999999999994,27.929999999999996,27.877500000000005,28.78787878787877,40.28583709434772,44.00726543340767,49.283985951339645,29.061761373176957,27.877500000000005,26.693238626823053,0.164896086469561,0.17565291236801267,-0.010756825898451672
2020-11-04,1514,1256965,34797145,27.9,27.95,27.5,27.7,0.05,714,27.95999999999999,27.919999999999995,27.917500000000008,18.32276250880896,29.33991073525955,45.37425036038177,49.75248073570964,29.018079392864646,27.917500000000008,26.81692060713537,0.13652130171822563,0.16782659023805527,-0.03130528851982964
2020-11-05,1514,6828106,195762931,27.7,29.0,27.7,28.4,0.7,3593,27.94999999999999,28.019999999999992,27.980000000000008,28.522319049828926,25.210986782172224,60.946896766349234,55.89516965053723,29.04037729134393,27.980000000000008,26.919622708656085,0.16857500253449587,0.1679762726973434,0.0005987298371524785
2020-11-06,1514,2084898,59483452,28.75,28.95,28.15,28.2,-0.2,1101,27.919999999999987,28.049999999999994,28.05250000000001,35.46984307052371,27.438308209720535,55.657930332764074,53.868893690309626,28.952763850211685,28.05250000000001,27.152236149788333,0.17581280229043728,0.16954357861596217,0.006269223674475105
2020-11-09,1514,2270029,64629717,28.5,28.75,28.15,28.55,0.35,1149,28.099999999999987,28.134999999999998,28.080000000000005,47.96747967479678,37.31988059838314,62.331815639767285,56.81901319132046,29.005418824100076,28.080000000000005,27.154581175899935,0.20740010634662553,0.17711488416209484,0.030285222184530697
2020-11-10,1514,1930143,54445935,28.65,28.7,27.8,27.95,-0.6,1118,28.159999999999986,28.129999999999995,28.100000000000012,41.617226983080684,41.68484990946706,47.9100253720506,50.81915399225537,28.995544527087834,28.100000000000012,27.20445547291219,0.18192121230122638,0.17807614978992115,0.0038450625113052306
2020-11-11,1514,2203507,60918601,27.7,27.95,27.5,27.6,-0.35,1391,28.139999999999986,28.049999999999994,28.04250000000001,32.212700505383516,40.599135721087,41.39234559706729,47.6577337074397,28.910990069026425,28.04250000000001,27.174009930973597,0.13196571169812543,0.168854062171562,-0.03688835047343658
2020-11-12,1514,3532122,95445875,27.7,27.7,26.55,26.9,-0.7,1868,27.839999999999986,27.894999999999992,27.922500000000014,18.275418275418307,30.701781921294174,31.419089017725955,42.02662400341682,28.723421344450713,27.922500000000014,27.121578655549314,0.035482448129332766,0.14217973936311618,-0.10669729123378341
2020-11-13,1514,1104461,29796172,26.75,27.25,26.7,26.9,0.0,679,27.579999999999984,27.749999999999993,27.85750000000001,13.127413127413126,21.205177302738324,31.419089017725955,42.02662400341682,28.762085540453903,27.85750000000001,26.952914459546115,-0.04051421077076611,0.10564094933633972,-0.14615516010710583
2020-11-16,1514,1906757,50985402,27.0,27.25,26.55,26.6,-0.3,1173,27.189999999999987,27.644999999999992,27.79000000000001,10.20408163265302,13.868971011828158,27.54729137265982,39.69535254433609,28.845746181616626,27.79000000000001,26.734253818383394,-0.12352567616804322,0.059807624235463125,-0.18333330040350634
2020-11-17,1514,1420714,38221711,26.7,27.1,26.65,26.85,0.25,863,26.969999999999988,27.56499999999999,27.74750000000001,9.52380952380952,10.95176809462523,35.298970659802606,42.55507224445537,28.879964127466174,27.74750000000001,26.615035872533845,-0.1672124291013155,0.014403613568107397,-0.1816160426694229
2020-11-18,1514,865599,23285533,26.9,27.05,26.75,26.95,0.1,559,26.839999999999986,27.48999999999999,27.705000000000013,10.317460317460325,10.015117157974295,38.37577191002456,43.705043141647856,28.889018580934074,27.705000000000013,26.52098141906595,-0.19155717935842276,-0.026788545017198635,-0.16476863434122413
2020-11-19,1514,1119001,30424985,27.0,27.35,26.95,27.15,0.2,645,26.889999999999986,27.36499999999999,27.692500000000013,18.72809729952584,12.856455713598569,44.53063290836768,46.03198887086873,28.894279929936065,27.692500000000013,26.49072007006396,-0.19249329788626213,-0.059929495591011336,-0.13256380229525078
2020-11-20,1514,985583,26531682,27.15,27.25,26.8,26.95,-0.2,605,26.899999999999984,27.23999999999999,27.645000000000017,20.848015034061486,16.63119088368256,39.88329187399257,44.070225073658,28.884717709801716,27.645000000000017,26.40528229019832,-0.20698748422133306,-0.08934109331707568,-0.11764639090425738
2020-11-23,1514,1299580,35059114,27.0,27.2,26.8,27.2,0.25,764,27.019999999999982,27.10499999999999,27.620000000000015,30.768649954696404,23.448254096094587,47.82422259126658,47.10480046942222,28.87435242256577,27.620000000000015,26.36564757743426,-0.1960414765440106,-0.11068116996246266,-0.08536030658154795
2020-11-24,1514,1164119,31394482,27.2,27.3,26.85,26.85,-0.35,669,27.019999999999982,26.994999999999994,27.562500000000018,30.37339303770042,27.33001934215278,39.33721404199491,43.54287611835304,28.8469746007594,27.562500000000018,26.278025399240637,-0.21315168162253073,-0.13117527229447629,-0.08197640932805444
2020-11-25,1514,2707563,74235081,27.15,27.8,27.0,27.15,0.3,1529,27.05999999999998,26.949999999999996,27.500000000000018,40.17184265010348,33.77129521416678,48.48007191635577,47.22648442014583,28.736122971227275,27.500000000000018,26.26387702877276,-0.20019641002738098,-0.14497949984105724,-0.05521691018632374
2020-11-26,1514,866410,23625628,27.15,27.45,27.15,27.25,0.1,590,27.079999999999977,26.984999999999992,27.440000000000015,43.36231884057967,37.96918484279453,51.33255885461704,48.43424133731663,28.59999999999849,27.440000000000015,26.28000000000154,-0.17978761991690817,-0.15194112385622743,-0.027846496060680737
2020-11-27,1514,2563437,70704401,27.35,27.9,27.25,27.5,0.25,1330,27.189999999999976,27.044999999999995,27.397500000000015,57.33333333333329,46.95583160800549,58.09899052704248,51.427074196002785,28.480770510997555,27.397500000000015,26.314229489002475,-0.14180594538685654,-0.14991408816235324,0.008108142775496707
2020-11-30,1514,1657464,45800981,27.75,27.9,27.5,27.6,0.1,849,27.269999999999975,27.144999999999992,27.395000000000017,65.97101449275372,55.555555555555564,60.65199009501329,52.611848149221984,28.476156787888105,27.395000000000017,26.31384321211193,-0.10245499302984484,-0.14042226913585157,0.037967276106006725
2020-12-01,1514,1869479,51084482,27.6,27.75,27.1,27.25,-0.35,807,27.349999999999977,27.18499999999999,27.375000000000018,60.940711462450714,61.41501976284591,48.5684244777906,48.182093921546624,28.451336378645824,27.375000000000018,26.298663621354212,-0.09837712445349567,-0.13201324019938038,0.03363611574588471
2020-12-02,1514,2050297,56442389,27.3,27.9,27.25,27.3,0.05,1094,27.379999999999978,27.21999999999999,27.35500000000001,53.4255599472992,60.112428634167884,50.22130810909172,48.84472701724873,28.421255128943645,27.35500000000001,26.288744871056377,-0.09007250235574915,-0.12362509263065413,0.03355259027490498
2020-12-03,1514,2127627,58717051,27.3,27.85,27.25,27.55,0.25,1056,27.43999999999998,27.25999999999999,27.31250000000001,51.51515151515161,55.29380764163384,58.08000390482842,52.1402076342661,28.271079678481918,27.31250000000001,26.353920321518103,-0.0625965448449115,-0.1114193830735056,0.048822838228594095
2020-12-04,1514,2042303,56667598,27.8,28.0,27.5,27.6,0.05,1061,27.45999999999998,27.324999999999996,27.28250000000001,59.61791831357059,54.852876592007135,59.56934628157946,52.795189524719234,28.162428974405813,27.28250000000001,26.402571025594206,-0.03636784258035419,-0.09640907497487532,0.060041232394521124
2020-12-07,1514,1819920,49643671,27.65,27.8,27.1,27.2,-0.4,998,27.379999999999978,27.324999999999996,27.215000000000014,51.13306982872206,54.08871321914808,44.73527911073895,47.226891015809514,27.875378679242175,27.215000000000014,26.554621320757853,-0.047312673084416446,-0.08658979459678354,0.03927712151236709
2020-12-08,1514,2816102,77937280,27.2,27.9,27.2,27.9,0.7,1347,27.50999999999998,27.429999999999996,27.212500000000013,58.03542673107885,56.262138291123826,63.3625003471455,55.977286742454446,27.862019052836942,27.212500000000013,26.562980947163084,0.0004919488635053426,-0.06917344590472577,0.06966539476823111
2020-12-09,1514,3865395,108551444,28.25,28.6,27.55,27.9,0.0,1890,27.629999999999978,27.504999999999995,27.22750000000001,54.074074074073934,54.41419021129161,63.36250034714551,55.97728674245444,27.924260360524766,27.22750000000001,26.530739639475254,0.0379401062430631,-0.04775073547516799,0.08569084171823109
2020-12-10,1514,1562520,43095508,27.9,28.0,27.25,27.4,-0.5,869,27.599999999999977,27.519999999999992,27.25250000000001,54.0740740740739,55.39452495974223,47.723800159659426,49.21691287981964,27.936221434503135,27.25250000000001,26.56877856549688,0.026961424916581933,-0.032808303396818006,0.05976972831339994
2020-12-11,1514,2227318,60128913,27.4,27.45,26.65,26.9,-0.5,1198,27.45999999999998,27.45999999999999,27.25250000000001,28.71794871794859,45.62203228869881,37.05411543176855,43.552479905007246,27.936221434503135,27.25250000000001,26.56877856549688,-0.021833398628853473,-0.0306133224432251,0.008779923814371628
2020-12-14,1514,1345296,35690529,26.9,26.9,26.1,26.65,-0.25,774,27.349999999999977,27.36499999999999,27.255000000000006,18.273504273504173,33.68850902184222,32.779163560063566,41.010942471129944,27.929462749156492,27.255000000000006,26.58053725084352,-0.07975716751910866,-0.040442091458401816,-0.03931507606070685
2020-12-15,1514,1638829,42895064,26.5,26.75,26.0,26.05,-0.6,1001,26.97999999999998,27.244999999999994,27.215000000000003,12.247863247863217,19.74643874643866,24.775689237159323,35.6360572471096,28.05529756634203,27.215000000000003,26.374702433657976,-0.17209337200555552,-0.06677234756783255,-0.10532102443772297
2020-12-16,1514,912830,23986943,26.25,26.4,26.2,26.25,0.2,496,26.649999999999977,27.139999999999993,27.18,11.179487179487154,13.90028490028485,31.299016652191263,38.52813053636031,28.114558719396943,27.18,26.245441280603057,-0.22652095817578655,-0.09872206968942335,-0.1277988884863632
2020-12-17,1514,1049958,27365362,26.25,26.35,25.95,26.1,-0.15,581,26.389999999999976,26.994999999999994,27.127500000000005,5.732946298984072,9.72009890877815,29.09158910667198,37.178831118620224,28.174149415993764,27.127500000000005,26.080850584006246,-0.2785480304382091,-0.1346872618391805,-0.14386076859902858
2020-12-18,1514,738362,19263178,26.2,26.2,26.0,26.1,0.0,474,26.229999999999972,26.84499999999999,27.085,6.978713110788637,7.963715529753288,29.09158910667198,37.178831118620224,28.2221455491718,27.085,25.947854450828203,-0.3161356451117534,-0.17097693849369508,-0.14515870661805833
2020-12-21,1514,968491,25214317,26.2,26.25,25.7,26.15,0.05,557,26.129999999999974,26.73999999999999,27.0325,8.94599869876387,7.219219369512193,31.290192141311323,38.01798994034449,28.23843324856804,27.0325,25.826566751431958,-0.33799334156410765,-0.2043802191077776,-0.13361312245633006
2020-12-22,1514,1180223,30616384,25.7,26.3,25.65,25.75,-0.4,760,26.069999999999972,26.524999999999988,26.9775,8.477645962245731,8.13411925726608,24.26740901396311,34.09430065448007,28.305835424507592,26.9775,25.649164575492406,-0.3831753733536871,-0.2401392499569595,-0.1430361233967276
2020-12-23,1514,1641367,42183118,25.75,26.2,25.35,26.1,0.35,860,26.03999999999997,26.344999999999988,26.925,18.495615414177433,11.973086691729014,38.38451673997588,39.935672002251025,28.303948875049706,26.925,25.546051124950296,-0.38628750226741815,-0.26936890041905126,-0.11691860184836689
2020-12-24,1514,969270,25588539,26.2,26.6,26.2,26.3,0.2,521,26.079999999999973,26.234999999999985,26.877499999999998,33.75330914795574,20.24219017479297,45.19519397884573,43.04231132715867,28.273736011568857,26.877499999999998,25.481263988431138,-0.36836922717398934,-0.28916896577003887,-0.07920026140395048
2020-12-25,1514,544805,14326702,26.5,26.65,26.1,26.2,-0.1,333,26.099999999999973,26.164999999999985,26.8125,52.57296466973887,34.94062974395735,42.45757845420686,41.876053303833224,28.207804626238104,26.8125,25.417195373761896,-0.3581099606230218,-0.30295716474063544,-0.05515279588238636
2020-12-28,1514,1127244,29253557,26.2,26.3,25.7,25.85,-0.35,712,26.03999999999997,26.084999999999987,26.725,53.48871558548981,46.60499646772814,34.038486149882516,37.99557865291134,28.131236111043,26.725,25.318763888957005,-0.3739112764520591,-0.3171479870829202,-0.056763289369138936
2020-12-29,1514,901054,23481203,25.9,26.4,25.85,25.95,0.1,569,26.079999999999966,26.07499999999998,26.660000000000004,48.443223443223424,51.5016345661507,38.12809951747903,39.71447155411451,28.08323574997288,26.660000000000004,25.23676425002713,-0.3740529196064095,-0.32852897358761807,-0.04552394601879145
2020-12-30,1514,597926,15507559,26.05,26.1,25.9,25.95,0.0,401,26.049999999999965,26.04499999999998,26.5925,43.589743589743584,48.507227539485605,38.128099517479036,39.7144715541145,28.01597286591653,26.5925,25.16902713408347,-0.3699011822531908,-0.3368034153207326,-0.033097766932458195
2020-12-31,1514,670191,17377591,26.1,26.15,25.75,26.1,0.15,452,26.00999999999997,26.04499999999998,26.52,50.00000000000001,47.344322344322336,45.08004913023583,42.48807695588908,27.887625679782722,26.52,25.152374320217277,-0.35046718652342435,-0.339536169561271,-0.010931016962153373
2021-01-04,1514,769406,19964521,26.1,26.2,25.85,25.9,-0.2,523,25.949999999999967,26.024999999999984,26.434999999999995,48.71794871794871,47.43589743589743,38.37309265417852,39.85514624989231,27.733114016564784,26.434999999999995,25.136885983435207,-0.34720160939584943,-0.3410692575281867,-0.006132351867662755
2021-01-05,1514,714747,18445666,25.9,25.95,25.7,25.9,0.0,503,25.95999999999997,25.999999999999982,26.369999999999997,47.4358974358974,48.7179487179487,38.37309265417852,39.8551462498923,27.63822710899958,26.369999999999997,25.101772891000415,-0.34068639529993305,-0.34099268508253594,0.00030628978260288653
2021-01-06,1514,2447848,62001467,25.8,25.85,24.95,25.0,-0.9,1464,25.76999999999997,25.924999999999983,26.225,29.185520361990886,41.779788838612326,20.077271808656725,30.11548085729477,27.421453091433236,26.225,25.028546908566767,-0.40349428858319314,-0.3534930057826674,-0.05000128280052574
2021-01-07,1514,1328314,34059401,25.2,25.8,25.2,25.7,0.7,821,25.71999999999997,25.884999999999984,26.115000000000002,29.78883861236801,35.47008547008543,44.213000698357305,41.989697626555916,27.051536171218505,26.115000000000002,25.1784638287815,-0.3922640706303824,-0.3612472187522104,-0.03101685187817199
2021-01-08,1514,5031038,133081874,25.8,26.8,25.75,26.4,0.7,2434,25.779999999999973,25.894999999999982,26.065000000000005,41.81240063593005,33.59558653676298,58.747180902613586,50.96265532860287,26.80870693152588,26.065000000000005,25.32129306847413,-0.32315476516159336,-0.35362872803408696,0.0304739628724936
2021-01-11,1514,2193057,57777519,26.4,27.0,25.75,26.9,0.5,1258,25.979999999999972,25.964999999999982,26.065000000000005,72.539325552238,48.046854933512016,66.10587457840835,56.17688743427885,26.80870693152588,26.065000000000005,25.32129306847413,-0.22544058264146827,-0.3279910989555632,0.10255051631409495
2021-01-12,1514,4595136,123431958,27.5,27.5,26.5,26.5,-0.4,2058,26.099999999999973,26.029999999999983,26.057500000000005,78.09488110779355,64.14886909865386,56.67083957450302,51.46246326807756,26.780185962226582,26.057500000000005,25.334814037773427,-0.1782235953947442,-0.2980375982433994,0.11981400284865523
2021-01-13,1514,985329,26068994,26.55,26.75,26.35,26.4,-0.1,603,26.379999999999974,26.07499999999998,26.075000000000006,70.9230033476805,73.85240333590401,54.40600194815741,50.325404406863406,26.8129024325743,26.075000000000006,25.33709756742571,-0.14717639917130398,-0.26786535842898035,0.12068895925767636
2021-01-14,1514,914167,23836250,26.4,26.5,26.0,26.0,-0.4,597,26.439999999999976,26.079999999999984,26.062500000000007,52.94117647058824,67.3196869753541,45.854105532671,45.95179925285397,26.796581058193738,26.062500000000007,25.328418941806277,-0.15308328077206568,-0.2449089428975974,0.09182566212553173
2021-01-15,1514,1215740,31207346,26.2,26.2,25.45,25.5,-0.5,758,26.259999999999973,26.019999999999982,26.032500000000006,39.86928104575165,54.5778202880068,37.30309745609716,41.13897044335193,26.80598238506053,26.032500000000006,25.25901761493948,-0.19585268053594618,-0.23509769042526715,0.039245009889320975
2021-01-18,1514,1638232,41250108,25.2,25.4,24.65,25.3,-0.2,538,25.939999999999976,25.95999999999998,25.9925,28.517371861025165,40.44260979245502,34.316676071868095,39.36301946805129,26.828128505976306,25.9925,25.156871494023694,-0.24308394609982997,-0.23669494156017973,-0.006389004539650245
2021-01-19,1514,588699,15042279,25.3,25.8,25.2,25.4,0.1,378,25.719999999999978,25.90999999999998,25.955000000000002,23.563811489508126,30.650154798761648,37.247269770929954,40.740514739784274,26.82557452294425,25.955000000000002,25.084425477055753,-0.2693411034948987,-0.24322417394712353,-0.02611692954777517
2021-01-20,1514,1611180,39906748,25.4,25.4,24.5,24.6,-0.8,1012,25.359999999999975,25.869999999999983,25.8975,17.485380116959114,23.18885448916414,26.29666793788917,34.07205481163065,26.947964183111395,25.8975,24.847035816888607,-0.3506611999896698,-0.2647115791556328,-0.08594962083403701
2021-01-21,1514,1655026,40143727,24.6,24.95,23.75,24.1,-0.5,1005,24.979999999999972,25.709999999999987,25.797500000000003,12.994152046783668,18.01444788441697,21.654520566818018,30.690841774212675,27.101905995079523,25.797500000000003,24.493094004920483,-0.4502634271580561,-0.30182194875611745,-0.14844147840193866
2021-01-22,1514,1027803,24943440,23.75,24.6,23.75,24.4,0.3,551,24.759999999999973,25.509999999999984,25.702500000000004,10.000000000000034,13.493177387914274,30.27099686518277,34.867309785615134,27.118647944248423,25.702500000000004,24.286352055751586,-0.4992365290460157,-0.3413048648140971,-0.15793166423191857
2021-01-25,1514,636419,15675322,24.5,24.9,24.1,24.75,0.35,401,24.649999999999974,25.294999999999984,25.630000000000006,20.000000000000018,14.331384015594574,39.35003588610403,39.451409400926266,27.084785207512965,25.630000000000006,24.175214792487047,-0.5039962353223792,-0.37384313891575355,-0.1301530964066257
2021-01-26,1514,688687,16723228,24.75,24.75,24.1,24.15,-0.6,448,24.399999999999977,25.059999999999985,25.545000000000005,21.737373737373726,17.245791245791263,31.22004666581194,34.914789925800626,27.131158882331317,25.545000000000005,23.958841117668694,-0.5498450509483384,-0.4090435213222705,-0.14080152962606785
2021-01-27,1514,457954,11065147,24.2,24.35,24.0,24.15,0.0,293,24.30999999999998,24.834999999999987,25.455000000000005,21.401772830344242,21.04638218923933,31.220046665811935,34.91478992580063,27.140200284832222,25.455000000000005,23.76979971516779,-0.5795004472256764,-0.4431349065029517,-0.13636554072272472
2021-01-28,1514,718068,17157742,24.0,24.1,23.75,23.8,-0.35,413,24.24999999999998,24.614999999999988,25.347500000000004,11.103669849314443,18.080938805677473,26.82037684124341,32.39462508371126,27.16201784229278,25.347500000000004,23.532982157707227,-0.6240509662779985,-0.479318118457961,-0.14473284782003748
2021-01-29,1514,1640510,38889449,23.85,24.1,23.5,23.55,-0.25,585,24.07999999999998,24.419999999999987,25.220000000000006,6.979822681989042,13.161755120549243,24.001688338233578,30.690579337480667,27.159175082347847,25.220000000000006,23.280824917652165,-0.6717865471163904,-0.5178118041896469,-0.1539747429267435
2021-02-01,1514,985618,22762902,23.55,23.55,22.9,23.3,-0.25,552,23.78999999999998,24.219999999999988,25.090000000000007,6.870979144574122,8.318157225292536,21.380238544450613,29.045195313879514,27.172690567510813,25.090000000000007,23.0073094324892,-0.721473551509817,-0.5585441536536809,-0.16292939785613603
2021-02-02,1514,696284,16378533,23.25,23.75,23.25,23.65,0.35,449,23.68999999999998,24.044999999999987,24.977500000000006,18.253092965712316,10.701298264091827,33.28214779673095,34.3515851518489,27.115366927570353,24.977500000000006,22.83963307242966,-0.7242599674703669,-0.5916873164170181,-0.1325726510533488
2021-02-03,1514,681905,16378101,23.65,24.3,23.65,24.0,0.35,406,23.65999999999998,23.98499999999999,24.927500000000006,35.86178861788624,20.328620242724227,43.29686662915647,39.244708209750286,27.107287833712068,24.927500000000006,22.747712166287943,-0.6902691541349562,-0.6114036839606057,-0.07886547017435042
2021-02-04,1514,437406,10466542,23.8,24.25,23.8,23.8,-0.2,314,23.65999999999998,23.95499999999999,24.832500000000007,45.52845528455291,33.21444562271716,39.35827048966404,37.52358162144807,27.034833989203126,24.832500000000007,22.630166010796888,-0.671726275833592,-0.623468202335203,-0.048258073498389065
2021-02-05,1514,405643,9671862,23.8,24.0,23.75,23.8,0.0,288,23.70999999999998,23.89499999999999,24.702500000000008,49.54954954954965,43.6465978173296,39.35827048966404,37.523581621448066,26.824874849078103,24.702500000000008,22.580125150921912,-0.6495433794341352,-0.6286832377549894,-0.02086014167914585
2021-02-17,1514,761130,18411823,24.0,24.45,23.8,24.25,0.45,526,23.89999999999998,23.84499999999999,24.57000000000001,60.248474280732445,51.775493038278334,52.57129753620787,43.93925782501343,26.44333926452167,24.57000000000001,22.696660735478353,-0.5888639776461382,-0.6207193857332192,0.03185540808708098
2021-02-18,1514,888819,21867836,24.2,24.75,24.2,24.7,0.45,525,24.10999999999998,23.899999999999988,24.48000000000001,77.68090671316483,62.49297684781564,62.18413454726349,49.52160142691939,26.1339044712432,24.48000000000001,22.826095528756824,-0.49871499929205143,-0.5963185084449856,0.09760350915293414
2021-02-19,1514,677765,16511859,24.7,24.7,24.2,24.45,-0.25,517,24.19999999999998,23.929999999999986,24.38250000000001,89.3926184248765,75.77399980625792,54.96374048883551,46.73719550665819,25.78259821084043,24.38250000000001,22.982401789159592,-0.44234511597426973,-0.5655238299508424,0.12317871397657265
2021-02-22,1514,1187798,28972844,24.45,24.7,24.2,24.5,0.05,725,24.339999999999982,23.999999999999986,24.30750000000001,89.18918918918918,85.42090477574351,56.15172453524935,47.374502612322445,25.49799359511022,24.30750000000001,23.117006404889803,-0.3891511035062152,-0.5302492846619169,0.14109818115570172
2021-02-23,1514,700269,17301437,24.5,24.95,24.5,24.7,0.2,484,24.519999999999985,24.114999999999984,24.26750000000001,85.18812930577637,87.92331230661402,60.95778790523943,49.954020811954315,25.34326716811731,24.26750000000001,23.191732831882707,-0.32708569654684183,-0.4896165670389019,0.16253087049206005
2021-02-24,1514,1105727,27038846,24.75,24.9,24.2,24.35,-0.35,686,24.539999999999985,24.21999999999998,24.22000000000001,75.20891932656646,83.19541260717733,49.81105585655215,45.72964146019724,25.1876776322718,24.22000000000001,23.25232236772822,-0.30265170879751224,-0.45222359539062396,0.1495718865931117
2021-02-25,1514,692412,16881861,24.45,24.6,24.25,24.4,0.05,400,24.479999999999983,24.29499999999998,24.17000000000001,64.43564605329315,74.94423156187867,51.295408259337805,46.42663385461896,24.978949936645648,24.17000000000001,23.36105006335437,-0.276070644791087,-0.4169930052707166,0.14092236047962958
2021-02-26,1514,885130,21646930,24.3,24.75,24.0,24.4,0.0,551,24.46999999999998,24.334999999999983,24.160000000000007,54.05982905982907,64.56813147989622,51.295408259337805,46.426633854618956,24.952212092813415,24.160000000000007,23.3677879071866,-0.25209892062888883,-0.384014188342351,0.13191526771346218
2021-03-02,1514,616379,15041733,24.5,24.65,24.15,24.2,-0.2,471,24.409999999999982,24.37499999999998,24.165000000000006,47.705314009661755,55.400263040927996,44.18129221384696,43.81610512962556,24.956896457877992,24.165000000000006,23.37310354212202,-0.24639914904165394,-0.3564911804822116,0.11009203144055768
2021-03-03,1514,1141916,28057904,24.45,24.8,24.05,24.75,0.55,645,24.41999999999998,24.469999999999978,24.182500000000008,55.96554792779046,52.57689699909377,61.370093608669784,51.83651497229344,25.009104500350333,24.182500000000008,23.355895499649684,-0.19525090464662043,-0.32424312531509336,0.12899222066847293
2021-03-04,1514,5744532,145506367,24.9,25.55,24.9,25.45,0.7,2747,24.639999999999983,24.58999999999998,24.21750000000001,69.09278807115965,57.58788333620396,73.49111880997204,59.71811721581945,25.184596168950833,24.21750000000001,23.250403831049184,-0.09711195642092108,-0.2788168915362589,0.1817049351153378
2021-03-05,1514,1532850,38298325,25.3,25.3,24.75,25.05,-0.4,903,24.769999999999985,24.62499999999998,24.26250000000001,80.07923033389928,68.37918877761648,60.77754635086357,54.254514344992586,25.29442780755181,24.26250000000001,23.23057219244821,-0.051024610017069705,-0.23325843523242104,0.18223382521535134
2021-03-08,1514,1258297,31097877,25.05,25.3,24.5,24.55,-0.5,794,24.799999999999986,24.634999999999984,24.28250000000001,65.59139784946238,71.58780541817379,48.5333605775571,48.30526485918818,25.3204185902561,24.28250000000001,23.24458140974392,-0.054220853033800864,-0.197450918792697,0.14323006575889613
2021-03-09,1514,695248,17070860,24.75,24.8,24.4,24.55,0.0,443,24.869999999999983,24.639999999999983,24.32000000000001,46.236559139784994,63.9690624410489,48.53336057755708,48.30526485918817,25.33950968607381,24.32000000000001,23.30049031392621,-0.056107130576439346,-0.16918216114944545,0.11307503057300611
2021-03-10,1514,490316,12133602,24.75,24.85,24.6,24.75,0.2,327,24.869999999999983,24.644999999999985,24.38000000000001,39.78494623655917,50.5376344086022,53.6204233610601,50.807644939204934,25.35128780492641,24.38000000000001,23.40871219507361,-0.04099116989814888,-0.14354396289918614,0.10255279300103726
2021-03-11,1514,662251,16583548,24.95,25.2,24.95,24.95,0.2,430,24.769999999999985,24.704999999999984,24.46250000000001,48.387096774193544,44.80286738351259,58.41573766481907,53.2450048268861,25.327297664196156,24.46250000000001,23.597702335803863,-0.012726628969023324,-0.11738049611315357,0.10465386714413025
2021-03-12,1514,548155,13709805,25.05,25.1,24.95,25.0,0.05,326,24.759999999999984,24.764999999999983,24.53000000000001,57.670250896057325,48.614097968936704,59.63305274820683,53.860492964321395,25.339567785919872,24.53000000000001,23.720432214080144,0.013551591177375144,-0.09119407865504783,0.10474566983242298
2021-03-15,1514,980876,24786183,25.0,25.45,25.0,25.35,0.35,572,24.919999999999987,24.85999999999998,24.59750000000001,70.43010752688171,58.82915173237755,67.4214859958134,58.02588552036233,25.443357553018338,24.59750000000001,23.751642446981684,0.06190573412765943,-0.06057411609850638,0.12247985022616581
2021-03-16,1514,723439,18394382,25.5,25.7,25.25,25.25,-0.1,478,25.059999999999988,24.964999999999982,24.67000000000001,71.79487179487184,66.63174340593697,63.34738640047723,56.45761087362783,25.477712820251757,24.67000000000001,23.86228717974826,0.09110734773112839,-0.030237823332579426,0.12134517106370782
2021-03-17,1514,592614,14937354,25.25,25.35,25.05,25.05,-0.2,390,25.119999999999987,24.994999999999983,24.73250000000001,67.35042735042747,69.85846889072702,55.51932404520367,53.351873701737205,25.449629695381976,24.73250000000001,24.015370304618042,0.0969934285004399,-0.004791572965975557,0.10178500146641546
2021-03-18,1514,621034,15769280,25.3,25.55,25.25,25.4,0.35,364,25.209999999999987,24.989999999999988,24.79000000000001,64.10256410256419,67.74928774928786,64.4807018796272,57.73373665669618,25.527292343645428,24.79000000000001,24.052707656354592,0.12841991994647728,0.021850725616515007,0.10656919432996227
2021-03-19,1514,579761,14568795,25.3,25.3,25.0,25.15,-0.25,374,25.239999999999988,24.999999999999986,24.812500000000007,61.53846153846158,64.33048433048444,55.21132877101969,53.843178399994414,25.564746635086443,24.812500000000007,24.06025336491357,0.13163532013985346,0.0438076445211827,0.08782767561867076
2021-03-22,1514,929260,23596665,25.05,25.5,25.05,25.5,0.35,520,25.26999999999999,25.094999999999985,24.86500000000001,72.14452214452216,65.928515928516,63.72795320005308,58.10020953054126,25.65436683487365,24.86500000000001,24.07563316512637,0.16057461863734446,0.06716103934441506,0.0934135792929294
2021-03-23,1514,763023,19485413,25.8,25.8,25.35,25.5,0.0,503,25.319999999999986,25.189999999999984,24.91500000000001,68.07212395447691,67.25170254582025,63.72795320005308,58.10020953054126,25.73176189920828,24.91500000000001,24.09823810079174,0.18141794801700328,0.0900124210789327,0.09140552693807058
2021-03-24,1514,896234,22946885,25.5,25.75,25.35,25.7,0.2,538,25.44999999999999,25.284999999999982,24.96500000000001,78.25311942958997,72.82325517619638,68.40126300561175,60.513716242820834,25.843122998217297,24.96500000000001,24.086877001782725,0.21163516678434746,0.11433697022001565,0.09729819656433181
2021-03-25,1514,607449,15642714,25.8,25.9,25.65,25.8,0.1,420,25.529999999999987,25.369999999999983,25.03750000000001,80.6100217864924,75.64508839018646,70.61011771232552,61.70159478522418,25.939650209221544,25.03750000000001,24.135349790778474,0.24087503713728964,0.13964458360347046,0.10123045353381918
2021-03-26,1514,821488,21110331,25.85,25.85,25.6,25.8,0.0,444,25.65999999999999,25.449999999999985,25.10750000000001,88.67102396514171,82.5113883937414,70.61011771232552,61.70159478522418,26.018145375542968,25.10750000000001,24.19685462445705,0.26103875280255906,0.16392341744328817,0.09711533535927089
2021-03-29,1514,2336008,61445437,26.15,26.6,26.0,26.1,0.3,1179,25.77999999999999,25.524999999999984,25.192500000000013,82.17592592592608,83.81899055918677,77.13629500287705,65.33041188117815,26.1397460081714,25.192500000000013,24.245253991828626,0.2977933590610746,0.19069740576684546,0.10709595329422916
2021-03-30,1514,907573,23619861,26.1,26.15,25.85,26.05,-0.05,538,25.889999999999993,25.604999999999983,25.285000000000014,74.42129629629638,81.75608206245477,73.94360198386426,64.237942078081,26.18672057756111,25.285000000000014,24.383279422438918,0.3192074424936884,0.21639941311221406,0.10280802938147432
2021-03-31,1514,992562,25739524,26.0,26.15,25.8,25.85,-0.2,640,25.919999999999995,25.684999999999985,25.340000000000014,62.50000000000002,73.03240740740753,61.97319179341859,59.92154191613581,26.238665677544482,25.340000000000014,24.441334322455546,0.3163927506817039,0.23639808062611203,0.07999467005559188
2021-04-01,1514,1327663,34742901,25.85,26.65,25.85,25.95,0.1,689,25.949999999999996,25.739999999999988,25.365000000000016,58.333333333333336,65.08487654320996,65.25433960181276,61.32100034407575,26.301536171216334,25.365000000000016,24.4284638287837,0.31855910039389457,0.25283028457966855,0.06572881581422602
2021-04-06,1514,952577,24756204,26.05,26.2,25.85,26.05,0.1,571,25.999999999999993,25.829999999999984,25.415000000000013,54.407051282051306,58.413461538461604,68.4321482229446,62.722772050519296,26.385103087304284,25.415000000000013,24.444896912695743,0.3246032877707492,0.2671848852178847,0.05741840255286451
2021-04-07,1514,1427863,37656453,26.1,26.55,26.1,26.4,0.35,798,26.059999999999995,25.91999999999998,25.507500000000014,63.62179487179487,58.787393162393215,77.01578997856345,67.20289828249561,26.48283327637108,25.507500000000014,24.53216672362895,0.3535598073649133,0.2844598696472904,0.0690999377176229
2021-04-08,1514,1209126,32085766,26.6,26.6,26.45,26.55,0.15,665,26.159999999999997,26.024999999999984,25.60750000000001,75.0305250305251,64.3531237281238,79.766626925107,68.92652930935658,26.579752539208943,25.60750000000001,24.635247460791074,0.3841831796125952,0.30440453164035136,0.07977864797224382
2021-04-09,1514,1362812,36170371,26.6,26.85,26.35,26.5,-0.05,671,26.29,26.104999999999983,25.69500000000001,81.08180708180709,73.24470899470906,76.21910844414292,67.65026170378353,26.65775645933833,25.69500000000001,24.732243540661692,0.3998090902953919,0.3234854433713595,0.07632364692403243
2021-04-12,1514,11446404,316737356,26.7,28.45,26.65,27.1,0.6,5017,26.52,26.234999999999985,25.80250000000001,70.51093141659183,75.54108784297472,85.34424886858328,73.89651692212166,26.881608428286167,25.80250000000001,24.72339157171385,0.45535863182413294,0.3498600810619142,0.10549855076221876
2021-04-13,1514,2858183,76115844,27.1,27.1,26.0,26.15,-0.95,1456,26.54,26.269999999999982,25.860000000000007,44.75471698113203,65.44915182651036,49.943638650712465,55.593267676928946,26.88303470126813,25.860000000000007,24.836965298731883,0.4179076044540686,0.36346958574034505,0.05443801871372356
2021-04-14,1514,2419648,62140662,26.15,26.15,25.25,25.7,-0.45,1196,26.399999999999995,26.229999999999983,25.87750000000001,25.442216981132063,46.902621792952026,40.63000655944446,49.35697674957355,26.876737209074264,25.87750000000001,24.878262790925753,0.34790571572306206,0.36035681173688844,-0.01245109601382638
2021-04-15,1514,11101764,305429226,25.7,28.15,25.7,27.5,1.8,5069,26.589999999999996,26.374999999999982,25.99000000000001,32.52751572327042,34.241483228511555,68.25564034980252,65.85612814851261,27.171355154048957,25.99000000000001,24.80864484595106,0.43268593719337645,0.37482263682818606,0.057863300365190384
2021-04-16,1514,2505430,67457927,27.4,27.4,26.1,27.05,-0.45,1376,26.7,26.494999999999983,26.09000000000001,46.87500000000001,34.94824423480088,60.09919876999377,60.54547017734482,27.274736257568684,26.09000000000001,24.905263742431337,0.45828085786449435,0.3915142810354477,0.06676657682904663
2021-04-19,1514,2966106,80085120,27.1,27.55,26.45,27.55,0.5,1578,26.790000000000003,26.654999999999983,26.19750000000001,66.14583333333336,48.516116352201315,65.4510210326843,64.01751603486599,27.49691332915979,26.19750000000001,24.89808667084023,0.5129973243975421,0.4158108897078666,0.09718643468967547
2021-04-20,1514,7934653,223143596,28.35,28.55,27.6,27.65,0.1,3564,27.090000000000003,26.81499999999998,26.32250000000001,66.95075757575758,59.99053030303037,66.49947288421184,64.68684524278312,27.674711152149694,26.32250000000001,24.970288847850323,0.5579974355057971,0.4442481988674527,0.11374923663834435
2021-04-21,1514,2438928,66355116,27.55,27.55,27.0,27.2,-0.45,1339,27.390000000000004,26.894999999999982,26.40750000000001,67.89772727272725,66.99810606060612,57.360715692423405,59.337788669982395,27.755934277225936,26.40750000000001,25.059065722774083,0.5509975517814318,0.4655980694502485,0.08539948233118333
2021-04-22,1514,2935284,78955625,27.3,27.5,26.3,26.6,-0.6,1450,27.21,26.899999999999984,26.462500000000013,57.57575757575754,64.14141414141417,47.25815967096472,53.03999906701821,27.746585277540852,26.462500000000013,25.178414722459173,0.49137089015372126,0.47075263359094305,0.020618256562778214
2021-04-23,1514,1120815,29949077,26.65,26.95,26.6,26.7,0.1,538,27.140000000000004,26.91999999999998,26.51250000000001,47.97979797979796,57.81776094276097,49.00455916034716,53.91785432667188,27.750997073067932,26.51250000000001,25.274002926932088,0.44703238443225146,0.46600858375920473,-0.01897619932695327
2021-04-26,1514,1601248,42680375,26.7,26.9,26.45,26.75,0.05,795,26.980000000000008,26.88499999999998,26.560000000000013,43.434343434343425,49.66329966329969,49.97089446874561,54.37708672589683,27.75774788665952,26.560000000000013,25.362252113340507,0.4111884567652062,0.455044558360405,-0.043856101595198815
2021-04-27,1514,1632452,44026211,27.0,27.35,26.65,26.9,0.15,955,26.830000000000005,26.95999999999998,26.615000000000016,43.83306751727801,45.08240297713985,53.08259991475133,55.80015746247315,27.76829961414913,26.615000000000016,25.461700385850904,0.3903855110800265,0.44211274890432933,-0.05172723782430283
2021-04-28,1514,2233694,60887564,27.2,27.5,27.0,27.4,0.5,1248,26.870000000000005,27.129999999999978,26.680000000000014,46.87367770074531,44.713696217455634,62.22068768319032,60.25091594680637,27.8561802582925,26.680000000000014,25.503819741707527,0.409524109063657,0.43559502093619484,-0.02607091187253785
2021-04-29,1514,2295225,62295775,27.85,27.85,26.75,26.8,-0.6,1076,26.910000000000007,27.05999999999998,26.717500000000012,39.129569956637575,43.278771724887015,48.88959223480091,53.31323573310816,27.85823441255934,26.717500000000012,25.576765587440683,0.371988547836434,0.42287372631624265,-0.05088517847980867
2021-05-03,1514,1516647,39740233,26.8,26.8,26.0,26.0,-0.8,847,26.770000000000003,26.954999999999977,26.725000000000012,25.09448223733935,37.03257663157413,36.668506749753575,45.74914057120159,27.844598142191007,26.725000000000012,25.605401857809017,0.2745234950477382,0.39320368006254175,-0.11868018501480354
2021-05-04,1514,2316557,57894556,26.15,26.2,24.2,24.9,-1.1,1286,26.400000000000006,26.689999999999976,26.672500000000014,13.800101471334344,26.008051221770476,26.173121650495695,37.80633545176315,28.009838775328504,26.672500000000014,25.335161224671523,0.10728422582528196,0.3360197892150898,-0.22873556338980783
2021-05-05,1514,941234,23707878,24.85,25.6,24.7,25.05,0.15,526,26.03000000000001,26.42999999999997,26.622500000000013,14.155251141552517,17.683278283408793,29.38845660350507,39.35260907087412,28.114972780320297,26.622500000000013,25.13002721967973,-0.013000491951004278,0.26621573298187096,-0.27921622493287523
2021-05-06,1514,2387385,61931638,25.4,26.3,25.4,26.1,1.05,1134,25.770000000000003,26.319999999999975,26.607500000000016,31.506849315068507,19.820733975985178,47.91420757198701,48.92520180626369,28.114574981544205,26.607500000000016,25.100425018455827,-0.0233318179358335,0.20830622279833005,-0.23163804073416355
2021-05-07,1514,6436796,171995226,26.3,27.35,26.1,26.3,0.2,2873,25.670000000000005,26.289999999999974,26.595000000000017,44.292237442922406,29.98477929984786,50.783646818984465,50.52701174309293,28.107911101154468,26.595000000000017,25.082088898845566,-0.015205856038637222,0.1636038070309366,-0.17880966306957383
2021-05-10,1514,1127459,29314781,26.3,26.3,25.8,25.95,-0.35,663,25.660000000000004,26.214999999999975,26.567500000000017,52.51141552511417,42.77016742770175,45.64917760223048,47.70725597484659,28.106095138428714,26.567500000000017,25.02890486157132,-0.03658630348626346,0.12356578492749659,-0.16015208841376005
2021-05-11,1514,2230017,55770735,25.8,25.8,24.4,24.8,-1.15,1140,25.640000000000004,26.019999999999975,26.452500000000015,40.63926940639271,45.814307458143155,32.898688581365434,39.840024084919015,28.150285322117245,26.452500000000015,24.754714677882784,-0.14465832010778001,0.06992096392044127,-0.2145792840282213
2021-05-12,1514,3080182,71733126,24.6,24.6,22.4,23.35,-1.45,1500,25.300000000000004,25.664999999999974,26.312500000000018,27.27158476812872,40.14075656654526,23.317915416632438,32.551174030269024,28.482955021417446,26.312500000000018,24.14204497858259,-0.34335111580717026,-0.01273345202508104,-0.33061766378208923
2021-05-13,1514,1646761,36537525,21.1,23.0,21.1,22.25,-1.1,966,24.53000000000001,25.149999999999974,26.140000000000022,17.4231829416447,28.4446790387221,18.539433877852503,28.31846428702029,28.93599713876739,26.140000000000022,23.344002861232653,-0.5828585641094612,-0.1267584744419571,-0.45610008966750415
2021-05-14,1514,6303815,149396955,24.0,24.4,22.55,22.7,0.45,2682,23.81000000000001,24.739999999999974,25.900000000000023,20.477064220183493,21.72394397665236,25.796958456036695,32.20238841516278,28.995803611341483,25.900000000000023,22.804196388658564,-0.7279671510800902,-0.24700020976958373,-0.48096694131050655
2021-05-17,1514,2389161,50507974,21.2,21.9,20.5,20.5,-2.2,1267,22.720000000000006,24.189999999999973,25.572500000000023,14.666666666666659,17.522304609498338,17.104953757246268,25.054932007771548,29.409487750826898,25.572500000000023,21.735512249173148,-1.0088588684949151,-0.39937194151465005,-0.6094869269802651
2021-05-18,1514,1749616,38160003,21.0,22.55,21.0,22.5,2.0,838,22.26000000000001,23.94999999999997,25.32000000000002,18.265693430656935,17.803141439169085,38.92919661522568,38.43325362940888,29.266314736560602,25.32000000000002,21.37368526343944,-1.0578896001618574,-0.5310754732440915,-0.5268141269177659
2021-05-19,1514,1674825,37924853,22.7,23.2,22.25,22.5,0.0,748,22.09000000000001,23.694999999999972,25.06250000000002,19.46472019464721,17.465693430656994,38.929196615225685,38.433253629408874,29.039040581962688,25.06250000000002,21.085959418037355,-1.0842482691298407,-0.6417100324212414,-0.4425382367085994
2021-05-20,1514,6485527,151206043,22.85,23.95,22.7,22.75,0.25,2584,22.19000000000001,23.35999999999997,24.840000000000025,32.395754677405826,23.375389434236713,41.54748455454474,39.98631371384638,28.811221474558614,24.840000000000025,20.868778525441435,-1.0726005223767814,-0.7278881304123493,-0.34471239196443204
2021-05-21,1514,1098240,25383342,23.3,23.5,22.8,23.2,0.45,527,22.29000000000001,23.04999999999997,24.670000000000023,39.644526655553925,30.501667175869045,46.37547625563129,42.784108844979166,28.616314736560664,24.670000000000023,20.723685263439382,-1.0153539911898903,-0.7853813025678575,-0.2299726886220328
2021-05-24,1514,848249,19638247,23.2,23.5,23.05,23.3,0.1,426,22.85000000000001,22.78499999999997,24.50000000000002,52.67639420050674,41.57222517782222,47.49971676959633,43.41540908777306,28.37414506697879,24.50000000000002,20.62585493302125,-0.9509545266851767,-0.8184959473913214,-0.1324585792938553
2021-05-25,1514,1140877,26941662,23.5,23.8,23.5,23.7,0.4,560,23.09000000000001,22.67499999999997,24.34750000000002,67.09578706817548,53.13890264141211,52.17842968261206,45.982822762710455,28.093361049210962,24.34750000000002,20.60163895078908,-0.8577531852448992,-0.8263473949620369,-0.03140579028286228
2021-05-26,1514,564248,13316966,23.9,23.9,23.45,23.55,-0.15,293,23.300000000000008,22.694999999999972,24.180000000000025,76.18303106107987,65.31840410992076,50.220383923026986,45.155407764021,27.749789909783974,24.180000000000025,20.610210090216075,-0.7869230381307801,-0.8184625235957855,0.0315394854650054
2021-05-27,1514,533371,12591326,23.6,23.8,23.45,23.6,0.05,298,23.47000000000001,22.82999999999997,23.990000000000027,83.3704942400595,75.54977078977169,50.936390257377006,45.50739648535709,27.244627474841803,23.990000000000027,20.73537252515825,-0.7184729452279122,-0.7984646079222109,0.07999166269429869
2021-05-28,1514,718933,17228665,23.75,24.2,23.75,23.9,0.3,417,23.610000000000007,22.94999999999997,23.845000000000024,86.22840022296548,81.92730850803503,55.424463545522244,47.67720689851056,26.83346114246043,23.845000000000024,20.85653885753962,-0.6327246052586837,-0.7653166073895055,0.13259200213082178
2021-05-31,1514,992110,23753172,24.0,24.25,23.8,23.85,-0.05,505,23.72000000000001,23.28499999999997,23.737500000000026,86.82669082125608,85.47519509476042,54.45587194530884,47.33888068427343,26.558116067456844,23.737500000000026,20.916883932543207,-0.562320924596083,-0.7247174708308209,0.16239654623473798
2021-06-01,1514,705110,16984807,23.85,24.25,23.85,24.2,0.35,333,23.82000000000001,23.45499999999997,23.702500000000025,89.13306451612904,87.39605185345027,60.14409599285386,50.012905665889626,26.481614067467433,23.702500000000025,20.923385932532618,-0.47283290214423346,-0.6743405570935035,0.20150765494927003
2021-06-02,1514,866410,20984890,24.3,24.35,24.1,24.3,0.1,436,23.97000000000001,23.63499999999997,23.665000000000028,91.18279569892474,89.04751701210336,61.737043876220135,50.781889047499206,26.390087154568608,23.665000000000028,20.939912845431447,-0.38935558652361735,-0.6173435629795263,0.22798797645590896
2021-06-03,1514,746214,18328814,24.3,24.7,24.3,24.5,0.2,427,24.150000000000013,23.80999999999997,23.585000000000026,93.80905832518734,91.3749728467471,65.00097945912543,52.360379762404364,26.105734020081282,23.585000000000026,21.06426597991877,-0.3035616146097624,-0.5545871733055735,0.2510255586958111
2021-06-04,1514,769712,18797855,24.5,24.7,24.2,24.2,-0.3,385,24.21000000000001,23.90999999999997,23.480000000000025,81.55099380905831,88.8476159443902,56.558009832373,49.78133109194506,25.696167863676987,23.480000000000025,21.263832136323064,-0.25681634755919447,-0.4950330081562977,0.23821666059710322
2021-06-07,1514,599478,14423388,24.45,24.45,23.7,24.1,-0.1,353,24.26000000000001,23.98999999999997,23.387500000000024,66.62626262626269,80.66210492016951,53.83848104967305,48.91641339062849,25.31982373064013,23.387500000000024,21.455176269359917,-0.2252430887867085,-0.4410750242823799,0.21583193549567137
2021-06-08,1514,310096,7451059,24.3,24.3,23.9,23.95,-0.15,199,24.210000000000008,24.01499999999997,23.345000000000024,50.666666666666714,66.28130770066265,49.65977043028459,47.58099383423877,25.18643965418228,23.345000000000024,21.503560345817768,-0.20990514429217555,-0.394841048284339,0.18493590399216348
2021-06-09,1514,361908,8694052,24.1,24.15,23.85,23.9,-0.05,191,24.130000000000006,24.04999999999997,23.372500000000024,37.33333333333336,51.542087542087664,48.20476373517047,47.119224921418486,25.229776231472993,23.372500000000024,21.515223768527054,-0.19948475878458183,-0.3557697903843876,0.15628503159980578
2021-06-10,1514,1933332,47727481,24.2,25.2,24.0,25.1,1.2,784,24.250000000000007,24.199999999999967,23.515000000000022,51.11111111111112,46.37037037037047,71.54711570413998,57.723600508424276,25.44194058029692,23.515000000000022,21.588059419703125,-0.09332081277396753,-0.3032799948623036,0.20995918208833608
2021-06-11,1514,8598857,225639396,26.3,27.1,25.55,25.6,0.5,4009,24.53000000000001,24.36999999999997,23.660000000000025,56.405228758169955,48.28322440087155,76.6602436555264,61.2137094051596,25.74940182827411,23.660000000000025,21.57059817172594,0.030805592935479353,-0.236462877302747,0.26726847023822636
2021-06-15,1514,1566226,39481096,25.6,25.6,25.05,25.35,-0.25,849,24.78000000000001,24.519999999999968,23.902500000000025,65.91503267973862,57.81045751633997,69.38658873010912,58.60842165050404,25.547028807894552,23.902500000000025,22.257971192105497,0.10776154506754665,-0.16761799282868828,0.2753795378962349
2021-06-16,1514,1484846,36213388,25.35,25.4,25.05,25.15,-0.2,466,25.020000000000003,24.61499999999997,24.035000000000025,49.019607843137244,57.113289760348685,63.74184888108989,56.535407816311334,25.632529342451807,24.035000000000025,22.437470657548243,0.15087220220728526,-0.10391995382149356,0.2547921560287788
2021-06-17,1514,643156,16066827,25.1,25.1,24.9,25.05,-0.1,386,25.250000000000004,24.68999999999997,24.162500000000026,43.62745098039215,52.85403050108942,60.85400091740548,55.478775881754494,25.65309551857449,24.162500000000026,22.671904481425564,0.1749518087730948,-0.04814560130257589,0.2230974100756707
2021-06-18,1514,732073,18382070,25.15,25.35,25.0,25.05,0.0,384,25.240000000000002,24.74499999999997,24.277500000000025,40.6862745098039,44.444444444444514,60.85400091740548,55.478775881754494,25.665835334130257,24.277500000000025,22.889164665869792,0.19182384458649793,-0.00015171212476112333,0.19197555671125904
2021-06-21,1514,947223,23328621,24.85,24.85,24.5,24.5,-0.55,578,25.02,24.77499999999997,24.342500000000026,33.137254901960766,39.150326797385695,45.441884757656226,49.56931117706276,25.64183636907253,24.342500000000026,23.043163630927523,0.15898200547065855,0.03167503139432281,0.12730697407633573
2021-06-22,1514,616777,15361042,24.6,25.1,24.6,24.85,0.35,379,24.919999999999998,24.849999999999973,24.420000000000027,30.15837104072396,34.660633484162965,54.07678903991224,53.000204978088625,25.644091499845725,24.420000000000027,23.195908500154328,0.15935968701271364,0.057211962518000974,0.10214772449471266
2021-06-23,1514,536344,13438707,24.85,25.15,24.85,25.15,0.3,351,24.919999999999998,24.969999999999974,24.492500000000028,29.288668320926337,30.861431421203775,60.351889263914636,55.77732878149472,25.709165525111175,24.492500000000028,23.27583447488888,0.1817711504771431,0.08212380010982939,0.0996473503673137
2021-06-24,1514,473909,11963692,25.25,25.35,25.15,25.2,0.05,308,24.95,25.099999999999973,24.575000000000024,31.59636062861865,30.347799996756404,61.37805636064202,56.241412153741834,25.7478171212914,24.575000000000024,23.402182878708647,0.20124712726007488,0.1059484655398785,0.09529866172019638
2021-06-25,1514,550466,13868659,25.2,25.35,25.05,25.15,-0.05,337,24.97,25.104999999999972,24.652500000000025,41.03692006917802,33.97398300624109,59.57903692244664,55.61290346048633,25.760414707905724,24.652500000000025,23.544585292094325,0.2102240648847662,0.12680358540885603,0.08342047947591016
2021-06-28,1514,583116,14630665,25.05,25.25,25.0,25.2,0.05,359,25.11,25.064999999999973,24.717500000000022,54.597254597254526,42.41017843168382,60.915550910996316,56.140741927007184,25.79326716811542,24.717500000000022,23.641732831884624,0.21885016627294362,0.14521290158167355,0.07363726469127008
2021-06-29,1514,749735,18947423,25.3,25.55,25.15,25.15,-0.05,428,25.169999999999998,25.044999999999973,24.78250000000002,66.25781625781615,53.96399697474965,58.652972352914205,55.430868909948316,25.7960457562414,24.78250000000002,23.76895424375864,0.21912588483891682,0.1599954982331222,0.059130386605794616
2021-06-30,1514,714774,18117250,25.15,25.5,25.15,25.2,0.05,419,25.18,25.049999999999972,24.83250000000002,68.7830687830687,63.212713212713204,60.37026173427989,56.0296215043086,25.824606345103607,24.83250000000002,23.840393654896435,0.22083334656623066,0.1721630678997439,0.048670278666486766
2021-07-01,1514,1523164,38818385,25.5,25.95,25.1,25.3,0.1,781,25.199999999999996,25.07499999999997,24.88250000000002,61.24794745484394,65.42961083190967,63.871531160676874,57.26613841166157,25.86294632693213,24.88250000000002,23.902053673067915,0.22763169012391415,0.18325679234457795,0.0443748977793362
2021-07-02,1514,795391,20251655,25.35,25.6,25.3,25.45,0.15,422,25.259999999999998,25.11499999999997,24.93000000000002,61.600681140911,63.87723245960796,68.70942100407397,59.12306249348147,25.92368002898044,24.93000000000002,23.936319971019604,0.24232974630017523,0.1950713831356974,0.04725836316447782
2021-07-05,1514,857582,22066963,25.75,25.95,25.55,25.65,0.2,502,25.35,25.22999999999997,25.00250000000002,63.62088316111302,62.15650391895607,74.10366153849617,61.523763189917844,25.984067623750423,25.00250000000002,24.020932376249615,0.2670381407824287,0.20946473466504367,0.05757340611738504
2021-07-06,1514,977733,25252974,25.9,26.0,25.7,25.85,0.2,516,25.49,25.32999999999997,25.09000000000002,73.56341189674522,66.26165873292315,78.43990924454565,63.81253507924185,26.045824251625213,25.09000000000002,24.13417574837483,0.29930781576673127,0.2274333508853812,0.07187446488135008
2021-07-07,1514,917273,23676727,25.9,26.05,25.6,25.6,-0.25,564,25.57,25.374999999999968,25.17250000000002,71.62337662337666,69.60255722707838,63.044827937230664,59.08150037431222,25.996195939042554,25.17250000000002,24.348804060957487,0.30123638943515374,0.2421939585953357,0.05904243083981803
2021-07-08,1514,425288,10920922,25.65,25.8,25.6,25.65,0.05,276,25.639999999999997,25.41999999999997,25.260000000000023,68.01587301587303,71.0675538453317,64.66309501351297,59.72463850919184,25.86794736613873,25.260000000000023,24.652052633861317,0.3033030908627161,0.2544157850488118,0.048887305813904325
2021-07-09,1514,734076,18730332,25.65,25.65,25.4,25.5,-0.15,387,25.65,25.45499999999997,25.280000000000022,53.71762740183786,64.45229234702926,56.06958897287527,56.83839920190208,25.891882341626822,25.280000000000022,24.668117658373223,0.28950004393716,0.26143263682648143,0.028067407110678566
2021-07-12,1514,1205792,31307018,25.7,26.1,25.65,26.0,0.5,699,25.72,25.53499999999997,25.30000000000002,64.67000835421874,62.13450292397661,71.03782464630368,63.21905251652444,25.975277720642115,25.30000000000002,24.624722279357922,0.31527258501899524,0.2722006264649842,0.043071958554011025
2021-07-13,1514,3103506,81736536,26.15,26.9,25.6,25.65,-0.35,1591,25.68,25.584999999999972,25.31500000000002,54.220272904483316,57.535969553513375,55.573863065033194,56.88018955238411,26.007170499223633,25.31500000000002,24.622829500776405,0.3039516689432915,0.2785508349606457,0.02540083398264581
2021-07-14,1514,905172,23131992,25.65,25.9,25.2,25.8,0.15,533,25.720000000000006,25.64499999999997,25.347500000000018,51.94989106753808,56.946724108746785,59.93469695916153,58.78741122940797,26.066161951125725,25.347500000000018,24.62883804887431,0.30358398063391334,0.28355746409529925,0.020026516538614092
2021-07-15,1514,710254,18446926,25.8,26.15,25.8,26.15,0.35,411,25.820000000000004,25.72999999999997,25.402500000000018,40.57734204793028,48.915835339983964,68.38308817930442,62.90976607308374,26.1870221475497,25.402500000000018,24.617977852450334,0.32775648716492256,0.2923972687092239,0.03535921845569867
2021-07-16,1514,1266012,33418605,26.15,26.7,26.05,26.5,0.35,686,26.020000000000003,25.83499999999997,25.475000000000016,55.88235294117652,49.46986201888169,74.62547059831638,66.51662672775649,26.37527773492183,25.475000000000016,24.5747222650782,0.37088017191526035,0.30809384935043116,0.06278632256482919
2021-07-19,1514,3865874,104109583,26.65,27.1,26.55,26.9,0.4,1876,26.200000000000006,25.95999999999997,25.595000000000017,73.94220846233227,56.80063448381309,79.91330787843468,70.0957697288181,26.579327181376087,25.595000000000017,24.610672818623947,0.43234881185452423,0.3329448418512498,0.09940397000327444
2021-07-20,1514,1290715,34264644,26.85,26.85,26.4,26.55,-0.35,717,26.380000000000006,26.029999999999966,25.680000000000014,78.99896800825591,69.60784313725497,65.89521833543414,63.681383955447444,26.685683846940336,25.680000000000014,24.674316153059692,0.4476607227829561,0.35588801803759107,0.09177270474536503
2021-07-21,1514,1344651,35159370,26.9,26.9,25.7,25.85,-0.7,775,26.390000000000008,26.054999999999968,25.715000000000014,64.91228070175437,72.61781905744759,46.75726138402301,53.19655290349389,26.69280366127166,25.715000000000014,24.737196338728367,0.39871523165528444,0.3644534607611297,0.03426177089415472
2021-07-22,1514,768231,20070441,25.95,26.3,25.95,26.0,0.15,434,26.360000000000007,26.089999999999964,25.755000000000017,49.12280701754389,64.34468524251812,50.36139782782214,54.90975820749103,26.71045800535437,25.755000000000017,24.799541994645665,0.36778967328853085,0.36512070326660995,0.0026689700219209023
2021-07-23,1514,932025,24653618,26.1,26.65,26.1,26.5,0.5,542,26.360000000000007,26.189999999999962,25.82250000000002,48.24561403508775,54.09356725146207,60.70560065370353,60.14650325941674,26.788147451193012,25.82250000000002,24.856852548807026,0.37925495179561963,0.3679475529724119,0.011307398823207748
2021-07-26,1514,1039979,27919677,26.65,27.0,26.65,26.85,0.35,567,26.350000000000005,26.274999999999967,25.90500000000002,65.78947368421053,54.38596491228079,66.42036453347656,63.35482823361321,26.924264440660764,25.90500000000002,24.885735559339274,0.4118359540243013,0.3767252331827898,0.03511072084151151
2021-07-27,1514,714723,19062163,26.85,26.95,26.5,26.55,-0.3,477,26.350000000000005,26.364999999999963,25.975000000000016,71.99248120300753,62.00918964076866,57.98704400692617,58.97255213334628,26.96923337300471,25.975000000000016,24.980766626995322,0.4087374691148682,0.38312768036920547,0.02560978874566272
2021-07-28,1514,1291212,33866521,26.55,26.75,25.65,26.35,-0.2,736,26.450000000000006,26.419999999999966,26.032500000000017,65.27741768213643,67.68645752311822,52.775294344939496,56.18248662719855,26.972327111758368,26.032500000000017,25.092672888241665,0.3856974884124398,0.38364164197785233,0.0020558464345874494
2021-07-29,1514,480373,12749383,26.35,26.65,26.35,26.65,0.3,293,26.580000000000005,26.469999999999963,26.100000000000016,59.31855500821018,65.52948463111811,59.19358100054654,59.29351533376186,27.013236004544403,26.100000000000016,25.186763995455628,0.38718243243859973,0.3843498000700018,0.0028326323685979315
2021-07-30,1514,845280,22617464,26.65,26.9,26.55,26.55,-0.1,513,26.59000000000001,26.474999999999966,26.15500000000002,61.30268199233719,61.96621822756132,56.2220383240702,57.81985723795776,27.036986394450352,26.15500000000002,25.273013605549686,0.3759563067333005,0.38267110140266153,-0.006714794669361035
2021-08-02,1514,524253,13908598,26.85,26.85,26.4,26.6,0.05,322,26.54000000000001,26.444999999999965,26.202500000000022,68.6675180928055,63.09625169778434,57.467540941144456,58.37688748203672,27.0728303970303,26.202500000000022,25.332169602969742,0.3668651107336096,0.37950990326885115,-0.012644792535241534
2021-08-03,1514,1327170,35730002,26.9,27.1,26.7,26.95,0.35,789,26.62000000000001,26.484999999999964,26.25750000000002,75.56406981694342,68.51142330069541,65.4865740814994,62.145416992810276,27.169791071969243,26.25750000000002,25.3452089280308,0.3834818077625286,0.38030428416758666,0.0031775235949419445
2021-08-04,1514,1416571,38303177,27.05,27.2,26.8,27.0,0.05,706,26.75000000000001,26.599999999999966,26.327500000000022,82.37410565923732,75.53523118966211,66.53805511850433,62.66545475006855,27.242090072105885,26.327500000000022,25.41290992789416,0.39611902842322166,0.38346723301871366,0.012651795404508004
2021-08-05,1514,2080366,56814486,27.1,27.55,27.1,27.55,0.55,1193,26.930000000000014,26.754999999999967,26.42250000000002,92.25064886911382,83.39627478176489,75.94359260284256,67.89088561264869,27.426230541527417,26.42250000000002,25.418769458472624,0.4453804516938682,0.39584987675374456,0.04953057494012364
2021-08-06,1514,1290719,35253589,27.65,27.7,27.1,27.15,-0.4,837,27.05000000000001,26.819999999999965,26.505000000000017,86.7558353002885,87.12686327621326,61.31933123624328,61.18385814789714,27.462026645394946,26.505000000000017,25.547973354605087,0.44699119127407627,0.4060781396578109,0.04091305161626535
2021-08-09,1514,963204,25778297,27.35,27.35,26.5,26.55,-0.6,612,27.040000000000013,26.789999999999964,26.532500000000017,72.3577235772358,83.78806924887941,45.86361504452127,52.76354037163801,27.461087637218714,26.532500000000017,25.60391236278132,0.3952960021557317,0.4039217121573951,-0.0086257100016634
2021-08-10,1514,901785,23757945,26.95,26.95,26.15,26.2,-0.35,561,26.890000000000015,26.75499999999996,26.56000000000002,40.099659061106784,66.40440597954372,39.14827592761231,48.56483841222976,27.411821577558815,26.56000000000002,25.708178422441225,0.3223690476937122,0.3876111792646585,-0.06524213157094627
2021-08-11,1514,1029048,26603884,26.2,26.35,25.55,25.9,-0.3,614,26.670000000000016,26.70999999999996,26.56500000000002,21.135771747815024,44.53105146205257,34.148291563353354,45.241632294620175,27.39992514634268,26.56500000000002,25.730074853657356,0.2376271996372168,0.35761438333917017,-0.11998718370195338
2021-08-12,1514,285660,7405945,25.9,26.1,25.75,26.0,0.1,210,26.360000000000014,26.64499999999996,26.557500000000022,13.478369592398087,24.904600133773325,37.26428403109045,46.55446736243384,27.409717695189773,26.557500000000022,25.70528230481027,0.17650321954010906,0.32139215057935794,-0.14488893103924888
2021-08-13,1514,1013942,25914841,25.65,25.9,25.3,25.3,-0.7,575,25.990000000000016,26.51999999999996,26.49750000000002,12.40310077519377,15.672414038468986,26.877811342707435,39.42837736347923,27.51114441496755,26.49750000000002,25.48385558503249,0.07076217280260266,0.27126615502400686,-0.2005039822214042
2021-08-16,1514,995530,24846670,25.35,25.55,24.7,24.95,-0.35,508,25.670000000000016,26.35499999999996,26.400000000000023,9.75452196382429,11.878664110472075,23.118920995400398,36.42605853631821,27.59833217431305,26.400000000000023,25.201667825686997,-0.0408100110835079,0.20885092180250392,-0.24966093288601182
2021-08-17,1514,810298,19954009,24.8,25.15,24.15,24.3,-0.65,505,25.290000000000013,26.089999999999964,26.287500000000023,4.186228482003156,8.781283740340431,17.742695683480978,31.611821959678622,27.791785544700375,26.287500000000023,24.78321445529967,-0.17961089576825628,0.13115855828835188,-0.31076945405660816
2021-08-18,1514,740745,18123432,24.8,24.8,24.1,24.75,0.45,412,25.060000000000013,25.864999999999963,26.232500000000023,10.204747000521666,8.048499148783064,30.74970559583747,37.7461282154867,27.871180871919375,26.232500000000023,24.59381912808067,-0.2504137439313112,0.05484409784441925,-0.30525784177573045
2021-08-19,1514,632879,15439047,24.75,24.75,24.2,24.2,-0.55,403,24.700000000000014,25.529999999999962,26.142500000000023,8.452610248384891,7.6145285769699305,25.092054239788332,33.760242541062425,28.004830529201072,26.142500000000023,24.280169470798974,-0.3469069868632637,-0.02550611909711735,-0.32140086776614635
2021-08-20,1514,861418,20683193,24.25,24.5,23.65,24.1,-0.1,400,24.460000000000015,25.22499999999996,26.022500000000026,11.589614089614093,10.08232377950691,24.149539453573592,33.07634362400743,28.076636071440646,26.022500000000026,23.968363928559405,-0.4265309579710497,-0.10571108687190382,-0.32081987109914584
2021-08-23,1514,322270,7963770,24.45,25.0,24.45,24.75,0.65,216,24.420000000000012,25.04499999999996,25.917500000000025,19.151342484675833,13.064522274224965,40.96538880824633,41.38772107460322,28.00610599443582,25.917500000000025,23.82889400556423,-0.43220180760853566,-0.17100923101923018,-0.2611925765893055
2021-08-24,1514,523597,13127439,24.8,25.2,24.8,25.2,0.45,273,24.600000000000016,24.944999999999958,25.850000000000023,39.214136833184476,23.31836446915816,49.930922073056415,46.35487320732069,27.93973682553424,25.850000000000023,23.760263174465805,-0.39582196834891903,-0.21597177848516796,-0.17985018986375106
2021-08-25,1514,420194,10633300,25.3,25.5,25.2,25.3,0.1,276,24.710000000000015,24.88499999999996,25.79750000000002,59.11312673217438,39.15953535001159,51.827635248074536,47.421227367403965,27.887111207855288,25.79750000000002,23.707888792144754,-0.35483124564296276,-0.2437436719167269,-0.11108757372623584
2021-08-26,1514,1197686,30994973,25.5,26.2,25.45,26.2,0.9,639,25.110000000000014,24.90499999999996,25.775000000000023,78.86621315192745,59.064492239095465,65.53603153631063,55.914813030762424,27.8369165841503,25.775000000000023,23.71308341584975,-0.2468774743417974,-0.244370432401741,-0.0025070419400564092
2021-08-27,1514,1440116,37872349,26.15,26.45,26.0,26.3,0.1,835,25.550000000000015,25.00499999999996,25.762500000000024,89.32539682539687,75.76824556983293,66.76213218212355,56.750802590461944,27.808441103745132,25.762500000000024,23.716558896254917,-0.1515076823042243,-0.22579788238223766,0.07429020007801337
2021-08-30,1514,1089661,26653577,24.7,24.7,24.3,24.3,0.0,656,25.460000000000015,24.939999999999962,25.64750000000002,72.61904761904765,80.27021919879068,36.47977135728864,40.29352194241468,27.749992568356767,25.64750000000002,23.54500743164327,-0.23460533603770273,-0.2275593731133307,-0.00704596292437204
2021-08-31,1514,364088,8813734,24.3,24.4,24.1,24.35,0.05,242,25.290000000000013,24.944999999999958,25.51750000000002,47.61904761904768,69.85449735449741,37.30914555297925,40.75606763071222,27.60323128662235,25.51750000000002,23.43176871337769,-0.2930481663298856,-0.24065713175664166,-0.052391034573243955
2021-09-01,1514,339517,8228618,24.35,24.4,24.1,24.25,-0.1,257,25.080000000000016,24.89499999999996,25.38000000000002,23.21428571428577,47.81746031746039,36.20609124961663,40.087179692041744,27.418725091814718,25.38000000000002,23.341274908185323,-0.343474336315726,-0.26122057266845855,-0.08225376364726744
2021-09-02,1514,830493,19994865,24.4,24.4,23.95,23.95,-0.3,386,24.630000000000017,24.86999999999996,25.20000000000002,15.47619047619051,28.76984126984134,32.81087495652976,38.068652813391104,27.069224438101205,25.20000000000002,23.330775561898836,-0.40299940583379623,-0.2895763393015261,-0.11342306653227013
2021-09-03,1514,407426,9850274,24.1,24.3,23.95,24.3,0.35,230,24.230000000000015,24.88999999999996,25.057500000000022,11.80952380952383,16.833333333333393,40.41604161586312,41.753586653652135,26.735080102407597,25.057500000000022,23.379919897592448,-0.41712304256922295,-0.3150856799550655,-0.10203736261415747
2021-09-06,1514,724717,17483718,24.4,24.4,23.95,23.95,-0.35,353,24.160000000000018,24.80999999999996,24.92750000000002,4.666666666666671,10.650793650793693,35.7014661557923,39.239243893353795,26.523267840255816,24.92750000000002,23.331732159744224,-0.45135525889960704,-0.34233959574397377,-0.10901566315563327
2021-09-07,1514,318884,7642428,24.2,24.2,23.85,23.85,-0.1,206,24.060000000000013,24.67499999999996,24.810000000000024,4.666666666666671,7.04761904761908,34.36521934768535,38.52541413546418,26.359064233656678,24.810000000000024,23.26093576634337,-0.48100892971230635,-0.3700734625376403,-0.11093546717466607
2021-09-08,1514,671093,15847563,23.95,23.95,23.35,23.45,-0.4,396,23.900000000000013,24.48999999999996,24.68750000000002,1.0752688172042648,3.4695340501792256,29.255320828861503,35.725785186073715,26.259719768351356,24.68750000000002,23.115280231648686,-0.5306691113494644,-0.4021925923000051,-0.12847651904945928
2021-09-09,1514,283290,6637785,23.45,23.55,23.3,23.4,-0.05,178,23.790000000000013,24.209999999999958,24.557500000000022,3.4562211981565976,3.0660522273425346,28.634397458062978,35.37968501167622,26.103874792860566,24.557500000000022,23.01112520713948,-0.5675177538133447,-0.43525762460267303,-0.13226012921067165
2021-09-10,1514,273550,6441091,23.55,23.7,23.3,23.6,0.2,162,23.650000000000016,23.93999999999996,24.47250000000002,12.547130289065727,5.692873434808885,35.0659040711307,37.96836255158285,26.033100845826496,24.47250000000002,22.911899154173547,-0.5739659180934389,-0.4629992833008262,-0.1109666347926127
2021-09-13,1514,290124,6867777,23.5,23.9,23.5,23.75,0.15,196,23.610000000000017,23.884999999999955,24.412500000000023,25.10822510822509,13.70385886514916,39.81205304805948,39.91255204037497,25.98726188676071,24.412500000000023,22.837738113239336,-0.5605111645454386,-0.48250165954974866,-0.07800950499568993
2021-09-14,1514,166129,3946736,23.9,23.95,23.65,23.8,0.05,127,23.600000000000016,23.82999999999996,24.387500000000024,37.87878787878794,25.17804775869294,41.4755851384138,40.581070794500796,25.984332802767362,24.387500000000024,22.790667197232686,-0.5395934953605881,-0.49392002671191654,-0.045673468648671556
2021-09-15,1514,384636,9168114,23.85,24.0,23.7,23.85,0.05,224,23.680000000000014,23.789999999999957,24.342500000000022,45.45454545454553,36.14718614718621,43.30378026160937,41.284575048552455,25.946643073417814,24.342500000000022,22.73835692658223,-0.5130671904965531,-0.49774945946884386,-0.01531773102770928
2021-09-16,1514,174728,4140227,23.95,23.95,23.55,23.6,-0.25,150,23.72000000000001,23.75499999999996,24.312500000000025,40.90909090909102,41.41414141414152,36.62912546325787,38.81032346466377,25.94831019681185,24.312500000000025,22.6766898031882,-0.506380573403689,-0.4994756822558129,-0.006904891147876124
2021-09-17,1514,335499,7861135,23.65,23.65,23.3,23.4,-0.2,209,23.680000000000014,23.664999999999957,24.277500000000025,29.461279461279464,38.60830527497203,32.022387734069795,36.90480307211055,25.959307063843386,24.277500000000025,22.595692936156663,-0.511325468007243,-0.5018456394060989,-0.009479828601144047
2021-09-22,1514,294345,6771154,23.05,23.15,22.8,22.95,-0.45,233,23.520000000000014,23.56499999999996,24.18750000000002,16.96127946127937,29.11054994388331,24.07447526555709,32.981079477416756,25.949281768549785,24.18750000000002,22.425718231450258,-0.5452700382179216,-0.5105305191684635,-0.034739519049458156
2021-09-23,1514,313542,7214567,23.2,23.2,22.9,23.05,0.1,220,23.37000000000001,23.48499999999996,24.080000000000023,14.81481481481469,20.412457912457864,28.66474153690863,34.64400617768674,25.84391609777618,24.080000000000023,22.316083902223866,-0.5576736754118414,-0.519959150417139,-0.0377145249947024
2021-09-24,1514,197680,4567182,23.2,23.3,23.0,23.05,0.0,125,23.21000000000001,23.44499999999996,23.967500000000022,18.05555555555551,16.610549943883214,28.66474153690863,34.64400617768674,25.692398547739533,23.967500000000022,22.242601452260512,-0.5610363692200444,-0.5281745941777201,-0.03286177504232435
2021-09-27,1514,146314,3415188,23.25,23.5,23.25,23.3,0.25,118,23.15000000000001,23.434999999999963,23.822500000000026,27.777777777777782,20.21604938271602,40.83613267522529,39.03031311042986,25.230858974123002,23.822500000000026,22.41414102587705,-0.5373343615857884,-0.5300065476593337,-0.007327813926454652
2021-09-28,1514,338929,7924133,23.3,23.6,23.25,23.6,0.3,190,23.19000000000001,23.434999999999963,23.687500000000025,43.05555555555558,29.629629629629648,52.24373491610971,43.89630096671586,24.51989113401898,23.687500000000025,22.85510886598107,-0.4887093201448671,-0.5217471021564404,0.03303778201157326
2021-09-29,1514,570104,13375981,23.35,23.8,23.3,23.3,-0.3,309,23.26000000000001,23.389999999999965,23.637500000000024,50.00000000000003,40.27777777777782,42.64971278702573,40.422058196588075,24.436170770714135,23.637500000000024,22.838829229285913,-0.46897506465531436,-0.5111926946562152,0.04221763000090084
2021-09-30,1514,1309635,31352440,23.3,24.5,23.2,24.05,0.75,822,23.460000000000008,23.414999999999964,23.622500000000024,60.62091503267977,51.22549019607848,62.65322939345506,50.88732925354654,24.37713567368168,23.622500000000024,22.86786432631837,-0.3883402483640097,-0.4866222053977741,0.09828195703376441
2021-10-01,1514,968896,23236906,24.0,24.35,23.6,23.75,-0.3,714,23.60000000000001,23.404999999999966,23.597500000000025,57.026143790849666,55.882352941176514,53.882681311335176,47.30767359732665,24.298552779748444,23.597500000000025,22.896447220251606,-0.34467091653048954,-0.4582319476243172,0.11356103109382765
2021-10-04,1514,500138,11670813,23.85,23.9,23.0,23.05,-0.7,404,23.550000000000008,23.349999999999966,23.552500000000027,48.0392156862745,55.22875816993467,39.01511860026514,40.201506848896415,24.27255208144454,23.552500000000027,22.832447918555513,-0.3623696347061589,-0.43905948504068554,0.07668985033452663
2021-10-05,1514,626885,14324450,23.05,23.2,22.5,22.9,-0.15,448,23.410000000000007,23.299999999999965,23.482500000000023,30.19607843137251,45.08714596949892,36.49747956911475,38.85464020759388,24.169722671332767,23.482500000000023,22.79527732866728,-0.38407239527449377,-0.4280620670874472,0.043989671812953435
2021-10-06,1514,502005,11501215,23.0,23.3,22.65,22.7,-0.2,354,23.29000000000001,23.274999999999967,23.420000000000023,14.90196078431368,31.045751633986924,33.1680767192184,37.07126356641985,24.151710325192575,23.420000000000023,22.68828967480747,-0.4126535051753315,-0.42498035470502404,0.01232684952969254
2021-10-07,1514,317184,7302128,23.0,23.2,22.8,23.2,0.5,264,23.12000000000001,23.289999999999964,23.387500000000024,21.66666666666661,22.254901960784295,47.21294586540748,43.992320951072124,24.09734153160656,23.387500000000024,22.67765846839349,-0.39045746871387266,-0.41807577750679376,0.027618308792921098
2021-10-08,1514,198823,4597710,23.3,23.3,23.0,23.0,-0.2,177,22.97000000000001,23.28499999999996,23.365000000000023,23.3333333333333,19.96732026143789,42.996260431972594,42.00237202228933,24.093766080435216,23.365000000000023,22.63623391956483,-0.38457216984847165,-0.41137505597512936,0.02680288612665771
2021-10-12,1514,407843,9246390,23.0,23.15,22.5,22.65,-0.35,323,22.890000000000008,23.219999999999963,23.327500000000022,22.499999999999954,22.499999999999982,36.36522663662935,38.70299208926021,24.119633195866356,23.327500000000022,22.535366804133687,-0.4034988197989584,-0.4097998087398952,0.00630098894093678
2021-10-13,1514,674604,15153802,22.65,22.7,22.25,22.45,-0.2,415,22.800000000000008,23.10499999999996,23.27000000000002,13.79629629629625,19.876543209876527,32.974891201864686,36.91836451239829,24.137986175001494,23.27000000000002,22.402013824998548,-0.42968353050319763,-0.4137765530925557,-0.015906977410641954
2021-10-14,1514,354950,7921768,22.45,22.55,22.15,22.35,-0.1,266,22.730000000000008,23.00999999999996,23.200000000000024,8.493265993265986,14.929854096520755,31.274074059241464,36.02392942171017,24.125742944878972,23.200000000000024,22.274257055121076,-0.4532791468042028,-0.4216770718348851,-0.03160207496931766
2021-10-15,1514,188368,4244193,22.55,22.6,22.45,22.6,0.25,140,22.610000000000007,22.86499999999996,23.140000000000022,14.564694564694634,12.284752284752315,40.26114096975955,39.941404476785166,24.057932459385558,23.140000000000022,22.222067540614486,-0.4466571465066522,-0.42667308676923854,-0.019984059737413684
2021-10-18,1514,222851,5082595,22.7,22.9,22.7,22.8,0.2,179,22.570000000000007,22.76999999999996,23.087500000000023,30.442311311876637,17.833423956612446,46.7591342898095,42.95102140630219,23.955759753756386,23.087500000000023,22.21924024624366,-0.42042444374923704,-0.42542335816523824,0.004998914416001199
2021-10-19,1514,224824,5182845,22.95,23.15,22.9,23.15,0.35,192,22.67000000000001,22.77999999999996,23.06500000000002,56.397515527950326,33.801507134840556,56.43418077435245,47.87384706096358,23.901719785826856,23.06500000000002,22.228280214173182,-0.36716036673132635,-0.41377075987845585,0.0466103931471295
2021-10-20,1514,314928,7321896,23.25,23.4,23.2,23.3,0.15,201,22.84000000000001,22.819999999999958,23.060000000000024,78.49275362318842,55.11086015433849,60.06290854855387,49.87034645717644,23.889819257424875,23.060000000000024,22.230180742575172,-0.3092792765693595,-0.3928724632166366,0.0835931866472771
2021-10-21,1514,354552,8315254,23.4,23.55,23.3,23.45,0.15,242,23.06000000000001,22.89499999999996,23.085000000000022,90.60455486542439,75.1649413388544,63.60007711514817,51.85616198293058,23.93004437752899,23.085000000000022,22.239955622471054,-0.2484404819801327,-0.36398606696933583,0.11554558498920314
2021-10-22,1514,155347,3624270,23.55,23.55,23.25,23.25,-0.2,122,23.19000000000001,22.89999999999996,23.09500000000002,87.80952380952381,85.63561076604556,55.89872854989485,49.065277396107234,23.9428797084457,23.09500000000002,22.24712029155434,-0.21389794511415872,-0.3339684425983004,0.12007049748414167
2021-10-25,1514,259683,6012200,23.25,23.25,23.05,23.25,0.0,172,23.28000000000001,22.92499999999996,23.10500000000002,83.33333333333327,87.24913733609384,55.89872854989485,49.065277396107234,23.9552352615564,23.10500000000002,22.254764738443644,-0.1843971205597441,-0.3040541781905891,0.119657057630845
2021-10-26,1514,575295,13377874,23.25,23.4,23.15,23.25,0.0,138,23.30000000000001,22.98499999999996,23.10250000000002,78.57142857142854,83.23809523809523,55.89872854989486,49.065277396107234,23.95071872178937,23.10250000000002,22.25428127821067,-0.1591825472414996,-0.27507985200077123,0.11589730475927162
2021-10-27,1514,135292,3159090,23.5,23.5,23.25,23.35,0.1,128,23.310000000000013,23.07499999999996,23.09000000000002,79.65367965367965,80.51948051948051,59.76687800092395,50.72151598925734,23.91559069761811,23.09000000000002,22.26440930238193,-0.1296362855563622,-0.24599113871188943,0.11635485315552724
2021-10-28,1514,377188,8868382,23.45,23.6,23.35,23.55,0.2,253,23.330000000000013,23.19499999999996,23.10250000000002,84.94468494468492,81.0565977232644,66.60204062928722,53.94690745928917,23.947766230245765,23.10250000000002,22.257233769754276,-0.08905575249186626,-0.2146040614678848,0.12554830897601854
2021-10-29,1514,492234,11655729,23.65,23.8,23.55,23.7,0.15,270,23.420000000000012,23.30499999999996,23.08500000000002,88.38383838383832,84.32740099406766,70.9242352403732,56.25927577728663,23.86288173908043,23.08500000000002,22.30711826091961,-0.04428119521920948,-0.18053948821814975,0.13625829299894027
2021-11-01,1514,583221,13996627,23.9,24.25,23.85,23.9,0.2,345,23.55000000000001,23.41499999999996,23.09250000000002,84.72222222222209,86.01691518358182,75.7966606719226,59.2008053680527,23.898276023467027,23.09250000000002,22.28672397653301,0.0072576310795327,-0.14298006435861327,0.15023769543814597
2021-11-02,1514,392051,9294920,23.85,24.0,23.5,23.55,-0.35,281,23.61000000000001,23.454999999999963,23.117500000000017,67.12962962962952,80.07856341189667,56.474645903679956,52.54172425379737,23.947123408538477,23.117500000000017,22.287876591461558,0.019634117426644337,-0.11045722800156174,0.13009134542820608
2021-11-03,1514,211813,5000823,23.65,23.75,23.55,23.65,0.1,153,23.67000000000001,23.48999999999996,23.15500000000002,54.16666666666655,68.67283950617274,59.883468926495276,54.12931498582723,24.00934185195087,23.15500000000002,22.300658148049166,0.03708425211538824,-0.08094893197817174,0.11803318409355998
2021-11-04,1514,308951,7354394,23.6,23.9,23.6,23.8,0.15,189,23.72000000000001,23.524999999999963,23.21000000000002,51.38888888888883,57.56172839506166,64.71896962366122,56.481011803976976,24.081550342777106,23.21000000000002,22.33844965722293,0.062299209468502426,-0.05229930368883691,0.11459851315733934
2021-11-05,1514,141796,3363925,23.8,23.8,23.65,23.7,-0.1,130,23.72000000000001,23.56999999999996,23.23500000000002,54.1666666666666,53.240740740740684,59.17160213115527,54.47587617412969,24.13227364833426,23.23500000000002,22.337726351665783,0.07336734745776496,-0.027165973459516535,0.1005333209172815
2021-11-08,1514,306427,7336774,23.9,24.05,23.75,23.95,0.25,197,23.73000000000001,23.63999999999996,23.28250000000002,60.83333333333329,55.46296296296293,67.33731378157633,58.44745850567998,24.224452758897506,23.28250000000002,22.340547241102534,0.10114589035581645,-0.0015036006964499367,0.10264949105226638
2021-11-09,1514,296128,7097312,24.0,24.1,23.85,23.95,0.0,195,23.81000000000001,23.709999999999958,23.347500000000018,62.222222222222136,59.07407407407404,67.33731378157634,58.44745850568,24.285303284274303,23.347500000000018,22.409696715725733,0.1217570462975317,0.02314852870234639,0.09860851759518531
2021-11-10,1514,227097,5442178,24.0,24.0,23.9,23.9,-0.05,176,23.860000000000014,23.76499999999996,23.42000000000002,63.33333333333318,62.12962962962956,63.860453225875325,57.28818372032117,24.29086164228007,23.42000000000002,22.54913835771997,0.13252923917155357,0.04502467079618783,0.08750456837536574
2021-11-11,1514,690713,16674643,24.15,24.25,24.0,24.1,0.2,371,23.920000000000016,23.819999999999958,23.507500000000018,66.66666666666661,64.074074074074,70.87766339083531,60.65025813023014,24.27644408118848,23.507500000000018,22.738555918811556,0.15541310265778918,0.0671023571685081,0.08831074548928108
2021-11-12,1514,227511,5479647,24.2,24.2,24.0,24.05,-0.05,196,23.990000000000016,23.85499999999996,23.58000000000002,68.8888888888889,66.29629629629625,67.07879843785896,59.391596557080284,24.261469001491932,23.58000000000002,22.898530998508107,0.1675823620540413,0.08719835814561475,0.08038400390842657
2021-11-15,1514,426798,10302776,24.15,24.25,24.05,24.2,0.15,222,24.040000000000013,23.88499999999996,23.650000000000016,82.0634920634921,72.53968253968256,72.27901233020859,61.94320741317142,24.28245553202945,23.650000000000016,23.017544467970584,0.18717272355191383,0.10719323122687456,0.07997949232503927
2021-11-16,1514,843313,20571676,24.35,24.5,24.3,24.35,0.15,352,24.120000000000015,23.964999999999957,23.71000000000002,83.17460317460319,78.0423280423281,76.59265758954379,64.35521780618197,24.36848310532193,23.71000000000002,23.05151689467811,0.21235408685022605,0.12822540235154486,0.08412868449868119
2021-11-17,1514,264915,6440541,24.35,24.4,24.2,24.3,-0.05,231,24.200000000000014,24.02999999999996,23.76000000000002,84.22035480859013,83.15281668222849,72.22215192988395,62.9236100227118,24.437938050262893,23.76000000000002,23.082061949737145,0.22567448160701886,0.14771521820263966,0.0779592634043792
2021-11-18,1514,543343,13200252,24.3,24.35,24.2,24.3,0.0,301,24.240000000000013,24.07999999999996,23.80250000000002,77.7124183006537,81.70245876128236,72.22215192988395,62.9236100227118,24.503552779749413,23.80250000000002,23.101447220250627,0.23353889936112182,0.1648799544343361,0.06865894492678573
2021-11-19,1514,552451,13331551,24.25,24.35,23.9,24.1,-0.2,278,24.25000000000001,24.11999999999996,23.84500000000002,62.75515334338872,74.89597548421087,55.10326716776268,57.037478492419424,24.50900301203697,23.84500000000002,23.18099698796307,0.22108465230964924,0.17612089400939873,0.04496375830025051
2021-11-22,1514,379627,9133934,24.1,24.2,23.95,24.1,0.0,196,24.23000000000001,24.13499999999996,23.887500000000024,48.37606837606855,62.94788000670366,55.103267167762674,57.03747849241941,24.500586453930755,23.887500000000024,23.274413546069294,0.2088075681261934,0.18265822883275767,0.026149339293435714
2021-11-23,1514,233422,5618681,24.1,24.2,23.95,24.05,-0.05,186,24.170000000000012,24.14499999999996,23.927500000000023,32.26495726495751,47.798726328138265,50.9905545195563,55.5313435366237,24.46923332922495,23.927500000000023,23.385766670775098,0.19282059256221729,0.18469070157864959,0.0081298909835677
2021-11-24,1514,329631,7990645,24.05,24.45,24.05,24.3,0.25,232,24.170000000000012,24.184999999999963,23.975000000000023,41.66666666666695,40.76923076923101,65.85610207221066,61.06707808590372,24.470479565666633,23.975000000000023,23.479520434333413,0.1980408186296181,0.1873607249888433,0.010680093640774796
2021-11-25,1514,223823,5418814,24.3,24.3,24.15,24.2,-0.1,149,24.150000000000013,24.19499999999996,24.00750000000002,47.22222222222238,40.384615384615614,57.69010479765696,57.95903473965846,24.471477370130504,24.00750000000002,23.54352262986954,0.1918966559345101,0.18826791117797664,0.003628744756533464
2021-11-26,1514,421865,10103901,24.3,24.3,23.85,23.9,-0.3,293,24.110000000000014,24.17999999999996,24.01750000000002,41.45299145299137,43.44729344729357,40.2304362428085,49.77451983750315,24.46278081026852,24.01750000000002,23.57221918973152,0.1609643728436474,0.1828072035111108,-0.021842830667463398
2021-11-29,1514,331812,7809717,23.6,23.8,23.25,23.65,-0.25,214,24.020000000000017,24.124999999999964,24.00500000000002,30.34188034188016,39.672364672364644,31.084240834148446,44.17613265871764,24.476062628525824,24.00500000000002,23.533937371474217,0.11495230634404052,0.16923622407769673,-0.054283917733656206
2021-11-30,1514,141426,3354266,23.8,23.8,23.6,23.6,-0.05,120,23.930000000000017,24.04999999999996,24.00750000000002,23.39743589743576,31.7307692307691,29.518373573408148,43.13126161911372,24.46931706334139,24.00750000000002,23.545682936658654,0.07360436471222442,0.15010985220460227,-0.07650548749237784
2021-12-01,1514,222737,5243670,23.5,23.6,23.4,23.6,0.0,162,23.79000000000002,23.97999999999996,24.005000000000024,30.555555555555603,28.098290598290507,29.518373573408148,43.13126161911373,24.474999999992555,24.005000000000024,23.535000000007493,0.04037045756806634,0.1281619732772951,-0.08779151570922875
2021-12-02,1514,436769,10206362,23.7,23.7,23.25,23.35,-0.25,284,23.620000000000022,23.88499999999996,23.982500000000023,22.222222222222342,25.391737891737904,21.982219064322873,37.929067694958206,24.526811491696527,23.982500000000023,23.43818850830352,-0.00607058600719057,0.10131546142039796,-0.10738604742758853
2021-12-03,1514,176537,4123262,23.4,23.45,23.3,23.35,0.0,173,23.51000000000002,23.80999999999996,23.965000000000025,15.277777777777894,22.685185185185286,21.982219064322866,37.929067694958206,24.564249530657204,23.965000000000025,23.365750469342846,-0.04238683854043046,0.07257500142823228,-0.11496183996866274
2021-12-06,1514,192383,4471050,23.05,23.35,23.05,23.25,-0.1,166,23.430000000000017,23.72499999999996,23.930000000000028,10.317460317460377,15.939153439153543,19.29959869197392,35.91927485662326,24.605573830156175,23.930000000000028,23.25442616984388,-0.07833391002897372,0.04239321913679108,-0.12072712916576481
2021-12-07,1514,265041,6223670,23.25,23.65,23.2,23.55,0.3,174,23.42000000000002,23.67499999999996,23.91000000000003,20.87301587301589,15.489417989418058,43.452493518836846,45.28592181397733,24.60541354602271,23.91000000000003,23.214586453977347,-0.08167325196411213,0.017579924916610437,-0.09925317688072256
2021-12-08,1514,1341584,32305890,23.7,24.4,23.7,24.25,0.7,746,23.55000000000002,23.66999999999996,23.92750000000003,47.72486772486773,26.305114638448003,68.83982194718033,59.983785240201556,24.638467650453475,23.92750000000003,23.216532349546586,-0.02751834035245082,0.008560271862798185,-0.03607861221524901
2021-12-09,1514,667688,16201923,24.45,24.45,24.15,24.3,0.05,358,23.740000000000016,23.67999999999996,23.93750000000003,72.72486772486776,47.107583774250465,69.96357413323982,60.79393448201073,24.6633615570423,23.93750000000003,23.211638442957756,0.01921292476042069,0.010690802442322686,0.008522122318098005
2021-12-10,1514,1320042,32391979,24.3,24.75,24.15,24.75,0.45,723,24.020000000000017,23.76499999999996,23.97250000000003,92.72486772486776,71.05820105820109,78.21346332798605,67.22519786721385,24.779640012631962,23.97250000000003,23.165359987368095,0.09150422449545559,0.02685348685294927,0.06465073764250631
2021-12-13,1514,1078992,26986686,24.95,25.2,24.8,25.0,0.25,575,24.370000000000015,23.89999999999996,24.012500000000028,93.327796234773,86.25917722816952,81.50583511867553,70.15431515261845,24.932214629650034,24.012500000000028,23.092785370350022,0.16704294395173136,0.05489137827270569,0.11215156567902568
2021-12-14,1514,650210,16137987,24.85,25.0,24.7,24.7,-0.3,374,24.600000000000016,24.00999999999996,24.030000000000026,89.1472868217054,91.73331692711541,67.27305174276657,62.8907567444587,24.98728783549797,24.030000000000026,23.072712164502082,0.20039045413597378,0.08399119344535931,0.11639926069061447
2021-12-15,1514,355129,8822431,24.9,25.0,24.7,24.8,0.1,326,24.710000000000015,24.12999999999996,24.055000000000028,82.94573643410853,88.47360649686233,69.35417584061744,64.22057363811476,25.063910303244125,24.055000000000028,23.04608969675593,0.2322109768827616,0.11363515013283977,0.11857582674992183
2021-12-16,1514,627318,15686392,24.8,25.1,24.8,25.05,0.25,378,24.860000000000017,24.29999999999996,24.092500000000026,83.72093023255815,85.27131782945737,74.14885033353748,67.36881013903538,25.187157480672617,24.092500000000026,22.997842519327435,0.2744383268765951,0.14579578548159083,0.12864254139500425
2021-12-17,1514,449205,11197835,25.05,25.05,24.75,24.9,-0.15,261,24.890000000000015,24.454999999999963,24.132500000000025,86.47286821705426,84.37984496124034,66.82978039345574,63.74460047811288,25.282402169748703,24.132500000000025,22.982597830251347,0.29242911873071975,0.1751224521314166,0.11730666659930314
2021-12-20,1514,2064574,52298615,25.2,25.6,24.9,25.1,0.2,1081,24.910000000000014,24.639999999999965,24.182500000000026,83.90248878008974,84.69876240990074,71.24498293807964,66.34437407448634,25.40694885560521,24.182500000000026,22.95805114439484,0.3191463588588128,0.20392723347689584,0.11521912538191698
2021-12-21,1514,1296009,32899465,25.15,25.6,25.0,25.6,0.5,706,25.090000000000014,24.844999999999963,24.260000000000026,86.22807017543856,85.53447572419422,79.28656113891347,71.79044991706881,25.62879509057899,24.260000000000026,22.891204909421063,0.376327713843974,0.23840732955031146,0.13792038429366255
2021-12-22,1514,887709,22755912,25.8,25.85,25.45,25.55,-0.05,553,25.240000000000016,24.974999999999962,24.322500000000026,85.34571723426211,85.15875872993017,76.78142899106551,70.56082029333011,25.80252533761863,24.322500000000026,22.842474662381424,0.41285068183697504,0.2732960000076442,0.13955468182933084
2021-12-23,1514,754427,19095282,25.7,25.7,25.2,25.35,-0.2,750,25.30000000000002,25.079999999999963,24.380000000000027,79.62489343563512,83.73289361511195,66.91497372543678,65.71240638508486,25.924474020497748,24.380000000000027,22.835525979502307,0.4208062757706692,0.3027980551602492,0.11800822061041999
2021-12-24,1514,1360102,34907164,25.55,25.8,25.3,25.6,0.25,829,25.440000000000015,25.16499999999996,24.46500000000003,72.37851662404093,79.11637576464607,72.13649963313779,68.61540783820391,26.079961299843664,24.46500000000003,22.850038700156393,0.4421867977897094,0.33067580368614125,0.11151099410356813
2021-12-27,1514,856774,22121045,25.85,25.95,25.7,25.8,0.2,614,25.580000000000016,25.244999999999962,24.57250000000003,74.26086956521745,75.42142654163116,75.71384946733345,70.74906514734725,26.2414742358684,24.57250000000003,22.90352576413166,0.4698531691973358,0.35851127678838013,0.11134189240895564
2021-12-28,1514,721633,18526549,25.85,25.85,25.55,25.65,-0.15,446,25.590000000000014,25.339999999999964,24.67500000000003,80.42028985507245,75.68655868144361,68.06719215754396,67.06642501254079,26.34428128246636,24.67500000000003,23.0057187175337,0.4742088371754214,0.3816507888657884,0.09255804830963299
2021-12-29,1514,1193955,30918459,25.75,26.0,25.7,26.0,0.35,665,25.680000000000017,25.45999999999996,24.795000000000027,87.66666666666664,80.78260869565219,74.9532573324529,70.87580251228333,26.482868478286512,24.795000000000027,23.10713152171354,0.5001375361648002,0.40534813832559075,0.09478939783920942
2021-12-30,1514,597884,15533605,26.2,26.2,25.9,26.0,0.0,447,25.81000000000002,25.55499999999996,24.927500000000027,86.5384615384615,84.8751393534002,74.9532573324529,70.87580251228333,26.55583503923269,24.927500000000027,23.299164960767364,0.5147524708583049,0.42722900483213355,0.08752346602617134
2022-01-03,1514,825591,21478776,26.2,26.2,25.85,26.0,0.0,470,25.890000000000022,25.664999999999964,25.060000000000024,89.31623931623932,87.84045584045583,74.9532573324529,70.87580251228333,26.58105226734459,25.060000000000024,23.53894773265546,0.5203367932437217,0.4458505625144512,0.07448623072927052
2022-01-04,1514,525655,13667709,26.2,26.2,25.9,25.95,-0.05,433,25.920000000000023,25.749999999999964,25.195000000000025,80.98290598290599,85.61253561253562,71.45763129092884,69.44263376235831,26.5155680595839,25.195000000000025,23.87443194041615,0.5147936065856449,0.4596391713286899,0.05515443525695496
2022-01-05,1514,887911,22751453,26.0,26.0,25.4,25.5,-0.45,584,25.890000000000022,25.739999999999963,25.292500000000025,62.77777777777777,77.69230769230772,47.96803030893951,58.0630499649859,26.380284445555784,25.292500000000025,24.204715554444267,0.4686866243710739,0.4614486619371667,0.007237962433907175
2022-01-06,1514,335784,8557739,25.5,25.6,25.3,25.5,0.0,322,25.79000000000002,25.734999999999964,25.355000000000025,42.40740740740737,62.056030389363734,47.96803030893951,58.0630499649859,26.334234394817354,25.355000000000025,24.375765605182696,0.4272217622443186,0.4546032819985971,-0.027381519754278494
2022-01-07,1514,913169,22875565,25.5,25.5,24.8,24.9,-0.6,936,25.57000000000002,25.689999999999962,25.385000000000023,19.788359788359703,41.657848324514966,30.044480206197534,46.32440112217356,26.264829528939423,25.385000000000023,24.505170471060623,0.3420031749684327,0.43208326059256424,-0.09008008562413156
2022-01-10,1514,436037,10768507,24.7,24.85,24.5,24.7,-0.2,324,25.310000000000024,25.599999999999962,25.38250000000002,13.709928415810646,25.301898537192596,26.232601710800456,43.189930525536546,26.269785185266983,25.38250000000002,24.49521481473306,0.2553845875019327,0.39674352597443796,-0.14135893847250525
2022-01-11,1514,686784,16864016,24.55,24.7,24.45,24.45,-0.25,386,25.010000000000023,25.46499999999996,25.35500000000002,6.302521008403254,13.266936404191222,22.136743692983146,39.58436977067676,26.318794583920255,25.35500000000002,24.39120541607979,0.16466763621049196,0.35032834802164875,-0.1856607118111568
2022-01-12,1514,437720,10758136,24.7,24.7,24.45,24.5,0.05,251,24.810000000000024,25.34999999999996,25.34500000000002,4.873949579831887,8.29546633468195,24.873727053758447,40.65149352099072,26.33943451267261,25.34500000000002,24.35056548732743,0.09570515145269098,0.2994037087078572,-0.20369855725516622
2022-01-13,1514,379388,9274402,24.7,24.7,24.25,24.4,-0.1,300,24.59000000000002,25.189999999999962,25.32500000000002,3.51648351648346,4.897651368239555,22.988245826248686,39.16164841474238,26.376903037353728,25.32500000000002,24.273096962646314,0.03260684970281602,0.24604433690684896,-0.21343748720403294
2022-01-14,1514,435772,10501511,24.45,24.45,24.0,24.1,-0.3,331,24.430000000000017,24.99999999999996,25.27750000000002,5.031635031634997,4.474022709316803,18.168111166050103,35.01561917086924,26.4532869704983,25.27750000000002,24.10171302950174,-0.04113235365907997,0.18860899879366316,-0.22974135245274313
2022-01-17,1514,276784,6682033,24.1,24.35,24.0,24.3,0.2,211,24.350000000000016,24.829999999999963,25.247500000000024,9.079254079254044,5.875790875790855,29.642266158428722,39.606097237622045,26.48906151679779,25.247500000000024,24.005938483202257,-0.08248207306046496,0.13439078442283753,-0.21687285748330248
2022-01-18,1514,423252,10226070,24.45,24.45,24.05,24.05,-0.25,335,24.270000000000017,24.639999999999965,25.19500000000002,7.556818181818183,7.222569097569097,24.609971623616147,36.16691569357486,26.541439749856483,25.19500000000002,23.84856025014356,-0.13388163016342602,0.0807363015055848,-0.21461793166901083
2022-01-19,1514,519263,12605360,24.0,24.5,24.0,24.1,0.05,307,24.190000000000015,24.499999999999964,25.120000000000022,8.2638888888889,8.299987049987065,27.48256318276021,37.338857482143965,26.533294024608107,25.120000000000022,23.706705975391937,-0.16863761786331466,0.030861517631804912,-0.19949913549511958
2022-01-20,1514,515728,12389234,24.2,24.2,23.95,24.05,-0.05,292,24.12000000000001,24.354999999999965,25.045000000000023,6.967592592592635,7.596099887766595,26.312862201533655,36.61491685978145,26.517039401644336,25.045000000000023,23.57296059835571,-0.19793490033059413,-0.014897765960674901,-0.18303713436991922
2022-01-21,1514,606123,14435119,24.25,24.25,23.65,23.7,-0.35,482,24.040000000000013,24.234999999999964,24.96250000000002,7.513227513227563,7.581569664903054,19.52592227641639,31.94576557609377,26.538214123816342,24.96250000000002,23.386785876183698,-0.2465531712057505,-0.06122884700969002,-0.18532432419606046
2022-01-24,1514,496213,11618685,23.6,23.6,23.2,23.55,-0.15,310,23.89000000000001,24.119999999999965,24.86000000000002,13.06878306878312,9.183201058201128,17.29540016516209,30.170087003896146,26.52090336865041,24.86000000000002,23.199096631349633,-0.29380049828793275,-0.10774317726533858,-0.18605732102259417
2022-01-25,1514,471379,10985933,23.5,23.55,23.2,23.25,-0.3,336,23.73000000000001,23.999999999999964,24.73250000000002,10.4761904761905,10.352733686067083,13.655566858470545,26.944320232173922,26.47470406382098,24.73250000000002,22.99029593617906,-0.3514011049957624,-0.15647476281142333,-0.19492634218433905
2022-01-26,1514,256639,5983061,23.2,23.4,23.2,23.3,0.05,208,23.570000000000014,23.879999999999967,24.61500000000002,11.45299145299149,11.66598833265506,17.04996659060906,28.31990825845071,26.41002089124169,24.61500000000002,22.81997910875835,-0.38853661047915367,-0.2028871323449694,-0.18564947813418425
2022-02-07,1514,268675,6380769,23.65,23.9,23.5,23.85,0.55,365,23.530000000000012,23.824999999999967,24.50750000000002,20.341880341880394,14.090354090354149,44.865677279422236,41.39258040916458,26.213159696420753,24.50750000000002,22.80184030357929,-0.36932896821708994,-0.2361754995193935,-0.13315346869769643
2022-02-08,1514,332039,7938671,23.95,24.1,23.8,24.05,0.2,480,23.600000000000012,23.81999999999997,24.41000000000002,41.025641025641086,24.273504273504344,51.73231536048147,45.299286989057805,25.980859637266693,24.41000000000002,22.83914036273335,-0.33411695256200247,-0.2557637901279153,-0.07835316243408719
2022-02-09,1514,267475,6440321,24.15,24.15,24.0,24.1,0.05,250,23.710000000000015,23.799999999999965,24.315000000000023,61.538461538461604,40.96866096866105,53.42419431501941,46.263672916532364,25.709668419372004,24.315000000000023,22.92033158062804,-0.2987329864212711,-0.26435762938658647,-0.03437535703468464
2022-02-10,1514,307087,7345080,24.15,24.15,23.85,23.9,-0.2,269,23.840000000000014,23.784999999999965,24.212500000000023,67.09401709401708,56.5527065527066,45.91379849098645,42.99815289050179,25.396930242772026,24.212500000000023,23.02806975722802,-0.28356055726347407,-0.268198214961964,-0.015362342301510068
2022-02-11,1514,174007,4167268,23.9,24.05,23.8,23.9,0.0,172,23.960000000000015,23.764999999999965,24.13250000000002,67.52136752136744,65.38461538461539,45.913798490986444,42.998152890501785,25.164621601359844,24.13250000000002,23.1003783986402,-0.26844186709980633,-0.2682469453895325,-0.0001949217102738543
2022-02-14,1514,379060,8937517,23.9,23.9,23.5,23.55,-0.35,347,23.900000000000013,23.714999999999968,24.03500000000002,56.72514619883035,63.780176938071634,34.39610058551489,37.61018360223816,24.88417607125579,24.03500000000002,23.185823928744252,-0.2814578008222881,-0.2708891164760836,-0.010568684346204504
2022-02-15,1514,367862,8661892,23.55,23.65,23.4,23.4,-0.15,452,23.770000000000017,23.684999999999967,23.960000000000022,41.520467836257275,55.25566051881837,30.5627001767043,35.55395619722095,24.753473376990666,23.960000000000022,23.16652662300938,-0.3004137853533244,-0.27679405025153175,-0.02361973510179266
2022-02-16,1514,173794,4123388,23.75,23.85,23.55,23.8,0.4,622,23.710000000000015,23.70999999999997,23.915000000000024,40.35087719298252,46.19883040935673,48.44004527683129,44.299349964383175,24.634096655529174,23.915000000000024,23.195903344470874,-0.27993298935509614,-0.27742183807224463,-0.0025111512828515092
2022-02-17,1514,233919,5578804,23.85,23.95,23.7,23.75,-0.05,491,23.680000000000017,23.75999999999997,23.880000000000024,43.625730994152114,41.83235867446399,46.687117343343225,43.50463151117076,24.558527818142444,23.880000000000024,23.201472181857604,-0.264685266115972,-0.2748745236809901,0.010189257565018095
2022-02-18,1514,282152,6681970,23.75,23.8,23.6,23.75,0.0,665,23.650000000000016,23.804999999999968,23.842500000000022,52.163742690058626,45.380116959064445,46.687117343343225,43.504631511170764,24.459974695832464,23.842500000000022,23.22502530416758,-0.2497226878959644,-0.26984415652398497,0.020121468628020556
2022-02-21,1514,304383,7298715,23.75,24.1,23.7,24.05,0.3,206,23.750000000000018,23.824999999999967,23.825000000000024,60.00000000000017,51.929824561403656,58.84865276131086,49.77453078114524,24.396401785080233,23.825000000000024,23.253598214919815,-0.21122240367349576,-0.2581198059538871,0.046897402280391354
2022-02-22,1514,490602,11678284,24.05,24.1,23.7,23.8,-0.25,795,23.830000000000016,23.79999999999997,23.810000000000024,62.22222222222243,58.12865497076043,48.16633709055932,45.26611106839913,24.367314991717432,23.810000000000024,23.252685008282615,-0.19859429035192022,-0.24621470283349373,0.047620412481573504
2022-02-23,1514,516248,12445780,23.9,24.45,23.85,24.25,0.45,487,23.920000000000016,23.81499999999997,23.807500000000026,73.65079365079383,65.29100529100549,62.4718953040572,53.44093814485995,24.356385233899594,23.807500000000026,23.258614766100457,-0.1505398506800084,-0.22707973240279666,0.07653988172278825
2022-02-24,1514,1041037,24794052,24.05,24.1,23.6,23.6,-0.65,929,23.890000000000015,23.784999999999968,23.785000000000025,51.11111111111126,62.32804232804252,42.64020208236522,43.365721926480035,24.32915071441071,23.785000000000025,23.24084928558934,-0.1630266589065137,-0.21426911770354007,0.05124245879702638
2022-02-25,1514,625409,14797503,23.7,24.0,23.45,23.6,0.0,508,23.860000000000014,23.754999999999967,23.760000000000026,39.682539682539826,54.81481481481499,42.64020208236523,43.365721926480035,24.289716905519597,23.760000000000026,23.230283094480455,-0.17095191710213697,-0.20560567758325946,0.03465376048112248
2022-03-01,1514,288973,6867708,23.6,23.85,23.6,23.8,0.2,221,23.810000000000013,23.779999999999966,23.747500000000024,24.365079365079527,38.38624338624356,49.37124801211949,46.93572463265386,24.260798158962075,23.747500000000024,23.234201841037972,-0.1592585790263179,-0.19633625787187114,0.03707767884555324
2022-03-02,1514,274635,6563111,23.8,24.0,23.7,24.0,0.2,216,23.850000000000016,23.839999999999968,23.762500000000024,36.34920634920645,33.46560846560862,55.46794323582414,50.30899855686203,24.286785227708855,23.762500000000024,23.238214772291194,-0.13232780328000615,-0.18353456695349815,0.051206763673492
2022-03-03,1514,3736690,92647772,24.15,25.25,24.0,24.5,0.5,1976,23.900000000000013,23.909999999999965,23.810000000000024,49.444444444444464,36.71957671957683,67.04316970907045,57.5707219962209,24.414648658307694,23.810000000000024,23.205351341692353,-0.06983414361232576,-0.16079448228526366,0.0909603386729379
2022-03-04,1514,1322602,32528230,24.45,25.0,24.25,24.8,0.3,831,24.14000000000001,24.014999999999965,23.887500000000024,62.77777777777777,49.523809523809575,72.11658828123457,61.23152691080258,24.576611747102024,23.887500000000024,23.198388252898024,0.0038555799861370588,-0.1278644698309835,0.13172004981712057
2022-03-07,1514,898479,21859462,24.5,24.6,24.1,24.25,-0.55,527,24.27000000000001,24.064999999999966,23.935000000000024,59.25925925925924,57.16049382716051,54.253045155765456,52.31907640589056,24.585461374713088,23.935000000000024,23.28453862528696,0.017671111808454043,-0.098757353503096,0.11642846531155004
2022-03-08,1514,688826,16692872,24.2,24.65,23.75,24.15,-0.1,467,24.34000000000001,24.074999999999967,23.950000000000024,52.777777777777736,58.2716049382716,51.544720525371844,50.86930399455143,24.60574385242559,23.950000000000024,23.29425614757446,0.020316658258320075,-0.07494255115081279,0.09525920940913286
2022-03-09,1514,2140621,53289458,24.2,25.3,24.2,25.05,0.9,1121,24.550000000000008,24.199999999999967,24.00000000000002,56.606606606606555,56.214547881214536,68.2085858117486,61.27098265660527,24.81240384046017,24.00000000000002,23.187596159539872,0.09395272276168143,-0.04116349636831395,0.13511621912999539
2022-03-10,1514,2406614,61090501,25.45,25.75,25.1,25.35,0.3,1277,24.72000000000001,24.309999999999967,24.06250000000002,69.32802367584972,59.57080268674469,71.95880533595063,64.0064915232427,25.065931612016566,24.06250000000002,23.059068387983476,0.17450573372287081,0.0019703496499230075,0.1725353840729478
2022-03-11,1514,1529122,39129057,25.45,25.8,25.25,25.65,0.3,965,24.890000000000008,24.514999999999965,24.150000000000023,87.42566677349281,71.12009901864973,75.3510835665011,66.55081253648196,25.36449578014685,24.150000000000023,22.935504219853197,0.2595600216984728,0.053488284059632976,0.20607173763883985
2022-03-14,1514,15495163,419944962,26.3,27.9,26.2,27.75,2.1,7012,25.59000000000001,24.929999999999968,24.342500000000022,90.73969508752111,82.49779517895458,87.6009051728258,78.17887897377526,26.318929862149034,24.342500000000022,22.36607013785101,0.4907614151642754,0.14094291028056147,0.3498185048837139
2022-03-15,1514,13175442,363348694,27.9,28.25,27.05,27.3,-0.45,6896,26.22000000000001,25.279999999999966,24.530000000000022,89.49975949975942,89.2217071202578,77.91990248459693,72.3728956569376,26.851508130503674,24.530000000000022,22.20849186949637,0.630411949473217,0.23883671811909257,0.3915752313541244
2022-03-16,1514,15750422,438929087,27.55,28.65,27.05,27.5,0.2,7953,26.710000000000015,25.629999999999967,24.735000000000024,83.94935752078605,88.06293736935555,79.11658133015696,73.32121489087842,27.329243627725514,24.735000000000024,22.140756372274534,0.748594995447764,0.34078837358482683,0.40780662186293715
2022-03-17,1514,7506484,203381663,27.9,28.1,26.55,26.85,-0.65,3939,27.010000000000012,25.86499999999997,24.887500000000024,72.89493575207858,82.11468425754138,65.6298117973465,65.45719462894066,27.599855986959337,24.887500000000024,22.17514401304071,0.780805701035252,0.42879183907491186,0.3520138619603402
2022-03-18,1514,3791446,101493551,26.5,27.1,26.45,27.0,0.15,2046,27.280000000000012,26.08499999999997,25.050000000000026,68.70748299319725,75.18392542202065,67.13801184472788,66.35402574009865,27.858024216418727,25.050000000000026,22.241975783581324,0.8091097501304603,0.5048554212860216,0.3042543288444387
2022-03-21,1514,9370439,260381224,27.4,28.3,27.15,27.6,0.6,4635,27.25000000000001,26.41999999999997,25.242500000000028,68.66544370557209,70.08928748361599,72.72362093337273,69.73847876573377,28.191953339178852,25.242500000000028,22.293046660821204,0.869927911101005,0.5778699192490182,0.2920579918519868
2022-03-22,1514,4557889,125311182,27.35,28.0,27.2,27.6,0.0,2425,27.310000000000013,26.76499999999997,25.420000000000027,71.0511867351783,69.47470447798257,72.72362093337273,69.73847876573379,28.48600717546352,25.420000000000027,22.353992824536533,0.9076637590283454,0.6438286872048836,0.2638350718234618
2022-03-23,1514,3078520,84117970,27.45,27.65,27.05,27.55,-0.05,1648,27.320000000000014,27.01499999999997,25.607500000000027,71.49136280560649,70.40266441545232,71.34808680979106,69.06702784987382,28.712701281719745,25.607500000000027,22.502298718280308,0.9228965315181021,0.6996422560675273,0.22325427545057486
2022-03-24,1514,28630158,837958176,28.0,30.0,27.95,29.1,1.55,14681,27.770000000000017,27.38999999999997,25.85000000000003,71.46179450282706,71.33478134787065,82.98656765410433,76.59131282883884,29.23791971569472,25.85000000000003,22.46208028430534,1.0479604241352263,0.7693058896810671,0.2786545344541592
2022-03-25,1514,8288005,239426732,29.15,29.25,28.55,28.95,-0.15,4251,28.160000000000014,27.71999999999997,26.117500000000028,71.46179450282703,71.47165060375356,79.34756298582099,74.6976835339369,29.596188689721014,26.117500000000028,22.638811310279042,1.1220365744861347,0.8398520266420806,0.2821845478440541
2022-03-28,1514,4772758,136719054,28.9,29.05,28.05,28.9,-0.05,2713,28.420000000000016,27.83499999999997,26.38250000000003,71.91746973066462,71.61368624543961,78.0171380987243,74.04055767188773,29.861188689721015,26.38250000000003,22.903811310279043,1.1632980988409898,0.9045412410818624,0.2587568577591274
2022-03-29,1514,3841695,110106411,28.95,29.2,28.3,28.55,-0.35,2251,28.61000000000002,27.95999999999997,26.620000000000026,66.19718309859148,69.85881577736109,68.62082399923737,69.4357919204507,30.008421461387805,26.620000000000026,23.231578538612247,1.1544483176507363,0.9545226563956372,0.19992566125509914
2022-03-30,1514,4062353,114650554,28.55,28.65,28.0,28.1,-0.45,2443,28.72000000000002,28.01999999999997,26.825000000000028,58.2159624413145,65.44353842352358,58.12079873651355,63.93056113131821,30.046567941235008,26.825000000000028,23.603432058765048,1.0984611863176283,0.9833103623800354,0.1151508239375929
2022-03-31,1514,7242040,206280681,28.3,29.2,27.8,27.8,-0.3,3907,28.460000000000026,28.11499999999997,26.990000000000027,43.6858438768202,56.0329964722421,51.93939853562932,60.48745152199402,30.052449999590745,26.990000000000027,23.92755000040931,1.0181469246028811,0.9902776748246046,0.02786924977827654
2022-04-01,1514,1963491,54376852,27.4,28.0,27.25,27.8,0.0,1389,28.230000000000025,28.194999999999972,27.140000000000025,32.4421102888517,44.78130553566217,51.93939853562932,60.48745152199402,30.04871105474464,27.140000000000025,24.23128894525541,0.9436198315260533,0.9809461061648943,-0.03732627463884097
2022-04-06,1514,2776632,78019340,28.1,28.4,27.8,27.9,0.1,1526,28.030000000000022,28.224999999999973,27.322500000000026,26.55367231638409,34.22720882735204,54.151731795135326,61.293342172528654,29.924897932675464,27.322500000000026,24.72010206732459,0.8824533645111465,0.9612475578341447,-0.0787941933229982
2022-04-07,1514,2987127,81599999,27.9,28.2,26.7,26.7,-1.2,1836,27.660000000000025,28.134999999999973,27.450000000000028,18.079096045197648,25.691626216811184,32.92999133140076,48.507813179453166,29.63449078734445,27.450000000000028,25.265509212655605,0.7287479745192833,0.9147476411711725,-0.18599966665188916
2022-04-08,1514,2542131,69859237,27.0,27.95,26.85,27.85,1.15,1587,27.610000000000024,28.164999999999974,27.590000000000032,24.637199512573318,23.089989291385052,53.36399192248019,57.62941544894129,29.480396783744528,27.590000000000032,25.699603216255536,0.6917565951864084,0.8701494319742197,-0.17839283678781126
2022-04-11,1514,2524502,70544832,28.2,28.3,27.65,27.8,-0.05,1597,27.610000000000024,28.034999999999975,27.712500000000027,29.699346405228724,24.13854732099993,52.551849865941556,57.15534434085089,29.299596405387213,27.712500000000027,26.12540359461284,0.6509028752511199,0.8263001206295997,-0.17539724537847978
2022-04-12,1514,2036893,56562863,27.65,28.2,27.5,27.65,-0.15,1229,27.580000000000023,27.904999999999973,27.81250000000003,42.36601307189538,32.234186329899174,49.8941765558771,55.67565499424138,29.088773873426945,27.81250000000003,26.536226126573112,0.5995114664670496,0.7809423897970896,-0.18143092333004007
2022-04-13,1514,1355666,37722941,28.0,28.0,27.7,27.85,0.2,800,27.57000000000002,27.799999999999972,27.81750000000003,42.66666666666663,38.244008714596944,53.54843659360328,57.264303814712314,29.093538792510607,27.81750000000003,26.541461207489455,0.5683699186565434,0.7384278955689804,-0.17005797691243696
2022-04-14,1514,4810898,136999329,28.1,28.7,28.1,28.6,0.75,2586,27.950000000000024,27.80499999999997,27.882500000000032,53.33333333333331,46.12200435729847,64.78467613111168,62.667911555827814,29.178754218890397,27.882500000000032,26.586245781109668,0.597323179845958,0.7102069524243759,-0.11288377257841797
2022-04-15,1514,8848122,254563963,28.6,29.15,28.2,28.5,-0.1,4545,28.080000000000023,27.84499999999997,27.932500000000033,65.15646258503402,53.71882086167802,62.4353842977442,61.550411855791765,29.242948396538917,27.932500000000033,26.62205160346115,0.6052230490986794,0.6892101717592366,-0.08398712266055719
2022-04-18,1514,2231435,62494975,28.75,28.75,27.8,27.8,-0.7,1498,28.080000000000023,27.84499999999997,27.98000000000003,64.7891156462585,61.09297052154198,48.169932152091576,54.256852627342454,29.195483442911545,27.98000000000003,26.764516557088513,0.5486748207456991,0.6611031015565291,-0.11242828081083
2022-04-19,1514,2484092,69537323,28.0,28.6,27.45,28.3,0.5,1687,28.210000000000026,27.89499999999997,28.045000000000027,61.22448979591835,63.72335600907032,56.46006166861932,58.07810808795713,29.180297317883003,28.045000000000027,26.90970268211705,0.5380039886087964,0.6364832789669825,-0.09847929035818614
2022-04-20,1514,1719793,48413977,28.5,28.5,27.9,28.05,-0.25,1095,28.25000000000003,27.909999999999968,28.067500000000024,54.12599822537709,60.04653455585134,51.64172570064809,55.5781165307915,29.184314666805978,28.067500000000024,26.95068533319407,0.5035695305116938,0.6099005292759248,-0.10633099876423091
2022-04-21,1514,3784553,107546254,28.3,29.0,27.8,28.35,0.3,2001,28.200000000000028,28.07499999999997,28.105000000000025,56.807070654348706,57.385852891881406,56.80279206160878,57.91899115493605,29.206771301129468,28.105000000000025,27.003228698870583,0.49478390629873203,0.5868772046804862,-0.09209329838175417
2022-04-22,1514,4863076,139699557,27.9,28.95,27.9,28.9,0.55,2328,28.28000000000003,28.17999999999997,28.172500000000024,63.46973572037509,58.13426820003366,64.83097412015773,61.88458271971567,29.295208777908307,28.172500000000024,27.04979122209174,0.5261366633250546,0.5747290964093998,-0.04859243308434524
2022-04-25,1514,3198462,90404464,28.5,28.7,27.9,28.2,-0.7,1914,28.36000000000003,28.21999999999997,28.127500000000026,60.784313725490165,60.35370670007135,50.8096284827111,54.8056583550114,29.16695899389638,28.127500000000026,27.088041006103673,0.48886447394881216,0.5575561719172824,-0.06869169796847019
2022-04-26,1514,11786027,338939144,28.35,29.8,28.0,28.0,-0.2,6365,28.300000000000033,28.254999999999974,28.080000000000023,50.938673341677024,58.39757426251413,47.39298285214231,52.94226740666085,29.049226495713214,28.080000000000023,27.110773504286833,0.4381370951047643,0.5336723565547787,-0.09553526145001445
2022-04-27,1514,2965629,81184192,27.2,27.75,27.05,27.4,-0.6,1813,28.170000000000034,28.209999999999972,28.005000000000024,26.749725035081635,46.15757070074964,38.36388192840175,47.70235159213826,28.940360892913834,28.005000000000024,27.069639107086214,0.34553715902917403,0.4960453170496578,-0.15050815802048378
2022-04-28,1514,1715538,47191662,27.6,27.85,27.3,27.3,-0.1,969,27.960000000000036,28.079999999999973,27.942500000000024,15.074145712443483,30.920848029734078,36.993470172824175,46.869730022868445,28.890801112512545,27.942500000000024,26.994198887487503,0.2610723981832912,0.4490507332763845,-0.1879783350930933
2022-04-29,1514,1210606,33105328,27.65,27.65,27.2,27.2,-0.1,733,27.620000000000033,27.94999999999997,27.897500000000026,9.090909090908967,16.97159327947806,35.51344820433972,46.00496667938783,28.89573594404942,27.897500000000026,26.89926405595063,0.1839439115013768,0.39602936892138296,-0.21208545742000617
2022-05-03,1514,2257747,60041878,26.85,27.0,26.3,26.65,-0.55,1212,27.31000000000003,27.83499999999997,27.840000000000025,8.181818181818064,10.782290995056869,28.2589338876836,41.47270896360632,28.9769256791858,27.840000000000025,26.70307432081425,0.07754473918362592,0.3323324429738316,-0.25478770379020566
2022-05-04,1514,488039,13035858,26.8,26.85,26.55,26.75,0.1,372,27.06000000000003,27.679999999999968,27.78750000000003,9.437229437229313,8.903318903318812,31.238446839130617,42.58033342075643,29.01992646839119,27.78750000000003,26.55507353160887,0.0012770715365704177,0.26612136868637937,-0.26484429714980895
2022-05-05,1514,844981,22878258,27.1,27.4,26.85,26.95,0.2,629,26.970000000000027,27.569999999999965,27.74000000000003,13.809523809523688,10.476190476190387,37.31322170030556,44.829172057227005,29.023588719174008,27.74000000000003,26.456411280826053,-0.04253693669444658,0.2043897076102142,-0.24692664430466077
2022-05-06,1514,1523191,40135889,26.25,26.55,26.2,26.4,-0.55,1003,26.790000000000028,27.374999999999964,27.72500000000003,12.32804232804222,11.85826519159844,29.072779061988236,40.16992224796155,29.062721944198735,27.72500000000003,26.387278055801325,-0.1202540435797772,0.13946095737221592,-0.2597150009519931
2022-05-09,1514,2109411,55213074,26.7,26.85,25.7,25.85,-0.55,1279,26.520000000000028,27.069999999999965,27.62500000000003,9.26184023744991,11.799802125005305,23.116700385942003,36.12635971827745,29.190087856956158,27.62500000000003,26.0599121430439,-0.22364774220982397,0.06683921745580794,-0.2904869596656319
2022-05-10,1514,1530938,39740564,25.55,26.4,25.25,26.4,0.55,901,26.470000000000027,26.889999999999965,27.555000000000028,17.81495379056345,13.134945452018558,37.94792401190628,42.373355176765834,29.20542418789577,27.555000000000028,25.904575812104287,-0.25823086515690363,0.0018252009332656166,-0.26005606609016924
2022-05-11,1514,910623,23866350,26.6,26.6,26.1,26.1,-0.3,583,26.340000000000025,26.699999999999967,27.47750000000003,26.860537836147515,17.97911062138699,33.79884092777729,40.07124749641879,29.244269651083975,27.47750000000003,25.710730348916087,-0.30631472655239733,-0.05980278456386697,-0.24651194198853035
2022-05-12,1514,1836493,46576886,26.1,26.15,25.0,25.1,-1.0,1142,25.970000000000027,26.469999999999963,27.340000000000032,26.898887276245688,23.858126300985578,23.71521525781576,33.531648556738034,29.37681123327408,27.340000000000032,25.303188766725984,-0.4202685811892941,-0.1318959438889524,-0.2883726373003417
2022-05-13,1514,1145831,29356475,25.45,25.85,25.25,25.75,0.65,728,25.840000000000025,26.314999999999962,27.19750000000003,22.57196419932264,25.443796437238642,37.789828056742365,40.34644125081282,29.260380267972884,27.19750000000003,25.134619732027176,-0.452907429338552,-0.1960982409788723,-0.2568091883596797
2022-05-16,1514,1080231,28174214,26.0,26.25,25.9,26.25,0.5,588,25.920000000000027,26.219999999999963,27.08500000000003,29.035639412997853,26.168830296188755,46.62717942481694,45.016392069350445,29.0962433965068,27.08500000000003,25.07375660349326,-0.4334317983519185,-0.24356495245348153,-0.18986684589843694
2022-05-17,1514,856206,22742826,26.45,26.75,26.35,26.65,0.4,563,25.970000000000027,26.219999999999963,27.027500000000032,50.69444444444437,34.10068268558832,52.87525800701805,48.49045988746292,29.01935215314576,27.027500000000032,25.035647846854303,-0.3813248874837356,-0.27111693945953236,-0.11020794802420325
2022-05-18,1514,1820213,49268124,26.9,27.3,26.75,27.25,0.6,993,26.200000000000028,26.269999999999964,26.975000000000033,72.88647342995161,50.87218576246463,60.887896526448806,53.260928882352275,28.883533468396863,26.975000000000033,25.066466531603204,-0.2882915540401889,-0.27455186237566365,-0.013739691664525266
2022-05-19,1514,976684,26312063,26.45,27.35,26.45,27.3,0.05,626,26.640000000000033,26.304999999999968,26.937500000000036,88.14947579401776,70.57679788947127,61.52393409485125,53.646196245239764,28.788682054793824,26.937500000000036,25.086317945206247,-0.20812821240732404,-0.2612671323819957,0.05313891997467168
2022-05-20,1514,934816,25619476,27.35,27.7,27.15,27.25,-0.05,713,26.940000000000033,26.389999999999965,26.882500000000032,93.01058690512889,84.68217870969944,60.37842079775857,53.17416849217168,28.62470406382021,26.882500000000032,25.140295936179854,-0.14693894802365648,-0.23840149551032788,0.0914625474866714
2022-05-23,1514,1967397,54634083,27.25,28.0,27.25,27.8,0.55,1053,27.250000000000036,26.58499999999996,26.827500000000033,91.51300236406611,90.89102168773759,68.01987008199397,57.59425404776245,28.369406287681482,26.827500000000033,25.285593712318583,-0.053449479369518826,-0.20141109228216608,0.14796161291264726
2022-05-24,1514,1195448,33192710,27.95,28.1,27.55,27.65,-0.15,737,27.450000000000035,26.70999999999996,26.800000000000033,87.38351254480277,90.63570060466594,64.08717358403813,56.040576029894204,28.260479373353736,26.800000000000033,25.33952062664633,0.008440554241211373,-0.1594407629774906,0.16788131721870198
2022-05-25,1514,2690445,76108594,27.65,28.5,27.65,28.3,0.65,1527,27.660000000000036,26.92999999999996,26.815000000000033,90.88778604907627,89.92810031931508,72.21007084385849,60.9558187093309,28.329628667360925,26.815000000000033,25.30037133263914,0.10868556001325302,-0.10581549837934187,0.2145010583925949
2022-05-26,1514,2336146,66836621,28.5,28.8,28.3,28.65,0.35,1530,27.930000000000035,27.28499999999996,26.877500000000033,91.38587034026398,89.8857229780477,75.66747416153852,63.33323347853376,28.575579797886885,26.877500000000033,25.17942020211318,0.21390674048977232,-0.04187105060551903,0.25577779109529136
2022-05-27,1514,1919612,54984041,28.8,28.85,28.4,28.65,0.0,1229,28.210000000000036,27.57499999999996,26.945000000000032,93.55791335101667,91.943856580119,75.66747416153852,63.33323347853377,28.804542954597004,26.945000000000032,25.08545704540306,0.2939073036495543,0.025284620245495645,0.26862268340405865
2022-05-30,1514,2366779,68295508,28.8,29.1,28.6,28.85,0.2,1277,28.420000000000037,27.83499999999996,27.027500000000032,92.4645413142484,92.4694416685097,77.81427502049594,64.7554695296271,29.063052750481255,27.027500000000032,24.99194724951881,0.3691908525223262,0.09406586670086176,0.27512498582146444
2022-05-31,1514,3069371,89281366,29.05,29.3,28.85,29.05,0.2,1841,28.70000000000004,28.07499999999996,27.14750000000003,91.26470263709577,92.4290524341203,79.88477941340058,66.16866703676037,29.355547780278368,27.14750000000003,24.93945221972169,0.4399208027500272,0.16323685391069487,0.27668394883933234
2022-06-01,1514,4529035,133792873,29.3,29.75,29.15,29.6,0.55,2255,28.960000000000043,28.309999999999963,27.29000000000003,92.00829238068557,91.91251211067659,84.51985679217898,69.7596646286911,29.732457778548383,27.29000000000003,24.84754222145168,0.5341973073130362,0.23742894459116315,0.296768362721873
2022-06-02,1514,9546397,283503221,29.75,30.8,29.0,29.1,-0.5,5404,29.05000000000004,28.489999999999963,27.39750000000003,79.19050515418189,87.48783339065443,67.9206256804679,63.19283372499472,29.957084927286488,27.39750000000003,24.83791507271357,0.5620869071010013,0.30236053709313077,0.2597263700078705
2022-06-06,1514,12448459,379529639,29.5,31.35,29.25,30.2,1.1,6664,29.360000000000035,28.78499999999996,27.587500000000034,72.0267624641234,81.07518666633031,78.67175046897317,69.90487937855173,30.376563462883386,27.587500000000034,24.798436537116682,0.6652814720961189,0.37494472409372837,0.2903367480023905
2022-06-07,1514,13827236,434350453,30.3,32.0,30.25,31.95,1.75,7587,29.980000000000036,29.19999999999996,27.892500000000034,73.56669762474819,74.92798841435119,86.85099343240435,77.06915925869907,31.14968820457022,27.892500000000034,24.635311795429846,0.8781514991196886,0.4755860790989204,0.40256542002076817
2022-06-08,1514,19031338,568518516,32.25,32.3,28.85,29.0,-2.95,10610,29.970000000000038,29.33499999999996,28.022500000000036,62.029138939302165,69.20753300939127,49.51021020762326,53.81321248061985,31.238316381572627,28.022500000000036,24.806683618427446,0.7995949505014615,0.5403878533794286,0.2592070971220328
2022-06-09,1514,6105267,174981591,28.8,29.2,28.3,28.65,-0.35,3386,29.78000000000004,29.36999999999996,28.150000000000034,41.70019157088112,59.09867604497719,46.72927727712275,51.815452050833144,31.250967590928855,28.150000000000034,25.049032409071213,0.7010153759373097,0.5725133578910049,0.1285020180463048
2022-06-10,1514,6929607,198246441,29.1,29.25,28.3,28.3,-0.35,3408,29.620000000000044,29.33499999999996,28.31000000000003,8.749999999999895,37.493110170061094,43.855416195499394,49.82352415217917,31.077236889027027,28.31000000000003,25.542763110973034,0.587871659387762,0.5755850181903563,0.012286641197405634
2022-06-13,1514,3343764,91986048,27.75,27.95,27.25,27.3,-1.0,2027,29.040000000000042,29.199999999999967,28.387500000000028,3.246699669966899,17.898963746949338,36.394513577336674,44.553498013514805,30.9422749411627,28.387500000000028,25.832725058837354,0.41275482551688825,0.5430189796556627,-0.13026415413877446
2022-06-14,1514,2214961,60212561,27.05,27.7,26.75,27.7,0.4,1249,28.190000000000044,29.08499999999996,28.46000000000003,6.035738709005951,6.010812792990948,41.07283905755488,46.96977368617087,30.84465930480486,28.46000000000003,26.075340695195198,0.30276010011359134,0.49496720374724845,-0.19220710363365712
2022-06-15,1514,3420051,95019896,27.8,28.3,27.4,27.5,-0.2,1639,27.890000000000043,28.92999999999996,28.502500000000033,10.540243213510458,6.607560530827802,39.38308916433529,45.89288121506885,30.78470836033685,28.502500000000033,26.220291639663216,0.19717722294446816,0.4354092075866924,-0.23823198464222423
2022-06-16,1514,2090150,56958974,27.85,27.85,26.85,26.9,-0.6,1185,27.540000000000042,28.659999999999958,28.48500000000003,11.111111111111015,9.229031011209175,34.42604407726329,42.7278984871748,30.810317182663876,28.48500000000003,26.159682817336186,0.06434531378980424,0.36119642882731473,-0.2968511150375105
2022-06-17,1514,1532169,41129733,26.5,27.1,26.45,27.1,0.2,872,27.300000000000047,28.459999999999958,28.475000000000033,9.109109109109028,10.253487811243533,37.486004990646244,44.111502718138276,30.822232412862355,28.475000000000033,26.12776758713771,-0.024504134280540768,0.2840563162057436,-0.3085604504862844
2022-06-20,1514,1497595,40010043,27.3,27.35,26.4,26.4,-0.7,881,27.120000000000044,28.079999999999956,28.432500000000033,4.604604604604521,8.274941608274888,31.48640372179402,40.429999178014945,30.894871824073498,28.432500000000033,25.97012817592657,-0.14967673166578876,0.19730970663143715,-0.3469864382972259
2022-06-21,1514,1391086,37074733,26.3,27.0,26.25,27.0,0.6,775,26.98000000000004,27.584999999999958,28.392500000000034,12.037037037036962,8.583583583583538,40.93905471420296,44.690958567548584,30.919805877805675,28.392500000000034,25.865194122194392,-0.19817746486886634,0.11821227233137645,-0.31638973720024277
2022-06-22,1514,1561013,41914174,27.2,27.4,26.55,26.6,-0.4,803,26.80000000000004,27.34499999999996,28.34000000000004,12.22222222222215,9.621287954621245,36.9716935789418,42.50800768644179,30.968421579577743,28.34000000000004,25.711578420422335,-0.2658270140750538,0.04140441505009039,-0.30723142912514423
2022-06-23,1514,1910982,51909832,26.75,27.45,26.75,27.45,0.85,1004,26.910000000000036,27.22499999999996,28.297500000000042,31.73441734417335,18.664558867810854,49.18110811049707,48.28838290629625,30.95446725610042,28.297500000000042,25.640532743899666,-0.24799316215311862,-0.016475100390551417,-0.2315180617625672
2022-06-24,1514,4705895,132681941,27.55,28.7,27.55,28.65,1.2,2336,27.220000000000038,27.259999999999955,28.297500000000042,56.054145235329806,33.3369282672418,61.47331697699917,55.14495397792886,30.95446725610042,28.297500000000042,25.640532743899666,-0.1354681424176647,-0.04027370879597407,-0.09519443362169062
2022-06-27,1514,3379087,96670669,28.9,28.9,28.3,28.8,0.15,1746,27.70000000000004,27.409999999999958,28.305000000000042,84.24072804455413,57.343096874685806,62.78602343713218,55.931531474772825,30.966747546254076,28.305000000000042,25.64325245374601,-0.03379790595920085,-0.038978548228619424,0.005180642269418577
2022-06-28,1514,7836300,229187313,28.8,29.65,28.3,29.35,0.55,3862,28.170000000000037,27.57499999999996,28.33000000000004,95.12068978534806,78.47185435507737,67.52013452494906,58.78542121662086,31.020984949788765,28.33000000000004,25.639015050211317,0.09011806740237915,-0.013159225102419705,0.10327729250479886
2022-06-29,1514,10504146,316472088,29.5,30.9,29.35,30.15,0.8,5675,28.88000000000004,27.839999999999957,28.38500000000004,90.42461780817011,89.92867854602413,73.28688309620671,62.58128074125554,31.17571675380887,28.38500000000004,25.59428324619121,0.2499939090115646,0.03947140172037715,0.21052250729118743
2022-06-30,1514,5022161,151564274,30.3,30.6,29.75,29.9,-0.25,2987,29.37000000000004,28.139999999999958,28.40000000000004,84.5140206620282,90.01977608518216,68.83134788296456,60.69987792861081,31.21975176212194,28.40000000000004,25.58024823787814,0.3524608058961256,0.10206928255552684,0.2503915233405988
2022-07-01,1514,5131319,153107261,30.45,30.85,29.0,29.1,-0.8,2887,29.460000000000036,28.339999999999957,28.40000000000004,74.55197132616482,83.16353659878773,56.098593306652,55.00155601793274,31.21975176212194,28.40000000000004,25.58024823787814,0.3649068270347833,0.15463679145137815,0.21027003558340512
2022-07-04,1514,3116381,90782561,29.25,29.5,28.5,29.45,0.35,1662,29.59000000000004,28.64499999999996,28.36250000000004,68.81720430107522,75.9610654297561,59.88611928000991,56.9075565740815,31.104374358899356,28.36250000000004,25.620625641100723,0.3984197287584088,0.20339337891278428,0.19502634984562453
2022-07-05,1514,3272435,95990622,29.5,29.8,28.85,29.35,-0.1,1877,29.59000000000004,28.87999999999996,28.232500000000037,63.53586388565011,68.96834650429675,58.212067252314824,56.17542600563308,30.48444915572951,28.232500000000037,25.980550844270564,0.4121586719463366,0.24514643751949475,0.16701223442684185
2022-07-06,1514,2353424,67999134,29.3,29.3,28.5,28.8,-0.55,1228,29.32000000000004,29.09999999999996,28.222500000000036,55.54356730404201,62.632211830255805,49.35857049217505,52.197849130566944,30.46247209803854,28.222500000000036,25.982527901961532,0.37435119242751824,0.27098738850109944,0.1033638039264188
2022-07-07,1514,3974796,116829103,29.0,29.8,28.4,29.75,0.95,2037,29.29000000000004,29.329999999999963,28.27750000000004,51.911088671563384,56.99683995375185,61.23842100632822,57.76111994197599,30.60891051725997,28.27750000000004,25.946089482740106,0.4162473131187312,0.3000393734246258,0.11620793969410542
2022-07-08,1514,5876271,177565176,30.05,30.65,29.75,30.35,0.6,2969,29.54000000000004,29.499999999999964,28.38000000000004,57.309605817068494,54.92142059755798,66.95106234184601,60.85941255112935,30.880479953926766,28.38000000000004,25.879520046073317,0.4921915978412592,0.3384698183079525,0.15372177953330673
2022-07-11,1514,6578194,204110477,30.85,31.45,30.5,31.3,0.95,3409,29.910000000000036,29.749999999999964,28.58000000000004,76.56578394283312,61.92882614382169,74.02306672528178,65.21065539360524,31.330345432848386,28.58000000000004,25.829654567151696,0.6218665605402052,0.39514916675440304,0.22671739378580213
2022-07-12,1514,8050501,248039114,31.6,31.75,30.05,30.45,-0.85,4683,30.130000000000035,29.859999999999964,28.71750000000004,78.37405030333828,70.74981335441332,60.50744719176193,58.901222903725404,31.5518032653528,28.71750000000004,25.88319673464728,0.6485706873209764,0.44583347086771774,0.2027372164532587
2022-07-13,1514,14037923,450485645,31.45,32.75,30.95,32.2,1.75,6741,30.810000000000038,30.064999999999962,28.952500000000043,81.21077296764713,78.71686907127285,72.54727462785353,66.1605839834455,32.105510466203526,28.952500000000043,25.79948953379656,0.8017027446298854,0.5170073256201513,0.28469541900973416
2022-07-14,1514,9414447,302619912,31.9,32.85,31.3,32.85,0.65,4750,31.430000000000035,30.359999999999967,29.250000000000046,82.8501172299422,80.81164683364256,75.75077654285323,68.39366091685541,32.682637469932985,29.250000000000046,25.817362530067104,0.9643936414430776,0.6064845887847365,0.35790905265834105
2022-07-15,1514,6637066,218204989,32.8,33.35,32.3,33.3,0.45,3435,32.02000000000004,30.779999999999966,29.56000000000004,95.4487402763264,86.50321015797194,77.83943002997225,69.87577147141342,33.268719455551896,29.56000000000004,25.851280544448187,1.1167652142574802,0.7085407138792853,0.4082245003781949
2022-07-18,1514,15407676,550938150,33.75,36.6,33.55,36.6,3.3,7069,33.080000000000034,31.49499999999997,30.070000000000043,99.66329966329955,92.65405238985608,87.2414116882393,78.0168567547651,34.61195992936852,30.070000000000043,25.52804007063157,1.4866658457872006,0.8641657402608683,0.6225001055263323
2022-07-19,1514,28314117,1044740739,36.15,37.9,36.0,37.8,1.2,13966,34.55000000000003,32.33999999999997,30.610000000000042,99.31242247031709,98.14148746998103,89.18756131332887,80.12072659097188,36.044022451185604,30.610000000000042,25.17597754881448,1.8552584676889765,1.06238428574649,0.7928741819424865
2022-07-20,1514,12671476,476140607,37.8,38.2,36.9,38.0,0.2,6781,35.710000000000036,33.25999999999997,31.180000000000042,98.86016817190897,99.27863010184188,89.49901897298945,80.45643809899622,37.17461424947335,31.180000000000042,25.18538575052673,2.1388537302309523,1.2776781746433825,0.8611755555875698
2022-07-21,1514,19767759,687384994,38.0,38.05,34.2,34.2,-3.8,9613,35.98000000000004,33.70499999999997,31.51750000000004,82.50024997149997,93.5576135379087,54.6218044871833,59.79470546495106,37.39298083138641,31.51750000000004,25.64201916861367,2.0335354461230324,1.4288496289393124,0.6046858171837199
2022-07-22,1514,12589956,411314511,32.8,34.0,32.0,32.15,-2.05,6794,35.75000000000004,33.88499999999996,31.69250000000004,58.10675088636382,79.82238967659093,43.86349956338886,52.03171544610004,37.42261998129091,31.69250000000004,25.96238001870918,1.764314164316275,1.495942536014705,0.26837162830157
2022-07-25,1514,9448631,305682495,31.95,32.8,31.95,32.25,0.1,4349,34.88000000000004,33.97999999999996,31.865000000000045,31.539383682391858,57.38212818008524,44.4857641711564,52.35665261049092,37.44210498376969,31.865000000000045,26.2878950162304,1.5412568732788898,1.505005403467542,0.03625146981134786
2022-07-26,1514,7982218,254042122,31.8,32.45,31.1,32.2,-0.05,4193,33.76000000000003,34.15499999999996,32.00750000000004,19.730287798293816,36.45880745568319,44.19996008309471,52.166373753003704,37.46463065630553,32.00750000000004,26.550369343694555,1.3449441025427191,1.4729931432825774,-0.12804904073985823
2022-07-27,1514,3847206,124131183,31.8,32.55,31.8,32.4,0.2,1931,32.640000000000036,34.17499999999996,32.12000000000005,17.244617128055612,22.83809620291379,45.82423382760624,52.903684007425255,37.511697320880344,32.12000000000005,26.72830267911975,1.1917652183187322,1.4167475582898084,-0.2249823399710762
2022-07-28,1514,8869861,292518128,32.45,33.45,32.4,33.0,0.6,4666,32.400000000000034,34.189999999999955,32.27500000000005,20.187793427229963,19.05423278452649,50.83337379578964,55.137789004469674,37.580044768895725,32.27500000000005,26.96995523110437,1.1060351498433185,1.3546050766005104,-0.24856992675719192
2022-07-29,1514,10481544,354006852,33.4,34.55,33.0,34.2,1.2,5547,32.81000000000004,34.27999999999996,32.530000000000044,29.57746478873231,22.336625114672657,59.55834182991767,59.29653767557974,37.68833306408075,32.530000000000044,27.371666935919336,1.1219898238315977,1.3080820260467279,-0.18609220221513012
2022-08-01,1514,7315173,253267536,34.2,35.1,33.85,34.9,0.7,4302,33.34000000000004,34.10999999999995,32.802500000000045,41.31455399061024,30.359937402190866,63.916165935799754,61.53645889239993,37.85596168482435,32.802500000000045,27.749038315175735,1.1775441715565265,1.2819744551486876,-0.10443028359216111
2022-08-02,1514,8601844,293308864,34.55,35.1,33.5,34.2,-0.7,4889,33.74000000000003,33.74999999999995,33.045000000000044,47.26247171277057,39.38483016403774,56.77827764790536,58.09363636544808,37.872929162693545,33.045000000000044,28.217070837306544,1.151809895026986,1.2559415431243472,-0.1041316480973613
2022-08-03,1514,4275801,144558344,33.8,34.45,33.45,33.6,-0.6,2601,33.98000000000003,33.30999999999995,33.285000000000046,53.54181443577526,47.37294671305205,51.074493290240156,55.240780473646936,37.704966063216666,33.285000000000046,28.865033936783426,1.0706584260078102,1.2188849197010398,-0.1482264936932296
2022-08-04,1514,5318814,175823821,33.3,33.75,32.35,33.6,0.0,2963,34.10000000000003,33.24999999999996,33.47750000000005,56.53477218225415,52.44635277693336,51.07449329024014,55.240780473646936,37.58949160991192,33.47750000000005,29.365508390088177,0.9948769796137711,1.1740833316835861,-0.17920635206981506
2022-08-05,1514,4085207,140288075,33.95,34.65,33.75,34.65,1.05,2467,34.190000000000026,33.49999999999996,33.692500000000045,71.2499999999999,60.44219553934314,60.521130193356775,59.297540691325935,37.57093718525741,33.692500000000045,29.814062814742684,1.0079271058906585,1.1408520865250007,-0.13292498063434222
2022-08-08,1514,5173277,180901456,34.85,35.25,34.45,34.95,0.3,3192,34.200000000000024,33.76999999999995,33.87500000000005,80.85144927536224,69.5454071525388,62.90837261946805,60.401844152150815,37.62739923248912,33.87500000000005,30.122600767510978,1.030596838946444,1.1188010370092893,-0.08820419806284541
2022-08-09,1514,12149437,387175206,33.0,33.1,31.5,31.55,-3.4,6813,33.67000000000003,33.704999999999956,33.93000000000005,60.46256038647336,70.85466988727853,34.95817020570745,45.37606608947915,37.50818389689317,33.93000000000005,30.35181610310693,0.7653882612671126,1.048118481860854,-0.2827302205937414
2022-08-10,1514,4547915,145259945,31.45,32.3,31.2,32.1,0.55,2603,33.370000000000026,33.67499999999996,33.92500000000005,38.286634460547475,59.86688137412773,39.99005081298515,47.64495766377028,37.51310534962195,33.92500000000005,30.33689465037814,0.5927560336121687,0.957045992211117,-0.3642899585989483
2022-08-11,1514,2556770,81995333,32.25,32.4,31.8,32.0,-0.1,1516,33.050000000000026,33.57499999999996,33.88250000000004,14.4362139917695,37.72846961293015,39.34438990460072,47.260585560229515,37.53999572795191,33.88250000000004,30.22500427204817,0.44277060130573176,0.8541909140300399,-0.4114203127243081
2022-08-12,1514,3612520,114522314,31.6,32.15,31.2,31.7,-0.3,1997,32.46000000000002,33.32499999999996,33.80250000000005,18.10699588477361,23.609948112363565,37.239981453585045,46.06007632190504,37.57562536234691,33.80250000000005,30.029374637653188,0.29628320446957446,0.7426093721179468,-0.4463261676483723
2022-08-15,1514,3277897,105730276,31.65,32.6,31.65,32.45,0.75,1912,31.960000000000026,33.07999999999996,33.59500000000005,20.987654320987613,17.843621399176943,45.70948546211654,49.51287860102803,37.18176734678811,33.59500000000005,30.008232653211994,0.23796648951851296,0.64168079559806,-0.40371430607954706
2022-08-16,1514,3656361,121044327,32.6,33.6,32.6,33.0,0.55,2294,32.25000000000002,32.959999999999965,33.355000000000054,29.218106995884728,22.770919067215356,51.32893736794588,51.942340580344684,36.38301915449433,33.355000000000054,30.32698084550578,0.23343953063072576,0.5600325426045931,-0.32659301197386736
2022-08-17,1514,3385317,113158043,33.0,33.7,33.0,33.45,0.45,1898,32.520000000000024,32.94499999999996,33.127500000000055,43.62139917695472,31.275720164609055,55.70534657332824,53.89709540146217,35.28353223537679,33.127500000000055,30.97146776462332,0.263129924315443,0.5006520189467631,-0.23752209463132012
2022-08-18,1514,3197483,108597404,33.5,34.3,33.3,34.0,0.55,1940,32.92000000000003,32.98499999999996,33.11750000000005,56.378600823045225,43.07270233196159,60.7392271112063,56.23993468924121,35.255320151459145,33.11750000000005,30.979679848540957,0.32726764102778816,0.46597514336296814,-0.13870750233517998
2022-08-19,1514,3923242,135010675,34.45,34.75,34.1,34.35,0.35,2242,33.45000000000003,32.95499999999996,33.227500000000056,71.14125079696282,57.047083598987626,63.79403477363393,57.712636620242094,35.38121191202157,33.227500000000056,31.073788087978542,0.4017086710328712,0.45312184889694873,-0.05141317786407751
2022-08-22,1514,5062806,177924732,34.5,35.5,34.35,35.2,0.85,3072,34.00000000000002,32.97999999999996,33.37500000000006,83.6304842164288,70.38344527881232,70.3340771251937,61.133588056025935,35.64182597479008,33.37500000000006,31.108174025210033,0.5232598065521472,0.46714944042798845,0.05611036612415876
2022-08-23,1514,7219311,256173393,35.2,36.3,34.05,35.7,0.5,4142,34.54000000000002,33.39499999999996,33.550000000000054,89.99698143259927,81.58957214866366,73.60600303877422,63.02829290655188,35.96267486412567,33.550000000000054,31.13732513587444,0.6524151428529876,0.5042025809129883,0.14821256193999932
2022-08-24,1514,6205572,226548631,36.45,36.8,36.0,36.6,0.9,3690,35.17000000000002,33.844999999999956,33.76000000000006,92.56237378672402,88.72994647858407,78.56958756528662,66.22040910145046,36.45083630122351,33.76000000000006,31.069163698776613,0.8179651625433522,0.5669550972390611,0.25101006530429104
2022-08-25,1514,7081413,255625793,36.9,36.9,35.5,36.15,-0.45,4265,35.60000000000002,34.259999999999955,33.91750000000006,90.12605042016808,90.89513521316384,70.80254117834923,63.278559541995584,36.77551941910515,33.91750000000006,31.05948058089497,0.9024506177133702,0.634054201333923,0.2683964163794472
2022-08-26,1514,4204676,152651561,36.15,36.7,36.05,36.2,0.05,2227,35.97000000000003,34.70999999999996,34.017500000000055,88.62126245847178,90.43656222178801,71.17196151423263,63.472732149957636,37.043103245632814,34.017500000000055,30.991896754367293,0.9623471923598146,0.6997127995391013,0.2626343928207133
2022-08-29,1514,4147352,139462915,33.2,34.45,33.0,33.4,0.0,2585,35.61000000000003,34.80499999999996,33.94250000000006,59.89720873441801,79.54817387101933,38.96355919984616,48.12587089083634,36.95119988532987,33.94250000000006,30.933800114670245,0.7749459651755757,0.7147594326663962,0.06018653250917949
2022-08-30,1514,5641933,195983564,33.95,35.75,33.7,34.4,1.0,3503,35.35000000000003,34.94499999999995,33.95250000000006,43.2915921288014,63.93668777389711,48.646720924397044,52.53945816141579,36.965882650773665,33.95250000000006,30.93911734922645,0.6990624286047264,0.7116200318540622,-0.012557603249335747
2022-08-31,1514,3569935,121480508,35.05,35.05,33.75,33.9,-0.5,2348,34.81000000000003,34.98999999999995,33.96750000000005,23.076923076923006,42.088574646714186,44.52612803043358,50.23787410346829,36.97669839824254,33.96750000000005,30.95830160175756,0.5917569520480228,0.6876474158928543,-0.09589046384483146
2022-09-01,1514,3559561,118138773,33.6,34.0,32.8,32.85,-1.05,2188,34.15000000000003,34.87499999999996,33.93000000000005,20.064623723160285,28.811046309628278,36.8738504986003,45.70941080311552,36.975061575729875,33.93000000000005,30.884938424270228,0.41718135700163117,0.6335542041146096,-0.21637284711297844
2022-09-02,1514,2265979,73816676,32.95,33.1,32.2,32.5,-0.35,1468,33.410000000000025,34.689999999999955,33.822500000000055,10.226471331816391,17.789339377299942,34.56379338688915,44.276700839996316,36.90980869852444,33.822500000000055,30.735191301475673,0.24773117447808346,0.5563895981873044,-0.3086584237092209
2022-09-05,1514,1626879,52696671,32.5,32.75,32.0,32.0,-0.5,1149,33.130000000000024,34.369999999999955,33.675000000000054,2.5341636395087086,10.941752898161843,31.296087070679253,42.23983907417125,36.814187793042215,33.675000000000054,30.535812206957893,0.07226187279179186,0.45956405310820186,-0.38730218031641
2022-09-06,1514,2236371,70635592,32.2,32.35,31.15,31.15,-0.85,1395,32.480000000000025,33.91499999999995,33.65500000000005,2.127659574468024,4.962764848597755,26.35444579236979,38.95870191240785,36.85263975456679,33.65500000000005,30.457360245433314,-0.1338438407549276,0.34088247433557595,-0.47472631509050356
2022-09-07,1514,1869291,57220797,30.7,31.25,30.35,30.4,-0.75,1303,31.780000000000022,33.294999999999945,33.57000000000005,0.26246719160099197,1.641430135192622,22.66963764884842,36.280734875658545,37.009680217692605,33.57000000000005,30.1303197823075,-0.3536264500493047,0.20198068945859982,-0.5556071395079045
2022-09-08,1514,2136074,66328909,30.95,31.3,30.75,31.2,0.8,1449,31.450000000000024,32.79999999999995,33.53000000000005,5.509380771847894,2.6331691793056837,34.13058038502582,40.94388134071716,37.05922087718885,33.53000000000005,30.000779122811252,-0.45797320718821766,0.0699899101292363,-0.5279631173174539
2022-09-12,1514,2413654,75464117,31.6,31.85,31.05,31.2,0.0,1421,31.19000000000002,32.29999999999995,33.50500000000005,10.756294352094796,5.509380771847941,34.13058038502583,40.943881340717176,37.09232490861719,33.50500000000005,29.917675091382918,-0.5345072966025981,-0.05090953121713057,-0.4835977653854675
2022-09-13,1514,1934922,61272231,31.35,31.95,31.25,31.8,0.6,1175,31.150000000000023,32.13999999999995,33.472500000000046,20.777515103756176,12.34773007589967,42.78668076751441,44.47817522582241,37.108909630389206,33.472500000000046,29.836090369610883,-0.5405154031625514,-0.14883070560621475,-0.39168469755633667
2022-09-14,1514,2429512,75773382,31.1,31.6,30.85,31.2,-0.6,1450,31.160000000000018,31.819999999999954,33.38250000000005,23.29315860113483,18.275656018995317,37.0988611481334,41.785126778158734,37.14803781019209,33.38250000000005,29.61696218980801,-0.5869261373259036,-0.23644979195015253,-0.35047634537575106
2022-09-15,1514,2231569,69980406,31.45,31.8,31.05,31.3,0.1,1354,31.34000000000002,31.559999999999956,33.27500000000005,29.561396536039435,24.54402341364353,38.683783913118006,42.41097691188679,37.14791879594533,33.27500000000005,29.402081204054767,-0.608621998709431,-0.3108842333020082,-0.2977377654074228
2022-09-16,1514,3835067,119422455,31.45,31.75,30.55,30.6,-0.7,2294,31.22000000000002,31.334999999999958,33.10500000000005,22.749930814999242,25.20149531739122,32.08206865867403,39.231511142885644,37.131152009051256,33.10500000000005,29.078847990948837,-0.674524773312374,-0.3836123413040814,-0.29091243200829264
2022-09-19,1514,6679128,209375625,30.75,32.0,30.6,30.75,0.15,3797,31.130000000000017,31.159999999999958,32.92500000000005,21.65404040404033,24.655122585026387,34.86119097862683,40.26494584660224,37.03346686733467,32.92500000000005,28.816533132665427,-0.7065052973082686,-0.4481909325049188,-0.2583143648033498
2022-09-20,1514,3210669,99600501,30.95,31.35,30.55,31.15,0.4,2159,31.000000000000018,31.074999999999953,32.72250000000004,26.30050505050494,23.568158756514887,42.21712583753317,43.04644454720643,36.76112290886246,32.72250000000004,28.683877091137614,-0.6916010890736182,-0.4968729638186587,-0.19472812525495947
2022-09-21,1514,2207783,68474170,30.95,31.5,30.6,30.7,-0.45,1449,30.900000000000016,31.029999999999955,32.47250000000004,26.27655869035165,24.743701381632352,36.767556951227974,40.74770404109188,36.359076256808656,32.47250000000004,28.585923743191422,-0.7079399448547541,-0.5390863600258777,-0.16885358482887636
2022-09-22,1514,2037309,62112532,30.7,30.9,30.1,30.7,0.0,1263,30.78000000000002,31.059999999999956,32.177500000000045,30.136207813158663,27.571090518005132,36.767556951227974,40.74770404109188,35.63849335451349,32.177500000000045,28.716506645486596,-0.7126733510097196,-0.5738037582226461,-0.13886959278707356
2022-09-23,1514,2463870,74408180,30.7,30.9,29.75,29.85,-0.85,1606,30.630000000000017,30.92499999999996,31.862500000000047,15.456073133024049,23.956279878844835,27.605878469180745,36.480096979554006,34.94614638050265,31.862500000000047,28.778853619497443,-0.7760664942820164,-0.6142563054345201,-0.1618101888474962
2022-09-26,1514,3093275,88772987,29.35,29.35,28.05,28.45,-1.4,1824,30.170000000000016,30.64999999999996,31.475000000000044,15.383324697115441,20.32520188109943,18.667589170914308,30.764906884063635,34.20895318174759,31.475000000000044,28.7410468182525,-0.9285703359422826,-0.6771191115360726,-0.25145122440620993
2022-09-27,1514,1780861,50525618,28.7,28.8,27.95,28.75,0.3,1042,29.690000000000015,30.34499999999996,31.242500000000046,11.441371047559485,14.093589625899705,24.758085443411588,33.18067198066575,34.07132926313826,31.242500000000046,28.41367073686183,-1.0135397807081041,-0.744403245370479,-0.26913653533762516
2022-09-28,1514,3449154,97238777,28.85,29.05,27.55,27.55,-1.2,2005,29.060000000000013,29.97999999999996,30.900000000000045,9.959889566077983,12.261528436917684,18.34667932700959,28.84511089804463,33.77506521664946,30.900000000000045,28.02493478335063,-1.1642874678527484,-0.8283800898669329,-0.3359073779858155
2022-09-29,1514,1640039,46157497,27.85,28.4,27.8,28.1,0.55,829,28.540000000000013,29.65999999999996,30.61000000000005,10.704212327183582,10.701824313607064,28.27819783880372,33.15620364643452,33.38445490141516,30.61000000000005,27.83554509858494,-1.2252517530190303,-0.9077544224973524,-0.31749733052167795
2022-09-30,1514,1592406,43518229,27.55,27.9,26.75,27.85,-0.25,1250,28.140000000000015,29.384999999999962,30.36000000000005,11.839148432879925,10.834416775380545,26.56474718686231,32.2011751211904,33.182693748883686,30.36000000000005,27.537306251116412,-1.2789958311063572,-0.9820027042191534,-0.2969931268872038
2022-10-03,1514,1266390,34886884,27.5,27.75,27.2,27.6,-0.25,929,27.970000000000017,29.069999999999965,30.115000000000048,17.80406071358169,13.449140491215113,24.81083425703316,31.232359736615003,33.002057325372554,30.115000000000048,27.227942674627542,-1.3264705836692912,-1.050896280109181,-0.27557430356011015
2022-10-04,1514,982207,27557373,28.0,28.25,27.75,28.05,0.45,730,27.83000000000002,28.75999999999997,29.917500000000047,24.125977594588864,17.923062247016873,33.966426410241276,35.021957523604186,32.80216202526184,29.917500000000047,27.032837974738246,-1.312651992843449,-1.1032474226560347,-0.20940457018741432
2022-10-05,1514,1845950,52169842,28.3,28.6,27.95,28.2,0.15,1166,27.96000000000002,28.50999999999997,29.77000000000005,28.053265694356345,23.327768000842344,36.95200158301943,36.2824250554786,32.68897242193,29.77000000000005,26.8510275780701,-1.274900652534388,-1.1375780686317054,-0.1373225839026826
2022-10-06,1514,914012,25676164,28.25,28.4,27.9,28.0,-0.2,594,27.94000000000002,28.23999999999997,29.650000000000052,38.1139944392956,30.097745909413646,34.52389094354471,35.29919915126212,32.65166620395854,29.650000000000052,26.648333796041562,-1.2467490251978361,-1.1594122599449315,-0.08733676525290468
2022-10-07,1514,1194226,33118674,27.95,28.15,27.55,27.55,-0.45,813,27.880000000000024,28.00999999999997,29.467500000000047,39.26643026957323,35.14456346774177,29.44497523449997,33.124150593138836,32.51352609968933,29.467500000000047,26.421473900310765,-1.2463823767125284,-1.176806283298451,-0.06957609341407744
2022-10-11,1514,1630444,43875254,27.25,27.25,26.65,27.0,-0.55,1061,27.760000000000026,27.86499999999997,29.257500000000043,32.480955035302834,36.62045991472394,24.33926956565184,30.639207267281765,32.375075179524906,29.257500000000043,26.139924820475184,-1.2757659726090829,-1.1965982211605772,-0.07916775144850563
2022-10-12,1514,1245616,33542772,27.0,27.2,26.65,27.2,0.2,917,27.590000000000025,27.70999999999997,29.02750000000005,25.857023411371216,32.53480290541581,29.523708026012645,32.618740742671214,32.03772839664833,29.02750000000005,26.017271603351766,-1.2682942489085605,-1.2109374267101738,-0.05735682219838667
2022-10-13,1514,3899589,101004101,27.15,27.15,25.3,25.45,-1.75,2046,27.040000000000028,27.499999999999964,28.740000000000048,15.777972027971986,24.705316824882065,17.37202417912706,25.70567670497456,31.956613125632114,28.740000000000048,25.523386874367983,-1.387587978215457,-1.2462675370112304,-0.1413204412042266
2022-10-14,1514,1914302,50535882,26.0,26.7,26.0,26.5,1.05,995,26.740000000000027,27.339999999999964,28.50000000000005,23.03807303807297,21.55768949247211,35.853497251995705,34.654302013104825,31.631932310888637,28.50000000000005,25.368067689111463,-1.3814780740745327,-1.273309644423891,-0.10816842965064177
2022-10-17,1514,1593013,41218329,26.15,26.2,25.4,26.2,-0.3,783,26.470000000000027,27.174999999999965,28.28000000000005,22.727272727272645,20.514439264439257,33.36584141269067,33.41587567958106,31.409121282403113,28.28000000000005,25.15087871759699,-1.3848793961968902,-1.2956235947784909,-0.08925580141839928
2022-10-18,1514,836675,21999532,26.55,26.7,26.1,26.3,0.1,637,26.33000000000003,27.044999999999966,28.05750000000005,31.31313131313124,25.692825692825675,35.116567190458724,34.25923223027701,31.083598973924765,28.05750000000005,25.031401026075336,-1.363784940353188,-1.3092558638934304,-0.054529076459757686
2022-10-19,1514,636167,16737758,26.5,26.6,26.0,26.1,-0.2,495,26.11000000000003,26.849999999999966,27.805000000000053,27.794069729553552,27.278157923319203,33.088091921678156,33.34943687739461,30.589941651092115,27.805000000000053,25.02005834890799,-1.3476706522664905,-1.3169388215680424,-0.030731830698448093
2022-10-20,1514,1095485,27889753,25.85,25.85,25.2,25.5,-0.6,714,26.120000000000026,26.579999999999966,27.54500000000005,22.09299114711906,27.066730729934676,27.523542149525888,30.714247082418268,30.16643090696438,27.54500000000005,24.923569093035724,-1.3675506755345594,-1.3270611923613458,-0.04048948317321366
2022-10-21,1514,1104561,27788058,25.5,25.5,25.0,25.0,-0.5,730,25.82000000000003,26.279999999999966,27.260000000000048,11.991981046108961,20.626347307593917,23.655769552817983,28.68042737676163,29.67900806116666,27.260000000000048,24.840991938833437,-1.4074276091430526,-1.343134475717687,-0.06429313342536558
2022-10-24,1514,1135973,28987436,25.45,25.65,25.35,25.45,0.45,662,25.670000000000027,26.069999999999965,27.04000000000005,10.208012326656348,14.764328173294848,33.47211086433066,32.98166470349854,29.269708501125013,27.04000000000005,24.810291498875085,-1.3867337239742845,-1.3518543253690065,-0.034879398605278
2022-10-25,1514,1101053,27796094,25.6,25.6,24.95,25.15,-0.3,811,25.440000000000026,25.884999999999962,26.875000000000046,9.848484848484784,10.682826073750087,30.429007231355882,31.612858799281057,29.15085148900131,26.875000000000046,24.59914851099878,-1.378648956688508,-1.3572132516329067,-0.02143570505560133
2022-10-26,1514,1538516,38326019,25.3,25.35,24.6,24.9,-0.25,996,25.200000000000028,25.654999999999962,26.682500000000044,14.610389610389506,11.555628928510268,27.957836531134117,30.47770427185345,28.942649331347432,26.682500000000044,24.422350668652655,-1.376546658026566,-1.3610799329116385,-0.015466725114927415
2022-10-27,1514,1575001,39478522,25.0,25.25,24.8,25.15,0.25,816,25.13000000000003,25.62499999999996,26.562500000000046,16.522366522366394,13.660413660413617,34.192816413671586,33.06605038648923,28.87979907435125,26.562500000000046,24.24520092564884,-1.339269396590268,-1.3567178256473644,0.017448429057096426
2022-10-28,1514,1276330,31610651,25.1,25.2,24.55,24.55,-0.6,785,25.040000000000028,25.42999999999996,26.38500000000004,13.492063492063371,14.874939874939813,27.523145482744667,30.163523558310786,28.747435184293966,26.38500000000004,24.022564815706115,-1.3426644835380088,-1.3539071572254933,0.011242673687484439
2022-10-31,1514,1352103,33714846,24.7,25.25,24.6,25.0,0.45,700,24.950000000000028,25.309999999999963,26.242500000000042,16.047231900890342,15.353887305106758,38.089847480694026,34.78705364943281,28.577938930905663,26.242500000000042,23.90706106909442,-1.294125996291502,-1.341950925038695,0.04782492874719302
2022-11-01,1514,1390994,35479276,25.0,25.75,25.0,25.55,0.55,817,25.030000000000026,25.234999999999964,26.140000000000036,32.95809881175728,20.83246473490372,48.745277369686605,40.014310977269766,28.407068591814436,26.140000000000036,23.872931408185636,-1.1974747484910573,-1.3130556897291674,0.11558094123811014
2022-11-02,1514,826573,21074194,25.5,25.75,25.25,25.5,-0.05,594,25.150000000000027,25.17499999999996,26.012500000000035,59.34698770064617,36.11743947109798,47.871422048712894,39.70274317528993,28.11651402086384,26.012500000000035,23.90848597913623,-1.1120930045050557,-1.272863152684345,0.16077014817928936
2022-11-03,1514,602866,15299732,25.3,25.55,25.0,25.5,0.0,475,25.220000000000027,25.17499999999996,25.877500000000033,78.41880341880336,56.90796331040232,47.871422048712894,39.70274317528993,27.734776231472267,25.877500000000033,24.0202237685278,-1.0325250511883297,-1.224795532385142,0.19227048119681234
2022-11-04,1514,1024932,26143399,25.45,25.7,25.25,25.65,0.15,588,25.440000000000026,25.239999999999963,25.76000000000003,83.33333333333324,73.69970815092763,51.42704993839185,41.29317993787809,27.34227684050321,25.76000000000003,24.17772315949685,-0.9464530074081239,-1.1691270273897385,0.22267401998161462
2022-11-07,1514,1752053,45645986,25.85,26.25,25.8,26.1,0.45,1000,25.660000000000025,25.304999999999964,25.68750000000003,87.33660130718948,83.02957935310874,60.78813113552951,45.90313690773567,27.05310426185354,25.68750000000003,24.321895738146516,-0.8323344203164176,-1.1017685059750744,0.2694340856586568
2022-11-08,1514,4801905,128356945,26.3,27.1,25.85,26.6,0.5,2588,25.870000000000026,25.449999999999964,25.66750000000003,87.74509803921563,86.13834422657949,68.62611134248048,50.54957854112231,26.965681420292487,25.66750000000003,24.36931857970757,-0.6935539384603331,-1.0201255924721262,0.3265716540117931
2022-11-09,1514,3397362,91076106,26.9,27.35,26.35,26.9,0.3,1801,26.150000000000027,25.64999999999996,25.652500000000032,85.16573295985056,86.74914410208527,72.47715144628162,53.14971745928603,26.884764176218802,25.652500000000032,24.420235823781262,-0.552987419188927,-0.9266979578154864,0.37371053862655934
2022-11-10,1514,2069768,55729323,27.0,27.25,26.7,26.85,-0.05,1262,26.420000000000027,25.819999999999958,25.722500000000032,82.04630336983271,84.98571145629968,70.78763420675448,52.65280317083322,27.05571978682912,25.722500000000032,24.389280213170945,-0.4405437084299706,-0.8294671079383832,0.3889233995084126
2022-11-11,1514,2226837,60350199,27.5,27.6,26.8,26.9,0.05,1262,26.670000000000027,26.054999999999957,25.742500000000028,79.607892107892,82.27330947919181,71.56106529613947,53.12476692621575,27.132562948212552,25.742500000000028,24.352437051787504,-0.3434377389358616,-0.7322612341378789,0.3888234952020173
2022-11-14,1514,1586859,42825293,26.9,27.15,26.7,27.0,0.1,976,26.85000000000003,26.254999999999956,25.782500000000027,77.2727272727272,79.64230758348401,73.2157353528466,54.11001805722736,27.265832397001073,25.782500000000027,24.29916760299898,-0.2554665350423484,-0.6369022943187728,0.38143575927642437
2022-11-15,1514,1721820,46783590,27.15,27.35,26.95,27.25,0.25,993,26.98000000000003,26.424999999999955,25.83000000000003,78.84615384615375,78.57559107559102,77.101617980095,56.56778218200793,27.432622850202904,25.83000000000003,24.227377149797157,-0.1636889076609087,-0.5422596169871999,0.3785707093262912
2022-11-16,1514,1574109,42591707,27.4,27.4,26.85,26.9,-0.35,874,26.98000000000003,26.56499999999995,25.870000000000026,77.89143480632833,78.00343864173647,62.33126931056256,52.341295538130396,27.536253282065324,25.870000000000026,24.203746717934727,-0.1178381864058089,-0.45737533087092175,0.33953714446511285
2022-11-17,1514,2708701,74535448,26.9,27.85,26.9,27.45,0.55,1564,27.10000000000003,26.759999999999952,25.96750000000003,79.0796774579856,78.60575537015593,72.12225359509972,57.690919597610225,27.75922403008743,25.96750000000003,24.17577596991263,-0.03669772745773159,-0.3732398101882837,0.33654208273055214
2022-11-18,1514,1111399,30318447,27.4,27.6,27.05,27.05,-0.4,852,27.13000000000003,26.89999999999995,26.07000000000003,70.23352361183176,75.73487862538194,59.09039517315643,53.02888480650616,27.863153646510213,26.07000000000003,24.276846353489844,-0.0046167670003178785,-0.29951520155069056,0.2948984345503727
2022-11-21,1514,2835673,79001539,27.2,28.15,27.2,27.85,0.8,1547,27.30000000000003,27.07499999999995,26.190000000000026,74.60704607046068,74.64008238009272,71.22310443255523,59.99235492449026,28.117329759017142,26.190000000000026,24.26267024098291,0.08438816517572434,-0.22273452820540757,0.3071226933811319
2022-11-22,1514,7042132,198153698,28.0,28.6,27.8,27.85,0.0,3633,27.420000000000027,27.19999999999995,26.325000000000028,67.95321637426903,70.93126201885386,71.22310443255523,59.99235492449026,28.31911634565114,26.325000000000028,24.330883654348916,0.15315968565352733,-0.14755568543362058,0.3007153710871479
2022-11-23,1514,2030177,56163975,27.85,28.15,27.4,27.65,-0.2,1309,27.57000000000003,27.27499999999995,26.462500000000027,64.61988304093568,69.06004849522184,64.69432113084481,57.519932968799395,28.423590257992426,26.462500000000027,24.501409742007628,0.18934068106316104,-0.08017641213426425,0.2695170931974253
2022-11-24,1514,2843925,79959475,27.9,28.4,27.65,28.3,0.65,1523,27.740000000000027,27.41999999999995,26.620000000000026,64.91228070175434,65.82846003898639,73.80047404024843,62.87495987938999,28.639257289201392,26.620000000000026,24.60074271079866,0.267381738081383,-0.010664782091134806,0.2780465201725178
2022-11-25,1514,8216322,239658283,28.9,29.8,28.8,29.0,0.7,4667,28.13000000000003,27.62999999999995,26.84250000000003,69.03062741599756,66.1875970528959,80.21269515197888,67.61031501507397,28.880949165417785,26.84250000000003,24.804050834582274,0.38131838687820974,0.0677318517027341,0.31358653517547563
2022-11-28,1514,2011063,57765827,29.05,29.05,28.5,28.75,-0.25,1284,28.31000000000003,27.80499999999995,27.03000000000003,73.83288730300322,69.25859847358507,72.78978426745982,64.44857889247385,29.04578768723107,27.03000000000003,25.01421231276899,0.446296463435516,0.14344477404929049,0.30285168938622553
2022-11-29,1514,1387405,39768601,28.7,28.85,28.4,28.8,0.05,900,28.500000000000036,27.95999999999995,27.19250000000003,67.60179232417686,70.15510234772592,73.36490908253131,64.80309164157865,29.22874040820146,27.19250000000003,25.1562595917986,0.4961078172802935,0.2139773826954911,0.2821304345848024
2022-11-30,1514,1851366,53901252,28.9,29.25,28.9,29.2,0.4,1015,28.81000000000003,28.18999999999995,27.377500000000033,69.36861307404844,70.26776423374287,77.7535294746445,67.58767219203406,29.437226923645827,27.377500000000033,25.31777307635424,0.5613889883292735,0.2834597038222476,0.2779292845070259
2022-12-01,1514,2123634,62396893,29.5,29.55,29.2,29.2,0.0,1119,28.99000000000003,28.364999999999952,27.562500000000036,73.54071216140177,70.17037251987573,77.7535294746445,67.58767219203405,29.578653515978154,27.562500000000036,25.546346484021917,0.6061376096544961,0.3479952849886973,0.25814232466579884
2022-12-02,1514,12304866,380543212,29.4,31.8,29.3,31.35,2.15,6718,29.46000000000003,28.794999999999952,27.847500000000036,81.62587412587409,74.84506645377479,89.9129141508526,78.29304852144247,30.271850428463438,27.847500000000036,25.423149571536634,0.8057994912095339,0.4395561262328646,0.36624336497666926
2022-12-05,1514,4694623,145527364,31.55,31.65,30.7,30.75,-0.6,3348,29.86000000000003,29.08499999999995,28.080000000000034,80.94405594405593,78.70354741044396,76.32967166060209,71.22319165336638,30.675264919038256,28.080000000000034,25.484735080961812,0.9051835922431444,0.5326816194349205,0.37250197280822384
2022-12-06,1514,12229623,386226901,30.8,32.9,30.65,30.85,0.1,7096,30.27000000000003,29.384999999999952,28.292500000000036,75.62049062049063,79.39680689680692,77.0051440668818,71.68215816914677,31.058593816194666,28.292500000000036,25.526406183805406,0.9807103541100091,0.6222873663699382,0.35842298774007086
2022-12-07,1514,4804554,146092307,30.7,31.3,29.85,30.0,-0.85,2762,30.430000000000028,29.619999999999955,28.447500000000037,57.54810004810006,71.37088220421558,60.020127977709755,62.55007566470946,31.231467492624514,28.447500000000037,25.66353250737556,0.9609012888591479,0.6900101508677802,0.27089113799136777
2022-12-08,1514,1237538,37429407,30.2,30.4,30.05,30.4,0.4,882,30.670000000000027,29.82999999999995,28.625000000000036,46.984126984126995,60.05090588423926,64.33862091963377,64.82132091123962,31.431510288595163,28.625000000000036,25.818489711404908,0.9663397558123599,0.7452760718566961,0.22106368395566378
2022-12-09,1514,2029185,61584710,30.45,30.65,30.1,30.3,-0.1,1198,30.46000000000003,29.95999999999995,28.795000000000034,40.740740740740755,48.424322590989306,62.373550671986486,63.779911044509575,31.574730202733846,28.795000000000034,26.01526979726622,0.9516110361225714,0.7865430647098711,0.16506797141270024
2022-12-12,1514,1520426,46130120,30.05,30.65,29.85,30.5,0.2,1016,30.410000000000032,30.134999999999952,28.970000000000034,42.222222222222236,43.31569664903003,64.87665519516436,64.99132929197891,31.71616095667939,28.970000000000034,26.22383904332068,0.9451812866662124,0.8182707091011394,0.12691057756507296
2022-12-13,1514,1573366,47860571,30.5,30.85,30.0,30.15,-0.35,988,30.27000000000003,30.269999999999946,29.11500000000003,35.96596596596598,39.642976309643025,57.11867431270944,61.137645804283245,31.78784492628941,29.11500000000003,26.44215507371065,0.9014522090389647,0.8349070090887045,0.0665451999502602
2022-12-14,1514,1136558,34631732,30.5,30.7,30.2,30.4,0.25,764,30.350000000000033,30.389999999999947,29.29000000000003,32.07707707707706,36.755088421755126,61.004582882712995,62.83290417452795,31.814004754351952,29.29000000000003,26.76599524564811,0.8768615959801345,0.8432979264669905,0.033563669513143934
2022-12-15,1514,1787215,54970998,30.7,31.0,30.45,30.75,0.35,1129,30.420000000000034,30.54499999999995,29.45500000000003,28.5798093175142,32.20761745351912,66.03224460845342,65.12649087139948,31.906713686381778,29.45500000000003,27.003286313618283,0.8755229493274328,0.8497429310390789,0.025780018288353856
2022-12-16,1514,1991467,60123042,30.35,30.55,29.9,30.05,-0.7,1157,30.370000000000033,30.414999999999946,29.60500000000003,22.207043108682416,27.621309834424597,50.761405455680055,57.485812998674156,31.80384060358903,29.60500000000003,27.406159396411027,0.808656226743949,0.8415255901800529,-0.032869363436103916
2022-12-19,1514,1120525,33341680,30.0,30.0,29.6,29.7,-0.35,781,30.21000000000003,30.309999999999945,29.69750000000003,13.982642237222697,21.589831554473147,44.72750294066028,54.07006522947177,31.743587730277223,29.69750000000003,27.651412269722837,0.7191320853837375,0.8170468892207898,-0.09791480383705231
2022-12-20,1514,2780135,81469821,29.85,30.15,28.6,28.6,-1.1,1595,29.900000000000027,30.084999999999944,29.73500000000003,4.146576663452211,13.445420669785813,31.150561146852368,45.016733771060544,31.66867525711788,29.73500000000003,27.801324742882183,0.5530475634019929,0.7642470240570305,-0.21119946065503759
2022-12-21,1514,1845372,54383140,29.25,29.75,29.1,29.45,0.85,998,29.710000000000026,30.029999999999944,29.825000000000035,13.766339869280975,10.631852923318666,45.94333403774502,51.740943874710375,31.514230594084133,29.825000000000035,28.135769405915937,0.4844280938903438,0.7082832380236932,-0.2238551441333494
2022-12-22,1514,1201386,35451538,29.8,29.8,29.2,29.45,0.0,877,29.450000000000024,29.934999999999945,29.88250000000004,23.611111111111057,13.841342547948118,45.94333403774501,51.740943874710375,31.43274997983852,29.88250000000004,28.33225002016156,0.4251458531744916,0.6516557610538529,-0.22650990787936132
2022-12-23,1514,626317,18388245,29.4,29.65,29.05,29.45,0.0,536,29.330000000000023,29.849999999999945,29.90500000000004,35.41666666666659,24.264705882352914,45.94333403774502,51.740943874710375,31.415926867849453,29.90500000000004,28.394073132150627,0.3738546861956955,0.5960955460822215,-0.22224085988652598
2022-12-26,1514,1239770,37080384,29.7,30.15,29.6,30.05,0.6,843,29.400000000000023,29.804999999999943,29.970000000000038,43.74999999999994,34.25925925925924,56.43529480181218,56.43779670139103,31.385415133446458,29.970000000000038,28.55458486655362,0.37727209456050304,0.5523308557778778,-0.17505876121737474
2022-12-27,1514,974658,29260028,30.3,30.3,29.8,29.8,-0.25,709,29.640000000000025,29.769999999999946,30.02000000000004,48.61111111111108,42.59259259259258,51.56968346064544,54.07618956782271,31.333544822223402,30.02000000000004,28.706455177776675,0.35570713422455214,0.5130061114672126,-0.1572989772426605
2022-12-28,1514,1086051,31930144,29.6,29.8,29.1,29.2,-0.6,754,29.590000000000025,29.64999999999995,30.02000000000004,47.06196581196576,46.47435897435897,41.54141532918424,48.798542140161416,31.333544822223402,30.02000000000004,28.706455177776675,0.28689461961120344,0.4677838130960108,-0.18088919348480736
2022-12-29,1514,2145274,63031886,29.25,29.7,29.0,29.45,0.25,1325,29.590000000000025,29.519999999999946,30.032500000000038,43.589743589743506,46.420940170940156,46.59021192556019,50.9467462995044,31.319074910368855,30.032500000000038,28.74592508963122,0.24965524640004588,0.42415809975681784,-0.17450285335677196
2022-12-30,1514,942585,27820693,29.55,29.85,29.3,29.35,-0.1,590,29.57000000000003,29.44999999999995,29.93250000000004,41.628959276018016,44.09355622590913,44.78519679894972,50.042315593561916,31.09923690264356,29.93250000000004,28.76576309735652,0.20965681728703345,0.38125784326286094,-0.1716010259758275
2023-01-03,1514,8737813,266721139,29.6,31.3,29.35,30.5,1.15,4839,29.660000000000025,29.52999999999995,29.920000000000037,53.11167945439039,46.11012744005067,63.66953433344881,59.04629625211112,31.056397817663804,29.920000000000037,28.78360218233627,0.26766765695874994,0.3585398060020387,-0.09087214904328877
2023-01-04,1514,16121609,510527395,30.3,32.45,30.3,31.3,0.8,9021,29.960000000000026,29.799999999999947,29.942500000000035,58.667235009945976,51.1359579134515,71.56301729503507,63.91818595219584,31.166131889087406,29.942500000000035,28.718868110912663,0.373885065169258,0.3616088578354826,0.012276207333775435
2023-01-05,1514,5211359,163778236,31.5,31.85,31.15,31.45,0.15,3048,30.410000000000025,29.99999999999995,30.015000000000036,67.63285024154582,59.80392156862744,72.85323743702831,64.76457442442852,31.404280389263267,30.015000000000036,28.625719610736805,0.4648088457880952,0.3822488554260051,0.08255999036209011
2023-01-06,1514,2773030,85741383,31.15,31.3,30.65,31.15,-0.3,1611,30.75000000000002,30.16999999999995,30.052500000000038,66.66666666666657,64.32225063938617,65.8788931445478,61.64979230783025,31.51963155510707,30.052500000000038,28.585368444893007,0.506816835209829,0.4071624513827699,0.0996543838270591
2023-01-09,1514,5093333,162545830,32.2,32.35,31.6,32.0,0.85,2730,31.280000000000022,30.424999999999947,30.13750000000004,73.42995169082114,69.2431561996779,74.0808824560322,66.55742667229502,31.8315705416217,30.13750000000004,28.443429458378375,0.6017596550107882,0.44608189210837357,0.15567776290241464
2023-01-10,1514,7666807,246939574,32.3,32.65,31.55,31.75,-0.25,4256,31.530000000000022,30.59499999999995,30.20000000000004,74.87260935742167,71.65640923830317,68.43607594146495,63.96473513122481,32.02975408183452,30.20000000000004,28.370245918165555,0.6493443753105659,0.48673438874881203,0.16260998656175385
2023-01-11,1514,3799487,121769035,31.95,32.25,31.8,32.0,0.25,2218,31.670000000000027,30.814999999999948,30.29250000000004,81.49692277149093,76.59982793991128,71.01295288294145,65.415575288143,32.28279520423234,30.29250000000004,28.302204795767736,0.6991689353709525,0.5292212980732401,0.16994763729771234
2023-01-12,1514,3140423,101459085,32.35,32.5,32.1,32.25,0.25,1714,31.83000000000003,31.119999999999948,30.38500000000004,81.86464935595994,79.41139382829088,73.53377117834327,66.85279589318519,32.550894734281925,30.38500000000004,28.219105265718156,0.7501805543883933,0.5734131493362707,0.17676740505212252
2023-01-13,1514,2642681,84479285,32.5,32.6,31.55,31.55,-0.7,1968,31.910000000000032,31.32999999999995,30.42500000000004,78.9727163270406,80.7780961514972,57.265673846030275,59.40833923819557,32.64524773392293,30.42500000000004,28.20475226607715,0.7257574005771197,0.6038819995844406,0.12187540099267913
2023-01-16,1514,4136953,133421313,31.65,32.45,31.65,32.25,0.7,2145,31.96000000000003,31.619999999999948,30.535000000000043,79.2350305211531,80.02413206805126,66.03278724318675,63.754914846141816,32.88427648436486,30.535000000000043,28.185723515635225,0.7541921672426248,0.6339440331160774,0.12024813412654745
2023-01-17,1514,6488966,212633985,32.6,33.0,32.45,32.9,0.65,3859,32.19000000000003,31.859999999999946,30.69500000000004,81.79669030732857,80.0014790518408,72.2092768819974,67.26065997021486,33.22401166466076,30.69500000000004,28.16598833533932,0.8197271876530046,0.6711006640234628,0.14862652362954176
2023-01-30,1514,6914233,231646370,33.8,34.6,33.05,33.3,0.4,4727,32.45000000000003,32.059999999999945,30.930000000000035,81.93733728341856,80.98968603730013,75.41839345312184,69.23285444784834,33.50961237398014,30.930000000000035,28.350387626019934,0.8936395006508455,0.7156084313489394,0.17803106930190615
2023-01-31,1514,9355919,318629401,33.35,34.5,33.15,34.15,0.85,4636,32.830000000000034,32.32999999999994,31.16500000000003,82.69306336178148,82.14236365084292,80.88938489622218,72.96040557413164,34.005616130347725,31.16500000000003,28.324383869652333,1.009170349858259,0.7743208150508033,0.23484953480745563
2023-02-01,1514,6078612,205915670,34.6,34.65,33.3,33.65,-0.5,3907,33.250000000000036,32.57999999999994,31.37500000000003,73.35881490605054,79.32973851708358,70.17138627069919,67.75990717362946,34.297242289748034,31.37500000000003,28.452757710252023,1.0482994157631182,0.8291165351932663,0.2191828805698519
2023-02-02,1514,5616100,187300938,33.45,33.9,33.05,33.1,-0.55,2871,33.42000000000003,32.68999999999995,31.557500000000026,67.66261237440501,74.57149688074573,59.97328186483897,62.4839241136913,34.4315694146092,31.557500000000026,28.683430585390855,1.0231350153664955,0.8679202312279122,0.15521478413858336
2023-02-03,1514,2717478,89190022,33.4,33.4,32.6,32.7,-0.4,1697,33.38000000000003,32.78499999999995,31.690000000000033,51.61290322580646,64.21144350208739,53.389717148370494,58.89245423493613,34.51782602010644,31.690000000000033,28.862173979893626,0.959850826846445,0.8863063503516188,0.0735444764948262
2023-02-06,1514,1443953,47542634,32.7,33.05,32.7,33.0,0.3,993,33.32000000000003,32.88499999999995,31.850000000000033,44.62365591397852,54.63305717139672,57.474429646104056,60.71619628307929,34.59280877933375,31.850000000000033,29.107191220666312,0.9232623506344808,0.8936975504081912,0.0295648002262896
2023-02-07,1514,1578583,51781310,33.0,33.05,32.7,32.8,-0.2,1040,33.050000000000026,32.93999999999995,32.03000000000003,40.73476702508959,45.657108721624915,53.80690296658693,58.84196804671262,34.51382769128451,32.03000000000003,29.54617230871555,0.8681202413443714,0.8885820885954272,-0.02046184725105582
2023-02-08,1514,2681772,87542550,32.75,33.0,32.4,32.55,-0.25,1638,32.83000000000002,33.03999999999995,32.185000000000024,30.591397849462297,38.64994026284352,49.22601091364321,56.49440089491334,34.374999999998266,32.185000000000024,29.995000000001784,0.7950816059593038,0.8698819920682025,-0.07480038610889872
2023-02-09,1514,3037250,100186417,32.5,33.25,32.35,33.0,0.45,1776,32.81000000000002,33.114999999999945,32.36750000000002,24.420289855072383,31.915484909874817,56.92684912706637,59.61746968595146,34.15307413735561,32.36750000000002,30.581925862644432,0.7646942807321544,0.8488444498009928,-0.08415016906883843
2023-02-10,1514,3607623,119848401,33.15,33.55,32.8,32.95,-0.05,1964,32.860000000000014,33.11999999999995,32.49000000000002,20.338164251207697,25.11661731858085,55.82920281919081,59.10973413087215,34.07069604921145,32.49000000000002,30.909303950788594,0.7281834785657892,0.8247122555539521,-0.09652877698816287
2023-02-13,1514,1983982,65390472,32.8,33.3,32.55,33.1,0.15,1192,32.88000000000001,33.09999999999995,32.58000000000003,28.985507246376812,24.581320450885688,58.62165915777007,60.20470288596448,34.08246464184399,32.58000000000003,31.07753535815606,0.7032455739788546,0.8004189192389326,-0.09717334526007804
2023-02-14,1514,3150997,105640857,33.35,33.85,33.15,33.7,0.6,1753,33.06000000000002,33.05499999999995,32.69250000000003,48.597475455820565,32.640382317801745,68.0482152626253,64.32042581059635,34.17650640159999,32.69250000000003,31.20849359840008,0.723556382932351,0.7850464119776163,-0.06149002904526524
2023-02-15,1514,11181591,381742472,33.95,34.75,33.5,33.6,-0.1,6347,33.27000000000001,33.049999999999955,32.81500000000003,57.26293439301861,44.948639031738715,65.16173773399247,63.148206605123214,34.16818143646387,32.81500000000003,31.461818563536198,0.7232465451274521,0.7726864386075835,-0.049439893480131336
2023-02-16,1514,4092570,139396510,34.0,34.5,33.7,33.8,0.2,2790,33.43000000000001,33.119999999999955,32.90500000000003,66.53225806451614,57.464222637785156,68.29933106713769,64.54011891462703,34.268781507423554,32.90500000000003,31.54121849257651,0.7307160847945298,0.7642923678449727,-0.03357628305044291
2023-02-17,1514,7055713,243049736,33.75,34.7,33.65,34.65,0.85,4021,33.77000000000001,33.314999999999955,33.050000000000026,69.44444444444434,64.41321230065975,78.08541816903117,69.7666458476906,34.50533501297546,33.050000000000026,31.59466498702459,0.7960473072140957,0.7706433557187973,0.025403951495298394
2023-02-20,1514,9139367,322607146,35.85,35.85,34.75,35.5,0.85,5300,34.250000000000014,33.564999999999955,33.22500000000003,82.0833333333332,72.68667861409794,83.88815343334909,73.90821068109614,34.94996376773269,33.22500000000003,31.50003623226737,0.9059672415061897,0.7977081328762757,0.10825910862991395
2023-02-21,1514,14229189,519882852,35.3,37.2,35.3,37.1,1.6,7821,34.930000000000014,33.994999999999955,33.46750000000003,94.59049255440999,82.03942344406256,89.81228075724441,79.57897308059766,35.82403877540565,33.46750000000003,31.110961224594412,1.109397762772005,0.8600460588554216,0.24935170391658346
2023-02-22,1514,42408738,1666605621,37.5,40.8,37.05,40.55,3.45,22807,36.320000000000014,34.79499999999995,33.91750000000003,94.96928043319788,90.54770210698041,94.70758015111804,86.42838111790884,37.664535494893215,33.91750000000003,30.170464505106853,1.5313516154700437,0.994307170178346,0.5370444452916977
2023-02-23,1514,32376418,1318874410,41.0,41.8,39.6,40.15,-0.4,18158,37.59000000000002,35.50999999999995,34.31250000000003,92.3566678205853,93.97214693606445,88.92759749239958,82.95430008432211,38.85440213456759,34.31250000000003,29.77059786543246,1.812582108433233,1.1579621578293233,0.6546199506039097
2023-02-24,1514,13435691,526628125,40.65,40.8,38.25,38.4,-1.75,8087,38.34000000000002,36.05499999999995,34.58750000000003,79.94183358345204,89.08926061241179,67.80570313584438,69.7455222091074,39.411282229743684,34.58750000000003,29.763717770256374,1.8726620432797958,1.3009021349194179,0.5717599083603779
2023-03-01,1514,6597923,248838228,38.3,38.5,37.4,37.5,-0.9,4153,38.740000000000016,36.49499999999995,34.79750000000003,63.68285828833217,78.66045323078988,59.3479794136416,64.09322485024967,39.74294992897424,34.79750000000003,29.852050071025815,1.8265974675239178,1.4060412014403179,0.42055626608359997
2023-03-02,1514,5015756,188177620,37.6,37.85,37.0,37.7,0.2,3031,38.860000000000014,36.894999999999946,34.97500000000004,52.85988807885891,65.49485998354776,60.62142826673127,64.77637302733797,40.06739629251185,34.97500000000004,29.882603707488222,1.785645478341685,1.4819620568205913,0.30368342152109373
2023-03-03,1514,10615288,411418465,37.9,39.65,37.85,39.15,1.45,6443,38.58000000000001,37.449999999999946,35.250000000000036,55.123561731588914,57.222102699593385,68.86976774291031,69.33198630565069,40.61330122219412,35.250000000000036,29.886698777805957,1.848880865981343,1.5553458186527416,0.29353504732860136
2023-03-06,1514,8618169,343648666,39.25,40.45,38.95,39.95,0.8,5478,38.540000000000006,38.06499999999994,35.59250000000004,63.64559311955213,57.209680976666704,72.56828989065154,71.5205118718537,41.23069785037629,35.59250000000004,29.954302149623786,1.9411720572547893,1.632511066373151,0.30866099088163823
2023-03-07,1514,16690934,688730674,40.2,42.35,40.15,41.3,1.35,9892,39.120000000000005,38.72999999999995,36.02250000000003,75.44997026787911,64.73970837300676,77.7683477362953,74.78991684519632,42.01344942392187,36.02250000000003,30.03155057607819,2.0990506594518834,1.7258189849888974,0.373231674462986
2023-03-08,1514,24435928,1038388189,41.3,44.0,41.3,42.4,1.1,14438,40.10000000000001,39.419999999999945,36.49250000000003,78.66936845660244,72.58831061467794,81.16285060848813,77.09704471209781,42.920195932446504,36.49250000000003,30.06480406755355,2.2865732035156796,1.8379698286942538,0.44860337482142576
2023-03-09,1514,12843796,536121660,42.45,43.05,40.8,41.5,-0.9,8440,40.86,39.85999999999994,36.92750000000003,75.51165146909818,76.54366339785996,70.83834094878254,71.34410296917461,43.47322188532242,36.92750000000003,30.381778114677644,2.335639889565485,1.9375038408685001,0.3981360486969847
2023-03-10,1514,7102828,286754176,41.3,41.3,39.75,40.15,-1.35,4521,41.06,39.819999999999936,37.30750000000003,62.14285714285706,72.1079590228526,57.94012559190039,63.66944149721843,43.67250392772761,37.30750000000003,30.942496072272455,2.2397731633701454,1.997957705368829,0.24181545800131632
2023-03-13,1514,5204204,205299543,39.65,40.15,38.65,39.7,-0.45,3158,41.010000000000005,39.774999999999935,37.642500000000034,49.28571428571423,62.313407632556526,54.10875370398044,61.30221012825127,43.76608350967703,37.642500000000034,31.518916490323033,2.1032419885633047,2.0190145620077242,0.08422742655558046
2023-03-14,1514,4350415,173487840,39.8,40.3,39.5,39.55,-0.15,2798,40.660000000000004,39.889999999999944,37.97250000000003,39.999999999999936,50.476190476190446,52.75218783156207,60.49480559960444,43.750603062423586,37.97250000000003,32.19439693757648,1.9603387377765955,2.0072793971614984,-0.04694065938490288
2023-03-15,1514,6820638,267212566,39.45,39.9,38.6,38.85,-0.7,4156,39.95,40.02499999999994,38.26000000000003,30.42005420054195,39.90192282875208,46.416428811650476,56.739120975337734,43.59494142423207,38.26000000000003,32.925058575768,1.7701970029690415,1.959862918323007,-0.1896659153539655
2023-03-16,1514,8629075,324975519,38.85,38.9,36.7,37.5,-1.35,4951,39.15,40.004999999999946,38.45000000000003,21.21587937992875,30.545311193490253,36.54162369464237,50.25870694733563,43.376865129064115,38.45000000000003,33.52313487093595,1.493360065407927,1.866562347739991,-0.373202282332064
2023-03-17,1514,3641224,137600848,38.2,38.2,37.2,37.95,0.45,2246,38.71,39.88499999999995,38.66750000000003,14.78078479414925,22.13890612487336,41.3905954438375,52.21777684332126,43.07547856165252,38.66750000000003,34.25952143834755,1.295344116430897,1.7523187014781723,-0.4569745850472753
2023-03-20,1514,7921676,311650617,38.0,39.9,37.95,39.8,1.85,4932,38.730000000000004,39.86999999999995,38.96750000000003,23.515981735159738,19.83754863641262,57.10964659352388,59.31253214308402,42.78696004037069,38.96750000000003,35.14803995962937,1.273020006931155,1.656458962568769,-0.3834389556376139
2023-03-21,1514,9301758,377781760,40.15,41.4,40.0,40.5,0.7,5711,38.92,39.78999999999995,39.26000000000003,39.81052026030986,26.035762263206323,61.65007318694132,61.63382818665929,42.574754892897495,39.26000000000003,35.94524510710257,1.2968627130845647,1.584539712671928,-0.28767699958736337
2023-03-22,1514,5424772,216914354,41.0,41.2,39.55,39.55,-0.95,3595,39.06,39.50499999999995,39.46250000000003,54.31552366067901,39.21400855204958,52.80006197066533,56.890130065164136,42.29320220969808,39.46250000000003,36.631797790301974,1.2249803579274356,1.5126278417230297,-0.287647483795594
2023-03-23,1514,2808259,109860280,39.15,39.4,38.75,39.25,-0.3,2001,39.410000000000004,39.27999999999995,39.57000000000003,58.24537890210524,50.79047427436475,50.147857244840445,55.43903490210709,42.1890456277027,39.57000000000003,36.95095437229736,1.130770759352167,1.4362564252488572,-0.30548566589669024
2023-03-24,1514,2723696,106832687,39.6,39.6,38.8,39.4,0.15,1890,39.7,39.20499999999995,39.51250000000003,57.44680851063819,56.66923702447419,51.56701489710712,56.04276663834463,42.09317336173888,39.51250000000003,36.931826638261185,1.0560393558034278,1.3602130113597712,-0.30417365555634346
2023-03-27,1514,2376342,93600650,39.45,39.8,38.9,39.05,-0.35,1735,39.55000000000001,39.13999999999995,39.457500000000024,53.900709219858044,56.530965544200534,47.858266655534685,54.1976191137163,42.02835102640951,39.457500000000024,36.88664897359054,0.9575342464042365,1.2796772583686642,-0.32214301196442774
2023-03-28,1514,2629071,101180954,39.1,39.25,38.15,38.3,-0.75,1815,39.110000000000014,39.01499999999995,39.45250000000003,47.16312056737575,52.83687943262404,40.56464758108642,50.37055148847964,42.03193307724572,39.45250000000003,36.87306692275434,0.8096167476281835,1.185665156220568,-0.37604840859238453
2023-03-29,1514,1407965,54105649,38.6,38.9,38.15,38.2,-0.1,1033,38.84000000000001,38.949999999999946,39.487500000000026,35.95069233367094,45.67150737363496,39.62526222051642,49.86495415831498,41.97745481886527,39.487500000000026,36.99754518113478,0.6765233597252589,1.0838367969215061,-0.40731343719624724
2023-03-30,1514,1853175,70995621,38.6,38.6,38.15,38.55,0.35,1113,38.70000000000001,39.05499999999995,39.53000000000002,25.081127116279617,36.06498000577548,44.841126724029046,51.692609791567925,41.9236165106364,39.53000000000002,37.136383489363645,0.5924584733657028,0.9855611322103455,-0.3931026588446427
2023-03-31,1514,1944115,74067194,38.55,38.55,38.0,38.05,-0.5,1449,38.43000000000001,39.064999999999955,39.47500000000002,14.223805464214541,25.085208304721746,39.19727416593601,48.94743779819556,41.9501767613628,39.47500000000002,36.99982323863725,0.4799579672621661,0.8844404992207096,-0.40448253195854345
2023-04-06,1514,1859801,70936959,38.1,38.6,37.6,38.35,0.3,1455,38.290000000000006,38.91999999999995,39.395000000000024,13.231741972151037,17.512224850881775,44.120499340006184,50.64115924074929,41.90675237632815,39.395000000000024,36.8832476236719,0.41027856256837225,0.789608111890242,-0.3793295493218698
2023-04-07,1514,9227203,365232785,38.9,40.2,38.6,39.85,1.5,5521,38.60000000000001,38.854999999999954,39.322500000000026,36.28079436902956,21.24544726846509,62.046832716868295,58.122214145004016,41.68966602712822,39.322500000000026,36.955333972871834,0.4706690168673262,0.7258202928856589,-0.25515127601833265
2023-04-10,1514,13529408,547568668,40.1,41.3,39.65,40.2,0.35,7469,39.0,38.91999999999995,39.21250000000003,59.21402171402167,36.242186018400794,65.0950734071247,59.65863416477571,41.1656704994675,39.21250000000003,37.25932950053255,0.5405399538039148,0.68876422506931,-0.14822427126539517
2023-04-11,1514,27764960,1169779799,40.5,43.6,40.5,42.0,1.8,16625,39.69,39.19499999999995,39.237500000000026,76.71402171402167,57.402945932357675,76.44575021628984,66.4714957971421,41.31593089853648,39.237500000000026,37.15906910146357,0.7327118849786913,0.6975537570511863,0.035158127927505056
2023-04-12,1514,43032463,1928591618,42.8,46.2,42.8,46.2,4.2,22189,41.31999999999999,39.87499999999996,39.540000000000035,81.20120120120117,72.37641487641487,87.50593475931441,76.46074992908689,43.211866010625755,39.540000000000035,35.868133989374314,1.2099666813694299,0.800036341914835,0.4099303394545949
2023-04-13,1514,51501013,2549615249,48.0,50.8,47.4,50.8,4.6,26237,43.80999999999999,41.049999999999955,40.09500000000003,91.11111111111104,83.008778008778,92.19119019444041,82.58168995787759,46.22712035106864,40.09500000000003,33.96287964893141,1.9370470297511204,1.027438479482092,0.9096085502690283
2023-04-14,1514,46053179,2336887750,51.0,51.7,50.0,50.7,-0.1,21870,45.98,42.28999999999995,40.65250000000003,97.63593380614651,89.98274870615295,91.3226360425002,82.0820003869384,48.32019033020955,40.65250000000003,32.984809669790515,2.4766450573464525,1.3172797950549642,1.1593652622914883
2023-04-17,1514,31533845,1662014639,53.5,54.5,51.3,51.5,0.8,16839,48.239999999999995,43.619999999999955,41.28500000000003,91.71877404283289,93.48860632003017,92.02397915419152,82.96979220204304,50.23358089307949,41.28500000000003,32.33641910692057,2.9350008332989574,1.6408240027037628,1.2941768305951946
2023-04-18,1514,16627968,855832289,51.9,52.8,50.3,50.5,-1.0,9805,49.94,44.814999999999955,41.93500000000003,83.82922769174809,91.06131184690919,82.32089878950096,77.78185616332942,51.552957163555476,41.93500000000003,32.317042836444585,3.180892101258344,1.948837622414679,1.232054478843665
2023-04-19,1514,13694961,709743296,51.3,53.0,51.0,51.1,0.6,8301,50.92,46.119999999999955,42.59250000000003,79.06541128602082,84.87113767353397,83.5360770331865,78.64466948481476,52.81009634160542,42.59250000000003,32.374903658394636,3.385155720300503,2.236101241991844,1.149054478308659
2023-04-20,1514,8451885,427987971,51.1,51.8,50.0,50.0,-1.1,5940,50.760000000000005,47.284999999999954,43.102500000000035,74.88156094832432,79.25873330869778,72.82896889324189,73.0442420680728,53.72198562784404,43.102500000000035,32.48301437215603,3.418864758350054,2.472653945263486,0.9462108130865681
2023-04-21,1514,10899217,532217793,50.5,50.8,47.7,48.1,-1.9,6856,50.24,48.10999999999995,43.48250000000003,67.5330120613139,73.8266614318864,57.8793680046209,64.50028401390833,54.24522618809879,43.48250000000003,32.71977381190127,3.254746600031609,2.6290724762171105,0.6256741238144987
2023-04-24,1514,9664895,474584612,48.4,49.8,48.2,49.1,1.0,5829,49.760000000000005,48.99999999999996,43.960000000000036,59.27627927627922,67.23028409530585,62.59411661688057,66.70752754187055,54.829342206407226,43.960000000000036,33.09065779359285,3.1688449477874485,2.7370269705311783,0.43181797725627025
2023-04-25,1514,7529536,363050224,48.8,49.8,47.05,48.15,-0.95,5072,49.290000000000006,49.61499999999995,44.40500000000004,40.96565626766964,55.92498253508762,55.685711029541274,62.71796203751276,55.19503707129801,44.40500000000004,33.61496292870206,2.9896474145729357,2.78755105933953,0.20209635523340586
2023-04-26,1514,5017337,238911481,48.0,48.4,46.75,47.8,-0.35,3442,48.63000000000001,49.774999999999956,44.82500000000003,27.386547204689595,42.54282758287952,53.163679165784515,61.26422183792938,55.455827813485946,44.82500000000003,34.194172186514116,2.7872602029140197,2.7874928880544276,-0.00023268514040797328
2023-04-27,1514,4976905,236865719,48.1,48.25,46.6,47.75,-0.05,3455,48.18000000000001,49.469999999999956,45.26000000000003,14.290149931077119,27.547451134478823,52.76538434840773,61.04652982907307,55.618503752955164,45.26000000000003,34.9014962470449,2.5929424706693993,2.748582804577422,-0.15564033390802257
2023-04-28,1514,5780842,279812582,48.5,48.95,47.55,48.6,0.85,4096,48.28000000000001,49.259999999999955,45.77500000000004,19.78511637403014,20.487271169932324,58.87594757416489,63.42580126425897,55.713837960243815,45.77500000000004,35.83616203975627,2.4789562990171277,2.694657503465363,-0.21570120444823537
2023-05-02,1514,33391594,1733828571,49.1,53.4,49.0,53.4,4.8,17830,49.14000000000001,49.44999999999995,46.53500000000004,48.60232067510541,27.55919566007093,77.79832494788191,73.33180445814213,56.36465411395452,46.53500000000004,36.705345886045556,2.744306662548631,2.7045873352820164,0.039719327266614535
2023-05-03,1514,36126429,1827998983,52.8,52.9,48.55,48.6,-4.8,21966,49.230000000000004,49.259999999999955,47.03750000000004,53.55392156862738,40.647119539254355,50.62301149402973,56.77237441112434,56.18697402859769,47.03750000000004,37.888025971402385,2.538022113605521,2.6712742909467173,-0.1332521773411961
2023-05-04,1514,16888408,822875950,48.0,49.85,47.55,48.95,0.35,11074,49.46,49.04499999999995,47.582500000000046,54.65686274509798,52.27103499627697,52.04791484935517,57.52554323800243,55.77403679110225,47.582500000000046,39.390963208897844,2.3754000639936237,2.6120994455560984,-0.23669938156247472
2023-05-05,1514,7847260,384139132,48.8,49.5,48.25,49.3,0.35,4809,49.77,48.97499999999995,48.13000000000004,34.55882352941169,47.58986928104573,53.60974693852718,58.30783735105498,55.161671209604634,48.13000000000004,41.09832879039544,2.2488397679843715,2.539447510041753,-0.2906077420573814
2023-05-08,1514,27052680,1385732129,49.95,52.2,49.7,51.4,2.1,16264,50.330000000000005,49.30499999999995,48.70750000000004,48.28431372549011,45.83333333333331,62.22276006757442,62.7418730097422,54.75210710054682,48.70750000000004,42.662892899453254,2.291576404809213,2.489873288995245,-0.19829688418603197
2023-05-09,1514,17594292,880859318,51.3,51.8,48.8,49.65,-1.75,10733,49.580000000000005,49.35999999999994,49.180000000000035,51.71568627450969,44.852941176470544,52.70850835516929,57.275295228714725,53.80021644514437,49.180000000000035,44.5597835548557,2.159343554403499,2.4237673420768955,-0.2644237876733966
2023-05-10,1514,11005810,553659523,49.65,51.3,49.65,50.3,0.65,7200,49.92,49.574999999999946,49.595000000000034,56.61764705882342,52.205882352941124,55.64729193760955,58.714157404650656,52.85044159830624,49.595000000000034,46.33955840169383,2.0829862664286125,2.355611126947239,-0.27262486051862656
2023-05-11,1514,16467121,807830786,50.3,51.3,47.7,47.8,-2.5,11351,49.69000000000001,49.574999999999946,49.675000000000026,34.512736718618974,47.61535668398408,43.513816614269594,51.52657645259454,52.66021356019698,49.675000000000026,46.68978643980307,1.7999942457482447,2.24448775070744,-0.4444935049591954
2023-05-12,1514,12591277,601924519,47.6,48.9,46.6,48.35,0.55,7835,49.50000000000001,49.63499999999995,49.55250000000003,28.14018769901114,39.756857158817894,46.50748482636744,52.892839148376446,52.544067314967734,49.55250000000003,46.56093268503233,1.6016387395656437,2.1159179484790807,-0.5142792089134369
2023-05-15,1514,9861960,468870412,48.0,48.5,46.75,46.85,-1.5,6113,48.59,49.45999999999995,49.36000000000003,11.325684119801695,24.659536179143984,39.79656062376321,48.84895205880426,52.52205629298161,49.36000000000003,46.197943707018446,1.3083215909659884,1.9543986769764623,-0.6460770860104739
2023-05-16,1514,5062190,240930545,47.35,48.0,47.1,47.75,0.9,3365,48.21,48.89499999999995,49.17250000000003,16.746420790538355,18.73743086978378,45.31972779679825,51.25692181168219,52.24828851678454,49.17250000000003,46.096711483215515,1.1353999321945665,1.7905989280200831,-0.6551989958255167
2023-05-17,1514,3989797,192433717,48.2,48.5,47.65,48.3,0.55,2715,47.81,48.86499999999995,49.06250000000003,18.287037037036924,15.453047315792375,48.67670495606512,52.72167167920231,52.097607082128185,49.06250000000003,46.02739291787187,1.0308556134170175,1.63865026509947,-0.6077946516824526
2023-05-18,1514,22650671,1139908600,49.0,51.5,48.7,50.8,2.5,13879,48.410000000000004,49.049999999999955,49.04750000000003,41.96428571428557,25.66591451395367,61.28203782336127,58.78447347124418,52.04491138317464,49.04750000000003,46.05008861682541,1.1366302284668919,1.5382462577729545,-0.40161602930606266
2023-05-19,1514,18322721,926763756,51.5,51.6,49.35,49.85,-0.95,12264,48.71,49.104999999999954,49.04000000000003,55.95238095238084,38.7345679012345,55.26453011201254,55.85338429792633,52.02857825729622,49.04000000000003,46.05142174270384,1.130765551044803,1.4567501164273242,-0.3259845653825213
2023-05-22,1514,39490235,2093792634,49.9,54.8,49.25,53.1,3.25,21522,49.96,49.27499999999996,49.29000000000003,72.25609756097553,56.72425474254737,67.86044800375115,62.70457955860637,52.72534568857117,49.29000000000003,45.85465431142889,1.3725437604600401,1.4399088452338673,-0.06736508477382719
2023-05-23,1514,23554581,1236888281,54.2,54.3,51.3,52.4,-0.7,14293,50.89,49.54999999999996,49.45500000000003,70.8333333333333,66.34727061556327,63.376432793804426,60.52582160720307,53.145514869226965,49.45500000000003,45.76448513077309,1.4904891523328274,1.4500249066536592,0.040464245679168176
2023-05-24,1514,9185740,475625198,52.0,52.4,51.1,52.1,-0.3,5542,51.65000000000001,49.72999999999996,49.652500000000025,72.35772357723573,71.81571815718156,61.34953597448521,59.570501585465685,53.463336522338025,49.652500000000025,45.841663477662024,1.541979255340479,1.4684157763910233,0.0735634789494557
2023-05-25,1514,10409127,539221963,51.7,52.7,51.2,51.2,-0.9,6657,51.730000000000004,50.06999999999996,49.82250000000003,64.36146038479015,69.18417243178644,55.1735944799572,56.68018519921101,53.59071907537013,49.82250000000003,46.054280924629936,1.4929532191745025,1.473323264947719,0.019629954226783486
2023-05-26,1514,8498867,428307220,51.2,51.4,49.8,50.3,-0.9,5683,51.82000000000001,50.26499999999996,49.95000000000003,54.63703846524626,63.78540747575743,49.37472456305757,53.865625167161156,53.599794514761584,49.95000000000003,46.30020548523848,1.3657339233843615,1.4518053966350475,-0.08607147325068598
2023-05-29,1514,8001373,412992417,50.6,52.3,50.6,51.6,1.3,4878,51.52,50.73999999999996,50.10000000000003,50.694233302928914,56.56424405098849,56.99213869068832,57.17370008116946,53.76210322082621,50.10000000000003,46.43789677917385,1.3542004702908343,1.4322844113662048,-0.07808394107537042
2023-05-30,1514,5014432,257908448,52.0,52.3,50.6,51.1,-0.5,3338,51.260000000000005,51.07499999999996,49.98500000000003,45.38248636609287,50.2379193780894,53.387566443898514,55.52459831478802,53.358440380381126,49.98500000000003,46.61155961961893,1.2898457652142454,1.403796682135813,-0.11395091692156756
2023-05-31,1514,12121600,632756916,51.9,52.9,51.2,52.5,1.4,7580,51.34000000000001,51.49499999999996,50.18000000000003,51.04919203279855,49.041970567273495,61.36897941856454,59.08332177391857,53.65985631887106,50.18000000000003,46.700143681129,1.336407226875444,1.3903187910837391,-0.053911564208295015
2023-06-01,1514,10871996,574187907,52.5,53.2,51.8,53.1,0.6,6411,51.72000000000001,51.72499999999995,50.38750000000003,55.757396741003255,50.72969171329827,64.41553076526566,60.540568486519355,54.0398793614554,50.38750000000003,46.735120638544664,1.4055205404062932,1.39335914094825,0.012161399458043176
2023-06-02,1514,24302969,1394157522,54.5,58.4,54.4,58.4,5.3,11931,53.34000000000001,52.57999999999995,50.84250000000003,75.97597597597593,60.927521583259285,80.36962849147736,70.52624490157618,55.85401424222101,50.84250000000003,45.83098575777905,1.8664438425697085,1.4879760812725418,0.37846776129716675
2023-06-05,1514,60799968,3697736277,59.5,64.0,59.0,59.7,1.3,34028,54.960000000000015,53.23999999999995,51.25750000000003,79.69589307617473,70.47642193105135,82.6018126926921,72.37301296060993,57.586423684165,51.25750000000003,44.92857631583506,2.309999776258195,1.6523808202696724,0.6576189559885226
2023-06-06,1514,23692869,1384570278,60.4,61.1,57.0,57.3,-2.4,14484,56.20000000000001,53.72999999999995,51.64000000000003,74.17840375586847,76.61675760267309,66.35134330296397,64.35590292013377,58.44114696209296,51.64000000000003,44.8388530379071,2.4397373336921007,1.809852122954158,0.6298852107379427
2023-06-07,1514,14890261,861871964,57.9,58.9,56.8,58.2,0.9,9432,57.34000000000001,54.339999999999954,52.03500000000004,60.56338028169009,71.47922570457781,69.01798151458269,65.88219693314828,59.37523841574526,52.03500000000004,44.69476158425482,2.585375165485708,1.964956731460468,0.6204184340252399
2023-06-08,1514,13370470,775797242,58.5,59.4,57.0,57.6,-0.6,8336,58.24000000000001,54.97999999999995,52.525000000000034,54.73687898535485,63.15955434097119,65.01081397127727,63.917200561914164,59.976543464275295,52.525000000000034,45.07345653572477,2.622152667141833,2.096395918596741,0.525756748545092
2023-06-09,1514,8264012,470413463,57.9,58.0,56.2,57.1,-0.5,5451,57.980000000000004,55.65999999999995,52.962500000000034,53.30039941139368,56.20021955947959,61.537222944050384,62.25093956810757,60.409638712283034,52.962500000000034,45.515361287717035,2.581198827503272,2.193356500378047,0.3878423271252247
2023-06-12,1514,8307864,464038477,57.0,57.0,55.1,55.6,-1.5,5422,57.16000000000001,56.059999999999945,53.400000000000034,45.04042288557207,51.025900427440256,51.842280738143806,57.41524930703478,60.372302345709436,53.400000000000034,46.42769765429063,2.4000389949943965,2.234692999301317,0.1653459956930794
2023-06-13,1514,4830051,269702075,56.6,56.6,55.1,55.7,0.1,3656,56.84000000000001,56.519999999999946,53.797500000000035,38.283225267107035,45.54134918802432,52.42524167222392,57.65143018731697,60.328539350668734,53.797500000000035,47.266460649331336,2.238730989524548,2.2355005973459634,0.0032303921785845624
2023-06-14,1514,5158004,287715354,55.8,56.9,55.0,55.0,-0.7,3819,56.20000000000001,56.769999999999946,54.132500000000036,24.197404371584643,35.840350841421305,47.70877631522867,55.33779335990132,60.16990631397153,54.132500000000036,48.09509368602854,2.030997013848456,2.1945998806464617,-0.16360286679800584
2023-06-15,1514,18319693,1055374825,55.1,59.2,54.6,58.2,3.2,11717,56.320000000000014,57.27999999999995,54.50250000000004,25.505028485059835,29.32855270791723,64.6637044753339,62.705984333355794,60.584479529723936,54.50250000000004,48.420520470276145,2.1003678646566684,2.1757534774485032,-0.07538561279183487
2023-06-16,1514,34747569,2103248841,58.1,62.6,58.0,60.2,2.0,21651,56.94000000000002,57.45999999999996,55.02000000000005,38.18262411347513,29.29501899003993,71.42059822482008,66.43328354753142,61.19109390626786,55.02000000000005,48.848906093732246,2.290326589766728,2.1986680999121484,0.0916584898545798
2023-06-19,1514,12608316,752941568,60.8,61.4,58.6,59.5,-0.7,8514,57.72000000000003,57.439999999999955,55.34000000000005,56.51595744680845,40.06787001511453,66.24794552740667,64.02152486601406,61.7391874484168,55.34000000000005,48.940812551583306,2.35721360699236,2.230377201328191,0.12683640566416932
2023-06-20,1514,16412193,991128702,59.1,61.7,59.0,61.1,1.6,9750,58.80000000000003,57.81999999999996,55.77500000000005,70.83333333333327,55.17730496453901,71.71142841598586,66.97290490015003,62.49061612958747,55.77500000000005,49.059383870412624,2.510390459724789,2.2863798530075106,0.22401060671727846
2023-06-21,1514,17518432,1069999521,61.5,62.0,59.6,61.4,0.3,10640,60.08000000000003,58.13999999999995,56.24000000000005,75.83333333333324,67.72754137115838,72.6788513740354,67.51105563546457,63.15820786041988,56.24000000000005,49.321792139580225,2.6257240000738378,2.354248682420776,0.27147531765306177
2023-06-26,1514,17200114,1062644759,62.2,62.9,61.0,61.1,-0.3,10401,60.66000000000004,58.48999999999995,56.73500000000005,81.52108433734932,76.06258366800533,69.89035918076596,66.34682667015956,63.55593102149376,56.73500000000005,49.914068978506336,2.662230631400597,2.41584507221674,0.24638555918385663
2023-06-27,1514,22480941,1355730038,61.5,63.4,57.8,58.6,-2.5,14524,60.340000000000046,58.63999999999995,57.15000000000005,69.58926615553115,75.64789460873796,50.90281741285222,57.45493299446439,63.33465843842448,57.15000000000005,50.96534156157561,2.4610636829369454,2.4248887943607813,0.03617488857616413
2023-06-28,1514,5802898,343392977,59.2,60.0,58.5,58.5,-0.1,3993,60.14000000000004,58.92999999999995,57.49500000000005,56.0286600949251,69.0463368626019,50.265539887970945,57.12513650314548,63.14990052962693,57.49500000000005,51.84009947037316,2.2674307326256837,2.3933971820137616,-0.12596644938807788
2023-06-29,1514,8177084,490588645,59.1,60.8,58.7,60.8,2.3,5442,60.08000000000004,59.43999999999994,57.980000000000054,53.40909090909084,59.67567238651575,62.77192908587399,62.46217497488914,62.98423820376043,57.980000000000054,52.97576179623968,2.2733601221809607,2.3693897700472015,-0.0960296478662408
2023-06-30,1514,17786706,1107105844,61.2,63.3,60.6,62.4,1.6,11124,60.280000000000044,60.179999999999936,58.47500000000006,65.63852813852806,58.35875971418139,69.08188682714929,65.66417883646427,63.1615232315621,58.47500000000006,53.78847676843802,2.3797337450840246,2.3714585650545663,0.008275180029458262
2023-07-03,1514,19863637,1259445517,63.6,64.9,62.2,63.2,0.8,14189,60.700000000000045,60.679999999999936,58.98000000000006,76.21791354185713,65.08851086315873,71.86376842676214,67.17200671680713,63.41062072400374,58.98000000000006,54.54937927599638,2.499773093568372,2.3971214707573276,0.10265162281104434
2023-07-04,1514,17813383,1127767325,63.6,65.4,61.5,62.5,-0.7,11133,61.48000000000004,60.90999999999993,59.18500000000006,73.34710014472793,71.73451394170444,65.8183356270215,64.50283880018799,63.86186861050964,59.18500000000006,54.50813138949048,2.5094931176678728,2.4195958001394366,0.0898973175284361
2023-07-05,1514,7796133,485391864,63.0,63.4,61.3,61.4,-1.1,5228,62.06000000000004,61.09999999999993,59.27000000000006,61.75562144798607,70.44021171152377,57.02376337138245,60.43858176184109,64.04204358739241,59.27000000000006,54.4979564126077,2.4007610212481865,2.4158288443611866,-0.015067823113000145
2023-07-06,1514,6857236,419066078,61.1,62.1,60.3,60.8,-0.6,4513,62.06000000000004,61.06999999999992,59.445000000000064,49.56140350877183,61.554708367162014,52.55500130772784,58.28145353848794,64.17172190846603,59.445000000000064,54.718278091534096,2.2403497089963125,2.380733017288212,-0.1403833082918995
2023-07-07,1514,13380768,810227089,62.4,62.5,59.1,60.7,-0.1,7946,61.72000000000004,60.99999999999993,59.570000000000064,41.66666666666659,50.9945638744749,51.76619005492543,57.91047205427154,64.29063555042877,59.570000000000064,54.849364449571354,2.081163071659418,2.320819028162453,-0.23965595650303495
2023-07-10,1514,12545681,780150159,61.8,63.0,60.7,62.4,1.7,7700,61.56000000000004,61.129999999999924,59.81000000000007,44.71777269260098,45.315280956013204,62.83083656441335,62.30343230618026,64.59326248495398,59.81000000000007,55.026737515046165,2.0683397737839684,2.2703231772867563,-0.20198340350278787
2023-07-11,1514,9689579,604945959,63.5,63.6,61.5,61.6,-0.8,6228,61.38000000000004,61.42999999999993,60.03500000000007,45.987738652276285,44.12405933718136,55.8028602230927,59.17349123366249,64.70930208693973,60.03500000000007,55.3606979130604,1.9709045429837246,2.2104394504261498,-0.23953490744242512
2023-07-12,1514,14679430,910003630,62.0,63.2,60.4,61.2,-0.4,9552,61.340000000000046,61.69999999999993,60.315000000000076,44.37955151777336,45.02835428755028,52.38480131183341,57.61496478438163,64.542658926636,60.315000000000076,56.087341073364165,1.8401971166532363,2.136390983671567,-0.2961938670183306
2023-07-13,1514,8853110,537049474,61.6,61.8,60.1,60.4,-0.8,6056,61.26000000000003,61.65999999999993,60.55000000000008,32.41727868593531,40.92818961866172,45.83408971118969,54.52201033998718,64.20978141423264,60.55000000000008,56.89021858576753,1.6530024422729,2.0397132753918337,-0.38671083311893373
2023-07-14,1514,16011045,995828980,60.6,62.8,60.6,62.7,2.3,9414,61.66000000000004,61.68999999999994,60.93500000000008,37.03703703703695,37.944622413581946,61.83989107989607,61.00364784264579,63.685472686641376,60.93500000000008,58.184527313358785,1.670978096906282,1.9659662396947233,-0.2949881427884413
2023-07-17,1514,47155069,3164162584,63.3,68.9,63.2,68.9,6.2,24634,62.960000000000036,62.259999999999934,61.470000000000084,59.259259259259174,42.904524994077214,80.2208824590187,72.4162620244518,65.66671299947457,61.470000000000084,57.2732870005256,2.1606059961557307,2.0048941909869247,0.155711805168806
2023-07-18,1514,51491037,3499449408,74.8,74.8,62.1,62.4,-6.5,31319,63.12000000000004,62.24999999999993,61.580000000000084,59.3873218077039,51.894539368000075,50.48028966032976,54.431091939827105,65.75305643383342,61.580000000000084,57.406943566166746,2.001076789058793,2.004130710601298,-0.003053921542505389
2023-07-19,1514,20699194,1224017166,61.6,61.7,57.8,58.5,-3.9,14022,62.58000000000004,61.95999999999994,61.530000000000086,41.71225177969271,53.45294428221866,40.07919182752612,46.90404421133641,65.82376291846201,61.530000000000086,57.236237081538164,1.5421741135377331,1.9117393911885852,-0.369565277650852
2023-07-20,1514,21829466,1340763618,58.5,63.4,57.3,63.4,4.9,14267,63.18000000000004,62.219999999999935,61.645000000000095,19.997966065406995,40.3658465509346,53.97857844542059,55.272874607707344,66.00916085862458,61.645000000000095,57.28083914137561,1.5559435374054118,1.8405802204319506,-0.2846366830265388
2023-07-21,1514,22308546,1427250925,62.2,65.9,62.1,64.6,1.2,14141,63.56000000000004,62.609999999999935,61.805000000000085,26.896358543417307,29.53552546283907,56.8390703257038,57.05794756503945,66.35229589975799,61.805000000000085,57.25770410024217,1.6447264930008316,1.8014094749457268,-0.15668298194489516
2023-07-24,1514,11758643,749091061,65.2,65.9,62.4,63.0,-1.6,8149,62.38000000000004,62.66999999999994,61.90000000000009,36.38095238095232,27.758425663258944,51.82799822712817,53.965350052426544,66.46377037108059,61.90000000000009,57.3362296289196,1.5679071392023545,1.7547090077970524,-0.18680186859469794
2023-07-25,1514,11223498,723486166,64.2,65.4,63.2,64.5,1.5,7126,62.80000000000005,62.95999999999994,62.19500000000009,38.476190476190425,33.91783380018675,56.06458836761738,56.353766160772224,66.62827192939359,62.19500000000009,57.76172807060659,1.6095112678308752,1.725669459803817,-0.11615819197294175
2023-07-26,1514,8081086,512970139,64.6,64.9,62.5,62.8,-1.7,7091,63.660000000000046,63.119999999999926,62.410000000000096,35.047619047619,36.634920634920654,50.2242299977991,52.99774359847505,66.51019511730199,62.410000000000096,58.309804882698195,1.4881525507411908,1.6781660779912917,-0.1900135272501009
2023-07-27,1514,4728576,299621903,63.4,64.0,62.5,63.4,0.6,3328,63.660000000000046,63.41999999999992,62.5400000000001,35.80952380952376,36.444444444444464,52.27151193384979,54.03811117000308,66.59235733862968,62.5400000000001,58.48764266137051,1.4239751792237243,1.6273278982377781,-0.20335271901405383
2023-07-28,1514,4644432,289978423,63.3,63.3,61.6,62.9,-0.5,3370,63.32000000000005,63.43999999999992,62.5650000000001,32.7619047619047,34.53968253968256,50.26166901099482,52.98559363215687,66.61976263176379,62.5650000000001,58.5102373682364,1.3175800855365551,1.5653783356975335,-0.24779825016097834
2023-07-31,1514,6769460,428743568,63.5,64.8,62.0,62.1,-0.8,4657,63.14000000000006,62.75999999999992,62.51000000000009,40.89036544850492,36.487264673311195,46.89579591106971,51.265090087927945,66.5586540973455,62.51000000000009,58.461345902654685,1.1553892846644231,1.4833805254909114,-0.32799124082648823
2023-08-01,1514,6031091,369929515,62.5,63.0,60.6,61.4,-0.7,4292,62.52000000000005,62.659999999999926,62.4550000000001,45.162790697674346,39.605020302694726,43.895037064982496,49.743060803542726,66.53248697115625,62.4550000000001,58.37751302884395,0.9593094345832398,1.378566307309377,-0.4192568727261372
2023-08-02,1514,6657186,403819799,61.4,62.4,59.5,60.2,-1.2,4652,62.00000000000004,62.82999999999993,62.395000000000095,38.14195736434102,41.3983711701735,38.91488167334864,47.15826075876529,66.56703787134609,62.395000000000095,58.2229621286541,0.6990268234417698,1.2426584105358556,-0.5436315870940858
2023-08-04,1514,3330351,201873466,59.5,61.5,59.1,61.3,1.1,2697,61.58000000000004,62.619999999999926,62.420000000000094,30.32161992704049,37.87545599635202,45.524643133982515,49.736613407571326,66.55937193302907,62.420000000000094,58.28062806697111,0.5748848708558043,1.1091037025998454,-0.5342188317440411
2023-08-07,1514,2986824,181909143,61.2,61.6,60.1,61.2,-0.1,2374,61.240000000000045,62.27999999999993,62.44500000000009,25.54125816993456,31.334945153772093,45.008113454224336,49.50015011777765,66.54840102840927,62.44500000000009,58.34159897159091,0.4630940547744302,0.9799017730347623,-0.5168077182603321
2023-08-08,1514,2555240,155240126,61.2,61.6,60.3,60.5,-0.7,2248,60.92000000000005,62.02999999999993,62.350000000000094,29.941401848095452,28.601426648356902,41.191315082807975,47.78743945698709,66.54022672417005,62.350000000000094,58.159773275830126,0.3143907765935907,0.846799573746528,-0.5324087971529373
2023-08-09,1514,8679181,503355762,59.3,59.3,55.8,58.0,-2.5,5930,60.24000000000005,61.379999999999924,62.170000000000094,27.305236270753444,27.595965429594553,30.436702572146825,42.17491378509263,66.76351717096509,62.170000000000094,57.5764828290351,-0.005127641087618429,0.6764141307796987,-0.6815417718673171
2023-08-10,1514,6433749,360105447,58.0,58.2,55.0,55.3,-2.7,4711,59.26000000000006,60.629999999999924,61.87500000000009,17.21453332290763,24.820390480585573,22.90243141726053,37.106182225390086,67.35254507055403,61.87500000000009,56.39745492944615,-0.47078876444370366,0.4469735517350182,-0.9177623161787218
2023-08-11,1514,5071940,285745243,56.1,57.5,55.3,55.7,0.4,3499,58.14000000000006,59.859999999999935,61.640000000000086,11.549508692365782,18.689759428675682,26.065675972233986,38.28945635919423,67.7205920764308,61.640000000000086,55.55940792356937,-0.7983490318657758,0.19790903501485937,-0.9962580668806351
2023-08-14,1514,3668084,200370175,55.7,55.9,53.9,54.2,-1.5,2628,56.74000000000005,58.98999999999994,61.21500000000009,4.500261643118736,11.088101219464114,22.098875782919762,35.58569234307304,68.07773269186211,61.21500000000009,54.35226730813807,-1.1655446940128016,-0.07478171079067283,-1.0907629832221288
2023-08-15,1514,2975493,165066124,54.7,56.2,54.6,55.9,1.7,2109,55.82000000000005,58.36999999999993,60.56500000000009,11.3229907347554,9.124253690080037,35.14844509455013,40.6967461406947,66.82959096828772,60.56500000000009,54.300409031712455,-1.3043385068742879,-0.3206930700073959,-0.983645436866892
2023-08-16,1514,2964682,163510093,55.3,56.0,53.9,55.8,-0.1,2065,55.38000000000005,57.80999999999993,60.235000000000085,17.167146578911225,10.996799652261851,34.74896768160875,40.49320788231484,66.76777123431967,60.235000000000085,53.702228765680495,-1.406193049636144,-0.5377930659331456,-0.8683999837029985
2023-08-17,1514,3726096,210871828,55.5,57.4,55.0,57.3,1.5,2640,55.78000000000005,57.519999999999925,60.17500000000008,30.78686019862482,19.75899917076388,45.5740286016468,44.94143731354933,66.79191015504632,60.17500000000008,53.55808984495384,-1.3503105056502918,-0.7002965538765749,-0.6500139517737169
2023-08-18,1514,4474640,255370501,57.8,58.2,55.9,56.0,-1.3,3086,55.84000000000005,56.98999999999993,59.80500000000008,32.03463203463195,26.66287960405606,39.02748053598954,42.01044487889341,66.48645942141071,59.80500000000008,53.12354057858945,-1.3948434355115111,-0.8392059302035622,-0.555637505307949
2023-08-21,1514,3020940,171162434,56.6,57.4,55.5,56.6,0.6,2071,56.320000000000064,56.52999999999993,59.40500000000007,40.476190476190425,34.432560903149124,43.4049963184172,43.8312159449375,65.84378094051664,59.40500000000007,52.96621905948351,-1.3659750080750186,-0.9445597457778534,-0.4214152622971652
2023-08-22,1514,2406195,135128765,56.8,57.2,55.6,55.7,-0.9,1684,56.280000000000065,56.04999999999993,59.04000000000008,39.711064129668756,37.40729554683043,38.56024576059976,41.71539983568792,65.44980498923013,59.04000000000008,52.630195010770024,-1.3995854993076762,-1.035564896483818,-0.3640206028238582
2023-08-23,1514,2709566,149659633,56.7,56.7,54.6,54.7,-1.0,2025,56.06000000000006,55.719999999999935,58.55000000000008,36.82170542635659,39.00298667740531,33.6862157029522,39.43744382855661,64.70873363606154,58.55000000000008,52.39126636393862,-1.4897408927314615,-1.1264000957333467,-0.36334079699811483
2023-08-24,1514,3620149,198618154,55.1,55.6,54.3,54.5,-0.2,2249,55.50000000000006,55.639999999999944,58.13500000000008,24.80620155038758,33.77965703547103,32.7211567511215,38.97899148275358,64.21028600149461,58.13500000000008,52.059713998505565,-1.5593527719924722,-1.2129906309851717,-0.34636214100730056
2023-08-25,1514,2297787,124858783,54.5,55.0,54.0,54.1,-0.4,1648,55.12000000000006,55.47999999999994,57.67000000000007,12.403100775193783,24.677002583979373,30.670914722144914,38.02687355889254,63.480025817495225,57.67000000000007,51.85997418250492,-1.6280304235845193,-1.2959985895050412,-0.3320318340794781
2023-08-28,1514,2325105,119931486,52.7,52.7,51.0,51.3,0.0,1637,54.06000000000006,55.18999999999994,57.09000000000007,7.590439276485732,14.933247200689088,20.28892886601879,32.113555283039595,63.01077697603652,57.09000000000007,51.16922302396362,-1.8866464705744832,-1.4141281657189295,-0.4725183048555537
2023-08-29,1514,1534972,78280688,51.8,51.8,50.6,50.8,-0.5,1255,53.08000000000006,54.679999999999936,56.52500000000007,3.8164694682441733,7.936669839974619,18.952404778179353,31.181098522367574,62.58069979440552,56.52500000000007,50.46930020559462,-2.1076516758164843,-1.5528328677384404,-0.5548188080780438
2023-08-30,1514,1651086,83703578,51.1,51.4,50.3,50.8,0.0,1239,52.30000000000007,54.179999999999936,55.99500000000006,4.375786512695137,5.2608984191417365,18.952404778179353,31.181098522367577,62.10645645488596,55.99500000000006,49.883543545114165,-2.2567850796292532,-1.693623310116603,-0.5631617695126503
2023-08-31,1514,1450741,73194758,50.9,50.9,50.1,50.6,-0.2,1297,51.520000000000074,53.509999999999934,55.51500000000006,5.270002646637313,4.487419542525597,18.296210572155783,30.76666950350396,61.73698521373741,55.51500000000006,49.2930147862627,-2.3638635574924933,-1.827671359591781,-0.5361921979007123
2023-09-01,1514,4062675,203275687,50.8,51.2,49.05,49.2,-1.4,3021,50.54000000000008,52.82999999999994,54.91000000000006,5.006306596696553,4.884031918676389,14.263196313519138,27.964769020320272,61.1173827012652,54.91000000000006,48.70261729873492,-2.532499247470902,-1.9686369371676053,-0.5638623103032967
2023-09-04,1514,4572039,222454100,49.1,49.15,48.15,49.1,-0.1,2960,50.10000000000007,52.07999999999994,54.30500000000005,6.600305659050055,5.6255383007946955,14.005920466140303,27.770229279520205,60.29715320231144,54.30500000000005,48.31284679768866,-2.64373804449135,-2.1036571586323545,-0.5400808858589956
2023-09-05,1514,2634369,131076831,49.5,50.7,49.3,49.5,0.4,1934,49.840000000000074,51.459999999999944,53.75500000000005,10.357469092594847,7.321360449447208,20.682555711984534,29.871755149981027,59.37975777255958,53.75500000000005,48.130242227440526,-2.668854047347928,-2.216696536375469,-0.4521575109724587
2023-09-06,1514,1123459,55418779,49.6,49.9,49.0,49.0,-0.5,1019,49.480000000000075,50.889999999999944,53.30500000000005,13.880225201442023,10.279333317695697,18.578938140218305,28.745883553830474,58.93935000687492,53.30500000000005,47.67064999312518,-2.6980035761119368,-2.3129579443227626,-0.38504563178917417
2023-09-07,1514,1243743,60416815,49.0,49.0,48.35,48.5,-0.5,1065,49.06000000000007,50.28999999999995,52.96500000000005,12.740624061840883,12.326106118625972,16.60818774523114,27.62461649643726,58.88995569603439,52.96500000000005,47.040044303965715,-2.7299810863844556,-2.396362572735101,-0.3336185136493546
2023-09-08,1514,1494920,73023880,49.2,49.4,48.3,48.5,0.0,1224,48.92000000000007,49.72999999999995,52.605000000000054,9.896702637428524,12.172517300237198,16.60818774523114,27.624616496437255,58.69416250398772,52.605000000000054,46.51583749601239,-2.7239237957274938,-2.4618748173335794,-0.2620489783939144
2023-09-11,1514,2340785,112052031,48.8,49.1,47.4,47.5,-1.0,1963,48.60000000000007,49.349999999999945,52.27000000000005,6.593782929399333,9.743703209556301,12.886969716098779,25.332625215048576,58.69902792029797,52.27000000000005,45.840972079702134,-2.767908268338388,-2.523081507534541,-0.24482676080384724
2023-09-12,1514,1132896,54059881,47.8,48.25,47.05,47.65,0.15,1030,48.230000000000075,49.03499999999994,51.85750000000005,8.8489574737305,8.446481013519508,16.17382489890285,26.32013513453641,58.36021289539786,51.85750000000005,45.354787104602245,-2.7588601113430684,-2.5702372282962465,-0.18862288304682195
2023-09-13,1514,959422,46001647,47.8,48.45,47.3,47.85,0.2,883,48.00000000000007,48.73999999999994,51.46000000000005,12.078313253012022,9.17368455204734,20.8210399302335,27.69326854589612,57.921934694808684,51.46000000000005,44.99806530519142,-2.7043766822288617,-2.5970651190827696,-0.10731156314609214
2023-09-14,1514,1120404,54286173,48.0,48.7,48.0,48.7,0.85,1219,48.04000000000008,48.54999999999994,51.03000000000005,26.31347307036363,15.74691459903544,37.89318509920368,33.37613380041453,57.00657092319429,51.03000000000005,45.05342907680581,-2.5630648596211074,-2.5902650671904373,0.027200207569329837
2023-09-15,1514,2927454,144594667,48.8,50.0,48.8,50.0,1.3,2087,48.340000000000074,48.62999999999994,50.730000000000054,48.43483523133627,28.94220718490403,55.1486033081905,41.01204826186472,56.264564120142765,50.730000000000054,45.19543587985734,-2.3194380486364423,-2.5360996634796384,0.21666161484319613
2023-09-18,1514,2891751,144071228,50.5,50.8,49.25,49.9,-0.1,2263,48.82000000000008,48.70999999999994,50.39500000000005,67.34246575342462,47.36359135170823,53.80698695638758,40.626321250058176,55.23534089708298,50.39500000000005,45.55465910291713,-2.1101072075671325,-2.4509011722971374,0.3407939647300049
2023-09-19,1514,14233489,752509431,50.8,54.2,50.2,53.8,3.9,9129,50.05000000000008,49.13999999999994,50.30000000000005,83.74250407127111,66.50660168534405,78.07528124046902,57.438799980626975,54.78140602935923,50.30000000000005,45.81859397064086,-1.6109436459593596,-2.282909667029582,0.6719660210702223
2023-09-20,1514,5024387,263792759,53.0,53.2,51.8,52.6,-1.2,3898,51.00000000000008,49.499999999999936,50.19500000000004,82.6759906759906,77.92032016689551,65.68712571304714,52.511660429298125,54.34528914655085,50.19500000000004,46.04471085344924,-1.2972292470249585,-2.085773583028657,0.7885443360036986
2023-09-21,1514,4120182,208649461,51.6,51.8,50.0,50.5,-2.1,3086,51.360000000000085,49.69999999999994,49.99500000000005,73.42657342657334,79.94835605794508,49.61450788822081,45.203844360861765,53.652444463006375,49.99500000000005,46.33755553699372,-1.2041797407712238,-1.9094548145771704,0.7052750738059466
2023-09-22,1514,4173316,214705121,50.4,52.3,49.4,52.0,1.5,2859,51.76000000000008,50.04999999999994,49.89000000000004,65.03496503496497,73.71250971250969,58.14823729120332,50.50256693526326,53.17124976190132,49.89000000000004,46.608750238098764,-0.9978967402502477,-1.7271431997117859,0.7292464594615382
2023-09-25,1514,1689240,88259955,52.1,52.9,51.8,52.1,0.1,1577,52.20000000000008,50.50999999999994,49.93000000000005,62.34924495794055,66.936927806493,58.69238773218167,50.8438325489548,53.297402559833856,49.93000000000005,46.56259744016624,-0.8169297541982061,-1.5451005106090698,0.7281707564108637
2023-09-26,1514,2334347,121592239,52.5,52.7,51.5,51.5,-0.6,1770,51.74000000000008,50.89499999999994,49.965000000000046,65.08253317509973,64.1555810560018,53.79623297081423,48.675355073009236,53.382030874893765,49.965000000000046,46.54796912510633,-0.713700010092488,-1.3788204105057535,0.6651204004132656
2023-09-27,1514,2778439,144918861,51.6,52.9,51.5,52.3,0.8,1992,51.68000000000008,51.33999999999994,50.04000000000005,63.610548369781576,63.68077550094066,59.10321972191094,51.63713044192762,53.59029576232396,50.04000000000005,46.489704237676136,-0.5608710081852522,-1.2152305300416533,0.6543595218564011
2023-09-28,1514,2914056,152225202,52.4,52.9,51.6,51.8,-0.5,2134,51.940000000000076,51.64999999999994,50.100000000000044,57.593859744397264,62.095647096426234,54.53572051764999,49.70647903786423,53.72587920372115,50.100000000000044,46.47412079627894,-0.47462753366322374,-1.0671099307659673,0.5924823971027435
2023-10-02,1514,7606208,409473018,52.5,54.9,52.3,54.4,2.6,5858,52.42000000000007,52.08999999999994,50.36000000000004,69.07968574635231,63.42803128684377,69.04733018646571,58.413708437417164,54.411246721686815,50.36000000000004,46.30875327831327,-0.19424159170250732,-0.8925362629532753,0.6982946712507679
2023-10-03,1514,23102216,1309409011,55.3,58.8,55.3,55.7,1.3,16248,53.14000000000008,52.669999999999945,50.69000000000004,69.8151730066623,65.49623949913735,73.90586174993311,61.95991561856192,55.311969277264915,50.69000000000004,46.068030722735166,0.13135128694707987,-0.6877587529732042,0.8191100399202841
2023-10-04,1514,14631232,827728854,55.7,57.4,55.3,57.1,1.4,10569,54.26000000000008,52.99999999999994,51.07000000000004,79.94842037395227,72.94775970898901,78.20428773104632,65.38339524015983,56.429048422992516,51.07000000000004,45.71095157700757,0.4966294535591871,-0.45088111166672595,0.947510565225913
2023-10-05,1514,11055070,631840874,57.1,58.2,56.3,57.4,0.3,8938,55.28000000000007,53.47999999999994,51.490000000000045,78.0141843971631,75.92592592592594,79.06637444844785,66.0877012707922,57.420480587606555,51.490000000000045,45.559519412393534,0.8010880803514695,-0.20048727326308685,1.0015753536145564
2023-10-06,1514,4971497,284028724,57.3,58.1,56.6,56.8,-0.6,4021,56.28000000000007,54.109999999999935,51.905000000000044,79.87467210725733,79.27909229279095,72.38585290335256,63.313194167910694,58.09635687874461,51.905000000000044,45.71364312125548,0.9826315847573781,0.03613649834100616,0.9464950864163719
2023-10-11,1514,5644100,320080175,57.7,58.2,55.5,55.7,-1.1,4251,56.54000000000008,54.47999999999994,52.26500000000004,71.74778976003107,76.54554875481722,61.306523864888376,58.46698647247992,58.45984463081829,52.26500000000004,46.0701553691818,1.0259191556194693,0.2340930297966988,0.7918261258227706
2023-10-12,1514,3432935,189296135,56.2,56.4,54.6,54.8,-0.9,3706,56.360000000000085,54.74999999999993,52.63000000000004,58.447488584474854,70.02331681725447,53.491329701972234,54.77289215497041,58.511105338283,52.63000000000004,46.748894661717074,0.9763476609317152,0.38254395602370206,0.5938037049080132
2023-10-13,1514,2279493,123935433,54.7,55.2,53.7,54.4,-0.4,1914,55.820000000000086,55.03999999999993,52.967500000000044,47.20953830542868,59.1349388833116,50.17480636968531,53.16511378100287,58.42627962551868,52.967500000000044,47.508720374481406,0.8944742943138806,0.48493002368173777,0.4095442706321428
2023-10-16,1514,2156006,114957572,54.4,54.4,52.7,52.7,-1.7,2049,54.88000000000009,55.07999999999993,53.210000000000036,30.082738164929918,45.246588351611216,38.37689318285181,46.868396194888966,58.14351801455933,53.210000000000036,48.27648198544074,0.6845225193931981,0.5248485228240298,0.15967399656916825
2023-10-17,1514,3782366,194680588,53.3,53.3,50.5,50.7,-2.0,3960,53.66000000000008,54.96999999999993,53.31000000000004,15.817457865650626,31.036578112003138,29.01326826729722,40.753144341735975,57.94590336396044,53.31000000000004,48.674096636039636,0.35268540206909194,0.49041589867304225,-0.13773049660395031
2023-10-18,1514,2395333,119707948,50.6,50.7,49.5,49.8,-0.9,2760,52.48000000000009,54.50999999999992,53.30000000000003,4.0039201900439805,16.634705406874904,25.718807591039415,38.32952248012509,57.96519024263568,53.30000000000003,48.63480975736439,0.016884977931184153,0.39570971452467063,-0.3788247365934865
2023-10-19,1514,1837009,90507150,49.45,50.1,49.0,49.0,-0.8,2224,51.320000000000086,53.83999999999992,53.25500000000004,1.9526381387618998,7.258005398152229,23.009328041733227,36.26498216606671,58.06560287281948,53.25500000000004,48.44439712718059,-0.31021660768035275,0.254524450083666,-0.5647410577640187
2023-10-20,1514,2356377,113557111,49.3,49.3,47.8,48.4,-0.6,2269,50.12000000000008,52.969999999999914,52.98500000000005,3.0725022104331923,3.0096868464130853,21.0673143948738,34.75306159571353,58.22953048422596,52.98500000000005,47.74046951577414,-0.6108207946104116,0.08145540114485045,-0.6922761957552621
2023-10-23,1514,3737384,188927057,48.7,51.4,48.45,50.7,2.3,3213,49.720000000000084,52.29999999999992,52.89000000000004,11.217948717948689,5.414363022381321,42.69695911828173,44.333712859179045,58.22700290425033,52.89000000000004,47.55299709574976,-0.6559001912694598,-0.06601571733801162,-0.5898844739314482
2023-10-24,1514,4849855,251412276,51.1,52.9,50.8,52.9,2.2,4359,50.16000000000009,51.909999999999926,53.01000000000005,30.985390578413803,15.091947168931954,56.116446553839836,51.647368924287086,58.23337055932028,53.01000000000005,47.78662944067982,-0.5082455853325882,-0.15446169093692697,-0.35378389439566127
2023-10-25,1514,8440283,457014034,53.8,55.1,53.5,53.7,0.8,7302,50.94000000000009,51.70999999999992,53.09500000000005,55.63889023191346,32.61407650942538,60.082309995479456,54.013426550819176,58.30517274185555,53.09500000000005,47.88482725814455,-0.3229521409623075,-0.18815978094200309,-0.13479236002030442
2023-10-26,1514,4369337,234760670,52.7,54.9,52.3,53.0,-0.7,4304,51.74000000000009,51.52999999999993,53.14000000000006,70.08831067448459,52.237530494937346,55.00757561136081,51.63263049329453,58.330529838077204,53.14000000000006,47.94947016192291,-0.22993930402306262,-0.196515685558215,-0.03342361846484762
2023-10-27,1514,2260358,119658148,52.5,53.5,52.5,53.0,0.0,2420,52.66000000000008,51.38999999999993,53.21500000000005,74.0651610514624,66.59745398595355,55.00757561136079,51.63263049329453,58.35164287253562,53.21500000000005,48.078357127464486,-0.1544456077997367,-0.18810167000651934,0.03365606220678263
2023-10-30,1514,1390827,73701735,53.0,53.6,52.5,52.9,-0.1,1457,53.10000000000008,51.40999999999993,53.24500000000006,70.77625570776253,71.64324247790324,54.1187632285289,51.25829932905898,58.366903942868035,53.24500000000006,48.12309605713209,-0.10151526907434061,-0.1707843898200836,0.06926912074574298
2023-10-31,1514,3021417,155878735,53.0,53.5,50.7,50.8,-2.1,3048,52.68000000000008,51.41999999999994,53.195000000000064,60.7305936073059,68.52400345551034,38.77060533615017,44.037884351842486,58.39133524707225,53.195000000000064,47.99866475292788,-0.22641012882994715,-0.1819095376220563,-0.04450059120789085
2023-11-01,1514,1901116,95433119,50.8,51.0,49.8,49.95,-0.85,1724,51.93000000000008,51.43499999999993,52.97250000000006,46.80365296803651,59.43683409436838,34.191571265654716,41.49029843985006,58.32221728224655,52.97250000000006,47.62278271775357,-0.38948832232702557,-0.22342529456305016,-0.1660630277639754
2023-11-02,1514,1517225,76861108,50.6,51.2,50.2,50.6,0.65,1233,51.45000000000008,51.594999999999935,52.71750000000005,34.292924091049514,47.27572355546405,40.46473737357117,44.151004346715,58.00874512756413,52.71750000000005,47.42625487243597,-0.4609656725332556,-0.27093337015709124,-0.19003230237616436
2023-11-03,1514,2186916,113223902,51.2,52.4,51.0,52.2,1.6,1789,51.29000000000008,51.974999999999945,52.472500000000046,35.68863357670475,38.928403545263656,53.25995802426797,50.159215285541705,57.36836304955246,52.472500000000046,47.576636950447636,-0.38407794779417515,-0.29356228568450804,-0.0905156621096671
2023-11-06,1514,3088499,164290694,52.5,53.8,52.5,53.3,1.1,2277,51.370000000000076,52.23499999999994,52.267500000000055,47.8838605948834,39.28847275421262,60.13242710933652,53.83617581853413,56.63582633853862,52.267500000000055,47.89917366146149,-0.23171203299524024,-0.2811922351466545,0.04948020215141424
2023-11-07,1514,5273351,285746194,53.3,54.8,53.0,54.5,1.2,5087,52.11000000000007,52.394999999999946,52.15250000000005,67.8258724873597,50.46612221964935,66.41703375440898,57.51815018329749,56.142171039066966,52.15250000000005,48.16282896093314,-0.01396993982803707,-0.227747776082931,0.21377783625489394
2023-11-08,1514,6006546,324927945,55.3,55.6,53.0,53.4,-1.1,5288,52.80000000000007,52.36499999999995,52.03750000000006,73.42118803713196,63.04364037312509,56.83547766223269,53.31993481205208,55.7332915255015,52.03750000000006,48.34170847449862,0.0690356310559821,-0.1683910946551484,0.2374267257111305
2023-11-09,1514,11119205,614203766,53.7,56.0,53.7,55.1,1.7,7877,53.70000000000007,52.57499999999995,52.05250000000005,79.90323307669377,73.71676453372855,65.74547454223826,58.37633087157715,55.79515614236331,52.05250000000005,48.30984385763679,0.26889429051148994,-0.08093401762182073,0.3498283081333107
2023-11-10,1514,5940928,329307883,54.5,56.0,54.3,55.4,0.3,4312,54.34000000000007,52.814999999999955,52.102500000000056,79.29180571004817,77.53874227462471,67.1418828048111,59.2159020252205,55.993062298687306,52.102500000000056,48.211937701312806,0.4463460118454492,0.024521988271633266,0.42182402357381593
2023-11-13,1514,3539567,196232082,56.2,56.2,54.5,55.6,0.2,3422,54.80000000000007,53.08499999999996,52.247500000000045,88.8104838709677,82.66850755256995,68.15168530334482,59.79808210916543,56.42212273744247,52.247500000000045,48.07287726255762,0.5962429899635566,0.13886618861001795,0.45737680135353864
2023-11-14,1514,3036422,168735657,56.0,56.4,55.1,55.4,-0.2,2622,54.98000000000006,53.54499999999996,52.48250000000005,88.27284946236556,85.45837968112721,65.79273654654372,58.892739576877084,56.808615463088316,52.48250000000005,48.15638453691179,0.6909344344724602,0.2492798377825064,0.44165459668995377
2023-11-15,1514,4238549,237444347,55.7,56.5,55.6,55.6,0.2,3213,55.42000000000006,54.10999999999996,52.77250000000005,86.04411045943301,87.70914793092216,67.12047999007187,59.55222468274519,57.118012052678246,52.77250000000005,48.426987947321855,0.7732034074127938,0.3540645517085639,0.41913885570422993
2023-11-16,1514,4911352,276354274,56.5,57.0,55.4,56.7,1.1,3858,55.740000000000066,54.719999999999956,53.15750000000005,86.94688823721083,87.08794938633655,73.67660484214349,63.06220585443166,57.462064437892884,53.15750000000005,48.85293556210721,0.916597008349946,0.46657104303684027,0.4500259653131057
2023-11-17,1514,2617976,147368763,56.6,56.9,55.8,55.8,-0.9,2573,55.820000000000064,55.07999999999996,53.52750000000005,82.32323232323232,85.10474367329213,61.89569563974392,58.582853976654036,57.38126114983412,53.52750000000005,49.67373885016599,0.9467020004420235,0.5625972345178769,0.38410476592414655
2023-11-20,1514,2453371,135823832,56.0,56.4,54.9,55.7,-0.1,3417,55.84000000000007,55.31999999999996,53.77750000000005,76.94444444444444,82.07152166829594,60.63878621123244,58.089131296515106,57.51199795822278,53.77750000000005,50.04300204177733,0.9515226979450233,0.6403823272033062,0.3111403707417171
2023-11-21,1514,1885812,104903533,56.1,56.1,55.1,55.4,-0.3,1858,55.84000000000007,55.409999999999954,53.90250000000005,63.00505050505044,74.09090909090915,56.61492912147376,56.549394634382,57.67827475493063,53.90250000000005,50.12672524506948,0.9205244102571157,0.6964107438140681,0.22411366644304764
2023-11-22,1514,2089623,115376600,55.8,56.0,54.7,54.9,-0.5,3038,55.70000000000007,55.55999999999996,53.962500000000055,47.079124579124546,62.34287317620656,50.14479282921309,53.98120224490479,57.76156238432194,53.962500000000055,50.16343761567817,0.8458616559687826,0.726300926245011,0.11956072972377163
2023-11-23,1514,2510702,138309205,55.5,55.9,54.5,55.1,0.2,1966,55.380000000000074,55.55999999999996,54.06750000000005,32.579124579124546,47.554433221099934,52.66905477271894,54.864211594575416,57.8704297916174,54.06750000000005,50.26457020838271,0.7936801629398218,0.7397767735839731,0.05390338935584871
2023-11-24,1514,43677294,2598988086,56.5,60.6,56.5,60.6,5.5,25107,56.340000000000074,56.07999999999996,54.44750000000005,48.74074074074073,42.799663299663365,81.9653086900919,71.21920076286789,59.15828284364442,54.44750000000005,49.736717156355674,1.1824988773708114,0.8283211943413408,0.3541776830294706
2023-11-27,1514,68993059,4341236288,62.0,64.7,61.2,64.1,3.5,44863,58.020000000000074,56.929999999999964,55.007500000000036,72.70588235294112,51.34191589093556,87.64354040720312,76.94445375533199,61.259881546257205,55.007500000000036,48.75511845374287,1.7528554328096675,1.0132280420350062,0.7396273907746613
2023-11-28,1514,32513036,2082043227,64.4,64.8,63.2,64.5,0.4,22787,59.840000000000074,57.83999999999996,55.69250000000004,97.06834189986667,72.83832166451627,88.14136663863663,77.49543781065856,62.882512169668225,55.69250000000004,48.50248783033185,2.211649253363646,1.252912284300734,0.958736969062912
2023-11-29,1514,13204745,835905266,64.9,64.9,62.2,62.9,-1.6,9306,61.440000000000076,58.56999999999996,56.340000000000046,90.65808548961024,86.81076991413943,74.1921867204327,70.26224092535263,63.67577535097516,56.340000000000046,49.004224649024934,2.4182637936453872,1.4859825861696647,0.9322812074757225
2023-11-30,1514,42732704,2856625833,63.2,68.8,62.8,68.0,5.1,28272,64.02000000000007,59.69999999999995,57.21000000000005,90.75406793853392,92.8268317760037,83.7536128931605,77.47817562973566,65.6591182971936,57.21000000000005,48.76088170280649,2.9594203275567708,1.7806701344470859,1.1787501931096849
2023-12-01,1514,18957003,1280598615,67.6,68.3,66.8,67.4,-0.6,13236,65.38000000000007,60.85999999999996,57.97000000000005,88.46153846153844,89.95789729656097,79.70075152499273,75.16728713617455,67.180016286629,57.97000000000005,48.759983713371106,3.301814531304359,2.0848990138185406,1.2169155174858184
2023-12-04,1514,33042875,2322293234,68.0,72.0,66.7,70.5,3.1,21620,66.66000000000005,62.339999999999954,58.830000000000055,92.01465201465201,90.41008613824157,84.2846867613429,78.70185629804864,69.26572709493536,58.830000000000055,48.39427290506476,3.7797380296102503,2.4238668169768824,1.3558712126333679
2023-12-05,1514,63539214,4705001139,70.0,77.5,69.5,77.5,7.0,44257,69.26000000000006,64.54999999999995,59.980000000000054,93.87945387945388,91.45188145188155,90.14650163179016,84.17818632281087,73.00222715206455,59.980000000000054,46.95777284793556,4.6695101376321375,2.8729954811079335,1.796514656524204
2023-12-06,1514,85817043,6822447275,79.0,82.4,76.5,78.7,1.2,50704,72.42000000000006,66.92999999999996,61.24500000000005,92.38095238095235,92.75835275835284,90.83054344468451,84.89520518272752,76.23185757588871,61.24500000000005,46.258142424111384,5.409137742063734,3.3802239332990935,2.028913808764641
2023-12-07,1514,71830202,6055724513,78.7,86.5,78.3,85.0,6.3,40742,75.82000000000006,69.91999999999996,62.74000000000005,93.26181065311498,93.17407230450716,93.56621890003419,87.97602537002547,80.655736099864,62.74000000000005,44.8242639001361,6.429539566139034,3.990087059867082,2.4394525062719525
2023-12-08,1514,81764045,7230628391,86.5,92.0,86.1,87.6,2.6,47721,79.86000000000006,72.61999999999996,64.35000000000005,88.3401104294013,91.32762448782297,94.37433609447612,88.97540743502984,84.92751199732288,64.35000000000005,43.77248800267723,7.363135985957143,4.6646968450850945,2.6984391408720487
2023-12-11,1514,57990169,5062844815,88.6,89.9,84.8,88.5,0.9,32857,83.46000000000006,75.05999999999996,65.99500000000005,89.18702637698838,90.26298248650166,94.6459228833034,89.30672767853042,88.665286720727,65.99500000000005,43.3247132792731,8.082470662612835,5.348251608590642,2.7342190540221925
2023-12-12,1514,47432588,4270218064,89.4,92.5,88.2,88.6,0.1,28499,85.68000000000006,77.46999999999996,67.65500000000004,86.78620658486422,88.10444779708473,94.67922059522218,89.34504359999966,91.79347343971796,67.65500000000004,43.51652656028213,8.561921242185107,5.990985535309536,2.570935706875572
2023-12-13,1514,28806348,2566304036,89.0,90.7,88.0,88.0,-0.6,21998,87.54000000000006,79.97999999999996,69.27500000000005,85.8939533202058,87.28906209401957,90.72941326211769,87.32326067095224,94.29274370321933,69.27500000000005,44.25725629678077,8.79212416074246,6.55121326039612,2.24091090034634
2023-12-14,1514,30402608,2710760788,89.4,91.5,87.6,89.0,1.0,21332,88.34000000000006,82.07999999999996,70.89000000000004,85.28697831023406,85.98904607176813,91.42499942591428,87.81804341027768,96.61243378842619,70.89000000000004,45.167566211573906,8.952059505358719,7.03138250938864,1.9206769959700782
2023-12-15,1514,40002008,3566612611,90.0,92.3,86.5,87.2,-1.8,24896,88.26000000000008,84.05999999999997,72.46000000000005,81.98292326704859,84.38795163249625,78.98036497622891,81.64110801113146,98.1396728951123,72.46000000000005,46.7803271048878,8.831757459056831,7.391457499322279,1.4402999597345527
2023-12-18,1514,22306995,1904279662,86.8,88.3,83.5,83.9,-3.3,14143,87.34000000000007,85.39999999999996,73.87000000000005,69.88021008875403,79.05003722201234,61.17091906558518,71.68592367257423,98.79966907120847,73.87000000000005,48.940330928791624,8.373609047178618,7.587887808893546,0.7857212382850722
2023-12-19,1514,18409184,1507440495,84.7,85.3,80.4,82.0,-1.9,14685,86.02000000000007,85.84999999999997,75.20000000000005,49.754286589099785,67.20580664830091,53.12434021269501,66.64691817249329,98.85172298163423,75.20000000000005,51.548277018365866,7.767668165539817,7.6238438802228,0.14382428531701663
2023-12-20,1514,9886489,813752945,82.7,83.4,81.5,82.2,0.2,7998,84.86000000000007,86.19999999999996,76.56500000000004,29.060790362006713,49.56509567995361,53.869547621186676,66.9105883853077,98.45867716944717,76.56500000000004,54.67132283055291,7.2203621395773325,7.543147532093707,-0.3227853925163746
2023-12-21,1514,6432396,519735238,81.1,82.2,80.1,80.2,-2.0,4754,83.10000000000007,85.71999999999997,77.82000000000005,13.912940899641134,30.909339283582643,45.441463367547755,61.661054630276524,97.40383006462127,77.82000000000005,58.23616993537882,6.549733633315242,7.344464752338014,-0.7947311190227726
2023-12-22,1514,7660267,617265497,80.9,82.0,79.1,79.9,-0.3,5701,81.64000000000007,84.94999999999996,78.78500000000005,7.217544641495265,16.730425301047806,44.23046083066162,60.889363935469106,96.71154735301698,78.78500000000005,60.858452646983125,5.92573997589264,7.0607197970489395,-1.1349798211562998
2023-12-25,1514,20438220,1655477069,80.4,83.7,78.9,78.9,-1.0,13700,80.64000000000007,83.98999999999997,79.52500000000006,2.258866955544857,7.796450832227186,40.07697084397647,58.27147189979273,96.13955687040598,79.52500000000006,62.91044312959414,5.289554176192382,6.706486672877628,-1.416932496685246
2023-12-26,1514,8811683,691628875,78.9,79.6,77.5,78.0,-0.9,6365,79.84000000000007,82.92999999999996,80.20000000000007,3.1161758773698853,4.19752915813677,36.48000818193549,55.940361943099994,95.35044553800144,80.20000000000007,65.04955446199871,4.659043316869472,6.2969980016759965,-1.637954684806525
2023-12-27,1514,5557265,435212816,78.4,79.5,77.5,77.7,-0.3,4553,78.94000000000008,81.89999999999996,80.94000000000007,1.576576576576534,2.3172064698305257,35.24967785752507,55.14840214977461,93.92990377177397,80.94000000000007,67.95009622822617,4.088027192706292,5.855203839882056,-1.7671766471757637
2023-12-28,1514,62344790,5062788429,78.5,84.5,77.1,80.6,2.9,40200,79.02000000000007,81.05999999999997,81.57000000000006,11.9932432432432,5.561998565729973,53.0915795846486,60.909560837043266,93.1321970230553,81.57000000000006,70.00780297694483,3.8254017143139976,5.4492434147684445,-1.623841700454447
2023-12-29,1514,37794656,2906141481,81.0,81.0,75.0,75.1,-5.5,26576,78.06000000000009,79.84999999999997,81.95500000000006,11.190741712586311,8.253520510802115,32.98244048641914,48.25092429888438,92.02008320879432,81.95500000000006,71.88991679120579,3.137300251592805,4.9868547821333165,-1.8495545305405114
2024-01-02,1514,26400729,2029868260,75.0,78.3,74.4,77.7,2.6,16227,77.82000000000008,79.22999999999998,82.31500000000005,21.631380371046742,14.93845510895885,44.56289979340316,53.20225290314724,91.15610287237716,82.31500000000005,73.47389712762295,2.7698441169640375,4.543452649099461,-1.7736085321354231
2024-01-03,1514,20383708,1607308975,77.2,79.9,76.8,79.5,1.8,14089,78.12000000000009,78.97999999999998,82.41500000000005,28.046396872696903,20.289506318776752,51.352492417063964,56.31829003537607,91.07947344043241,82.41500000000005,73.75052655956769,2.593975702460426,4.153557259771654,-1.559581557311228
2024-01-04,1514,25617797,2047525643,79.1,82.0,78.3,79.8,0.3,17709,78.54000000000009,78.73999999999997,82.47000000000006,45.54455445544547,31.74077723306314,52.48405383957093,56.834172988378405,91.05302976809214,82.47000000000006,73.88697023190797,2.4505577058839663,3.8129573489941166,-1.3623996431101504
2024-01-05,1514,12367644,977973295,79.4,80.5,78.2,78.2,-1.6,7744,78.06000000000009,78.53999999999996,82.13000000000005,47.19471947194713,40.261890266696604,45.8483530397935,53.22388746662027,90.82323875203932,82.13000000000005,73.43676124796079,2.182631267473539,3.4868921326900013,-1.3042608652164622
2024-01-08,1514,14584421,1169120871,78.8,81.3,78.7,80.3,2.1,9781,79.10000000000011,78.57999999999996,81.76500000000006,49.834983498349764,47.52475247524756,54.631665985446354,57.07776840855775,90.11515568716877,81.76500000000006,73.41484431283135,2.1153654679499994,3.212586799742001,-1.0972213317920017
2024-01-09,1514,24178175,1970011230,80.3,82.5,80.1,81.1,0.8,17535,79.78000000000011,78.79999999999997,81.39500000000005,54.12541254125406,50.38503850385042,57.68227455208393,58.481147137351584,89.15347278785968,81.39500000000005,73.63652721214042,2.1023752778053506,2.990544495354671,-0.8881692175493203
2024-01-10,1514,26704991,2163466644,81.5,82.8,78.4,81.7,0.6,18635,80.22000000000011,79.16999999999997,81.05000000000005,65.67656765676561,56.54565456545657,60.0337226880705,59.549374706648706,88.0752402094135,81.05000000000005,74.02475979058661,2.1161023336429565,2.815656063012328,-0.6995537293693714
2024-01-11,1514,19687649,1592695861,82.2,82.7,79.5,80.5,-1.2,12836,80.3600000000001,79.44999999999996,80.67500000000005,70.41096966839537,63.404316622138445,53.14340494510596,56.42267080578177,86.9353114938445,80.67500000000005,74.41468850615561,2.0070155274343193,2.653927955896726,-0.6469124284624068
2024-01-12,1514,20398636,1669321377,80.3,83.2,80.3,81.0,0.5,13864,80.9200000000001,79.48999999999997,80.27500000000006,73.29875844727326,69.79543192414484,55.61952376456715,57.425738210246216,85.24606628400332,80.27500000000006,75.3039337159968,1.9385627245365669,2.5108549096246944,-0.5722921850881275
2024-01-15,1514,42829129,3576171153,83.5,85.6,81.4,82.6,1.6,27185,81.38000000000011,80.23999999999997,80.04500000000004,71.17604617604613,71.62859143057167,62.93245297915566,60.55469448640828,84.04373730069481,80.04500000000004,76.04626269930527,1.9904750558897604,2.4067789388777077,-0.4163038829879473
2024-01-16,1514,13410841,1091245163,82.2,82.6,80.2,82.0,-0.6,11494,81.5600000000001,80.66999999999996,79.95000000000005,64.08681408681404,69.52053957004456,58.70069599723515,58.80921908918266,83.6575598444215,79.95000000000005,76.24244015557859,1.9606003860851189,2.31754322831919,-0.356942842234071
2024-01-17,1514,10885964,890869730,81.2,83.1,80.8,81.8,-0.2,7190,81.58000000000011,80.89999999999995,79.94000000000004,55.303030303030276,63.52196352196358,57.20479105179016,58.206931315991575,83.62640746526623,79.94000000000004,76.25359253473385,1.898896865456578,2.2338139557466676,-0.33491709029008954
2024-01-18,1514,9419132,772771691,81.4,83.0,80.9,82.4,0.6,6631,81.96000000000011,81.15999999999995,79.95000000000005,51.85185185185185,57.08056541389882,60.70923617327823,59.545472402702224,83.66187284264507,79.95000000000005,76.23812715735502,1.8767770488335742,2.162406574364049,-0.2856295255304748
2024-01-19,1514,13873218,1130985664,83.4,83.7,80.0,80.0,-2.4,10634,81.7600000000001,81.33999999999995,79.94000000000004,42.14214214214211,49.76567476567484,43.923851238633695,52.32623085009187,83.65020215082278,79.94000000000004,76.2297978491773,1.6466059440852518,2.0592464483082895,-0.41264050422303766
2024-01-22,1514,21061328,1752707979,80.6,84.7,80.1,84.6,4.6,13801,82.16000000000011,81.76999999999995,80.17500000000004,54.6296296296296,49.54120787454127,65.34783680781247,61.86861122977785,84.40436165395776,80.17500000000004,75.94563834604232,1.8144592843071052,2.010289015508053,-0.1958297312009476
2024-01-23,1514,32527613,2807752681,84.9,87.4,84.9,85.7,1.1,25875,82.9000000000001,82.22999999999996,80.51500000000003,62.271448663853654,53.014406811875205,68.68554655549765,63.73779082287856,85.33216721735687,80.51500000000003,75.69783278264319,2.0130400006141684,2.0108392125292758,0.0022007880848926575
2024-01-24,1514,15894261,1352366556,86.7,86.7,83.9,84.2,-1.5,12660,83.3800000000001,82.47999999999996,80.82500000000003,73.78296017536519,63.561346156282895,59.5589179377075,59.45763761285699,85.75161141150525,80.82500000000003,75.89838858849481,2.0260244364602897,2.0138762573154785,0.012148179144811255
2024-01-25,1514,9441688,783173428,84.8,84.9,82.3,82.4,-1.8,7283,83.38000000000008,82.66999999999996,81.06000000000003,55.89006728247232,63.98149204056381,50.217221774880684,54.709825063773934,85.81327255687857,81.06000000000003,76.30672744312149,1.8695190863515734,1.9850048231226975,-0.11548573677112417
2024-01-26,1514,7448437,619078029,82.7,84.0,82.4,83.0,0.6,5157,83.98000000000009,82.86999999999996,81.18000000000004,43.24324324324322,57.638756900360335,53.07922209211431,55.97188345962336,86.00145206343186,81.18000000000004,76.35854793656821,1.773459121607118,1.9426956828195816,-0.16923656121246355
2024-01-29,1514,9839202,832464512,83.1,85.2,83.0,85.1,2.1,6829,84.08000000000008,83.11999999999996,81.68000000000004,47.297297297297234,48.810202607671016,61.99977128478097,60.15676154412834,85.91395795916397,81.68000000000004,77.4460420408361,1.8455094726294732,1.9232584407815598,-0.07774896815208665
2024-01-30,1514,11319535,965787621,84.9,86.3,84.3,85.0,-0.1,8330,83.94000000000008,83.41999999999996,82.04500000000004,59.00900900900891,49.849849849849875,61.35176245017799,59.86495785855147,86.09838130453615,82.04500000000004,77.99161869546394,1.8729505228876775,1.9131968572027833,-0.040246334315105825
2024-01-31,1514,13783778,1173441719,84.7,86.6,83.6,84.0,-1.0,9604,83.90000000000009,83.63999999999996,82.27000000000004,63.51351351351341,56.6066066066066,54.683756621070586,56.89295320290061,86.23186824616425,82.27000000000004,78.30813175383582,1.793333675963055,1.8892242209548376,-0.09589054499178262
2024-02-01,1514,13831939,1179435120,84.3,86.4,83.8,86.2,2.2,9640,84.6600000000001,84.01999999999997,82.59000000000005,68.39442181907928,63.638981447200614,64.56783334751478,61.4296312452342,86.73193191638377,82.59000000000005,78.44806808361632,1.8860175289313617,1.8885828825501423,-0.0025653536187806303
2024-02-02,1514,24114435,2035408093,87.3,87.4,82.0,82.0,-4.2,17996,84.4600000000001,84.21999999999997,82.78000000000004,45.871899296556784,59.25994487638324,43.45667377422316,50.50234073725527,86.4168117905605,82.78000000000004,79.14318820943959,1.6020972709557526,1.8312857602312644,-0.22918848927551183
2024-02-05,1514,9870397,803685720,82.0,82.7,80.5,81.3,-0.7,7308,83.7000000000001,83.88999999999996,82.83000000000004,31.718615578055672,48.661645564564,40.85903071789305,48.93980399090354,86.35482623684734,82.83000000000004,79.30517376315274,1.3055546497958659,1.7261395381441846,-0.42058488834831875
2024-02-15,1514,18024331,1432331926,75.1,82.7,75.0,82.2,0.9,12200,83.1400000000001,83.53999999999996,82.88500000000005,23.21957300919428,33.60336262793566,45.72545985622744,51.0373560386561,86.33363741207472,82.88500000000005,79.43636258792537,1.1301374434763574,1.6069391192106193,-0.4768016757342619
2024-02-16,1514,20899524,1757980098,81.6,86.0,81.6,84.5,2.3,14233,83.2400000000001,83.56999999999996,83.02500000000005,48.75720741779642,34.56513200168221,56.41761150295614,56.0106879931159,86.49710310906265,83.02500000000005,79.55289689093745,1.1632990346109011,1.5182111022906757,-0.35491206767977457
2024-02-19,1514,28285739,2440747542,85.7,88.3,84.4,84.8,0.3,20007,82.96000000000011,83.80999999999996,83.24000000000004,69.45387662705146,47.143552351347466,57.68611612912902,56.62949492270043,86.59046265461544,83.24000000000004,79.88953734538464,1.199954993082585,1.4545598804490576,-0.2546048873664726
2024-02-20,1514,15242989,1281466422,85.3,86.4,82.5,83.3,-1.5,12006,83.22000000000011,83.83999999999995,83.35500000000005,70.90104292990537,63.037375658251165,49.3134593070771,52.642043321711164,86.54402806509461,83.35500000000005,80.16597193490549,1.0953412284312378,1.3827161500454936,-0.2873749216142558
2024-02-21,1514,39093204,3398592559,83.9,89.4,83.7,87.0,3.7,26503,84.3600000000001,84.02999999999994,83.57500000000005,73.14118629908101,71.16536861867935,64.24697440271977,60.10435487598706,87.11329054770273,83.57500000000005,80.03670945229736,1.2960530512436463,1.3653835302851243,-0.06933047904147793
2024-02-22,1514,27979145,2428588676,87.5,88.5,85.2,85.8,-1.2,18715,85.08000000000011,84.10999999999994,83.76500000000004,73.57978279030907,72.54067067309857,57.803103093826245,56.96902381996273,87.35235278443136,83.76500000000004,80.17764721556873,1.3428095728061464,1.3608687387893288,-0.018059165983182357
2024-02-23,1514,59317176,5308938942,86.4,92.5,85.0,89.5,3.7,44545,86.08000000000011,84.65999999999994,84.15000000000005,80.39682539682535,75.70593149540524,68.99101422142473,63.32213771389855,88.40229349880346,84.15000000000005,79.89770650119664,1.6592961971322637,1.4205542304579157,0.238741966674348
2024-02-26,1514,82581567,7838816950,91.8,98.1,90.7,94.4,4.9,55274,88.00000000000011,85.47999999999993,84.75000000000004,80.61327561327559,78.19662793347008,78.00230221836341,69.7018439348717,90.83621392985536,84.75000000000004,78.66378607014472,2.2792296355970763,1.592289311485748,0.6869403241113283
2024-02-27,1514,41681429,3875018744,94.9,96.4,89.4,91.0,-3.4,29099,89.5400000000001,86.37999999999994,85.30000000000004,78.7012987012987,79.90379990379996,63.14699540803612,61.684341212826595,91.55555752910686,85.30000000000004,79.04444247089322,2.4677332738746713,1.7673781039635326,0.7003551699111388
2024-02-29,1514,61744617,5989445371,91.5,100.0,90.6,100.0,9.0,39351,92.14000000000011,88.24999999999994,86.07000000000005,84.4155844155844,81.24338624338633,76.79494063105297,71.14570255167351,95.0075835660404,86.07000000000005,77.1324164339597,3.3052477109995664,2.0749520253707394,1.230295685628827
2024-03-01,1514,85520877,8845956012,102.0,108.5,99.6,106.5,6.5,50815,96.28000000000011,90.67999999999994,87.11000000000004,87.19058719058717,83.43582343582351,82.31377298343851,75.79455654019863,99.71966296139452,87.11000000000004,74.50033703860556,4.442271868735602,2.548415994043712,1.8938558746918903
2024-03-04,1514,46883841,5159893759,110.0,114.0,107.0,107.5,1.0,30621,99.88000000000011,92.97999999999993,88.27500000000005,90.55759055759052,87.38792072125413,83.03784054626394,76.42388725473127,103.60573709904253,88.27500000000005,72.94426290095757,5.362250660480527,3.111182927331075,2.2510677331494517
2024-03-05,1514,64955806,7460609920,108.5,118.0,108.5,117.0,9.5,36747,104.40000000000012,96.19999999999995,90.00500000000004,89.58577325924261,89.11131700247353,88.33211483739572,81.37741084161591,109.52888024958062,90.00500000000004,70.48111975041945,6.779758253323635,3.844897992529587,2.934860260794048
2024-03-06,1514,38319086,4503445383,116.5,119.5,114.5,118.0,1.0,23190,109.80000000000011,99.66999999999994,91.75500000000004,90.70060046102634,90.28132142595325,88.76284458648891,81.81064277992806,114.46759342303227,91.75500000000004,69.0424065769678,7.892851002664258,4.654488594556521,3.2383624081077373
2024-03-07,1514,24993652,2859259108,117.5,118.0,111.5,113.5,-4.5,16145,112.50000000000011,102.31999999999995,93.17500000000004,91.78180589005785,90.68939320344236,74.35268802379281,73.52180292092137,117.53700935883487,93.17500000000004,68.81299064116521,8.316010837587385,5.386793043162694,2.929217794424691
2024-03-08,1514,27056959,2968995483,114.5,115.0,106.5,107.5,-6.0,16892,112.70000000000012,104.48999999999997,94.30000000000004,79.46458664355526,87.31566433154659,59.361725174494474,64.1841982178989,119.1217646431506,94.30000000000004,69.47823535684948,8.074144487882279,5.9242633321066105,2.1498811557756685
2024-03-11,1514,17634162,1865527372,109.0,110.0,103.5,104.0,-3.5,10694,112.00000000000011,105.93999999999997,95.30000000000004,63.748856468775536,78.33174966746297,52.19928522615878,59.441650862939674,119.99250898551946,95.30000000000004,70.60749101448062,7.51343273825141,6.242097213335571,1.2713355249158393
2024-03-12,1514,41893830,4437749960,105.0,109.5,101.0,104.5,0.5,26812,109.50000000000011,106.94999999999996,96.21500000000005,52.244919855767165,65.15278765603274,53.141588694329876,59.8975212859583,120.84703402076161,96.21500000000005,71.58296597923848,7.028391535683056,6.399356077805068,0.629035457877988
2024-03-13,1514,58928726,6368744752,105.0,113.0,104.5,105.0,0.5,37964,106.90000000000012,108.34999999999995,97.36500000000004,41.2458491979376,52.41320850749353,54.19504291863687,60.3771351220996,121.37477092768594,97.36500000000004,73.35522907231413,6.608163909332546,6.441117644110564,0.16704626522198218
2024-03-14,1514,35158840,3710389747,106.0,108.0,101.0,106.5,1.5,21752,105.50000000000011,108.99999999999996,98.62500000000004,34.987431311612745,42.82606678843927,57.5363291996308,61.851169633101854,121.75920627555551,98.62500000000004,75.49079372444457,6.323277148980068,6.417549545084465,-0.09427239610439653
2024-03-15,1514,32592956,3461370858,105.5,108.0,103.0,107.0,0.5,15505,105.40000000000012,109.04999999999995,99.86500000000004,29.765946851373954,35.33307578697487,58.707703729584935,62.35391151391077,121.98090151904191,99.86500000000004,77.74909848095817,6.067901172647154,6.347619870597002,-0.27971869794984805
2024-03-18,1514,36117441,3967819140,107.0,113.0,105.5,111.5,4.5,24926,106.90000000000012,109.44999999999996,101.21500000000005,39.639639639639604,34.79767260087553,67.9816816856574,66.61780128814928,122.70176569425824,101.21500000000005,79.72823430574185,6.1576447675698205,6.309624849991566,-0.15198008242174588
2024-03-19,1514,22497603,2507105291,111.0,113.0,110.0,111.5,0.0,16669,108.30000000000011,108.89999999999995,102.55000000000004,50.317965023847336,39.90785050495373,67.9816816856574,66.61780128814927,123.08820829575835,102.55000000000004,82.01179170424173,6.157784110969985,6.27925670218725,-0.12147259121726517
2024-03-20,1514,15633344,1708329660,111.5,112.5,108.0,109.0,-2.5,10415,109.10000000000011,107.99999999999996,103.83500000000004,58.554773260655566,49.50412597471427,58.112373466039244,62.086916066302955,122.527808777708,103.83500000000004,85.14219122229207,5.888288905816609,6.201063142913122,-0.3127742370965132
2024-03-21,1514,33303772,3785548258,110.0,116.0,110.0,113.5,4.5,22170,110.50000000000011,107.99999999999996,105.16000000000004,67.41363211951443,58.76212346800588,67.89899394438973,66.50316664167596,122.60699401042925,105.16000000000004,87.71300598957083,5.969017290316771,6.154653972393851,-0.18563668207708073
2024-03-22,1514,25774033,2906057049,114.0,116.0,110.0,112.5,-1.0,16227,111.60000000000011,108.49999999999996,106.49500000000003,72.38095238095235,66.11645258704088,64.02102865232145,64.69957508823676,121.76202001046576,106.49500000000003,91.2279799895343,5.884470955776251,6.100617369070331,-0.21614641329408002
2024-03-25,1514,25291900,2911125024,113.0,116.5,112.0,114.5,2.0,15708,112.20000000000012,109.54999999999995,107.74500000000003,82.36559139784943,74.05339196610551,68.25194542129975,66.64778279458719,121.23135977571255,107.74500000000003,94.25864022428752,5.9107156115547355,6.062637017567212,-0.15192140601247672
2024-03-26,1514,50258585,5819744709,115.5,120.0,110.5,114.0,-0.5,31353,112.70000000000012,110.49999999999996,108.72500000000002,77.3948311639313,77.38045831424448,65.98864729688013,65.67198427566667,120.98254869457875,108.72500000000002,96.46745130542129,5.824033041448942,6.014916222343558,-0.1908831808946161
2024-03-27,1514,27501505,3064128127,114.0,115.0,108.0,111.0,-3.0,18626,113.10000000000011,111.09999999999995,109.72500000000002,67.52555011817965,75.76199089332023,53.556713529531706,59.996101546908,118.91453208819503,109.72500000000002,100.53546791180501,5.450432360694265,5.902019450013699,-0.4515870893194345
2024-03-28,1514,14683508,1612351090,110.0,111.5,108.0,109.5,-1.5,8955,112.30000000000011,111.39999999999995,110.20000000000002,47.6886943525141,64.2030252115418,48.25376446324057,57.32816202202393,118.23990049689488,110.20000000000002,102.16009950310516,4.975953965679139,5.716806353146787,-0.7408523874676485
2024-03-29,1514,8592458,941947499,110.5,111.0,108.0,110.0,0.5,5379,111.80000000000011,111.69999999999996,110.37500000000003,30.437232364210008,48.55049227830136,50.17242789385177,57.99863272630863,118.23550252846279,110.37500000000003,102.51449747153727,4.587391645189456,5.490923411555321,-0.9035317663658651
2024-04-01,1514,7456773,824291403,111.0,112.5,109.0,109.0,-1.0,5019,110.70000000000012,111.44999999999996,110.45000000000002,17.528735632183867,31.8848874496361,46.177345112782085,56.10010556575471,118.2275317421388,110.45000000000002,102.67246825786124,4.1509124294760085,5.222921215139459,-1.0720087856634501
2024-04-02,1514,7576783,820080921,110.5,110.5,106.0,108.5,-0.5,5757,109.60000000000011,111.14999999999995,110.02500000000002,14.285714285714244,20.750560760702815,44.127654539776515,55.128412214596636,117.23246141161874,110.02500000000002,102.8175385883813,3.721751648737836,4.922687301859134,-1.2009356531212978
2024-04-03,1514,4963587,529068059,107.5,108.0,106.0,106.0,-2.5,3940,108.60000000000011,110.84999999999995,109.42500000000003,8.730158730158688,13.514869549352376,35.05181766818251,50.42546452697633,115.8302712666965,109.42500000000003,103.01972873330355,3.143671246179565,4.56688409072322,-1.423212844543655
2024-04-08,1514,29782640,3388006388,107.5,116.5,107.5,116.5,10.5,18627,110.00000000000011,111.14999999999995,109.57500000000002,30.952380952380906,17.989417989418055,67.65197465697898,64.2282978446955,116.47626799943123,109.57500000000002,102.6737320005688,3.492540774133289,4.352015427405234,-0.8594746532719446
2024-04-09,1514,39574883,4958528542,121.0,128.0,120.5,128.0,11.5,22271,113.60000000000011,112.69999999999996,110.60000000000002,58.333333333333286,32.671957671957735,80.29204663611195,73.07158314447054,121.1099952426236,110.60000000000002,100.09000475737645,4.643449483793532,4.410302238682894,0.23314724511063822
2024-04-10,1514,104404534,14096837905,132.0,140.5,128.5,140.5,12.5,59261,119.90000000000012,115.29999999999995,112.42500000000003,91.66666666666663,60.31746031746038,86.82200159105601,79.11524622784887,128.77209454306683,112.42500000000003,96.07790545693322,6.4893927807205785,4.826120347090431,1.6632724336301479
2024-04-11,1514,109493473,16199922244,144.5,154.5,140.5,153.0,12.5,67170,128.80000000000013,119.19999999999996,114.85000000000002,98.9690721649484,82.98969072164954,90.49589574992177,83.18049643561896,138.52298037848146,114.85000000000002,91.17701962151858,8.85884245460106,5.632664768592557,3.226177686008503
2024-04-12,1514,100968866,16235522617,151.5,168.0,150.0,168.0,15.0,58771,141.2000000000001,124.89999999999995,118.00000000000003,98.9690721649484,96.53493699885458,93.16401981805897,86.56105850336226,150.65424934062887,118.00000000000003,85.34575065937119,11.81087462126412,6.8683067391268695,4.94256788213725
2024-04-15,1514,103467798,18063669790,179.5,184.0,168.0,175.0,7.0,66247,152.90000000000012,131.44999999999996,121.42500000000003,95.12291831879456,97.68702088289723,94.07033373815821,87.79399510362322,161.9555748787254,121.42500000000003,80.89442512127465,14.54752803250993,8.404150997803482,6.1433770347064485
2024-04-16,1514,13046938,2126457362,168.0,170.0,158.5,167.5,-7.5,12103,160.80000000000013,137.19999999999996,124.45000000000002,89.10256410256405,94.39818486210244,80.69685272543067,79.38993701118274,169.04921523973238,124.45000000000002,79.85078476026766,15.927555314454565,9.908831861133699,6.018723453320867
2024-04-17,1514,8954909,1591322255,169.5,181.5,169.5,181.5,14.0,9327,169.0000000000001,144.44999999999996,127.95000000000002,88.03418803418799,90.75322348518232,85.26030762062776,82.7159324169714,178.5216323643994,127.95000000000002,77.37836763560063,17.944071785329072,11.515879845972773,6.428191939356299
2024-04-18,1514,7219592,1261224846,177.0,181.0,168.5,175.0,-6.5,7910,173.40000000000012,151.09999999999997,131.12500000000003,87.95877325289086,88.36517512988108,75.58166994730819,76.54002298511794,185.03035687665897,131.12500000000003,77.21964312334109,18.800954242164323,12.972894725211082,5.828059516953241
2024-04-19,1514,6495350,1077649749,172.0,174.5,158.0,165.0,-10.0,7227,172.80000000000013,156.99999999999994,133.925,85.03630202333302,87.00975443680407,62.788433717092964,68.11405488603528,188.75225143575943,133.925,79.0977485642406,18.46032420985958,14.070380622140782,4.389943587718797
2024-04-22,1514,4607582,729608209,170.0,171.0,150.0,151.5,-13.5,5733,168.1000000000001,160.49999999999994,135.82500000000002,66.58515857218957,79.86007794947126,49.57280118755164,58.71659395057802,190.3220412040872,135.82500000000002,81.32795879591283,16.906151686431542,14.637534834998934,2.2686168514326077
2024-04-23,1514,3773141,571980924,155.0,157.0,145.0,155.0,3.5,4216,165.6000000000001,163.19999999999996,137.95000000000002,48.28450497741833,66.63532185764709,52.59101516568975,60.24786887118191,191.95546268665777,137.95000000000002,83.94453731334227,15.775034732903237,14.865034814579795,0.9099999183234413
2024-04-24,1514,2802272,442234681,157.0,162.0,152.0,161.0,6.0,3142,161.5000000000001,165.24999999999994,140.27500000000003,38.60013860013857,51.15660071658227,57.659427129460795,62.79552450529307,194.04532173978464,140.27500000000003,86.50467826021543,15.187691994578756,14.929566250579587,0.25812574399916954
2024-04-25,1514,2369070,372090751,156.0,160.0,155.0,157.5,-3.5,2666,158.0000000000001,165.69999999999996,142.45000000000002,35.47008547008544,40.78490968254756,53.74882351213521,60.365177604855525,195.30442270993007,142.45000000000002,89.59557729006998,14.275241792249545,14.79870135891358,-0.5234595666640338
2024-04-26,1514,2390458,374498419,157.5,160.0,155.0,156.5,-1.0,2615,156.30000000000013,164.54999999999995,144.72500000000002,34.861257463997156,36.310493844740506,52.56056149303341,59.65478004113189,195.85764612749836,144.72500000000002,93.59235387250168,13.317906257179658,14.502542338566794,-1.1846360813871364
2024-04-29,1514,3115746,473526106,156.5,156.5,149.5,150.5,-6.0,3773,156.1000000000001,162.09999999999997,146.77500000000003,26.208874839011795,32.18007259103158,45.51668239504071,55.43910501527692,195.3161938460516,146.77500000000003,98.23380615394848,11.937453558681256,13.989524582589686,-2.0520710239084305
2024-04-30,1514,3410565,498325411,148.5,148.5,144.0,146.0,-4.5,3753,154.30000000000013,159.94999999999996,148.57500000000002,17.32691595705291,26.13234942002074,40.73946237633195,52.4456202709719,194.10441356969102,148.57500000000002,103.04558643030903,10.360888583405512,13.263797382752852,-2.9029087993473404
2024-05-02,1514,2946480,439948853,147.0,153.5,146.0,150.0,4.0,3414,152.1000000000001,156.79999999999995,150.62500000000003,13.38200990121041,18.972600232425158,46.556402523869785,54.782823305730425,192.37769452382642,150.62500000000003,108.87230547617364,9.326703618919879,12.476378629986257,-3.1496750110663783
2024-05-03,1514,31579762,4429932776,149.0,151.0,135.0,135.0,-15.0,25786,147.6000000000001,152.79999999999995,151.95000000000002,8.359178850982099,13.022701569748593,32.56957640997996,45.710163161899295,189.7678529268912,151.95000000000002,114.13214707310883,7.213576326300995,11.423818169249206,-4.210241842948211
2024-05-06,1514,16639425,2216394490,135.0,136.0,131.5,132.5,-2.5,11309,142.80000000000013,149.54999999999995,153.27500000000003,7.650273224043687,9.797153992078853,30.77198567060598,44.39064574208513,186.08578328842432,153.27500000000003,120.46421671157574,5.276356067681633,10.194325748935691,-4.917969681254059
2024-05-07,1514,12945813,1740827355,133.0,137.5,132.5,133.0,0.5,11287,139.30000000000013,147.69999999999996,154.10000000000002,2.7322404371584406,6.247230837394863,31.652183197037935,44.734261453847616,183.8583601698742,154.10000000000002,124.34163983012584,3.7383475338039887,8.903130105909351,-5.164782572105363
2024-05-08,1514,27576947,3817511597,132.5,143.0,129.0,138.0,5.0,19767,137.7000000000001,145.99999999999994,154.60000000000002,12.40965979199715,7.597391151066546,40.4809677627545,48.182418102527016,182.88709953317874,154.60000000000002,126.3129004668213,2.889613240494697,7.70042673282642,-4.810813492331723
2024-05-09,1514,13129151,1785486064,139.0,140.5,133.0,134.0,-4.0,10212,134.5000000000001,143.29999999999995,154.27500000000003,16.693107703155267,10.611669310770406,36.125570590239995,45.72456854897414,183.34126050939383,154.27500000000003,125.20873949060623,1.8726320905743705,6.5348678043760104,-4.66223571380164
2024-05-10,1514,14714001,1890196046,130.0,132.0,126.0,128.5,-5.5,10497,133.2000000000001,140.39999999999995,153.05,17.786003878018654,15.62959045772381,30.808244251668366,42.5132843448027,184.21713012133088,153.05,121.88286987866914,0.6157650119692732,5.351047245894663,-4.73528223392539
2024-05-13,1514,13738975,1691889292,127.5,128.0,120.0,122.5,-6.0,10387,131.2000000000001,136.99999999999994,150.77500000000003,10.59614671223467,15.025086097802983,25.947436847301613,39.27290815009392,183.8302189525338,150.77500000000003,117.71978104746626,-0.8546096508919163,4.109915866537348,-4.964525517429264
2024-05-14,1514,13390587,1639631489,122.5,126.0,119.5,120.5,-2.0,9466,128.7000000000001,133.99999999999994,148.05,6.2001947830759105,11.527448457776531,24.447407319120636,38.22697451050839,181.64895831718576,148.05,114.45104168281426,-2.156417610103489,2.85664917120918,-5.013066781312669
2024-05-15,1514,7819674,944341725,122.5,123.5,119.0,119.0,-1.5,6221,124.90000000000012,131.29999999999995,145.62500000000003,3.4679543459174407,6.754765280409461,23.27030175484294,37.42199658552932,180.24417821092754,145.62500000000003,111.0058217890725,-3.271436180880613,1.6310321007912214,-4.902468281671835
2024-05-16,1514,10110761,1183459446,119.5,120.5,114.5,114.5,-4.5,8569,121.00000000000011,127.74999999999996,142.27500000000003,0.9803921568627144,3.549513761952142,19.91434288749342,35.03823815430751,175.2893529392892,142.27500000000003,109.26064706071087,-4.466719264185997,0.41148182779577747,-4.878201091981774
2024-05-17,1514,9040254,1054157569,116.0,118.5,114.5,118.0,3.5,6082,118.90000000000012,126.04999999999995,139.425,4.093567251461958,2.847304584747491,29.18182327684644,38.32871255265258,170.42705638340743,139.425,108.42294361659259,-5.0730895515143,-0.6854324480662382,-4.3876571034480625
2024-05-20,1514,10809170,1271431440,118.5,121.5,114.5,115.5,-2.5,7624,117.50000000000011,124.34999999999995,136.95000000000002,5.263157894736811,3.4457057676872815,26.61523615787577,36.8913003342071,167.28628190797227,136.95000000000002,106.61371809202777,-5.689783200543417,-1.686302598561674,-4.003480601981742
2024-05-21,1514,7333103,826733698,116.0,116.5,111.0,112.0,-3.5,5953,115.80000000000011,122.24999999999996,134.97500000000002,6.393101397561671,5.2499421812536005,23.272100523371332,34.91702786678943,166.3891289868104,134.97500000000002,103.56087101318965,-6.387309185389114,-2.626503915927162,-3.760805269461952
2024-05-22,1514,7736040,853307291,113.0,113.0,109.0,110.0,-2.0,6331,114.00000000000011,119.44999999999996,132.72500000000002,3.748809508418523,5.135022933572455,21.4738800554969,33.80377216969037,164.52354556422296,132.72500000000002,100.92645443577707,-7.020558214138433,-3.505314775569416,-3.5152434385690166
2024-05-23,1514,6856822,744033372,110.0,110.5,107.0,107.5,-2.5,5599,112.60000000000011,116.79999999999995,130.05,3.3728696587944627,4.504926854925005,19.299163590584364,32.412645021396145,160.8702855275545,130.05,99.22971447244552,-7.636117331088599,-4.331475286673252,-3.3046420444153464
2024-05-24,1514,9854625,1075895863,107.5,111.5,105.5,110.5,3.0,7251,111.10000000000011,114.99999999999996,127.70000000000002,10.373007456782611,5.831562207998651,29.320257133544924,35.82559139689795,156.91540689430775,127.70000000000002,98.48459310569227,-7.792055473074186,-5.023591323953439,-2.7684641491207467
2024-05-27,1514,12930537,1456764999,111.0,115.0,110.0,112.5,2.0,9101,110.50000000000011,113.99999999999996,125.50000000000003,21.886695057426735,11.877524057668055,35.54536347101358,38.07078109423418,152.23013280924653,125.50000000000003,98.76986719075353,-7.665886718526437,-5.552050402868039,-2.113836315658398
2024-05-28,1514,7996594,893106204,114.0,114.0,110.5,111.0,-1.5,6090,110.30000000000011,113.04999999999995,123.52500000000002,32.55137759710927,21.603693370439657,33.00204514468883,37.02455169187506,148.3432896268048,123.52500000000002,98.70671037319525,-7.599334141960227,-5.961507150686477,-1.6378269912737506
2024-05-29,1514,6482842,719667786,111.5,113.0,110.0,110.0,-1.0,4900,110.30000000000011,112.14999999999995,121.72500000000002,33.79629629629627,29.41145631694421,31.26226742202327,36.30818869964212,144.93162620890777,121.72500000000002,98.51837379109227,-7.540361791180899,-6.277278078785361,-1.263083712395538
2024-05-30,1514,7027804,767935082,110.0,112.0,107.0,107.5,-2.5,5635,110.30000000000011,111.44999999999996,119.60000000000002,24.99999999999997,30.44922463113529,27.096018702510165,34.51048116062685,139.62648246697282,119.60000000000002,99.57351753302723,-7.6076585329784905,-6.543354169623987,-1.0643043633545037
2024-05-31,1514,5133584,549724561,108.5,108.5,106.0,107.0,-0.5,4041,109.60000000000011,110.34999999999995,118.20000000000002,18.087121212121186,25.62780583613926,26.27885705154085,34.146337077142014,137.6303885704834,118.20000000000002,98.76961142951663,-7.613572977030984,-6.757397931105386,-0.8561750459255979
2024-06-03,1514,3568404,383662264,108.0,109.0,106.5,107.5,0.5,4910,108.60000000000011,109.54999999999995,116.95000000000002,15.729665071770308,19.605595427963937,28.784525786212285,34.88624835282847,135.74601021493584,116.95000000000002,98.1539897850642,-7.491556396422183,-6.904229624168745,-0.5873267722534381
2024-06-04,1514,8752520,956153237,107.5,111.5,106.5,107.5,0.0,5878,107.90000000000012,109.09999999999995,115.67500000000003,18.580542264752765,17.465776182881537,28.784525786212285,34.88624835282847,133.3704090091178,115.67500000000003,97.97959099088226,-7.3105854982651834,-6.985500798988033,-0.32508469927715034
2024-06-05,1514,4661893,506530937,108.5,110.5,107.0,108.5,1.0,3609,107.60000000000011,108.94999999999996,114.20000000000002,24.561403508771903,19.623870281765107,34.81565299082748,36.54010707025185,128.86424222385799,114.20000000000002,99.53575777614205,-7.005715586623495,-6.9895437565151255,-0.016171830108369534
2024-06-06,1514,5784544,626729074,109.5,111.0,107.0,107.5,-1.0,4464,107.60000000000011,108.94999999999996,112.87500000000003,23.099415204678337,22.080453659401115,31.685067657017196,35.56722466407134,124.64731922774601,112.87500000000003,101.10268077225405,-6.766792258851538,-6.944993456982408,0.17820119813086954
2024-06-07,1514,27360775,3128924554,108.5,118.0,108.0,118.0,10.5,17812,109.80000000000011,109.69999999999996,112.35000000000002,49.41520467836255,32.35867446393771,67.4924011772964,50.4770095638592,122.0407172077183,112.35000000000002,102.65928279228174,-5.66488033813161,-6.688970833212248,1.024090495080638
2024-06-11,1514,57376525,7059900823,122.5,126.5,120.0,124.5,6.5,41324,113.20000000000012,110.89999999999995,112.45000000000002,68.97018970189698,47.1616031949794,76.41905050211611,57.095726832819274,122.58854032886254,112.45000000000002,102.3114596711375,-4.218483473315331,-6.194873361232864,1.9763898879175334
2024-06-12,1514,25253299,3044401068,125.0,126.5,118.0,118.5,-6.0,18689,115.40000000000012,111.64999999999995,112.35000000000002,83.73983739837395,67.3750772595446,58.97782433665344,50.39969576294928,122.20444062339268,112.35000000000002,102.49555937660736,-3.515825149333182,-5.659063718852928,2.1432385695197462
2024-06-13,1514,33253096,4121912194,119.0,127.0,117.5,124.0,5.5,23307,118.50000000000011,113.04999999999995,112.60000000000002,78.97793263646919,77.22931991224681,67.02611606677407,55.54626938838007,123.33126274023554,112.60000000000002,101.8687372597645,-2.486496546220863,-5.024550284326515,2.538053738105652
2024-06-14,1514,35343880,4695090706,127.0,136.0,127.0,136.0,12.0,23927,124.20000000000012,115.89999999999995,113.67500000000003,82.22996515679439,81.64924506387928,78.00864499093366,64.25979849683807,128.484709652791,113.67500000000003,98.86529034720904,-0.6944414122015701,-4.158528509901526,3.464087097699956
2024-06-17,1514,77063228,11030770556,140.5,148.0,138.0,139.0,3.0,51741,128.40000000000012,119.09999999999995,114.72500000000002,88.0091795754446,83.07235912290282,79.95582962896566,66.05136479662993,133.14910106355168,114.72500000000002,96.30089893644836,0.9568204895195436,-3.135458710017312,4.092279199536856
2024-06-18,1514,52123139,7403111551,141.0,146.0,136.0,144.0,5.0,36525,132.30000000000013,122.74999999999996,116.15000000000002,89.51905181702416,86.58606551642116,82.89990663882824,68.85367454840102,138.56896518575226,116.15000000000002,93.73103481424776,2.6385006633521044,-1.9806668353434285,4.619167498695533
2024-06-19,1514,42090995,6078763659,145.5,147.5,140.0,145.0,1.0,29416,137.6000000000001,126.49999999999996,117.80000000000003,87.08002742678026,88.20275293974977,83.46653933671256,69.39775335434504,143.3878877596407,117.80000000000003,92.21211224035935,4.005760051245403,-0.7833814580256622,4.789141509271065
2024-06-20,1514,53547806,8041771280,146.0,155.0,145.0,147.0,2.0,39166,142.2000000000001,130.34999999999997,119.65000000000002,88.63518422418264,88.4114211559958,84.65312701618075,70.5073951403339,147.92383949873042,119.65000000000002,91.37616050126962,5.190869143740201,0.41146866232751056,4.779400481412691
2024-06-21,1514,26974821,3987447390,147.5,151.0,145.5,147.0,0.0,19729,144.40000000000012,134.29999999999995,121.62500000000003,84.77610563339674,86.83043909478666,84.65312701618075,70.50739514033391,151.6897218513653,121.62500000000003,91.56027814863475,6.0602182145695735,1.5412185727759233,4.51899964179365
2024-06-24,1514,19481747,2778120337,146.5,148.0,139.5,140.5,-6.5,15792,144.7000000000001,136.54999999999995,123.12500000000003,74.32624113475175,82.57917699744382,64.25394312405663,62.029629505343905,153.8070387197455,123.12500000000003,92.44296128025455,6.153751324597465,2.4637251231402315,3.6900262014572336
2024-06-25,1514,34062539,4927893283,139.5,149.5,138.0,149.5,9.0,26940,145.80000000000013,139.04999999999995,124.97500000000002,75.11111111111109,78.07115262641997,74.26981298548705,67.80239753572368,157.2898185821917,124.97500000000002,92.66018141780833,6.874852748982903,3.345950648308766,3.528902100674137
2024-06-26,1514,28172818,4170835474,150.0,151.5,145.0,145.0,-4.5,20224,145.80000000000013,141.69999999999996,126.67500000000003,70.31746031746029,73.25160418777449,63.836001181464674,62.67181988046765,159.44430728593397,126.67500000000003,93.90569271406608,7.00249799317109,4.077260117281231,2.9252378758898594
2024-06-27,1514,40210147,6026218700,147.0,153.0,146.0,148.5,3.5,27898,146.1000000000001,144.14999999999995,128.60000000000002,71.80284043441934,72.41047062099703,67.92485527516061,64.89671328954392,161.74604048751468,128.60000000000002,95.45395951248538,7.301906683139947,4.722189430452974,2.579717252686973
2024-06-28,1514,16843139,2514302187,148.5,151.0,148.0,149.0,0.5,11676,146.5000000000001,145.44999999999996,130.675,66.16541353383455,69.42857142857152,68.5181012960577,65.21567795790654,163.47176051075738,130.675,97.87823948924265,7.493159569205119,5.276383458203403,2.2167761110017157
2024-07-01,1514,11284603,1665503813,150.0,151.0,145.0,145.5,-3.5,9875,147.5000000000001,146.09999999999997,132.60000000000002,59.4427244582043,65.80365947548619,59.52678157011848,61.0349121099943,164.10650726437257,132.60000000000002,101.09349273562748,7.278407162911975,5.6767881991451175,1.6016189637668576
2024-07-02,1514,14339053,2127155577,146.0,150.0,145.5,149.0,3.5,11018,147.40000000000012,146.59999999999997,134.675,59.08152734778118,61.563221779940136,64.90040272026998,63.55126190477057,164.728743527221,134.675,104.621256472779,7.306411321367079,6.00271282358951,1.3036984977775692
2024-07-03,1514,11022579,1637277245,149.5,150.5,147.0,147.0,-2.0,8840,147.80000000000013,146.79999999999995,136.65000000000003,56.274509803921525,58.26625386996913,59.622981776441776,61.12218719236743,164.40445910119564,136.65000000000003,108.89554089880443,7.085543795126853,6.219279017896978,0.8662647772298744
2024-07-04,1514,44323299,6817585569,150.0,158.0,148.5,154.5,7.5,32191,149.0000000000001,147.54999999999995,138.95000000000002,69.06862745098034,61.474888200894476,70.21808193188886,66.32087196478761,164.5310476720554,138.95000000000002,113.36895232794463,7.430043097415819,6.461431833800747,0.9686112636150721
2024-07-05,1514,28497303,4368950607,155.5,157.0,151.0,152.5,-2.0,23099,149.7000000000001,148.09999999999997,141.20000000000002,71.66666666666663,65.66993464052295,64.91835096334238,63.868252834076834,162.94948275246944,141.20000000000002,119.4505172475306,7.4557329428283765,6.660292055606273,0.7954408872221039
2024-07-08,1514,14131221,2112670347,152.0,154.0,147.5,147.5,-5.0,15110,150.1000000000001,148.79999999999995,142.675,58.07692307692304,66.2707390648568,53.20581891755809,58.08504371509409,161.77022191544194,142.675,123.5797780845581,6.992034298147843,6.726640504114586,0.26539379403325647
2024-07-09,1514,19271668,2891120453,148.5,153.0,147.0,149.5,2.0,15121,150.2000000000001,148.79999999999995,143.925,42.11538461538458,57.28632478632488,56.839729614558145,59.65859030303186,161.2924264069255,143.925,126.55757359307451,6.7086004962112895,6.723032502533927,-0.014432006322637747
2024-07-10,1514,60186241,9431892827,151.5,161.5,148.5,160.0,10.5,43008,152.80000000000013,150.29999999999995,146.00000000000003,48.25174825174821,49.48135198135208,70.75171033692794,66.72196504996997,160.38054240979665,146.00000000000003,131.6194575902034,7.247692526076264,6.8279645072423945,0.4197280188338697
2024-07-11,1514,50149549,8097271268,161.0,166.5,157.0,159.0,-1.0,43365,153.7000000000001,151.34999999999997,147.75000000000003,63.54691819808095,51.304683688404715,68.30536851597321,65.54491330421394,159.21952483758415,147.75000000000003,136.2804751624159,7.507691210146248,6.963909847823166,0.5437813623230827
2024-07-12,1514,29720705,4758863606,160.0,163.0,157.0,158.0,-1.0,22005,154.80000000000013,152.24999999999994,148.85000000000002,71.84972650088925,61.21613098357293,65.65682645853832,64.32289698183007,159.80947079014183,148.85000000000002,137.89052920985822,7.546064068490011,7.080340691956534,0.46572337653347695
2024-07-15,1514,21332385,3391062540,158.0,163.0,154.0,158.5,0.5,16013,157.0000000000001,153.54999999999995,149.82500000000002,61.20481585597861,65.53382018498307,66.41644489515261,64.67750138007868,160.5733719697435,149.82500000000002,139.07662803025653,7.530019281511585,7.170276409867545,0.3597428716440403
2024-07-16,1514,14840643,2337443619,159.5,161.0,154.5,158.0,-0.5,12144,158.7000000000001,154.44999999999996,150.52500000000003,58.302808302808266,63.78578355322551,64.74569006220962,63.992536126900525,161.48618150565662,150.52500000000003,139.56381849434345,7.3917503540326095,7.214571198700558,0.17717915533205186
2024-07-17,1514,11255631,1780296478,157.5,160.5,156.0,158.0,0.0,8810,158.30000000000013,155.54999999999995,151.175,57.264957264957225,58.92419380791483,64.74569006220963,63.992536126900525,162.28929260006987,151.175,140.06070739993015,7.1991835264746555,7.211493664255377,-0.01231013778072132
2024-07-18,1514,11063300,1730949007,156.0,159.5,154.5,155.5,-2.5,8742,157.6000000000001,155.64999999999995,151.60000000000002,52.1367521367521,55.901505901506,55.28155489392448,60.289994718947035,162.69324118551268,151.60000000000002,140.50675881448737,6.766839903442332,7.122562912092768,-0.35572300865043616
2024-07-19,1514,16047547,2531301048,156.0,161.0,156.0,156.0,0.5,14369,157.2000000000001,155.99999999999994,152.05,48.71794871794868,52.7065527065528,56.75647318713174,60.77876694992028,163.09038042822667,152.05,141.00961957177336,6.390880199887761,6.976226369651767,-0.5853461697640059
2024-07-22,1514,19775826,3042134062,158.0,160.0,148.0,148.0,-8.0,16236,155.1000000000001,156.04999999999995,152.425,29.91452991452988,43.589743589743684,35.12875203348385,50.143954689743474,162.3208324561384,152.425,142.52916754386163,5.38531769482492,6.658044634686397,-1.2727269398614771
2024-07-23,1514,14146530,2155331635,150.5,154.5,149.0,154.0,6.0,10055,154.30000000000013,156.49999999999994,152.65000000000003,26.195426195426162,34.94263494263504,51.350055887225245,56.31745933325922,162.47395032560485,152.65000000000003,142.82604967439522,5.014745160148038,6.3293847397787255,-1.3146395796306871
2024-07-26,1514,9277965,1402330113,147.0,155.0,146.5,152.0,-2.0,8342,153.1000000000001,155.69999999999996,153.00000000000003,21.921921921921882,26.01062601062611,46.7991580948337,53.92065521458288,162.1869472622828,153.00000000000003,143.81305273771724,4.507718300670177,5.965051451957016,-1.4573331512868384
2024-07-29,1514,18882887,2709812944,153.5,154.0,138.0,139.5,-12.5,14713,149.90000000000012,153.74999999999994,152.55,23.921921921921882,24.013090013090107,28.428186537973378,41.914187857348104,163.3198653659169,152.55,141.7801346340831,3.0619540284220363,5.38443196725002,-2.3224779388279835
2024-07-30,1514,12268481,1729034362,138.5,144.0,137.0,143.5,4.0,8826,147.40000000000012,152.29999999999995,152.27500000000003,22.138888888888847,22.660910910911,37.576461981850144,46.05376415857435,163.65689351557742,152.27500000000003,140.89310648442265,2.2134269885874858,4.750230971517513,-2.536803982930027
2024-07-31,1514,7247876,1013961699,143.0,144.0,138.0,138.0,-5.5,6538,145.40000000000012,150.24999999999994,151.90000000000003,12.416666666666627,19.492492492492584,31.182651738962736,41.657659040075636,164.57122724916337,151.90000000000003,139.2287727508367,1.0846559233200992,4.01711596187803,-2.932460038557931
2024-08-01,1514,6086824,843458472,139.5,141.0,137.0,137.0,-1.0,5068,142.0000000000001,148.14999999999995,151.3,10.416666666666627,14.990740740740833,30.09637097752958,40.89333510258374,165.5070405081418,151.3,137.0929594918582,0.1081582975599531,3.2353244290144145,-3.1271661314544614
2024-08-02,1514,8469939,1115119324,134.0,136.0,129.0,129.0,-8.0,6794,137.40000000000012,145.24999999999994,150.40000000000003,1.3888888888888478,8.074074074074167,22.711901287389548,35.31153957127632,167.55692280101368,150.40000000000003,133.24307719898638,-1.2963131562129036,2.328996911968951,-3.6253100681818546
2024-08-05,1514,13988195,1667629238,122.0,122.5,116.5,118.0,-11.0,9449,133.1000000000001,141.49999999999994,148.57500000000002,1.1494252873562807,4.318326947637384,16.297292988395732,29.374394088847396,170.65728928349503,148.57500000000002,126.492710716505,-3.259402606818867,1.2113170082113875,-4.470719615030254
2024-08-06,1514,16857743,1998213317,121.5,124.0,111.5,120.0,2.0,12311,128.40000000000012,137.89999999999995,146.95000000000002,7.662835249042105,3.4003831417625427,21.028491637160112,31.625405996062145,172.19460338369302,146.95000000000002,121.70539661630701,-4.6007473033697295,0.04890414589516423,-4.649651449264894
2024-08-07,1514,12940698,1599833849,120.5,126.0,118.5,125.0,5.0,9199,125.80000000000011,135.59999999999997,145.82500000000002,18.007662835249004,8.939974457215927,32.20522082860479,37.02897910579511,172.81624858171568,145.82500000000002,118.83375141828436,-5.200367822851263,-1.0009502478541212,-4.199417574997142
2024-08-08,1514,8389184,998613648,121.0,123.5,116.5,117.5,-7.5,6576,121.90000000000012,131.94999999999996,144.22500000000002,21.564119900833855,15.74487266170845,25.81218530071591,32.83694370033124,173.82309960115612,144.22500000000002,114.62690039884393,-6.209183126458157,-2.0425968235749288,-4.166586302883228
2024-08-09,1514,21379937,2675852822,120.5,129.0,120.0,124.5,7.0,15145,121.00000000000011,129.19999999999996,142.45000000000002,28.384043272481364,22.65194200285487,38.998037657748554,39.69864394681852,172.30782979387422,142.45000000000002,112.59217020612581,-6.370401006760318,-2.9081576602120065,-3.4622433465483113
2024-08-12,1514,17767792,2331370836,125.5,136.0,125.5,133.5,9.0,15614,124.10000000000011,128.59999999999997,141.175,40.603318250377036,30.183827141230882,51.83817862557103,47.17168250782905,170.26498968717556,141.175,112.08501031282448,-5.706165431421425,-3.4677592144538902,-2.238406216967535
2024-08-13,1514,17053594,2211609376,129.5,134.0,125.5,134.0,0.5,13244,126.90000000000012,127.64999999999995,139.97500000000002,61.321164710995184,43.43617541128466,52.486392431822345,47.56049561892926,168.1556227752327,139.97500000000002,111.79437722476735,-5.080839377450246,-3.7903752470531615,-1.2904641303970847
2024-08-14,1514,15523086,2060401934,136.0,137.0,129.5,134.5,0.5,12648,128.80000000000013,127.29999999999995,138.77500000000003,78.05319085478602,59.99255793871955,53.220929557814735,47.97286717196536,165.7147011861668,138.77500000000003,111.83529881383329,-4.493124214054603,-3.9309250404534497,-0.5621991736011536
2024-08-15,1514,13773586,1813156819,133.5,135.5,129.0,129.0,-5.5,9325,131.1000000000001,126.49999999999996,137.32500000000002,78.36490528414753,72.57975361664303,44.4100971077681,43.88476909731994,163.06460955414792,137.32500000000002,111.58539044585211,-4.420206359951976,-4.028781304353155,-0.39142505559882146
2024-08-16,1514,10572170,1396366711,132.0,134.5,129.5,129.5,0.5,6857,132.1000000000001,126.54999999999995,135.90000000000003,76.47058823529407,77.629561458076,45.36933229185626,44.34905995654949,160.00726031717335,135.90000000000003,111.7927396828267,-4.2728182251427995,-4.077588688511083,-0.19522953663171627
2024-08-19,1514,5131407,661215564,131.0,131.5,128.0,128.5,-1.0,4295,131.1000000000001,127.59999999999995,134.55,65.91742388012112,73.58430579985436,43.61332945948871,43.57256755511054,157.0886334989497,134.55,112.01136650105035,-4.188422185333394,-4.099755387875545,-0.088666797457849
2024-08-20,1514,7758376,1017911696,129.5,133.5,129.0,130.5,2.0,5727,130.40000000000012,128.64999999999995,133.27500000000003,65.80583452893349,69.39794888144968,48.283855027080484,45.62316947947514,153.59118812671204,133.27500000000003,112.95881187328803,-3.9150244654219364,-4.062809203384823,0.14778473796288694
2024-08-21,1514,24823376,3396406275,131.0,141.0,129.5,138.5,8.0,17255,131.2000000000001,129.99999999999994,132.8,71.64150212930697,67.7882535127873,62.701335338956135,52.98333478036458,152.13752828052162,132.8,113.4624717194784,-3.018031671013574,-3.8538536969105737,0.8358220258969995
2024-08-22,1514,40122640,5731940560,140.5,148.5,138.5,139.0,0.5,29575,133.2000000000001,132.14999999999995,132.05,71.6945243986601,69.71395368563363,63.44442907580137,53.407809187758524,149.06440566108546,132.05,115.03559433891458,-2.2409799754399273,-3.5312789526164443,1.290298977176517
2024-08-23,1514,12381196,1714487373,137.0,141.5,135.0,141.5,2.5,8934,135.6000000000001,133.84999999999997,131.52500000000003,72.11870255348512,71.81824302715084,67.25046002106565,55.56780137275283,146.5798165050242,131.52500000000003,116.47018349497586,-1.407210356680622,-3.10646523342928,1.699254876748658
2024-08-26,1514,7386565,1026296970,142.0,142.5,136.5,136.5,-5.0,5785,137.2000000000001,134.14999999999995,131.37500000000003,56.57476139978787,66.79599611731113,54.10604364651546,50.52301282186834,146.16646713480318,131.37500000000003,116.58353286519686,-1.1367958649839522,-2.7125313597402143,1.575735494756262
2024-08-27,1514,5165531,710780845,137.0,139.0,135.5,138.0,1.5,4276,138.7000000000001,134.54999999999995,131.10000000000002,53.269706610109544,60.654390187794284,57.04458629842022,51.93286610327266,145.1662717164129,131.10000000000002,117.03372828358714,-0.7923196009482751,-2.3284890079818266,1.5361694070335514
2024-08-28,1514,3854554,524997665,138.0,138.5,135.0,136.0,-2.0,3607,138.2000000000001,134.69999999999996,131.00000000000003,43.08943089430891,50.97796630140221,51.877550304480636,49.89150110367345,144.89604260212104,131.00000000000003,117.10395739787901,-0.6729456664365898,-1.9973803396727792,1.3244346732361894
2024-08-29,1514,3908152,533456978,136.0,138.0,135.5,136.0,0.0,2997,137.6000000000001,135.39999999999995,130.95000000000002,42.27642276422761,46.211853422882136,51.87755030448062,49.89150110367345,144.7662947276023,130.95000000000002,117.13370527239775,-0.5717501830848732,-1.712254308355198,1.1405041252703247
2024-08-30,1514,3389462,456928340,136.5,137.5,133.0,133.0,-3.0,3017,135.90000000000012,135.74999999999994,131.15000000000003,32.85386700020843,39.40657355291509,43.78103856474247,46.69820503473499,144.96339929199019,131.15000000000003,117.33660070800988,-0.725266540195804,-1.5148567547233192,0.7895902145275151
2024-09-02,1514,11327745,1569978398,134.0,142.0,134.0,136.0,3.0,8622,135.80000000000013,136.49999999999994,132.05,31.24924569083744,35.45984515175793,52.440696969953585,50.13529243115813,144.60746789762862,132.05,119.4925321023714,-0.5979615032861716,-1.3314777044358896,0.733516201149718
2024-09-03,1514,5008385,678366173,137.0,139.0,133.0,133.0,-3.0,5409,134.80000000000013,136.74999999999994,132.70000000000002,18.241115609536628,27.44807610019427,44.45231043852927,46.879782585102205,143.97563745426265,132.70000000000002,121.42436254573738,-0.7307229529633901,-1.2113267541413897,0.4806038011779996
2024-09-04,1514,7359441,917152064,124.5,127.0,121.0,123.5,-9.5,8309,132.30000000000013,135.24999999999994,132.62500000000003,15.279477764177853,21.589946354850742,28.444355485787113,38.380646540004385,144.12228228756504,132.62500000000003,121.12771771243501,-1.5842457645001105,-1.2859105562131339,-0.29833520828697657
2024-09-05,1514,3720395,463253352,127.0,128.0,121.0,121.5,-2.0,3421,129.40000000000012,133.49999999999994,132.82500000000002,4.651162790697641,12.72391872147081,26.13291580732161,36.86534666284954,143.36195876427198,132.82500000000002,122.28804123572807,-2.394450294741091,-1.5076185039187253,-0.8868317908223657
2024-09-06,1514,3389715,419545665,123.0,126.0,122.0,122.5,1.0,4316,127.30000000000011,131.59999999999997,132.72500000000002,7.032115171650022,8.987585242175275,29.475947696472176,38.1795813667328,143.60835885652799,132.72500000000002,121.84164114347206,-2.92216666122917,-1.7905281353808142,-1.1316385258483557
2024-09-09,1514,5072492,609093477,120.0,122.5,117.5,120.5,0.0,3797,124.20000000000012,129.99999999999994,132.07500000000002,7.237778832463185,6.307018931603719,26.660575200633087,36.54124471647612,144.17985439813168,132.07500000000002,119.97014560186835,-3.4618627698881426,-2.12479506228228,-1.3370677076058626
2024-09-10,1514,4149020,488414505,123.0,123.0,113.5,115.0,-5.5,3763,120.60000000000011,127.69999999999996,131.12500000000003,8.216970998925854,7.4956216676797895,20.407018102531868,32.42106096870387,145.28436086128042,131.12500000000003,116.96563913871962,-4.283996612627931,-2.55663537235141,-1.7273612402765206
2024-09-11,1514,4100259,465750735,116.0,116.5,112.5,112.5,-2.5,3456,118.40000000000012,125.34999999999995,130.02500000000003,5.8360186179734725,7.096922816454273,18.149430019686534,30.725201020464432,146.2344879623002,130.02500000000003,113.81551203769988,-5.0787282944026515,-3.0610539567616586,-2.017674337640993
2024-09-12,1514,3667546,427676303,115.0,119.0,114.0,118.5,6.0,3070,117.80000000000011,123.59999999999995,129.50000000000003,8.534046981861401,7.529012199587012,37.50712663606332,38.97538667869117,146.47056274847588,129.50000000000003,112.52943725152417,-5.16487159728139,-3.481817484865605,-1.6830541124157854
2024-09-13,1514,2439035,285916651,119.0,120.0,115.5,117.0,-1.5,2298,116.70000000000012,121.99999999999996,128.87500000000003,12.440038375439686,8.936701325091622,35.08685969059635,37.76451789156279,146.69879028152982,128.87500000000003,111.05120971847022,-5.293161973072088,-3.8440863825069016,-1.4490755905651866
2024-09-16,1514,1850147,217871119,117.5,118.5,116.5,118.0,1.0,1700,116.20000000000012,120.19999999999996,128.35000000000002,24.267995364687,15.08069357399613,38.189063514621836,39.12238633769128,146.79478246008782,128.35000000000002,109.90521753991221,-5.253581361818959,-4.125985378369313,-1.1275959834496465
2024-09-18,1514,12124104,1515517779,118.0,128.5,118.0,126.5,8.5,9064,118.50000000000011,119.54999999999995,128.15000000000003,46.65500101440451,27.7876782515105,58.06352430019196,49.25684807517449,146.58393609623172,128.15000000000003,109.71606390376833,-4.484638360275113,-4.197715974750473,-0.28692238552464033
2024-09-19,1514,9655870,1218738107,125.5,128.5,124.5,125.5,-1.0,8914,121.10000000000011,119.74999999999996,127.50000000000003,68.07795698924728,46.33365112277969,55.60934832301878,48.239403515647396,145.3353581405018,127.50000000000003,109.66464185949827,-3.91085522960374,-4.140343825721127,0.22948859611738648
2024-09-20,1514,6050345,764959867,128.0,130.0,124.5,125.5,0.0,4308,122.50000000000011,120.14999999999995,126.82500000000002,81.01190476190472,65.24828758851893,55.60934832301878,48.23940351564739,143.87280044463137,126.82500000000002,109.77719955536865,-3.4167418909910623,-3.9956234387751137,0.5788815477840514
2024-09-23,1514,8957713,1150841612,126.5,130.5,126.0,127.0,1.5,6778,124.50000000000011,120.59999999999995,126.10000000000002,78.6970899470899,75.92898389941406,59.135741772880436,50.03484797349673,141.7671631127005,126.10000000000002,110.43283688729954,-2.8710207067105813,-3.7707028923622072,0.8996821856516259
2024-09-24,1514,4344228,542947817,128.0,128.0,123.0,125.0,-2.0,4120,125.90000000000012,121.04999999999995,125.52500000000002,74.76190476190472,78.15696649029987,52.63184864730511,47.66096683226799,140.449727803212,125.52500000000002,110.60027219678804,-2.5702873491494103,-3.530619783719648,0.9603324345702378
2024-09-25,1514,3370566,420986118,125.5,126.5,123.5,125.0,0.0,2869,125.60000000000011,122.04999999999995,124.87500000000003,72.22222222222219,75.22707231040569,52.63184864730511,47.66096683226799,138.6585953219746,124.87500000000003,111.09140467802546,-2.305379022294929,-3.285571631434704,0.9801926091397752
2024-09-26,1514,6095347,775177900,128.0,130.0,124.5,125.0,0.0,5050,125.50000000000011,123.29999999999995,124.32500000000002,66.48148148148144,71.15520282186954,52.63184864730513,47.660966832267995,137.13232212447141,124.32500000000002,111.51767787552862,-2.071557637753159,-3.0427688326983953,0.9712111949452362
2024-09-27,1514,3810408,482970565,126.5,129.0,125.5,125.5,0.5,3189,125.50000000000011,123.99999999999996,123.80000000000003,64.76190476190472,67.8218694885362,54.61351385977351,48.425012947923534,135.45933102712016,123.80000000000003,112.14066897287991,-1.824870710972533,-2.799189208353223,0.9743184973806898
2024-09-30,1514,5218707,651347668,127.0,129.0,122.0,122.0,-3.5,4684,124.50000000000011,124.49999999999996,123.25000000000003,53.20634920634917,61.48324514991185,40.70605713427341,43.62430664960359,134.13347371017,123.25000000000003,112.36652628983006,-1.8900035095236376,-2.617352068587306,0.7273485590636684
2024-10-01,1514,3029339,373404843,123.0,124.5,121.5,124.0,2.0,2468,124.30000000000011,125.09999999999995,122.65000000000002,41.35449735449731,53.10758377425048,49.311373840327064,46.865877645381644,131.84836942071647,122.65000000000002,113.45163057928357,-1.7599508188212383,-2.4458718186340924,0.6859209998128541
2024-10-04,1514,3582872,430510159,124.5,125.0,118.0,119.5,-4.5,3540,123.20000000000012,124.39999999999995,121.97500000000002,23.925925925925885,39.4955908289242,35.707892746867884,41.134754355254124,129.93411427232752,121.97500000000002,114.01588572767254,-1.9969756244666996,-2.356092579800614,0.3591169553339144
2024-10-07,1514,3664712,453358910,121.0,125.5,120.5,124.0,4.5,2998,123.00000000000011,124.24999999999996,122.00000000000003,29.25925925925922,31.51322751322755,51.36192222965064,47.98486254541791,129.98122797569152,122.00000000000003,114.01877202430852,-1.800946903824638,-2.2450634446054187,0.4441165407807808
2024-10-08,1514,2097223,253724906,122.5,123.0,119.5,121.0,-3.0,2196,122.10000000000011,123.79999999999995,121.97500000000002,28.333333333333297,27.17283950617288,43.18393811976258,44.28497677724274,129.9654630654279,121.97500000000002,113.98453693457215,-1.86615577621248,-2.169281910926831,0.303126134714351
2024-10-09,1514,2683123,320513183,122.0,123.5,118.0,118.0,-3.0,2501,121.30000000000011,122.89999999999995,121.75000000000003,24.333333333333297,27.30864197530869,36.41879018648925,40.889645967633534,129.92006731918144,121.75000000000003,113.5799326808186,-2.1352948554199145,-2.1624844998254478,0.027189644405533286
2024-10-11,1514,2051763,240190275,119.0,119.0,115.5,115.5,-2.5,2297,119.60000000000011,121.94999999999996,121.50000000000003,8.333333333333295,20.33333333333338,31.60510355920779,38.25729739614944,130.10232526704013,121.50000000000003,112.89767473295994,-2.5212551612899006,-2.2342386321183385,-0.28701652917156206
2024-10-14,1514,3253948,384745078,117.0,120.0,116.5,118.5,3.0,3750,119.40000000000012,121.29999999999995,121.67500000000003,7.407407407407369,13.35802469135807,42.28504137083119,42.99944492992398,129.87423776944937,121.67500000000003,113.47576223055069,-2.55559722245539,-2.2985103501857487,-0.2570868722696411
2024-10-15,1514,2069753,241880959,119.0,119.0,116.0,116.0,-2.5,2867,117.80000000000011,120.39999999999995,121.85000000000002,8.641975308641937,8.12757201646095,36.7117064380408,40.22671582852769,129.3806042254233,121.85000000000002,114.31939577457676,-2.752809980092664,-2.389370276167132,-0.36343970392553215
2024-10-16,1514,2395439,277287566,115.5,118.0,114.5,115.5,-0.5,2594,116.70000000000012,119.39999999999995,121.70000000000002,11.672278338944968,9.240553684998176,35.616352168547884,39.67567523035167,129.60189850605323,121.70000000000002,113.7981014939468,-2.9158363858758065,-2.4946634981088667,-0.42117288776693984
2024-10-17,1514,1748372,203676957,115.5,118.0,115.0,116.0,0.5,1940,116.30000000000011,118.79999999999995,121.65000000000002,8.810325476992107,9.708193041526421,37.78212064241342,40.55264821588669,129.6818117507799,121.65000000000002,113.61818824922014,-2.9704486823056158,-2.5898205349482164,-0.38062814735739936
2024-10-18,1514,1771178,204070982,116.5,116.5,114.0,114.5,-1.5,2175,116.10000000000011,117.84999999999995,121.47500000000002,9.025032938076379,9.835878918004568,33.80240457723273,38.7334266176047,129.9571872179271,121.47500000000002,112.99281278207293,-3.099042946661669,-2.691665017290907,-0.407377929370762
2024-10-21,1514,2147624,249927561,114.5,117.5,114.5,116.0,1.5,2017,115.60000000000011,117.49999999999996,120.95000000000002,13.01227376742247,10.282544060830402,41.04706418650993,41.55690380051171,129.42289796940645,120.95000000000002,112.47710203059358,-3.044818590283498,-2.762295731889425,-0.2825228583940729
2024-10-22,1514,2716846,309186973,115.5,116.0,112.5,113.5,-2.5,2837,115.10000000000011,116.44999999999996,120.35000000000002,11.497122252270955,11.178142985923351,33.84487911412872,38.3820597222997,129.14261053384993,120.35000000000002,111.5573894661501,-3.167066532263192,-2.843249891964178,-0.3238166402990137
2024-10-23,1514,9753737,1162217797,114.0,121.0,114.0,120.5,7.0,7955,116.10000000000011,116.39999999999995,120.10000000000002,41.42039590955995,21.97659730975121,57.94801320967304,49.91909242403553,128.57112743381694,120.10000000000002,111.6288725661831,-2.6683483496858713,-2.8082695835085167,0.13992123382264543
2024-10-24,1514,4436458,519808099,120.0,121.0,115.0,115.5,-5.0,5906,116.00000000000011,116.14999999999995,119.52500000000002,46.16755793226377,33.02835869803164,44.451651612422594,43.634544515608724,127.5964001263703,119.52500000000002,111.45359987362974,-2.6460666015163525,-2.775828987110084,0.12976238559373154
2024-10-25,1514,2686957,311740389,116.5,118.0,115.0,115.0,-0.5,2152,116.10000000000011,116.09999999999995,119.02500000000002,52.94117647058818,46.84304343747072,43.27575379056401,43.050865697663156,126.91470848637444,119.02500000000002,111.1352915136256,-2.6383408261525716,-2.7483313549185815,0.1099905287660099
2024-10-28,1514,3957339,451269012,117.0,118.0,112.5,113.0,-2.0,3867,115.50000000000011,115.54999999999995,118.42500000000003,23.52941176470583,40.87938205585268,38.520434892955386,40.70534331018838,126.23060695910121,118.42500000000003,110.61939304089884,-2.7617654656692423,-2.7510181770687137,-0.010747288600528648
2024-10-29,1514,2066087,230078711,113.0,113.5,110.5,111.5,-1.5,2348,115.10000000000011,115.09999999999995,117.75000000000003,14.939309056956068,30.46996576408344,35.141616899922184,38.98959959953975,125.49919350642115,117.75000000000003,110.0008064935789,-2.9466506907530317,-2.7901446798055773,-0.1565060109474543
2024-10-30,1514,1492582,167444585,112.5,113.0,111.5,112.0,0.5,1458,113.40000000000012,114.74999999999996,117.07500000000002,9.897292250233379,16.122004357298504,37.281046283839395,39.89898139268288,124.3432528849766,117.07500000000002,109.80674711502344,-3.018037682590716,-2.835723280362605,-0.18231440222811113
2024-11-01,1514,1646307,184260977,110.0,113.0,109.0,113.0,1.0,1486,112.90000000000012,114.44999999999996,116.62500000000003,19.047619047619,14.628073451602896,41.76338572796046,41.76843845647109,123.73045565041114,116.62500000000003,109.51954434958891,-2.9598019903542507,-2.860539022360934,-0.09926296799331658
2024-11-04,1514,1137826,127334710,112.5,113.5,111.0,112.0,-1.0,1221,112.30000000000011,114.19999999999996,116.02500000000002,24.20634920634916,17.717086834733927,38.549219616731996,40.41463081308695,122.54017459474156,116.02500000000002,109.50982540525848,-2.960217878313088,-2.880474793551365,-0.0797430847617231
2024-11-05,1514,3490393,395266698,112.0,115.0,112.0,112.5,0.5,2964,112.20000000000012,113.84999999999995,115.67500000000003,29.166666666666618,24.140211640211675,41.189466458517266,41.43672002116272,122.15786202228365,115.67500000000003,109.1921379777164,-2.8869229998955035,-2.8817644348201927,-0.0051585650753107615
2024-11-06,1514,984587,110991170,113.0,114.0,112.0,112.0,-0.5,1185,112.30000000000011,113.69999999999996,115.07500000000002,26.38888888888884,26.58730158730162,39.223352744077374,40.685149448530424,120.49971197391865,115.07500000000002,109.65028802608138,-2.8364848700823586,-2.872708521872626,0.03622365179026721
2024-11-07,1514,4227581,489742594,113.5,118.0,113.0,116.5,4.5,3792,113.20000000000012,113.29999999999995,114.85000000000002,45.833333333333286,33.796296296296326,59.51464534073854,49.55349613399669,119.60499737118452,114.85000000000002,110.09500262881552,-2.405668843931508,-2.7793005862844025,0.3736317423528943
2024-11-08,1514,2595879,301178468,117.0,117.5,114.0,114.0,-2.5,2786,113.40000000000012,113.14999999999995,114.65000000000002,54.629629629629584,42.283950617283985,48.92707091473391,45.48477907494374,119.18982378512335,114.65000000000002,110.11017621487669,-2.240150090178787,-2.6714704870632793,0.4313203968844923
2024-11-11,1514,2024949,231645120,113.5,116.0,112.5,114.0,0.0,1761,113.80000000000011,113.04999999999995,114.57500000000002,64.81481481481477,55.09259259259263,48.92707091473392,45.484779074943745,119.10572841825325,114.57500000000002,110.04427158174678,-2.0849413789459703,-2.5541646654398176,0.46922328649384726
2024-11-12,1514,1468700,164907647,113.0,114.0,111.5,112.5,-1.5,1517,113.80000000000011,112.99999999999996,114.27500000000002,49.99999999999994,56.48148148148152,42.72047428064077,43.02645372783521,118.51144898470088,114.27500000000002,110.03855101529916,-2.0592372162542176,-2.4551791756026975,0.39594195934847987
2024-11-13,1514,1999839,226874868,114.0,114.5,112.0,114.0,1.5,1502,114.20000000000012,113.24999999999996,114.17500000000003,49.99999999999994,54.9382716049383,50.10478544212332,46.160183364829585,118.33763137930363,114.17500000000003,110.01236862069642,-1.8959734168090705,-2.3433380238439723,0.4473646070349018
2024-11-14,1514,3868315,426739257,113.0,115.0,108.0,108.5,-5.5,4055,112.60000000000011,112.89999999999995,113.82500000000002,33.14814814814809,44.382716049382736,32.294857347215476,37.923493346413586,118.61326690985123,113.82500000000002,109.0367330901488,-2.1852000877074857,-2.311710436616675,0.12651034890918922
2024-11-15,1514,2405521,266910325,109.0,113.0,109.0,110.0,1.5,2183,111.80000000000011,112.59999999999995,113.52500000000002,26.85185185185179,36.666666666666686,39.174188706363736,41.014796058343514,118.47954336947053,113.52500000000002,108.5704566305295,-2.267241495531522,-2.302816648399644,0.035575152868122295
2024-11-18,1514,2067886,221352649,109.5,109.5,106.0,106.0,-4.0,2311,110.20000000000012,111.99999999999996,113.10000000000002,8.333333333333272,22.777777777777796,29.765102037993152,35.8831340015917,119.01269819963467,113.10000000000002,107.18730180036538,-2.6247697609716454,-2.3672072709140446,-0.2575624900576008
2024-11-19,1514,1512993,164217093,107.5,110.0,106.5,110.0,4.0,1462,109.70000000000012,111.74999999999996,112.80000000000003,17.777777777777718,17.65432098765434,45.13828033495254,43.49651262683069,118.70254182534674,112.80000000000003,106.89745817465331,-2.5558842736558347,-2.4049426714624027,-0.150941602193432
2024-11-20,1514,1811944,194793849,110.0,110.0,106.5,107.5,-2.5,1663,108.40000000000012,111.29999999999995,112.50000000000003,15.458937198067572,13.856682769726268,38.92567620524702,40.2774336348676,118.82455532033333,112.50000000000003,106.17544467966673,-2.6722174756316974,-2.4583976322962617,-0.2138198433354357
2024-11-21,1514,998523,107744924,107.5,109.0,107.0,107.5,0.0,1062,108.20000000000012,110.39999999999995,111.85000000000002,20.45893719806757,17.8985507246377,38.92567620524702,40.2774336348676,117.37358579185417,111.85000000000002,106.32641420814588,-2.7329091013890547,-2.5132999261148203,-0.2196091752742344
2024-11-22,1514,1466572,160582780,108.5,110.5,108.5,109.5,2.0,1336,108.10000000000011,109.94999999999996,111.55000000000003,22.310789049919425,19.40955448201827,46.885848785061796,44.114800777885996,116.89696175411491,111.55000000000003,106.20303824588514,-2.5897710976218775,-2.528594160416232,-0.061176937205645654
2024-11-25,1514,3086246,349401528,111.5,114.5,111.0,114.5,5.0,3037,109.80000000000011,109.99999999999996,111.52500000000002,49.44444444444438,30.738056897477207,61.51556079499427,52.35660484002705,116.81153951086776,111.52500000000002,106.23846048913228,-2.0492524781732584,-2.4327258239676373,0.38347334579437886
2024-11-26,1514,2197171,252566009,114.0,116.5,113.0,114.0,-0.5,1890,110.60000000000011,110.14999999999995,111.57500000000002,69.84126984126978,47.198834445211276,59.60033055885913,51.53806787183179,116.93480410089511,111.57500000000002,106.21519589910493,-1.6423019646089898,-2.274641052095908,0.6323390874869181
2024-11-27,1514,1457430,165725229,115.0,115.0,113.0,113.0,-1.0,1256,111.70000000000012,110.04999999999995,111.65000000000002,79.10052910052904,66.12874779541448,55.56383048406507,49.8591615201933,117.04536838408319,111.65000000000002,106.25463161591685,-1.3845224800260496,-2.0966173376819364,0.7120948576558868
2024-11-28,1514,2038741,223833691,113.5,113.5,107.5,109.5,-3.5,2645,112.10000000000011,110.14999999999995,111.52500000000002,58.73015873015867,69.22398589065259,43.52661523204281,44.40662219601237,116.99743090408329,111.52500000000002,106.05256909591675,-1.4459827416203126,-1.9664904184696117,0.5205076768492991
2024-11-29,1514,1155229,125252021,109.0,109.5,107.5,109.0,-0.5,1100,112.00000000000011,110.04999999999995,111.32500000000002,41.66666666666661,59.832451499118186,42.00979820878698,43.67186771249851,116.85921177765844,111.32500000000002,105.79078822234159,-1.5175429723095988,-1.8767009292376091,0.35915795692801034
2024-12-02,1514,1375313,151108147,110.0,111.5,108.5,110.0,1.0,1198,111.10000000000011,110.44999999999996,111.22500000000002,31.111111111111047,43.83597883597886,46.37052268323442,45.61019317372649,116.7790525744698,111.22500000000002,105.67094742553024,-1.4765426633361471,-1.7966692760573166,0.3201266127211695
2024-12-03,1514,2408693,273679153,112.5,115.5,111.5,113.0,3.0,2266,110.90000000000012,110.74999999999996,111.25000000000003,41.052631578947306,37.94346978557507,57.544464278843336,51.05199005019203,116.83121850494723,111.25000000000003,105.66878149505283,-1.1882769778060975,-1.6749908164070728,0.4867138386009753
2024-12-04,1514,1090366,122353088,112.5,113.5,111.5,112.0,-1.0,1586,110.70000000000012,111.19999999999996,111.25000000000003,49.385964912280635,40.51656920077974,53.23130514072522,49.2819774224344,116.83121850494723,111.25000000000003,105.66878149505283,-1.028658255777657,-1.5457243042811897,0.5170660485035328
2024-12-05,1514,1698978,189457220,112.5,114.0,110.0,110.0,-2.0,1698,110.80000000000011,111.44999999999996,110.92500000000003,46.97855750487323,45.805717998700466,45.30742191350426,45.857540828965085,115.97747464119986,110.92500000000003,105.87252535880019,-1.0514224108177217,-1.446863925588496,0.3954415147707744
2024-12-06,1514,2695440,299929115,111.0,113.5,109.0,110.0,0.0,2361,111.00000000000011,111.49999999999996,110.72500000000002,35.18518518518511,43.84990253411306,45.30742191350426,45.85754082896509,115.5878695232304,110.72500000000002,105.86213047676965,-1.0572755532472087,-1.3689462511202386,0.3116706978730299
2024-12-09,1514,1260830,137296697,110.5,110.5,107.5,109.5,-0.5,1390,110.90000000000012,110.99999999999996,110.50000000000003,26.85185185185178,36.33853151397012,43.12311019133145,44.951895015062874,115.14758001544564,110.50000000000003,105.85241998455442,-1.089698664230454,-1.3130967337422816,0.2233980695118276
2024-12-10,1514,1495682,161875697,109.5,110.5,107.0,107.0,-2.5,1579,109.70000000000012,110.29999999999995,110.22500000000002,17.59259259259252,26.543209876543212,33.65757997528844,40.63112493478964,115.01535489290364,110.22500000000002,105.4346451070964,-1.3021133675451892,-1.3109000605028631,0.00878669295767387
2024-12-11,1514,1857360,196175631,106.0,107.0,105.0,105.5,-1.5,1908,108.40000000000012,109.54999999999995,109.80000000000003,9.92063492063485,18.121693121693124,29.174859281112298,38.255164729985076,114.68262224628943,109.80000000000003,104.91737775371062,-1.5733543645291377,-1.3633909213081181,-0.20996344322101956
2024-12-12,1514,2535003,264647383,106.5,107.5,102.5,103.0,-2.5,2645,107.00000000000011,108.89999999999995,109.52500000000002,2.8693528693527988,10.127526794193463,23.173540196486986,34.62138811829602,115.22127070985685,109.52500000000002,103.82872929014319,-1.967365352313962,-1.4841858075092869,-0.4831795448046752
2024-12-13,1514,2747122,277423634,102.0,103.0,100.0,100.0,-3.0,2726,105.00000000000011,107.99999999999996,109.02500000000002,2.8693528693527988,5.219780219780222,17.99212454346383,30.8361420583879,116.06399850830867,109.02500000000002,101.98600149169137,-2.4929595410078917,-1.6859405542090078,-0.807018986798884
2024-12-16,1514,3647602,363612146,100.5,103.0,97.9,97.9,-2.1,3900,102.6800000000001,106.78999999999996,108.62000000000003,1.2820512820512115,2.340252340252342,15.21404014908918,28.48815006706075,117.09433773223412,108.62000000000003,100.14566226776594,-3.0438614319674286,-1.957524729760692,-1.0863367022067367
2024-12-17,1514,1889319,187881031,99.0,100.5,98.8,98.9,1.0,3809,101.0600000000001,105.37999999999997,108.06500000000003,2.070393374741131,2.0739325087151195,21.91245797250953,31.175623905665862,117.50412601886268,108.06500000000003,98.62587398113737,-3.361019763266583,-2.2382237364618702,-1.1227960268047128
2024-12-18,1514,2238658,225543385,99.2,102.5,97.5,102.0,3.1,2050,100.3600000000001,104.37999999999997,107.79000000000003,11.44539337474113,4.932612677177897,39.26601645052409,38.84789626705057,117.59242827058459,107.79000000000003,97.98757172941548,-3.323909968549202,-2.455360982879337,-0.8685489856698654
2024-12-19,1514,1456201,146847272,100.5,102.0,100.0,101.0,-1.0,1241,99.96000000000011,103.47999999999998,107.46500000000003,20.419752349100104,11.311846366194194,36.235438829352,37.39955420449261,117.70556150804049,107.46500000000003,97.22443849195957,-3.3367281069495647,-2.631634407693382,-0.7050936992561825
2024-12-20,1514,1940419,194577649,102.0,102.5,99.2,99.7,-1.3,1818,99.9000000000001,102.44999999999997,106.97500000000002,23.990384615384553,18.618510113075335,32.43829749741906,35.54430724641273,117.70530754451902,106.97500000000002,96.24469245548103,-3.412449120147002,-2.787797350184106,-0.6246517699628962
2024-12-23,1514,2613574,264405722,101.0,104.5,99.5,99.5,-0.2,2331,100.2200000000001,101.44999999999997,106.22500000000002,21.282051282051217,21.897396082178698,31.839441895539988,35.25455827236958,116.84288585359475,106.22500000000002,95.6071141464053,-3.4488408071803605,-2.920006041583357,-0.5288347655970034
2024-12-24,1514,1427001,141848291,101.0,101.0,98.6,98.6,-0.9,1904,100.16000000000011,100.60999999999999,105.45500000000001,15.974358974358893,20.415598290598293,29.026161766529956,33.914764794820954,115.93860148040626,105.45500000000001,94.97139851959376,-3.5098446553440397,-3.0379737643354936,-0.47187089100854607
2024-12-25,1514,1982738,199510676,99.8,101.5,99.5,101.0,2.4,1708,99.96000000000011,100.15999999999998,104.85500000000002,26.99999999999991,21.41880341880341,44.329555247479895,40.41748176670581,114.90735793234487,104.85500000000002,94.80264206765517,-3.3261884719355947,-3.0956167058555137,-0.230571766080081
2024-12-26,1514,1178057,119489352,102.0,103.0,100.0,100.5,-0.5,2781,99.8600000000001,99.90999999999998,104.40500000000002,34.61904761904753,25.864468864468847,42.12203667144318,39.54447094440777,114.39088503839166,104.40500000000002,94.41911496160837,-3.184279057904064,-3.1133491762652237,-0.07092988163884018
2024-12-27,1514,1198871,119139607,100.5,101.0,98.9,99.2,-1.3,1308,99.7600000000001,99.82999999999998,103.915,39.04761904761899,33.55555555555554,36.594330648379184,37.28923550567319,113.91265472498347,103.915,93.91734527501654,-3.1405120918348643,-3.118781759379152,-0.021730332455712542
2024-12-30,1514,3488585,354232673,99.5,104.0,99.2,100.0,0.8,2885,99.8600000000001,100.03999999999999,103.415,34.28571428571423,35.98412698412698,42.05384054658553,39.57308691521655,113.14192654439113,103.415,93.68807345560889,-3.006614758397916,-3.0963483591829046,0.08973360078498871
2024-12-31,1514,914467,91569317,100.0,101.0,99.2,100.5,0.5,1037,100.2400000000001,100.19999999999999,102.79,30.734463276836124,34.68926553672318,45.47703699028959,41.018871298747165,111.52931347418004,102.79,94.05068652581997,-2.8275599842419297,-3.0425906841947095,0.2150306999527798
2025-01-02,1514,1529582,154624486,101.0,103.0,99.8,100.0,-0.5,1461,100.0400000000001,99.99999999999999,102.19000000000001,30.548829701372053,31.856335754640867,42.54479132696865,39.98850193151418,109.90541314512531,102.19000000000001,94.47458685487472,-2.6949380388577,-2.9730601551273077,0.2781221162696079
2025-01-03,1514,1741630,177331061,101.0,103.0,100.5,101.5,1.5,1443,100.2400000000001,100.04999999999998,101.76500000000001,35.02824858757062,32.103847188593,53.12347529230051,44.49315850014586,108.59882030784954,101.76500000000001,94.9311796921505,-2.44066229203122,-2.86658058250809,0.4259182904768699
2025-01-06,1514,1321134,134805703,102.0,103.0,101.0,102.5,1.0,1156,100.9000000000001,100.32999999999998,101.39000000000001,48.367859384808526,37.981645891250466,58.99551671725881,47.33154306919657,107.10695723265226,101.39000000000001,95.67304276734777,-2.1338575070015793,-2.7200359674067878,0.5861784604052085
2025-01-07,1514,783290,79621530,103.0,103.0,101.0,101.5,-1.0,845,101.2000000000001,100.52999999999999,100.99000000000001,57.45171891732205,46.94927562990046,51.47304816518873,44.861075882251264,105.33644682470417,100.99000000000001,96.64355317529585,-1.9489380029811798,-2.565816374521666,0.6168783715404862
2025-01-08,1514,1439012,144870329,101.5,102.5,99.9,100.0,-1.5,1382,101.10000000000011,100.66999999999999,100.64000000000001,48.25708061002168,51.35888630405082,42.082676639663354,41.37273735003977,104.01247683460943,100.64000000000001,97.2675231653906,-1.90150604965487,-2.4329543095483066,0.5314482598934367
2025-01-09,1514,1843631,182482711,100.5,101.0,97.9,98.4,-1.6,1838,100.78000000000011,100.40999999999998,100.28500000000001,26.915246973106065,44.20801550015,34.29644226916088,37.98023616364196,102.95878009566617,100.28500000000001,97.61121990433385,-1.9703100058846275,-2.3404254488155707,0.37011544293094323
2025-01-10,1514,2505018,242579428,99.3,100.0,95.1,95.3,-3.1,2708,99.5400000000001,99.88999999999997,99.9,10.670846591230495,28.614391391452816,24.182609294806024,32.43144427888935,103.07048892128351,99.9,96.7295110787165,-2.249056011410687,-2.3221515613345938,0.07309554992390677
2025-01-13,1514,3651622,332153870,94.5,94.5,88.6,91.4,-3.9,3444,97.32000000000012,99.10999999999997,99.47000000000001,9.962785589051899,15.849626384462889,16.877525736410877,27.072731828716417,104.34446407310283,99.47000000000001,94.5955359268972,-2.752927599655777,-2.4083067689988304,-0.3446208306569467
2025-01-14,1514,2143021,199223317,91.8,94.6,91.2,93.5,2.1,3435,95.72000000000011,98.45999999999997,99.25000000000001,18.57313774448603,13.068923308256212,30.135574144155154,33.449288685511796,104.74563463122946,99.25000000000001,93.75436536877056,-2.9488050252078324,-2.5164064202406307,-0.4323986049672017
2025-01-15,1514,1429398,131683276,93.5,93.9,91.1,91.6,-1.9,2199,94.04000000000012,97.56999999999996,98.885,24.768518518518476,17.768147284018873,25.793026958638343,30.823291288957417,105.31532658579523,98.885,92.45467341420478,-3.220232580552519,-2.6571716523030084,-0.5630609282495107
2025-01-16,1514,1629491,153638171,92.8,95.5,92.4,95.4,3.8,1960,93.44000000000013,97.10999999999997,98.555,34.027777777777736,25.78981134692749,44.46559287183514,40.828667692585036,104.98943082175748,98.555,92.12056917824253,-3.093057786813432,-2.744348879205093,-0.34870890760833895
2025-01-17,1514,890827,83915028,95.1,96.6,93.3,94.2,-1.2,3312,93.22000000000011,96.37999999999997,98.215,35.64814814814812,31.481481481481513,40.6931312313005,38.91455317513409,104.81326492344668,98.215,91.61673507655333,-3.0538973895897783,-2.80625858128203,-0.2476388083077481
2025-01-20,1514,874680,82886090,95.2,95.7,93.6,95.7,1.5,1542,94.08000000000013,95.69999999999997,98.01500000000001,45.73008260058617,38.468669508837415,47.222970490478474,42.540797004678545,104.66339078273658,98.01500000000001,91.36660921726344,-2.8687557975816134,-2.818758024541947,-0.04999777303966635
2025-01-21,1514,676552,64866489,95.8,96.5,95.2,96.1,0.4,1848,94.60000000000011,95.15999999999998,97.845,50.150632182426044,43.84295431038685,48.97092728610927,43.50394011872132,104.50667396380106,97.845,91.18332603619893,-2.659100638058618,-2.786826547245281,0.12772590918666316
2025-01-22,1514,1630798,159113377,96.5,98.5,96.5,98.3,2.2,2195,95.94000000000011,94.98999999999998,97.83000000000001,65.55024231887826,53.81031903396356,57.91478328338566,48.60648593580682,104.48615504626952,97.83000000000001,91.17384495373051,-2.289039181018566,-2.6872690739999383,0.3982298929813721
2025-02-03,1514,1100824,105318242,97.5,97.5,94.1,96.5,-1.8,2619,96.16000000000011,94.79999999999998,97.605,75.12319002132234,63.608021507542276,49.614181708691696,45.02351979630492,104.12005180332372,97.605,91.08994819667629,-2.1166088180268616,-2.573137022805323,0.45652820477846134
2025-02-04,1514,807986,77122635,97.5,97.8,94.5,95.7,-0.8,1048,96.46000000000011,94.83999999999999,97.36500000000001,75.68262041946247,72.11868425322108,46.18209659399468,43.489144801546104,103.78879171517745,97.36500000000001,90.94120828482257,-2.021210569893455,-2.4627517322229493,0.44154116232949425
2025-02-05,1514,818846,79104621,96.9,97.5,95.7,95.9,0.2,1449,96.50000000000011,95.28999999999999,97.20000000000002,68.94166894166892,73.2491597941513,47.24646165411415,44.00293055742884,103.59624890072047,97.20000000000002,90.80375109927957,-1.907480198052255,-2.3516974253888105,0.44421722733655544
2025-02-06,1514,1349976,131926699,96.5,98.7,96.3,98.3,2.4,1553,96.94000000000011,95.76999999999998,97.11500000000001,73.5592735592735,72.72785430680169,58.685600163133586,49.890501653022184,103.40444353659238,97.11500000000001,90.82555646340764,-1.6051845483413132,-2.202394849979311,0.5972103016379977
2025-02-07,1514,998447,96881442,99.0,99.0,96.3,96.7,-1.6,2077,96.6200000000001,96.27999999999999,96.92500000000001,72.7215937742253,71.74084542505597,50.21639278175248,46.38881284499638,103.0205311499474,96.92500000000001,90.82946885005262,-1.4776858535724529,-2.0574530506979394,0.5797671971254865
2025-02-10,1514,800053,76808968,96.2,96.7,95.3,96.1,-0.6,1223,96.5400000000001,96.35,96.73,66.53207091803573,70.93764608384491,47.23413460996603,45.11016759685115,102.66703629768166,96.73,90.79296370231835,-1.4088172368324905,-1.9277258879248496,0.5189086510923591
2025-02-11,1514,928299,89876112,96.5,98.0,96.1,96.1,0.0,1841,96.62000000000009,96.53999999999999,96.46000000000001,48.92058187797527,62.7247488567455,47.234134609966034,45.11016759685115,101.98137663993123,96.46000000000001,90.93862336006879,-1.3388054460894097,-1.8099417995577616,0.4711363534683519
2025-02-12,1514,1009891,97976072,96.2,97.8,96.2,96.5,0.4,1377,96.7400000000001,96.61999999999998,96.16,45.36407155454765,53.605574783519614,49.93224764639664,46.25554492432427,100.93803306811391,96.16,91.38196693188608,-1.2367870294549306,-1.6953108455371955,0.4585238160822649
2025-02-13,1514,4537955,451043252,97.5,101.0,97.0,99.6,3.1,4539,97.00000000000009,96.96999999999998,96.065,56.502021098294286,50.2622248436058,65.7617466153919,54.22723195331896,100.47602029013527,96.065,91.65397970986473,-0.8954701841777108,-1.5353427132652986,0.6398725290875877
2025-02-14,1514,1705421,169693603,99.9,100.5,98.5,99.4,-0.2,1815,97.5400000000001,97.07999999999998,96.035,68.0247840496287,56.63029223415695,64.2331826884559,53.67409295973322,100.34558000737671,96.035,91.72441999262328,-0.6338063289414038,-1.3550354364005197,0.721229107459116
2025-02-17,1514,1563993,155866699,100.0,101.0,98.6,98.7,-0.7,1538,98.06000000000009,97.29999999999998,96.05,71.58129437305634,65.36936650699317,58.66510889868676,51.68685588298515,100.39534233403973,96.05,91.70465766596027,-0.4774166266458195,-1.1795116744495797,0.7020950478037602
2025-02-18,1514,734551,72868737,99.2,99.7,98.7,99.3,0.6,832,98.7000000000001,97.65999999999998,96.25,68.40305892937467,69.3363791173533,61.96240948260934,53.28344679795205,100.8021423527823,96.25,91.6978576472177,-0.3015851889310994,-1.0039263773458837,0.7023411884147843
2025-02-19,1514,3461066,345432242,99.8,102.0,98.2,98.2,-1.1,2965,99.0400000000001,97.88999999999999,96.59,57.70271449768695,65.89568926670604,52.93127478623556,50.0198474805699,100.62925735748472,96.59,92.55074264251529,-0.2481379350072359,-0.8527686888781542,0.6046307538709182
2025-02-20,1514,14776549,1558822795,99.0,108.0,98.8,108.0,9.8,9062,100.7200000000001,98.85999999999999,97.315,71.15300689534774,65.75292677413653,81.28432267278087,68.51951736751383,103.50701905681804,97.315,91.12298094318196,0.5783308586369031,-0.5665487793751427,1.1448796380120458
2025-02-21,1514,60606829,7042838917,113.0,118.5,111.5,115.5,7.5,35457,103.9400000000001,100.73999999999998,98.51,76.6302416488983,68.49532101397774,87.82985571524577,75.87814692634855,108.11393669283554,98.51,88.90606330716447,1.8175490774904262,-0.08972920800202888,1.907278285492455
2025-02-24,1514,40196177,4786133013,115.0,123.0,114.0,118.5,3.0,30646,107.90000000000009,102.97999999999998,99.66499999999999,89.93869936034106,79.24064930152912,89.53744697613504,78.08485360529221,112.5057593233419,99.66499999999999,86.82424067665808,3.0070499717205195,0.5296266279424808,2.477423343778039
2025-02-25,1514,13352531,1545126163,118.0,119.0,113.0,115.0,-3.5,9865,111.0400000000001,104.86999999999998,100.705,79.68228910393081,82.08374337105681,75.17980913403555,70.03512359896,114.90422180966232,100.705,86.50577819033768,3.625524461824199,1.1488061947188246,2.4767182671053742
2025-02-26,1514,14472269,1667629735,117.0,119.0,112.5,114.0,-1.0,10343,114.20000000000009,106.61999999999998,101.61999999999999,72.04980062466814,80.55692969631342,71.365254398319,67.8819191676208,116.73986772428904,101.61999999999999,86.50013227571094,3.9889956496624137,1.7168440857075424,2.2721515639548713
2025-02-27,1514,8948414,1023515629,115.0,117.0,113.0,113.0,-1.0,6910,115.20000000000009,107.96,102.465,64.20595533498751,71.9793483545289,67.3768418639953,65.7064057795871,118.1353892740414,102.465,86.7946107259586,4.148535803670569,2.203182429300148,1.9453533743704212
2025-03-03,1514,8235929,918689482,113.0,114.0,110.0,110.5,-2.5,6399,114.20000000000009,109.06999999999998,103.075,57.66129032258056,64.63901542741213,57.93342321054211,60.48729513156865,118.99717007822699,103.075,87.15282992177302,4.026824690102359,2.56791088146059,1.4589138086417686
2025-03-04,1514,5011835,544500293,108.0,111.5,107.0,108.0,-2.5,4023,112.1000000000001,109.99999999999997,103.65,49.596774193548306,57.15467328370553,49.79160327420391,55.72088426420236,119.41064719483244,103.65,87.88935280516758,3.6861470405534504,2.7915581132791623,0.8945889272742882
2025-03-05,1514,11762585,1323974827,108.5,114.5,107.5,113.0,5.0,8360,111.70000000000009,111.36999999999998,104.51500000000001,49.26352972540648,52.17386474717852,62.190220061290326,62.145656164766635,120.3342635732508,104.51500000000001,88.69573642674924,3.7760873773393087,2.9884639660911914,0.7876234112481173
2025-03-06,1514,7036735,780807759,113.5,113.5,109.0,109.5,-3.5,7274,110.8000000000001,112.49999999999997,105.19500000000001,37.939604994223686,45.599969637726225,51.753151937322194,56.01832165460501,120.63928373217674,105.19500000000001,89.75071626782328,3.524318839181916,3.095634940709336,0.4286838984725798
2025-03-07,1514,4716742,521154832,109.0,112.5,109.0,109.5,0.0,3967,110.1000000000001,112.64999999999998,105.75500000000002,29.975895316804337,39.05967667881158,51.75315193732221,56.01832165460502,120.96913487517341,105.75500000000002,90.54086512482664,3.2869011088399986,3.1338881743354685,0.15301293450453013
2025-03-10,1514,3920017,430905319,110.0,112.0,108.5,108.5,-1.0,3086,109.70000000000009,111.94999999999997,106.34500000000003,14.58333333333326,27.499611214787166,48.58240919456951,54.246050144650695,121.01421606630569,106.34500000000003,91.67578393369436,2.983660424283343,3.1038426243250434,-0.12018220004170033
2025-03-11,1514,3650534,383719067,105.5,107.0,103.0,106.5,-2.0,3497,109.40000000000009,110.74999999999997,106.86500000000004,16.666666666666593,20.408631772268134,42.505948424433114,50.785429667245495,120.7616578715877,106.86500000000004,92.96834212841237,2.552532703627463,2.9935806401855274,-0.4410479365580642
2025-03-12,1514,3008880,324321416,108.0,109.0,107.0,107.5,1.0,2565,108.3000000000001,109.99999999999997,107.43500000000003,22.17261904761897,17.80753968253968,46.41550571044959,52.41985942469819,120.42426864761676,107.43500000000003,94.4457313523833,2.2654379629013164,2.847952104728685,-0.5825141418273687
2025-03-13,1514,3322815,359864039,109.0,110.5,106.0,106.0,-1.5,2852,107.6000000000001,109.19999999999997,107.91000000000004,26.701604554865344,21.846963423050372,41.47949416132908,49.7508563980244,119.92314280277893,107.91000000000004,95.89685719722115,1.895031109478822,2.6573679056787123,-0.7623367961998904
2025-03-14,1514,3535823,381312976,107.0,110.0,105.5,110.0,4.0,3081,107.70000000000009,108.89999999999998,108.43000000000004,39.69979296066245,29.524672187715662,56.027658408554615,56.160993692267134,119.84474485040977,108.43000000000004,97.0152551495903,1.902318832757743,2.5063580910945182,-0.6040392583367753
2025-03-17,1514,2560758,281192111,110.0,111.5,109.0,109.5,-0.5,2230,107.90000000000009,108.79999999999998,108.93500000000003,47.826086956521664,38.075828157349896,54.06749108958871,55.212851355300316,119.57441257776772,108.93500000000003,98.29558742223234,1.8464637004804558,2.374379212971706,-0.52791551249125
2025-03-18,1514,2701022,298474207,110.0,111.5,109.0,111.0,1.5,2324,108.8000000000001,109.09999999999998,109.55000000000004,64.52726017943401,50.684380032206114,59.0783466929046,57.52935784681061,119.12005747108934,109.55000000000004,99.97994252891074,1.9013183552434754,2.2797670414260596,-0.3784486861825842
2025-03-19,1514,2509124,274015801,110.0,111.0,108.0,109.0,-2.0,2367,109.1000000000001,108.69999999999997,110.03500000000004,65.29003668591761,59.21446127395783,50.50734153981919,53.55213166079464,118.38323933533016,110.03500000000004,101.68676066466992,1.763084043673274,2.1764304418755023,-0.4133463982022283
2025-03-20,1514,3752211,417271509,110.0,112.5,109.5,112.5,3.5,3110,110.40000000000009,108.99999999999997,110.75000000000004,79.78279030910602,69.86669572481928,61.81717718139289,58.906264227301364,117.14140047250643,110.75000000000004,104.35859952749365,1.9138909614610355,2.1239225457926088,-0.2100315843315732
2025-03-21,1514,2346113,261333371,113.0,113.0,110.5,111.0,-1.5,2098,110.6000000000001,109.14999999999998,110.90000000000005,81.05263157894728,75.37515285799037,55.478348162093994,55.930620916398034,117.16578007912378,110.90000000000005,104.63421992087632,1.8905756866627144,2.07725317396663,-0.18667748730391542
2025-03-24,1514,6145897,694944084,112.5,115.0,110.0,112.0,1.0,5361,111.1000000000001,109.49999999999997,110.72500000000005,82.80701754385956,81.21414647730435,58.766876813310084,57.47295350985453,116.6535327021061,110.72500000000005,104.796467297894,1.9305357911749894,2.0479096974083015,-0.11737390623331212
2025-03-25,1514,2707339,301564298,113.0,113.0,110.0,110.5,-1.5,3010,111.00000000000009,109.89999999999998,110.32500000000005,67.01754385964902,76.95906432748535,52.04010667338046,54.39758832650947,115.06076815310406,110.32500000000005,105.58923184689603,1.820185037830754,2.002364765492792,-0.18217972766203783
2025-03-26,1514,9767587,1112907056,110.5,116.0,110.5,112.5,2.0,7378,111.70000000000009,110.39999999999998,110.20000000000005,62.57309941520458,70.79922027290445,59.28899383367858,57.65142255723267,114.55201102939225,110.20000000000005,105.84798897060784,1.8725292050074387,1.9763976533957213,-0.10386844838828257
2025-03-27,1514,5947987,674598332,112.0,115.0,111.5,114.5,2.0,4719,112.1000000000001,111.24999999999997,110.22500000000005,66.84941520467827,65.48001949317735,65.39167285130864,60.67331909152615,114.66881592777504,110.22500000000005,105.78118407222506,2.0517443877811132,1.9914670002727997,0.060277387508313574
2025-03-28,1514,5700753,642744306,113.5,115.0,111.0,111.5,-3.0,5104,112.20000000000009,111.39999999999998,110.15000000000005,63.88888888888879,64.43713450292394,51.80239001074819,54.40235379713373,114.45232495285416,110.15000000000005,105.84767504714594,1.929457201774369,1.9790650405731136,-0.04960783879874464
2025-03-31,1514,6563386,675854319,105.0,107.0,100.5,100.5,-11.0,6197,109.90000000000009,110.49999999999997,109.65000000000005,41.666666666666565,57.46832358674461,27.42346242588677,38.63461681718301,115.65915967502531,109.65000000000005,103.64084032497479,0.9341671591562744,1.7700854642897457,-0.8359183051334713
2025-04-01,1514,4955734,491740975,100.5,101.0,97.5,98.4,-2.1,4489,107.48000000000009,109.23999999999998,109.17000000000004,16.204954954954868,40.58683683683681,24.82168869863162,36.46190406463141,116.91315181305085,109.17000000000004,101.42684818694924,-0.02378563388246846,1.4113112446553029,-1.4350968785377713
2025-04-02,1514,10546153,1108596738,98.7,108.0,98.5,106.0,7.6,8801,106.18000000000009,108.93999999999998,108.82000000000005,16.93693693693685,24.936186186186163,46.32341048069193,47.88464625862978,116.4713005430411,108.82000000000005,101.168699456959,-0.16777958131872595,1.0954930794604971,-1.263272660779223
2025-04-07,1514,323010,30814932,95.4,95.4,95.4,95.4,-10.6,987,102.36000000000008,107.22999999999999,108.11500000000005,16.93693693693685,16.692942942942924,31.611597899429057,37.70353458349804,117.73170941642411,108.11500000000005,98.498290583576,-1.12426737966544,0.6515409876353097,-1.7758083673007499
2025-04-08,1514,4696932,405864696,85.9,89.6,85.9,85.9,-9.5,4752,97.24000000000008,104.72,106.93500000000006,15.315315315315216,16.396396396396373,23.731176296439184,31.283753775120925,120.54488978647267,106.93500000000006,93.32511021352745,-2.6186750008240836,-0.002502210056569032,-2.6161727907675143
2025-04-09,1514,5013666,403883380,80.8,85.2,77.4,77.4,-8.5,5548,92.62000000000008,101.26,105.38000000000007,-9.947598300641403e-14,10.750750750750726,18.830939188382047,26.874557252046337,124.07573213329536,105.38000000000007,86.68426786670477,-4.437727410554359,-0.889547250156127,-3.548180160398232
2025-04-10,1514,2133541,181341280,85.0,85.1,84.0,85.1,7.7,2085,89.96000000000008,98.72,104.31000000000006,6.8262411347516645,7.380518816688998,33.371370755298116,35.7137959610528,124.97290395854236,104.31000000000006,83.64709604145776,-5.198093516063224,-1.7512565033375465,-3.4468370127256778
2025-04-11,1514,7729859,680913553,82.9,91.4,82.0,90.6,5.5,6542,86.88000000000008,96.53,103.46500000000006,18.528368794326123,8.451536643025968,42.02583229637591,41.182789670446695,124.90461520176939,103.46500000000006,82.02538479823073,-5.2958379746121835,-2.460172797592474,-2.8356651770197097
2025-04-14,1514,5708389,521268795,92.6,94.0,89.4,90.1,-0.5,5215,85.82000000000009,94.09,102.67000000000004,32.36279145227818,19.239133793785395,41.45473847980988,40.84262027644035,124.8413418628633,102.67000000000004,80.49865813713679,-5.3519530008301786,-3.0385288382400146,-2.313424162590164
2025-04-15,1514,5308140,494705458,91.5,95.3,90.7,93.5,3.4,5431,87.3400000000001,92.29,101.84500000000006,43.0746766791822,31.321945641928906,47.15210939850149,44.2168606849119,124.09175032448451,101.84500000000006,79.5982496755156,-5.063701776347628,-3.4435634258615373,-1.6201383504860907
2025-04-16,1514,2810873,261267549,92.5,94.5,91.8,92.0,-1.5,3903,90.2600000000001,91.44000000000001,100.97000000000006,47.276688453158926,40.90471886153984,44.90296718947785,43.050213787216826,123.3199530200838,100.97000000000006,78.62004697991631,-4.899816038917166,-3.734813948472663,-1.1650020904445029
2025-04-17,1514,2556890,232297309,92.3,92.6,89.5,91.0,-1.0,2791,91.4400000000001,90.70000000000002,99.97000000000006,58.62745098039204,49.65960537091112,43.29667029808873,42.24988130623777,122.22489609052236,99.97000000000006,77.71510390947775,-4.795349252737552,-3.946921009325641,-0.8484282434119108
2025-04-18,1514,1282049,116368566,91.6,91.9,90.0,90.4,-0.6,1340,91.40000000000009,89.14000000000001,99.04000000000005,65.29789072674373,57.06734338676497,42.238971160979624,41.748381570813514,121.26227711104217,99.04000000000005,76.81772288895793,-4.706717448719473,-4.098880297204407,-0.6078371515150662
2025-04-21,1514,1790737,158836554,90.5,91.4,87.2,87.2,-3.2,1866,90.82000000000008,88.32000000000002,97.77500000000006,67.64328574384432,63.856209150326755,36.66566684652305,39.08382074239897,119.66635674187295,97.77500000000006,75.88364325812718,-4.83890942621278,-4.246886123006082,-0.5920233032066982
2025-04-22,1514,1704592,147703031,85.5,88.3,85.4,86.4,-0.8,1647,89.40000000000009,88.37000000000002,96.54500000000006,53.48566948096491,62.14228198385104,35.30689737902644,38.42357074404671,118.08746736100443,96.54500000000006,75.00253263899569,-4.9511520362008525,-4.387739305645036,-0.5634127305558163
2025-04-23,1514,2297190,203972120,88.5,89.5,88.0,88.2,1.8,2078,88.64000000000009,89.45000000000002,95.35500000000006,44.81595049075195,55.31496857185379,41.042205180550475,40.84499073869964,115.96009403035926,95.35500000000006,74.74990596964086,-4.839078274382942,-4.4780070993926175,-0.3610711749903244
2025-04-24,1514,1445648,128356380,89.0,89.8,88.1,88.9,0.7,1293,88.2200000000001,89.83000000000001,94.27500000000006,38.35092782461197,45.55084926544301,43.321948675654106,41.80342703546675,113.82911721351654,94.27500000000006,74.72088278648359,-4.640284549034064,-4.510462589320907,-0.1298219597131567
2025-04-25,1514,2022853,181909827,90.6,91.5,88.7,88.9,0.0,1905,87.9200000000001,89.66000000000001,93.09500000000007,39.10787068681799,40.75824966739404,43.3219486756541,41.80342703546675,110.87537963599033,93.09500000000007,75.31462036400981,-4.431653743714762,-4.494700820199678,0.06304707648491625
2025-04-28,1514,1162067,104247591,89.5,90.5,89.0,89.4,0.5,2313,88.3600000000001,89.59,91.84000000000007,38.22103822103815,38.55994557748944,45.37546450230731,42.574188858294534,106.70396986003182,91.84000000000007,76.97603013996833,-4.177807343607427,-4.431322124881228,0.2535147812738012
2025-04-29,1514,2996216,274334154,90.0,92.8,89.1,92.5,3.1,2828,89.58000000000011,89.49000000000001,90.89000000000007,58.41850841850836,45.249139108788235,56.7183889893351,47.23977089084753,102.72687458748857,90.89000000000007,79.05312541251158,-3.684021049009303,-4.281861909706842,0.5978408606975396
2025-04-30,1514,3294798,305639069,93.2,94.3,91.3,92.1,-0.4,3018,90.3600000000001,89.50000000000001,90.47000000000007,71.72762959279804,56.12239207744826,54.99914195011024,46.71240276294507,101.48037692360859,90.47000000000007,79.45962307639155,-3.287077131030614,-4.082904953971597,0.795827822940983
2025-05-02,1514,4769052,474181952,95.2,101.0,95.2,101.0,8.9,3402,92.78000000000011,90.50000000000001,90.60000000000007,90.40894827411671,73.51836209514111,74.81551776343099,57.95844205664991,102.03503388713554,90.60000000000007,79.16496611286459,-2.22865010548,-3.7120539842732776,1.4834038787932777
2025-05-05,1514,32252917,3456116520,105.0,111.0,104.0,105.5,4.5,22715,96.10000000000011,92.01000000000002,90.57500000000007,84.59884129213471,82.24513971968322,80.00851211377028,62.29172739161126,101.87665917022495,90.57500000000007,79.2733408297752,-1.0150260814106673,-3.1726484037007556,2.1576223222900883
2025-05-06,1514,21211217,2284832827,106.5,112.0,103.0,108.5,3.0,14790,99.92000000000012,94.14000000000001,91.23000000000006,87.97743055555547,87.66174004060237,82.77154846973586,64.88987758830218,104.8541109801683,91.23000000000006,77.60588901983182,0.18670243979933332,-2.500778235000738,2.6874806748000712
2025-05-07,1514,6150489,656204812,109.0,109.0,105.5,106.0,-2.5,4898,102.62000000000012,96.10000000000001,92.23500000000006,79.60922971873539,84.06183385547526,72.96688222456655,61.11110145024762,107.05137944978267,92.23500000000006,77.41862055021744,0.9266697719177159,-1.815288633617047,2.741958405534763
2025-05-08,1514,4054628,431611970,106.0,107.5,105.5,106.0,0.0,3281,105.40000000000012,97.88000000000001,93.66500000000005,78.18699706494425,81.92455244641178,72.96688222456655,61.11110145024761,107.99067973954278,93.66500000000005,79.33932026045731,1.4958559179145396,-1.1530597233107298,2.6489156412252695
2025-05-09,1514,6613710,705171484,108.0,109.0,104.5,107.0,1.0,5487,106.60000000000011,99.69000000000001,94.76000000000006,75.80173136446115,77.86598604938034,74.6046754585514,62.13404686609422,109.6368813936232,94.76000000000006,79.88311860637693,2.0045247682777045,-0.5215428249930429,2.5260675932707475
2025-05-12,1514,8138281,878164627,106.5,109.5,106.0,107.0,0.0,5746,106.90000000000012,101.50000000000001,95.58000000000007,76.89191182282417,76.96021341740993,74.60467545855138,62.13404686609421,111.23676850438596,95.58000000000007,79.92323149561417,2.3802109072428266,0.05880792145413094,2.3214029857886955
2025-05-13,1514,4578960,488536486,108.0,108.5,105.5,106.0,-1.0,3682,106.40000000000012,103.16000000000001,96.37500000000007,75.81376706115635,76.16913674948063,68.9212561350572,60.29465196992355,112.44719648958805,96.37500000000007,80.30280351041209,2.567654908913596,0.5605773189460239,2.0070775899675724
2025-05-14,1514,3268711,351057418,107.0,108.0,106.5,108.0,2.0,2590,106.80000000000011,104.71000000000001,97.10000000000007,75.12363593624262,75.94310494007446,73.6118642350989,62.67458460916938,113.88058401844026,97.10000000000007,80.31941598155987,2.844795879921591,1.0174210311411374,1.8273748487804538
2025-05-15,1514,4027252,435005294,108.0,109.5,106.5,107.5,-0.5,3240,107.10000000000011,106.25,97.87500000000007,65.73498964803302,72.22413088181075,70.50808098616153,61.67922670347201,115.06847259863238,97.87500000000007,80.68152740136776,2.9896237531623626,1.4118615755453825,1.5777621776169801
2025-05-16,1514,33783652,3808661710,107.0,116.0,107.0,109.0,1.5,22810,107.50000000000011,107.05,98.77500000000006,57.44810744810733,66.10224434412774,74.30065197438172,63.54946788930873,116.31568128665288,98.77500000000006,81.23431871334725,3.1886812179160984,1.7672255040195257,1.4214557138965727
2025-05-19,1514,19042053,2118373361,109.5,113.5,108.5,110.0,1.0,15929,108.10000000000011,107.5,99.75500000000007,47.99331103678918,57.0588027109766,76.63737801539898,64.78343550796852,117.50340556218856,99.75500000000007,82.00659443781157,3.3880717533452014,2.0913947538846607,1.2966769994605407
2025-05-20,1514,6097220,666056495,110.5,111.5,107.5,108.0,-2.0,5189,108.50000000000011,107.45,100.79500000000006,41.4715719063544,48.97099679708373,63.22383991172278,60.38079338076467,117.90493570998827,100.79500000000006,83.68506429001185,3.346134745452389,2.3423427521982063,1.0037919932541826
2025-05-21,1514,2777516,301549709,108.0,109.5,107.0,109.5,1.5,2879,108.80000000000011,107.8,101.95000000000006,40.57971014492742,43.34819769602376,68.1080256248826,62.44234324996461,118.10939355297509,101.95000000000006,85.79060644702503,3.394803645303284,2.552834930819222,0.8419687144840622
2025-05-22,1514,22647068,2563257497,110.5,115.5,110.0,111.0,1.5,15995,109.50000000000011,108.3,103.09000000000006,42.09799861973763,41.38309355700658,72.38654349294703,64.43527405541857,118.40324916534473,103.09000000000006,87.77675083465539,3.5139054483738903,2.7450490343301555,0.7688564140437348
2025-05-23,1514,4707093,524442878,111.0,112.5,110.0,112.0,1.0,5121,110.10000000000011,108.8,104.24500000000005,52.58799171842639,45.08856682769724,74.99560232150976,65.74044927477131,118.55464360142983,104.24500000000005,89.93535639857026,3.6469464000859233,2.925428507481309,0.7215178926046142
2025-05-26,1514,3716223,407469387,111.5,112.5,108.5,109.0,-3.0,3014,109.90000000000012,109.0,105.25000000000004,46.867167919799385,47.1843860859879,56.3581072247343,58.77214892457098,117.82592938911286,105.25000000000004,92.67407061088723,3.47030388191061,3.0344035823671693,0.43590029954344045
2025-05-27,1514,4175858,455606252,110.0,111.5,107.0,108.0,-1.0,3306,109.90000000000012,109.2,106.18000000000004,34.670008354218766,44.708389330814946,51.39140867282731,56.61782595732294,116.47380396160494,106.18000000000004,95.88619603839513,3.212589044230114,3.0700406747397584,0.14254836949035576
2025-05-28,1514,2203376,238086803,109.5,109.5,107.0,107.0,-1.0,2001,109.40000000000012,109.1,106.90500000000004,14.035087719298131,31.857421331105524,46.60019112856916,54.46770448181473,115.063792802857,106.90500000000004,98.7462071971431,2.894292928734231,3.034891125538653,-0.14059819680442187
2025-05-29,1514,2104565,224303287,108.0,108.5,105.5,107.5,0.5,1976,108.70000000000012,109.1,107.67500000000004,11.929824561403393,20.21164021164019,49.35450231160787,55.380120474563434,112.19467919214931,107.67500000000004,103.15532080785077,2.6518182749555734,2.958276555422037,-0.3064582804664635
2025-06-02,1514,2288298,241400498,106.5,107.5,104.5,105.0,-2.5,2120,107.30000000000011,108.7,107.87500000000004,8.181818181818066,11.382243487506626,37.939384910508686,49.98649578550779,111.45096140918047,107.87500000000004,104.29903859081962,2.23219490490159,2.8130602253179475,-0.5808653204163576
2025-06-03,1514,2844175,305682899,105.5,108.5,105.0,108.0,3.0,2293,107.10000000000011,108.5,108.00000000000004,18.78787878787867,12.966507177033472,53.119468632390934,55.57756783942928,111.40587727317764,108.00000000000004,104.59412272682245,2.117308277025657,2.6739098356594893,-0.5566015586338322
2025-06-04,1514,2294817,249669757,108.5,109.5,108.0,109.0,1.0,2079,107.30000000000011,108.6,108.02500000000005,25.75757575757564,17.575757575757553,57.19152159148747,57.291469356936965,111.45246261831399,108.02500000000005,104.59753738168611,2.0829405967578936,2.55571598787917,-0.47277539112127664
2025-06-05,1514,3420226,372103193,110.0,111.0,107.5,107.5,-1.5,2644,107.40000000000012,108.4,108.10000000000005,36.74242424242413,27.095959595959574,49.64518648019825,53.93028605895927,111.4105890714394,108.10000000000005,104.7894109285607,1.9126190170978816,2.4270965937229123,-0.5144775766250307
2025-06-06,1514,2689130,292471664,109.0,110.0,107.5,108.0,0.5,2141,107.50000000000011,108.1,108.20000000000005,40.719696969696855,34.40656565656564,52.10294269464799,54.880518310864055,111.36859590354197,108.20000000000005,105.03140409645812,1.7972659958018795,2.3011304741387058,-0.5038644783368262
2025-06-09,1514,9490112,1052084159,111.0,113.0,108.5,110.0,2.0,6983,108.50000000000011,107.9,108.35000000000005,48.65196078431361,42.038027332144964,60.98870945605438,58.562273016274524,111.56091887159108,108.35000000000005,105.13908112840902,1.8459521928400306,2.2100948178789706,-0.3641426250389399
2025-06-10,1514,5239565,584467190,111.5,112.5,110.5,111.0,1.0,3791,109.10000000000011,108.1,108.55000000000004,61.642156862744976,50.33793820558524,64.79820666915866,60.30635315963549,111.89514573672832,108.55000000000004,105.20485426327176,1.9428322367549384,2.156642301654164,-0.2138100648992256
2025-06-11,1514,19099768,2192098411,113.0,119.0,112.5,112.5,1.5,13138,109.80000000000011,108.55,108.87500000000004,65.4496281271128,58.581248591390555,69.93585373655979,62.83332370904306,112.4228866949134,108.87500000000004,105.32711330508668,2.116252986411851,2.1485644386057015,-0.03231145219385034
2025-06-12,1514,15479287,1788527882,113.5,117.0,112.5,115.5,3.0,10960,111.40000000000012,109.4,109.25000000000004,69.1683569979715,65.42004732927651,77.57321432852216,67.31501690622235,113.7942271069945,109.25000000000004,104.70577289300559,2.4673233402865122,2.2123162189418637,0.25500712134464854
2025-06-13,1514,10194540,1180752143,114.5,118.0,114.5,115.0,-0.5,7531,112.80000000000011,110.15,109.62500000000004,67.48768472906393,67.36855661804951,73.92178896294168,65.88896762673996,114.73259238780305,109.62500000000004,104.51740761219703,2.6743747760539947,2.30472793036429,0.36964684568970485
2025-06-16,1514,8594930,999644540,114.0,117.5,114.0,116.5,1.5,6757,114.10000000000011,111.3,110.00000000000004,75.18383665310192,70.61329279337922,77.61041574073609,68.0740713222687,115.90762219509202,110.00000000000004,104.09237780490807,2.9257754761447075,2.4289374395203733,0.4968380366243341
2025-06-17,1514,8917519,1041245036,116.5,118.5,115.5,116.0,-0.5,6165,115.10000000000011,112.1,110.30000000000004,74.53416149068312,72.40189429094976,73.56393563245803,66.54386966147504,116.76065012208117,110.30000000000004,103.8393498779189,3.049513626060289,2.5530526768283566,0.4964609492319325
2025-06-18,1514,16655415,1962856304,116.0,120.0,116.0,116.5,0.5,11985,115.90000000000012,112.85,110.72500000000005,74.72463768115931,74.81421194164822,75.07978476183423,67.33461992046792,117.62771685642267,110.72500000000005,103.82228314357744,3.1515932178624126,2.672760785035168,0.47883243282724486
2025-06-19,1514,7154965,817142586,117.0,118.0,112.5,113.0,-3.5,6024,115.40000000000012,113.4,110.90000000000005,61.68115942028974,70.31331953071081,51.134574530278,57.15163664335239,117.84694177317937,110.90000000000005,103.95305822682073,2.916452234597827,2.7214990749476997,0.19495315965012727
2025-06-20,1514,4714059,529421618,113.5,114.0,111.0,111.5,-1.5,3474,114.70000000000012,113.75,110.92500000000004,40.55225019069402,58.986015764047785,44.1018661867729,53.42281762140985,117.8767983284866,110.92500000000004,103.97320167151348,2.579330925947815,2.693065445147723,-0.11373451919990796
2025-06-23,1514,3178490,352314166,109.5,112.0,108.5,112.0,0.5,2684,113.80000000000011,113.95,110.92500000000004,26.6971777269259,42.97686244596999,46.9398007149128,54.48873842078753,117.8767983284866,110.92500000000004,103.97320167151348,2.3256964997867158,2.6195916560755217,-0.2938951562888059
2025-06-24,1514,5239205,587413835,112.5,113.0,111.0,112.5,0.5,3962,113.10000000000011,114.1,111.10000000000005,25.247902364607057,30.8324434274091,49.90688505164331,55.58340453342407,118.02531587726757,111.10000000000005,104.17468412273253,2.140362445104529,2.523745813881323,-0.38338336877679424
2025-06-25,1514,2781418,310259465,112.5,113.0,110.5,110.5,-2.0,2459,111.90000000000012,113.9,111.22500000000005,27.536231884057855,26.493770658530376,39.578599858130744,50.36501557243235,118.01083082606219,111.22500000000005,104.43916917393791,1.8112219470474997,2.3812410405145585,-0.5700190934670588
2025-06-26,1514,3464560,387981414,111.5,113.5,110.5,111.0,0.5,2859,111.50000000000011,113.45,111.42500000000004,24.637681159420172,25.80727180269513,43.01807124655644,51.58868160489486,117.93095880712052,111.42500000000004,104.91904119287956,1.5725936713954383,2.2195115666907346,-0.6469178952952963
2025-06-27,1514,2160477,239245377,112.5,112.5,109.5,110.0,-1.0,1914,111.20000000000012,112.95,111.55000000000004,17.39130434782597,23.188405797101435,37.97417598022934,48.98747556567787,117.84205848669146,111.55000000000004,105.25794151330862,1.287940820996866,2.033197417551961,-0.745256596555095
2025-06-30,1514,1718031,187202992,111.5,111.5,108.0,108.5,-1.5,1731,110.50000000000011,112.15,111.72500000000005,12.983091787439497,18.33735909822865,31.508908053274265,45.29791629247071,117.44754314094116,111.72500000000005,106.00245685905894,0.9305866980806456,1.8126752736576979,-0.8820885755770522
2025-07-01,1514,1448049,158476382,109.5,110.5,108.5,109.0,0.5,1338,109.80000000000011,111.45,111.77500000000005,9.070048309178626,13.148148148148133,35.7621005099216,46.73794380298561,117.38280705801627,111.77500000000005,106.16719294198383,0.6798894599202896,1.5861181109102163,-0.9062286509899267
2025-07-02,1514,1512890,165445082,109.0,110.5,108.5,109.5,0.5,1384,109.60000000000011,110.75,111.80000000000004,13.055555555555438,11.702898550724624,40.101630881022736,48.206290528182926,117.36237359406437,111.80000000000004,106.23762640593571,0.5156122566901473,1.3720169400662026,-0.8564046833760552
2025-07-03,1514,1667362,185111533,110.5,111.5,110.0,111.5,2.0,1498,109.70000000000012,110.6,112.00000000000004,32.87878787878776,18.33479724784071,54.458645056941855,53.70419291489997,117.20576603392315,112.00000000000004,106.79423396607693,0.5405732825732059,1.2057282085676033,-0.6651549259943974
2025-07-04,1514,2953277,319574680,110.5,111.5,107.0,107.0,-4.5,2844,109.10000000000011,110.15,111.95000000000005,29.54545454545443,25.159932659932647,33.42692281178052,42.716975757539274,117.32494186014526,111.95000000000005,106.57505813985483,0.19499490362035488,1.0035815475781535,-0.8085866439577987
2025-07-07,1514,1437840,151321977,107.5,107.5,104.5,105.0,-2.0,1557,108.40000000000012,109.45,111.70000000000005,23.06397306397295,28.49607182940515,27.849969580235935,38.90710217993064,117.82698947281152,111.70000000000005,105.57301052718857,-0.23752371127001481,0.7553604958085198,-0.9928842070785346
2025-07-08,1514,2170122,222882397,103.5,104.0,101.5,102.5,-2.5,2011,107.10000000000011,108.45,111.27500000000005,4.629629629629514,19.0796857463524,22.399885472865886,34.73656812296113,118.59944537148952,111.27500000000005,103.95055462851057,-0.7731149484488355,0.4496654069570487,-1.2227803554058843
2025-07-09,1514,1542841,159490599,102.5,104.5,102.5,104.0,1.5,1326,106.00000000000011,107.8,110.85000000000005,12.20538720538709,13.299663299663285,31.74928511282296,38.96407434626985,118.80047168411672,110.85000000000005,102.89952831588339,-1.0642691661992103,0.14687849232579686,-1.2111476585250072
2025-07-10,1514,1542437,159373482,104.0,104.5,102.5,103.0,-1.0,1557,104.30000000000011,107.0,110.22500000000005,15.353535353535237,10.729517396184049,29.029031251914127,37.23254256509589,118.57050777364336,110.22500000000005,101.87949222635675,-1.360025101289125,-0.15450222639718753,-1.2055228748919373
2025-07-11,1514,4146341,443440557,104.0,108.5,103.5,107.0,4.0,3605,104.30000000000011,106.7,109.82500000000005,30.909090909090793,19.489337822671143,49.3005241944498,47.31756012425349,117.98143917404765,109.82500000000005,101.66856082595244,-1.2571555336098328,-0.37503288783971656,-0.8821226457701162
2025-07-14,1514,7125512,773559153,108.0,110.5,106.5,106.5,-0.5,5562,104.60000000000011,106.5,109.32500000000005,39.999999999999886,28.754208754208737,47.32905656159075,46.315794924582725,116.9949087347857,109.32500000000005,101.6550912652144,-1.2021191995749518,-0.5404501501867636,-0.6616690493881883
2025-07-15,1514,1772489,188479778,106.5,107.5,105.5,106.0,-0.5,1613,105.30000000000011,106.2,108.82500000000005,49.999999999999886,40.30303030303029,45.21940956642849,45.28335014965813,115.97534964179637,108.82500000000005,101.67465035820372,-1.1851862404356552,-0.669397368236542,-0.5157888721991133
2025-07-16,1514,1895284,200131250,107.5,107.5,104.5,104.5,-1.5,1824,105.40000000000012,105.7,108.22500000000005,41.66666666666655,43.88888888888888,39.11682768659152,42.24120491191298,114.67848742928516,108.22500000000005,101.77151257071495,-1.278071400763153,-0.7911321747418641,-0.4869392260212889
2025-07-17,1514,969507,102192008,104.5,106.0,104.5,106.0,1.5,990,106.00000000000011,105.15,107.87500000000004,41.66666666666655,44.44444444444443,47.39875707955029,46.13800823965563,114.00586453935689,107.87500000000004,101.7441354606432,-1.2166216386178803,-0.8762300675170673,-0.340391571100813
2025-07-18,1514,1134086,120195205,106.5,107.0,105.5,105.5,-0.5,1066,105.70000000000012,105.0,107.57500000000005,41.48148148148137,41.60493827160492,45.01731838224391,45.047020518718746,113.55224853088363,107.57500000000005,101.59775146911646,-1.1944986439044243,-0.9398837827945388,-0.2546148611098855
2025-07-21,1514,923204,96700680,106.0,106.0,104.0,104.5,-1.0,927,105.30000000000011,104.95,107.20000000000005,39.8148148148147,40.98765432098764,40.29358723631508,42.86394940534047,112.95673518584528,107.20000000000005,101.44326481415482,-1.2433253729020919,-1.0005721008160493,-0.24275327208604258
2025-07-22,1514,2515296,256271891,104.0,105.0,100.0,100.5,-4.0,2863,104.20000000000012,104.75,106.60000000000005,24.73544973544962,35.34391534391533,27.048485787870334,35.46110317362007,112.52114853722992,106.60000000000005,100.67885146277018,-1.5864993016278817,-1.1177575409784157,-0.46874176064946593
2025-07-23,1514,3365254,350521377,101.5,105.5,101.5,105.0,4.5,2835,104.30000000000011,104.85,106.32500000000005,25.79365079365068,30.114638447971767,49.03621368965743,46.628525744573196,112.0019269856103,106.32500000000005,100.6480730143898,-1.4783136412092972,-1.189868761024592,-0.28844488018470527
2025-07-24,1514,1342056,139916506,105.0,105.0,103.5,104.0,-1.0,1122,103.90000000000012,104.95,105.97500000000005,30.158730158730048,26.895943562610213,45.4821796098323,44.77442388952149,111.3086197839689,105.97500000000005,100.64138021603121,-1.456477996821988,-1.2431906081840711,-0.21328738863791696
2025-07-25,1514,1193761,123956674,104.0,105.5,103.0,103.0,-1.0,1124,103.40000000000012,104.55,105.62500000000004,41.90476190476179,32.6190476190476,41.936167707076905,42.935827411808795,110.77160081995342,105.62500000000004,100.47839918004667,-1.5025443381502015,-1.2950613541772973,-0.2074829839729042
2025-07-28,1514,1041979,108237858,104.0,105.5,103.0,103.0,0.0,995,103.10000000000011,104.2,105.35000000000005,39.365079365079254,37.142857142857125,41.936167707076905,42.935827411808795,110.44018663704372,105.35000000000005,100.25981336295638,-1.5215131886136106,-1.34035172106456,-0.18116146754905071
2025-07-29,1514,1661463,172886063,103.5,105.5,103.0,103.5,0.5,1476,103.70000000000012,103.95,105.07500000000005,43.33333333333322,41.53439153439152,44.86177023468439,44.26303574331516,109.93581268924699,105.07500000000005,100.2141873107531,-1.4791496020693984,-1.3681112972655276,-0.11103830480387078
2025-07-31,1514,1098766,113309684,104.0,104.5,102.5,102.5,-1.0,1093,103.20000000000012,103.75,104.72500000000005,41.90476190476179,41.53439153439152,40.14234460992833,42.1514775422245,109.25793503151577,104.72500000000005,100.19206496848433,-1.508874431961317,-1.3962639242046855,-0.1126105077566315
2025-08-01,1514,1027758,106219112,101.0,104.5,101.0,104.0,1.5,998,103.20000000000012,103.55,104.35000000000005,50.79365079365068,45.34391534391532,49.44876304110197,46.29042150593939,107.65302891297341,104.35000000000005,101.04697108702669,-1.3953098464696723,-1.3960731086576827,0.0007632621880104828
2025-08-04,1514,1565705,163948762,104.0,106.0,102.0,106.0,2.0,1323,103.80000000000011,103.6,104.30000000000004,67.46031746031734,53.38624338624336,59.293646867338325,51.29423448565337,107.46859590354312,104.30000000000004,101.13140409645696,-1.1308896174210048,-1.3430364104103472,0.21214679298934236
2025-08-05,1514,2939774,312542620,107.0,107.5,105.0,106.0,0.0,2627,104.40000000000012,103.75,104.35000000000005,81.19658119658108,66.48351648351645,59.29364686733833,51.29423448565337,107.59191301547973,104.35000000000005,101.10808698452037,-0.9108351403324946,-1.2565961563947767,0.34576101606228216
2025-08-06,1514,3763554,404553068,106.0,109.0,106.0,106.5,0.5,3275,105.00000000000011,104.35,104.55000000000004,81.89102564102552,76.84930809930808,61.82357209898147,52.57527688660919,107.80422801904628,104.55000000000004,101.2957719809538,-0.6881618589630563,-1.1429092969084327,0.4547474379453764
2025-08-07,1514,2689000,289969148,108.0,108.5,106.5,108.5,2.0,2271,106.20000000000012,104.7,104.77500000000005,79.8076923076922,80.9650997150997,70.40670128883944,57.40164690814479,108.44208330965319,104.77500000000005,101.10791669034691,-0.3463162754518265,-0.9835906926171114,0.6372744171652849
2025-08-08,1514,1572495,169548473,108.5,109.0,107.0,108.0,-0.5,1445,107.00000000000011,105.1,105.02500000000005,83.33333333333321,81.6773504273504,66.0739156566733,55.870821849896366,108.85220524664425,105.02500000000005,101.19779475335585,-0.11442795474698642,-0.8097581450430864,0.6953301902961
2025-08-11,1514,2269906,246224515,109.5,110.0,107.5,108.0,0.0,2089,107.40000000000012,105.6,105.07500000000005,86.34259259259248,83.16120607787273,66.0739156566733,55.87082184989638,109.02816329032137,105.07500000000005,101.12183670967872,0.06855495127244637,-0.6340955257799799,0.7026504770524262
2025-08-12,1514,1439632,153706195,108.0,108.5,106.0,106.5,-1.5,1468,107.50000000000011,105.95,105.07500000000005,75.46296296296285,81.71296296296295,52.804813138789754,51.12686235588547,109.02816329032137,105.07500000000005,101.12183670967872,0.09147825426461509,-0.48898076977106086,0.580459024035676
2025-08-13,1514,1543442,163182947,107.0,107.5,104.0,105.0,-1.5,1886,107.20000000000012,106.1,105.02500000000005,61.11111111111099,74.30555555555553,42.78144383311558,46.84345376083916,108.95533077487687,105.02500000000005,101.09466922512323,-0.011262499849948426,-0.3934371157868384,0.38217461593688995
2025-08-14,1514,1653631,173872291,105.5,106.5,104.0,105.0,0.0,2342,106.50000000000011,106.35,105.05000000000004,47.68518518518507,61.41975308641974,42.78144383311558,46.84345376083916,108.97300904918008,105.05000000000004,101.12699095082,-0.09162904509811653,-0.333075501649094,0.24144645655097746
2025-08-15,1514,1051304,110525646,105.5,106.0,104.5,105.5,0.5,1122,106.00000000000011,106.5,105.02500000000005,35.64814814814803,48.14814814814813,47.31846655504442,48.511093156896656,108.92980473262712,105.02500000000005,101.12019526737298,-0.11366404157348597,-0.2891932096339724,0.1755291680604864
2025-08-18,1514,1520689,161058051,105.5,107.0,104.5,107.0,1.5,1477,105.80000000000011,106.6,105.10000000000005,37.49999999999988,40.277777777777764,58.76281588067571,53.24955192998938,109.0949968710803,105.10000000000005,101.1050031289198,-0.009974491329700186,-0.23334946597311795,0.22337497464341777
2025-08-19,1514,3582398,384374931,107.5,109.5,105.0,105.0,-2.0,3077,105.50000000000011,106.5,105.12500000000004,30.55555555555544,34.567901234567884,43.92091305034825,47.03426457108766,109.11091269346764,105.12500000000004,101.13908730653245,-0.08816672984148965,-0.2043129187467923,0.11614618890530265
2025-08-20,1514,2167844,222403263,104.0,104.5,101.0,102.0,-3.0,2238,104.90000000000012,106.05,105.20000000000005,25.92592592592581,31.327160493827147,30.45827139639447,39.572888228635215,108.87967389858707,105.20000000000005,101.52032610141302,-0.387739945429459,-0.24099832408332564,-0.14674162134613336
2025-08-21,1514,1511533,158389820,103.0,106.0,103.0,105.5,3.5,1342,105.00000000000011,105.75,105.22500000000005,25.92592592592581,27.469135802469122,50.93046725721925,49.61523662847803,108.90569286954818,105.22500000000005,101.54430713045193,-0.33882733718152735,-0.26056412670296597,-0.07826321047856138
2025-08-22,1514,1421445,150713237,106.5,107.0,105.0,106.0,0.5,1431,105.10000000000011,105.55,105.32500000000005,39.978213507625156,30.610021786492357,53.2254393690915,50.87133895178536,108.97568486724735,105.32500000000005,101.67431513275274,-0.2567581730307893,-0.25980293596853066,0.003044762937741363
2025-08-25,1514,2265218,243902799,107.5,108.5,106.5,107.5,1.5,2423,105.20000000000012,105.5,105.55000000000004,61.76470588235282,42.55628177196803,59.805112926417955,54.53338932931994,109.15416425818071,105.55000000000004,101.94583574181937,-0.0698748316245883,-0.22181731509974217,0.15194248347515388
2025-08-26,1514,1251334,134284730,107.5,108.0,106.0,108.0,0.5,1305,105.80000000000011,105.65,105.80000000000004,72.54901960784302,58.097312999273775,61.88989339177232,55.718277386650094,109.35527776691903,105.80000000000004,102.24472223308105,0.11722607496574255,-0.15400863708664522,0.2712347120523878
2025-08-27,1514,2474547,269251545,108.5,109.5,108.0,108.5,0.5,2119,107.10000000000011,106.0,106.05000000000004,82.35294117647048,72.22222222222221,64.06440223990641,56.92712967897655,109.62631094844258,106.05000000000004,102.4736890515575,0.30236523454543374,-0.06273386276022942,0.36509909730566315
2025-08-28,1514,4772144,526663833,110.0,112.0,109.0,110.5,2.0,4115,108.10000000000011,106.55,106.45000000000005,85.65062388591788,80.18419489007722,71.62098047790295,61.459363326323036,110.13646171822602,106.45000000000005,102.76353828177407,0.6035156845347132,0.07051604669875909,0.532999637835954
2025-08-29,1514,7015484,789649623,111.5,113.5,110.5,113.5,3.0,6348,109.60000000000011,107.35,106.92500000000004,91.53297682709437,86.51218062982768,79.25498113021804,67.05857407215174,111.55398476989876,106.92500000000004,102.29601523010132,1.0718983369817607,0.27079250475535943,0.8011058322264013
2025-09-01,1514,4612114,509168526,114.5,114.5,107.0,108.0,-5.5,7206,109.70000000000012,107.45,107.02500000000005,79.40516273849596,85.5295878171695,50.308981360222205,52.1111941640086,111.65614456694502,107.02500000000005,102.39385543305508,0.987902998164131,0.41421460343711375,0.5736883947270173
2025-09-02,1514,1744538,187377788,109.5,109.5,105.5,107.5,-0.5,1843,109.60000000000011,107.7,107.10000000000005,63.660762211486734,78.19963392569245,48.432879633419375,50.9982884864476,111.71085675335257,107.10000000000005,102.48914324664753,0.8709504905643968,0.5055617808625703,0.36538870970182646
2025-09-03,1514,1164837,124752234,108.0,108.5,106.5,106.5,-1.0,1082,109.20000000000012,108.15,107.10000000000005,35.59058677289024,59.55217057429109,44.55590537505817,48.75561202879301,111.71085675335257,107.10000000000005,102.48914324664753,0.6896235915553319,0.5423741430011226,0.1472494485542093
2025-09-04,1514,1454333,156993485,107.0,109.0,106.5,107.5,1.0,1566,108.60000000000011,108.35,107.05000000000004,25.7140435630137,41.65513084913034,49.29155645403858,51.07272258634637,111.62055795280497,107.05000000000004,102.4794420471951,0.6194714787527289,0.5577936101514439,0.06167786860128499
2025-09-05,1514,1242146,132997823,108.5,109.5,106.0,106.5,-1.0,1479,107.20000000000012,108.4,106.97500000000005,16.374269005847836,25.8929664472507,44.824825470941384,48.70121288241166,111.5299423706497,106.97500000000005,102.4200576293504,0.47767741340877024,0.5417703708029091,-0.0640929573941389
2025-09-08,1514,1395915,148201428,106.5,107.0,105.0,107.0,0.5,1543,107.00000000000011,108.35,106.92500000000004,18.128654970760117,20.072322513207325,47.59499789639195,49.95254497202758,111.45572841825167,106.92500000000004,102.39427158174841,0.4010276196104172,0.5136218205644107,-0.11259420095399353
2025-09-09,1514,2886404,307609872,106.5,108.0,104.5,106.5,0.0,2614,106.80000000000011,108.2,106.92500000000004,17.387914230019376,17.296946068875883,44.961398653156564,48.67391050389009,111.45572841825167,106.92500000000004,102.39427158174841,0.2965182071517489,0.47020109788187836,-0.17368289073012944
2025-09-10,1514,1284929,137372502,107.5,107.5,106.0,107.0,0.5,1306,106.90000000000012,108.05,107.02500000000005,22.017543859649006,19.178037686809606,48.29899745671949,50.05080901366667,111.46881592777423,107.02500000000005,102.58118407222587,0.25114452836332646,0.42638978397816796,-0.1752452556148415
2025-09-11,1514,2289280,247305173,108.0,109.0,107.0,107.5,0.5,2212,106.90000000000012,107.75,107.15000000000005,24.999999999999883,21.46848602988953,51.71505569802991,51.45332533360344,111.4985629810247,107.15000000000005,102.80143701897539,0.25261934380415596,0.39163569594336556,-0.1390163521392096
2025-09-12,1514,4302807,471757283,109.5,111.5,107.5,107.5,0.0,4304,107.10000000000011,107.15,107.25000000000004,32.6190476190475,26.545530492898905,51.71505569802991,51.45332533360344,111.53368999811471,107.25000000000004,102.96631000188538,0.2508959730662923,0.3634877513679509,-0.11259177830165862
2025-09-15,1514,2280704,239483024,108.5,108.5,103.5,104.5,-3.0,3173,106.60000000000011,106.8,107.12500000000004,28.45238095238083,28.69047619047618,33.589951599969204,43.04316492498878,111.57331428745182,107.12500000000004,102.67668571254826,0.0073703011426999865,0.29226426132290073,-0.28489396018020074
2025-09-16,1514,1177983,122792475,105.0,105.5,103.0,105.0,0.5,1521,106.30000000000011,106.55,107.12500000000004,26.295518207282793,29.122315592903817,37.82697671524276,44.6665153735896,111.57331428745182,107.12500000000004,102.67668571254826,-0.14362411761386795,0.20508658553554698,-0.34871070314941494
2025-09-17,1514,2186723,225047003,105.0,105.0,102.0,102.0,-3.0,2305,105.30000000000011,106.1,107.12500000000004,12.009803921568507,22.252567693744155,26.148762782498753,37.71990472956166,111.57331428745182,107.12500000000004,102.67668571254826,-0.49960408538480294,0.06414845135147698,-0.5637525367362799
2025-09-18,1514,1144156,117541131,103.0,103.5,102.0,102.5,0.5,1185,104.30000000000011,105.6,106.97500000000005,9.597523219814121,15.967615116221916,30.331011341022023,39.4111895227306,111.81726186817039,106.97500000000005,102.13273813182971,-0.7329262357992405,-0.09526648607866653,-0.637659749720574
2025-09-19,1514,1432721,146846919,103.5,103.5,102.0,102.5,0.0,1373,103.30000000000011,105.2,106.80000000000004,3.508771929824442,8.3720330237358,30.331011341022023,39.4111895227306,112.00960651104754,106.80000000000004,101.59039348895254,-0.907376054661853,-0.25768839979530384,-0.6496876548665491
2025-09-22,1514,1099665,113509647,103.5,104.0,102.5,103.5,1.0,1049,103.10000000000011,104.85,106.60000000000005,8.771929824561283,7.292741658066724,39.636701776075114,43.00148645587228,111.99073278877185,106.60000000000005,101.20926721122825,-0.9539407155409805,-0.39693886294443914,-0.5570018525965413
2025-09-23,1514,1200560,123263163,103.5,103.5,102.0,102.5,-1.0,1245,102.60000000000011,104.45,106.32500000000005,8.771929824561283,7.017543859649112,34.292796122837,40.421959961754354,111.95771692879649,106.32500000000005,100.6922830712036,-1.0593239602121969,-0.5294158823979906,-0.5299080778142062
2025-09-24,1514,4093218,428740094,103.5,106.5,103.0,103.0,0.5,3429,102.80000000000011,104.05,106.05000000000004,10.526315789473564,9.35672514619882,39.08363992958292,42.2861544729247,111.76751694356491,106.05000000000004,100.33248305643517,-1.089931072587504,-0.6415189204358933,-0.4484121521516107
2025-09-25,1514,1563573,162766033,103.5,105.5,103.0,103.5,0.5,2177,103.00000000000011,103.65,105.70000000000005,12.955465587044415,10.75123706702653,43.85920101186125,44.167534388435115,111.13507129667592,105.70000000000005,100.26492870332417,-1.0616040971255671,-0.7255359557738281,-0.336068141351739
2025-09-26,1514,2265359,228405767,104.0,104.0,100.0,100.5,-3.0,2461,102.60000000000011,102.95,105.05000000000004,13.765182186234698,12.415654520917668,28.3187740256179,36.48292093929669,109.64238500127692,105.05000000000004,100.45761499872316,-1.2666287847593622,-0.833754521570935,-0.43287426318842726
2025-09-30,1514,917927,92974245,101.5,102.5,100.0,102.5,2.0,1002,102.40000000000012,102.75,104.77500000000005,23.076923076922956,16.599190283400798,43.80527522495696,43.536074841097054,109.28582032450178,104.77500000000005,100.26417967549831,-1.2532819869253302,-0.917660014641814,-0.3356219722835162
2025-10-01,1514,1263010,128391623,102.5,103.0,100.5,100.5,-2.0,1328,102.00000000000011,102.3,104.42500000000004,17.948717948717828,18.263607737291935,34.986712442610475,38.88589618917857,109.11834635414363,104.42500000000004,99.73165364585645,-1.3880868377741677,-1.0117453792682847,-0.3763414585058831
2025-10-02,1514,3328256,329769811,101.5,101.5,97.8,98.1,-2.4,3809,101.02000000000012,101.91,104.00500000000004,16.534040671971574,19.186560565870895,27.29417795078037,34.16936028771015,109.33996954067702,104.00500000000004,98.67003045932306,-1.6693375119403697,-1.1432638058027016,-0.5260737061376681
2025-10-03,1514,1018721,100626744,98.1,99.7,97.8,98.7,0.6,1173,100.06000000000012,101.53,103.56500000000003,7.161803713527742,13.881520778072487,31.67573132829262,36.251109248352854,109.1213567200058,103.56500000000003,98.00864327999425,-1.8228035670627065,-1.2791717580547026,-0.5436318090080039
2025-10-07,1514,2235747,227512024,99.5,103.5,99.1,101.0,2.3,2288,100.16000000000011,101.38000000000001,103.29000000000003,16.858237547892617,13.518027311130751,46.18079319963834,43.61226789794587,108.78213983798203,103.29000000000003,97.79786016201804,-1.7387920311379048,-1.371095812671343,-0.36769621846656175
2025-10-08,1514,904612,91553571,101.5,102.0,100.0,101.5,0.5,863,99.96000000000012,101.18,103.01500000000003,29.885057471264286,17.96836624422832,48.93055268979488,45.096495366168895,108.28274145151008,103.01500000000003,97.74725854848998,-1.6132696935200244,-1.4195305888410794,-0.19373910467894495
2025-10-09,1514,1704603,171535075,102.0,102.5,99.5,99.5,-2.0,1887,99.76000000000012,100.88000000000001,102.66500000000003,33.796088968502666,26.846461329219963,39.51009029951521,40.50390787823638,107.89004545434261,102.66500000000003,97.43995454565746,-1.6560853014431132,-1.4668415313614862,-0.18924377008162696
2025-10-13,1514,1708422,169483091,96.0,101.5,95.4,101.5,2.0,1770,100.44000000000013,100.73,102.39000000000003,45.1789634227484,36.286703287505226,50.60496049317258,46.384117251373546,107.23887615844689,102.39000000000003,97.54112384155317,-1.5112133668934717,-1.4757158984678833,-0.03549746842558843
2025-10-14,1514,1936805,197393701,101.5,103.5,99.9,99.9,-1.6,3177,100.68000000000013,100.37,102.01000000000003,49.52123673053896,42.83209637393012,43.20819005379616,42.74447261507175,106.36334354260603,102.01000000000003,97.65665645739404,-1.5081232373529474,-1.4821973662448962,-0.025925871108051224
2025-10-15,1514,895577,90181191,100.5,102.0,100.0,101.5,1.6,1860,100.78000000000013,100.47,101.71000000000004,67.2648100296678,53.988336727651834,51.48188915391923,47.20576674548664,105.26184459118835,101.71000000000004,98.15815540881172,-1.3608802784553404,-1.4579339486869851,0.09705367023164468
2025-10-16,1514,2170222,223695838,102.0,104.0,102.0,103.0,1.5,2184,101.08000000000013,100.52000000000001,101.63500000000003,73.07876351803989,63.288270092748995,58.15032752733579,51.056097118803045,105.00680960315972,101.63500000000003,98.26319039684034,-1.1103522590517656,-1.3884176107599413,0.2780653517081757
2025-10-17,1514,1023120,104518161,102.5,103.0,101.5,102.5,-0.5,1723,101.68000000000013,100.72,101.51000000000003,82.0796248444826,74.14106613073021,55.19990558375362,49.75353372541236,104.54176516240207,101.51000000000003,98.478234837598,-0.9413020756552015,-1.2989945037389934,0.35769242808379187
2025-10-20,1514,1041394,105568088,103.0,103.5,100.5,100.5,-2.0,2482,101.48000000000013,100.96000000000001,101.43500000000003,76.7441860465115,77.30085813634479,44.6320753733347,44.827059835625995,104.48870267052284,101.43500000000003,98.38129732947722,-0.9576724211347596,-1.2307300872181466,0.273057666083387
2025-10-21,1514,1147458,116829151,101.5,102.5,101.0,101.5,1.0,1234,101.80000000000014,101.24,101.38500000000003,70.9302325581394,76.58468114971129,50.19424021655785,47.61982175031817,104.39981342705548,101.38500000000003,98.37018657294459,-0.8798124647881451,-1.1605465627321463,0.28073409794400117
2025-10-22,1514,700783,71183790,101.5,102.0,101.0,101.5,0.0,778,101.80000000000014,101.28999999999999,101.33500000000004,67.05426356589133,71.57622739018086,50.19424021655784,47.61982175031817,104.30705316236987,101.33500000000004,98.3629468376302,-0.8087847216130086,-1.0901941945083187,0.28140947289531004
2025-10-23,1514,2061221,206358456,102.0,103.0,99.3,99.6,-1.9,2303,101.12000000000015,101.1,101.14000000000003,63.56589147286806,67.18346253229971,39.84314312168434,42.84130171646091,104.02887521363542,101.14000000000003,98.25112478636464,-0.8954862365428937,-1.0512526029152336,0.15576636637233987
2025-10-27,1514,2063888,203806525,100.5,100.5,98.3,98.3,-1.3,2605,100.28000000000014,100.97999999999999,100.93000000000004,39.922480620154886,56.8475452196382,34.21143286887012,39.89170475939461,103.99796349390888,100.93000000000004,97.86203650609119,-1.056913506228213,-1.0523847835778295,-0.004528722650383399
2025-10-28,1514,1383513,134925297,98.7,99.3,96.7,97.4,-0.9,1972,99.66000000000015,100.57,100.65000000000003,19.475416799405195,40.98792963080949,30.7058967719517,37.94398359806233,103.92627837644493,100.65000000000003,97.37372162355514,-1.2431381362525684,-1.0905354541127772,-0.15260268213979122
2025-10-29,1514,955020,93817468,98.5,99.1,97.6,97.9,0.5,1389,98.94000000000014,100.36999999999999,100.37000000000003,8.675799086757904,22.69123216877277,35.021366158730224,39.70529260811775,103.58066971206293,100.37000000000003,97.15933028793714,-1.3349877679097943,-1.1394259168721805,-0.1955618510376138
2025-10-30,1514,3351445,337422735,98.2,102.0,98.2,100.5,2.6,3300,98.74000000000015,100.27,100.37000000000003,27.303250067150056,18.48482198443783,52.83944279069925,47.97436970283654,103.58066971206293,100.37000000000003,97.15933028793714,-1.1843287868103687,-1.1484064908598182,-0.03592229595055052
2025-10-31,1514,17569740,1903396934,101.0,110.5,100.5,110.5,10.0,16854,100.92000000000014,101.02,100.77000000000004,57.4402363685199,31.1397618408094,78.85602719405591,66.82151935028423,106.18150625980982,100.77000000000004,95.35849374019026,-0.2550737014839086,-0.9697399329846362,0.7146662315007276
2025-11-03,1514,51029920,5947007912,115.0,120.0,112.5,116.5,6.0,38181,104.56000000000013,102.41999999999999,101.57000000000004,80.28696457123608,55.010150335635466,84.74638985194548,73.11480509794245,110.29905493166115,101.57000000000004,92.84094506833893,0.9545144559825047,-0.584889055191208,1.5394035111737128
2025-11-04,1514,14306024,1639877726,116.5,118.0,111.5,112.0,-4.5,12036,107.48000000000013,103.56999999999998,102.26500000000004,83.54792560801131,73.75837551592254,68.13722062422848,63.401511513099294,111.94038629719556,102.26500000000004,92.58961370280453,1.5323454687441398,-0.16144215040413845,1.6937876191482784
2025-11-05,1514,10560098,1190814543,111.0,116.0,109.5,116.0,4.0,8819,111.10000000000014,105.01999999999998,103.13000000000004,77.82546494992833,80.55345170972537,73.51930343348316,67.53071322529853,114.34643437104496,103.13000000000004,91.91356562895511,2.286687766848047,0.32818383304629867,1.9585039338017483
2025-11-06,1514,7756599,869731554,116.0,116.0,110.0,110.5,-5.5,8254,113.10000000000014,105.91999999999999,103.60500000000005,69.24177396280386,76.87172150691462,57.845176556430964,57.86361954062702,115.2180056402274,103.60500000000005,91.99199435977269,2.412891131267372,0.7451252926905134,1.6677658385768588
2025-11-07,1514,3956697,424561019,109.5,110.0,105.5,105.5,-5.0,4127,112.10000000000014,106.50999999999999,103.80500000000004,59.94277539341902,69.00333810205052,47.177476708333835,50.75097680857081,115.40387494544015,103.80500000000004,92.20612505455992,2.0854106773934262,1.013182369631096,1.0722283077623302
2025-11-10,1514,2959424,308667678,106.5,107.0,102.5,104.0,-1.5,2912,109.60000000000014,107.08,104.03000000000004,41.85571224197819,57.0134205327338,44.3169776103446,48.812492367866795,115.45945318026861,104.03000000000004,92.60054681973148,1.6854141887184824,1.1476287334485733,0.5377854552699091
2025-11-11,1514,2468394,256751415,105.0,105.5,103.0,103.0,-1.0,2437,107.80000000000014,107.64000000000001,104.10500000000005,29.45267251287633,43.75038671609129,42.321162855003784,47.50964621573281,115.48664750815777,104.10500000000005,92.72335249184232,1.2730475472925917,1.172712496217377,0.10033505107521479
2025-11-12,1514,2354931,240787568,103.0,104.0,101.0,101.5,-1.5,3019,104.90000000000013,108.0,104.18500000000003,18.572660774495493,29.960348509783444,39.229442006917274,45.54589123977436,115.46937415189524,104.18500000000003,92.90062584810482,0.8158024858074384,1.1013304941353892,-0.2855280083279508
2025-11-13,1514,2607704,264455621,101.5,102.5,100.0,101.5,0.0,2557,103.10000000000014,108.1,104.18500000000003,11.548851250685964,19.858061512686035,39.229442006917274,45.54589123977436,115.46937415189524,104.18500000000003,92.90062584810482,0.448265158594765,0.9707174270272644,-0.5224522684324994
2025-11-14,1514,3626375,360108082,100.0,101.0,98.6,98.6,-2.9,4112,101.72000000000014,106.91,103.96500000000003,4.209401709401564,11.44363791152778,32.9039900012487,41.682771290667205,115.50194500290108,103.96500000000003,92.42805499709898,-0.07613890299458603,0.7613461610228943,-0.8374850640174804
2025-11-17,1514,2248507,220432535,99.2,99.6,97.2,97.5,-1.1,2522,100.42000000000014,105.00999999999999,103.71500000000003,3.0319148936168703,6.26338928456824,30.712516075664816,40.28694089786397,115.5801211540365,103.71500000000003,91.84987884596356,-0.5738783939492578,0.4943012500284639,-1.0681796439777216
2025-11-18,1514,3012776,289264312,97.0,97.2,95.0,96.3,-1.2,3430,99.08000000000014,103.43999999999998,103.50500000000004,2.5954069571089295,3.278907853375895,28.312565399043283,38.76199164048255,115.73340545614808,103.50500000000004,91.276594543852,-1.053031802600941,0.18483463950258294,-1.237866442103524
2025-11-19,1514,2950547,281468682,97.5,97.9,94.1,95.2,-1.1,3039,97.82000000000014,101.35999999999999,103.19000000000003,4.901486621679177,3.5096028241350994,26.128991957589054,37.36574894105979,115.9229336761001,103.19000000000003,90.45706632389995,-1.5041858201759055,-0.15296945243311477,-1.3512163677427909
2025-11-20,1514,4255671,417505501,98.4,100.0,96.2,98.6,3.4,4236,97.24000000000015,100.16999999999999,103.04500000000003,15.99747870480634,7.831457427864923,42.20307869946927,44.071658445694055,115.91690351113496,103.04500000000003,90.1730964888651,-1.5692872775901776,-0.43623301746452736,-1.1330542601256504
2025-11-21,1514,7327598,714004012,96.2,100.0,95.1,95.2,-3.4,7213,96.56000000000014,99.14,102.82500000000002,17.150360910320153,12.683108745601999,33.658450176316215,39.51550803515544,116.06990468066783,102.82500000000002,89.5800953193322,-1.8736341484692787,-0.7237132436654776,-1.149920904803801
2025-11-24,1514,1914684,182336206,95.8,96.6,94.4,95.3,0.1,2156,96.12000000000015,98.27,102.67500000000003,18.884685286153953,17.34417496709359,34.116165856616945,39.712917827002734,116.18675414222628,102.67500000000003,89.16324585777377,-2.082753387494563,-0.9955212724312947,-1.0872321150632682
2025-11-25,1514,1536151,145859250,96.0,96.3,94.5,94.5,-0.8,2437,95.76000000000013,97.41999999999999,102.53000000000002,8.844079896711381,14.959708697728606,32.05218977696676,38.626772968359155,116.32436116679476,102.53000000000002,88.73563883320527,-2.2866758296084413,-1.253752183866724,-1.0329236457417172
2025-11-26,1514,1654541,159843579,95.5,97.2,95.2,97.2,2.7,1773,96.16000000000014,96.99,102.495,20.603551038333556,16.110772073733074,45.12428496538383,44.17603339195867,116.33963433969899,102.495,88.65036566030102,-2.2050005255140945,-1.4440018521961981,-0.7609986733178964
2025-11-27,1514,2251930,219814205,97.6,98.6,96.7,97.1,-0.1,3788,95.86000000000016,96.55,102.325,33.51229954030237,20.986643491782548,44.752263696222265,44.01728828403557,116.34582379890635,102.325,88.30417620109365,-2.123858899508406,-1.5799732616586397,-0.5438856378497661
2025-11-28,1514,1934140,187058281,97.5,97.6,96.2,96.9,-0.2,2568,96.20000000000016,96.38,101.64500000000001,47.74420699254883,33.95335252372836,43.907618904888615,43.67922096012282,115.32907468555965,101.64500000000001,87.96092531444037,-2.0520372962331805,-1.6743860685735479,-0.37765122765963266
2025-12-01,1514,1237634,119055310,96.8,97.7,95.2,95.2,-1.7,1763,96.18000000000015,96.15,100.58000000000001,38.98305084745755,40.07985246010302,36.98526833632233,40.81008566968039,112.69983498237394,100.58000000000001,88.46016501762608,-2.1079943045362626,-1.7611077157660908,-0.34688658877017176
2025-12-02,1514,1061208,101009670,95.8,96.1,94.8,94.8,-0.4,1657,96.24000000000015,96.0,99.72,24.414850686037017,37.047369508681236,35.45100429747847,40.141941367761284,110.87931897563563,99.72,88.56068102436437,-2.1597213702490876,-1.8408304466626901,-0.3188909235863975
2025-12-03,1514,792387,75315976,95.7,95.8,94.7,95.1,0.3,809,95.82000000000016,95.99,98.675,12.76230831315555,25.386736615550145,37.71191979388263,40.92314823583951,107.12624251219799,98.675,90.223757487802,-2.151704440306162,-1.9030052453913844,-0.24869919491477743
2025-12-04,1514,921717,88531480,95.3,96.6,95.2,96.4,1.3,980,95.68000000000015,95.77,97.97,22.4206349206347,19.865931306609195,47.082437022134286,44.314643469394746,104.48953986106254,97.97,91.45046013893746,-2.0171988178117743,-1.9258439598754624,-0.09135485793631193
2025-12-05,1514,843838,80921104,96.4,96.5,95.3,96.3,-0.1,1178,95.56000000000016,95.87999999999998,97.51,34.67382888114578,23.285590704978784,46.45525029422092,44.10489346624785,103.06658168301138,97.51,91.95341831698863,-1.8968061071074942,-1.9200363893218688,0.02323028221437462
2025-12-08,1514,2025611,197354721,96.7,98.0,96.5,97.6,1.3,1993,96.04000000000016,96.10999999999999,97.19,55.29348700080394,37.46265026752825,55.45494137241395,47.57858681193725,101.88506123495559,97.19,92.49493876504441,-1.677161606047349,-1.871461432666965,0.19429982661961587
2025-12-09,1514,1931628,190197242,98.5,99.5,97.8,98.1,0.5,2208,96.70000000000016,96.47,96.945,63.03158223889909,50.99963270694971,58.57890338092351,48.89411434736502,100.846012689032,96.945,93.04398731096799,-1.4460764658316094,-1.7863844392998938,0.34030797346828434
2025-12-10,1514,3519781,350823373,98.8,101.0,98.2,98.2,0.1,3438,97.32000000000015,96.57,96.78,66.9159544159542,61.74700788521918,59.24579524197041,49.16886309444681,100.13773733338095,96.78,93.42226266661905,-1.2405701426901317,-1.6772215799779413,0.43665143728780964
2025-12-11,1514,2078819,206581105,100.0,101.5,98.4,98.7,0.5,2003,97.78000000000014,96.72999999999999,96.64,61.737472766884345,63.89500314057932,62.744748332389996,50.598928363580875,99.37452006757745,96.64,93.90547993242255,-1.025537323787944,-1.5468847287399419,0.5213474049519979
2025-12-12,1514,4411013,447003716,99.4,102.5,99.3,101.0,2.3,3655,98.72000000000014,97.14,96.76,65.0494385788502,64.56762192056301,74.49589794817044,56.64175635870239,99.99320274650059,96.76,93.52679725349942,-0.6619014990208427,-1.369888082796122,0.7079865837752792
2025-12-15,1514,20744921,2202267462,103.0,110.0,101.5,102.0,1.0,15617,99.60000000000014,97.82,96.985,62.435059493882875,63.07399027987257,78.01364804512593,58.99054893682565,100.93887152041951,96.985,93.03112847958049,-0.2896865195136229,-1.1538477701396221,0.8641612506259992
2025-12-16,1514,5156532,518622913,100.5,104.0,98.6,98.8,-3.2,4971,99.74000000000014,98.22,97.11,50.93532446473606,59.473274179156476,51.49639465616097,49.71040076248193,101.12691423856417,97.11,93.09308576143583,-0.25003448121579197,-0.9730851123548561,0.7230506311390641
2025-12-17,1514,2087926,207336134,99.6,100.5,98.3,98.3,-0.5,2949,99.76000000000013,98.53999999999999,97.265,30.814968630094516,48.061784196237916,48.491753209006326,48.428431576294265,101.21380994731118,97.265,93.31619005268882,-0.2560047135326897,-0.8296690325904228,0.5736643190577331
2025-12-18,1514,1637704,159824904,97.6,99.1,97.0,97.0,-1.3,1791,99.42000000000014,98.6,97.185,16.145397097777888,32.63189673086959,41.19998257502338,45.16699070290992,101.08693541719673,97.185,93.28306458280328,-0.3614685170455516,-0.7360289294814486,0.374560412435897
2025-12-19,1514,1826434,180974241,98.1,99.9,97.6,99.7,2.7,1734,99.16000000000014,98.94,97.41,14.960365912746722,20.640243880206476,56.90290040036312,52.345268017019265,101.34695313662495,97.41,93.47304686337505,-0.22459293840695693,-0.6337417312665503,0.4091487928595934
2025-12-22,1514,2241770,227804605,100.5,102.5,100.0,102.0,2.3,2176,99.16000000000014,99.38,97.745,20.97815764482417,17.36130688511636,65.94212720998854,57.45476170265891,102.031478741342,97.745,93.45852125865801,0.06868100996695148,-0.49325718301984994,0.5619381929868015
2025-12-23,1514,1872957,191782987,102.5,104.0,101.0,101.5,-0.5,1925,99.70000000000013,99.72,98.095,31.28205128205114,22.40685827987411,62.61149795488471,56.04787906509491,102.40752826077451,98.095,93.78247173922549,0.25778531698392726,-0.34304868301909447,0.6008340000030217
2025-12-24,1514,797883,81267585,102.5,102.5,101.5,102.0,0.5,870,100.44000000000014,100.1,98.33500000000001,37.17948717948703,29.813232035454217,64.69206831336396,57.17713465470335,102.94554226745252,98.33500000000001,93.72445773254749,0.44289227755864147,-0.18586049090354728,0.6287527684621887
2025-12-26,1514,1438883,147460483,102.5,103.5,101.5,103.0,1.0,1437,101.64000000000013,100.52999999999999,98.63000000000001,39.7435897435896,36.06837606837603,68.74972227794454,59.422624252169356,103.62563809737793,98.63000000000001,93.63436190262209,0.662643972851555,-0.016159598152526822,0.6788035710040818
2025-12-29,1514,889540,90483332,103.5,103.5,101.0,101.0,-2.0,1046,101.90000000000013,100.52999999999999,98.83500000000001,47.252747252747106,41.39194139194135,54.212565470092756,53.39245011377384,103.86621257749836,98.83500000000001,93.80378742250166,0.667718446681036,0.12061601081418574,0.5471024358668503
2025-12-30,1514,883055,88434118,101.5,101.5,99.5,100.5,-0.5,1087,101.60000000000014,100.37999999999998,99.1,51.09890109890096,46.031746031745996,51.06333461684491,51.97248968995576,103.88998956157332,99.1,94.31001043842667,0.6241988071265752,0.22133257007666363,0.40286623704991154
2025-12-31,1514,1039508,103735524,101.0,101.0,99.4,99.5,-1.0,1161,101.20000000000013,100.44999999999999,99.33500000000001,47.61904761904748,48.65689865689862,44.96815643009428,49.156739404396916,103.70044384913795,99.33500000000001,94.96955615086206,0.5032167669385785,0.2777094094490466,0.22550735748953193
2026-01-02,1514,1822610,180245863,100.0,100.5,98.1,98.1,-1.4,2266,100.42000000000014,100.42999999999999,99.485,31.1755952380951,43.29784798534795,37.63142355850092,45.44466841474822,103.44544189453315,99.485,95.52455810546685,0.2910146925241861,0.2803704660640745,0.010644226460111594
2026-01-05,1514,1712023,166725446,98.5,98.5,96.9,96.9,-1.2,2224,99.20000000000013,100.41999999999999,99.51,14.508928571428434,31.101190476190443,32.3529169807689,42.48331974170007,103.39787859892455,99.51,95.62212140107546,0.0257166035382852,0.22943969355891664,-0.20372309002063144
2026-01-06,1514,1336328,129667162,97.0,97.7,96.7,96.7,-0.2,1751,98.34000000000013,100.11999999999999,99.53,2.6041666666665315,16.096230158730126,31.49393724873008,41.99217621873302,103.35523201910425,99.53,95.70476798089575,-0.19838550724598747,0.14387465339793581,-0.3422601606439233
2026-01-07,1514,1524325,147168517,97.2,97.2,96.0,96.6,-0.1,1956,97.56000000000013,99.58,99.48,2.666666666666509,6.59325396825393,31.013608514563103,41.732388923217066,103.42897455043365,99.48,95.53102544956636,-0.3796804885470948,0.039163625008929684,-0.41884411355602447
2026-01-08,1514,1639362,159104572,98.0,98.9,96.3,96.6,0.0,1720,96.98000000000013,99.09,99.405,5.33333333333315,3.5347222222221695,31.013608514563103,41.732388923217066,103.50986296969573,99.405,95.30013703030427,-0.5173938728878795,-0.07214787457043216,-0.4452459983174474
2026-01-09,1514,2081272,203562833,96.8,98.8,96.1,97.8,1.2,2066,96.92000000000013,98.66999999999999,99.385,13.333333333333139,7.111111111111039,44.77144429575133,46.351493312039324,103.51696079361598,99.385,95.25303920638403,-0.5236662523812328,-0.16245155013259227,-0.3612147022486405
2026-01-12,1514,2928619,289034836,98.6,99.6,97.1,99.0,1.2,2999,97.34000000000012,98.27,99.4,28.848484848484677,15.838383838383763,55.19585817017367,50.57131683104118,103.5240756540078,99.4,95.27592434599221,-0.42688630751270296,-0.2153385016086144,-0.21154780590408856
2026-01-13,1514,4677473,469786821,101.0,102.5,98.5,99.0,0.0,3916,97.80000000000013,98.07,99.3,41.566433566433425,27.916083916083853,55.195858170173665,50.57131683104118,103.36054183576317,99.3,95.23945816423682,-0.3461967631568825,-0.24151015391826802,-0.1046866092386145
2026-01-14,1514,10389146,1099656797,100.5,108.5,100.5,108.5,9.5,7609,100.18000000000013,98.86999999999999,99.625,66.89976689976676,45.77156177156172,85.23203272070387,71.298851554997,105.24064778097626,99.625,94.00935221902374,0.4788015609185692,-0.09744781095090058,0.5762493718694698
2026-01-15,1514,21596028,2311411794,110.5,112.0,104.0,104.0,-4.5,14785,101.66000000000012,99.32,99.885,65.38461538461524,57.95027195027191,62.19147407196564,58.734609650648295,105.79745295964187,99.885,93.97254704035814,0.7607369822207772,0.07418914768343501,0.6865478345373422
2026-01-16,1514,28287584,3144796933,107.5,114.0,106.0,114.0,10.0,23416,104.90000000000013,100.91,100.67,83.33333333333319,71.87257187257183,77.77079166498113,70.97505719591507,109.1456356693748,100.67,92.1943643306252,1.7706779877171357,0.41348691569017515,1.3571910720269607
2026-01-19,1514,37324427,4468351754,114.5,124.0,112.0,120.0,6.0,27529,109.10000000000014,103.21999999999998,101.82000000000001,78.57142857142843,75.76312576312573,82.74720270630552,75.643410803081,113.59210261592965,101.82000000000001,90.04789738407037,3.0203961203685026,0.9348687566258407,2.0855273637426617
2026-01-20,1514,34598589,4317679461,120.0,129.5,118.0,127.0,7.0,29123,114.70000000000013,106.24999999999997,103.18499999999999,92.74308525805516,84.88261572093903,86.77652087488194,79.73796721300123,119.21737661733262,103.18499999999999,87.15262338266736,4.523504103267797,1.652595825954232,2.870908277313565
2026-01-21,1514,32131626,4386952935,131.0,139.5,130.5,139.5,12.5,21996,120.90000000000013,110.53999999999996,105.05999999999999,92.74308525805516,88.01919969584634,91.10460734036329,84.68809378855153,127.56443511843831,105.05999999999999,82.55556488156166,6.64675390065878,2.6514274408951417,3.995326459763638
2026-01-22,1514,72094346,10180753424,143.5,145.0,138.0,140.5,1.0,42091,128.20000000000013,114.92999999999998,107.00999999999999,94.3734660116092,93.28654550923993,91.36829132054464,85.0037331246401,134.21116909252228,107.00999999999999,79.80883090747768,8.314294295758174,3.784000811867748,4.530293483890426
2026-01-23,1514,29051055,4157971113,144.5,148.0,140.0,142.5,2.0,22243,133.90000000000015,119.39999999999998,109.035,93.16477228794542,93.42710785253668,91.92669319133743,85.64125209256665,140.1860690025236,109.035,77.88393099747641,9.685566180286088,4.964313885551416,4.721252294734672
2026-01-26,1514,15964824,2215043491,144.0,144.0,135.0,139.0,-3.5,16271,137.70000000000013,123.39999999999998,110.835,86.84898281426122,91.4624070379387,81.20163401583812,79.28875762932795,144.44638348833604,110.835,77.22361651166395,10.370345392605259,6.045520186962184,4.324825205643075
2026-01-27,1514,12351637,1646539174,139.0,139.0,131.0,133.0,-6.0,11913,138.90000000000015,126.79999999999998,112.43499999999999,78.61687045897558,86.21020852039418,65.838839488107,69.73875741299715,147.05287255161693,112.43499999999999,77.81712744838303,10.310040269577783,6.898424203485304,3.4116160660924795
2026-01-28,1514,21427402,2906800070,133.0,140.0,130.0,138.5,5.5,17702,138.70000000000013,129.79999999999998,114.335,74.78089162299675,80.08224829874462,71.58757121767356,72.95451077741349,150.2702904538143,114.335,78.39970954618568,10.584045768407208,7.635548516469685,2.948497251937523
2026-01-29,1514,11597497,1557439425,137.5,140.0,131.5,132.5,-6.0,10215,137.10000000000014,132.64999999999998,115.98499999999999,66.74482924482912,73.38086377560059,58.95970244888249,64.85742198406366,152.07423800802673,115.98499999999999,79.89576199197325,10.199474056454136,8.148333624466575,2.0511404319875606
2026-01-30,1514,9542704,1209246612,130.5,132.5,123.5,123.5,-9.0,9454,133.30000000000013,133.59999999999997,117.255,50.88624338624326,64.13732141802315,45.052265117976816,54.99707328466954,152.51548638348595,117.255,81.99451361651404,9.063989392599666,8.331464778093194,0.7325246145064721
2026-02-02,1514,6219216,748831137,120.0,122.0,118.5,121.5,-2.0,5531,129.80000000000013,133.74999999999997,118.48499999999999,28.48242310106704,48.7044985773799,42.45590906885057,53.066333081607056,152.51423889833583,118.48499999999999,84.45576110166414,7.911527170006011,8.247477256475758,-0.33595008646974733
2026-02-03,1514,9074804,1134319663,125.0,127.0,121.5,126.0,4.5,7383,128.40000000000015,133.64999999999998,119.95,17.975517890772,32.448061459360865,50.017223565878396,56.745759741440985,152.59631679071916,119.95,87.30368320928085,7.277415432418323,8.053464891664271,-0.7760494592459484
2026-02-04,1514,4668385,587222065,123.5,128.0,122.5,126.0,0.0,5050,125.90000000000013,132.29999999999998,121.42,20.33898305084733,22.26564134756222,50.01722356587839,56.745759741440985,152.3297783880764,121.42,90.51022161192361,6.697670732799267,7.782306059891271,-1.0846353270920037
2026-02-05,1514,3893942,477422713,124.0,126.5,120.5,120.5,-5.5,4492,123.50000000000014,130.29999999999998,122.61500000000001,19.563531627340073,19.292677522986562,41.04499157720153,51.07050501804513,151.3667842924571,122.61500000000001,93.86321570754289,5.728381629305147,7.371521173774046,-1.643139544468899
2026-02-06,1514,4575979,545161977,120.0,123.0,116.0,119.5,-1.0,4366,122.70000000000013,127.99999999999997,123.7,15.950066467264742,18.617527048484142,39.54044189778055,50.08961208396381,150.17149410214662,123.7,97.22850589785338,4.823914307430201,6.861999800505277,-2.0380854930750765
2026-02-09,1514,2667483,322414145,123.0,123.5,119.5,119.5,0.0,2625,122.30000000000014,126.04999999999998,124.725,12.336601307189413,15.950066467264838,39.54044189778056,50.08961208396381,148.76761840981538,124.725,100.68238159018462,4.060312681375123,6.301662376679246,-2.241349695304123
2026-02-10,1514,4737651,578250744,121.0,124.0,120.0,122.0,2.5,3790,121.50000000000014,124.94999999999997,125.875,18.055555555555426,15.447407776669955,46.24539335185177,52.72240215327535,146.89612033170425,125.875,104.85387966829575,3.6152081289801146,5.76437152713942,-2.1491633981593052
2026-02-11,1514,2967605,359872790,121.5,122.5,119.5,122.0,0.0,3732,120.70000000000013,123.29999999999998,126.55,25.315656565656436,18.56927114280052,46.245393351851774,52.72240215327535,146.11246405747465,126.55,106.98753594252534,3.2252805380269933,5.256553329316935,-2.0312727912899415
2026-02-23,1514,3678272,456467476,123.5,125.5,121.0,124.5,2.5,3908,121.50000000000014,122.49999999999997,127.575,44.06565656565644,29.145622895622864,53.295320718144765,55.448000473151225,144.23715772341566,127.575,110.91284227658433,3.0824565788696816,4.821733979227484,-1.7392774003578024
2026-02-24,1514,2999765,369926820,125.0,125.0,122.5,123.0,-1.5,3450,122.20000000000013,122.44999999999997,128.025,55.176767676767554,41.51936026936024,48.81394929842885,53.45666581694084,143.6502199984505,128.025,112.39978000154952,2.8157716356111706,4.420541510504221,-1.6047698748930506
2026-02-25,1514,21223545,2742361395,124.5,132.5,123.0,130.5,7.5,16501,124.40000000000013,123.34999999999998,128.55,72.34848484848472,57.19696969696967,65.65846053332504,60.99875292679056,143.7615088009037,128.55,113.33849119909632,3.1730324733931212,4.171039703082001,-0.9980072296888798
2026-02-26,1514,17045564,2184270440,129.0,132.0,122.5,128.0,-2.5,14664,125.60000000000014,123.54999999999998,128.6,72.97979797979785,66.8350168350168,58.209035872374756,57.64552495676355,143.79736819321002,128.6,113.40263180678997,3.2173475745226483,3.9803012773701303,-0.762953702847482
2026-03-02,1514,5007341,630012312,123.0,129.0,123.0,124.0,-4.0,5243,126.00000000000014,123.34999999999998,127.825,69.69696969696956,71.67508417508414,48.03570870478563,52.65772652338251,142.2827833709038,127.825,113.36721662909622,2.89631413438741,3.763503848773586,-0.8671897143861762
2026-03-03,1514,6165052,767026843,125.0,128.5,122.0,122.5,-1.5,5196,125.60000000000014,123.54999999999998,126.925,48.09634809634795,63.59103859103856,44.623655410854084,50.87983625779262,140.3163218167585,126.925,113.5336781832415,2.4921276598154805,3.509228610981965,-1.0171009511664844
2026-03-04,1514,5915681,681217441,120.0,120.5,112.0,113.0,-9.5,6105,123.60000000000014,122.89999999999998,125.45,25.479940114086315,47.75775263580138,29.264395333825572,41.356240922035745,138.13424219257834,125.45,112.76575780742165,1.3892222719335905,3.08522734317229,-1.6960050712386994
2026-03-05,1514,3231700,377543204,117.0,118.5,114.5,117.0,4.0,2942,120.90000000000013,122.64999999999998,124.35,17.44840525328316,30.341564487905913,39.49456253899687,45.944190861859106,135.90897919368285,124.35,112.79102080631714,0.8283793353089379,2.6338577415996194,-1.8054784062906815
2026-03-06,1514,5232541,623175422,116.0,122.0,114.5,117.5,0.5,4737,118.80000000000014,122.19999999999997,123.575,18.699186991869777,20.54251078641319,40.74433609920736,46.50754834682523,134.7833674101084,123.575,112.36663258989158,0.41941829567072375,2.1909698524138403,-1.7715515567431166
2026-03-09,1514,4278819,470184658,110.5,113.0,108.0,111.0,-6.5,4475,116.20000000000013,121.09999999999998,122.2,21.154803384768403,19.100798543307217,31.024961504641297,40.58587263818136,132.45377979088613,122.2,111.94622020911387,-0.42429098946657007,1.667917684037758,-2.092208673504328
2026-03-10,1514,2626887,295943952,113.0,114.5,111.0,112.0,1.0,2606,114.10000000000014,119.84999999999998,121.175,18.466898954703694,19.440296443780728,33.8569327442857,41.813356542549975,131.2013403094045,121.175,111.14865969059551,-1.0007094779420385,1.1341922516417986,-2.134901729583837
2026-03-11,1514,2528181,291329012,114.0,116.5,114.0,115.5,3.5,2534,114.60000000000014,119.09999999999998,120.775,19.94047619047605,19.854059509982818,43.353839978541956,46.0170893852405,131.03402042107254,120.775,110.51597957892749,-1.1617130289932902,0.6750111955147808,-1.836724224508071
2026-03-12,1514,2329884,266752609,114.0,117.0,113.0,113.5,-2.0,2436,113.90000000000013,117.39999999999998,120.375,24.58900226757356,20.998792470917873,39.56650040747511,44.0583067751495,131.1028842275626,120.375,109.64711577243737,-1.434160676922403,0.25317682102734407,-1.687337497949747
2026-03-13,1514,1946756,222736883,112.0,116.0,111.5,115.5,2.0,2056,113.50000000000014,116.14999999999998,119.85,31.341947348044773,25.29047526869823,45.15611280809467,46.51031443359211,130.45235822824284,119.85,109.24764177175715,-1.47172894037773,-0.09180433125367082,-1.3799246091240591
2026-03-16,1514,2397724,276475314,116.5,116.5,113.5,115.5,0.0,2189,114.40000000000013,115.29999999999998,119.325,38.782423538520966,31.571124384713205,45.15611280809467,46.5103144335921,129.6945467596221,119.325,108.9554532403779,-1.484390925245819,-0.37032165005210044,-1.1140692751937185
2026-03-17,1514,3234666,382417088,116.0,120.0,115.5,117.5,2.0,3146,115.50000000000014,114.79999999999998,119.175,52.67131242740985,40.931894437991964,51.28849327988987,49.097880504436375,129.55900211864346,119.175,108.79099788135653,-1.3178509883163088,-0.5598275177049421,-0.7580234706113667
2026-03-18,1514,2517329,299979568,119.5,120.5,117.5,119.5,2.0,2472,116.30000000000014,115.44999999999997,119.175,67.85714285714272,53.10362627435794,56.90967267739887,51.61837932443053,129.55900211864346,119.175,108.79099788135653,-1.0128085763251988,-0.6504237294289934,-0.3623848468962054
2026-03-19,1514,2513467,294579176,118.0,119.0,116.0,117.5,-2.0,2494,117.10000000000014,115.49999999999997,119.075,75.3333333333332,65.28726287262869,50.15702019718808,49.0051527674577,129.48304976928844,119.075,108.66695023071158,-0.9218174150635008,-0.7047024665558949,-0.21711494850760593
2026-03-20,1514,2525675,291416527,118.5,118.5,113.5,115.0,-2.5,2741,117.00000000000014,115.24999999999997,118.725,66.74937343358384,69.97994987468668,42.75817014690897,45.87852054488729,129.18671592044032,118.725,108.26328407955965,-1.0394532013677065,-0.7716526135182572,-0.26780058784944927
2026-03-23,1514,3286787,371773144,112.0,117.0,110.5,111.5,-3.5,3560,116.20000000000013,115.29999999999998,118.2,42.70175438596479,61.594820384294046,34.45629957510029,41.852557596057835,128.99999999999963,118.2,107.40000000000036,-1.398974649881069,-0.8971170207908196,-0.5018576290902493
2026-03-24,1514,2295497,258867179,114.0,114.5,110.0,113.0,1.5,2208,115.30000000000014,115.39999999999998,117.625,26.89223057644098,45.447786131996644,40.256189731866,44.115931395708344,128.24514595003248,117.625,107.00485404996752,-1.5450501477205165,-1.026703646176759,-0.5183465015437576
2026-03-25,1514,2120304,244539359,114.5,117.0,114.0,114.5,1.5,2160,114.30000000000014,115.29999999999998,117.2,27.14285714285702,32.245614035087705,45.84680593235467,46.36428405608795,127.60384544291152,117.2,106.79615455708849,-1.522231234087954,-1.125809163758998,-0.39642207032895604
2026-03-26,1514,1822892,205144910,115.5,115.5,110.5,110.5,-4.0,2645,112.90000000000013,114.99999999999997,116.2,25.396825396825275,26.4773043720412,35.50914102979732,41.562213864676856,125.0226980000445,116.2,107.3773019999555,-1.806094122448897,-1.261866155496978,-0.5442279669519192
2026-03-27,1514,2105484,227179222,107.5,109.0,107.0,109.0,-1.5,2420,111.70000000000013,114.34999999999998,115.25,20.81128747795402,24.450323339212215,32.32074148316766,39.89356947166346,122.78325958665872,115.25,107.71674041334128,-2.1275696717636094,-1.4350068587503042,-0.6925628130133052
2026-03-30,1514,1881714,197939070,106.0,106.5,104.0,105.0,-4.0,2499,110.40000000000013,113.29999999999998,114.3,8.545775212441754,18.25129602907379,25.26341574928862,35.76945373895332,121.97072356430533,114.3,106.62927643569466,-2.674280490494354,-1.6828615850991142,-0.9914189053952398
2026-03-31,1514,2672352,272899608,104.0,105.5,100.0,101.5,-3.5,2990,108.10000000000014,111.69999999999997,113.25,9.590052572508588,12.98237175430156,20.658579891893236,32.59431609456426,121.83778201865799,113.25,104.66221798134201,-3.3513413257905853,-2.0165575332374086,-1.3347837925531767
2026-04-01,1514,1898127,195803104,102.5,104.5,102.0,103.0,1.5,1882,105.80000000000014,110.04999999999998,112.75,10.057186372975723,9.397671385975462,27.285519250202007,35.24719093378261,122.43245836551779,112.75,103.06754163448221,-3.7239520505863197,-2.3580364367071907,-1.365915613879129
2026-04-02,1514,1237336,126036916,103.5,104.5,100.5,100.5,-2.5,1688,103.80000000000014,108.34999999999998,111.925,9.017376509636447,9.554871818373693,23.47326340915557,32.92159358547886,122.76139700269377,111.925,101.08860299730623,-4.172875529550652,-2.721004255275883,-1.4518712742747688
2026-04-07,1514,1015590,102194699,102.5,102.5,100.0,100.0,-0.5,2138,102.00000000000014,106.84999999999998,111.05,6.385797562268027,8.486786814960173,22.73217901437907,32.460300203983635,122.73717245530283,111.05,99.36282754469717,-4.5169281067500435,-3.080189025570715,-1.4367390811793284
2026-04-08,1514,1677791,174500848,102.5,105.5,102.0,105.5,5.5,2412,102.10000000000014,106.24999999999997,110.775,11.764705882352816,9.055959984752537,45.01163118144205,42.07507702349818,122.71013720071905,110.775,98.83986279928097,-4.296263566302272,-3.3234039337170267,-0.9728596325852457
2026-04-09,1514,1463212,150940332,107.0,107.0,102.0,103.0,-2.5,2724,102.40000000000013,105.24999999999997,110.325,17.235926628715877,11.795476691112347,39.04182701919805,39.334065148063075,122.71158548591947,110.325,97.93841451408053,-4.273848173457978,-3.513492781665217,-0.760355391792761
2026-04-10,1514,1383867,143361165,104.0,104.5,102.5,104.5,1.5,1799,102.70000000000013,104.24999999999997,109.775,33.902593295382545,20.967741935483854,44.22038545889328,41.784594225595875,122.17046287961787,109.775,97.37953712038214,-4.087923313839724,-3.6283788881001184,-0.4595444257396055
2026-04-13,1514,1936946,203141568,105.0,107.0,102.5,106.5,2.0,2156,103.90000000000013,103.84999999999998,109.425,54.07066052227329,35.06972681545735,50.73118842318056,44.97605916138108,121.77520242749067,109.425,97.07479757250933,-3.73612550856798,-3.6499282121936907,-0.08619729637428941
2026-04-14,1514,1674097,179266338,108.5,108.5,106.0,107.5,1.0,1884,105.40000000000013,103.69999999999997,109.025,77.03081232492984,55.001355380862,53.87199038332602,46.553757661174544,121.07686707527026,109.025,96.97313292472975,-3.338151438813,-3.5875728575175527,0.2494214187045527
2026-04-15,1514,4791420,531693563,109.0,113.0,109.0,109.0,1.5,4531,106.10000000000014,104.09999999999998,108.7,83.44106873518625,71.51418052746324,58.5015376288751,48.91968722632079,120.38075340035854,108.7,97.01924659964146,-2.8686486612122195,-3.443788018256486,0.5751393570442667
2026-04-16,1514,3451366,382082138,111.5,113.0,108.5,111.5,2.5,3464,107.80000000000014,105.09999999999998,108.4,81.97586726998479,80.81591611003374,65.27762199938014,52.67950941225542,119.45260150371766,108.4,97.34739849628235,-2.2686832524228606,-3.208767065089761,0.9400838126669004
2026-04-17,1514,4660471,526198945,112.5,114.5,110.5,114.0,2.5,4281,109.70000000000013,106.19999999999997,108.125,84.74801061007945,83.38831553841693,70.83377085807724,56.15501779166795,118.29788061465328,108.125,97.95211938534672,-1.5733407440845042,-2.8816818008887095,1.3083410568042053
2026-04-20,1514,5278891,607005631,114.0,117.5,112.5,113.0,-1.0,4722,111.00000000000014,107.44999999999997,107.9,85.32700151165099,84.01695979723851,65.91184927962351,54.43285235549208,117.41104620953892,107.9,98.38895379046109,-1.0903989983027742,-2.5234252403715223,1.433026242068748
2026-04-21,1514,2379301,271217172,114.0,115.0,113.0,114.0,1.0,2526,112.30000000000014,108.84999999999998,107.85,81.64627363737473,83.90709525303517,68.4680336311745,55.889689797970185,117.22069901341358,107.85,98.47930098658641,-0.6198275564703408,-2.142705703591286,1.5228781471209452
2026-04-22,1514,1844264,210681346,114.5,116.0,113.0,113.5,-0.5,2254,113.20000000000013,109.64999999999998,107.95,73.90681003584216,80.29336172828941,65.59857524211445,54.94381693664903,117.51504051219771,107.95,98.38495948780229,-0.28396870538827557,-1.770958303950684,1.4869895985624084
2026-04-23,1514,3856735,431935848,115.0,116.5,108.5,111.0,-2.5,3906,113.10000000000014,110.44999999999997,107.85,69.13978494623643,74.89762287315122,52.71197971842293,50.35502303478447,117.24201788754641,107.85,98.45798211245358,-0.21702551772696665,-1.4601717467059405,1.2431462289789739
2026-04-24,1514,1936508,217199553,112.5,113.5,110.0,112.5,1.5,2888,112.80000000000014,111.24999999999997,107.75,62.17391304347813,68.40683600851902,58.42856684949208,52.89695900123977,116.89603739331886,107.75,98.60396260668114,-0.04244580639429785,-1.176626558643612,1.1341807522493141
2026-04-27,1514,1490713,166337274,113.5,113.5,110.0,111.5,-1.0,1877,112.50000000000014,111.74999999999997,107.8,48.840579710144794,60.05142589995324,53.406998309423614,51.02138184900571,117.0162899259945,107.8,98.5837100740055,0.015044802842339777,-0.9382922863464216,0.9533370891887614
2026-04-28,1514,1206995,133740944,112.0,112.0,110.0,110.5,-1.0,1488,111.80000000000014,112.04999999999998,107.875,37.359098228663306,49.45786366076219,48.54000481674583,49.14480427814304,117.15333497994047,107.875,98.59666502005953,-0.019856227560197226,-0.7546050745891767,0.7347488470289795
2026-04-29,1514,1075206,118908474,110.5,111.5,110.0,111.0,0.5,1595,111.30000000000014,112.24999999999997,108.175,27.77777777777764,37.992485238862024,51.13750183186444,50.132418417750245,117.45010107761615,108.175,98.89989892238384,-0.007088018017341824,-0.6051016632748097,0.5980136452574679
2026-04-30,1514,1809249,201252906,111.5,113.0,109.5,110.0,-1.0,1941,111.10000000000014,112.09999999999998,108.6,22.222222222222083,29.119699409554457,45.7492700374358,48.11967091441106,117.37838253894134,108.6,99.82161746105865,-0.07677573968014428,-0.49943647855587664,0.42266073887573236
2026-05-04,1514,5673982,674147089,113.0,121.0,112.5,121.0,11.0,4918,112.80000000000014,112.79999999999998,109.5,48.14814814814801,32.71604938271602,76.93633662785729,64.84135824377951,119.41463564635576,109.5,99.58536435364424,0.7469934326886545,-0.2501504963069704,0.9971439289956249
2026-05-05,1514,13146758,1570071984,123.0,123.0,116.0,120.0,-1.0,13302,114.50000000000014,113.49999999999997,110.475,65.32567049808415,45.232013622818194,72.51502576260971,62.857872637832514,120.49235993163812,110.475,100.45764006836187,1.3041118049697502,0.06070196394837374,1.2434098410213765
2026-05-06,1514,7060694,851073779,122.5,125.0,117.5,118.5,-1.5,6879,116.10000000000014,113.94999999999997,111.4,79.9721351445488,64.48198459692709,65.88875887742887,59.89805072348199,120.77336652435966,111.4,102.02663347564035,1.606080765532198,0.3697777242651386,1.2363030412670595
2026-05-07,1514,7529426,913496165,121.5,125.0,119.0,119.5,1.0,7371,117.80000000000014,114.54999999999998,112.1,68.14417815530147,71.14732793264493,68.152232525152,61.20942173990831,121.69479025304867,112.1,102.50520974695132,1.904135298559396,0.6766492391239901,1.2274860594354058
2026-05-08,1514,18383578,2298750893,120.5,131.0,120.0,123.5,4.0,15650,120.50000000000014,115.79999999999998,113.125,63.41282290269523,70.50971206751528,75.68241029364512,65.99899215535984,122.98844260387779,113.125,103.26155739612221,2.4350425788677796,1.028327907072748,1.4067146717950316
2026-05-11,1514,9838062,1229868233,125.0,127.0,122.5,126.5,3.0,8682,121.60000000000014,117.19999999999997,114.225,69.56739184796186,67.04146430198631,79.85098913041102,69.08234226305444,124.87147829096499,114.225,103.578521709035,3.0625620425980884,1.435174734177816,1.6273873084202723
2026-05-12,1514,5599355,695056655,126.5,126.5,123.0,123.5,-3.0,5790,122.30000000000014,118.39999999999998,115.075,69.76744186046498,67.5825522037075,66.54289220241036,62.93602410700196,125.83267168117648,115.075,104.31732831882353,3.279991114835809,1.8041380103094147,1.4758531045263945
2026-05-13,1514,4499086,542006064,122.0,123.5,119.0,120.5,-3.0,15540,122.70000000000013,119.39999999999998,115.725,65.11627906976732,68.15037092606485,55.71060179716986,57.433083794499396,126.13881294243346,115.725,105.31118705756653,3.1736464721179374,2.078039702671119,1.0956067694468183
2026-05-14,1514,4786298,565483986,122.0,122.0,116.0,116.5,-4.0,11496,122.10000000000014,119.94999999999997,116.1,45.9668971296877,60.2835393533068,44.45384095696971,51.02665480580841,126.04786409235629,116.1,106.1521359076437,2.7350727893946214,2.2094463200158194,0.525626469378802
2026-05-15,1514,5143920,611320506,118.0,122.0,115.5,116.5,0.0,4811,120.70000000000013,120.59999999999998,116.35,26.412008407507155,45.83172820232085,44.45384095696971,51.02665480580841,126.0716253785051,116.35,106.62837462149488,2.3602920090342394,2.2396154578195033,0.12067655121473608
2026-05-18,1514,3082857,351336176,115.0,116.0,112.5,115.5,-1.0,3444,118.50000000000014,120.04999999999998,116.425,14.763150247021088,29.047351928072114,41.59401242607553,49.42806561961022,126.09596168951099,116.425,106.75403831048901,1.9599903491047854,2.1836904360765597,-0.22370008697177424
2026-05-19,1514,2572488,296161476,115.5,117.5,113.5,113.5,-2.0,2480,116.50000000000014,119.39999999999998,116.45,9.357744841615682,16.84430116538144,36.165270393798274,46.30364407997712,126.0879458392328,116.45,106.8120541607672,1.4644834605662709,2.039849040974502,-0.5753655804082309
2026-05-20,1514,1443425,163194078,114.0,114.5,112.0,113.0,-0.5,1841,115.00000000000014,118.84999999999998,116.4,8.96159317211936,11.027496086918843,34.83903297261757,45.52881300766481,126.0984534849626,116.4,106.7015465150374,1.0196905027589906,1.8358173333313996,-0.816126830572409
2026-05-21,1514,2874829,337744544,114.5,119.0,114.5,118.0,5.0,2967,115.30000000000014,118.69999999999997,116.625,16.889521100047286,11.736286371260908,54.3637989042537,53.84615287002773,126.2524347569841,116.625,106.9975652430159,1.0584459859269657,1.6803430638505128,-0.6218970779235471
2026-05-22,1514,4919110,596528273,120.0,123.0,118.0,122.5,4.5,4694,116.50000000000014,118.59999999999998,117.2,39.22565033272824,21.69225486829843,65.28565766970364,59.7960985557307,126.78853482029386,117.2,107.61146517970614,1.4357222649226458,1.6314189040649394,-0.19569663914229363
2026-05-25,1514,4760617,585902221,125.0,125.0,121.5,122.5,0.0,4805,117.90000000000013,118.19999999999997,117.7,64.39434129089288,40.169837574556276,65.28565766970364,59.7960985557307,127.29895827681239,117.7,108.10104172318762,1.7149475859030616,1.6481246404325638,0.06682294547049783
2026-05-26,1514,12480121,1581545153,126.0,129.0,124.0,124.0,1.5,13579,120.00000000000014,118.24999999999997,118.325,74.59041972226542,59.40347044862898,68.6858255625684,61.70463065440747,127.85534626862975,118.325,108.79465373137026,2.033828420450078,1.7252653964360667,0.30856302401401137
2026-05-27,1514,14329362,1836287188,126.0,132.5,124.0,125.0,1.0,18632,122.40000000000013,118.69999999999997,119.05,71.59070006989647,70.1918203610184,70.90250338915386,62.966795237791075,128.29067097130857,119.05,109.80932902869142,2.3402583800473167,1.8482639931583167,0.491994386889
2026-05-28,1514,22023682,2873441846,127.5,136.5,124.5,125.5,0.5,19403,123.90000000000013,119.59999999999998,119.775,63.03497008559506,69.73869662591912,72.05638434025333,63.612562299910216,128.64334257344544,119.775,110.90665742655459,2.5935552614406134,1.997322246814776,0.5962330146258374
2026-05-29,1514,6371134,804716528,128.5,129.0,125.0,125.5,0.0,7301,124.50000000000014,120.49999999999997,120.55,57.87290525966469,64.16619180505221,72.05638434025335,63.6125622999102,128.53060148109074,120.55,112.56939851890925,2.762451048726632,2.150348007197147,0.612103041529485
2026-06-01,1514,5070369,642426294,126.0,129.0,124.0,126.5,1.0,5174,125.30000000000014,121.59999999999998,120.825,56.46258503401345,59.12348679309121,74.77902781884268,65.02710336536023,129.21710938918122,120.825,112.43289061081879,2.9430679641361763,2.308891998584953,0.6341759655512234
2026-06-02,1514,4659228,575468457,126.0,126.0,121.0,124.0,-2.5,5200,125.30000000000014,122.64999999999998,121.025,52.48917748917734,55.6082225942853,58.23091156271406,58.866066675065255,129.51896844825694,121.025,112.53103155174306,2.8516075079569134,2.417435100459345,0.43417240749756836
2026-06-03,1514,22381223,2972744496,126.5,136.0,124.5,136.0,12.0,16986,127.50000000000014,124.94999999999997,121.9,66.55426298283426,58.50200850200849,81.34678888926494,72.38892760525609,132.51414151026776,121.9,111.28585848973225,3.7047184610021446,2.674891772567905,1.0298266884342397
2026-06-04,1514,18956118,2805301076,140.0,149.5,140.0,149.5,13.5,11368,132.30000000000013,128.09999999999997,123.4,80.15970515970501,66.40104854390569,89.19509201513975,80.2537663083116,139.3643352508016,123.4,107.43566474919842,5.407814296453523,3.2214762773450287,2.1863380191084945
2026-06-05,1514,13749295,1893021914,145.5,145.5,135.0,135.0,-14.5,13529,134.20000000000013,129.34999999999997,123.975,82.14003477161357,76.28466763805109,58.40303961305264,60.364902763526395,140.72156681233483,123.975,107.22843318766516,5.523825970423076,3.681946215960638,1.8418797544624375
2026-06-08,1514,7288752,890901431,121.5,125.0,121.5,125.0,-10.0,7816,133.90000000000015,129.59999999999997,123.9,54.38596491228054,72.22856828119986,45.70720785125224,50.981254063330084,140.61406593262052,123.9,107.18593406737948,4.754047926149397,3.89636655799839,0.8576813681510069
2026-06-09,1514,10069463,1249643217,124.5,126.5,121.0,125.5,0.5,8252,134.20000000000013,129.74999999999997,124.0,26.31578947368405,54.28059638585953,46.38705636880425,51.388150668094326,140.7272233200848,124.0,107.27277667991521,4.136654325352069,3.944424111469126,0.1922302138829428
2026-06-10,1514,5915706,719193586,124.5,126.0,118.0,119.0,-6.5,6721,130.80000000000013,129.14999999999998,123.925,10.999721526037154,30.56715863733406,38.9834919672334,46.03799623250367,140.72760396486188,123.925,107.12239603513811,3.0872815119028587,3.7729955915558726,-0.6857140796530139
2026-06-11,1514,4230037,494337822,118.0,119.5,114.0,118.0,-1.0,4621,124.50000000000014,128.39999999999998,124.0,10.077227497538678,15.797579499086773,37.89783681189674,45.25733319734037,140.68232597691306,124.0,107.31767402308694,2.150168549663121,3.4484301831773223,-1.2982616335142012
2026-06-12,1514,3875069,467243510,122.0,122.5,119.5,119.5,1.5,3753,121.40000000000013,127.79999999999998,124.15,9.978388851628125,10.351779291734799,40.783793387421326,46.71686288012994,140.61238135872148,124.15,107.68761864127853,1.5111180117298488,3.0609677488878275,-1.5498497371579787
2026-06-15,1514,3092853,374737999,121.5,122.5,120.0,121.0,1.5,2836,120.60000000000014,127.24999999999997,124.425,15.49295774647871,11.849524698548649,43.829167915446135,48.204056165835475,140.47889360871665,124.425,108.37110639128333,1.112874792417685,2.671349157593799,-1.5584743651761142
2026-06-16,1514,2636871,316010170,122.5,123.0,118.0,120.0,-1.0,3006,119.50000000000014,126.84999999999998,124.75,17.370892018779184,14.280746205628816,42.14344685938652,47.25708237613727,140.15616759612823,124.75,109.34383240387177,0.7084064605643619,2.2787606181879116,-1.5703541576235498
2026-06-17,1514,5818197,705796907,123.0,124.5,119.5,120.5,0.5,4885,119.80000000000014,125.29999999999998,125.125,19.084879648259772,17.316243137839365,43.41301448342808,47.80916403066346,139.71223757261777,125.125,110.53776242738223,0.42332834916288675,1.9076741643829067,-1.48434581522002
2026-06-18,1514,3051160,370974630,120.5,123.0,119.5,121.5,1.0,3079,120.50000000000014,122.49999999999997,125.3,32.51210969520813,22.989293787415836,46.169214823133345,48.95987324018128,139.62270924092172,125.3,110.97729075907826,0.2749243775615753,1.5811242070186404,-1.3061998294570651
2026-06-22,1514,13514257,1696147057,123.5,127.0,121.5,127.0,5.5,7909,122.00000000000014,121.69999999999997,125.525,60.21164021164005,37.26954318503613,58.9872754931165,54.85542284815897,139.80601887121435,125.525,111.24398112878566,0.5942668570470175,1.383752737024316,-0.7894858799772984
2026-06-23,1514,11701326,1493808153,128.5,129.5,125.0,127.0,0.0,9265,123.20000000000013,121.89999999999998,125.75,81.290322580645,58.00469082916453,58.9872754931165,54.85542284815899,139.97497803161718,125.75,111.52502196838282,0.8376916844838007,1.2745405265162129,-0.43684884203241214
2026-06-24,1514,10112113,1288045354,129.0,129.5,125.5,128.0,1.0,7946,124.80000000000014,122.14999999999998,125.95,91.39784946236544,77.6332707515503,61.26958554259559,55.928852504275106,140.18341139713138,125.95,111.71658860286863,1.0986348776666546,1.2393593967463012,-0.14072451907964667
2026-06-25,1514,5361134,667678592,128.0,128.0,123.0,123.5,-4.5,5546,125.40000000000013,122.59999999999998,125.875,74.00654511453935,82.23157238585007,47.41654189100944,50.15006532939432,140.14340916150033,125.875,111.60659083849966,0.9315831358279638,1.1778041445626337,-0.2462210087346699
2026-06-26,1514,3017018,361819249,122.0,122.0,118.0,118.5,-5.0,4064,124.80000000000014,122.64999999999998,125.525,47.49883122954637,70.96774193548386,36.66910601854827,44.63197200455826,140.15194431520064,125.525,110.89805568479937,0.3912254106172668,1.0204883977735604,-0.6292629871562936
2026-06-29,1514,2693374,322332090,119.0,122.5,118.0,119.0,0.5,2700,123.20000000000013,122.59999999999998,125.2,20.28985507246362,47.26507713884991,38.30066309483914,45.280375474285314,140.10100667740224,125.2,110.29899332259775,0.0032958491488699337,0.8170498880486223,-0.8137540388997524
2026-06-30,1514,2148484,260641198,120.5,123.0,119.5,123.0,4.0,2098,122.40000000000013,122.79999999999998,125.025,18.84057971014478,28.876422004051722,50.2604908360068,50.29523706950055,139.94302600882523,125.025,110.10697399117478,0.018413191597844047,0.6573225487584666,-0.6389093571606226
2026-07-01,1514,7655262,959220840,123.5,129.0,120.5,125.5,2.5,5448,121.90000000000013,123.34999999999998,125.1,39.130434782608546,26.086956521739115,56.42015353162314,53.18314146760931,140.01174034108672,125.1,110.18825965891327,0.22947762580605513,0.5717535641679843,-0.34227593836192916
