date,stock_id,Trading_Volume,Trading_money,open,max,min,close,spread,Trading_turnover,SMA5,SMA10,SMA20,K,D,RSI_7,RSI_14,BB_Upper,BB_Middle,BB_Lower,MACD,MACD_Signal,MACD_Hist
2020-01-02,2317,20758722,1886677519,91.0,91.5,90.3,90.8,0.0,9994,,,,,,,,,,,,,
2020-01-03,2317,37936877,3471335594,91.4,92.2,90.8,91.6,0.8,16491,,,,,,,,,,,,,
2020-01-06,2317,26352522,2388785688,91.1,91.1,90.1,90.5,-1.1,11872,,,,,,,,,,,,,
2020-01-07,2317,43978140,3935667984,90.5,91.0,88.3,89.1,-1.4,21340,,,,,,,,,,,,,
2020-01-08,2317,56101121,4891344755,87.9,88.1,86.5,86.5,-2.6,28087,89.7,,,,,,,,,,,,
2020-01-09,2317,28513381,2491571248,87.3,87.7,87.0,87.1,0.6,13485,88.96,,,,,,,,,,,,
2020-01-10,2317,32264863,2852056044,88.0,89.0,87.5,89.0,1.9,14951,88.43999999999998,,,,,,,,,,,,
2020-01-13,2317,23369554,2084580613,89.7,89.7,88.6,89.6,0.6,9793,88.25999999999999,,,,,43.3333333333333,,,,,,,
2020-01-14,2317,19568838,1758920258,90.0,90.1,89.6,90.0,0.4,9250,88.43999999999998,,,,,46.1267605633803,,,,,,,
2020-01-15,2317,23798041,2141165898,90.0,90.3,89.5,89.9,-0.1,9104,89.11999999999998,89.41,,,,45.472953427827655,,,,,,,
2020-01-16,2317,19281565,1734134777,89.8,90.2,89.4,90.0,0.1,6958,89.69999999999997,89.33000000000001,,,,46.359971543751485,,,,,,,
2020-01-17,2317,78180511,7195625358,91.0,92.4,91.0,92.3,2.3,33753,90.35999999999999,89.4,,,,62.65950597855097,,,,,,,
2020-01-20,2317,35277412,3266663404,92.7,93.4,92.1,92.3,0.0,14735,90.89999999999999,89.58,,86.15000409399813,76.6256404952445,62.65950597855097,,,,,,,
2020-01-30,2317,153655274,12913538375,85.5,86.2,83.1,83.1,-9.2,63060,89.51999999999998,88.97999999999999,,60.787685253418395,74.9838035685299,23.60592731953108,,,,,,,
2020-01-31,2317,69686948,5823335061,83.0,84.9,82.6,83.2,0.1,28528,88.17999999999998,88.65,,29.87117552334941,58.93628829025533,24.20499161689201,32.075471698113205,,,,,,
2020-02-03,2317,66666856,5331667770,79.5,82.3,77.3,82.2,-1.0,27283,86.61999999999998,88.16,,11.996779388083757,34.218546721617194,22.17615612308653,30.52486187845304,,,,,,
2020-02-04,2317,49697853,4125328043,82.8,83.9,81.5,82.2,0.0,18430,84.59999999999998,87.48,,22.141706924315645,21.336553945249616,22.176156123086525,30.52486187845304,,,,,,
2020-02-05,2317,49302064,4053426295,82.2,82.7,81.6,82.2,0.0,17553,82.57999999999997,86.74000000000001,,30.43478260869566,21.524422973698364,22.176156123086525,30.524861878453045,,,,,,
2020-02-06,2317,44278109,3674127347,82.5,83.6,82.3,83.6,1.4,16635,82.67999999999998,86.10000000000001,,33.33333333333332,28.636607622114884,34.40015058708811,35.93987307284745,,,,,,
2020-02-07,2317,26495116,2198259716,83.6,83.6,82.7,82.9,-0.7,12149,82.61999999999998,85.4,87.405,34.782608695652165,32.85024154589373,31.512771167385427,34.49227989012329,94.74978726717086,87.405,80.06021273282914,,,
2020-02-10,2317,42505477,3452575714,79.0,82.7,78.9,82.0,-0.9,18921,82.57999999999998,84.60000000000001,86.965,34.36853002070392,34.16149068322982,27.98889581855099,32.6702654834829,94.49554446902674,86.965,79.43445553097327,,,
2020-02-11,2317,28310130,2343130610,82.6,83.4,82.1,82.9,0.9,11338,82.71999999999998,83.66000000000001,86.53000000000002,42.29883453136997,37.149991082575376,36.29934722179415,36.294304383160814,93.9435281748966,86.53000000000002,79.11647182510343,,,
2020-02-12,2317,57339491,4848610083,83.0,85.6,83.0,85.5,2.6,22018,83.37999999999998,82.98000000000002,86.28000000000002,63.63635854044977,46.767907697507916,54.13781398840282,45.43205081868023,93.47516504327616,86.28000000000002,79.08483495672387,,,
2020-02-13,2317,36204520,3092757614,85.8,86.3,84.7,84.7,-0.8,15769,83.6,83.14000000000001,86.06000000000003,81.31291708657355,62.41603671946445,49.19268528135969,43.37066971248242,93.16532194907249,86.06000000000003,78.95467805092757,,,
2020-02-14,2317,21292704,1806237388,84.7,85.3,84.3,84.9,0.2,9353,83.99999999999997,83.31000000000002,85.98000000000003,87.36616134206501,77.43847898969614,50.51115748557385,44.05409173698017,93.09971909558031,85.98000000000003,78.86028090441975,,,
2020-02-17,2317,16771107,1408020326,84.2,84.2,83.8,83.9,-1.0,10096,84.37999999999997,83.48,85.82000000000004,76.95695695695701,81.87867846186522,43.870194093143375,41.36599026816628,92.97558523113003,85.82000000000004,78.66441476887005,,,
2020-02-18,2317,22611466,1887907282,84.0,84.3,83.0,83.4,-0.5,10033,84.47999999999998,83.6,85.54000000000005,69.81981981981988,78.047646039614,40.74528144707582,40.05010579728889,92.61372603370815,85.54000000000005,78.46627396629195,,,
2020-02-19,2317,25476407,2132686918,83.0,84.6,82.5,83.8,0.4,12306,84.13999999999997,83.75999999999999,85.25000000000004,64.86486486486488,70.54721388054729,44.439090558004914,41.64927803096468,92.10638388656605,85.25000000000004,78.39361611343404,,,
2020-02-20,2317,35972272,2991260607,84.0,84.1,82.5,82.8,-1.0,13928,83.75999999999998,83.67999999999998,84.89000000000004,59.90990990990988,64.86486486486491,37.60229412407108,38.858546475159805,91.46111862622824,84.89000000000004,78.31888137377184,,,
2020-02-21,2317,29778377,2438828133,82.1,82.2,81.6,81.7,-1.1,14457,83.11999999999998,83.55999999999999,84.48000000000005,40.348859497795665,55.04121142419017,31.402334078686998,36.000943819977216,90.7666843407286,84.48000000000005,78.19331565927149,,,
2020-02-24,2317,32852370,2650828496,80.6,81.4,80.2,80.7,-1.0,15908,82.47999999999996,83.42999999999999,84.01500000000004,21.00902786288208,40.4225990901959,26.728225655362696,33.58310090484349,89.9665628199625,84.01500000000004,78.06343718003758,,,
2020-02-25,2317,47213818,3849837516,80.2,82.7,79.9,82.3,1.6,19636,82.25999999999996,83.36999999999999,83.51500000000004,15.9414602953145,25.76644921866411,42.65991867433853,40.47186251154594,88.12814426394412,83.51500000000004,78.90185573605596,,,
2020-02-26,2317,43075406,3504698711,81.2,82.2,80.7,81.1,-1.2,18692,81.71999999999996,82.92999999999999,82.95500000000004,22.639647844565758,19.863378667587476,35.84102794424997,37.343457103237846,85.35456246010824,82.95500000000004,80.55543753989184,,,
2020-02-27,2317,53384898,4297286977,80.8,81.5,80.0,80.3,-0.8,21538,81.21999999999996,82.48999999999998,82.81500000000004,22.744286840031346,20.44179832663723,31.877893107134764,35.38000140310286,85.47678511528711,82.81500000000004,80.15321488471297,-2.3308426955816657,-2.643758624636165,0.3129159290544994
2020-03-02,2317,54992166,4355555537,78.2,80.3,78.1,79.2,-1.1,23725,80.71999999999996,81.91999999999999,82.61500000000004,15.885312481057058,20.423082388551418,27.075249624021115,32.824412849406215,85.69868286306539,82.61500000000004,79.53131713693469,-2.3884250713071964,-2.5926919139703712,0.20426684266317485
2020-03-03,2317,34822180,2828098980,81.1,82.0,80.6,81.0,1.8,16398,80.77999999999996,81.63,82.55500000000004,23.34969994544461,20.6597664221777,43.36464531088353,40.40971762308484,85.7144145027145,82.55500000000004,79.39558549728557,-2.262731205322268,-2.5266997722407507,0.2639685669184826
2020-03-04,2317,29907913,2438150154,81.5,81.9,81.1,81.7,0.7,11887,80.65999999999995,81.46000000000001,82.53000000000004,40.512820512820596,26.582610979774117,48.57619142206428,43.10050980778458,85.70811264746284,82.53000000000004,79.35188735253725,-2.08262653874921,-2.4378851255424427,0.35525858679323274
2020-03-05,2317,36950021,3067987721,83.3,83.6,82.6,82.7,1.0,16471,80.97999999999996,81.35000000000001,82.55500000000004,62.75058275058284,42.20436773628271,55.41412671852242,46.79650597492161,85.73020078104811,82.55500000000004,79.37979921895196,-1.8380131784569471,-2.3179107361253437,0.4798975576683966
2020-03-06,2317,38712605,3137596043,81.6,81.7,80.7,80.8,-1.9,17173,81.07999999999996,81.15,82.41500000000005,64.24242424242432,55.83527583527595,42.79892947397379,41.3064218712821,85.64007364256432,82.41500000000005,79.18992635743578,-1.7769854667925529,-2.2097256822587856,0.43274021546623276
2020-03-09,2317,45009955,3574569517,79.2,80.1,79.1,79.1,-1.7,23367,81.05999999999997,80.89000000000001,82.22500000000004,50.30303030303034,59.09867909867919,34.58114066053874,37.11123786743246,85.74742813978776,82.22500000000004,78.70257186021232,-1.8445337215649857,-2.1366872901200256,0.2921535685550398
2020-03-10,2317,39205665,3099346390,78.5,79.8,78.5,79.4,0.3,17013,80.73999999999997,80.76,82.09500000000004,30.303030303030354,48.28282828282837,37.06888980991162,38.3020982545,85.82674222046079,82.09500000000004,78.3632577795393,-1.852504192152324,-2.0798506705264854,0.22734647837416144
2020-03-11,2317,30546137,2418343099,79.3,80.1,78.6,78.6,-0.8,14050,80.11999999999996,80.39000000000001,81.88000000000002,16.969696969697004,32.5252525252526,33.14725854184426,36.32664607514302,85.88679422980212,81.88000000000002,77.87320577019793,-1.9014553677731527,-2.0441716099758187,0.142716242202666
2020-03-12,2317,85760356,6495111843,77.4,77.5,74.5,74.7,-3.9,42675,78.51999999999995,79.75000000000001,81.34000000000003,11.641691641691688,19.638139638139712,20.695073601137796,28.586288403511023,86.09158920783055,81.34000000000003,76.58841079216951,-2.229249532515709,-2.081187194483797,-0.14806233803191216
2020-03-13,2317,108780196,7771885443,70.0,75.0,69.9,74.6,-0.1,46824,77.27999999999994,79.18000000000002,80.83500000000002,15.198426877258953,14.603271829549245,20.465091613931357,28.419077046117664,86.16276688679018,80.83500000000002,75.50723311320986,-2.4686409774562605,-2.15867795107829,-0.3099630263779707
2020-03-16,2317,65223917,4720458460,73.9,74.3,71.1,71.1,-3.5,32325,75.67999999999995,78.37000000000002,80.14500000000001,15.087831876152975,13.975983465034568,14.077195719019223,23.285246119389573,86.6357549637919,80.14500000000001,73.65424503620812,-2.9072679958290024,-2.3083959600284323,-0.5988720358005701
2020-03-17,2317,72635874,5158152404,70.1,72.8,70.0,70.6,-0.5,30114,73.91999999999996,77.33000000000001,79.48,16.058394160583834,15.448217637998619,13.381076019306997,22.655603846657783,86.94742258078331,79.48,72.0125774192167,-3.2576764233765516,-2.498252052698056,-0.7594243706784956
2020-03-18,2317,76268240,5378721353,70.7,71.3,70.0,70.0,-0.6,30314,72.19999999999996,76.16000000000001,78.81,4.905356921934823,12.017194319557243,12.51468165674486,21.89064591710994,87.10865049270004,78.81,70.51134950729997,-3.542951670903804,-2.707191976339206,-0.8357596945645982
2020-03-19,2317,107256149,7251995017,68.7,69.3,65.7,66.3,-3.7,47548,70.51999999999995,74.52000000000001,77.935,3.374537781626645,8.112762954715134,8.53764286466729,17.88112936194681,87.5331821195471,77.935,68.3368178804529,-4.0212390965060365,-2.970001400372572,-1.0512376961334646
2020-03-20,2317,104299524,7291745045,68.0,71.4,68.0,70.8,4.5,40245,69.75999999999996,73.52000000000001,77.33500000000001,13.476930320150592,7.252275007904053,36.96242287869328,33.76972363261992,87.13974884940924,77.33500000000001,67.53025115059077,-3.9911652664621187,-3.1742341735904813,-0.8169310928716373
2020-03-23,2317,66805202,4526103196,67.5,68.4,67.0,67.5,-3.3,27995,69.03999999999996,72.36,76.625,17.361111111111054,11.404193070962796,29.198750425870323,29.29360634625724,87.09646121608614,76.625,66.15353878391386,-4.1853676472942425,-3.3764608683312334,-0.8089067789630091
2020-03-24,2317,41628933,2912829700,70.6,70.7,69.1,69.4,1.9,19834,68.79999999999995,71.36,76.06,26.424199623352134,19.08741368487129,37.95291322885535,34.6633683429853,86.8067948710299,76.06,65.31320512897011,-4.138257060797542,-3.528820106824495,-0.6094369539730473
2020-03-25,2317,53652986,3851366575,71.2,72.6,71.1,71.4,2.0,26059,69.07999999999996,70.64,75.51500000000001,35.04875159467832,26.278020776380533,46.132374703661334,39.84239301899249,86.0440597870841,75.51500000000001,64.98594021291593,-3.8946432729633926,-3.6019847400522744,-0.2926585329111182
2020-03-26,2317,38695860,2744977279,71.5,71.7,70.5,71.0,-0.4,15719,70.01999999999995,70.27,75.01000000000002,51.42472058692639,37.632557268318976,44.75570884796547,39.173588384744725,85.38687814325624,75.01000000000002,64.6331218567438,-3.6913032024612846,-3.6198484325340763,-0.07145476992720834
2020-03-27,2317,59785740,4243023340,71.4,72.2,70.0,70.1,-0.9,23636,69.87999999999995,69.82,74.50000000000001,61.63002018110158,49.367830787568785,41.50448364282393,37.642502516103875,84.78902327725964,74.50000000000001,64.21097672274038,-3.5617199198461122,-3.6082227299964833,0.046502810150371054
2020-03-30,2317,33595577,2344257604,69.5,70.3,69.0,70.0,-0.1,13149,70.37999999999995,69.71,74.04,61.972859514123236,58.342533427383756,41.11729074348397,37.467275735096045,84.26983870840577,74.04,63.81016129159424,-3.427582363155068,-3.5720946566282,0.14451229347313221
2020-03-31,2317,38298560,2683048464,70.1,70.5,69.9,69.9,-0.1,14066,70.47999999999995,69.63999999999999,73.48500000000001,61.72007892767232,61.774319540965735,40.67459797489689,37.28038530203636,83.34183011926196,73.48500000000001,63.62816988073807,-3.2914052761389456,-3.5159567805303493,0.2245515043914037
2020-04-01,2317,25810865,1810237557,70.5,70.5,70.0,70.0,0.1,10193,70.19999999999996,69.63999999999999,72.9,58.919944789510055,60.870961077101896,41.41054103482863,37.61550219486886,82.10434679920276,72.9,63.69565320079725,-3.139227726184558,-3.440610969661191,0.30138324347663303
2020-04-06,2317,48957455,3422092605,70.0,70.3,69.4,70.2,0.2,16309,70.03999999999995,70.03,72.275,57.19461697722574,59.27821356480273,43.05873168431562,38.32526770391615,80.36249034002455,72.275,64.18750965997546,-2.9682712101099327,-3.346143017750939,0.37787180764100636
2020-04-07,2317,46626787,3321176546,71.4,71.9,70.8,71.2,1.0,19700,70.25999999999996,70.07000000000001,71.79500000000002,57.275132275132364,57.796564680622744,51.08552608898338,41.88549278141871,78.8789184072086,71.79500000000002,64.71108159279143,-2.7207323874291234,-3.2210608916865757,0.5003285042574523
2020-04-08,2317,90172291,6665687725,71.5,75.3,71.4,75.0,3.8,45059,71.25999999999996,70.82000000000001,71.59000000000002,71.16402116402125,61.877923472126476,69.89786217605116,52.9906085639881,78.02394124934207,71.59000000000002,65.15605875065796,-2.1926523139620713,-3.015379176141675,0.8227268621796036
2020-04-09,2317,55267837,4121063355,75.5,75.9,73.7,74.0,-1.0,27239,72.07999999999996,71.28,71.32000000000002,76.27099148838282,68.23671497584552,62.51609447978588,50.26832100847359,76.80328368771718,71.32000000000002,65.83671631228286,-1.833698953679189,-2.7790431316491775,0.9453441779699885
2020-04-10,2317,19079314,1406163797,73.5,73.9,73.4,73.9,-0.1,9662,72.85999999999994,71.53,71.08500000000002,79.57211870255345,75.66904378498587,61.75521320576573,49.99174274160311,75.62119884925521,71.08500000000002,66.54880115074484,-1.5395480423045171,-2.5311441137802455,0.9915960714757284
2020-04-13,2317,25076651,1840201557,73.8,73.9,73.1,73.1,-0.8,12994,73.43999999999994,71.74000000000001,71.00500000000002,67.6328502415458,74.49198681082738,55.45568652425047,47.72927110415473,75.33511547189963,71.00500000000002,66.67488452810042,-1.355360883337994,-2.2959874676917953,0.9406265843538013
2020-04-14,2317,36772932,2724034232,73.5,74.5,73.2,74.4,1.3,13991,74.07999999999996,72.17,70.99500000000003,69.11928651059078,72.10808515156337,62.67414153653586,51.56528084508003,75.29266215516978,70.99500000000003,66.69733784483029,-1.0919052928845758,-2.0551710327303514,0.9632657398457756
2020-04-15,2317,42208905,3140527398,74.5,75.2,74.1,74.1,-0.3,19762,73.89999999999995,72.58000000000001,71.14500000000002,69.55035302861377,68.76749659358347,60.0540354714312,50.641664306467874,75.65120683058132,71.14500000000002,66.63879316941873,-0.896982476513557,-1.8235333214869924,0.9265508449734354
2020-04-16,2317,46873293,3488949075,74.0,75.0,73.8,74.0,-0.1,16737,73.89999999999995,72.99000000000001,71.31500000000003,73.33333333333321,70.66765762417928,59.09332082933897,50.31812859624112,75.97987941966115,71.31500000000003,66.6501205803389,-0.7420203556928158,-1.607230728328157,0.8652103726353413
2020-04-17,2317,71076153,5396376021,75.5,76.5,75.3,75.8,1.8,29356,74.27999999999996,73.57000000000001,71.60500000000003,76.9320737741789,73.27192004537532,69.38002659087019,55.79287170093091,76.61517963749569,71.60500000000003,66.59482036250438,-0.46856547065442555,-1.3794976767934108,0.9109322061389853
2020-04-20,2317,34062921,2589741185,76.1,76.6,75.4,76.2,0.4,13541,74.89999999999996,74.17,72.10000000000004,83.59874044084567,77.95471584945263,71.2541230129435,56.92873379823945,76.86613050597354,72.10000000000004,67.33386949402653,-0.21707158100149115,-1.147012457635027,0.9299408766335358
2020-04-21,2317,50476839,3748124545,75.2,75.5,73.5,73.5,-2.7,26194,74.71999999999996,74.4,72.23500000000004,63.81852066062598,74.78311162521689,48.080041917369456,47.969220451208116,76.99914735288199,72.23500000000004,67.4708526471181,-0.23294307394006353,-0.9641985808960343,0.7312555069559707
2020-04-22,2317,27664535,2028813790,72.6,73.9,72.5,73.9,0.4,11631,74.67999999999995,74.28999999999999,72.55500000000004,45.960868399892924,64.4593765004549,50.84328078950774,49.24367392582978,76.83961200110086,72.55500000000004,68.27038799889921,-0.21081455047097108,-0.8135217748110216,0.6027072243400505
2020-04-23,2317,26918129,1999116982,74.2,75.2,73.6,74.0,0.1,10752,74.67999999999995,74.28999999999999,72.78500000000004,27.386759581881638,45.722049547466874,51.594668510237874,49.57619863955405,76.856007246367,72.78500000000004,68.71399275363308,-0.18309773521203,-0.6874369668912232,0.5043392316791933
2020-04-24,2317,18097847,1338133578,74.0,74.2,73.7,73.8,-0.2,8073,74.27999999999994,74.28,72.90500000000003,34.14634146341468,35.83132314839644,49.81785039576448,48.886377834557884,76.94701682331693,72.90500000000003,68.86298317668313,-0.17525011373894017,-0.5849995962607666,0.4097494825218264
2020-04-27,2317,28422746,2127044766,74.2,75.2,74.2,74.9,1.1,12354,74.01999999999995,74.46,73.10000000000004,42.276422764227696,34.6031746031747,58.900013636575224,52.77819990426159,77.1318730138699,73.10000000000004,69.06812698613017,-0.07935525231428642,-0.48387072747147053,0.4045154751571841
2020-04-28,2317,22472772,1686693617,75.1,75.4,74.8,75.2,0.3,9829,74.35999999999996,74.53999999999999,73.35500000000005,52.032520325203336,42.818428184281935,61.137917720597535,53.81112064165235,77.23802716961494,73.35500000000005,69.47197283038516,0.020612006663029092,-0.3829741806445706,0.4035861873075997
2020-04-29,2317,32618555,2472509066,75.2,76.2,75.1,75.6,0.4,15525,74.69999999999996,74.69,73.63500000000003,66.66666666666674,53.65853658536596,64.17251871060272,55.217668703799504,77.31210483940512,73.63500000000003,69.95789516059494,0.13060787045822053,-0.2802577704240124,0.41086564088223293
2020-04-30,2317,50247112,3846340874,76.2,77.0,76.0,77.0,1.4,21023,75.29999999999995,74.99,73.99000000000004,80.48780487804878,66.39566395663964,72.83436123132068,59.828582811693764,77.52434576689605,73.99000000000004,70.45565423310403,0.3269794689250176,-0.1588103225542064,0.485789791479224
2020-05-04,2317,50274654,3743144292,74.0,75.0,73.9,74.5,-2.5,24021,75.43999999999996,74.86,74.21500000000003,73.35140018066842,73.50195724179467,48.43748011370396,49.94016205778762,77.24107005866995,74.21500000000003,71.18892994133012,0.27767539970183464,-0.07151317810299819,0.3491885778048328
2020-05-05,2317,30499283,2267358676,74.7,75.0,74.0,74.1,-0.4,14431,75.27999999999994,74.65,74.41000000000003,59.99999999999992,71.27973501957239,45.587075583753865,48.55730446738067,76.81491164078525,74.41000000000003,72.0050883592148,0.20397363151043635,-0.01641581618031128,0.22038944769074764
2020-05-06,2317,26782236,1994740599,74.1,75.2,74.1,74.3,0.2,12458,75.09999999999995,74.72999999999999,74.56500000000003,33.52941176470582,55.62693731512474,47.392942584685926,49.31305474719922,76.47001968493342,74.56500000000003,72.65998031506663,0.15986001105837033,0.018839349267425046,0.1410206617909453
2020-05-07,2317,31856315,2394950417,74.5,75.8,74.5,75.2,0.9,13922,75.01999999999995,74.86,74.57500000000002,33.86611210140617,42.46517462203733,55.19898415012787,52.68188575116856,76.4911158628824,74.57500000000002,72.65888413711764,0.19527116299981628,0.054125712013903295,0.141145450985913
2020-05-08,2317,38394983,2932358445,76.8,76.8,75.9,76.2,1.0,17416,74.85999999999994,75.08000000000001,74.68500000000003,46.745443045253296,38.04698897045512,62.42627289935545,56.1678137578983,76.70616303151976,74.68500000000003,72.6638369684803,0.3005617103841445,0.10341291168795153,0.19714879869619295
2020-05-11,2317,59444957,4658299492,76.9,79.2,76.9,78.9,2.7,28011,75.73999999999994,75.59,74.93500000000003,71.32923882771723,50.646931324792256,75.08633273634551,63.90065002161671,77.63038494467534,74.93500000000003,72.23961505532472,0.5950137151965578,0.20173307238967278,0.393280642806885
2020-05-12,2317,45434634,3527174435,78.3,78.4,77.0,77.3,-1.6,21458,76.37999999999994,75.83000000000001,75.14500000000002,77.56137147494417,65.21201778263826,60.89995653763087,57.434317306832725,77.88979507431505,75.14500000000002,72.400204925685,0.6912936196484765,0.2996451818414335,0.39164843780704295
2020-05-13,2317,43132241,3378556440,77.7,78.8,77.7,78.8,1.5,21005,77.27999999999994,76.19,75.36500000000002,83.64779874213826,77.51280301493324,67.59611505735967,61.379990463547195,78.51160134112797,75.36500000000002,72.21839865887208,0.8785067229125332,0.4154174900556534,0.46308923285687975
2020-05-14,2317,42128911,3298686731,78.0,78.9,78.0,78.2,-0.6,19774,77.87999999999994,76.45,75.57000000000002,79.2452830188678,80.15148441198342,62.593634208893164,59.023158472054035,78.8896987815142,75.57000000000002,72.25030121848584,0.9673089351802417,0.5257957790805711,0.4415131560996707
2020-05-15,2317,47550082,3678862332,78.2,78.6,76.4,77.1,-1.1,22470,78.05999999999995,76.46000000000001,75.72500000000002,77.73343009192052,80.20883728430887,54.03971791763313,54.863911640178564,79.02643908015658,75.72500000000002,72.42356091984347,0.9381105666130054,0.608258736587058,0.3298518300259474
2020-05-18,2317,57978171,4380323435,76.6,76.6,74.9,75.0,-2.1,26917,77.27999999999994,76.51,75.68500000000003,52.798172970203986,69.92562869366411,41.429604004696166,47.92117069591744,79.00118757008498,75.68500000000003,72.36881242991508,0.7370222656943639,0.6340114424085191,0.10301082328584477
2020-05-19,2317,49410505,3711927230,75.4,76.0,74.6,74.8,-0.2,21590,76.77999999999994,76.58,75.61500000000002,27.881807387439352,52.80447014985463,40.38257800167906,47.307173235450335,78.94382862280243,75.61500000000002,72.28617137719762,0.5551209214909392,0.6182333382250031,-0.06311241673406398
2020-05-20,2317,30828720,2304984331,74.9,75.3,74.5,74.5,-0.3,13870,75.91999999999994,76.6,75.66500000000002,8.010012515644526,29.563330957762627,38.67223201589938,46.34789387157403,78.89379234389361,75.66500000000002,72.43620765610643,0.3823478350467582,0.5710562375893542,-0.18870840254259602
2020-05-21,2317,24213322,1809690550,74.5,75.0,74.3,74.7,0.2,11673,75.21999999999994,76.55,75.70500000000001,4.848748009842213,13.580189304308702,40.62804276469279,47.11777076022498,78.86441450271909,75.70500000000001,72.54558549728094,0.2585814814503635,0.5085612863615561,-0.24997980491119254
2020-05-22,2317,46433168,3429622432,74.2,74.4,73.5,73.6,-1.1,24358,74.51999999999995,76.28999999999999,75.68500000000002,3.338372385991397,5.39904430382605,33.72644407072995,43.426807016560346,78.89203913290595,75.68500000000002,72.47796086709408,0.07091745533979577,0.421032520157204,-0.35011506481740823
2020-05-25,2317,26982259,1975050566,73.5,73.6,72.6,73.6,0.0,13590,74.23999999999997,75.76,75.67500000000001,8.629377676996679,5.605499357610101,33.72644407072995,43.42680701656034,78.90664045029617,75.67500000000001,72.44335954970386,-0.07692094067664357,0.32144182799043447,-0.39836276866707804
2020-05-26,2317,28310825,2118555875,73.7,75.3,73.6,74.8,1.2,12743,74.23999999999997,75.51,75.67,17.548500881834126,9.83875031494074,47.07579831578264,48.52813104083138,78.90672674163204,75.67,72.43327325836796,-0.09614565618038284,0.23792433115627099,-0.33406998733665383
2020-05-27,2317,22380029,1681599201,74.8,75.5,74.8,75.3,0.5,9717,74.39999999999996,75.16,75.675,31.9312169312169,19.369698496682574,51.79578276037056,50.529787030659115,78.90911502578328,75.675,72.44088497421671,-0.07022603834222707,0.17629425725657139,-0.24652029559879846
2020-05-28,2317,26184820,1974966847,75.7,75.9,74.8,75.3,0.0,11142,74.51999999999997,74.86999999999999,75.66,49.140211640211646,32.873309817754226,51.79578276037056,50.52978703065912,78.89814761862338,75.66,72.42185238137661,-0.049118348715836646,0.13121173606208977,-0.18033008477792642
2020-05-29,2317,44896709,3390842168,74.3,75.8,74.3,75.8,0.5,8845,74.95999999999998,74.73999999999998,75.6,68.87254901960783,49.9813258636788,57.01383617378478,52.66467096788965,78.78056598736737,75.6,72.41943401263262,0.007864808099313336,0.10654235046953449,-0.09867754237022115
2020-06-01,2317,25890941,1978249140,76.0,76.8,75.9,76.2,0.4,11983,75.47999999999999,74.85999999999999,75.685,82.44397759103641,66.8189127502853,60.958308284867826,54.361494107692096,78.83414274049169,75.685,72.53585725950832,0.0843289359960977,0.10209966757484713,-0.017770731578749435
2020-06-02,2317,46411048,3578984344,76.5,77.5,76.4,77.1,0.9,17377,75.93999999999998,75.09,75.83500000000001,90.55622248899556,80.62424969987994,68.53693526813697,58.00883459308438,78.9535092592443,75.83500000000001,72.71649074075572,0.21507058678707835,0.12469385141729337,0.09037673536978498
2020-06-03,2317,42871656,3345926880,78.0,78.4,77.6,78.1,1.0,20113,76.49999999999997,75.45,76.025,90.79286887168654,87.93102298390619,74.86237156952751,61.673899708052396,79.20863000362685,76.025,72.84136999637316,0.39482463698756476,0.17872000853134765,0.2161046284562171
2020-06-04,2317,43657351,3416129837,78.5,78.7,77.6,78.4,0.3,16411,77.11999999999998,75.82,76.185,93.91542937129618,91.75484024399277,76.5149034875298,62.72500753322073,79.50540660160645,76.185,72.86459339839355,0.5550897801704338,0.25399396285916487,0.3010958173112689
2020-06-05,2317,33935695,2653168238,78.1,78.5,77.8,78.5,0.1,14514,77.65999999999998,76.30999999999999,76.3,95.3293282641867,93.34587550238983,77.10034041820907,63.0884024999016,79.77044665713139,76.3,72.8295533428686,0.6823050373060653,0.33965617774854495,0.34264885955752034
2020-06-08,2317,53575560,4252869778,79.1,79.8,78.8,79.7,1.2,25563,78.35999999999999,76.91999999999999,76.34,96.44740558916067,95.2307210748812,83.02461758074895,67.2184644466603,79.94521843998223,76.34,72.73478156001778,0.8699260503062618,0.4457101522600883,0.4242158980461735
2020-06-09,2317,38143498,3037880359,79.3,80.2,78.9,79.5,-0.2,17925,78.83999999999999,77.39,76.45,94.1319475915687,95.30289381497204,79.04818360048274,65.8950975629797,80.29213482324448,76.45,72.60786517675552,0.9910544673257249,0.5547790152732156,0.4362754520525093
2020-06-10,2317,25863059,2061805675,79.6,79.9,79.1,79.9,0.4,11783,79.19999999999997,77.85,76.50500000000001,93.74422187981513,94.77452502018151,81.15427200191712,67.28245100469145,80.50823619088138,76.50500000000001,72.50176380911864,1.1065704126563531,0.6651372947498431,0.4414331179065101
2020-06-11,2317,42535010,3373446609,79.9,80.3,78.1,78.6,-1.3,19143,79.23999999999998,78.18,76.525,81.47149460708776,89.7825546928239,58.75888344130961,58.896913851713826,80.56573013204066,76.525,72.48426986795936,1.0807601656913732,0.748261868938149,0.3324982967532242
2020-06-12,2317,30382486,2353848108,77.3,78.0,76.6,78.0,-0.6,14859,79.13999999999999,78.4,76.57000000000001,65.7681772088551,80.32796456525269,51.157216927244185,55.46124513401411,80.65514381631597,76.57000000000001,72.48485618368404,1.000358859200972,0.7986812669907136,0.20167759221025838
2020-06-15,2317,26332046,2038172490,77.7,77.9,77.0,77.0,-1.0,12905,78.6,78.48,76.67,37.733362733362696,61.65767818310187,40.874965544288585,50.20474214490592,80.69397813115148,76.67,72.64602186884852,0.8461942018742832,0.8081838539674275,0.038010347906855646
2020-06-16,2317,22339775,1747515973,77.8,78.5,77.7,78.4,1.4,9686,78.38,78.61,76.85000000000001,33.495033495033596,45.66552447908382,55.48781844707658,56.43063007367326,80.84524717633107,76.85000000000001,72.85475282366895,0.8274475991041044,0.8120366029947629,0.01541099610934149
2020-06-17,2317,18039312,1413407434,78.9,79.0,77.9,78.2,-0.2,8443,78.03999999999999,78.62,77.03500000000001,34.23423423423442,35.15421015421026,53.29259261788704,55.36565270073993,80.9189541706851,77.03500000000001,73.15104582931492,0.7873760715878149,0.8071044967133733,-0.01972842512555839
2020-06-18,2317,18089756,1416482565,78.4,78.7,77.7,78.5,0.3,7536,78.02000000000001,78.63000000000001,77.22500000000001,47.74774774774792,38.49233849233867,56.31694639409092,56.686122543586904,81.0038225679413,77.22500000000001,73.44617743205872,0.7709396774187809,0.7998715328544548,-0.028931855435673892
2020-06-19,2317,35887232,2822258010,78.6,78.9,78.1,78.8,0.3,7669,78.18,78.66,77.48500000000001,51.35135135135145,44.44444444444462,59.38511254418136,58.023488684171596,80.93131687457544,77.48500000000001,74.03868312542458,0.7732081472017995,0.7945388557239237,-0.021330708522124153
2020-06-22,2317,16769227,1318411513,78.7,78.9,78.2,78.9,0.1,7610,78.56000000000002,78.58,77.75000000000003,57.65765765765778,52.25225225225241,60.46498709045719,58.48364554315896,80.74633108984597,77.75000000000003,74.75366891015409,0.7741511574625548,0.7904613160716499,-0.016310158609095127
2020-06-23,2317,45708143,3655911340,79.6,80.7,79.3,80.2,1.3,20574,78.92000000000002,78.65,78.02000000000002,69.80883322346746,59.60594741082559,71.82617988542933,64.00747111333125,80.8741899025789,78.02000000000002,75.16581009742114,0.8697714514564439,0.8063233431486088,0.0634481083078351
2020-06-24,2317,88391479,7322897783,81.1,83.5,81.0,83.5,3.3,41893,79.98000000000002,79.01,78.43000000000004,83.32234673698098,70.2629458727021,84.77961670822923,73.60724075896144,81.89415934968004,78.43000000000004,74.96584065032003,1.1980235740846297,0.8846633893358129,0.3133601847488168
2020-06-29,2317,98493392,8314264132,83.6,85.8,83.4,85.2,1.7,39748,81.32000000000002,79.67,78.92500000000004,93.66223207686625,82.26447067910492,88.0748424434884,77.0091528652696,83.19436763467051,78.92500000000004,74.65563236532957,1.5771610083479146,1.0231629131382332,0.5539980952096815
2020-06-30,2317,57741437,4972422082,86.0,86.4,85.7,86.3,1.1,23058,82.82000000000002,80.5,79.45000000000003,97.34413096482062,91.44290325955598,89.7500608029375,78.90397068390419,84.55392006206812,79.45000000000003,74.34607993793195,1.943981949627144,1.2073267204360154,0.7366552291911286
2020-07-01,2317,44576514,3854998428,86.5,87.6,85.5,85.9,-0.4,22175,84.22,81.39,79.93500000000003,91.62022524091492,94.20886276086729,84.70210441051671,76.43697732424532,85.53116833199131,79.93500000000003,74.33883166800875,2.1773148016308,1.4013243366749724,0.7759904649558276
2020-07-02,2317,34490431,2950800438,85.8,86.0,84.6,86.0,0.1,16916,85.38000000000001,82.15,80.38000000000004,88.5057471264368,92.49003444405747,84.94901099949442,76.63366826249045,86.40282325823837,80.38000000000004,74.3571767417617,2.3432899443501185,1.5897174582100015,0.753572486140117
2020-07-03,2317,44883049,3832093245,86.1,86.2,85.1,85.3,-0.7,21640,85.74000000000001,82.85999999999999,80.74000000000004,80.81871345029245,86.98156193921473,75.0559448417568,72.09684034927807,87.0294832856106,80.74000000000004,74.45051671438948,2.3907828345792126,1.7499305334838438,0.6408523010953688
2020-07-06,2317,44370881,3833581654,85.7,86.6,85.6,86.4,1.1,17935,85.98000000000002,83.64999999999999,81.14000000000004,82.28730002526201,83.87058686733043,79.44467075176053,74.6378062456824,87.79053381315893,81.14000000000004,74.48946618684116,2.4884962632820162,1.8976436794434783,0.5908525838385379
2020-07-07,2317,52853744,4572499757,87.1,87.5,85.6,87.0,0.6,21050,86.12000000000002,84.47,81.56500000000004,85.26486685825053,82.79029344460167,81.51438615540688,75.92559397232212,88.56364986979435,81.56500000000004,74.56635013020573,2.584556684478997,2.035026280450582,0.549530404028415
2020-07-08,2317,40532208,3524880599,87.0,87.3,86.6,87.0,0.0,15078,86.34,85.28,81.93000000000004,90.304739266544,85.95230205001887,81.51438615540687,75.92559397232212,89.25532593131362,81.93000000000004,74.60467406868645,2.6303640608073664,2.154093836521939,0.47627022428542753
2020-07-09,2317,51421490,4442391525,87.3,87.4,85.8,86.2,-0.8,20494,86.38000000000001,85.88,82.26500000000004,83.44894730436907,86.33951780972122,68.92032428737545,70.3981208953554,89.72670891954198,82.26500000000004,74.80329108045811,2.5724597082349163,2.2377670108645344,0.3346926973703819
2020-07-10,2317,55453243,4737240248,86.2,86.2,84.8,84.8,-1.4,22536,86.28,86.00999999999999,82.51000000000003,54.74747474747483,76.167053772796,52.39337271643234,61.904663080042845,89.96678214781532,82.51000000000003,75.05321785218474,2.3860963584048136,2.2674328803725903,0.11866347803222332
2020-07-13,2317,36625700,3154223682,85.4,86.7,85.4,86.7,1.9,14492,86.34,86.16,82.91500000000005,47.77777777777794,61.991399943207306,65.49444437628547,67.61517754904732,90.35819151976965,82.91500000000005,75.47180848023045,2.364460157160096,2.286838335730091,0.07762182143000462
2020-07-14,2317,34934410,3029522815,86.8,87.5,86.3,86.3,-0.4,13706,86.2,86.16,83.33000000000004,45.09578544061315,49.20701265528866,61.34784660088302,65.39276741784629,90.55304644869287,83.33000000000004,76.10695355130721,2.288654470633219,2.2872015627107167,0.001452907922502078
2020-07-15,2317,47807002,4148430451,86.6,87.2,86.5,86.6,0.3,22664,86.12,86.22999999999999,83.81000000000003,65.09578544061306,52.6564495530014,63.37671021984272,66.28774822890745,90.54614132868257,83.81000000000003,77.0738586713175,2.2271126424924006,2.2751837786670537,-0.048071136174653084
2020-07-16,2317,50530654,4420166927,87.0,88.0,86.9,87.6,1.0,20067,86.4,86.39,84.27000000000002,70.92911877394623,60.373563218390835,69.58524380182769,69.1515540730354,90.7158048372557,84.27000000000002,77.82419516274435,2.2332879891912825,2.2668046207718993,-0.033516631580616796
2020-07-17,2317,48813379,4307330703,88.3,88.6,87.6,88.0,0.4,21341,87.03999999999999,86.66,84.76000000000002,79.4590643274853,71.82798951401487,71.81499582038496,70.24054789335678,90.76013333185126,84.76000000000002,78.75986666814877,2.2445844803178545,2.26236059268109,-0.01777611236323562
2020-07-20,2317,74478567,6424395139,88.0,88.0,85.0,86.8,-1.2,29010,87.06,86.7,85.17500000000003,74.78070175438596,75.0562949519392,57.150683562853324,63.049685354852095,90.495479301716,85.17500000000003,79.85452069828405,2.132129201510267,2.2363143144469255,-0.10418511293665844
2020-07-21,2317,74962395,6405280586,86.0,86.1,85.1,85.3,-1.5,34475,86.86,86.53,85.50000000000003,50.00000000000005,68.07992202729046,44.037084032665305,55.41308409512118,89.94522215417679,85.50000000000003,81.05477784582327,1.900067325504196,2.1690649166583795,-0.26899759115418354
2020-07-22,2317,73724655,6309707947,85.3,86.0,85.1,85.9,0.6,28177,86.72,86.41999999999999,85.85000000000002,31.578947368421137,52.11988304093574,49.44996784143137,57.62404645809775,89.10422801905297,85.85000000000002,82.59577198094708,1.7444625243541054,2.0841444381975247,-0.3396819138434193
2020-07-23,2317,79361972,6498304084,81.3,82.5,81.1,82.1,0.0,31355,85.62,86.00999999999999,85.94500000000002,18.47953216374276,33.352826510721336,28.83929569282828,43.060428105858776,88.58732851855859,85.94500000000002,83.30267148144145,1.2995361129190854,1.9272227731418368,-0.6276866602227513
2020-07-24,2317,50435732,4076404565,81.5,81.9,80.0,80.0,-2.1,23339,84.02000000000001,85.53,85.77000000000001,14.093567251462055,21.384015594542007,22.73092108041611,37.43040197905759,89.33824887024394,85.77000000000001,82.20175112975608,0.7686161482572373,1.6955014481649169,-0.9268852999076795
2020-07-27,2317,68636332,5391711702,79.6,79.9,78.0,78.0,-2.0,29796,82.26,84.66,85.41000000000001,4.444444444444429,12.339181286549769,18.400516141461264,33.00451062338929,90.33174765708256,85.41000000000001,80.48825234291746,0.1843498950520086,1.3932711375423352,-1.2089212424903266
2020-07-28,2317,89739664,7145636184,77.8,82.7,77.3,78.4,0.4,36892,80.88,83.86999999999999,85.01500000000001,3.2448377581121046,7.2609498180062175,21.873376460519527,34.66836182579346,90.78293723960226,85.01500000000001,79.24706276039777,-0.24360058703244647,1.0658967926273788,-1.3094973796598253
2020-07-29,2317,39362154,3086153861,78.6,79.8,78.0,78.0,-0.4,20547,79.3,83.00999999999999,84.62000000000002,5.309734513274355,4.333005571943651,20.838671065808335,33.76528636418064,91.12618167591316,84.62000000000002,78.11381832408688,-0.6080221831153523,0.7311129974788326,-1.339135180594185
2020-07-30,2317,40501045,3157449637,78.7,78.8,77.5,78.0,0.0,17186,78.47999999999999,82.04999999999998,84.22000000000001,7.490419871529816,5.348330714305447,20.838671065808335,33.76528636418063,91.29632673072624,84.22000000000001,77.14367326927379,-0.8866086508940896,0.40756866780424816,-1.2941773186983379
2020-07-31,2317,47089202,3713121252,78.5,79.4,78.4,78.4,0.4,17849,78.16,81.08999999999999,83.87500000000003,8.412248780084395,7.0708010549628755,25.627267140285614,35.707601592843545,91.36762971192246,83.87500000000003,76.3823702880776,-1.0628617678045629,0.1134825806824859,-1.1763443484870488
2020-08-03,2317,61172243,4755970977,78.4,78.9,77.1,77.1,-1.3,28055,77.97999999999999,80.11999999999999,83.41000000000001,6.347352024922144,7.4166735588454715,20.84595519272849,32.383835997890735,91.35855961794311,83.41000000000001,75.4614403820569,-1.292543135551469,-0.16772256256430507,-1.1248205729871639
2020-08-04,2317,23090382,1797852065,77.7,78.2,77.5,78.1,1.0,10819,77.92,79.4,82.965,10.119047619047628,8.292882808018076,32.19837232619119,37.22446151009388,91.05506180446096,82.965,74.87493819553904,-1.3779910090220966,-0.4097762518558634,-0.9682147571662332
2020-08-05,2317,27876127,2178907032,78.3,78.5,77.9,77.9,-0.2,14160,77.9,78.6,82.51000000000002,10.71428571428575,9.06022845275186,31.155742558943654,36.659201019582135,90.66448342937723,82.51000000000002,74.35551657062281,-1.4451881633478365,-0.616858634154258,-0.8283295291935785
2020-08-06,2317,33250505,2629079995,79.3,79.7,78.5,79.0,1.1,16746,78.1,78.28999999999999,82.15,22.023809523809575,14.285714285714336,42.99938352998265,41.88613859341205,90.25666392543796,82.15,74.04333607456205,-1.3936168379523508,-0.7722102749138766,-0.6214065630384742
2020-08-07,2317,21862438,1721842306,79.6,79.6,78.3,78.3,-0.7,11805,78.08000000000001,78.11999999999999,81.82500000000002,23.21428571428578,18.65079365079372,38.12937874995847,39.64415231481853,90.00152126518306,81.82500000000002,73.64847873481698,-1.3931707358567138,-0.896402367102444,-0.4967683687542698
2020-08-10,2317,49798520,3990124915,79.2,80.9,79.1,80.5,2.2,23279,78.76000000000002,78.36999999999999,81.51500000000001,48.27694235588968,31.17167919799503,56.28375818726009,48.90138315909015,89.39339450649622,81.51500000000001,73.63660549350381,-1.2014460605868464,-0.9574111057993245,-0.2440349547875219
2020-08-11,2317,30816578,2468946640,81.0,81.1,79.6,79.8,-0.7,13848,79.10000000000001,78.50999999999999,81.19000000000001,59.46741854636588,43.6528822055138,50.755340751480546,46.45965258996481,88.78312847250689,81.19000000000001,73.59687152749314,-1.0933831832604568,-0.984605521291551,-0.10877766196890581
2020-08-12,2317,45677601,3690920427,80.9,81.5,79.9,81.4,1.6,20916,79.8,78.85,80.93000000000002,84.90031897926634,64.21489329384065,60.97673379084726,52.31995322468328,88.10916429676793,80.93000000000002,73.75083570323211,-0.8686230009305547,-0.9614090172193517,0.09278601628879701
2020-08-13,2317,91723728,7358971725,82.0,82.3,79.2,79.5,-1.9,36555,79.9,78.99999999999999,80.52500000000002,70.46037296037304,71.60937016200177,47.358292688587404,45.89561747596787,87.03618268826702,80.52500000000002,74.01381731173302,-0.8341969549349812,-0.9359666047624776,0.10176964982749637
2020-08-14,2317,35459498,2840778377,79.8,80.7,79.6,80.4,0.9,13587,80.32000000000001,79.19999999999999,80.14500000000002,68.09926184926196,74.48665126296713,53.14171998673193,49.08481764424486,85.68087391474813,80.14500000000002,74.60912608525192,-0.725923591776791,-0.8939580021653403,0.16803441038854927
2020-08-17,2317,23622631,1896828119,80.7,80.7,80.0,80.2,-0.2,11055,80.26,79.50999999999999,79.81500000000003,52.94774669774679,63.83579383579394,51.66999056358499,48.40203088987807,84.43594146251453,79.81500000000003,75.19405853748552,-0.6487758161767658,-0.8449215649676254,0.19614574879085955
2020-08-18,2317,33226399,2650389582,80.5,80.5,79.3,79.8,-0.4,11086,80.26,79.67999999999998,79.54000000000003,50.06313131313137,57.03671328671339,48.53372536217066,46.994054095227014,83.41731866113439,79.54000000000003,75.66268133886568,-0.6128477775593524,-0.7985068074859708,0.18565902992661842
2020-08-19,2317,34690778,2772846440,80.9,80.9,79.3,79.3,-0.5,13857,79.84,79.81999999999998,79.21000000000002,38.25757575757576,47.08948458948466,44.58697874914172,45.22317991468388,81.7633507397129,79.21000000000002,76.65664926028714,-0.6176010489837722,-0.7623256557855311,0.14472460680175891
2020-08-20,2317,62249250,4824965577,79.6,79.9,75.6,77.1,-2.2,28426,79.35999999999999,79.62999999999998,78.96000000000002,28.296019900497498,38.872242323734895,31.455968420392427,38.371582138312164,81.30298954329506,78.96000000000002,76.61701045670499,-0.7897855089432682,-0.7678176264170785,-0.02196788252618964
2020-08-21,2317,24487793,1910674209,78.2,78.4,77.5,78.2,1.1,11775,78.91999999999999,79.61999999999999,78.87000000000003,28.73134328358211,31.761646313885137,41.50502815867894,43.0200270569068,81.18438976838011,78.87000000000003,76.55561023161995,-0.8279381712027742,-0.7798417353742176,-0.048096435828556605
2020-08-24,2317,21801923,1698792494,78.2,78.4,77.6,77.6,-0.6,8976,78.4,79.33,78.85000000000002,30.34825870646768,29.125207296849112,37.96322637317778,41.19481843239876,81.20074456289645,78.85000000000002,76.4992554371036,-0.8962579131872559,-0.8031249709368253,-0.09313294225043056
2020-08-25,2317,17655262,1381004042,78.1,78.5,77.8,78.3,0.7,7599,78.1,79.17999999999999,78.84500000000001,36.31840796019904,31.79933665008296,44.418935831872574,44.17082910499809,81.19997346057178,78.84500000000001,76.49002653942824,-0.8837305553325052,-0.8192460878159613,-0.06448446751654391
2020-08-26,2317,16286412,1272133537,78.3,78.4,77.9,78.2,-0.1,7049,77.88,78.86,78.85500000000002,39.73528583497608,35.467317500547615,43.66167770558244,43.82957897045483,81.1971998206798,78.85500000000002,76.51280017932024,-0.8718218783200058,-0.8297612459167703,-0.04206063240323554
2020-08-27,2317,24154047,1879109966,78.2,78.7,77.5,77.5,-0.7,11696,77.96,78.66,78.83000000000001,41.73472261334839,39.26280546950786,38.32573546237511,41.41743511874433,81.2183885780993,78.83000000000001,76.44161142190073,-0.908396882047299,-0.845488373142876,-0.06290850890442301
2020-08-28,2317,25486462,1976344876,77.4,78.2,77.1,77.5,0.0,11424,77.82,78.37,78.78500000000001,40.251572327044066,40.5738602584562,38.32573546237511,41.41743511874432,81.23716231110426,78.78500000000001,76.33283768889576,-0.9267004105282695,-0.8617307806199547,-0.06496962990831479
2020-08-31,2317,30590373,2364666097,77.8,78.0,76.9,76.9,-0.6,9800,77.67999999999999,78.03999999999999,78.77500000000002,32.07547169811328,38.020588879501936,33.54316354048038,39.26906528190867,81.25602801273786,78.77500000000002,76.29397198726218,-0.9783433412694507,-0.8850532927498539,-0.09329004851959677
2020-09-01,2317,22918104,1761448751,76.9,77.3,76.4,77.0,0.1,9429,77.41999999999999,77.76,78.72000000000003,30.97849934181666,34.43518112232469,35.117487873452454,39.82926718442811,81.30503384890548,78.72000000000003,76.13496615109457,-0.9996779070493602,-0.9079782156097551,-0.0916996914396051
2020-09-02,2317,24934189,1926749142,77.2,77.8,77.0,77.8,0.8,10679,77.34,77.61,78.71500000000002,39.31866887968913,34.12421330653971,46.86557826489582,44.259061494164584,81.30673686935823,78.71500000000002,76.1232631306418,-0.9411830180501539,-0.9146191760978348,-0.02656384195231909
2020-09-03,2317,41884369,3282356882,78.8,79.3,77.6,77.7,-0.1,19460,77.38,77.67,78.65000000000002,46.085096986390454,38.7940884026321,45.659900136271645,43.82473902752559,81.27488094967985,78.65000000000002,76.02511905032019,-0.8926051646399458,-0.910216373806257,0.017611209166311204
2020-09-04,2317,36806710,2831784400,77.0,77.3,76.6,76.9,-0.8,15981,77.25999999999999,77.53999999999999,78.58000000000003,40.979510244877495,42.127758703652376,36.81916935094796,40.408432949257524,81.31100714023027,78.58000000000003,75.84899285976978,-0.9081911180690838,-0.9098113226588224,0.0016202045897385497
2020-09-07,2317,21248188,1638392849,76.8,77.5,76.8,77.3,0.4,10350,77.34,77.50999999999999,78.42000000000003,31.034482758620655,39.36636332996289,43.23098943291045,42.80903168228383,81.05560239793228,78.42000000000003,75.78439760206778,-0.8781437469031061,-0.9034778075076791,0.025334060604572994
2020-09-08,2317,26249612,2037963124,77.7,78.1,77.3,77.5,0.2,9471,77.44,77.42999999999999,78.30500000000004,28.73563218390797,33.58320839580205,46.40381824897467,44.02325096788416,80.88993713656282,78.30500000000004,75.72006286343725,-0.8286406071359949,-0.8885103674333423,0.059869760297347474
2020-09-09,2317,22505471,1737061038,77.3,77.9,76.6,77.9,0.4,10226,77.46,77.39999999999999,78.13000000000002,40.22988505747122,33.33333333333329,52.58696882405503,46.47103556409471,80.29249855491038,78.13000000000002,75.96750144508967,-0.7485040662114955,-0.860509107188973,0.11200504097747754
2020-09-10,2317,29117204,2283088513,78.0,78.7,78.0,78.5,0.6,12763,77.61999999999999,77.49999999999999,78.08000000000003,54.02298850574716,40.99616858237547,60.551260412875074,50.00276522555397,80.15807603325423,78.08000000000003,76.00192396674582,-0.6293258182938644,-0.8142724494099512,0.1849466311160869
2020-09-11,2317,16132726,1263705910,78.5,78.5,78.0,78.5,0.0,7897,77.93999999999998,77.6,77.98500000000003,65.51724137931042,53.25670498084295,60.551260412875074,50.00276522555396,79.78530552962225,77.98500000000003,76.1846944703778,-0.5287807429362488,-0.7571741081152108,0.22839336517896203
2020-09-14,2317,27029525,2139654572,78.8,79.5,78.6,79.4,0.9,13151,78.35999999999999,77.85,77.94500000000002,80.45977011494261,66.66666666666674,70.62537005684588,55.150507229458256,79.57407949468106,77.94500000000002,76.31592050531899,-0.372185248078452,-0.680176336107859,0.307991088029407
2020-09-15,2317,16938546,1340750906,79.4,79.4,78.9,79.1,-0.3,7801,78.67999999999999,78.05999999999999,77.91000000000003,85.05747126436783,77.01149425287365,64.24509967333883,53.184787291098864,79.40251465654148,77.91000000000003,76.41748534345857,-0.2691866666590528,-0.5979784022180977,0.32879173555904495
2020-09-16,2317,18122360,1429007221,79.4,79.4,78.6,78.8,-0.3,8344,78.86,78.16,77.88500000000002,86.20689655172413,83.90804597701155,58.11952047465711,51.21877598680478,79.29818788559528,77.88500000000002,76.47181211440476,-0.2093537419953151,-0.5202534701735412,0.3108997281782261
2020-09-17,2317,20784040,1628079884,78.6,79.1,78.0,78.1,-0.7,10005,78.78,78.19999999999999,77.93500000000003,71.26436781609185,80.84291187739463,46.142870985615424,46.865526541000456,79.30361243600453,77.93500000000003,76.56638756399553,-0.21593075267762174,-0.45938892667435727,0.24345817399673553
2020-09-18,2317,32663875,2538932050,77.9,78.2,77.5,77.6,-0.5,9826,78.6,78.27,77.90500000000002,54.02298850574706,70.49808429118771,39.38030990648211,43.98951776743288,79.27536491490123,77.90500000000002,76.5346350850988,-0.25850897184264454,-0.4192129357080147,0.16070396386537017
2020-09-21,2317,19006472,1475770876,77.6,78.3,77.3,77.4,-0.2,9495,78.2,78.28,77.89500000000002,37.93103448275868,54.40613026819923,36.859376607696376,42.85659820501016,79.27699131689901,77.89500000000002,76.51300868310103,-0.304876420227302,-0.39634563261187217,0.09146921238457018
2020-09-22,2317,25601394,1969959728,77.3,77.3,76.5,76.8,-0.6,10596,77.74,78.21,77.82000000000002,24.02298850574719,38.65900383141767,30.112572149272253,39.5645789884456,79.26720420120564,77.82000000000002,76.3727957987944,-0.38559306588220466,-0.39419511926593864,0.008602053383733987
2020-09-23,2317,18141854,1392920098,77.0,77.2,76.6,76.7,-0.1,8408,77.32,78.09,77.74500000000003,14.750957854406247,25.568326947637402,29.077656213754288,39.026510180119125,79.2595626431358,77.74500000000003,76.23043735686427,-0.45241558808041304,-0.4058392130288335,-0.04657637505157952
2020-09-24,2317,57338020,4323761301,76.1,76.4,75.0,75.0,-1.7,27989,76.7,77.74,77.62000000000003,5.55555555555556,14.776500638569694,17.291283619808144,31.24669957088615,79.55038856191739,77.62000000000003,75.68961143808268,-0.6352262184285138,-0.45171661410876957,-0.18350960431974422
2020-09-25,2317,38124876,2845940140,75.4,75.7,74.1,74.3,-0.7,17695,76.03999999999999,77.32,77.46000000000002,3.4800838574423985,7.9288657558014295,14.473051370320455,28.708887425950053,79.87362797464507,77.46000000000002,75.04637202535497,-0.8270553308843915,-0.526784357463894,-0.3002709734204976
2020-09-28,2317,32250992,2463972584,74.9,76.9,74.8,76.9,2.6,14071,75.93999999999998,77.07,77.46000000000002,18.867924528301938,9.301187980433326,49.874945613724265,46.19028052863449,79.87362797464507,77.46000000000002,75.04637202535497,-0.7605162556759382,-0.5735307371063028,-0.1869855185696354
2020-09-29,2317,36475973,2829789508,77.3,78.4,77.0,77.0,0.1,14074,75.97999999999999,76.85999999999999,77.46000000000002,38.201257861635305,20.183088749126572,50.788973380981915,46.73131379286367,79.87362797464507,77.46000000000002,75.04637202535497,-0.6917404417014978,-0.5971726780253418,-0.09456776367615605
2020-09-30,2317,19229698,1492921059,78.0,78.0,77.3,77.4,0.4,8011,76.11999999999998,76.72,77.44000000000003,62.5247915752524,39.86465798839657,54.64824553753296,48.942705674437384,79.84865107476871,77.44000000000003,75.03134892523134,-0.5980643430981445,-0.5973510110399023,-0.0007133320582421998
2020-10-05,2317,19075464,1486550675,78.2,78.5,77.5,77.7,0.3,8036,76.65999999999998,76.67999999999999,77.44000000000003,72.1874559548979,57.63783513059523,57.5604496315239,50.59913985161126,79.84865107476871,77.44000000000003,75.03134892523134,-0.4939242163508055,-0.576665652102083,0.08274143575127746
2020-10-06,2317,16976308,1322915817,78.1,78.2,77.6,77.8,0.1,7560,77.35999999999999,76.69999999999999,77.48500000000003,80.88442565186755,71.86555772733931,58.59442936066037,51.16784311714695,79.88522915572354,77.48500000000003,75.08477084427652,-0.39872697498066145,-0.5410779166777987,0.14235094169713725
2020-10-07,2317,17236406,1334976005,77.4,77.8,77.1,77.4,-0.4,6752,77.45999999999997,76.69999999999999,77.49000000000004,80.30303030303037,77.79163730326529,52.612553304081544,48.75030556850732,79.8890831582049,77.49000000000004,75.09091684179518,-0.3515071764715145,-0.5031637686365419,0.15165659216502736
2020-10-08,2317,14942266,1162407848,77.8,78.0,77.5,78.0,0.6,7978,77.65999999999997,76.82,77.51500000000003,82.57575757575762,81.25440451021854,59.79537583862832,52.38443975172223,79.92437751296616,77.51500000000003,75.1056224870339,-0.2626425801868919,-0.4550595309466119,0.19241695075971998
2020-10-12,2317,38085427,2991588689,78.4,78.8,78.1,78.7,0.7,14391,77.91999999999997,77.02,77.55500000000004,87.16956802063196,83.34945196647334,66.67146672497569,56.2795995774076,80.01465444727177,77.55500000000004,75.0953455527283,-0.134185787312191,-0.3908847822197277,0.2566989949075367
2020-10-13,2317,22946661,1803540423,79.0,79.1,78.1,78.9,0.2,10059,78.15999999999997,77.41,77.57500000000003,93.95251375706609,87.89927978448524,68.46902017819768,57.35304760913156,80.07129725793698,77.57500000000003,75.07870274206309,-0.016059402156088254,-0.31591970620699983,0.2998603040509116
2020-10-14,2317,42431974,3319711242,78.1,78.8,78.0,78.0,-0.9,11427,78.19999999999996,77.78,77.55000000000004,80.28007508462747,87.13405228744186,53.35987974884387,51.25450410402917,80.01860284371126,77.55000000000004,75.08139715628882,0.004877901338360857,-0.2517601846979277,0.25663808603628857
2020-10-15,2317,26260704,2052076611,77.7,78.5,77.6,78.1,0.1,9280,78.33999999999996,77.9,77.48500000000003,64.32262827611679,79.5184057059368,54.65694174168421,51.86693252902674,79.82018735864692,77.48500000000003,75.14981264135314,0.02920339095551583,-0.195567469567239,0.22477086052275483
2020-10-16,2317,48409062,3826593625,78.4,79.9,78.2,78.6,0.5,21575,78.45999999999997,78.06,77.46000000000002,50.39682539682537,64.9998429191899,60.98599062574516,54.91686118014252,79.73543402452988,77.46000000000002,75.18456597547016,0.0878150607016579,-0.13889096351345961,0.2267060242151175
2020-10-19,2317,85721985,6933767387,80.0,81.5,79.7,81.3,2.7,41492,78.97999999999998,78.45,77.58500000000002,66.34199134199126,60.35381500497783,79.24083358628283,67.05626623560491,80.36080618919773,77.58500000000002,74.80919381080231,0.34811975852895216,-0.041488819104977245,0.3896085776339294
2020-10-20,2317,45688857,3719173202,81.5,82.0,80.8,81.4,0.1,23005,79.47999999999998,78.82,77.75000000000003,78.92702535559674,65.22194736480448,79.65222708562281,67.40632225027362,80.98326460407854,77.75000000000003,74.51673539592151,0.5560722168434609,0.07802338808471039,0.4780488287587505
2020-10-21,2317,32456107,2621588828,81.5,81.5,80.3,80.4,-1.0,14481,79.95999999999997,79.08,77.89000000000004,82.55136397993547,75.94012689250785,64.69461021946378,60.48488526778758,81.3215594122759,77.89000000000004,74.45844058772418,0.6328888469548986,0.188996479858748,0.44389236709615054
2020-10-22,2317,24773904,1997772128,80.8,80.8,80.3,80.8,0.4,9087,80.49999999999997,79.41999999999999,78.06000000000003,74.97560640417791,78.8179985799034,67.53926525615903,62.158696210502754,81.70768419685496,78.06000000000003,74.4123158031451,0.7177692398119575,0.2947510318493899,0.4230182079625676
2020-10-23,2317,18968821,1533150361,81.2,81.4,80.5,80.7,-0.1,7944,80.91999999999997,79.69,78.25500000000004,69.20875420875427,75.57857486428925,65.98850840782757,61.45781412884733,82.02725396811829,78.25500000000004,74.48274603188179,0.7681140576935661,0.38942363701822513,0.378690420675341
2020-10-26,2317,14376600,1155662321,81.1,81.1,80.0,80.2,-0.5,7849,80.69999999999996,79.84,78.43000000000004,67.42424242424248,70.53620101239159,58.19410050719971,57.93997441458018,82.22214978606958,78.43000000000004,74.63785021393049,0.7589185268863474,0.46332261499184957,0.29559591189449785
2020-10-27,2317,21240221,1694981771,79.9,80.0,79.4,80.0,-0.2,9012,80.41999999999996,79.95,78.68000000000004,61.36363636363645,65.99887766554444,55.153929197554255,56.54571585592011,82.18291307342716,78.68000000000004,75.17708692657291,0.7271109910472262,0.5160802902029249,0.2110307008443013
2020-10-28,2317,33914127,2673591837,79.4,79.7,78.2,78.3,-1.7,16485,79.99999999999997,79.97999999999999,78.88000000000004,38.75598086124402,55.84795321637435,36.33171502467069,46.33843641393808,81.76138855414929,78.88000000000004,75.99861144585078,0.5582918562325574,0.5245226034088514,0.03376925282370602
2020-10-29,2317,30618945,2376702905,77.6,78.2,76.8,78.0,-0.3,15101,79.43999999999997,79.97,78.93500000000003,26.751318856581992,42.29031202715419,33.946598299576074,44.801486418767034,81.70286921656114,78.93500000000003,76.16713078343892,0.39573222803038277,0.49876452833315765,-0.10303230030277488
2020-10-30,2317,26399018,2048506123,77.6,78.2,77.1,77.5,-0.5,9463,78.79999999999997,79.85999999999999,78.96000000000004,13.056680161943296,26.187993293256465,30.10385486271009,42.284214873942496,81.66584552404326,78.96000000000004,76.25415447595681,0.2239748870967162,0.44380660008586936,-0.21983171298915316
2020-11-02,2317,17820319,1388494460,77.5,78.3,77.4,78.3,0.8,8075,78.41999999999997,79.55999999999999,79.00500000000002,22.817785051827624,20.875261356784332,42.296873681513475,47.37873832955833,81.63442959593758,79.00500000000002,76.37557040406247,0.15067241329288095,0.38517976272727167,-0.23450734943439072
2020-11-03,2317,14624015,1146787065,78.5,78.8,78.1,78.3,0.0,7545,78.07999999999997,79.24999999999999,79.03500000000003,25.995042576911203,20.623169263560737,42.296873681513475,47.37873832955833,81.61746006745352,79.03500000000003,76.45253993254653,0.09152463565975211,0.3264487373137678,-0.23492410165401567
2020-11-04,2317,18927508,1490884001,78.4,79.4,78.0,78.8,0.5,7641,78.17999999999998,79.08999999999999,79.08500000000002,36.00061671292008,28.27114811388633,49.75342603082916,50.54309395960613,81.60791498073073,79.08500000000002,76.56208501926932,0.08402680833283682,0.2779643515175816,-0.19393754318474477
2020-11-05,2317,14675062,1157728567,79.0,79.3,78.5,79.0,0.2,6177,78.37999999999997,78.91,79.16500000000002,42.41658240647117,34.804080565434184,52.61115869300852,51.791882422661736,81.56772761668871,79.16500000000002,76.76227238331133,0.093149287682607,0.24100133875058666,-0.14785205106797966
2020-11-06,2317,21927838,1745003872,79.6,79.9,79.3,79.7,0.7,9256,78.81999999999996,78.80999999999999,79.25000000000003,61.755350522413245,46.72418321393486,61.542405542760314,55.98128435217917,81.60159520325921,79.25000000000003,76.89840479674085,0.15507545483490048,0.2238161619674494,-0.06874070713254893
2020-11-09,2317,42301888,3424501240,80.7,81.5,80.5,81.2,1.5,19937,79.39999999999996,78.91,79.37500000000003,78.46827065809013,60.88006786232487,73.85914586941152,63.33435990547691,81.85844518763601,79.37500000000003,76.89155481236405,0.3214839851697775,0.24334972660791504,0.07813425856186246
2020-11-10,2317,21869925,1766382105,81.1,81.2,80.3,80.8,-0.4,10248,79.89999999999996,78.98999999999998,79.47000000000001,89.78280141843975,76.66880753298106,67.16672331959866,60.435181711570316,82.01801883823477,79.47000000000001,76.92198116176526,0.41628857178348255,0.27793749564302855,0.138351076140454
2020-11-11,2317,36850179,2992317172,80.8,81.7,80.4,81.6,0.8,17181,80.45999999999997,79.32,79.65,92.18316373728022,86.81141193793673,72.8969742010911,63.98594876044659,82.26495697861425,79.65,77.03504302138576,0.5496393040673411,0.33227785732789106,0.21736144673945001
2020-11-12,2317,44996299,3672675394,81.7,82.0,80.8,81.9,0.3,19911,81.03999999999996,79.71,79.84000000000002,93.5861856305889,91.85071692876964,74.8196219086861,65.24556762568318,82.52804761862478,79.84000000000002,77.15195238137525,0.6717843016792955,0.40017914619817196,0.2716051554811235
2020-11-13,2317,32250189,2628738658,81.9,82.0,80.9,81.4,-0.5,14397,81.37999999999997,80.1,79.98000000000003,93.55072463768117,93.10669133518344,65.7502927175187,61.39158746412796,82.68673234731308,79.98000000000003,77.27326765268698,0.7199402479373163,0.46413136654600085,0.2558088813913154
2020-11-16,2317,50715538,4182976762,82.0,82.9,81.9,82.6,1.2,22122,81.65999999999997,80.53,80.04500000000003,92.23454599230995,93.12381875352669,74.42915456324228,66.50524042162616,82.93184949382379,80.04500000000003,77.15815050617627,0.8451913141174003,0.5403433560602807,0.3048479580571196
2020-11-17,2317,45390693,3760327206,83.1,83.3,82.3,83.0,0.4,17332,82.09999999999997,81.0,80.12500000000003,90.87585034013601,92.22037365670907,76.72297260170986,68.02549581649565,83.23747489949545,80.12500000000003,77.0125251005046,0.9655995133853565,0.6253945875252959,0.3402049258600607
2020-11-18,2317,30992749,2576431712,82.9,83.4,82.7,83.2,0.2,14929,82.41999999999997,81.44000000000001,80.26500000000001,94.24983407997335,92.45341013747314,77.88043591473418,68.78829782915274,83.65396739435454,80.26500000000001,76.87603260564549,1.0648868545396226,0.7132930409281613,0.35159381361146136
2020-11-19,2317,23992520,1985723356,82.7,83.2,82.5,82.9,-0.3,11054,82.61999999999996,81.83000000000001,80.37000000000003,90.91430632048254,92.01333024686399,71.64583427313995,66.23573571776011,83.94384946521077,80.37000000000003,76.79615053478929,1.1066089952782647,0.791956231798182,0.31465276348008275
2020-11-20,2317,24856126,2050460680,83.3,83.3,82.1,82.5,-0.4,11943,82.83999999999996,82.11,80.46000000000002,83.3202202989771,89.49478689981102,63.711935407886344,62.88505811843316,84.15128703841843,80.46000000000002,76.76871296158161,1.094777521551805,0.8525204897489066,0.24225703180289837
2020-11-23,2317,24645027,2041909040,82.9,83.2,82.5,82.9,0.4,10383,82.89999999999995,82.28,80.59500000000003,79.39068100358418,84.54173587434796,67.86374790005993,64.80256100268082,84.43295518472941,80.59500000000003,76.75704481527065,1.1049405832014259,0.9030045084394105,0.20193607476201536
2020-11-24,2317,22997794,1893349073,83.1,83.1,82.0,82.0,-0.9,11782,82.69999999999996,82.4,80.69500000000002,66.8183071408877,76.50973614781635,52.18950949045221,57.59277392537927,84.56977741296078,80.69500000000002,76.82022258703927,1.028516308616929,0.9281068684749142,0.10040944014201492
2020-11-25,2317,23351912,1915145608,82.4,82.5,81.5,82.0,0.0,10804,82.45999999999995,82.44,80.88000000000002,57.8290598290597,68.01268265784388,52.18950949045221,57.59277392537926,84.63105318543919,80.88000000000002,77.12894681456086,0.9569187566362842,0.9338692461071882,0.023049510529095985
2020-11-26,2317,35654143,2955779864,82.6,83.2,82.5,83.0,1.0,15087,82.47999999999995,82.55,81.13000000000002,56.36707152496606,60.338146164971185,64.56647195105101,62.910308773311954,84.74391754194689,81.13000000000002,77.51608245805316,0.9696908312196939,0.9410335631296893,0.028657268090004573
2020-11-27,2317,21516682,1778145042,83.0,83.0,82.5,82.6,-0.4,10239,82.49999999999996,82.67,81.38500000000002,60.28070175438561,58.15894436947048,57.60704824573545,59.686345100813355,84.64031872479362,81.38500000000002,78.12968127520642,0.9367380026885286,0.9401744510414571,-0.003436448352928556
2020-11-30,2317,66105032,5444498467,82.7,83.0,82.0,82.3,-0.3,11699,82.37999999999997,82.64,81.58500000000002,59.64912280701717,58.76563202878964,52.6421756884236,57.31401508807733,84.53476270231883,81.58500000000002,78.63523729768121,0.8763135586519866,0.927402272563563,-0.05108871391157643
2020-12-01,2317,24824339,2050440234,82.5,82.9,82.2,82.9,0.6,9164,82.55999999999997,82.63,81.81500000000003,59.259259259259125,59.72969460688733,60.571246785145625,60.68011523635184,84.39900851391593,81.81500000000003,79.23099148608412,0.8668492385817359,0.9152916657671976,-0.048442427185461656
2020-12-02,2317,38583640,3190762355,83.0,83.3,82.4,82.7,-0.2,15581,82.69999999999996,82.58,82.01000000000003,62.18323586744651,60.36387264457429,56.86846906565171,59.0096845927014,84.21535711393555,82.01000000000003,79.80464288606451,0.8336011332437181,0.8989535592625016,-0.06535242601878355
2020-12-03,2317,30688528,2519994773,82.3,82.4,81.9,82.0,-0.7,14542,82.49999999999997,82.49,82.16000000000004,57.40740740740764,59.61663417803779,45.5086813784592,53.46236779280057,83.8809299811383,82.16000000000004,80.43907001886178,0.7422118640103008,0.8676052202120614,-0.12539335620176062
2020-12-04,2317,48068126,3987392806,83.0,83.4,82.6,82.9,0.9,20329,82.55999999999997,82.53,82.32000000000004,56.04288499025352,58.54450942170259,58.07177094315079,58.82220845096444,83.64604675633416,82.32000000000004,80.99395324366591,0.7339472016307269,0.8408736164957945,-0.1069264148650676
2020-12-07,2317,163867512,14119652736,83.3,88.1,83.1,87.9,5.0,80798,83.67999999999998,83.03,82.65500000000004,66.14389509126359,59.864729162974946,83.19051291884578,75.62094550442202,85.35424063395263,82.65500000000004,79.95575936604746,1.1179683669842717,0.89629256659349,0.22167580039078172
2020-12-08,2317,118755890,10495182078,88.4,89.7,87.3,87.6,-0.3,56530,84.61999999999998,83.59,82.99500000000003,81.24361019097863,67.81013009083193,79.84223061756114,73.67875514198752,86.31552706659389,82.99500000000003,79.67447293340618,1.3821676461987664,0.9934675825145453,0.38870006368422116
2020-12-09,2317,67952932,6033649403,88.5,89.3,88.2,89.0,1.4,31573,85.87999999999998,84.28999999999999,83.36500000000004,87.02408702408701,78.1371974354431,83.46544715761569,76.68777394531473,87.52445909944824,83.36500000000004,79.20554090055184,1.6850910969087067,1.1317922853933775,0.5532988115153292
2020-12-10,2317,54580931,4795519790,88.4,88.7,87.1,87.7,-1.3,27323,87.01999999999998,84.76,83.65500000000004,79.4871794871794,82.58495890074836,69.86184361786054,68.82030447926572,88.15987513700244,83.65500000000004,79.15012486299764,1.7995172637394745,1.265337281062597,0.5341799826768776
2020-12-11,2317,61349293,5351066332,88.5,88.5,85.8,87.6,-0.1,29628,87.96,85.26,83.96500000000003,79.4871794871794,81.99948199948194,68.85471630814733,68.2403531722934,88.65595939014521,83.96500000000003,79.27404060985485,1.8606828672252362,1.3844063982951247,0.47627646893011155
2020-12-14,2317,47987980,4241965989,88.3,89.0,87.7,87.7,0.1,21135,87.91999999999999,85.80000000000001,84.22000000000004,73.93162393162386,77.63532763532756,69.36987366712431,68.52598837214514,89.13552642145142,84.22000000000004,79.30447357854867,1.8953774811559612,1.486600614867292,0.40877686628866927
2020-12-15,2317,38956460,3390831919,88.3,88.3,86.5,87.1,-0.6,18357,87.82000000000001,86.22000000000001,84.42500000000004,71.36752136752126,74.92877492877484,62.171461146213794,64.76245886879282,89.46042451040499,84.42500000000004,79.38957548959509,1.8530968797494864,1.5598998678437308,0.29319701190575564
2020-12-16,2317,47026342,4130677034,88.0,88.2,87.4,88.2,1.1,21515,87.66,86.77000000000001,84.67500000000004,73.29962682075352,72.86625737329956,69.04246801063564,68.20962193258188,89.93384968410301,84.67500000000004,79.41615031589707,1.8866024270264603,1.6252403796802768,0.2613620473461835
2020-12-17,2317,28097957,2470825265,88.3,88.4,87.6,87.8,-0.4,12277,87.68,87.35000000000001,84.92000000000003,72.25067577180246,72.30594132002577,64.10286177904919,65.69294787676883,90.28082083267026,84.92000000000003,79.5591791673298,1.8594446372631097,1.6720812311968434,0.18736340606626634
2020-12-18,2317,27787804,2439199919,88.1,88.2,87.5,87.7,-0.1,11920,87.70000000000002,87.83000000000001,85.18000000000004,66.26776978889654,70.60602412715086,62.792560947761544,65.04679994653742,90.5505120798664,85.18000000000004,79.80948792013368,1.8089997063970742,1.6994649262368895,0.1095347801601847
2020-12-21,2317,28905010,2538797919,88.1,88.5,86.9,88.0,0.3,14714,87.76000000000002,87.84000000000002,85.43500000000003,60.92907092907094,66.48250549659,65.27673594010935,66.1233148647013,90.83250868456848,85.43500000000003,80.03749131543158,1.7727935673265733,1.7141306544548263,0.058662912871747075
2020-12-22,2317,94049036,8374170934,88.0,90.5,87.5,87.7,-0.3,44931,87.88000000000001,87.85000000000002,85.72000000000003,50.666874496661784,59.2879050715431,60.55956168822759,64.00055185090497,90.96160280830165,85.72000000000003,80.4783971916984,1.7002925345240385,1.7113630304686687,-0.011070495944630165
2020-12-23,2317,56278242,5000495202,88.5,89.4,88.3,88.8,1.1,25699,88.00000000000001,87.83000000000001,86.06000000000003,55.70415400202635,55.76669980925303,69.87279613113112,68.05064575922859,91.17288568227333,86.06000000000003,80.94711431772673,1.7118624656955603,1.711462917514047,0.0003995481815133317
2020-12-24,2317,41263965,3691307949,89.5,89.9,89.0,89.6,0.8,18937,88.36000000000001,88.02000000000001,86.39000000000001,60.585106382978665,55.65204496055561,74.9014479068388,70.63789584462825,91.5222119987396,86.39000000000001,81.25778800126042,1.7652364862351106,1.7222176312582598,0.04301885497685087
2020-12-25,2317,114607503,10497953149,90.9,92.2,90.8,91.8,2.2,61188,89.18000000000002,88.44000000000001,86.85000000000002,78.10408112479769,64.79778050326757,83.65464328901959,76.31753354550537,92.18610344727264,86.85000000000002,81.5138965527274,1.962435659179377,1.7702612368424833,0.19217442233689375
2020-12-28,2317,67626965,6240713115,92.4,93.0,91.8,91.8,0.0,34315,89.94000000000003,88.85,87.32500000000002,83.60344166426984,74.09754305734874,83.65464328901959,76.31753354550537,92.64773425975756,87.32500000000002,82.00226574024248,2.0945724965667125,1.8351234887873291,0.2594490077793834
2020-12-29,2317,46148101,4192521279,91.8,91.8,90.4,90.4,-1.4,26781,90.48000000000002,89.17999999999999,87.70000000000002,76.89579139104586,79.5344380600378,64.24710500879868,66.78348693183496,92.7738545505364,87.70000000000002,82.62614544946364,2.062547825043211,1.8806083560385054,0.1819394690047056
2020-12-30,2317,40526518,3687922978,91.0,91.6,90.1,91.6,1.2,20750,91.04,89.52,88.14500000000001,71.58469945355183,77.36131083628919,70.97969758160666,70.21785482013581,92.94019551217689,88.14500000000001,83.34980448782314,2.1096789476382725,1.9264224743584588,0.18325647327981365
2020-12-31,2317,32420293,2974403637,91.5,92.0,91.1,92.0,0.4,16438,91.52000000000001,89.94,88.64500000000001,72.67759562841525,73.719362157671,72.95988029583958,71.28367766085232,92.81799652528008,88.64500000000001,84.47200347471994,2.1544719474191396,1.972032368970595,0.18243957844854464
2021-01-04,2317,233726746,22587972258,93.4,100.0,93.3,99.9,7.9,115789,93.14000000000001,91.16,89.49500000000002,86.61857923497261,76.96029143897992,89.48769112927398,83.6947335303856,95.26196627352661,89.49500000000002,83.72803372647343,2.7952132213509486,2.136668539446666,0.6585446819042828
2021-01-05,2317,234178116,24176652664,101.0,105.0,101.0,104.0,4.1,114366,95.58000000000001,92.75999999999999,90.30000000000001,92.27284447498442,83.85633977945746,92.3272998678651,86.86709203515827,98.79917643069027,90.30000000000001,81.80082356930976,3.592429738290676,2.427820779215468,1.164608959075208
2021-01-06,2317,222119287,23465513766,107.5,109.0,102.0,105.0,1.0,114160,98.5,94.48999999999998,91.17000000000002,91.0706586826347,89.9873607975306,92.87495941929103,87.50560597674647,101.70415397647058,91.17000000000002,80.63584602352945,4.255862283035015,2.793429079979377,1.4624332030556375
2021-01-07,2317,114653734,12242829524,108.0,108.0,105.5,107.0,2.0,59013,101.58,96.30999999999999,92.07000000000002,87.80998848863116,90.38449721541679,93.89220071665208,88.68997669696193,104.5961486499237,92.07000000000002,79.54385135007634,4.886689920278755,3.2120812480392527,1.6746086722395024
2021-01-08,2317,115547259,12431474200,109.0,109.5,106.0,108.0,1.0,61278,104.78,98.14999999999999,93.08500000000001,87.22867688503425,88.70310801876673,94.36176654947634,89.23922738150966,107.21713005884116,93.08500000000001,78.95286994115885,5.405011403358287,3.6506672791030597,1.7543441242552276
2021-01-11,2317,70525408,7582606654,108.0,109.0,106.5,107.5,-0.5,39544,106.3,99.72,94.08000000000001,90.45891743486243,88.4991942695093,90.31160731917076,86.96514078128702,109.28849762468315,94.08000000000001,78.87150237531688,5.709622121972075,4.0624582476768625,1.6471638742952122
2021-01-12,2317,106622057,11119079660,106.5,107.0,103.0,104.0,-3.5,56730,106.3,100.94,94.89500000000001,84.53608247422677,87.40789226470783,66.8714067298286,72.95103533730789,110.39280307011252,94.89500000000001,79.3971969298875,5.604008045421935,4.370768207225877,1.2332398381960576
2021-01-13,2317,83561136,8856217204,105.0,107.0,105.0,106.5,2.5,40226,106.6,102.55,95.86500000000002,81.67861945315998,85.55787312074973,72.76258755538323,75.93419939772383,111.71432490675794,95.86500000000002,80.01567509324211,5.656828833931968,4.627980332567096,1.0288485013648723
2021-01-14,2317,321271715,36391347707,109.0,117.0,108.0,116.0,9.5,141468,108.4,104.99000000000001,97.25500000000002,83.70857580909833,83.30775924549503,84.76969419976065,83.418112498718,114.94131957191732,97.25500000000002,79.56868042808273,6.391582114571662,4.9807006889680085,1.4108814256036535
2021-01-15,2317,171273151,19817867014,118.0,119.0,113.0,115.5,-0.5,86061,109.9,107.34,98.64000000000001,86.67726614892268,84.02148713706033,82.53557224622396,81.97323319814276,117.45035884825143,98.64000000000001,79.8296411517486,6.854518934280009,5.3554643380304086,1.4990545962496
2021-01-18,2317,95824657,10843315189,115.5,116.0,111.0,114.0,-1.5,52153,111.2,108.75,99.95500000000001,82.30812718899087,84.23132304900396,75.56519752583284,77.62911357577877,119.19459199151564,99.95500000000001,80.71540800848439,7.019446426253438,5.688260755675015,1.3311856705784235
2021-01-19,2317,95320325,10971429720,115.0,116.5,114.0,115.0,1.0,45246,113.4,109.85,101.30500000000002,75.38126361655767,81.45555231815707,77.07128503038109,78.44906705091277,120.78724576377134,101.30500000000002,81.8227542362287,7.148441510548821,5.980296906649776,1.1681446038990453
2021-01-20,2317,133839555,15534875651,116.5,118.5,114.0,114.5,-0.5,62204,115.0,110.8,102.64500000000002,72.48774509803916,76.72571196786258,74.3963704679522,76.93075616154415,121.88500779625555,102.64500000000002,83.4049922037445,7.128156274477703,6.209868780215361,0.9182874942623425
2021-01-21,2317,88148629,10260813496,116.5,117.5,115.0,117.0,2.5,41785,115.2,111.8,104.05500000000002,78.12499999999994,75.33133623819894,78.70724981268576,79.10800253503129,123.1626398333227,104.05500000000002,84.94736016667734,7.230460932547587,6.413987210681806,0.8164737218657807
2021-01-22,2317,222771956,26779865039,117.5,121.5,117.0,121.5,4.5,108571,116.4,113.15,105.65000000000002,86.45833333333327,79.02369281045748,84.26926947042666,82.3390633824962,124.98913131451306,105.65000000000002,86.31086868548698,7.5871900984707565,6.648627788239596,0.9385623102311609
2021-01-25,2317,144137047,17407181744,122.0,124.0,117.5,123.0,1.5,70532,118.2,114.7,107.21000000000004,94.078947368421,86.22076023391809,85.71990221636223,83.2679804941611,126.85962086148166,107.21000000000004,87.56037913851841,7.899873176063309,6.898876865804338,1.0009963102589712
2021-01-26,2317,129763217,15878540462,122.5,125.0,120.0,122.0,-1.0,64483,119.6,116.5,108.72000000000003,92.3632610939112,90.96684726522183,79.98319279602082,80.23802072111181,128.03948239472203,108.72000000000003,89.40051760527801,7.975053670746206,7.114112226792711,0.8609414439534948
2021-01-27,2317,100937464,12345781130,124.0,124.5,122.5,123.0,1.0,41497,121.3,118.15,110.35000000000002,87.60135633200645,91.34785493144624,81.4328744691455,80.98323332606913,128.6877752194748,110.35000000000002,92.01222478052526,8.022844044976452,7.295858590429459,0.7269854545469929
2021-01-28,2317,126109713,15041934387,120.0,121.0,118.0,118.5,-4.5,67691,121.6,118.4,111.69500000000002,73.87955182072825,84.61472308221532,58.999841645140364,68.47054238280286,128.18772263757515,111.69500000000002,95.20227736242491,7.609883864729753,7.358663645289518,0.25122021944023487
2021-01-29,2317,182193247,20945648631,119.0,120.0,111.5,111.5,-7.0,94768,119.6,118.0,112.67000000000003,46.428571428571395,69.30315986043537,39.334720953380256,54.39191886491458,126.47711410831296,112.67000000000003,98.8628858916871,6.641212682317331,7.215173452695081,-0.5739607703777496
2021-02-01,2317,126542433,14005129697,111.0,114.5,108.0,113.0,1.5,57812,117.6,117.9,113.32500000000002,27.661064425770277,49.32306255835666,44.000953823573006,56.457978794089506,125.82809961569471,113.32500000000002,100.82190038430532,5.926257052993435,6.957390172754751,-1.031133119761316
2021-02-02,2317,84723356,9830393889,115.0,118.0,114.0,116.5,3.5,41228,116.5,118.05,113.95000000000002,26.470588235294088,33.52007469654527,53.69633985868077,60.90789321834682,125.75635422134984,113.95000000000002,102.1436457786502,5.577773217449149,6.681466781693631,-1.103693564244482
2021-02-03,2317,61266257,7139280649,118.0,118.5,115.0,116.5,0.0,26771,115.2,118.25,114.52500000000002,43.13725490196075,32.42296918767506,53.69633985868077,60.90789321834682,125.63119196664555,114.52500000000002,103.4188080333545,5.241180204217031,6.393409466198311,-1.1522292619812804
2021-02-04,2317,64821924,7403951223,114.5,116.0,113.0,114.0,-2.5,32329,114.3,117.95,114.87500000000003,45.09803921568624,38.235294117647044,45.960083866580206,56.153841751394204,125.4384984735159,114.87500000000003,104.31150152648415,4.71830898069652,6.058389369097953,-1.3400803884014332
2021-02-05,2317,88545854,10144603345,115.0,116.5,113.0,113.5,-0.5,44497,114.7,117.15,115.15000000000002,39.21568627450977,42.48366013071894,44.465280823627374,55.22542273072178,125.25989614189903,115.15000000000002,105.040103858101,4.214996096391886,5.68971071455674,-1.474714618164854
2021-02-17,2317,91569404,10442945499,115.0,116.0,112.5,114.0,0.5,43802,114.9,116.25,115.47500000000002,34.670231729055224,39.66131907308377,46.49548799611993,56.008700906534074,124.9801301937418,115.47500000000002,105.96986980625825,3.8125145363652706,5.314271478918446,-1.5017569425531754
2021-02-18,2317,47383973,5380177658,113.5,114.5,113.0,113.0,-1.0,24592,114.2,115.35,115.92500000000003,35.7260386672151,36.53731889026005,42.841111469672406,53.97497843028398,123.95167428017211,115.92500000000003,107.89832571982794,3.3739604419128995,4.926209271517337,-1.5522488296044372
2021-02-19,2317,87882501,9701331173,112.0,112.5,109.5,110.0,-3.0,46144,112.9,114.05,116.10000000000002,30.49728049728046,33.63118363118361,33.59857146073886,48.30788759253881,123.41846978541166,116.10000000000002,108.78153021458839,2.752597998203342,4.4914870168545376,-1.7388890186511956
2021-02-22,2317,60772150,6816444876,111.5,114.0,111.0,111.0,1.0,32269,112.3,113.3,115.85000000000002,27.899877899877865,31.37439902145783,38.73835466840523,50.18542065101691,123.49918296290399,115.85000000000002,108.20081703709606,2.3141790124114863,4.0560254159659275,-1.7418464035544412
2021-02-23,2317,51483656,5690394165,109.5,112.5,108.5,111.5,0.5,26413,111.9,113.3,115.65000000000002,25.079365079365044,27.82550782550781,41.38498364396502,51.14099097607283,123.53098978555272,115.65000000000002,107.76901021444732,1.9842019835157458,3.641660729475891,-1.6574587459601453
2021-02-24,2317,59398315,6652961790,112.0,114.0,110.5,110.5,-1.0,29603,111.2,113.05,115.47500000000002,26.19047619047615,26.389906389906372,37.595206548354824,49.111872707938794,123.64491432023516,115.47500000000002,107.30508567976489,1.6232889040844327,3.2379863643975995,-1.6146974603131667
2021-02-25,2317,113086563,13028463836,115.0,116.5,114.0,116.5,6.0,53677,111.9,113.05,115.55000000000003,49.999999999999964,33.75661375661374,61.9718572514074,59.49603932835284,123.72863069223558,115.55000000000003,107.37136930776447,1.8006557061928419,2.9505202327566478,-1.1498645265638059
2021-02-26,2317,122126804,13787932415,114.5,115.0,112.0,112.0,-4.5,55063,112.3,112.6,115.42500000000003,54.58333333333329,43.59126984126982,46.18582886991586,51.077599628394225,123.73929491899185,115.42500000000003,107.1107050810082,1.5601236485148888,2.672440915908296,-1.112317267393407
2021-03-02,2317,54679187,6208416490,114.5,114.5,112.0,112.0,0.0,24377,112.5,112.4,115.17500000000003,62.499999999999964,55.69444444444443,46.18582886991586,51.077599628394225,123.58496432810344,115.17500000000003,106.76503567189661,1.353893419296952,2.408731416586027,-1.054837997289075
2021-03-03,2317,90671041,10385729569,113.0,116.0,112.0,115.5,3.5,36128,113.3,112.6,114.87500000000003,58.33333333333329,58.4722222222222,57.6155167290432,56.615024010646685,122.77357582099256,114.87500000000003,106.9764241790075,1.4560903232510185,2.218203197919025,-0.7621128746680066
2021-03-04,2317,79491784,9055229129,115.5,116.0,112.0,114.5,-1.0,30614,114.1,112.65,114.45000000000002,68.74999999999996,63.19444444444442,53.80618609464396,54.709648348783105,121.4134761434203,114.45000000000002,107.48652385657974,1.4397934209557661,2.0625212425263735,-0.6227278215706074
2021-03-05,2317,87263439,10007886347,113.5,116.0,112.5,115.0,0.5,34097,113.8,112.85,114.10000000000002,81.24999999999996,69.44444444444441,55.52162370176483,55.5157865853409,120.15475020128675,114.10000000000002,108.0452497987133,1.4505033303146888,1.9401176600840366,-0.4896143297693478
2021-03-08,2317,54725412,6277482760,116.0,116.5,113.0,113.5,-1.5,23284,114.1,113.2,113.62500000000003,72.91666666666663,74.30555555555553,49.13527612006052,52.49692216906312,118.09573819407646,113.62500000000003,109.1542618059236,1.3227062128002842,1.8166353706272862,-0.493929157827002
2021-03-09,2317,44151477,5019110304,113.0,115.0,112.0,115.0,1.5,20125,114.7,113.6,113.45000000000002,72.91666666666663,75.69444444444441,55.15346820846203,55.12487442641283,117.38573373082879,113.45000000000002,109.51426626917124,1.327164810613212,1.7187412586244712,-0.39157644801125935
2021-03-10,2317,49011206,5676662482,116.0,117.0,115.0,115.5,0.5,20545,114.7,114.0,113.65000000000002,69.16666666666663,71.66666666666664,57.12619488993982,55.99869981696962,117.57555728527579,113.65000000000002,109.72444271472425,1.3554196686078086,1.6460769406211386,-0.29065727201333
2021-03-11,2317,76015788,8894298610,116.5,118.0,116.0,117.0,1.5,36312,115.2,114.65,113.85000000000002,76.11111111111107,72.73148148148147,62.84634749467356,58.60301550841884,118.02252920900196,113.85000000000002,109.67747079099809,1.4817684072804127,1.6132152339529935,-0.13144682667258079
2021-03-12,2317,97811913,11662163611,117.5,120.0,117.5,120.0,3.0,51423,116.2,115.0,114.02500000000002,84.44444444444441,76.57407407407406,71.66675558808059,63.28362676862949,118.86726186817488,114.02500000000002,109.18273813182516,1.8031895739637207,1.6512101019551388,0.15197947200858186
2021-03-15,2317,70166127,8428413588,120.0,122.0,118.5,121.0,1.0,35682,117.7,115.9,114.25000000000003,91.11111111111109,83.88888888888887,74.06149186370209,64.7157430150748,119.88471383478976,114.25000000000003,108.61528616521029,2.114238185194651,1.7438157186030412,0.3704224665916098
2021-03-16,2317,93898518,11496180042,121.5,123.5,121.0,123.0,2.0,46078,119.3,117.0,114.70000000000002,95.2173913043478,90.25764895330111,78.33427948499863,67.45026042570619,121.49999999999879,114.70000000000002,107.90000000000124,2.4933875166696566,1.8937300782163642,0.5996574384532924
2021-03-17,2317,145610279,18331370516,123.5,128.0,123.0,126.0,3.0,75496,121.4,118.05,115.32500000000002,91.05072463768113,92.4597423510467,83.18235644289544,71.071828420621,123.68726643918882,115.32500000000002,106.96273356081122,3.0013434029629593,2.115252743165683,0.8860906597972762
2021-03-18,2317,139458505,18102452005,128.0,131.5,128.0,129.5,3.5,70643,123.9,119.55,116.10000000000002,90.96525455221104,92.41112349808002,87.10868867083795,74.61976778975031,126.46146707758989,116.10000000000002,105.73853292241016,3.6443134745265127,2.421064889437849,1.2232485850886636
2021-03-19,2317,168584321,21042857494,127.0,127.0,123.5,123.5,-6.0,88025,124.6,120.4,116.62500000000003,78.73931623931621,86.91843180973615,59.3816208545755,60.8433523955574,127.36220168386392,116.62500000000003,105.88779831613614,3.627901838577415,2.6624322792657624,0.9654695593116527
2021-03-22,2317,110246598,14033692679,124.0,130.0,124.0,130.0,6.5,58130,126.4,122.05,117.62500000000003,79.87567987567984,83.19341688906906,71.03448377288139,67.78269506135712,129.38457057038946,117.62500000000003,105.86542942961059,4.092218627066558,2.9483895488259213,1.1438290782406364
2021-03-23,2317,114215010,15097213858,133.0,134.5,130.0,130.5,0.5,60873,127.9,123.6,118.60000000000002,76.08727608727605,78.23409073409073,71.7615179603184,68.24883236842064,131.20396762928164,118.60000000000002,105.99603237071841,4.449250656486072,3.2485617703579512,1.2006888861281206
2021-03-24,2317,83454915,10735343710,130.0,132.0,126.5,128.0,-2.5,49048,128.3,124.85,119.42500000000003,77.01739172327403,77.66011589541,62.59636958256374,63.31603734315383,132.22060471411882,119.42500000000003,106.62939528588123,4.47884269484625,3.494617955255611,0.9842247395906392
2021-03-25,2317,68884133,8771645445,127.0,129.5,125.5,126.5,-1.5,35440,127.7,125.8,120.22500000000002,63.3810280869104,72.16189863248685,57.4593998244119,60.49099783382756,132.68483547242806,120.22500000000002,107.765164527572,4.331328278235603,3.6619600198516093,0.6693682583839933
2021-03-26,2317,53269507,6765454880,127.5,128.0,126.0,126.5,0.0,26855,128.3,126.45,120.72500000000002,50.83514887436451,63.744522894849666,57.45939982441192,60.49099783382754,133.3482919636668,120.72500000000002,108.10170803633324,4.166394438688968,3.762846903619081,0.40354753506988716
2021-03-29,2317,41716728,5343103863,128.0,129.0,127.5,128.5,2.0,22188,128.0,127.2,121.55000000000003,46.18894256575411,53.46837317567636,62.97381151760385,63.04099212032692,133.93910811963383,121.55000000000003,109.16089188036622,4.14923665056908,3.8401248530090806,0.30911179755999907
2021-03-30,2317,47600474,6154998092,129.5,130.0,128.5,129.5,1.0,25886,127.8,127.85,122.42500000000003,47.704094080905634,48.24272850700811,65.57675186325021,64.28230499052391,134.45942977460797,122.42500000000003,110.39057022539208,4.168281270696596,3.9057561365465836,0.26252513415001255
2021-03-31,2317,132523915,16524687255,125.0,126.5,123.0,124.0,-5.5,80792,127.0,127.65,122.85000000000002,37.022397891963074,43.63847817954096,45.19132656354873,53.61623067021374,134.46938036213552,122.85000000000002,111.23061963786452,3.6969540497629225,3.8639957191898513,-0.16704166942692877
2021-04-01,2317,97942681,11979889015,124.5,125.5,120.5,121.5,-2.5,58865,126.0,126.85,123.20000000000002,23.461321287408207,36.062604420092335,38.795769803176874,49.58853674159572,134.19727238909667,123.20000000000002,112.20272761090335,3.086119856156614,3.708420546583204,-0.6223006904265898
2021-04-06,2317,42038412,5173429747,123.5,124.0,122.0,122.5,1.0,23481,125.2,126.75,123.57500000000002,10.041407867494785,23.508375682288715,42.587492463802626,51.168704169366784,133.92040961006293,123.57500000000002,113.22959038993712,2.6521486804689687,3.4971661733603567,-0.8450174928913881
2021-04-07,2317,34046989,4203938017,124.0,124.5,122.5,123.5,1.0,19722,124.2,126.1,124.07500000000002,15.838509316770148,16.44707949055774,46.457406496186366,52.76325528612777,133.33391462321512,124.07500000000002,114.81608537678493,2.361690936776725,3.2700711260436304,-0.9083801892669054
2021-04-08,2317,39136758,4793168068,123.0,123.0,121.5,122.5,-1.0,22754,122.8,125.3,124.45000000000002,20.47510079546689,15.451672659910635,43.070367700197956,50.97080797642148,132.7680526567213,124.45000000000002,116.13194734327875,2.0274383918693957,3.0215445792087836,-0.9941061873393879
2021-04-09,2317,81190769,9840669741,123.0,123.0,120.0,120.0,-2.5,48261,122.0,124.5,124.67500000000003,15.713196033562129,17.342268715266417,35.51775068847456,46.69958242918379,132.22003147773265,124.67500000000003,117.1299685222674,1.5430247069207041,2.7258406047511676,-1.1828158978304635
2021-04-12,2317,69698881,8412790814,120.0,122.0,119.0,120.5,0.5,34745,121.8,123.9,124.85000000000002,11.562998405103633,15.917098411377578,38.052412749648845,47.64453003478672,131.81491205974442,124.85000000000002,117.88508794025563,1.1858000283207701,2.417832489465088,-1.232032461144318
2021-04-13,2317,49938841,6104468787,121.5,123.0,121.0,122.5,2.0,27114,121.8,123.5,124.97500000000002,15.151515151515113,14.142569863393652,47.654506940751745,51.35921801502502,131.6718276071566,124.97500000000002,118.27817239284346,1.0519539122858248,2.1446567740292357,-1.092702861743411
2021-04-14,2317,53715724,6503412481,123.0,123.5,119.0,121.5,-1.0,30993,121.4,122.8,125.00000000000003,26.262626262626224,17.659046606415018,43.702942750970095,49.46926744751467,131.64078308635132,125.00000000000003,118.35921691364874,0.8553285631156058,1.8867911318465098,-1.031462568730904
2021-04-15,2317,39721032,4787637644,121.0,121.0,119.5,121.0,-0.5,19434,121.1,121.95,124.90000000000002,31.97358197358193,24.46257446257445,41.686538125281636,48.50809578858418,131.71615727517914,124.90000000000002,118.0838427248209,0.6516439896846151,1.639761703414131,-0.9881177137295158
2021-04-16,2317,53301304,6553729709,122.0,124.0,122.0,123.5,2.5,28744,121.8,121.9,124.77500000000002,48.64024864024859,35.62548562548562,54.05289892996882,53.3850165515304,131.5975728284848,124.77500000000002,117.95242717151524,0.6840661160314454,1.4486225859375939,-0.7645564699061485
2021-04-19,2317,32456085,3960275441,123.5,123.5,121.5,121.5,-2.0,20644,122.0,121.9,124.37500000000003,52.680652680652635,44.43149443149442,45.121947952186076,49.3575236856793,130.97708300462608,124.37500000000003,117.77291699537396,0.5421282820749127,1.2673237251650575,-0.7251954430901448
2021-04-20,2317,26315401,3200501050,121.5,122.0,121.0,122.0,0.5,16401,121.9,121.85,124.30000000000003,62.42424242424238,54.58171458171457,47.644985963264126,50.365667013315175,130.97382948538333,124.30000000000003,117.6261705146167,0.46463136621638057,1.1067852533753222,-0.6421538871589416
2021-04-21,2317,35462621,4268553354,121.0,121.5,120.0,120.0,-2.0,26330,121.6,121.5,123.80000000000003,41.81818181818178,52.3076923076923,39.228455548418935,46.38775328682094,130.18278935889134,123.80000000000003,117.41721064110871,0.2390753054586412,0.933243263791986,-0.6941679583333448
2021-04-22,2317,68387339,8132044568,122.0,122.0,117.5,117.5,-2.5,48086,120.9,121.0,123.15000000000002,26.666666666666625,43.63636363636363,31.19271547775815,41.929774541231204,129.31522505671776,123.15000000000002,116.98477494328229,-0.1397971102969393,0.7186351889742009,-0.8584322992711402
2021-04-23,2317,39536828,4672962184,117.0,119.0,117.0,119.0,1.5,21716,120.0,120.9,122.70000000000002,16.190476190476147,28.225108225108226,39.82175100891924,45.32493199923473,128.69499791492714,122.70000000000002,116.70500208507289,-0.31538322394821705,0.5118315063897173,-0.8272147303379344
2021-04-26,2317,41610001,4920766189,119.5,120.0,117.5,117.5,-1.5,27201,119.2,120.6,122.25000000000003,11.90476190476186,18.253968253968253,34.73907038975963,42.64014541661028,128.38595958265475,122.25000000000003,116.11404041734531,-0.5690147007525184,0.2956622649612702,-0.8646769657137885
2021-04-27,2317,54687858,6524558198,118.5,120.5,118.0,118.5,1.0,27876,118.5,120.2,121.85000000000002,19.047619047619005,15.714285714285714,40.6326068923368,44.97998837255149,127.86747455333028,121.85000000000002,115.83252544666976,-0.6814722429695337,0.10023536337510941,-0.7817076063446431
2021-04-28,2317,39359343,4616990789,118.0,118.5,117.0,117.0,-1.5,28818,117.9,119.75,121.27500000000002,9.523809523809481,13.492063492063492,35.08746390351929,42.199254727973695,126.8200428312127,121.27500000000002,115.72995716878734,-0.8814720581769393,-0.09610612093530035,-0.785365937241639
2021-04-29,2317,46015350,5394760734,118.0,118.5,116.0,116.0,-1.0,23471,117.6,119.25,120.60000000000002,7.1428571428571,11.904761904761903,31.720533940303607,40.40585231743827,125.17820925690138,120.60000000000002,116.02179074309866,-1.1078938842434098,-0.2984636735969223,-0.8094302106464876
2021-05-03,2317,72538032,8208678758,115.0,115.0,112.0,112.5,-3.5,41556,116.3,118.15,120.02500000000002,1.666666666666624,6.11111111111111,22.790534253321844,34.82703435935886,125.54292533475947,120.02500000000002,114.50707466524057,-1.5518666096887301,-0.5491442608152839,-1.0027223488734462
2021-05-04,2317,89596108,9800361771,112.0,112.0,107.5,108.5,-4.0,53065,114.5,116.85,119.37500000000003,3.9655172413792683,4.258347016967705,16.5705778082975,29.768432341454094,126.78360985610448,119.37500000000003,111.96639014389558,-2.2011117181180992,-0.879537752275847,-1.3215739658422523
2021-05-05,2317,65838793,7336678783,110.0,113.5,110.0,110.0,1.5,35566,112.8,115.65,118.75000000000003,9.712643678160878,5.114942528735631,25.469637657906326,33.65983792625639,127.0536136711656,118.75000000000003,110.44638632883445,-2.5650375242309167,-1.216637706666861,-1.3483998175640557
2021-05-06,2317,38108953,4267799288,112.0,113.0,110.5,112.5,2.5,20913,111.9,114.9,118.20000000000002,20.86648983200703,11.5148835838491,38.27230573178866,39.66062699523236,126.6285230022814,118.20000000000002,109.77147699771864,-2.621503184014685,-1.4976108021364258,-1.1238923818782591
2021-05-07,2317,60794976,7060345979,114.5,117.5,114.0,117.5,5.0,31435,112.2,114.9,117.95000000000002,44.20866489832002,24.929266136162685,55.93444436434264,49.49943999452721,126.14695065252809,117.95000000000002,109.75304934747194,-2.2370075820331436,-1.6454901581157695,-0.5915174239173742
2021-05-10,2317,41895494,4774715374,116.0,116.5,113.0,113.0,-4.5,25092,112.3,114.3,117.60000000000002,52.56410256410252,39.213085764809904,43.01205721372035,42.744125904813515,126.01189633792409,117.60000000000002,109.18810366207596,-2.2692459841042023,-1.770241323313456,-0.49900466079074635
2021-05-11,2317,81061955,8760238578,109.5,110.0,106.0,107.0,-6.0,52353,112.0,113.25,116.92500000000003,42.41025641025637,46.39434129089302,31.641032701060617,35.740414183110545,126.3974600817306,116.92500000000003,107.45253991826945,-2.7472761169621123,-1.9656482820431873,-0.781627834918925
2021-05-12,2317,150803046,15233688207,104.0,106.5,96.5,102.0,-5.0,81587,110.4,111.6,115.90000000000002,25.102564102564063,40.02564102564103,25.171368353901315,31.15863934233767,127.02924076475925,115.90000000000002,104.77075923524079,-3.489353558751503,-2.2703893373848505,-1.2189642213666527
2021-05-13,2317,70831609,7257570159,99.5,105.0,98.2,103.0,1.0,37633,108.5,110.2,114.97500000000002,21.317460317460277,29.610093610093617,28.57885897795412,33.00837369425301,127.11779621833347,114.97500000000002,102.83220378166658,-3.9512164711648268,-2.6065547641408457,-1.344661707023981
2021-05-14,2317,44125994,4625585079,105.0,106.0,103.5,104.5,1.5,24199,105.9,109.05,114.15000000000002,31.34920634920631,25.92307692307693,33.850338691474164,35.79515974866179,126.77576730341495,114.15000000000002,101.52423269658509,-4.148388650734631,-2.914921541459603,-1.2334671092750282
2021-05-17,2317,97655746,9727936586,100.0,102.0,97.1,98.2,-6.3,53058,102.94000000000001,107.62,112.88500000000002,25.714285714285676,26.126984126984137,24.85959093332922,30.12666070481016,126.5380253057695,112.88500000000002,99.23197469423054,-4.758157296827974,-3.283568692533277,-1.4745886042946972
2021-05-18,2317,81996675,8583172481,101.5,107.5,101.0,107.0,8.8,38862,102.94000000000001,107.47,112.16000000000001,32.06349206349203,29.70899470899472,47.55820189888377,43.56933677122811,125.44102405690116,112.16000000000001,98.87897594309887,-4.479677947791956,-3.522790543585013,-0.9568874042069426
2021-05-19,2317,47578836,5007165726,106.5,106.5,104.0,105.0,-2.0,22779,103.54,106.97,111.31000000000002,32.85714285714282,30.21164021164022,44.03139046705076,41.61002211170055,124.13121679092822,111.31000000000002,98.48878320907181,-4.369989820224788,-3.692230398912968,-0.6777594213118201
2021-05-20,2317,45667137,4830640300,105.0,106.5,104.5,106.0,1.0,17658,104.14000000000001,106.32000000000001,110.61000000000001,45.992063492063444,36.970899470899475,46.35212841668085,42.9904866670061,122.97768369582549,110.61000000000001,98.24231630417454,-4.154479294977293,-3.784680178125833,-0.3697991168514596
2021-05-21,2317,54294943,5915349127,108.0,110.0,108.0,109.5,3.5,24601,105.14000000000001,105.52000000000001,110.21000000000001,61.42416225749554,46.75778953556732,54.12027216349479,47.655084243768584,122.17125411484885,110.21000000000001,98.24874588515117,-3.6590852447694004,-3.7595611914545466,0.10047594668514614
2021-05-24,2317,31185744,3397485475,108.5,110.0,108.0,109.5,0.0,15620,107.4,105.17,109.73500000000001,80.03086419753082,62.48236331569665,54.12027216349479,47.65508424376858,120.9963098705251,109.73500000000001,98.47369012947493,-3.2292570260051576,-3.653500358364669,0.42424333235951117
2021-05-25,2317,51415212,5763067348,111.0,113.0,110.5,112.0,2.5,24932,108.4,105.67,109.46000000000001,95.4344281388306,78.9631515312857,59.782020360069566,50.97785579105635,120.2062365505321,109.46000000000001,98.71376344946792,-2.6562661762496447,-3.454053521941664,0.7977873456920195
2021-05-26,2317,24843379,2770423040,113.5,113.5,110.5,111.5,-0.5,13505,109.7,106.62,109.11000000000001,92.60395538965867,89.35641590867341,58.10881771627994,50.290273544384,119.08394605960873,109.11000000000001,99.13605394039129,-2.2169569215836447,-3.2066342018700604,0.9896772802864158
2021-05-27,2317,61345941,6696631324,110.0,110.5,107.5,109.5,-2.0,18480,110.4,107.27000000000001,108.73500000000001,85.70844199008023,91.24894183952323,51.3958742079906,47.528777599960684,118.0353817125958,108.73500000000001,99.43461828740423,-2.0070484522973544,-2.966717051955519,0.9596685996581646
2021-05-28,2317,26999728,2990527150,110.5,111.5,110.0,111.0,1.5,12829,110.7,107.92,108.48500000000001,81.13821138211377,86.48353625395094,55.85789925431944,49.757114893163056,117.24382983051888,108.48500000000001,99.72617016948115,-1.7000597831722501,-2.7133855981988653,1.0133258150266151
2021-05-31,2317,34363475,3879023225,112.0,113.5,111.5,113.5,2.5,18834,111.5,109.45,108.53500000000001,85.20325203252027,84.0166351349048,62.544037713300646,53.315598543690214,117.39576181826311,108.53500000000001,99.67423818173691,-1.2407374950181236,-2.4188559775627168,1.1781184825445932
2021-06-01,2317,22421329,2559926686,114.5,115.0,113.5,114.5,1.0,14042,112.0,110.2,108.83500000000001,91.74603174603169,86.02916505355529,65.01683357556198,54.69774757936175,118.06912692137111,108.83500000000001,99.60087307862891,-0.7869580670339076,-2.0924763954569547,1.3055183284230472
2021-06-02,2317,33224565,3741059700,115.0,115.5,111.0,112.0,-2.5,21467,112.1,110.9,108.93500000000002,83.82936507936502,86.92621628597237,54.51895333278568,50.659709008841524,118.2602935610617,108.93500000000002,99.60970643893833,-0.6218948904988935,-1.7983600944653424,1.176465203966449
2021-06-03,2317,24092372,2687851339,113.0,113.0,110.5,111.0,-1.0,12120,112.4,111.4,108.86000000000001,65.07936507936502,80.21825396825396,50.69880437296733,49.09831578693276,118.09307099506923,108.86000000000001,99.6269290049308,-0.5652568474529573,-1.5517394450628654,0.9864825976099081
2021-06-04,2317,30062210,3321498146,110.0,112.5,109.0,112.0,1.0,16040,112.6,111.65,108.58500000000001,52.08333333333328,66.9973544973545,54.42452892795105,50.73357035934608,117.06963906126782,108.58500000000001,100.1003609387322,-0.43466855905568025,-1.3283252678614283,0.8936567088057481
2021-06-07,2317,20456903,2266693907,112.5,112.5,109.0,110.5,-1.5,12472,112.0,111.75,108.46000000000001,45.83333333333328,54.332010582010575,48.06764623386709,48.230621256654146,116.75226145270341,108.46000000000001,100.16773854729661,-0.44706042929648504,-1.1520723001484396,0.7050118708519546
2021-06-08,2317,18593259,2057056822,111.0,111.5,110.0,110.5,0.0,9979,111.2,111.6,108.63500000000002,43.74999999999994,47.22222222222221,48.06764623386709,48.23062125665414,116.94433812045108,108.63500000000002,100.32566187954896,-0.4516744537951638,-1.0119927308777845,0.5603182770826207
2021-06-09,2317,23900252,2629388923,110.0,111.0,109.5,109.5,-1.0,12614,110.7,111.4,109.01000000000002,27.56410256410251,39.04914529914529,43.46131943830762,46.45847465577506,116.74483031487927,109.01000000000002,101.27516968512077,-0.5299142228035834,-0.9155770292629443,0.3856628064593609
2021-06-10,2317,19385582,2147142899,110.0,111.5,109.5,110.5,1.0,8737,110.6,111.5,109.38500000000002,22.756410256410202,31.35683760683759,49.14679748868325,48.49644870279251,116.62966010244625,109.38500000000002,102.14033989755379,-0.5054021988323569,-0.8335420631768268,0.32813986434446984
2021-06-11,2317,38750164,4379542303,111.5,114.5,111.5,113.5,3.0,19549,110.9,111.75,109.83500000000001,33.33333333333328,27.88461538461537,62.38548269315453,54.13647672888493,116.92648080445737,109.83500000000001,102.74351919554265,-0.24112181311323866,-0.7150580131641091,0.47393620005087045
2021-06-15,2317,23669454,2669519218,113.5,114.5,112.0,113.0,-0.5,12539,111.4,111.7,110.57500000000002,51.28205128205122,35.79059829059827,59.37968349013135,53.09292455329059,115.37369774001053,110.57500000000002,105.7763022599895,-0.07120274381064462,-0.5862869592934162,0.5150842154827716
2021-06-16,2317,24015917,2690279796,112.0,113.0,111.5,111.5,-1.5,13461,111.6,111.4,110.80000000000003,58.74125874125868,47.785547785547756,50.81120072496158,49.98028490289963,115.3210618221808,110.80000000000003,106.27893817781926,-0.056921960239535,-0.48041395948264,0.423491999243105
2021-06-17,2317,18216980,2029826374,110.5,113.0,110.0,113.0,1.5,11268,112.3,111.5,111.20000000000002,59.90675990675985,56.64335664335661,57.898913958818774,52.95078301273004,114.94699879903723,111.20000000000002,107.4530012009628,0.07457349082316966,-0.36941646942147804,0.4439899602446477
2021-06-18,2317,30836806,3448966642,112.5,113.0,111.5,111.5,-1.5,12120,112.5,111.55,111.47500000000002,54.5454545454545,57.73115773115771,49.566432298540605,49.767890429871265,114.36420404263558,111.47500000000002,108.58579595736447,0.05708903235864682,-0.2841153690654531,0.3412044014240999
2021-06-21,2317,35268628,3851837858,110.5,110.5,108.5,108.5,-3.0,25025,111.5,111.2,111.42500000000003,39.39393939393934,51.28205128205126,37.10617688344574,44.06310432899274,114.47909561081144,111.42500000000003,108.37090438918861,-0.19657644401507923,-0.2666075840553783,0.07003114004029909
2021-06-22,2317,22187502,2420791691,109.5,110.0,108.5,108.5,0.0,11877,110.6,111.0,111.37500000000003,15.151515151515099,36.363636363636346,37.10617688344574,44.06310432899274,114.58241328799032,111.37500000000003,108.16758671200974,-0.39307701446155363,-0.2919014701366134,-0.10117554432494025
2021-06-23,2317,27861665,3077038861,109.0,112.0,108.5,111.5,3.0,14754,110.6,111.1,111.35000000000002,16.666666666666615,23.73737373737372,53.13994662967295,50.62683120449096,114.54530906173056,111.35000000000002,108.15469093826948,-0.3032347033929881,-0.29416811678788835,-0.009066586605099736
2021-06-24,2317,32245265,3633060884,111.5,114.0,111.0,113.0,1.5,14922,110.6,111.45,111.42500000000003,41.666666666666615,24.49494949494948,59.206419590264126,53.56102918963399,114.7002862470293,111.42500000000003,108.14971375297075,-0.10973164254562562,-0.2572808219394358,0.14754917939381018
2021-06-25,2317,35822902,4085680684,114.0,115.0,113.0,113.0,0.0,19887,110.9,111.7,111.60000000000002,64.74358974358968,41.02564102564101,59.20641959026413,53.56102918963399,114.81869538788294,111.60000000000002,108.3813046121171,0.043123822705680936,-0.19719989301041246,0.2403237157160934
2021-06-28,2317,23851540,2668210950,113.0,113.5,111.0,111.5,-1.5,13223,111.5,111.5,111.62500000000003,63.4615384615384,56.623931623931604,50.33666671606065,50.10744506772967,114.83241328799032,111.62500000000003,108.41758671200974,0.0427328188688989,-0.14921335063455018,0.1919461695034491
2021-06-29,2317,17814779,1993813362,112.5,112.5,111.5,111.5,0.0,9753,112.1,111.35,111.52500000000002,53.84615384615379,60.68376068376065,50.33666671606065,50.10744506772967,114.61490291109266,111.52500000000002,108.43509708890738,0.04193949314071688,-0.11098278187949677,0.15292227502021366
2021-06-30,2317,31230317,3519673041,112.0,113.5,112.0,112.0,0.5,13468,112.2,111.4,111.40000000000002,48.717948717948666,55.34188034188031,53.497430198083606,51.320867631517544,114.1856776554333,111.40000000000002,108.61432234456674,0.08072603858853711,-0.07264101778589,0.1533670563744271
2021-07-01,2317,16011423,1792574133,112.5,112.5,111.5,112.0,0.0,10028,112.0,111.3,111.40000000000002,51.28205128205122,51.28205128205125,53.497430198083606,51.32086763151755,114.1856776554333,111.40000000000002,108.61432234456674,0.11019440281587833,-0.03607393366553633,0.14626833648141466
2021-07-02,2317,16766612,1874444040,112.0,112.5,111.5,111.5,-0.5,10507,111.7,111.3,111.42500000000003,51.28205128205122,50.4273504273504,49.232593308953035,49.913007760106055,114.20483812477978,111.42500000000003,108.64516187522027,0.09214033601033123,-0.010431079730362818,0.10257141574069405
2021-07-05,2317,80686116,9296782029,112.5,117.0,112.0,117.0,5.5,40275,112.8,112.15,111.67500000000003,66.66666666666661,56.41025641025637,74.90586480361178,62.19763066716103,115.36654439225285,111.67500000000003,107.9834556077472,0.515691818302173,0.09479349987614435,0.42089831842602865
2021-07-06,2317,44138854,5138832378,116.5,117.5,115.5,116.5,-0.5,21534,113.8,112.95,111.97500000000002,76.92307692307686,64.95726495726491,71.09278523584553,60.739160138693315,116.17589276225631,111.97500000000002,107.77410723774373,0.8017712780088573,0.23618905550268693,0.5655822225061704
2021-07-07,2317,28054333,3244332101,116.5,117.0,115.0,115.0,-1.5,15291,114.4,113.3,112.20000000000002,82.05128205128199,75.21367521367517,60.34184022887176,56.46172074939031,116.54050688284008,112.20000000000002,107.85949311715996,0.8971124925595717,0.3683737429140639,0.5287387496455078
2021-07-08,2317,23917768,2762238298,115.0,116.5,115.0,115.5,0.5,11013,115.1,113.55,112.50000000000003,71.79487179487172,76.92307692307686,62.544571014868346,57.53523360558971,116.8817804600377,112.50000000000003,108.11821953996235,1.0014725610245705,0.49499350653616525,0.5064790544884052
2021-07-09,2317,28610616,3258117138,114.5,115.0,113.0,114.0,-1.5,15481,115.6,113.65,112.67500000000003,57.47863247863241,70.4415954415954,52.3648324191726,53.290126260905126,117.00252816281758,112.67500000000003,108.34747183718247,0.9521652350524192,0.5864278522394161,0.36573738281300316
2021-07-12,2317,17647120,2030742052,115.5,116.0,114.5,115.0,1.0,9603,115.2,114.0,112.75000000000003,56.410256410256345,61.894586894586844,57.71742257711253,55.63997548788231,117.1828320518572,112.75000000000003,108.31716794814285,0.9824553331078221,0.6656333484130973,0.3168219846947248
2021-07-13,2317,36808740,4286001151,116.0,117.0,115.5,116.5,1.5,17750,115.2,114.5,112.92500000000003,61.11111111111105,58.333333333333286,64.66561556104281,58.9739832007854,117.65019840853036,112.92500000000003,108.1998015914697,1.1146489388992933,0.7554364665103365,0.3592124723889568
2021-07-14,2317,27249198,3182976809,117.5,117.5,116.0,116.0,-0.5,14012,115.4,114.9,113.15000000000002,72.22222222222216,63.2478632478632,60.78137200789925,57.42467855134181,118.00901224530112,113.15000000000002,108.29098775469892,1.1656308358709566,0.8374753403824605,0.3281554954884961
2021-07-15,2317,63085625,7493484174,117.0,120.0,116.5,119.5,3.5,30392,116.2,115.65,113.47500000000002,84.0277777777777,72.45370370370365,73.68837753833768,64.46260434423736,119.06494633247792,113.47500000000002,107.88505366752213,1.471492654457066,0.9642788031973816,0.5072138512596843
2021-07-16,2317,33812892,4017523761,118.5,119.5,118.0,119.5,0.0,16742,117.3,116.45,113.87500000000003,87.20238095238086,81.1507936507936,73.68837753833768,64.46260434423736,119.96495073871478,113.87500000000003,107.78504926128528,1.694358835349803,1.1102948096278658,0.5840640257219372
2021-07-19,2317,31942648,3738317961,118.5,119.0,116.0,116.5,-3.0,19463,117.6,116.4,114.27500000000002,78.86904761904754,83.36640211640206,53.24479348203045,55.364683635837494,119.93605113914246,114.27500000000002,108.61394886085758,1.6103439191221867,1.2103046315267298,0.4000392875954568
2021-07-20,2317,26486822,3043884113,115.0,116.0,114.5,114.5,-2.0,17409,117.2,116.2,114.57500000000002,54.761904761904674,73.61111111111104,43.79471747709809,50.27085856166803,119.57774924416387,114.57500000000002,109.57225075583617,1.3666246096091328,1.2415686271432105,0.1250559824659223
2021-07-21,2317,63825965,7250315923,116.0,116.0,112.0,112.5,-2.0,35175,116.5,115.95,114.62500000000003,25.892857142857057,53.1746031746031,36.282012810730606,45.73894108015402,119.52270354349608,114.62500000000003,109.72729645650398,1.0005582034708738,1.1933665424087432,-0.19280833893786942
2021-07-22,2317,60124515,6645106382,109.0,112.5,108.5,110.5,0.0,29073,114.7,115.45,114.50000000000003,15.023291925465756,31.892684610075836,30.23162898697477,41.691352528251905,119.67687164221542,114.50000000000003,109.32312835778464,0.5428075068842588,1.0632547353038464,-0.5204472284195876
2021-07-23,2317,21722648,2407842839,112.0,112.0,110.0,110.5,0.0,13034,112.9,115.1,114.37500000000003,13.677536231883977,18.197895100068937,30.231628986974762,41.691352528251905,119.8052394054014,114.37500000000003,108.94476059459866,0.17798508070518437,0.886200804384114,-0.7082157236789296
2021-07-26,2317,33652939,3694569273,111.0,111.0,108.5,110.0,-0.5,17549,111.6,114.6,114.30000000000003,15.942028985507164,14.880952380952309,28.60826233071162,40.64840341189704,119.92494444416813,114.30000000000003,108.67505555583192,-0.14975881536908275,0.6790088804334746,-0.8287676958025574
2021-07-27,2317,28379286,3153607081,111.0,112.0,110.0,111.5,1.5,12947,111.0,114.1,114.30000000000003,18.840579710144848,16.153381642512006,39.90299476718976,45.08655152400707,119.92494444416813,114.30000000000003,108.67505555583192,-0.28517344830056857,0.48617241468666594,-0.7713458629872345
2021-07-28,2317,32814950,3604648055,110.5,111.0,109.0,110.5,-1.0,16826,110.6,113.55,114.22500000000002,19.104084321475543,17.962231005709196,35.53089850755644,42.789352995291644,120.00838136387188,114.22500000000002,108.44161863612817,-0.4677897738360457,0.2953799769821236,-0.7631697508181693
2021-07-29,2317,20902566,2315628083,111.0,111.5,110.0,111.0,0.5,10101,110.7,112.7,114.17500000000003,22.69276617102696,20.212476734215794,39.40388346357401,44.31701989299736,120.05101055138391,114.17500000000003,108.29898944861614,-0.5656482650808243,0.123174328569534,-0.6888225936503584
2021-07-30,2317,29089453,3206014166,110.0,111.5,109.5,110.0,-1.0,11111,110.6,111.75,114.10000000000002,20.663780663780585,20.820210385427703,34.559500827287636,41.90682980415809,120.14648658313102,114.10000000000002,108.05351341686902,-0.7156439688756677,-0.04458933091950637,-0.6710546379561614
2021-08-02,2317,24500264,2735666103,111.0,113.0,110.0,113.0,3.0,11998,111.2,111.4,113.90000000000002,34.60317460317452,25.986573812660698,54.246888439949494,50.588694520155954,119.81269819963651,113.90000000000002,107.98730180036353,-0.5856902442832848,-0.15280951359226205,-0.43288073069102273
2021-08-03,2317,24697233,2753719080,112.5,113.0,110.5,111.5,-1.5,10293,111.2,111.1,113.65000000000002,48.88888888888881,34.718614718614646,46.14822606730388,46.82093876351963,119.52452125708876,113.65000000000002,107.77547874291128,-0.5968582350524088,-0.2416192578842914,-0.35523897716811736
2021-08-04,2317,21287183,2383267724,112.0,112.5,111.0,112.0,0.5,8393,111.5,111.05,113.50000000000003,68.14814814814808,50.54673721340381,49.10320527567046,48.205699281215416,119.38217646793854,113.50000000000003,107.61782353206152,-0.558920242235601,-0.30507945475455334,-0.25384078748104766
2021-08-05,2317,20014604,2231990278,111.0,112.0,111.0,112.0,0.0,9708,111.7,111.2,113.32500000000002,74.074074074074,63.70370370370364,49.103205275670454,48.20569928121542,119.16687469909965,113.32500000000002,107.48312530090038,-0.5228272821399713,-0.34862902023163694,-0.17419826190833437
2021-08-06,2317,41391590,4644148106,111.5,113.0,111.0,112.5,0.5,16500,112.2,111.4,113.25000000000003,81.01851851851843,74.41358024691351,52.64037765689979,49.724021354282115,119.09380013347246,113.25000000000003,107.4061998665276,-0.4487051363996386,-0.3686442434652373,-0.08006089293440133
2021-08-09,2317,23280701,2603188402,112.0,112.5,111.0,112.0,-0.5,8483,112.0,111.6,113.10000000000002,80.09259259259251,78.39506172839498,48.69240776361193,48.202302576748686,118.91033561853128,113.10000000000002,107.28966438146877,-0.4254048212309982,-0.37999635901838946,-0.04540846221260875
2021-08-10,2317,43432544,4759075067,111.5,112.0,108.5,108.5,-3.5,27993,111.4,111.3,112.70000000000002,54.16666666666659,71.75925925925917,30.197011783116505,39.166518441049156,118.61945943477774,112.70000000000002,106.7805405652223,-0.6815039495606356,-0.4402978771268387,-0.24120607243379694
2021-08-11,2317,49868351,5366409027,107.0,109.0,106.0,109.0,0.5,21961,110.8,111.15,112.35000000000002,39.285714285714214,57.8483245149911,34.35292539004118,40.8717361459292,118.27536918680845,112.35000000000002,106.4246308131916,-0.8344989481145006,-0.519138091324371,-0.3153608567901296
2021-08-12,2317,18592236,2027562903,109.0,109.5,108.0,109.0,0.0,8730,110.2,110.95,111.82500000000002,28.5714285714285,40.67460317460309,34.352925390041186,40.87173614592919,116.92671539778358,111.82500000000002,106.72328460221645,-0.9448568649517028,-0.6042818460498374,-0.3405750189018655
2021-08-13,2317,46681998,5097311545,109.5,110.0,108.0,109.0,0.0,17924,109.5,110.85,111.30000000000003,42.85714285714278,36.90476190476182,34.352925390041186,40.87173614592919,115.13927076408741,111.30000000000003,107.46072923591264,-1.0205520207078962,-0.6875358809814491,-0.33301613972644706
2021-08-16,2317,35027999,3762459490,108.5,109.0,106.5,107.5,-1.5,16454,108.6,110.3,110.85000000000002,35.714285714285644,35.71428571428563,26.762300060399568,36.986999623593874,114.22786915080822,110.85000000000002,107.47213084919183,-1.1878852393692085,-0.787605752659001,-0.4002794867102075
2021-08-17,2317,26076961,2788145927,107.5,108.0,106.0,106.5,-1.0,12893,108.2,109.8,110.45000000000002,23.80952380952374,34.12698412698404,22.837497049636685,34.62427760774279,113.89818792991116,110.45000000000002,107.00181207008887,-1.3852216900084784,-0.9071289401288964,-0.47809274987958195
2021-08-18,2317,36974897,3912990840,105.5,107.5,104.5,107.0,0.5,16564,107.8,109.3,110.17500000000003,19.327731092436906,26.28384687208208,28.918404449182372,36.798217538161204,113.7981892028958,110.17500000000003,106.55181079710425,-1.48415797823003,-1.0225347477491231,-0.4616232304809069
2021-08-19,2317,52199317,5427105069,106.0,106.0,102.5,103.0,-4.0,31835,106.6,108.4,109.80000000000003,13.85154061624643,18.996265172735676,16.662603153949913,28.603633492011976,114.57912125813678,109.80000000000003,105.02087874186327,-1.8638470020135287,-1.1907971986020043,-0.6730498034115244
2021-08-20,2317,30552525,3181870656,104.0,106.0,102.0,104.5,1.5,14626,105.7,107.6,109.50000000000003,19.803921568627384,17.661064425770224,29.697718038287086,34.4946825345939,114.79150262212715,109.50000000000003,104.2084973778729,-2.020425616065978,-1.356722882094799,-0.6637027339711792
2021-08-23,2317,24065630,2572410231,105.5,108.0,105.5,107.5,3.0,10503,105.7,107.15,109.37500000000003,32.9166666666666,22.190709617180122,48.495191952758354,44.37945055678953,114.73107132140512,109.37500000000003,104.01892867859493,-1.8807601357245431,-1.4615303328207478,-0.4192298029037953
2021-08-24,2317,18000797,1953125584,108.5,109.0,107.5,109.0,1.5,9365,106.2,107.2,109.25000000000003,60.4166666666666,37.71241830065352,55.444591649684874,48.55921850584644,114.51782687642432,109.25000000000003,103.98217312357573,-1.6302443304915215,-1.4952731323549027,-0.13497119813661884
2021-08-25,2317,14477188,1568051183,109.0,109.0,107.5,108.5,-0.5,7852,106.5,107.15,109.15000000000002,79.1666666666666,57.49999999999992,52.68036391966761,47.28368565880842,114.39499761677617,109.15000000000002,103.90500238322387,-1.4552790206309822,-1.4872743100101187,0.03199528937913643
2021-08-26,2317,13135805,1414850208,108.5,109.0,107.0,107.5,-1.0,7699,107.4,107.0,108.97500000000002,82.44047619047613,74.00793650793644,47.190676477093454,44.75179417077915,114.1949137923893,108.97500000000002,103.75508620761074,-1.3813856408755072,-1.4660965761831963,0.08471093530768914
2021-08-27,2317,13875837,1495362654,107.5,108.5,106.5,108.0,0.5,6260,108.1,106.9,108.87500000000003,81.84523809523803,81.15079365079357,50.21687753416864,46.30011796031358,114.08916340365148,108.87500000000003,103.66083659634857,-1.267863640886162,-1.4264499891237894,0.1585863482376273
2021-08-30,2317,14000606,1515530387,108.5,109.0,107.5,109.0,1.0,7629,108.4,107.05,108.67500000000003,88.09523809523803,84.12698412698406,56.088310495395945,49.35699356763324,113.53581268925072,108.67500000000003,103.81418731074933,-1.0847012347305736,-1.3581002382451461,0.2733990035145726
2021-08-31,2317,30641222,3368752300,108.5,111.0,108.0,111.0,2.0,10640,108.8,107.5,108.65000000000002,95.23809523809518,88.39285714285707,65.56469532906577,54.888079774303534,113.45728613668733,108.65000000000002,103.84271386331271,-0.7692924978881024,-1.2403386901737374,0.47104619228563505
2021-09-01,2317,22374844,2481606824,111.0,112.0,110.0,111.0,0.0,11694,109.3,107.9,108.60000000000002,96.66666666666661,93.33333333333327,65.56469532906577,54.888079774303534,113.28614980554237,108.60000000000002,103.91385019445768,-0.5134105246025342,-1.0949530570594967,0.5815425324569625
2021-09-02,2317,29727679,3315302873,111.0,113.0,110.5,111.5,0.5,14134,110.1,108.75,108.57500000000002,89.99999999999994,93.96825396825392,67.92042138182815,56.27276895937358,113.1931706334852,108.57500000000002,103.95682936651484,-0.26719632303006335,-0.9294017102536101,0.6622053872235467
2021-09-03,2317,24501274,2747764310,112.0,113.0,111.5,112.5,1.0,12699,111.0,109.55,108.57500000000002,87.43589743589739,91.36752136752132,72.3362191527304,58.98436566886852,113.1931706334852,108.57500000000002,103.95682936651484,0.00852359356410659,-0.7418166494900668,0.7503402430541734
2021-09-06,2317,18445528,2059630802,112.5,113.0,110.5,111.0,-1.5,11402,111.4,109.9,108.52500000000002,80.51282051282045,85.98290598290593,58.29382595078799,53.61373680618706,113.01359666265357,108.52500000000002,104.03640333734647,0.10478821661008908,-0.5724956762700356,0.6772838928801247
2021-09-07,2317,23359117,2542208391,109.5,110.0,108.0,108.5,-2.5,14579,110.9,109.85,108.52500000000002,64.10256410256405,77.3504273504273,42.31953072224547,46.08262834098127,113.01359666265357,108.52500000000002,104.03640333734647,-0.020415149568819402,-0.46207957092979235,0.44166442136097295
2021-09-08,2317,28705746,3100212882,108.5,109.5,107.0,107.5,-1.0,15013,110.2,109.75,108.45000000000002,38.46153846153841,61.02564102564096,37.52127377278809,43.453268941221204,112.95444225182058,108.45000000000002,103.94555774817945,-0.1980483834745712,-0.4092733334387481,0.2112249499641769
2021-09-09,2317,20446876,2187406741,106.5,107.5,106.0,107.0,-0.5,9228,109.3,109.7,108.35000000000002,20.146520146520096,40.903540903540836,35.193594810761944,42.158036323192235,112.88982378512415,108.35000000000002,103.8101762148759,-0.3748487988312377,-0.40238842651724605,0.027539627686008372
2021-09-10,2317,13324559,1435914081,107.0,108.5,107.0,108.0,1.0,7687,108.4,109.7,108.30000000000003,19.413919413919363,26.007326007325943,43.388220152025276,45.64750635020572,112.83210767744758,108.30000000000003,103.76789232255247,-0.4293237818163078,-0.4077754975770584,-0.021548284239249427
2021-09-13,2317,15455264,1652913445,107.5,108.0,106.5,106.5,-1.5,9602,107.5,109.45,108.25000000000003,16.666666666666615,18.74236874236868,35.5267362260158,41.59406619964769,112.83802789877976,108.25000000000003,103.6619721012203,-0.586769152738313,-0.4435742286093093,-0.1431949241290037
2021-09-14,2317,19260856,2066358163,107.5,108.0,106.5,107.5,1.0,8249,107.3,109.1,108.30000000000003,19.047619047618994,18.37606837606831,43.49036052084763,45.09445539966066,112.83210767744758,108.30000000000003,103.76789232255247,-0.6236648803525497,-0.4795923589579574,-0.14407252139459237
2021-09-15,2317,64013002,7002242836,108.0,110.5,107.5,108.5,1.0,27970,107.5,108.85,108.37500000000003,21.428571428571374,19.04761904761898,50.6079788349498,48.423329352932534,112.86805018890045,108.37500000000003,103.8819498110996,-0.5656924175961535,-0.4968123706855966,-0.06888004691055694
2021-09-16,2317,23004506,2488329118,108.5,109.5,107.5,107.5,-1.0,11043,107.6,108.45,108.60000000000002,26.190476190476137,22.222222222222154,44.12410107118634,45.455414397630804,112.3894590642965,108.60000000000002,104.81054093570354,-0.5935978394525847,-0.5161694644389943,-0.07742837501359046
2021-09-17,2317,46682899,5061166381,107.5,109.5,107.0,108.5,1.0,10254,107.7,108.05,108.80000000000003,37.56613756613751,28.395061728394992,51.389983759331756,48.83274524067795,112.09241552662705,108.80000000000003,105.507584473373,-0.5289243341896537,-0.5187204383891262,-0.010203895800527496
2021-09-22,2317,38855713,4142578220,106.5,107.5,106.0,107.0,-1.5,18533,107.8,107.65,108.77500000000002,33.06878306878301,32.2751322751322,41.863414038991905,44.39249490731086,112.11378720495702,108.77500000000002,105.43621279504302,-0.5918847009017156,-0.5333532908916441,-0.05853141001007156
2021-09-23,2317,18991583,2029833013,107.0,108.0,106.0,106.5,-0.5,9716,107.6,107.45,108.65000000000002,29.629629629629576,33.42151675485002,39.04836201287875,42.989293372785106,112.12994252825908,108.65000000000002,105.17005747174096,-0.6743535386288073,-0.5615533404390767,-0.11280019818973064
2021-09-24,2317,15366616,1652429167,107.5,108.0,107.0,107.5,1.0,7419,107.4,107.45,108.60000000000002,22.22222222222217,28.306878306878236,47.314780073696916,46.623230915316974,112.1156791662464,108.60000000000002,105.08432083375365,-0.6515088554961466,-0.5795444434504906,-0.07196441204565596
2021-09-27,2317,13936074,1502118415,107.0,108.5,107.0,107.5,0.0,7375,107.4,107.5,108.60000000000002,25.925925925925878,25.925925925925856,47.31478007369693,46.623230915316974,112.1156791662464,108.60000000000002,105.08432083375365,-0.6261859971386912,-0.5888727541881307,-0.03731324295056049
2021-09-28,2317,22319338,2378000921,107.0,107.5,106.0,106.5,-1.0,11238,107.0,107.35,108.52500000000002,25.925925925925878,24.691358024691294,39.941654737026425,43.41386763559845,112.15094815186107,108.52500000000002,104.89905184813897,-0.678982207859903,-0.6068946449224851,-0.07208756293741791
2021-09-29,2317,32798414,3441324697,105.0,105.5,104.5,105.0,-1.5,26132,106.6,107.2,108.32500000000002,17.592592592592542,23.14814814814808,31.383281973969417,39.06946633864833,112.25278563569647,108.32500000000002,104.39721436430357,-0.8322671910989214,-0.6519691541577723,-0.1802980369411491
2021-09-30,2317,24317553,2554201387,105.0,106.0,104.0,105.0,0.0,11340,106.3,106.95,108.02500000000002,12.542087542087492,18.686868686868618,31.383281973969417,39.069466338648326,112.00589185987033,108.02500000000002,104.04410814012971,-0.9428777370428918,-0.7101508707347962,-0.23272686630809558
2021-10-01,2317,36074566,3737734962,104.5,105.0,103.0,103.0,-2.0,24649,105.4,106.4,107.62500000000003,8.838383838383788,12.99102132435459,22.59637199976316,33.83392135166364,111.92470929249657,107.62500000000003,103.32529070750348,-1.1783375352948013,-0.8037882036467973,-0.3745493316480041
2021-10-04,2317,25434032,2627827660,104.5,105.0,102.5,103.0,0.0,13424,104.5,105.95,107.20000000000002,8.83838383838379,10.072951739618338,22.59637199976316,33.83392135166364,111.56348484585274,107.20000000000002,102.83651515414729,-1.349386237226696,-0.912907810362777,-0.436478426863919
2021-10-05,2317,43345161,4403998216,102.0,102.5,101.0,101.5,-1.5,24840,103.5,105.25,106.65000000000002,4.99999999999995,7.5589225589224895,17.573510655200952,30.301888440412977,110.97550575077467,106.65000000000002,102.32449424922537,-1.5876792517063762,-1.0478620986314968,-0.5398171530748794
2021-10-06,2317,40294629,4180811261,103.5,104.5,103.0,103.0,1.5,17917,103.1,104.85,106.25000000000003,13.888888888888838,9.242424242424173,34.54754896239463,37.34570354113536,110.3670377700448,106.25000000000003,102.13296222995525,-1.6366247274188623,-1.16561462438897,-0.4710101030298923
2021-10-07,2317,38383881,4075145593,104.5,107.0,104.0,107.0,4.0,18047,103.5,104.9,106.17500000000003,37.77777777777772,18.88888888888882,60.10624930277978,51.43938697340098,110.17843602421497,106.17500000000003,102.17156397578508,-1.3372330092173144,-1.199938301354639,-0.1372947078626754
2021-10-08,2317,27568061,2961998681,107.5,108.0,106.5,108.0,1.0,12592,104.5,104.95,106.20000000000002,68.88888888888883,40.18518518518511,64.18531572241874,54.21236578629198,110.24227658627933,106.20000000000002,102.1577234137207,-1.0076556458489563,-1.1614817702535025,0.15382612440454624
2021-10-12,2317,38777410,4082299711,106.5,107.0,104.5,105.0,-3.0,16707,104.9,104.7,106.10000000000002,79.047619047619,61.904761904761834,47.26915534439513,45.76860363333976,110.15709255501828,106.10000000000002,102.04290744498176,-0.9772727469609492,-1.124639965594992,0.14736721863404267
2021-10-13,2317,18802301,1980524377,106.0,106.5,104.5,105.5,0.5,10776,105.7,104.6,105.97500000000002,73.80952380952375,73.91534391534384,49.8396809908299,47.24345221030954,109.9433119837008,105.97500000000002,102.00668801629925,-0.9024454302029739,-1.0802010585165882,0.17775562831361436
2021-10-14,2317,17764699,1899471130,107.0,107.5,106.5,106.5,1.0,8638,106.4,104.75,105.97500000000002,66.66666666666661,73.17460317460309,54.962492175864284,50.16266743404832,109.9433119837008,105.97500000000002,102.00668801629925,-0.7537636814016793,-1.0149135830936065,0.2611499016919272
2021-10-15,2317,49336872,5372684627,108.0,110.0,107.5,109.5,3.0,25187,106.9,105.2,106.07500000000002,79.10052910052904,73.19223985890646,66.82199276678655,57.72091723183883,110.28540378111013,106.07500000000002,101.8645962188899,-0.3893689929516313,-0.8898046650652114,0.5004356721135801
2021-10-18,2317,42330142,4608902380,110.5,111.0,107.0,107.5,-2.0,22880,106.8,105.65,106.02500000000002,79.33862433862429,75.03527336860664,55.462758702854465,52.05321018883458,110.14173414249544,106.02500000000002,101.9082658575046,-0.25898148498704643,-0.7636400290495784,0.504658544062532
2021-10-19,2317,26479700,2845164375,108.5,109.0,106.5,107.0,-0.5,17559,107.2,106.05,106.00000000000003,69.81481481481477,76.08465608465603,52.84275516940527,50.712563238657346,110.0865633483375,106.00000000000003,101.91343665166255,-0.1937607139608133,-0.6496641660318254,0.4559034520710121
2021-10-20,2317,29508905,3171041387,107.5,108.5,106.5,107.5,0.5,16183,107.6,106.65,105.95000000000002,54.99999999999994,68.05114638447965,55.305940029820555,52.04272985407338,109.93622628559707,105.95000000000002,101.96377371440296,-0.10056768009171435,-0.5398448688438032,0.4392771887520889
2021-10-21,2317,30590262,3302542666,108.0,108.5,107.0,108.0,0.5,8301,107.9,107.15,106.00000000000003,51.28205128205122,58.69895536562197,57.87311082221635,53.397191113818934,110.06201920231533,106.00000000000003,101.93798079768473,0.013478915447805662,-0.42918011198548145,0.4426590274332871
2021-10-22,2317,14751899,1590679060,108.0,108.5,107.0,107.5,-0.5,7061,107.5,107.2,106.05000000000003,49.99999999999994,52.09401709401703,54.2384882334201,51.82102207702305,110.1597445176042,106.05000000000003,101.94025548239586,0.06279201548078106,-0.33078568649222895,0.39357770197301
2021-10-25,2317,21266978,2300605515,107.5,109.0,107.0,108.0,0.5,9801,107.6,107.2,106.07500000000002,51.28205128205122,50.85470085470079,57.36255599787536,53.305370968229894,110.2256023659207,106.07500000000002,101.92439763407934,0.14059809652678723,-0.2365089298884257,0.37710702641521293
2021-10-26,2317,18109494,1970534065,108.5,109.5,108.0,109.0,1.0,8008,108.0,107.6,106.15000000000002,51.85185185185179,51.04463437796765,63.22116874171048,56.21111262367518,110.45232495285836,106.15000000000002,101.84767504714168,0.2797270990952967,-0.1332617240916812,0.4129888231869779
2021-10-27,2317,15933998,1722962751,109.0,109.0,107.5,108.0,-1.0,7865,108.1,107.85,106.22500000000002,47.57834757834752,50.23741690408351,54.486623210698525,52.68069373068499,110.60078564374271,106.22500000000002,101.84921435625733,0.3057714504057145,-0.045455089192202036,0.35122653959791655
2021-10-28,2317,14245290,1542758851,108.0,109.0,107.5,108.5,0.5,6112,108.2,108.05,106.40000000000002,44.44444444444438,47.95821462488123,57.8810910584177,54.22862855219991,110.84522215417637,106.40000000000002,101.95477784582367,0.3625780339064022,0.03615153542751881,0.3264264984788834
2021-10-29,2317,20791860,2229495724,108.5,108.5,107.0,107.0,-1.5,10689,108.1,107.8,106.50000000000003,31.48148148148142,41.1680911680911,45.899628044010036,49.04520396857628,110.90454310910677,106.50000000000003,102.09545689089329,0.2832945533567255,0.08558013901336015,0.19771441434336534
2021-11-01,2317,18216191,1951366670,108.0,108.0,106.5,106.5,-0.5,8368,107.8,107.7,106.67500000000003,20.370370370370306,32.0987654320987,42.47996855165512,47.41817086628613,110.77713359119103,106.67500000000003,102.57286640880902,0.17806339847186337,0.10407679090506079,0.07398660756680257
2021-11-02,2317,21351175,2302658025,107.0,108.5,107.0,107.5,1.0,10361,107.5,107.75,106.90000000000002,16.666666666666604,22.839506172839446,50.99841856679499,50.92470025958368,110.6496666518483,106.90000000000002,103.15033334815173,0.17336020420626141,0.11793347356530091,0.0554267306409605
2021-11-03,2317,12336039,1330768535,107.5,108.5,107.5,107.5,0.0,6756,107.4,107.75,107.20000000000002,22.22222222222216,19.75308641975302,50.99841856679499,50.92470025958369,110.01780056071892,107.20000000000002,104.38219943928111,0.16769975053144037,0.12788672895852882,0.039813021572911556
2021-11-04,2317,11377672,1229646696,108.5,108.5,107.5,108.0,0.5,6193,107.3,107.75,107.45000000000002,38.88888888888883,25.925925925925863,55.48496125097731,52.751816919764316,109.52123151771751,107.45000000000002,105.37876848228252,0.2012398537715967,0.14255735392114238,0.05868249985045432
2021-11-05,2317,17741997,1921456453,108.0,109.0,107.5,109.0,1.0,9600,107.7,107.9,107.55000000000003,55.55555555555549,38.88888888888883,63.32099115057852,56.259360861644495,109.71564078276461,107.55000000000003,105.38435921723544,0.30499646054070695,0.1750451752450553,0.12995128529565164
2021-11-08,2317,20910258,2243805853,107.5,108.0,107.0,107.5,-1.5,11664,107.9,107.85,107.52500000000002,57.777777777777715,50.740740740740684,48.40853139329227,50.235131556611336,109.68080611372746,107.52500000000002,105.36919388627258,0.26315338652173637,0.19266681750039152,0.07048656902134484
2021-11-09,2317,23994381,2581028511,107.5,108.0,107.0,108.0,0.5,10776,108.0,107.75,107.67500000000003,61.11111111111105,58.148148148148096,52.73712899930201,52.07722675835994,109.49914363468935,107.67500000000003,105.8508563653107,0.267257492216018,0.20758495244351682,0.0596725397725012
2021-11-10,2317,22997778,2501611468,108.0,109.5,107.5,109.0,1.0,12303,108.3,107.85,107.85000000000002,61.11111111111105,59.99999999999995,60.47494789234384,55.615830919398846,109.46554944213379,107.85000000000002,106.23445055786625,0.3471993699854323,0.23550783595189992,0.11169153403353241
2021-11-11,2317,18767739,2023469603,108.5,109.0,107.5,107.5,-1.5,9980,108.2,107.75,107.90000000000002,58.88888888888883,60.370370370370324,47.00705742455651,49.6889548536982,109.40332963783315,107.90000000000002,106.39667036216689,0.28621708766819154,0.24564968629515824,0.0405674013730333
2021-11-12,2317,26736055,2906574566,108.5,109.5,108.0,109.0,1.5,10665,108.2,107.95,107.87500000000003,65.5555555555555,61.85185185185181,57.93606566224573,54.8685026154166,109.2847872179805,107.87500000000003,106.46521278201956,0.35483533271687406,0.2674868155795014,0.08734851713737268
2021-11-15,2317,25873466,2817874176,109.0,110.0,108.0,108.0,-1.0,11776,108.3,108.1,107.90000000000002,48.88888888888883,57.777777777777736,49.9274471139141,51.09212112561791,109.29999999999451,107.90000000000002,106.50000000000553,0.3247802787496852,0.27894550821353814,0.04583477053614704
2021-11-16,2317,16174955,1751338074,108.5,109.0,108.0,108.0,0.0,8537,108.3,108.15,107.95000000000002,48.88888888888883,54.4444444444444,49.9274471139141,51.09212112561791,109.28790881602087,107.95000000000002,106.61209118397916,0.29753167203750763,0.28266274097833205,0.014868931059175583
2021-11-17,2317,34385746,3691148900,108.5,108.5,106.5,107.0,-1.0,19788,107.9,108.1,107.92500000000003,26.98412698412692,41.58730158730154,42.021196103578596,47.3153217437739,109.3133443376829,107.92500000000003,106.53665566231714,0.1930202944477628,0.2647342516722182,-0.0717139572244554
2021-11-18,2317,30585311,3268987325,107.0,107.5,106.5,107.0,0.0,14109,107.8,108.0,107.87500000000003,20.634920634920572,32.16931216931212,42.0211961035786,47.31532174377391,109.31981832767296,107.87500000000003,106.4301816723271,0.10893849953332335,0.23357510124443923,-0.12463660171111587
2021-11-19,2317,20981372,2244077950,107.5,108.0,106.5,106.5,-0.5,13079,107.3,107.75,107.82500000000002,9.52380952380946,19.047619047618998,37.93316746169222,45.37048660990926,109.38304364508298,107.82500000000002,106.26695635491706,0.0019349451184922373,0.18724707001924984,-0.1853121249007576
2021-11-22,2317,17929580,1914281840,107.0,107.5,106.5,106.5,0.0,8752,107.0,107.65,107.75000000000003,4.761904761904698,11.640211640211591,37.93316746169223,45.37048660990926,109.40831239517115,107.75000000000003,106.0916876048289,-0.08192179916797215,0.13341329618180545,-0.2153350953497776
2021-11-23,2317,22502493,2389716981,106.5,107.0,106.0,106.0,-0.5,13646,106.6,107.45,107.60000000000002,-6.394884621840902e-14,4.761904761904713,33.49756750962013,43.30606188054226,109.32046505340195,107.60000000000002,105.8795349465981,-0.1865739857266817,0.06941583980010801,-0.2559898255267897
2021-11-24,2317,30255836,3184629206,106.0,106.5,104.5,105.5,-0.5,21337,106.3,107.1,107.47500000000002,6.0606060606059975,3.6075036075035585,29.476381032974125,41.28312264075119,109.41084606825626,107.47500000000002,105.53915393174378,-0.3063262802017306,-0.0057325842002597105,-0.3005936960014709
2021-11-25,2317,17940754,1893470344,106.5,106.5,105.0,105.0,-0.5,10674,105.9,106.85,107.30000000000003,9.090909090909028,5.050505050505002,25.85530680472442,39.30580896989226,109.45406592284863,107.30000000000003,105.14593407715142,-0.4365444450445466,-0.0918949563691171,-0.3446494886754295
2021-11-26,2317,24721253,2569062256,105.0,105.0,103.5,103.5,-1.5,21640,105.3,106.3,107.12500000000003,9.090909090909028,8.080808080808033,18.08109913892998,34.03859886645566,109.84299558498086,107.12500000000003,104.4070044150192,-0.6532504779550834,-0.20416606068631035,-0.449084417268773
2021-11-29,2317,28063125,2910115330,103.0,105.5,102.5,103.5,0.0,16158,104.7,105.85,106.97500000000002,8.585858585858523,8.922558922558876,18.08109913892998,34.03859886645566,110.11307265689858,106.97500000000002,103.83692734310146,-0.8155899569823646,-0.3264508399455212,-0.4891391170368434
2021-11-30,2317,50063743,5204093799,104.0,105.5,103.0,103.5,0.0,14807,104.2,105.4,106.77500000000002,11.616161616161554,9.764309764309717,18.08109913892998,34.03859886645566,110.24595087835972,106.77500000000002,103.30404912164032,-0.9334845350580707,-0.44785757896803113,-0.4856269560900396
2021-12-01,2317,22533336,2368450389,103.5,106.0,103.5,105.5,2.0,10602,104.2,105.25,106.67500000000003,29.797979797979735,16.666666666666618,49.94652744225389,46.07296527707972,110.17178423697716,106.67500000000003,103.17821576302289,-0.8556699220397945,-0.5294200475823838,-0.3262498744574107
2021-12-02,2317,27492234,2908367984,105.0,107.0,105.0,105.0,-0.5,13471,104.2,105.05,106.52500000000002,40.90909090909084,27.441077441077393,44.85726094306946,43.915821647544675,110.03890096616023,106.52500000000002,103.01109903383981,-0.8248388728426903,-0.5885038126344451,-0.23633506020824524
2021-12-03,2317,18384929,1937921897,105.5,106.0,105.0,105.0,0.0,7487,104.5,104.9,106.32500000000002,53.3670033670033,41.358024691357976,44.85726094306945,43.915821647544675,109.70545854877464,106.32500000000002,102.94454145122539,-0.7912836192228099,-0.629059773952118,-0.1622238452706919
2021-12-06,2317,22958298,2441979400,105.5,107.0,105.0,106.5,1.5,10190,105.1,104.9,106.27500000000002,64.81481481481474,53.03030303030298,61.059268585793326,51.772177920309105,109.61378720495702,106.27500000000002,102.93621279504302,-0.6363182938030008,-0.6305114779222946,-0.005806815880706195
2021-12-07,2317,25348727,2689552435,106.0,107.5,105.0,106.0,-0.5,14407,105.6,104.9,106.17500000000003,71.48148148148141,63.221099887766506,54.79789122133754,49.293425040147625,109.41961091657878,106.17500000000003,102.93038908342128,-0.5475412634164911,-0.6139174350211338,0.06637617160464271
2021-12-08,2317,36805823,3895356586,106.5,107.0,105.0,105.0,-1.0,15734,105.5,104.85,105.97500000000002,69.62962962962956,68.64197530864193,44.21774524609279,44.68537792220132,108.9829062485355,105.97500000000002,102.96709375146455,-0.5515189032741716,-0.6014377286717414,0.049918825397569755
2021-12-09,2317,15133685,1598487037,105.0,106.0,105.0,106.0,1.0,7128,105.7,104.95,105.90000000000002,63.333333333333265,68.1481481481481,54.472945721499265,49.74472266724519,108.82574776766269,105.90000000000002,102.97425223233735,-0.46857809229915404,-0.5748658013972239,0.10628770909806984
2021-12-10,2317,20489274,2154660136,105.5,106.0,104.5,105.0,-1.0,10060,105.7,105.1,105.70000000000002,54.814814814814746,62.592592592592545,44.85274913710796,45.28420040846668,108.27681974534211,105.70000000000002,103.12318025465792,-0.47802813393069243,-0.5554982679039175,0.07747013397322511
2021-12-13,2317,17647182,1852509797,105.0,106.0,104.5,104.5,-0.5,9436,105.3,105.2,105.52500000000002,46.48148148148141,54.876543209876495,40.66360102906905,43.1984536121598,107.92239441894387,105.52500000000002,103.12760558105617,-0.5198704385259987,-0.5483727020283338,0.02850226350233509
2021-12-14,2317,22146940,2316525199,104.5,105.5,104.0,104.5,0.0,10561,105.0,105.3,105.35000000000002,27.910052910052837,43.06878306878301,40.663601029069056,43.198453612159796,107.49709105535347,105.35000000000002,103.20290894464658,-0.5467284214593491,-0.5480438459145368,0.0013154244551877303
2021-12-15,2317,23023808,2406720086,104.0,105.0,103.5,105.0,0.5,9288,105.0,105.25,105.25000000000003,25.59523809523802,33.32892416225744,47.35596286686464,46.078794196197684,107.26246117974515,105.25000000000003,103.23753882025491,-0.5216544374731171,-0.5427659642262529,0.021111526753135768
2021-12-16,2317,37191946,3873098576,105.5,106.0,103.5,103.5,-1.5,17723,104.5,105.1,105.07500000000002,17.261904761904688,23.589065255731864,33.95292009254178,39.592424221788335,107.05679211825647,105.07500000000002,103.09320788174357,-0.6157229179685402,-0.5573573549747104,-0.05836556299382978
2021-12-17,2317,39330766,4071468879,103.5,104.0,103.0,103.5,0.0,13426,104.2,104.95,104.92500000000003,16.203703703703628,19.68694885361546,33.952920092541774,39.59242422178833,106.90679211825464,104.92500000000003,102.94320788174541,-0.6824065090351183,-0.582367185786792,-0.10003932324832632
2021-12-20,2317,18272107,1885981860,103.5,104.0,103.0,103.0,-0.5,11526,103.9,104.6,104.75000000000003,3.703703703703629,12.389770723103995,30.089152368127554,37.54905104256744,106.76246117974515,104.75000000000003,102.73753882025491,-0.7667608153233374,-0.6192459116941011,-0.14751490362923625
2021-12-21,2317,13505921,1405710813,103.5,104.5,103.0,104.5,1.5,6955,103.9,104.45,104.67500000000003,20.370370370370296,13.425925925925865,50.00269468497923,46.47401023869682,106.60567345762539,104.67500000000003,102.74432654237467,-0.7044542368845015,-0.6362875767321812,-0.06816666015232031
2021-12-22,2317,11876421,1232165204,104.5,104.5,103.5,103.5,-1.0,7271,103.6,104.3,104.57500000000002,22.222222222222147,15.432098765432038,40.93401899926082,42.14935442682059,106.5313997546494,104.57500000000002,102.61860024535063,-0.7273826527870142,-0.6545065919431478,-0.07287606084386644
2021-12-23,2317,13909972,1445971691,104.0,104.5,103.5,104.0,0.5,6824,103.7,104.1,104.52500000000002,33.33333333333326,25.30864197530858,46.585078145351225,44.909747022831915,106.48650452458865,104.52500000000002,102.56349547541139,-0.6971712105136305,-0.6630395156572443,-0.03413169485638623
2021-12-24,2317,11661892,1217546724,104.5,105.0,104.0,104.0,0.0,7385,103.8,104.0,104.55000000000003,27.777777777777704,27.777777777777715,46.58507814535123,44.90974702283191,106.4709372712248,104.55000000000003,102.62906272877525,-0.6655563060485719,-0.6635428737355098,-0.002013432313062058
2021-12-27,2317,8907924,930190687,104.5,105.0,104.0,104.5,0.5,5644,104.1,104.0,104.60000000000002,38.888888888888815,33.33333333333327,52.73946315105772,47.79852891326388,106.46010752376775,104.60000000000002,102.7398924762323,-0.5933160668688373,-0.6494975123621753,0.056181445493338034
2021-12-28,2317,15627624,1640980899,104.5,105.5,104.5,105.5,1.0,8247,104.3,104.1,104.70000000000002,55.555555555555486,40.740740740740684,62.7530481165916,53.09595562699526,106.52756668824479,104.70000000000002,102.87243331175524,-0.4501840724474704,-0.6096348243792343,0.15945075193176395
2021-12-29,2317,13450079,1409325387,105.0,105.5,104.5,105.0,-0.5,7412,104.6,104.1,104.67500000000003,71.11111111111104,55.18518518518513,55.85014135795746,50.3449419629037,106.47152442231636,104.67500000000003,102.87847557768369,-0.37279935804386355,-0.5622677311121602,0.18946837306829667
2021-12-30,2317,17090958,1782340385,104.5,105.0,104.0,104.0,-1.0,8360,104.6,104.15,104.62500000000003,67.7777777777777,64.81481481481475,44.442989331316,45.29071058719687,106.43814643644048,104.62500000000003,102.81185356355958,-0.38769396233684006,-0.5273529773570962,0.13965901502025613
2022-01-03,2317,22163293,2301355961,104.5,105.0,103.0,103.0,-1.0,14002,104.4,104.1,104.52500000000002,39.99999999999992,59.62962962962956,35.89071135033251,40.871868785849685,106.46084606825626,104.52500000000002,102.58915393174378,-0.4747174390639515,-0.5168258696984672,0.04210843063451575
2022-01-04,2317,18460781,1912476375,104.0,104.0,103.0,103.5,0.5,11989,104.2,104.15,104.37500000000003,19.999999999999925,42.592592592592524,42.360840893115224,43.82315514437494,106.13212833907478,104.37500000000003,102.61787166092527,-0.4976023004420256,-0.5129811558471788,0.015378855405153269
2022-01-05,2317,142927366,15545527529,104.0,111.0,103.5,109.0,5.5,65457,104.9,104.6,104.52500000000002,31.66666666666659,30.555555555555486,74.88691213730552,64.69711258356259,107.12259504156887,104.52500000000002,101.92740495843117,-0.0711149149069854,-0.42460790765914014,0.35349299275215473
2022-01-06,2317,49399140,5297978610,108.0,108.5,106.0,107.0,-2.0,26343,105.3,104.95,104.62500000000003,48.33333333333326,33.333333333333265,60.42180207780849,56.47876291932491,107.43346933399235,104.62500000000003,101.81653066600771,0.10429389045417281,-0.31882754803647756,0.42312143849065037
2022-01-07,2317,39268835,4192632017,108.0,108.5,106.0,106.5,-0.5,15864,105.8,105.2,104.65000000000002,56.24999999999992,45.4166666666666,57.19929912055224,54.61107157175743,107.51530975637493,104.65000000000002,101.7846902436251,0.20064786741285445,-0.21493246494661117,0.4155803323594656
2022-01-10,2317,34836774,3658148684,106.0,106.5,104.0,104.5,-2.0,20396,106.1,105.25,104.62500000000003,37.49999999999992,47.36111111111105,45.80013114944699,47.80168744754435,107.48638078556111,104.62500000000003,101.76361921443895,0.11430813007378049,-0.14908434594253284,0.2633924760163133
2022-01-11,2317,26266891,2742382008,104.5,105.0,104.0,104.5,0.0,13414,106.3,105.25,104.62500000000003,27.083333333333258,40.277777777777715,45.800131149447004,47.80168744754435,107.48638078556111,104.62500000000003,101.76361921443895,0.045360379963995,-0.11019540076122727,0.15555578072522228
2022-01-12,2317,18941505,1977481666,105.0,105.5,104.0,104.5,0.0,10532,105.4,105.15,104.62500000000003,18.749999999999925,27.777777777777718,45.800131149447,47.80168744754435,107.48638078556111,104.62500000000003,101.76361921443895,-0.009175439979173916,-0.08999140860481661,0.08081596862564269
2022-01-13,2317,19714232,2073574056,105.0,105.5,104.5,105.5,1.0,10057,105.1,105.2,104.65000000000002,22.91666666666659,22.91666666666661,53.20463050913962,51.572566825609655,107.532707061077,104.65000000000002,101.76729293892303,0.027973708954007748,-0.06639838509305174,0.09437209404705948
2022-01-14,2317,39061978,4050449624,105.0,105.5,103.0,103.5,-2.0,25878,104.5,105.15,104.65000000000002,18.749999999999925,20.138888888888832,40.34420335492319,44.628510314258186,107.532707061077,104.65000000000002,101.76729293892303,-0.10278378073030581,-0.07367546422050256,-0.02910831650980325
2022-01-17,2317,16235777,1683743255,103.5,104.5,103.5,103.5,0.0,8944,104.3,105.2,104.65000000000002,14.583333333333258,18.749999999999943,40.344203354923195,44.62851031425817,107.532707061077,104.65000000000002,101.76729293892303,-0.20405778226951554,-0.09975192783030515,-0.1043058544392104
2022-01-18,2317,14894743,1548782389,104.5,104.5,103.5,103.5,0.0,9070,104.1,105.2,104.67500000000003,7.196969696969622,13.510101010100955,40.344203354923195,44.62851031425818,107.508284313297,104.67500000000003,101.84171568670305,-0.2810780651589795,-0.13601715529604003,-0.14506090986293946
2022-01-19,2317,24064174,2496807090,103.5,104.5,103.0,103.5,0.0,12635,103.9,104.65,104.62500000000003,8.14393939393932,9.97474747474742,40.34420335492319,44.62851031425817,107.50380183409294,104.62500000000003,101.74619816590712,-0.33821842280561043,-0.1764574087979541,-0.16176101400765633
2022-01-20,2317,29541931,3053907659,103.5,104.0,103.0,103.0,-0.5,13904,103.4,104.25,104.60000000000002,6.060606060605987,7.133838383838331,36.282313849669045,42.695409836645936,107.52574776766146,104.60000000000002,101.67425223233859,-0.41901820816629254,-0.2249695686716218,-0.19404863949467074
2022-01-21,2317,34317926,3511235299,102.5,103.0,102.0,102.0,-1.0,22344,103.1,103.8,104.50000000000003,3.030303030302956,5.744949494949442,29.38024664540019,39.052061610387824,107.63049516849671,104.50000000000003,101.36950483150335,-0.5573198268031234,-0.29143962029792214,-0.2658802065052013
2022-01-24,2317,42011474,4340699854,103.0,104.5,102.5,103.0,1.0,18368,103.0,103.65,104.45000000000002,9.52380952380945,6.204906204906152,42.2067460389937,44.1816354613154,107.64217793990058,104.45000000000002,101.25782206009946,-0.5795524929510236,-0.34906219482854245,-0.23049029812248117
2022-01-25,2317,29251026,3002543422,103.0,103.5,102.0,103.0,0.0,16508,102.9,103.5,104.37500000000003,19.04761904761897,10.533910533910479,42.2067460389937,44.1816354613154,107.62884388070168,104.37500000000003,101.12115611929838,-0.5903666616657404,-0.39732308819598205,-0.1930435734697583
2022-01-26,2317,33435293,3422890628,103.0,103.5,102.0,102.0,-1.0,20822,102.6,103.25,104.20000000000002,19.04761904761897,15.873015873015817,33.84078316436318,40.25260310965734,107.56749164809497,104.20000000000002,100.83250835190506,-0.6718835555400631,-0.45223518166479826,-0.2196483738752648
2022-02-07,2317,34222573,3532074933,102.5,104.5,102.5,103.0,1.0,14794,102.6,103.0,104.10000000000002,22.85714285714278,20.31746031746026,46.26660523935033,45.474498516178414,107.48526217595882,104.10000000000002,100.71473782404122,-0.6483211954069503,-0.4914523844132287,-0.15686881099372163
2022-02-08,2317,43806303,4606162011,104.0,106.0,103.0,105.5,2.5,18295,103.3,103.2,104.17500000000003,42.49999999999992,28.134920634920576,65.28400654859624,55.86074976434339,107.61411325780135,104.17500000000003,100.7358867421987,-0.42304218167979,-0.47777034386654094,0.05472816218675092
2022-02-09,2317,23653775,2508012682,106.0,106.5,105.5,106.5,1.0,12452,104.0,103.5,104.35000000000002,75.83333333333326,47.06349206349201,70.20504157920882,59.207933390843536,107.8869478367627,104.35000000000002,100.81305216323734,-0.1619484566037528,-0.4146059664139833,0.2526575098102305
2022-02-10,2317,20202759,2145700069,106.5,107.0,105.5,106.5,0.0,10184,104.7,103.8,104.50000000000003,92.49999999999993,70.27777777777773,70.20504157920882,59.20793339084355,108.13318042491362,104.50000000000003,100.86681957508644,0.04445772066782183,-0.32279322899762225,0.3672509496654441
2022-02-11,2317,16707627,1760438097,105.5,106.0,104.5,106.0,-0.5,9086,105.5,104.05,104.35000000000002,89.99999999999993,86.11111111111107,64.02826132356802,56.71400337418508,107.43382878901866,104.35000000000002,101.26617121098138,0.16577928154249832,-0.22507872688959812,0.39085800843209645
2022-02-14,2317,22517058,2344653736,105.0,105.0,103.5,104.0,-2.0,12120,105.7,104.15,104.20000000000002,69.99999999999993,84.16666666666663,45.391356330541946,48.003861848232326,107.03548937574917,104.20000000000002,101.36451062425087,0.09939840437544945,-0.1601833006365886,0.25958170501203803
2022-02-15,2317,13542993,1413403014,104.0,105.0,104.0,104.0,0.0,7665,105.4,104.35,104.07500000000002,53.33333333333326,71.11111111111107,45.391356330541946,48.003861848232326,106.70701443764723,104.07500000000002,101.4429855623528,0.04625784928019527,-0.11889507065323182,0.1651529199334271
2022-02-16,2317,13503882,1421385079,105.0,106.0,104.5,105.5,1.5,7625,105.2,104.6,104.12500000000003,49.99999999999992,57.777777777777736,57.90063950743437,54.13133774222517,106.82453699733433,104.12500000000003,101.42546300266572,0.12375447592316391,-0.07036516133795268,0.19411963726111658
2022-02-17,2317,25548971,2705371212,106.0,106.5,105.0,106.0,0.5,10473,105.1,104.9,104.20000000000002,62.59259259259252,55.308641975308596,61.34422561215237,55.992978697067606,107.01780056071892,104.20000000000002,101.38219943928111,0.22294693866710702,-0.011702741336940735,0.23464968000404776
2022-02-18,2317,11375198,1199705108,105.0,106.0,105.0,105.5,-0.5,6534,105.0,105.25,104.25000000000003,70.09259259259251,60.895061728395014,56.00016310206628,53.64810776943851,107.12228132326524,104.25000000000003,101.37771867673482,0.25823508539050977,0.04228482400854936,0.2159502613819604
2022-02-21,2317,23535017,2494887566,105.0,107.0,104.5,106.0,0.5,9971,105.4,105.55,104.27500000000002,70.56878306878299,67.75132275132272,60.05952572243483,55.648337850755055,107.19861078120637,104.27500000000002,101.35138921879367,0.3228256837021206,0.09839299594726361,0.224432687754857
2022-02-22,2317,26135723,2730651445,105.0,105.5,104.0,104.5,-1.5,13000,105.5,105.45,104.32500000000002,54.16666666666657,64.94268077601406,45.399725472503576,48.839271013080904,107.22801567339611,104.32500000000002,101.42198432660392,0.2500938084909592,0.12873315845600272,0.12136065003495647
2022-02-23,2317,14607481,1532153333,104.5,105.5,104.5,105.0,0.5,6820,105.4,105.3,104.40000000000002,47.61904761904753,57.451499118165735,50.133231306498296,50.991888179220666,107.2913664589578,104.40000000000002,101.50863354104224,0.2301461135706404,0.14901574947893026,0.08113036409171015
2022-02-24,2317,47746141,4927652706,104.0,104.5,102.5,102.5,-2.5,25803,104.7,104.9,104.35000000000002,23.80952380952372,41.86507936507931,33.295323603595875,41.573062112993,107.33496231131681,104.35000000000002,101.36503768868323,0.01246463050119928,0.12170552568338407,-0.10924089518218479
2022-02-25,2317,29911231,3082648052,103.0,103.5,102.5,103.0,0.5,12863,104.2,104.6,104.32500000000002,17.989417989417902,29.805996472663086,38.142942495148475,43.80859099194,107.34617526800095,104.32500000000002,101.30382473199909,-0.11833954717999973,0.07369651111070731,-0.19203605829070702
2022-03-01,2317,30997685,3241194164,104.0,105.5,103.5,104.5,1.5,10193,103.9,104.65,104.40000000000002,18.51851851851843,20.105820105820055,50.68616231579498,49.99053801607411,107.35972971738643,104.40000000000002,101.44027028261361,-0.0998147342842941,0.03899426203170703,-0.13880899631600113
2022-03-02,2317,13856628,1447933122,104.0,105.0,104.0,104.5,0.0,7727,103.9,104.7,104.52500000000002,33.33333333333325,23.280423280423225,50.68616231579497,49.99053801607411,107.27227137355938,104.52500000000002,101.77772862644066,-0.08416350213769874,0.014362709197825872,-0.09852621133552461
2022-03-03,2317,13875811,1454723635,105.0,105.5,104.5,104.5,0.0,6783,103.8,104.6,104.60000000000002,44.444444444444365,32.09876543209871,50.68616231579498,49.99053801607412,107.25706605111276,104.60000000000002,101.94293394888729,-0.07094201253980259,-0.002698235149699822,-0.06824377739010276
2022-03-04,2317,18504180,1930947109,104.0,105.0,103.5,105.0,0.5,8128,104.3,104.5,104.70000000000002,48.14814814814807,41.97530864197525,55.46617340560498,52.18077296219737,107.25734237050622,104.70000000000002,102.14265762949381,-0.019888799748969177,-0.006136348069553693,-0.013752451679415485
2022-03-07,2317,45910892,4729612213,104.0,104.0,102.5,102.5,-2.5,22699,104.2,104.2,104.72500000000002,33.33333333333325,41.97530864197526,35.431966536090485,42.22336963589024,107.18416652546729,104.72500000000002,102.26583347453276,-0.17909339030030935,-0.04072775651570483,-0.13836563378460454
2022-03-08,2317,61133394,6189736839,101.5,102.5,100.0,101.5,-1.0,38356,103.6,103.75,104.65000000000002,27.60942760942753,36.36363636363631,30.32108849428676,39.016177463895154,107.39043792120535,104.65000000000002,101.90956207879469,-0.3815574610707415,-0.10889369742671218,-0.27266376364402933
2022-03-09,2317,29548450,3008585959,102.0,102.5,101.5,101.5,0.0,17043,103.0,103.45,104.45000000000002,18.181818181818105,26.37485970819299,30.32108849428675,39.01617746389516,107.48150127824283,104.45000000000002,101.4184987217572,-0.5358349243687002,-0.1942819428151098,-0.3415529815535904
2022-03-10,2317,29400154,3033282899,103.0,104.0,102.5,103.0,1.5,12409,102.7,103.25,104.27500000000002,36.36363636363629,27.384960718294007,46.17310250122246,46.13400420875837,107.21566319050392,104.27500000000002,101.33433680949612,-0.5309430802361277,-0.2616141702993134,-0.2693289099368143
2022-03-11,2317,24223838,2504793316,103.0,104.0,102.5,103.5,0.5,9082,102.4,103.35,104.12500000000003,48.484848484848406,34.343434343434296,50.54822770163723,48.300139459401315,106.89763412659845,104.12500000000003,101.35236587340161,-0.481173765542664,-0.30552608934798353,-0.17564767619468047
2022-03-14,2317,26933784,2774250224,103.0,104.0,102.5,102.5,-1.0,10301,102.4,103.3,103.95000000000002,54.54545454545447,46.46464646464642,42.48976419959966,44.45015614724087,106.6684554438122,103.95000000000002,101.23154455618783,-0.5164693307766441,-0.34771473763371563,-0.1687545931429285
2022-03-15,2317,31444438,3189574182,102.0,103.0,101.0,101.0,-1.5,16486,102.3,102.95,103.80000000000003,42.424242424242344,48.48484848484844,33.221413380499975,39.37957818417107,106.80665927567112,103.80000000000003,100.79334072432893,-0.6578949806804673,-0.40975078624306593,-0.24814419443740132
2022-03-16,2317,36150101,3657323884,101.5,102.5,100.0,101.5,0.5,18966,102.3,102.65,103.67500000000003,31.212121212121133,42.727272727272684,38.44320656262363,41.764295662618494,106.84162280671097,103.67500000000003,100.50837719328908,-0.7213151339591803,-0.47206365578628884,-0.2492514781728915
2022-03-17,2317,43672218,4532326631,103.5,104.5,103.0,104.0,2.5,16099,102.5,102.6,103.60000000000002,45.6902356902356,39.77553310886639,57.72608025479007,51.94371224844103,106.65941170815222,103.60000000000002,100.54058829184783,-0.5633529733204483,-0.49032151929312073,-0.07303145402732758
2022-03-18,2317,82471801,8685872459,105.0,106.0,103.5,106.0,2.0,19378,103.0,102.7,103.60000000000002,72.96296296296288,49.95510662177323,67.28961091108575,58.23350401083772,106.65941170815222,103.60000000000002,100.54058829184783,-0.2736293093064006,-0.4469830772957767,0.17335376798937607
2022-03-21,2317,21258452,2237503189,106.0,106.5,104.5,104.5,-1.5,11458,103.4,102.9,103.55000000000003,86.03988603988596,68.23102823102818,56.17067062721664,52.66597923544397,106.51479341607121,103.55000000000003,100.58520658392884,-0.16317767158250263,-0.39022199615312186,0.22704432457061924
2022-03-22,2317,21111299,2195813907,104.0,104.5,103.5,104.0,-0.5,9133,104.0,103.15,103.45000000000002,76.92307692307683,78.64197530864192,52.77908510055573,50.918436816943604,106.20499546278792,103.45000000000002,100.69500453721211,-0.11466795346169079,-0.33511118761483566,0.22044323415314487
2022-03-23,2317,20090168,2107142071,104.5,105.5,104.0,105.5,1.5,9389,104.8,103.55,103.50000000000003,71.7948717948717,78.25261158594486,61.01730012070128,55.67063961647867,106.36356421265099,103.50000000000003,100.63643578734907,0.04430311291172018,-0.2592283275095245,0.3035314404212447
2022-03-24,2317,50697996,5397675520,105.0,108.0,104.5,106.5,1.0,25623,105.3,103.9,103.57500000000002,75.80128205128196,74.83974358974352,65.67493674024838,58.55185114066531,106.66166486680841,103.57500000000002,100.48833513319163,0.24812029468107255,-0.1577586030714051,0.40587889775247765
2022-03-25,2317,21198835,2253282800,106.5,107.0,106.0,106.0,-0.5,10670,105.3,104.15,103.75000000000003,80.28846153846145,75.9615384615384,61.3958646585817,56.57196757975519,106.96714158842549,103.75000000000003,100.53285841157457,0.3650924992618343,-0.05318838260475722,0.4182808818665915
2022-03-28,2317,19925357,2104511278,105.5,106.5,104.5,106.0,0.0,8885,105.6,104.5,103.90000000000002,77.08333333333324,77.7243589743589,61.3958646585817,56.57196757975519,107.24065861769529,103.90000000000002,100.55934138230475,0.452576790608461,0.04796465203788643,0.4046121385705746
2022-03-29,2317,17591342,1853051914,106.0,106.5,104.5,105.5,-0.5,10487,105.9,104.95,103.95000000000002,66.66666666666659,74.67948717948713,56.3945872882189,54.43713582841346,107.35440890610828,103.95000000000002,100.54559109389176,0.47607500416368964,0.1335867224630471,0.34248828170064255
2022-03-30,2317,21868440,2308264334,106.0,106.0,105.0,105.5,0.0,9187,105.9,105.35,104.00000000000003,56.48148148148139,66.74382716049378,56.3945872882189,54.43713582841346,107.46410161513464,104.00000000000003,100.53589838486542,0.48905992926634667,0.204681363823707,0.2843785654426397
2022-03-31,2317,21500251,2280008116,106.0,106.5,105.5,106.0,0.5,7476,105.8,105.55,104.07500000000002,49.99999999999991,57.716049382715994,60.74680319657668,56.34760406723728,107.64256219286874,104.07500000000002,100.5074378071313,0.5335460109933194,0.2704542932576295,0.26309171773568996
2022-04-01,2317,23640400,2476028386,105.0,105.5,104.5,104.5,-1.5,11333,105.5,105.4,104.05000000000003,40.74074074074065,49.07407407407402,45.0199164376393,49.625030958220776,107.59823899983849,104.05000000000003,100.50176100016157,0.4426613626484226,0.3048957071357881,0.13776565551263448
2022-04-06,2317,31406042,3286232058,104.5,105.0,104.0,105.0,0.5,13404,105.3,105.45,104.17500000000003,34.25925925925917,41.666666666666615,50.04900212198682,51.693865663667395,107.6717842369782,104.17500000000003,100.67821576302185,0.40629690753320347,0.3251759472152712,0.08112096031793226
2022-04-07,2317,37755211,3913045570,104.5,105.0,103.0,103.0,-2.0,23911,104.8,105.35,104.25000000000003,15.740740740740648,30.246913580246865,35.076203065893566,43.92333036900475,107.57415402771612,104.25000000000003,100.92584597228394,0.21363191383856872,0.3028671405399307,-0.08923522670136197
2022-04-08,2317,25228715,2595666790,103.0,103.5,102.5,103.0,0.0,16466,104.3,105.1,104.32500000000002,12.037037037036944,20.679012345678963,35.076203065893566,43.923330369004745,107.45988436788105,104.32500000000002,101.19011563211899,0.060249005230659236,0.2543435134780764,-0.19409450824741714
2022-04-11,2317,29147204,2980505593,103.0,103.5,101.5,102.0,-1.0,17667,103.5,104.65,104.27500000000002,7.037037037036943,11.604938271604889,29.14281610752756,40.40164653791351,107.52269148780887,104.27500000000002,101.02730851219117,-0.14038146738501212,0.1753985173054587,-0.3157799846904708
2022-04-12,2317,17944652,1838013259,102.0,103.0,101.5,102.0,0.0,8667,103.0,104.25,104.20000000000002,10.370370370370276,9.814814814814765,29.14281610752756,40.40164653791351,107.58230690505576,104.20000000000002,100.81769309494427,-0.2959707953045836,0.08112465478345023,-0.3770954500880338
2022-04-13,2317,15917450,1650449118,103.0,104.5,102.5,104.0,2.0,8164,102.8,104.05,104.27500000000002,23.33333333333324,13.580246913580197,51.48373498638277,49.747376050009834,107.56855431107213,104.27500000000002,100.9814456889279,-0.25495421979650246,0.013908879867459686,-0.26886309966396216
2022-04-14,2317,8950642,932060147,104.0,104.5,103.5,104.0,0.0,4739,103.0,103.9,104.42500000000003,36.66666666666657,23.456790123456738,51.48373498638278,49.74737605000984,107.36226062854037,104.42500000000003,101.48773937145968,-0.2199132649705433,-0.03285554910014092,-0.18705771587040237
2022-04-15,2317,11788063,1218303498,103.5,104.0,103.0,103.0,-1.0,7425,103.0,103.65,104.50000000000003,45.833333333333236,35.27777777777772,42.38824391340252,45.60078999005288,107.2018512172178,104.50000000000003,101.79814878278226,-0.2697254711328725,-0.08022953350668724,-0.18949593762618525
2022-04-18,2317,11467286,1175593100,102.0,103.0,102.0,102.5,-0.5,6740,103.1,103.3,104.42500000000003,38.6904761904761,40.39682539682534,38.42801036102464,43.642034698591836,107.258284313297,104.42500000000003,101.59171568670305,-0.34556437372577875,-0.13329650155050554,-0.2122678721752732
2022-04-19,2317,17733292,1817596133,103.0,103.5,102.0,102.0,-0.5,9035,103.1,103.05,104.22500000000002,26.785714285714192,37.10317460317455,34.65108030075181,41.71247398407059,107.14861078120514,104.22500000000002,101.30138921879491,-0.4409303016977191,-0.19482326157994825,-0.24610704011777082
2022-04-20,2317,19662727,2015778459,102.5,103.0,102.0,103.0,1.0,9913,102.9,102.85,104.15000000000002,30.95238095238086,32.142857142857096,46.84199979868055,46.78050097585927,107.11816441592835,104.15000000000002,101.18183558407169,-0.43085027031735024,-0.24202866332742864,-0.1888216069899216
2022-04-21,2317,18417433,1903089354,103.5,104.0,103.0,103.0,0.0,7548,102.7,102.85,104.10000000000002,38.095238095238,31.9444444444444,46.84199979868055,46.78050097585927,107.1099833886557,104.10000000000002,101.09001661134434,-0.4180428352436394,-0.2772314977106708,-0.1408113375329686
2022-04-22,2317,16673991,1716622304,102.5,103.5,102.0,103.5,0.5,7495,102.8,102.9,104.00000000000003,55.555555555555465,41.53439153439149,52.83055920512373,49.33502785196772,106.94957624074635,104.00000000000003,101.0504237592537,-0.363358459214453,-0.2944568900114272,-0.06890156920302576
2022-04-25,2317,41906690,4237319618,102.5,102.5,100.5,100.5,-3.0,30162,102.4,102.75,103.70000000000002,38.8888888888888,44.17989417989414,29.537530834085622,37.6559359775524,106.7886890422939,103.70000000000002,100.61131095770614,-0.5556899770352857,-0.34670350741619893,-0.20898646961908673
2022-04-26,2317,21726110,2193460471,101.0,101.5,100.5,101.0,0.5,11296,102.2,102.65,103.45000000000002,26.3888888888888,40.277777777777736,35.10133753829835,40.196969095446704,106.56287648325274,103.45000000000002,100.3371235167473,-0.6601583744500772,-0.4093944808229746,-0.2507638936271026
2022-04-27,2317,30138259,3016451382,99.9,100.5,99.7,100.0,-1.0,17635,101.6,102.25,103.15000000000002,6.492248062015393,23.923341946597713,29.64031705115438,36.952980161672116,106.37645316097752,103.15000000000002,99.92354683902252,-0.8142557413767548,-0.4903667329337306,-0.3238890084430242
2022-04-28,2317,29238494,2947263239,100.0,101.5,100.0,101.5,1.5,9370,101.3,102.0,102.95000000000002,20.445736434108408,17.775624461670915,44.697206403799434,44.224207870131906,106.06287648325274,102.95000000000002,99.8371235167473,-0.8060499092950835,-0.5535033682060012,-0.25254654108908225
2022-04-29,2317,16075115,1637797439,101.5,102.0,101.5,102.0,0.5,5885,101.0,101.9,102.77500000000002,34.108527131782814,20.348837209302253,48.946009575876595,46.44155932680834,105.68145832586333,102.77500000000002,99.86854167413671,-0.7505490447377099,-0.5929125035123429,-0.15763654122536697
2022-05-03,2317,17632994,1802733630,102.0,103.0,101.5,102.5,0.5,7921,101.4,101.9,102.60000000000002,53.488372093023145,36.01421188630484,53.145686760364455,48.64040652025683,105.10199920063688,102.60000000000002,100.09800079936316,-0.6586261560418905,-0.6060552340182525,-0.052570922023638
2022-05-04,2317,31111663,3235058146,103.5,104.5,103.0,104.0,1.5,10754,102.0,102.1,102.57500000000002,69.39599483204124,52.33096468561578,63.61983891294321,54.65495342026517,105.00964576478458,102.57500000000002,100.14035423521545,-0.45944296796349704,-0.5767327808073014,0.11728981284380435
2022-05-05,2317,44182291,4628347344,105.0,105.5,104.0,104.5,0.5,12418,102.9,102.25,102.55000000000003,79.15274436425189,67.34570376310548,66.52959018409842,56.48427877061282,104.89307490276693,102.55000000000003,100.20692509723312,-0.2582659064437962,-0.5130394059346004,0.2547734994908042
2022-05-06,2317,27888783,2881440462,103.5,104.0,102.5,104.0,-0.5,10725,103.4,102.35,102.60000000000002,82.15996168582365,76.90290029403899,60.85141580550552,54.13246158209638,105.02074368737918,102.60000000000002,100.17925631262086,-0.13759138922530667,-0.43794980259274163,0.30035841336743496
2022-05-09,2317,26841790,2779471215,103.5,104.0,103.0,104.0,0.0,8839,103.8,102.4,102.65000000000002,77.01149425287345,79.44140010098305,60.85141580550552,54.13246158209637,105.14198715887235,102.65000000000002,100.15801284112769,-0.0414778342623805,-0.3586554089266694,0.3171775746642889
2022-05-10,2317,17928513,1856919197,103.0,104.0,102.5,104.0,0.0,8128,104.1,102.75,102.75000000000003,74.13793103448263,77.76979565772662,60.8514158055055,54.13246158209638,105.28968501983522,102.75000000000003,100.21031498016484,0.034297490386776985,-0.2800648290639801,0.3143623194507571
2022-05-11,2317,19699065,2037087206,103.5,104.0,103.0,103.0,-1.0,8733,103.9,102.95,102.80000000000003,67.60710553813992,72.91884360849872,47.874570375579836,49.032743038380204,105.31793566239783,102.80000000000003,100.28206433760222,0.013502687871024932,-0.2213513256769791,0.23485401354800403
2022-05-12,2317,22335157,2289193629,103.0,103.0,102.0,102.0,-1.0,13271,103.4,103.15,102.70000000000002,47.06112852664567,62.93538836642279,38.336549730995664,44.516341183287736,105.1779023386712,102.70000000000002,100.22209766132883,-0.08271549287916002,-0.1936241591174153,0.11090866623825527
2022-05-13,2317,19748688,2047312222,104.0,104.0,103.0,104.0,2.0,8699,103.4,103.4,102.70000000000002,43.181818181818095,52.61668408220128,57.90513025629428,53.70152324920724,105.1779023386712,102.70000000000002,100.22209766132883,0.002386678816606036,-0.15442199153061104,0.15680867034721707
2022-05-16,2317,25235126,2630129235,104.0,104.5,103.5,104.5,0.5,9481,103.5,103.65,102.77500000000002,48.80952380952372,46.35082350599588,61.47130485124484,55.677020004281395,105.37259504156887,102.77500000000002,100.17740495843117,0.10892101072849414,-0.10175339107879,0.21067440180728414
2022-05-17,2317,28505126,2987443219,104.5,105.0,104.0,105.0,0.5,10382,103.7,103.9,102.90000000000002,73.21428571428562,55.06854256854253,64.93684702188294,57.62422620117545,105.66767050061763,102.90000000000002,100.13232949938241,0.2310328546967355,-0.03519614192368489,0.26622899662042043
2022-05-18,2317,56423484,6011093630,105.5,107.0,105.0,107.0,2.0,27172,104.5,104.2,103.15000000000002,85.71428571428562,69.2460317460317,75.30334055274818,64.36754133344435,106.40729949497835,103.15000000000002,99.8927005050217,0.4836158338206076,0.06856625322517361,0.41504958059543395
2022-05-19,2317,38150307,4058217532,105.5,107.5,105.0,107.5,0.5,18694,105.6,104.5,103.37500000000003,95.23809523809514,84.72222222222219,77.26391524509032,65.83142761168229,107.14162979332697,103.37500000000003,99.60837020667309,0.7158832296148603,0.19802964850311094,0.5178535811117493
2022-05-20,2317,46344487,4999084485,107.5,109.0,107.0,107.0,-0.5,22702,106.2,104.8,103.57500000000002,90.47619047619037,90.47619047619044,70.71452874387906,63.04223912868285,107.65268316571897,103.57500000000002,99.49731683428107,0.8498148561816947,0.3283866900388277,0.521428166142867
2022-05-23,2317,34504056,3732164287,108.0,109.0,107.0,108.0,1.0,17625,106.9,105.2,103.80000000000003,85.71428571428561,90.47619047619044,75.55037882415661,66.13280821466685,108.30998891350909,103.80000000000003,99.29001108649096,1.0248346222248728,0.4676762764760367,0.557158345748836
2022-05-24,2317,37409126,4055836265,108.0,109.0,108.0,108.0,0.0,17990,107.5,105.6,104.17500000000003,80.95238095238085,85.71428571428568,75.55037882415661,66.13280821466685,108.77146603381128,104.17500000000003,99.57853396618877,1.1502793435153933,0.6041968898839081,0.5460824536314852
2022-05-25,2317,77602667,8479699424,108.5,110.0,108.0,109.5,1.5,33228,108.0,106.25,104.60000000000002,88.095238095238,84.9206349206349,81.7149365265807,70.43397575422402,109.50509938736985,104.60000000000002,99.69490061263019,1.3551117679621996,0.7543798654995664,0.6007319024626332
2022-05-26,2317,40239038,4404353832,110.0,110.5,108.5,109.0,-0.5,21229,108.3,106.95,105.05000000000003,85.71428571428561,84.9206349206349,74.41811096450226,67.36289427007456,109.83434948555995,105.05000000000003,100.2656505144401,1.460264103150294,0.895556713029712,0.5647073901205821
2022-05-27,2317,52655635,5809140386,110.0,111.0,109.5,110.0,1.0,21201,108.9,107.55,105.47500000000002,85.71428571428561,86.50793650793649,78.82920628115897,70.16479557229748,110.429543369472,105.47500000000002,100.52045663052805,1.6057793047575046,1.0376012313752705,0.5681780733822341
2022-05-30,2317,44021707,4841079725,110.5,111.0,109.0,110.5,0.5,18566,109.4,108.15,105.90000000000002,85.31746031746023,85.58201058201057,80.7640434141368,71.48304918137677,111.04392845984249,105.90000000000002,100.75607154015755,1.7413735019738965,1.1783556854949957,0.5630178164789008
2022-05-31,2317,98246343,11021326677,111.0,113.0,110.0,113.0,2.5,35106,110.4,108.95,106.42500000000003,92.46031746031737,87.83068783068781,87.4530561368592,76.96375332791861,112.18064939863268,106.42500000000003,100.66935060136737,2.027193759029757,1.348123300201948,0.6790704588278089
2022-06-01,2317,74240455,8507384291,112.5,116.0,112.0,114.5,1.5,35977,111.4,109.7,106.95000000000002,91.66666666666659,89.8148148148148,89.90928219608159,79.50849166841174,113.57495283001963,106.95000000000002,100.32504716998041,2.347683205338143,1.5480352812291869,0.799647924108956
2022-06-02,2317,40493740,4654000679,114.5,116.0,113.5,114.0,-0.5,20147,112.4,110.35,107.42500000000003,87.03703703703695,90.38800705467371,83.54871711844008,76.47586305456554,114.61718325684068,107.42500000000003,100.23281674315938,2.53213866093202,1.7448559571697535,0.7872827037622665
2022-06-06,2317,36024843,4147464601,115.0,116.0,114.0,115.5,1.5,18252,113.5,111.2,108.00000000000003,84.95370370370362,87.8858024691358,86.81370757973139,79.05667988732831,115.81664889834366,108.00000000000003,100.1833511016564,2.767456882141687,1.9493761421641402,0.8180807399775467
2022-06-07,2317,37928495,4328936881,115.0,115.5,113.5,113.5,-2.0,20332,114.1,111.75,108.47500000000002,80.09259259259251,84.02777777777777,66.33471673576724,68.29765962351479,116.41524558814015,108.47500000000002,100.5347544118599,2.760740880159034,2.111649089763119,0.6490917903959148
2022-06-08,2317,18702532,2133910077,114.5,115.0,113.5,114.0,0.5,10975,114.3,112.35,108.97500000000002,78.61111111111101,81.21913580246913,68.50188022812492,69.41818601144301,116.9842134445261,108.97500000000002,100.96578655547394,2.76390366059816,2.242100003930127,0.5218036566680331
2022-06-09,2317,29946032,3438617821,114.0,115.5,113.5,115.5,1.5,13212,114.5,112.95,109.60000000000002,78.31349206349198,79.00573192239858,74.2937215478633,72.55248053434282,117.59749960925149,109.60000000000002,101.60250039074856,2.8545422645251364,2.364588456049129,0.48995380847600734
2022-06-10,2317,24455998,2798219698,115.0,115.0,114.0,114.0,-1.5,12183,114.5,113.45,110.20000000000002,79.20634920634912,78.71031746031746,61.1709880308309,65.34066223052777,117.60540343262825,110.20000000000002,102.79459656737178,2.773366899914933,2.44634414482229,0.327022755092643
2022-06-13,2317,45720589,5107246823,112.5,112.5,111.0,111.5,-2.5,23704,113.7,113.6,110.57500000000002,63.095238095237995,73.53835978835977,45.53264823598972,55.448026116122065,117.42536495378047,110.57500000000002,103.72463504621956,2.47873244730107,2.452821805318046,0.02591064198302373
2022-06-14,2317,32230251,3576321970,110.0,112.5,110.0,111.5,0.0,14824,113.3,113.7,110.92500000000003,40.47619047619038,60.9259259259259,45.53264823598972,55.448026116122065,117.18818609016046,110.92500000000003,104.6618139098396,2.2196458254833686,2.406186609351111,-0.1865407838677422
2022-06-15,2317,25173947,2820402492,112.5,112.5,111.5,112.0,0.5,11371,112.9,113.6,111.27500000000002,27.777777777777686,43.78306878306876,49.076587147370944,56.959515215632784,116.92721195639197,111.27500000000002,105.62278804360807,2.031248662230354,2.3311990199269594,-0.2999503576966056
2022-06-16,2317,31674634,3556826569,113.5,113.5,110.5,111.5,-0.5,13942,112.1,113.3,111.50000000000003,27.777777777777686,32.01058201058199,45.61404296356149,54.951788560269044,116.80094331227725,111.50000000000003,106.1990566877228,1.820609874357146,2.229081190812997,-0.4084713164558509
2022-06-17,2317,51770484,5686050951,110.0,111.0,109.5,109.5,-2.0,28807,111.2,112.85,111.60000000000002,19.444444444444354,24.999999999999982,34.31558531199008,47.70787806162172,116.66557005676378,111.60000000000002,106.53442994323626,1.475287634577768,2.078322479565951,-0.603034844988183
2022-06-20,2317,33567864,3676739596,110.0,110.5,108.5,109.0,-0.5,15595,110.7,112.2,111.70000000000002,10.714285714285623,19.312169312169292,32.003494960065254,46.07271982488241,116.46864760702559,111.70000000000002,106.93135239297445,1.1480375876329276,1.8922655011793463,-0.7442279135464187
2022-06-21,2317,38779129,4320466442,110.5,112.5,110.5,112.0,3.0,14609,110.8,112.05,111.90000000000002,19.047619047618955,16.40211640211638,53.79544935846342,55.85033669072057,116.35645599102989,111.90000000000002,107.44354400897015,1.1178782905948452,1.7373880590624462,-0.619509768467601
2022-06-22,2317,31484183,3473065898,111.5,111.5,109.5,109.5,-2.5,13454,110.3,111.6,111.97500000000002,24.17582417582408,17.979242979242958,41.01563436077275,48.0344112526425,116.21144898470175,111.97500000000002,107.7385510152983,0.8820796585496993,1.566326378959897,-0.6842467204101976
2022-06-23,2317,46046917,4995374241,110.5,110.5,107.5,108.0,-1.5,19795,109.6,110.85,111.90000000000002,24.57264957264948,22.598697598697573,35.16748589596996,44.051074258321805,116.35645599102989,111.90000000000002,107.44354400897015,0.5676268310664625,1.36658646938121,-0.7989596383147475
2022-06-24,2317,29649132,3254328039,109.0,110.5,108.5,110.0,2.0,11362,109.7,110.45,111.95000000000002,21.7948717948717,23.51444851444849,46.9367282660627,50.004279177669964,116.29626276241842,111.95000000000002,107.60373723758161,0.4743361333965055,1.188136402184269,-0.7138002687877636
2022-06-27,2317,26037844,2902463017,111.0,112.0,111.0,111.0,1.0,10969,110.1,110.4,112.00000000000003,36.11111111111102,27.492877492877472,52.017771094579714,52.71353854450233,116.27784992723845,112.00000000000003,107.72215007276161,0.47561167073888555,1.0456314558951925,-0.5700197851563069
2022-06-28,2317,28867008,3215018487,111.5,112.0,110.0,112.0,1.0,10443,110.1,110.45,112.07500000000002,58.333333333333236,38.74643874643872,56.8393931370511,55.320931811229016,116.29726242670739,112.07500000000002,107.85273757329264,0.550963027109816,0.9466977701381172,-0.39573474302830114
2022-06-29,2317,35640396,3970267323,111.5,112.5,110.5,111.0,-1.0,11207,110.4,110.35,111.97500000000002,67.77777777777767,54.07407407407405,50.87502832575047,52.220006347924375,116.19963016132472,111.97500000000002,107.75036983867533,0.5239481293706945,0.8621478419846327,-0.3381997126139382
2022-06-30,2317,45967258,5036836151,110.5,111.0,109.0,109.0,-2.0,23664,110.6,110.1,111.70000000000002,58.33333333333323,61.481481481481445,40.86855883720343,46.594620705015814,115.94735211631746,111.70000000000002,107.45264788368257,0.3372675328016328,0.7571717801480327,-0.41990424734639986
2022-07-01,2317,63133602,6758749961,108.5,109.0,105.5,106.0,-3.0,32535,109.8,109.75,111.30000000000003,35.71428571428561,53.94179894179891,30.403568703141122,39.688204127783315,116.07912125813678,111.30000000000003,106.52087874186327,-0.05215193781859284,0.5953070365547075,-0.6474589743733004
2022-07-04,2317,70995980,7140989017,100.5,102.0,99.5,100.0,0.0,32374,107.6,108.85,110.52500000000002,13.663003663003558,35.903540903540865,19.032158419944466,30.08390165797921,117.04017459474323,110.52500000000002,104.0098254052568,-0.8352908172182651,0.30918746580011297,-1.1444782830183782
2022-07-05,2317,45713186,4669649468,102.0,103.0,101.0,102.5,2.5,20422,105.7,107.9,109.97500000000002,11.35531135531125,20.244200244200208,31.488458285111303,36.93224029297025,117.2101572201288,109.97500000000002,102.73984277987124,-1.2399119812240684,-0.00063242360472332,-1.2392795576193452
2022-07-06,2317,45875699,4653042441,103.0,103.5,100.5,100.5,-2.0,22660,103.6,107.0,109.30000000000003,11.538461538461432,12.18559218559215,27.534831325360052,34.058129501218524,117.37712820252202,109.30000000000003,101.22287179747804,-1.7023369731804792,-0.3409733335198745,-1.3613636396606046
2022-07-07,2317,41084778,4210411576,101.0,103.5,100.5,103.5,3.0,15382,102.5,106.55,108.70000000000002,20.512820512820404,14.468864468864432,40.58899958411325,41.42203302542013,116.62716847304145,108.70000000000002,100.77283152695858,-1.8059196651898617,-0.6339625998538719,-1.1719570653359899
2022-07-08,2317,35186757,3613971179,103.5,104.0,101.5,102.0,-1.5,15471,101.7,105.75,108.10000000000002,19.230769230769123,17.094017094017058,36.72933344689757,39.07254510306413,116.14735981549107,108.10000000000002,100.05264018450897,-1.9861520345397707,-0.9044004867910518,-1.081751547748719
2022-07-11,2317,18971045,1917673836,102.0,102.0,100.5,101.0,-1.0,10175,101.9,104.75,107.57500000000002,20.512820512820404,20.085470085470046,34.19990812256643,37.54367018266105,116.0264791604774,107.57500000000002,99.12352083952264,-2.1844975998761527,-1.160419909408072,-1.0240776904680806
2022-07-12,2317,26222208,2629265988,100.0,101.0,99.7,100.5,-0.5,13954,101.5,103.6,107.02500000000002,13.15496098104783,17.632850241545857,32.879083043525206,36.76896519747714,115.80836495882899,107.02500000000002,98.24163504117105,-2.3548880274203157,-1.3993135330105209,-0.9555744944097948
2022-07-13,2317,32354911,3333763591,103.0,103.5,102.5,102.5,2.0,15547,101.9,102.75,106.55000000000003,17.271020360265105,16.97960061804452,43.128953328231475,41.93064763400996,115.23274150254274,106.55000000000003,97.86725849745731,-2.3020043107962778,-1.5798516885676723,-0.7221526222286054
2022-07-14,2317,46239887,4831039581,102.5,106.0,102.5,105.0,2.5,18374,102.2,102.35,106.22500000000002,41.62999471923946,24.01865868685087,53.48726878294636,47.68005364795376,114.62425591942443,106.22500000000002,97.82574408057562,-2.034907332691432,-1.6708628173924243,-0.36404451529900794
2022-07-15,2317,25505254,2682379312,105.0,106.0,104.5,105.0,0.0,10272,102.8,102.25,106.00000000000003,66.77377203692981,41.8915957054782,53.48726878294636,47.680053647953756,114.27647267862213,106.00000000000003,97.72352732137793,-1.8024534913535604,-1.6971809521846515,-0.10527253916890889
2022-07-18,2317,17083253,1789285264,105.0,105.5,104.0,105.0,0.0,8324,103.6,102.75,105.80000000000003,84.28978428978417,64.23118368198455,53.48726878294635,47.680053647953756,113.96945530619905,105.80000000000003,97.630544693801,-1.5997907553611554,-1.6777029128199523,0.07791215745879687
2022-07-19,2317,20535363,2138674698,104.5,105.0,103.5,104.0,-1.0,10417,104.3,102.9,105.40000000000002,78.83597883597871,76.63317838756431,47.940949083091645,45.4327632825518,113.08505042273526,105.40000000000002,97.71494957726478,-1.5025502555909185,-1.6426723813741455,0.14012212578322703
2022-07-20,2317,35585856,3703922190,104.0,105.0,103.0,103.5,-0.5,17562,104.5,103.2,105.10000000000002,70.89947089947077,78.00841134174463,45.2064862582558,44.30825719665274,112.58732261893236,105.10000000000002,97.61267738106768,-1.449127638898105,-1.6039634328789374,0.15483579398083247
2022-07-21,2317,24149090,2529832035,104.0,105.5,103.5,105.5,2.0,9269,104.6,103.4,104.97500000000002,73.54497354497342,74.42680776014105,56.72526830631538,49.673998821244766,112.34707569141703,104.97500000000002,97.60292430858301,-1.231213877798055,-1.529413521862761,0.2981996440647059
2022-07-22,2317,29400418,3117384373,105.5,106.5,105.0,106.0,0.5,11003,104.8,103.8,104.77500000000002,81.67600373482713,75.37348272642384,59.22535135398922,50.94642987761381,111.79977757654926,104.77500000000002,97.75022242345078,-1.0065667558216802,-1.4248441686545448,0.41827741283286457
2022-07-25,2317,41471982,4448057977,106.0,108.0,105.5,107.5,1.5,14188,105.3,104.45,104.60000000000002,91.87321393203733,82.36473040394604,66.0833979497023,54.650823912622926,111.15438784326787,104.60000000000002,98.04561215673218,-0.6994322100473624,-1.2797617769331082,0.5803295668857458
2022-07-26,2317,23277125,2508249267,108.0,108.5,107.0,108.0,0.5,10247,106.1,105.2,104.40000000000002,91.7409387997622,88.4300521555423,68.16564292298722,55.84773790243018,110.24465567847943,104.40000000000002,98.55534432152061,-0.41094295384185386,-1.1059980123148574,0.6950550584730035
2022-07-27,2317,30876807,3344846475,108.5,109.5,107.5,108.0,0.0,13670,107.0,105.75,104.25000000000003,86.49961149961138,90.03792141047039,68.16564292298722,55.84773790243018,109.53677595515221,104.25000000000003,98.96322404484785,-0.18023549722681764,-0.9208455092972494,0.7406100120704318
2022-07-28,2317,21932255,2378939021,109.0,109.0,108.0,108.5,0.5,11572,107.6,106.1,104.22500000000002,84.40170940170928,87.54741990036104,70.62066304486434,57.159096682273926,109.42572110384502,104.22500000000002,99.02427889615502,0.042458213764760444,-0.7281847646848474,0.7706429784496078
2022-07-29,2317,21951559,2389538354,109.0,109.5,108.5,109.0,0.5,9079,108.2,106.5,104.37500000000003,84.61538461538449,85.17223517223512,73.04577919625203,58.486913831640095,109.93265238207425,104.37500000000003,98.8173476179258,0.2563355290571394,-0.53128070593645,0.7876162349935895
2022-08-01,2317,14996382,1629872946,108.5,109.0,108.0,109.0,0.0,7143,108.5,106.9,104.82500000000002,89.74358974358962,86.2535612535612,73.04577919625204,58.486913831640095,110.35016968065139,104.82500000000002,99.29983031934864,0.420982023613206,-0.34082816002651883,0.7618101836397249
2022-08-02,2317,40743180,4375448073,108.0,108.0,106.5,108.0,-1.0,23127,108.5,107.3,105.10000000000002,86.53846153846143,86.96581196581191,59.64353556337861,54.56419846921664,110.68211429477887,105.10000000000002,99.51788570522118,0.46540896922135744,-0.17958073417694356,0.644989703398301
2022-08-03,2317,31052217,3343751905,107.5,108.5,107.0,108.5,0.5,12003,108.6,107.8,105.50000000000003,81.69515669515658,85.99240265906928,63.545232308552066,56.147899428595885,110.84789678284622,105.50000000000003,100.15210321715384,0.5347986392081197,-0.03670485949993091,0.5715034987080505
2022-08-04,2317,40577638,4369634786,108.0,108.5,106.5,108.0,-0.5,15013,108.5,108.05,105.72500000000002,71.75925925925914,79.99762583095912,57.104203150265484,54.11652685039392,111.09598687393431,105.72500000000002,100.35401312606574,0.5431831539931125,0.07927274319867776,0.4639104107944347
2022-08-05,2317,25350396,2748564050,108.5,109.0,108.0,108.0,0.0,10246,108.3,108.25,106.02500000000002,63.42592592592581,72.29344729344724,57.10420315026548,54.11652685039392,111.19679852662334,106.02500000000002,100.8532014733767,0.5435620968703176,0.17213061393300574,0.3714314829373119
2022-08-08,2317,23526674,2528924473,107.0,108.0,106.5,108.0,0.0,10035,108.1,108.3,106.37500000000003,54.16666666666655,63.117283950617235,57.10420315026548,54.11652685039393,111.06408306601422,106.37500000000003,101.68591693398584,0.5376645495875465,0.2452374010639139,0.2924271485236326
2022-08-09,2317,25851764,2801896212,108.0,109.0,107.0,109.0,1.0,12052,108.3,108.4,106.80000000000003,61.111111111111,59.56790123456786,67.5502871914006,57.919481932997776,110.76736688497249,106.80000000000003,102.83263311502756,0.6066888125473469,0.3175276833606005,0.28916112918674636
2022-08-10,2317,56629249,6226414995,109.0,111.0,108.0,110.0,1.0,21011,108.6,108.6,107.17500000000003,70.37037037037027,61.88271604938268,74.72979059916139,61.367739630121164,110.85297498631718,107.17500000000003,103.49702501368287,0.7336258981990795,0.4007473263282963,0.33287857187078324
2022-08-11,2317,62481183,7007322071,111.5,113.0,110.5,113.0,3.0,28607,109.6,109.05,107.57500000000002,87.03703703703694,72.83950617283948,85.75825145928472,69.45445934871037,111.90252816281841,107.57500000000002,103.24747183718162,1.0640338610521383,0.5334046332730646,0.5306292277790736
2022-08-12,2317,48654945,5500411046,113.0,114.0,112.0,112.5,-0.5,21376,110.5,109.4,107.95000000000002,85.92592592592582,81.11111111111109,79.0500833600623,66.93945982035852,112.60725240887672,107.95000000000002,103.29274759112332,1.2708887167227516,0.6809014499630021,0.5899872667597496
2022-08-15,2317,29468828,3304752550,113.0,113.0,111.5,112.0,-0.5,13776,111.3,109.7,108.30000000000003,84.44444444444436,85.80246913580244,72.43935399878796,64.42704877358354,113.06864760702483,108.30000000000003,103.53135239297522,1.3785853846501794,0.8204382369004375,0.558147147749742
2022-08-16,2317,28989314,3220129668,112.0,112.0,110.5,111.0,-1.0,15650,111.7,110.0,108.65000000000002,71.11111111111101,80.49382716049381,60.61211735816817,59.60834495159353,113.12325384926763,108.65000000000002,104.17674615073241,1.367480661406418,0.9298467218016336,0.43763393960478447
2022-08-17,2317,33849726,3787892860,111.0,112.5,111.0,112.5,1.5,15653,112.2,110.4,109.10000000000002,71.11111111111101,75.55555555555554,69.36521233391754,63.96239895327967,113.206093033527,109.10000000000002,104.99390696647305,1.4628546741196544,1.0364483122652377,0.4264063618544167
2022-08-18,2317,26002863,2903643194,112.5,112.5,111.0,112.0,-0.5,8565,112.0,110.8,109.42500000000003,71.11111111111101,71.1111111111111,63.84739027668399,61.57952048081555,113.36549489277361,109.42500000000003,105.48450510722644,1.481021155030362,1.1253628808182625,0.3556582742120995
2022-08-19,2317,17707131,1971372238,111.5,112.0,111.0,111.0,-1.0,6899,111.7,111.1,109.67500000000003,70.15873015873007,70.79365079365078,53.85190609906553,57.00539778946594,113.33935533211182,109.67500000000003,106.01064466788823,1.3986043391623468,1.1800111724870794,0.2185931666752674
2022-08-22,2317,16613929,1834457540,110.5,111.0,110.0,111.0,0.0,7788,111.5,111.4,109.85000000000002,60.158730158730066,67.14285714285712,53.85190609906553,57.00539778946594,113.41510869399303,109.85000000000002,106.28489130600701,1.3180942487909562,1.2076277877478547,0.11046646104310143
2022-08-23,2317,18158910,1998932319,110.0,110.5,109.5,110.0,-1.0,8259,111.3,111.5,109.95000000000002,39.417989417989325,56.5784832451499,44.392500039933175,52.48404713326541,113.41265793863379,109.95000000000002,106.48734206136625,1.160223445807219,1.1981469193597276,-0.03792347355250869
2022-08-24,2317,24754117,2713269554,110.5,111.0,109.0,109.5,-0.5,13931,110.7,111.45,110.02500000000002,23.70370370370361,41.093474426807745,40.26654966325036,50.334378079912156,113.3787292675443,110.02500000000002,106.67127073245574,0.9834275352552027,1.1552030425388227,-0.17177550728362
2022-08-25,2317,14187366,1558328414,109.5,110.5,109.5,109.5,0.0,7050,110.2,111.1,110.07500000000002,11.20370370370361,24.77513227513226,40.26654966325036,50.334378079912156,113.36551667675229,110.07500000000002,106.78448332324774,0.8337050693212262,1.0909034478953035,-0.25719837857407724
2022-08-26,2317,17147941,1886254324,110.0,110.5,109.5,110.5,1.0,7974,110.1,110.9,110.15000000000002,21.785714285714192,18.89770723104055,52.32804013986364,54.643449277323064,113.40729949497722,110.15000000000002,106.89270050502282,0.7866723103208528,1.0300572203804133,-0.24338491005956042
2022-08-29,2317,27166245,2941811595,108.5,109.0,108.0,108.0,-2.5,15622,109.5,110.5,110.10000000000002,18.45238095238086,17.147266313932963,32.93269682553896,44.296315047124004,113.45559234710957,110.10000000000002,106.74440765289047,0.5414281565704613,0.9323314076184228,-0.39090325104796153
2022-08-30,2317,21904735,2374080779,108.5,109.0,108.0,108.5,0.5,9238,109.2,110.25,110.12500000000003,17.9894179894179,19.40917107583773,38.27129183036994,46.47914400816118,113.42462119037556,110.12500000000003,106.8253788096245,0.38300121951166943,0.8224653699970721,-0.43946415048540266
2022-08-31,2317,29733770,3228381242,108.0,109.5,107.5,109.0,0.5,11975,109.1,109.9,110.15000000000002,14.814814814814724,17.08553791887124,43.51674084538193,48.64630972649544,113.40729949497722,110.15000000000002,106.89270050502282,0.29439890449965844,0.7168520768975893,-0.4224531723979309
2022-09-01,2317,37780861,4063042055,108.0,108.5,107.0,107.5,-1.5,18455,108.7,109.45,110.12500000000003,18.981481481481392,17.26190476190475,33.541099596675764,43.01860466030664,113.45478978315145,110.12500000000003,106.7952102168486,0.10196804339909704,0.5938752701978909,-0.49190722679879384
2022-09-02,2317,17178614,1848950477,108.0,108.0,107.0,107.5,0.0,7327,108.1,109.1,110.10000000000002,19.444444444444354,17.7469135802469,33.541099596675764,43.01860466030664,113.49999999999648,110.10000000000002,106.70000000000357,-0.04995890525120217,0.46510843510807226,-0.5150673403592745
2022-09-05,2317,23510808,2538564619,108.0,108.5,107.5,108.0,0.5,6211,108.1,108.8,110.10000000000002,16.666666666666575,18.364197530864185,39.80202680274097,45.45788392372626,113.49999999999648,110.10000000000002,106.70000000000357,-0.12853461823645773,0.34637982443916626,-0.474914442675624
2022-09-06,2317,16470152,1779506758,108.5,108.5,107.5,108.5,0.5,8119,108.1,108.65,110.07500000000002,26.785714285714192,20.96560846560845,45.76313334990433,47.86153470570518,113.51411325780134,110.07500000000002,106.6358867421987,-0.14874596466950152,0.24735466661743272,-0.39610063128693423
2022-09-07,2317,32007211,3421330308,107.5,108.0,106.0,106.0,-2.5,18264,107.5,108.3,109.87500000000003,22.619047619047524,22.023809523809504,29.007224596843468,38.68230188927539,113.74636926680746,109.87500000000003,106.0036307331926,-0.36231615387295335,0.1254205025193555,-0.48773665639230884
2022-09-08,2317,15510168,1656117929,107.0,107.0,106.0,107.0,1.0,6785,107.4,108.05,109.57500000000002,23.809523809523714,24.404761904761884,39.36736126087619,43.361547268246646,113.36016842425605,109.57500000000002,105.78983157574399,-0.4457421863956199,0.011187964736360398,-0.4569301511319803
2022-09-12,2317,18494607,2002065443,108.5,109.0,107.5,108.5,1.5,8219,107.6,107.85,109.37500000000003,33.333333333333236,26.587301587301567,51.701821071619634,49.57727817877379,112.93695171219072,109.37500000000003,105.81304828780934,-0.3863666598946338,-0.06832296018983845,-0.31804369970479535
2022-09-13,2317,32868739,3602070045,109.0,110.5,108.5,110.0,1.5,12365,108.0,108.05,109.27500000000002,62.96296296296287,40.03527336860668,60.96594100617455,54.906671802619314,112.6436050525376,109.27500000000002,105.90639494746245,-0.21578621423266497,-0.09781561099840376,-0.11797060323426121
2022-09-14,2317,26601015,2865653445,107.5,108.5,107.0,107.5,-2.5,12413,107.8,107.95,109.10000000000002,64.55026455026446,53.615520282186935,44.40456070762684,46.151396736939425,112.45559234710957,109.10000000000002,105.74440765289047,-0.2791116631957067,-0.13407482143786434,-0.14503684175784234
2022-09-15,2317,17777392,1921785611,107.5,108.5,107.5,108.0,0.5,6869,108.2,107.85,108.87500000000003,55.555555555555465,61.02292768959435,47.71842483276102,47.939400861608306,111.87291594278113,108.87500000000003,105.87708405721892,-0.2856588193554046,-0.1643916210213724,-0.12126719833403221
2022-09-16,2317,37358400,4010943876,107.5,108.0,107.0,107.5,-0.5,10689,108.3,107.85,108.65000000000002,37.03703703703695,52.38095238095237,44.61578836779395,46.284344182641654,111.33514431641666,108.65000000000002,105.96485568358338,-0.3274190263824579,-0.1969971020935895,-0.1304219242888684
2022-09-19,2317,17257682,1845794832,107.5,108.0,106.5,107.0,-0.5,7763,108.0,107.8,108.45000000000002,33.33333333333325,41.975308641975296,41.47002615076727,44.625196318625534,110.99754784056816,108.45000000000002,105.90245215943187,-0.39629190623121247,-0.2368560629211141,-0.15943584331009836
2022-09-20,2317,26209523,2827366527,107.5,108.5,107.0,108.5,1.5,8429,107.7,107.85,108.32500000000002,37.03703703703695,35.80246913580246,53.0549925209432,50.37267990368562,110.58939837484056,108.32500000000002,106.06060162515948,-0.32607787299326674,-0.2547004249355446,-0.07137744805772211
2022-09-21,2317,25899668,2781298302,108.5,108.5,106.5,107.0,-1.5,11423,107.6,107.7,108.17500000000003,33.33333333333325,34.5679012345679,43.10187000953613,45.3082820212168,110.37215725426691,108.17500000000003,105.97784274573314,-0.38700901079266714,-0.2811621421069691,-0.10584686868569804
2022-09-22,2317,24170156,2579720303,106.5,107.5,106.0,107.0,0.0,8938,107.4,107.8,108.05000000000003,33.33333333333325,34.5679012345679,43.10187000953613,45.308282021216804,110.2156407827663,108.05000000000003,105.88435921723375,-0.4303367226207655,-0.3109970582097284,-0.1193396644110371
2022-09-23,2317,16305687,1739541489,107.0,107.5,106.0,106.5,-0.5,7187,107.2,107.75,107.90000000000002,18.518518518518434,28.39506172839506,39.72102068100341,43.61316953239005,110.05870331448975,107.90000000000002,105.74129668551029,-0.4992648532824262,-0.34865061722426793,-0.15061423605815827
2022-09-26,2317,41225652,4308616542,105.5,106.0,103.5,104.0,-2.5,25521,106.6,107.3,107.57500000000002,14.44444444444436,22.098765432098762,27.251753130274185,36.30032795894451,110.00964576478458,107.57500000000002,105.14035423521545,-0.7470089459286697,-0.4283222829651483,-0.31868666296352144
2022-09-27,2317,21421110,2220381066,104.0,104.5,103.0,103.5,-0.5,11725,105.6,106.65,107.35000000000002,10.067340067339984,14.34343434343434,25.39184462221123,35.03505001907896,110.35166620395745,107.35000000000002,104.3483337960426,-0.9724835604414892,-0.5371545384604165,-0.4353290219810727
2022-09-28,2317,49671045,5043131194,103.5,104.0,100.5,100.5,-3.0,30069,104.3,105.95,106.95000000000002,6.363636363636281,10.291806958473623,17.18284484836342,28.594852565054552,111.13210473326333,106.95000000000002,102.7678952667367,-1.3773712662798374,-0.7051978840243007,-0.6721733822555367
2022-09-29,2317,40492428,4109231315,101.5,102.5,101.0,101.5,1.0,16864,103.2,105.3,106.57500000000002,7.196969696969614,7.875982042648709,26.43215913704825,33.01500645224315,111.2683463541467,106.57500000000002,101.88165364585333,-1.5991223604121103,-0.8839827793018626,-0.7151395811102477
2022-09-30,2317,28211012,2856502539,100.0,102.0,100.0,102.0,0.5,11023,102.3,104.75,106.30000000000003,12.009803921568542,8.52346999405823,30.931861365383213,35.17573475158057,111.37346035758401,106.30000000000003,101.22653964241604,-1.7147493160950944,-1.050136086660509,-0.6646132294345855
2022-10-03,2317,21183821,2143649886,101.0,102.0,100.5,101.0,-1.0,9540,101.7,104.15,105.97500000000002,15.931372549019523,11.712715389185975,27.068722576050213,32.890613282447305,111.51101842482281,105.97500000000002,100.43898157517724,-1.8655710128142857,-1.2132230718912642,-0.6523479409230215
2022-10-04,2317,17338770,1775289678,102.5,103.0,102.0,102.5,1.5,8375,101.5,103.55,105.70000000000002,22.875816993463967,16.93899782135076,40.14966144826392,39.26423868354846,111.35154846037685,105.70000000000002,100.04845153962319,-1.8428179716362934,-1.3391420518402701,-0.5036759197960232
2022-10-05,2317,52597518,5601502334,105.5,107.5,105.0,107.0,4.5,24801,102.8,103.55,105.62500000000003,46.14379084967312,28.316993464052285,63.23145604885478,53.52464547654156,111.16462995153815,105.62500000000003,100.08537004846191,-1.4450163812930015,-1.3603169177308163,-0.08469946356218516
2022-10-06,2317,28164289,3022608414,108.0,108.5,106.5,107.5,0.5,9528,104.0,103.6,105.70000000000002,71.63398692810449,46.884531590413935,64.98209812446535,54.79469032519633,111.29821400091042,105.70000000000002,100.10178599908961,-1.0769950055962028,-1.3036525353038937,0.22665752970769093
2022-10-07,2317,22004516,2360964734,107.0,108.0,106.5,107.5,0.0,8626,105.1,103.7,105.72500000000002,89.93464052287572,69.23747276688452,64.98209812446535,54.79469032519633,111.35061107791657,105.72500000000002,100.09938892208348,-0.7763857225791071,-1.1981991727589363,0.4218134501798292
2022-10-11,2317,37777028,3947147436,105.0,105.5,104.0,104.0,-3.5,17666,105.7,103.7,105.50000000000003,74.50980392156853,78.69281045751633,44.702981293584756,44.8455959141744,111.02268050859168,105.50000000000003,99.97731949140838,-0.811220207707251,-1.1208033797485992,0.3095831720413482
2022-10-12,2317,39428854,4078843113,104.0,104.5,102.5,103.0,-1.0,14435,105.8,103.65,105.15000000000002,56.86274509803912,73.76906318082787,40.49094622175555,42.4727367617536,110.36632054229653,105.15000000000002,99.9336794577035,-0.9090395882753768,-1.0784506214539546,0.16941103317857786
2022-10-13,2317,32316574,3346175558,103.5,104.5,102.5,103.5,0.5,11606,105.1,103.95,104.95000000000002,41.1764705882352,57.51633986928102,43.59134819738612,44.06633958323544,110.09684369298151,104.95000000000002,99.80315630701853,-0.9354332387116528,-1.0498471449054942,0.1144139061938414
2022-10-14,2317,25127634,2636770751,104.5,105.5,104.5,105.0,1.5,9995,104.6,104.3,104.80000000000003,44.240196078431275,47.42647058823527,52.29102452400096,48.66106118157392,109.75378643059824,104.80000000000003,99.84621356940181,-0.8257936971593125,-1.0050364553562579,0.17924275819694535
2022-10-17,2317,28401379,2977431995,104.0,105.5,104.0,105.0,0.0,9575,104.1,104.6,104.67500000000003,47.86010558069373,44.42559074912014,52.29102452400096,48.66106118157392,109.47369774000978,104.67500000000003,99.87630225999027,-0.7304830170580772,-0.9501257676966217,0.21964275063854455
2022-10-18,2317,39455842,4109787801,105.5,106.0,103.0,103.5,-1.5,19163,104.0,104.85,104.50000000000003,39.69017094017085,43.930157533098686,43.21862961425435,44.428377795921975,109.20106370941481,104.50000000000003,99.79893629058525,-0.7671429341633029,-0.9135292009899579,0.146386266826655
2022-10-19,2317,54152038,5612465128,104.0,105.0,103.0,103.0,-0.5,15893,104.0,104.9,104.22500000000002,23.71794871794863,37.08940841293781,40.48691682638982,43.08312220609656,108.58934416607799,104.22500000000002,99.86065583392205,-0.8270087617054145,-0.8962251131330492,0.06921635142763471
2022-10-20,2317,58306844,5951493644,103.0,103.5,101.0,102.5,-0.5,22034,103.8,104.45,104.00000000000003,15.476190476190387,26.29477004477003,37.70639775776233,41.722615890661196,108.23083916025885,104.00000000000003,99.7691608397412,-0.9043736264554241,-0.8978548157975241,-0.006518810657899943
2022-10-21,2317,24536653,2524575133,102.5,103.5,102.0,103.5,1.0,8983,103.5,104.05,103.82500000000002,26.587301587301496,21.927146927146907,46.31001771443485,45.43395428802821,107.82843602421588,103.82500000000002,99.82156397578416,-0.8749087925535264,-0.8932656111487246,0.01835681859519822
2022-10-24,2317,29141002,3013138437,104.5,104.5,102.5,103.0,-0.5,9666,103.1,103.6,103.65000000000002,37.14285714285705,26.40211640211638,42.85716534981873,43.927614952725655,107.47230297072147,103.65000000000002,99.82769702927857,-0.8817393780428802,-0.8909603645275557,0.009220986484675509
2022-10-25,2317,38858324,3993757410,103.0,103.5,101.5,103.5,0.5,11904,103.1,103.55,103.62500000000003,46.66666666666657,36.798941798941776,47.43002257962118,45.860651172449515,107.4443585848909,103.62500000000003,99.80564141510915,-0.8371566244742183,-0.8801996165168882,0.043042992042669814
2022-10-26,2317,28329890,2937155193,104.0,104.5,103.0,104.0,0.5,8880,103.3,103.65,103.65000000000002,49.99999999999991,44.60317460317458,51.91898792205344,47.79866665273247,107.47230297072147,103.65000000000002,99.82769702927857,-0.7528008303737153,-0.8547198592882536,0.1019190289145383
2022-10-27,2317,31344230,3275026065,105.0,105.0,104.0,104.0,0.0,8827,103.6,103.7,103.82500000000002,56.66666666666657,51.111111111111086,51.918987922053425,47.79866665273247,107.36442085657941,103.82500000000002,100.28557914342062,-0.6781311816582303,-0.8194021237622489,0.14127094210401858
2022-10-28,2317,22278147,2313697404,104.5,104.5,103.0,104.0,0.0,9030,103.7,103.6,103.95000000000002,59.99999999999991,55.555555555555536,51.918987922053425,47.79866665273247,107.32490740613609,103.95000000000002,100.57509259386394,-0.6119013294548381,-0.7779019649007667,0.16600063544592858
2022-10-31,2317,53476790,5461306704,101.5,103.0,101.5,102.5,-1.5,16740,103.6,103.35,103.97500000000002,52.49999999999991,56.388888888888864,36.906001776072166,42.145741700550104,107.29877797092088,103.97500000000002,100.65122202907916,-0.6726967292447199,-0.7568609177695573,0.08416418852483742
2022-11-01,2317,52125801,5282805586,101.5,102.0,100.5,101.5,-1.0,26058,103.2,103.15,104.00000000000003,39.90740740740731,50.80246913580245,30.129719550282402,38.84727977460032,107.24037034920059,104.00000000000003,100.75962965079947,-0.792434472906379,-0.7639756287969217,-0.028458844109457315
2022-11-02,2317,35124774,3566618886,101.5,102.0,101.0,102.0,0.5,12819,102.8,103.05,103.97500000000002,31.01851851851843,41.14197530864195,36.88922320240104,41.32015071840088,107.26855431107214,103.97500000000002,100.68144568892791,-0.837329463263444,-0.7786463956902262,-0.05868306757321784
2022-11-03,2317,42249526,4267316533,101.0,101.5,100.5,101.0,-1.0,17786,102.2,102.9,103.67500000000003,22.222222222222133,31.04938271604936,30.095591625942653,38.009646252328494,106.90416397848983,103.67500000000003,100.44583602151022,-0.9427334646740917,-0.8114638094869993,-0.13126965518709244
2022-11-04,2317,49148814,4918094984,100.0,101.0,99.5,100.5,-0.5,33397,101.5,102.6,103.32500000000002,20.875420875420787,24.705387205387183,27.176105020394342,36.43769919475538,106.32957983751295,103.32500000000002,100.32042016248708,-1.054457585839998,-0.860062564757599,-0.19439502108239903
2022-11-07,2317,40826295,4088713099,100.5,101.0,99.8,100.0,-0.5,23472,101.0,102.3,102.95000000000002,12.794612794612705,18.630751964085274,24.413147735824207,34.88404072962174,105.63141753555612,102.95000000000002,100.26858246444391,-1.1698601584247967,-0.9220220834910385,-0.2478380749337582
2022-11-08,2317,30439852,3046907124,100.0,100.5,100.0,100.0,0.0,17953,100.7,101.95,102.75000000000003,12.121212121212032,15.263748597081907,24.413147735824207,34.88404072962174,105.67403830343949,102.75000000000003,99.82596169656057,-1.2469435396986484,-0.9870063747325605,-0.2599371649660879
2022-11-09,2317,42446062,4313824989,100.0,102.5,100.0,102.5,2.5,17078,100.8,101.8,102.72500000000002,26.060606060605974,16.992143658810303,55.324582436706095,47.792558833569494,105.64861078120514,102.72500000000002,99.80138921879491,-1.0936961200163466,-1.0083443237893177,-0.08535179622702893
2022-11-10,2317,39874839,4016631941,101.0,101.5,100.5,100.5,-2.0,20790,100.7,101.45,102.57500000000002,32.554112554112464,23.578643578643554,40.04126920058926,40.820761995193806,105.62909561081263,102.57500000000002,99.52090438918741,-1.1207108639117962,-1.0308176318138134,-0.08989323209798283
2022-11-11,2317,90276048,9085057365,101.5,102.5,100.0,100.0,-0.5,44969,100.6,101.05,102.32500000000002,35.07936507936499,31.231361231361205,37.05561062881312,39.27813820208777,105.36268003581458,102.32500000000002,99.28731996418546,-1.1689906676599549,-1.0584522389830417,-0.1105384286769131
2022-11-14,2317,67217227,6754151364,99.5,101.5,99.5,101.5,1.5,24864,100.9,100.95,102.15000000000002,37.30158730158721,34.97835497835495,50.08279623038278,45.885098926602126,104.94463772249343,102.15000000000002,99.35536227750661,-1.073836774098993,-1.061529146006232,-0.01230762809276098
2022-11-15,2317,47027211,4779761515,101.5,102.5,101.0,101.5,0.0,16800,101.2,100.95,102.05000000000003,49.999999999999915,40.79365079365076,50.082796230382776,45.885098926602126,104.7867864366778,102.05000000000003,99.31321356332225,-0.987048546675453,-1.0466330261400763,0.0595844794646232
2022-11-16,2317,46862982,4768522978,101.5,102.5,101.0,101.5,0.0,20569,101.0,100.9,101.97500000000002,66.66666666666659,51.322751322751294,50.08279623038278,45.88509892660213,104.6856272336826,101.97500000000002,99.26437276631745,-0.9078036557119873,-1.0188671520544585,0.11106349634247126
2022-11-17,2317,26583078,2695972528,101.5,102.0,101.0,101.5,0.0,12390,101.2,100.95,101.92500000000003,66.66666666666659,61.111111111111086,50.08279623038278,45.885098926602126,104.63193553672372,101.92500000000003,99.21806446327633,-0.8353718618721047,-0.9821680940179878,0.1467962321458831
2022-11-18,2317,45343250,4593844884,101.5,102.5,100.5,100.5,-1.0,23533,101.3,100.95,101.77500000000002,55.55555555555548,62.96296296296294,39.887005584276814,41.80618399308331,104.4484808770561,101.77500000000002,99.10151912294394,-0.8488754779591119,-0.9555095708062126,0.10663409284710068
2022-11-21,2317,30472000,3062313373,101.0,101.5,100.0,100.0,-0.5,15281,101.0,100.95,101.62500000000003,38.88888888888881,53.70370370370369,35.65305413681208,39.896495998326756,104.34299558498086,101.62500000000003,98.9070044150192,-0.8896674794180655,-0.9423411525285832,0.05267367311051774
2022-11-22,2317,28582534,2864959737,100.0,100.5,100.0,100.5,0.5,15095,100.8,101.0,101.47500000000002,27.777777777777697,40.740740740740726,42.74368130940646,42.7145598431047,104.09177282162243,101.47500000000002,98.85822717837762,-0.8716023241005217,-0.9281933868429709,0.05659106274244918
2022-11-23,2317,32079101,3239173343,101.0,101.5,100.5,100.5,0.0,15745,100.6,100.8,101.30000000000003,27.777777777777697,31.481481481481463,42.74368130940646,42.7145598431047,103.67486841740289,101.30000000000003,98.92513158259716,-0.8475159223662558,-0.9120578939476279,0.06454197158137209
2022-11-24,2317,42611350,4279895317,100.5,101.0,100.0,101.0,0.5,21615,100.5,100.85,101.15000000000002,38.88888888888881,31.481481481481463,50.21128421292295,45.66895421629355,103.1773134932679,101.15000000000002,99.12268650673214,-0.7791004689007508,-0.8854664089382525,0.10636594003750166
2022-11-25,2317,35032161,3524752085,100.5,101.0,100.0,100.5,-0.5,16153,100.5,100.9,100.97500000000002,34.444444444444365,33.70370370370369,43.58007728835512,43.26594681422523,102.5394487847099,100.97500000000002,99.41055121529014,-0.7565060199588345,-0.8596743311423689,0.10316831118353442
2022-11-28,2317,47154746,4716021374,100.5,100.5,99.6,100.0,-0.5,25143,100.5,100.75,100.85000000000002,27.93103448275859,33.75478927203065,37.76184279670613,40.94573619946987,102.3025839046261,100.85000000000002,99.39741609537394,-0.7700687050332959,-0.8417532059205544,0.07168450088725842
2022-11-29,2317,34334057,3434389648,100.0,100.5,99.7,100.0,0.0,19657,100.4,100.6,100.77500000000002,15.862068965517267,26.079182630906804,37.76184279670613,40.94573619946987,102.24043508897005,100.77500000000002,99.30956491103,-0.7719190286097728,-0.8277863704583981,0.055867341848625296
2022-11-30,2317,89148734,8977234174,100.5,101.5,100.0,100.5,0.5,17838,100.4,100.5,100.70000000000002,19.540229885057542,21.111111111111196,47.33245797521237,44.403520183367185,102.0564659966211,100.70000000000002,99.34353400337893,-0.7246858743906728,-0.8071662712448531,0.0824803968541803
2022-12-01,2317,68347930,7001482266,101.5,103.0,101.5,103.0,2.5,25731,100.8,100.65,100.80000000000003,48.27586206896553,27.89272030651351,72.2366298877998,57.730422005162985,102.48522995462994,100.80000000000003,99.11477004537011,-0.47999111396954675,-0.7417312397897918,0.2617401258202451
2022-12-02,2317,77966393,8196980095,103.0,106.0,103.0,105.5,2.5,37773,101.8,101.15,101.05000000000003,74.40732758620685,47.40780651341004,82.10737452011449,66.40329955023148,103.69386081327734,101.05000000000003,98.40613918672271,-0.08337851120120376,-0.6100606940720742,0.5266821828708704
2022-12-05,2317,46083936,4890939475,106.5,107.0,105.5,105.5,0.0,21284,102.9,101.7,101.32500000000002,90.63907657657649,71.10742207724968,82.10737452011448,66.40329955023147,104.55416397849095,101.32500000000002,98.09583602150909,0.22830804095292478,-0.4423869470670744,0.6706949880199992
2022-12-06,2317,55270666,5718145431,104.0,104.5,102.5,103.0,-2.5,28597,103.5,101.95,101.47500000000002,72.62105855855849,79.22248757378067,55.33149615220323,53.63927648136927,104.72269148780775,101.47500000000002,98.2273085121923,0.270474906134055,-0.2998145764268485,0.5702894825609035
2022-12-07,2317,44811782,4602965359,102.5,104.0,102.0,102.0,-1.0,22576,103.8,102.1,101.45000000000002,52.702702702702645,71.98761261261261,48.023151801861076,49.53745909092683,104.67335229225604,101.45000000000002,98.226647707744,0.22065720898383745,-0.1957202193447113,0.41637742832854874
2022-12-08,2317,31027361,3161754629,102.0,102.5,101.5,101.5,-0.5,17802,103.5,102.15,101.50000000000003,34.68468468468463,53.33614864864865,44.58773971290264,47.57835495898694,104.69374388453042,101.50000000000003,98.30625611546964,0.139225597723879,-0.1287310559309932,0.2679566536548722
2022-12-09,2317,33294761,3406859417,102.5,103.0,102.0,102.0,0.5,11747,102.8,102.3,101.60000000000002,29.871652474392125,39.0863466205932,48.85617022168079,49.71979309898089,104.72409987035952,101.60000000000002,98.47590012964052,0.11372532568003635,-0.0802397796087873,0.19396510528882366
2022-12-12,2317,19498779,1982855426,102.0,102.0,101.0,102.0,0.0,9634,102.1,102.5,101.62500000000003,28.58465118739082,31.046996115489254,48.8561702216808,49.719793098980894,104.75349804218844,101.62500000000003,98.49650195781162,0.09245046495418308,-0.04570173069619322,0.13815219565037629
2022-12-13,2317,34807666,3530853812,102.0,102.5,101.0,101.0,-1.0,16396,101.7,102.6,101.60000000000002,20.02609262883224,26.160798763538455,40.387215088685274,45.41643677020761,104.74006369361815,101.60000000000002,98.45993630638189,-0.005043519545594677,-0.03757008846607351,0.03252656892047883
2022-12-14,2317,24772267,2530062580,101.5,102.5,101.0,102.5,1.5,9297,101.8,102.8,101.65000000000002,17.85714285714275,22.155962224455333,54.26198459190636,52.11191237639481,104.81385840390932,101.65000000000002,98.48614159609072,0.03828790022859607,-0.02239849072713959,0.060686390955735664
2022-12-15,2317,27539463,2802889858,101.5,102.5,101.5,101.5,-1.0,10331,101.8,102.65,101.65000000000002,11.111111111111008,16.331448865695396,45.94476884059672,47.89403097520755,104.81385840390932,101.65000000000002,98.48614159609072,-0.0079713908341148,-0.019513070748534634,0.011541679914419834
2022-12-16,2317,72581761,7307497834,100.5,101.5,100.0,100.5,-1.0,27944,101.5,102.15,101.65000000000002,14.81481481481471,14.594356261022886,38.97504312037923,44.0540597262095,104.81385840390932,101.65000000000002,98.48614159609072,-0.12389566285379772,-0.04038958916958725,-0.08350607368421047
2022-12-19,2317,29579834,2990882519,100.5,102.0,100.5,101.5,1.0,10973,101.4,101.75,101.72500000000002,18.981481481481378,14.969135802469095,48.15127694210678,48.50070559993982,104.79867857785754,101.72500000000002,98.6513214221425,-0.13353552654039902,-0.059018776643749604,-0.07451674989664941
2022-12-20,2317,45367320,4556752819,101.0,101.5,100.0,100.0,-1.5,21274,101.2,101.45,101.70000000000002,16.2037037037036,16.666666666666625,38.12015158383386,42.98212047207942,104.82089730686397,101.70000000000002,98.57910269313606,-0.25922447357075384,-0.09905991602915046,-0.1601645575416034
2022-12-21,2317,28064923,2815313181,101.0,101.0,100.0,100.0,0.0,13945,100.7,101.25,101.67500000000003,12.499999999999895,15.895061728395019,38.12015158383385,42.98212047207943,104.84162280671097,101.67500000000003,98.50837719328908,-0.3547445947646679,-0.15019685177625397,-0.20454774298841394
2022-12-22,2317,21298650,2147374947,101.0,101.0,100.5,101.0,1.0,7969,100.6,101.2,101.67500000000003,13.33333333333323,14.012345679012304,47.957962297174674,47.59264208870594,104.84162280671097,101.67500000000003,98.50837719328908,-0.34576754333808424,-0.18931099008862,-0.15645655324946423
2022-12-23,2317,15490469,1557178104,100.0,101.0,100.0,101.0,0.0,6696,100.7,101.1,101.70000000000002,26.66666666666656,17.499999999999957,47.95796229717467,47.592642088705944,104.83687742826993,101.70000000000002,98.5631225717301,-0.3347938700740798,-0.21840756608571196,-0.11638630398836783
2022-12-26,2317,8798497,887900694,101.5,101.5,100.5,101.0,0.0,5888,100.6,101.0,101.75000000000003,39.99999999999989,26.666666666666625,47.957962297174674,47.59264208870595,104.80777697028036,101.75000000000003,98.6922230297197,-0.3223809480572868,-0.23920224248002692,-0.08317870557725987
2022-12-27,2317,8915931,897847206,101.0,101.5,100.5,100.5,-0.5,5964,100.7,100.95,101.77500000000002,33.33333333333323,33.33333333333329,42.582775524612636,45.30489413832687,104.7829062485367,101.77500000000002,98.76709375146334,-0.34886790718307736,-0.26113537542063703,-0.08773253176244034
2022-12-28,2317,23260583,2332393166,100.5,100.5,100.0,100.5,0.0,12398,100.8,100.75,101.77500000000002,28.33333333333323,33.88888888888885,42.58277552461264,45.30489413832687,104.7829062485367,101.77500000000002,98.76709375146334,-0.3656440955900848,-0.2820371194545266,-0.08360697613555823
2022-12-29,2317,38383359,3829311707,100.0,100.0,99.5,99.7,-0.8,36241,100.53999999999999,100.57000000000001,101.61000000000003,17.6666666666666,26.444444444444418,34.22810612519749,41.59470729027279,104.69214211222993,101.61000000000003,98.52785788777012,-0.43843861248343785,-0.3133174180603088,-0.12512119442312902
2022-12-30,2317,18189761,1818159658,100.0,100.5,99.8,99.9,0.2,9852,100.32000000000001,100.51,101.33000000000003,17.666666666666696,21.222222222222243,37.78814897826657,42.85466547786881,103.92699826722729,101.33000000000003,98.73300173277276,-0.4745204862604737,-0.34555803170034183,-0.1289624545601319
2023-01-03,2317,47341828,4674470643,99.9,99.9,98.0,99.1,-0.8,37746,99.94000000000001,100.27000000000001,101.01000000000002,19.809523809523782,18.380952380952426,30.16793393106123,39.21086164139968,102.97254936243328,101.01000000000002,99.04745063756675,-0.5611997835358125,-0.38868638206743594,-0.17251340146837651
2023-01-04,2317,42812802,4206947798,98.0,98.7,98.0,98.1,-1.0,34793,99.46000000000001,100.08000000000001,100.76500000000001,18.095238095237978,18.52380952380955,23.312227845902232,35.1837497302137,102.88940579927406,100.76500000000001,98.64059420072597,-0.7024875545232021,-0.4514466165585892,-0.2510409379646129
2023-01-05,2317,37046103,3637807642,98.1,98.9,98.0,98.0,-0.1,26593,98.96000000000001,99.88000000000001,100.56500000000003,11.428571428571216,16.44444444444439,22.71012195241848,34.79885939543443,102.92658844847712,100.56500000000003,98.20341155152293,-0.8131547533933912,-0.5237882439255496,-0.2893665094678416
2023-01-06,2317,20649438,2035341101,98.3,98.8,98.3,98.4,0.4,16660,98.70000000000002,99.62,100.41000000000003,4.761904761904657,11.42857142857135,31.02383318745424,37.73310696372168,102.9087196721481,100.41000000000003,97.91128032785196,-0.8586842709880642,-0.5907674493380525,-0.26791682165001174
2023-01-09,2317,34166209,3390702893,99.2,99.6,98.9,99.1,0.7,19622,98.54000000000003,99.43,100.26500000000001,14.28571428571418,10.158730158730085,43.44419718586689,42.60128509747043,102.71389771121336,100.26500000000001,97.81610228878667,-0.8287295138786135,-0.6383598622461647,-0.1903696516324488
2023-01-10,2317,21706054,2157139787,99.4,99.8,99.1,99.4,0.3,10304,98.60000000000002,99.27000000000001,100.13500000000002,32.95238095238093,17.33333333333332,48.11554822415685,44.600337960257974,102.47532049087069,100.13500000000002,97.79467950912935,-0.7718848521674744,-0.6650648602304267,-0.10681999193704772
2023-01-11,2317,22096447,2195950633,99.8,99.8,99.1,99.1,-0.3,10725,98.80000000000003,99.13000000000001,100.04000000000002,43.809523809523654,30.349206349206316,43.88649616526692,42.98800732045734,102.38640150016778,100.04000000000002,97.69359849983226,-0.7424836516568263,-0.6805486185157066,-0.0619350331411197
2023-01-12,2317,22014869,2179239269,99.1,99.5,98.6,98.6,-0.5,15225,98.92000000000003,98.94000000000001,99.84500000000001,41.33333333333316,39.36507936507931,37.48085481250145,40.368656401714865,101.97992388622764,99.84500000000001,97.71007611377239,-0.750873210782018,-0.6946135369689689,-0.05625967381304908
2023-01-13,2317,18652790,1845839426,99.0,99.5,98.6,98.6,0.0,11985,98.96000000000004,98.83000000000001,99.70000000000002,33.192982456139966,39.44527986633232,37.48085481250145,40.368656401714865,101.75815451314585,99.70000000000002,97.64184548685418,-0.748889267523623,-0.7054686830798997,-0.04342058444372321
2023-01-16,2317,32736172,3226475964,98.6,99.2,98.1,98.1,-0.5,24717,98.76000000000003,98.65,99.58000000000001,20.378167641325128,31.63482781026614,31.268785379176006,37.70421804898129,101.71597752796887,99.58000000000001,97.44402247203115,-0.7786865852838645,-0.7201122635206927,-0.05857432176317179
2023-01-17,2317,28810658,2829914291,98.2,98.5,98.1,98.1,0.0,18708,98.50000000000004,98.55000000000001,99.41,14.230019493176954,22.600389863547406,31.268785379176006,37.70421804898129,101.44656573672361,99.41,97.37343426327638,-0.7931581409617365,-0.7347214390089014,-0.058436701952835124
2023-01-30,2317,88808349,8751639423,99.6,99.7,98.0,98.1,0.0,47704,98.30000000000004,98.55000000000001,99.315,5.555555555555151,13.387914230019135,31.268785379176013,37.70421804898128,101.40906303629863,99.315,97.22093696370136,-0.7954574151713274,-0.7468686342413866,-0.04858878092994079
2023-01-31,2317,82451939,8235695667,98.3,101.0,98.2,99.7,1.6,31359,98.52000000000004,98.72000000000001,99.3,22.592592592592325,14.126055880441534,62.69076354510618,50.707340688246106,101.37846096907909,99.3,97.22153903092091,-0.6605584714304484,-0.729606601679199,0.06904813024875056
2023-02-01,2317,40082663,4014650015,100.5,101.0,99.8,100.0,0.3,16606,98.80000000000004,98.88000000000002,99.25,42.9629629629628,23.703703703703482,66.08270802758636,52.700894222993696,101.20703857907482,99.25,97.29296142092518,-0.5234090599932273,-0.6883670933420046,0.16495803334877734
2023-02-02,2317,51715604,5183855801,100.5,101.0,100.0,100.0,0.0,24174,99.18000000000004,98.97000000000001,99.2,63.33333333333328,42.962962962962855,66.08270802758636,52.700894222993696,101.02208671582478,99.2,97.37791328417522,-0.40999104180176005,-0.6326918830339557,0.2227008412321957
2023-02-03,2317,43915390,4379946034,100.0,100.5,99.5,99.6,-0.4,24321,99.48000000000005,98.99000000000002,99.13,62.222222222222065,56.17283950617277,56.72371069679888,49.599002058271516,100.76841386712607,99.13,97.49158613287392,-0.34836734046312756,-0.5758269745197901,0.22745963405666259
2023-02-06,2317,50479656,5122110765,100.5,102.0,100.5,101.5,1.9,23715,100.16000000000004,99.23000000000002,99.17999999999999,69.16666666666652,64.90740740740735,75.75342555969245,61.26228897755909,101.02997297277442,99.17999999999999,97.33002702722557,-0.14454971302728836,-0.4895715222212898,0.34502180919400144
2023-02-07,2317,31412710,3171480698,102.0,102.0,100.5,100.5,-1.0,16026,100.32000000000004,99.42000000000002,99.17999999999999,67.77777777777762,66.38888888888879,59.64802523622714,54.15865209599785,101.02997297277442,99.17999999999999,97.33002702722557,-0.06298832728096215,-0.4042548832332243,0.34126655595226213
2023-02-08,2317,25572350,2572849160,100.5,101.0,100.5,100.5,0.0,12039,100.42000000000004,99.61000000000001,99.22,70.83333333333324,69.25925925925918,59.64802523622714,54.15865209599784,101.14623986045066,99.22,97.29376013954933,0.0016308590135309942,-0.32307773478387325,0.32470859379740424
2023-02-09,2317,29347314,2961597502,100.5,101.5,100.0,101.0,0.5,11842,100.62000000000003,99.9,99.27499999999999,66.66666666666657,68.42592592592587,64.74849825598498,57.04681868814774,101.3340046138841,99.27499999999999,97.21599538611588,0.09212588122130683,-0.24003701158283725,0.33216289280414407
2023-02-10,2317,25620289,2599062864,101.5,102.0,100.5,101.5,0.5,12161,101.00000000000004,100.24000000000001,99.395,74.78070175438587,70.76023391812862,69.27883179186293,59.77601419281899,101.66786163239047,99.395,97.12213836760952,0.20186271193998095,-0.1516570668782736,0.3535197788182546
2023-02-13,2317,18497222,1875032750,101.5,102.0,101.0,101.0,-0.5,8575,100.90000000000005,100.53,99.53999999999999,73.94736842105253,71.79824561403505,60.24593419396641,55.94771106041369,101.83381777828971,99.53999999999999,97.24618222171027,0.24565239171170106,-0.07219517516027865,0.3178475668719797
2023-02-14,2317,18440692,1877679340,101.5,102.0,101.5,102.0,1.0,10403,101.20000000000005,100.76,99.74,82.28070175438587,77.00292397660814,69.51915038086693,61.28772875956163,102.15611258015824,99.74,97.32388741984175,0.3569331676956864,0.013630493410914352,0.343302674284772
2023-02-15,2317,38436177,3925070338,102.0,102.5,101.5,102.5,0.5,17123,101.60000000000005,101.01,99.945,86.66666666666657,80.96491228070171,73.16994342765538,63.65974098716356,102.5591729093535,99.945,97.33082709064648,0.47993738628490235,0.10689187198571196,0.3730455142991904
2023-02-16,2317,39872101,4115677752,103.0,103.5,102.5,103.5,1.0,18244,102.10000000000005,101.36,100.16499999999999,99.9999999999999,89.64912280701749,79.03035386826168,67.89651354148644,103.1691804206803,100.16499999999999,97.16081957931968,0.6506109206635102,0.21563568172127162,0.4349752389422386
2023-02-17,2317,28987254,2989845607,103.0,103.5,102.5,103.5,0.0,13156,102.50000000000004,101.75,100.36999999999999,99.9999999999999,95.5555555555555,79.03035386826168,67.89651354148644,103.681253539069,100.36999999999999,97.05874646093098,0.7769151322631132,0.3278915718296399,0.44902356043347325
2023-02-20,2317,22229942,2291386991,103.5,104.0,102.5,103.0,-0.5,13457,102.90000000000005,101.9,100.565,91.66666666666657,97.22222222222217,68.80271049438733,63.59696465792906,104.01073649601791,100.565,97.11926350398208,0.8271316498153567,0.42773958742678325,0.39939206238857344
2023-02-21,2317,13906642,1427077845,102.5,103.0,102.5,102.5,-0.5,8104,103.00000000000004,102.1,100.76,79.16666666666657,90.27777777777773,59.77734024968089,59.53678300174439,104.18017543409472,100.76,97.33982456590529,0.8171630336547082,0.5056242766723682,0.31153875698234
2023-02-22,2317,26465654,2693882799,102.0,102.5,101.5,102.0,-0.5,12340,102.90000000000005,102.25,100.93,60.11904761904753,76.98412698412695,51.84322858236777,55.706757709569075,104.24004531690855,100.93,97.61995468309146,0.7601544251680963,0.5565303063715138,0.2036241187965825
2023-02-23,2317,20893415,2146712771,102.0,103.0,102.0,103.0,1.0,9364,102.80000000000004,102.45,101.17500000000001,57.34126984126974,65.54232804232801,63.23063129991795,61.09706281971932,104.33276819921684,101.17500000000001,98.01723180078318,0.7865989122493318,0.6025440275470774,0.1840548847022544
2023-02-24,2317,54293618,5520468409,103.0,103.5,101.0,101.0,-2.0,24077,102.30000000000004,102.4,101.32000000000002,36.507936507936414,51.32275132275129,40.747891193773434,48.40850585751365,104.1488513569956,101.32000000000002,98.49114864300444,0.6388092777716565,0.6097970775919932,0.029012200179663328
2023-03-01,2317,48149835,4893501805,100.0,103.0,100.0,102.0,1.0,14119,102.10000000000005,102.5,101.51500000000001,38.88888888888879,44.24603174603171,50.92644422216879,53.59755145258934,103.93762254591776,101.51500000000001,99.09237745408227,0.5955118800723938,0.6069400380880733,-0.011428158015679535
2023-03-02,2317,27936296,2858642381,102.5,103.0,101.5,102.5,0.5,9933,102.10000000000005,102.55,101.65500000000002,37.4999999999999,37.6322751322751,55.396079245499564,55.98151265455472,103.9627911517269,101.65500000000002,99.34720884827313,0.5946889972017715,0.6044898299108129,-0.009800832709041418
2023-03-03,2317,29276021,3019226308,103.5,104.0,102.5,102.5,0.0,12785,102.20000000000005,102.55,101.78000000000002,58.333333333333236,44.90740740740737,55.396079245499564,55.98151265455472,103.98417785126114,101.78000000000002,99.5758221487389,0.5872672058108037,0.6010453050908111,-0.013778099280007394
2023-03-06,2317,38599819,3995898779,103.0,104.0,102.5,103.5,1.0,18452,102.30000000000004,102.55,101.95500000000001,70.83333333333324,55.55555555555552,64.25798524151234,60.66854220136051,104.12154102199592,101.95500000000001,99.7884589780041,0.654531987988122,0.6117426416702733,0.0427893463178487
2023-03-07,2317,72773055,7636342931,103.5,106.0,103.5,105.0,1.5,32304,103.10000000000005,102.7,102.22500000000002,77.77777777777769,68.98148148148145,73.47905246927965,66.44084989365807,104.4938102609027,102.22500000000002,99.95618973909734,0.8194313815687764,0.6532803896499739,0.16615099191880245
2023-03-08,2317,31871831,3327789129,104.5,105.0,104.0,104.0,-1.0,15640,103.50000000000004,102.8,102.35000000000002,79.16666666666657,75.92592592592591,61.198957787425755,60.107525896811666,104.71854385646094,102.35000000000002,99.9814561435391,0.85951573401438,0.6945274585228551,0.16498827549152484
2023-03-09,2317,62246571,6408341852,104.0,104.5,102.0,102.5,-1.5,26740,103.50000000000004,102.8,102.45000000000002,63.8888888888888,73.61111111111109,47.35051543366288,52.087016509791816,104.6613344387462,102.45000000000002,100.23866556125384,0.7614676826938194,0.707915503357048,0.053552179336771366
2023-03-10,2317,28023340,2855815664,102.0,102.5,101.5,102.0,-0.5,14965,103.40000000000005,102.8,102.52500000000002,47.222222222222136,63.4259259259259,43.5206962445633,49.70608927207414,104.56154118543786,102.52500000000002,100.48845881456218,0.636085674591456,0.6935495376039296,-0.057463863012473526
2023-03-13,2317,23735276,2433153486,102.0,103.5,101.5,103.0,1.0,10260,103.30000000000004,102.8,102.62500000000003,41.66666666666658,50.9259259259259,52.487509775640284,54.213893384295744,104.54528643696149,102.62500000000003,100.70471356303857,0.610375147735283,0.6769146596302003,-0.06653951189491725
2023-03-14,2317,32014406,3267067677,102.0,102.5,101.5,102.0,-1.0,12409,102.70000000000005,102.9,102.65000000000002,31.481481481481392,40.123456790123434,44.28491257542387,49.44160306523151,104.52349939951426,102.65000000000002,100.77650060048578,0.5035036506515524,0.6422324578344707,-0.13872880718291825
2023-03-15,2317,21152568,2169924790,102.5,103.0,102.0,102.5,0.5,11367,102.40000000000005,102.95,102.72500000000002,27.777777777777686,33.64197530864195,48.93965796597017,51.729581920310665,104.4418284713332,102.72500000000002,101.00817152866685,0.4539205272879343,0.6045700717251634,-0.1506495444372291
2023-03-16,2317,27823368,2851039319,102.5,103.0,102.0,102.0,-0.5,12437,102.30000000000004,102.9,102.72500000000002,14.814814814814724,24.69135802469134,44.59317211116756,49.32568141783039,104.4418284713332,102.72500000000002,101.00817152866685,0.370014427475553,0.5576589428752413,-0.1876445153996883
2023-03-17,2317,62542797,6479829076,103.0,104.5,102.5,103.5,1.5,19122,102.60000000000005,103.0,102.77500000000002,25.925925925925835,22.83950617283949,57.732010622128236,55.940567334024884,104.52070902500354,102.77500000000002,101.0292909749965,0.4197174612125565,0.5300706465427043,-0.11035318533014782
2023-03-20,2317,21491112,2210421080,103.5,104.0,102.5,102.5,-1.0,10314,102.50000000000004,102.9,102.72500000000002,28.04232804232795,22.92768959435624,48.74213354211462,51.147109003253256,104.4418284713332,102.72500000000002,101.00817152866685,0.37410339976761975,0.4988771971876874,-0.12477379742006767
2023-03-21,2317,21169729,2193540108,103.0,104.0,103.0,103.5,1.0,10812,102.80000000000004,102.75,102.72500000000002,46.56084656084647,33.50970017636683,56.62253017422631,55.27438136811201,104.4418284713332,102.72500000000002,101.00817152866685,0.4138746804045894,0.4818766938310678,-0.06800201342647838
2023-03-22,2317,22619832,2345556939,103.5,104.5,103.0,103.5,0.0,9328,103.00000000000004,102.7,102.75000000000003,53.96825396825388,42.85714285714284,56.62253017422633,55.27438136811201,104.49642491965191,102.75000000000003,101.00357508034814,0.4403179950870566,0.47356495408226557,-0.033246958995208964
2023-03-23,2317,32467261,3366040153,103.0,104.5,103.0,103.5,0.0,10373,103.30000000000004,102.8,102.80000000000003,66.66666666666659,55.731922398589056,56.62253017422631,55.27438136811201,104.57200451466063,102.80000000000003,101.02799548533942,0.4560178228857268,0.4700555278429578,-0.014037704957231001
2023-03-24,2317,70639353,7416784272,104.5,106.0,104.0,105.5,2.0,25165,103.70000000000005,103.15,102.97500000000002,74.07407407407399,64.90299823633156,70.85371641354315,63.068305003412426,105.06006594619492,102.97500000000002,100.88993405380512,0.6226656330084808,0.5005775488760624,0.12208808413241834
2023-03-27,2317,33360546,3472600020,105.0,105.5,103.5,103.5,-2.0,15606,103.90000000000005,103.2,103.00000000000003,64.35185185185178,68.36419753086419,51.24088492919038,53.10275009622528,105.09761769633548,103.00000000000003,100.90238230366458,0.5865900924151077,0.5177800575838715,0.06881003483123627
2023-03-28,2317,24536833,2536665378,104.0,104.0,103.0,103.0,-0.5,11298,103.80000000000004,103.3,103.10000000000002,50.46296296296288,62.962962962962955,47.41297535258797,50.93585149237231,104.98679622640687,103.10000000000002,101.21320377359318,0.511754952720409,0.516575036611179,-0.004820083890769933
2023-03-29,2317,21518974,2227326554,103.0,104.0,103.0,103.5,0.5,8803,103.80000000000004,103.4,103.17500000000003,30.357142857142772,48.390652557319214,51.62876572572803,53.00119856221836,104.99914363468935,103.17500000000003,101.3508563653107,0.487177507629454,0.510695530814834,-0.023518023185379988
2023-03-30,2317,23644023,2461031108,104.0,104.5,103.5,104.5,1.0,7085,104.00000000000004,103.65,103.27500000000002,36.90476190476182,39.2416225749559,59.25117529863565,56.908154800406926,105.15848082017811,103.27500000000002,101.39151917982193,0.542141873924237,0.5169847994367146,0.025157074487522357
2023-03-31,2317,18383489,1916810351,104.5,105.0,104.0,104.0,-0.5,7879,103.70000000000005,103.7,103.35000000000002,39.68253968253959,35.64814814814813,54.26316831036434,54.46998629140013,105.22349939951427,103.35000000000002,101.47650060048578,0.539140829010762,0.5214160053515241,0.017724823659237887
2023-04-06,2317,39285783,4091954496,104.5,105.5,103.0,103.5,-0.5,16621,103.70000000000005,103.8,103.35000000000002,35.71428571428563,37.43386243386242,49.410342143775416,52.06760732002644,105.22349939951427,103.35000000000002,101.47650060048578,0.4907594880784245,0.5152847018969042,-0.02452521381847972
2023-04-07,2317,11913773,1231720055,104.0,104.0,103.0,103.0,-0.5,7332,103.70000000000005,103.75,103.25000000000003,16.666666666666583,30.68783068783068,44.74210617321043,49.70667442539574,104.9675564037246,103.25000000000003,101.53244359627546,0.4073751384809725,0.4937027892137179,-0.0863276507327454
2023-04-10,2317,12576290,1298176099,103.0,104.0,103.0,103.0,0.0,8531,103.60000000000005,103.7,103.20000000000002,5.555555555555469,19.312169312169306,44.74210617321044,49.70667442539574,104.8852299546321,103.20000000000002,101.51477004536794,0.33740306812991605,0.46244284499695754,-0.12503977686704149
2023-04-11,2317,29392861,3036301674,103.5,104.0,103.0,103.5,0.5,12528,103.40000000000005,103.7,103.25000000000003,6.66666666666658,9.62962962962962,51.03838886814556,52.21935563153989,104.90831239517115,103.25000000000003,101.5916876048289,0.3186226361667792,0.4336788032309219,-0.11505616706414268
2023-04-12,2317,20658342,2125490764,103.5,103.5,102.5,102.5,-1.0,14522,103.10000000000005,103.4,103.27500000000002,6.66666666666658,6.296296296296287,40.31887515730503,47.146092156573616,104.8710889699446,103.27500000000002,101.67891103005545,0.22050551555558684,0.3910441456958549,-0.17053863014026804
2023-04-13,2317,23559745,2424959743,102.5,103.5,102.5,103.0,0.5,11631,103.00000000000004,103.35,103.27500000000002,12.222222222222136,8.51851851851851,46.8327461167555,49.773592104431295,104.8710889699446,103.27500000000002,101.67891103005545,0.181006284130234,0.3490365733827307,-0.1680302892524967
2023-04-14,2317,25764557,2679788131,104.0,104.5,103.0,104.5,1.5,12224,103.30000000000004,103.5,103.40000000000002,27.777777777777697,15.555555555555548,61.52892714759827,56.72411542483058,104.9684387141286,103.40000000000002,101.83156128587144,0.2676549628239826,0.3327602512709811,-0.06510528844699848
2023-04-17,2317,15419355,1604349556,104.5,104.5,103.5,104.0,-0.5,8478,103.50000000000004,103.55,103.47500000000002,44.444444444444365,28.14814814814814,55.5568747940158,54.03962923058747,105.0071553445985,103.47500000000002,101.94284465540154,0.2926058653581265,0.3247293740884102,-0.03212350873028369
2023-04-18,2317,16151848,1682286478,104.0,104.5,103.5,104.5,0.5,7834,103.70000000000005,103.55,103.60000000000002,61.11111111111103,44.444444444444436,60.07759612885477,56.26843950392356,105.03527000943487,103.60000000000002,102.16472999056518,0.34870579337936647,0.32952465794660146,0.019181135432765006
2023-04-19,2317,18893968,1965342220,104.5,104.5,103.5,104.0,-0.5,10653,104.00000000000004,103.55,103.62500000000003,63.8888888888888,56.48148148148147,53.704366923380974,53.47569810135047,105.06981832767296,103.62500000000003,102.1801816723271,0.34879883335750606,0.3333794930287824,0.015419340328723663
2023-04-20,2317,19945258,2079062205,103.5,104.5,103.5,104.5,0.5,8798,104.30000000000004,103.65,103.72500000000002,80.55555555555547,68.51851851851849,58.80305863640255,55.83626509429629,105.12052857368822,103.72500000000002,102.32947142631183,0.38478285233345844,0.3436601648897176,0.04112268744374081
2023-04-21,2317,33085440,3461031076,105.0,105.5,104.0,104.0,-0.5,12670,104.20000000000005,103.75,103.75000000000003,74.9999999999999,73.14814814814811,52.10778777149873,52.94336971376913,105.14642400436807,103.75000000000003,102.35357599563199,0.36870443013701504,0.3486690179391771,0.020035412197837943
2023-04-24,2317,18482135,1918190124,104.0,104.5,103.5,103.5,-0.5,8082,104.10000000000005,103.8,103.75000000000003,61.11111111111102,72.22222222222219,45.99765414483729,50.14546625819488,105.14642400436807,103.75000000000003,102.35357599563199,0.3120195759359774,0.3413391295385372,-0.029319553602559778
2023-04-25,2317,29981837,3096473866,103.5,104.0,103.0,103.0,-0.5,12350,103.80000000000004,103.75,103.72500000000002,33.33333333333324,56.481481481481445,40.46229981773884,47.44524988271587,105.15590880212056,103.72500000000002,102.29409119787948,0.22416654685041237,0.3179046130009122,-0.09373806615049984
2023-04-26,2317,34093936,3537109209,103.0,104.5,103.0,103.5,0.5,12389,103.70000000000005,103.85,103.62500000000003,23.333333333333243,39.25925925925923,47.79210919447866,50.32584402336754,104.8029218989285,103.62500000000003,102.44707810107155,0.19266726142039658,0.2928571426848091,-0.10018988126441253
2023-04-27,2317,16743295,1732575022,103.5,104.0,103.0,103.5,0.0,7135,103.50000000000004,103.9,103.62500000000003,18.888888888888797,25.18518518518515,47.792109194478655,50.32584402336754,104.8029218989285,103.62500000000003,102.44707810107155,0.1657926957824145,0.2674442533043302,-0.10165155752191568
2023-04-28,2317,19643921,2046209314,104.0,104.5,103.5,104.5,1.0,6696,103.60000000000005,103.9,103.70000000000002,33.33333333333324,25.18518518518515,60.89701970330821,55.92888156152769,104.89999999999189,103.70000000000002,102.50000000000814,0.2226198287352048,0.2584793683905051,-0.03585953965530031
2023-05-02,2317,50296436,5301337184,104.5,106.0,104.0,106.0,1.5,22045,104.10000000000005,104.1,103.82500000000002,59.99999999999991,37.40740740740737,72.83146390646428,62.72137017863765,105.38304364508298,103.82500000000002,102.26695635491706,0.3842636528009251,0.28363622527258914,0.10062742752833598
2023-05-03,2317,27017028,2851879362,105.5,106.0,105.0,105.5,-0.5,10815,104.60000000000005,104.2,103.87500000000003,81.11111111111101,58.14814814814812,65.10418193159768,59.4331059884735,105.5742645467894,103.87500000000003,102.17573545321066,0.4666425616524066,0.3202374925485526,0.14640506910385398
2023-05-04,2317,12816496,1348173051,105.5,105.5,105.0,105.0,-0.5,8061,104.90000000000005,104.3,103.92500000000003,83.33333333333324,74.81481481481478,57.93315003989955,56.25687932966185,105.69347391837725,103.92500000000003,102.1565260816228,0.4859805379702209,0.35338610163288625,0.13259443633733464
2023-05-05,2317,12635718,1326313874,105.0,105.5,104.5,105.0,0.0,6031,105.20000000000005,104.35,104.00000000000003,72.22222222222213,78.88888888888886,57.93315003989955,56.25687932966186,105.81659021245332,104.00000000000003,102.18340978754674,0.49559313436770935,0.3818275081798509,0.11376562618785846
2023-05-08,2317,10633215,1118390878,105.5,106.0,105.0,105.0,0.0,6543,105.30000000000004,104.45,104.10000000000002,66.66666666666657,74.07407407407403,57.93315003989955,56.25687932966186,105.90554700852132,104.10000000000002,102.29445299147872,0.4974765858544288,0.40495732371476645,0.09251926213966233
2023-05-09,2317,40822363,4326837704,105.0,107.0,104.5,106.5,1.5,17889,105.40000000000005,104.75,104.27500000000002,73.61111111111101,70.8333333333333,72.41026275786473,63.554793893775276,106.28683995386962,104.27500000000002,102.26316004613042,0.6129410953000871,0.44655407803183056,0.16638701726825655
2023-05-10,2317,17540555,1865834176,106.5,107.0,106.0,106.5,0.0,8986,105.60000000000005,105.1,104.42500000000003,80.55555555555544,73.61111111111107,72.41026275786474,63.554793893775276,106.62215725426691,104.42500000000003,102.22784274573314,0.6964196585945643,0.4965271941443773,0.19989246445018705
2023-05-11,2317,21870548,2310508079,106.5,107.0,105.0,105.0,-1.5,9864,105.60000000000005,105.25,104.55000000000003,72.6190476190475,75.59523809523805,49.311679735603455,53.25121899013053,106.57237484161124,104.55000000000003,102.52762515838882,0.6342285653512647,0.5240674683857548,0.11016109696550991
2023-05-12,2317,72076682,7398358087,103.5,104.0,102.0,102.5,-2.5,35447,105.10000000000005,105.15,104.52500000000002,46.78571428571417,66.6534391534391,30.434236689388623,41.24846633406771,106.63390967089164,104.52500000000002,102.4160903291084,0.37884547445862893,0.4950230696003296,-0.11617759514170067
2023-05-15,2317,28337659,2894073030,102.5,103.0,102.0,102.0,-0.5,18204,104.50000000000004,104.9,104.40000000000002,17.619047619047507,45.674603174603114,27.938634628066833,39.33867587462661,106.77907545067023,104.40000000000002,102.0209245493298,0.13455564000476272,0.42292958368121625,-0.2883739436764535
2023-05-16,2317,42174115,4319139417,102.5,103.0,102.0,102.0,0.0,20186,103.60000000000005,104.5,104.30000000000003,3.333333333333222,22.579365079365022,27.938634628066833,39.3386758746266,106.89615099714486,104.30000000000003,101.7038490028552,-0.05837292704603669,0.3266690815357657,-0.3850420085818024
2023-05-17,2317,38916253,3990558925,102.0,103.0,102.0,102.5,0.5,19396,102.80000000000004,104.2,104.20000000000002,3.333333333333222,8.09523809523804,35.17392894478547,42.42999302042793,106.90924343682684,104.20000000000002,101.49075656317319,-0.16897652884316017,0.2275399594599805,-0.3965164883031407
2023-05-18,2317,27750265,2859066325,103.0,103.5,102.5,103.0,0.5,11029,102.40000000000005,104.0,104.15000000000002,9.999999999999888,5.5555555555555,41.97133318351836,45.42508018789432,106.90862284482424,104.15000000000002,101.3913771551758,-0.2138200740820082,0.13926795275158277,-0.353088026833591
2023-05-19,2317,33713208,3461854482,103.0,103.0,102.0,103.0,0.0,12566,102.50000000000004,103.8,104.07500000000002,16.666666666666554,9.999999999999945,41.97133318351837,45.425080187894324,106.87276696670487,104.07500000000002,101.27723303329516,-0.2465172098209223,0.06211092023708176,-0.30862813005800405
2023-05-22,2317,18170383,1866853138,102.5,103.0,102.5,103.0,0.0,9157,102.70000000000005,103.6,104.02500000000002,19.99999999999989,15.5555555555555,41.97133318351836,45.42508018789433,106.86181159049713,104.02500000000002,101.18818840950291,-0.2693253109289486,-0.0041763259961243165,-0.2651489849328243
2023-05-23,2317,22258821,2285492765,103.0,103.0,102.5,102.5,-0.5,10188,102.80000000000004,103.2,103.97500000000002,16.666666666666554,17.777777777777725,35.98033759384659,42.653533198542455,106.88145832586335,103.97500000000002,101.0685416741367,-0.3240117113875982,-0.0681434030744191,-0.2558683083131791
2023-05-24,2317,16034234,1647545401,102.5,103.0,102.5,103.0,0.5,9002,102.90000000000005,102.85,103.97500000000002,26.666666666666554,21.111111111111057,45.119584598280454,46.18927138828323,106.88145832586335,103.97500000000002,101.0685416741367,-0.323278700790965,-0.11917046261772828,-0.2041082381732367
2023-05-25,2317,26400866,2710347354,102.5,103.5,102.5,102.5,-0.5,13709,102.80000000000004,102.6,103.92500000000003,31.111111111111,24.814814814814763,38.677807759853636,43.31333210743205,106.89611090334537,103.92500000000003,100.95388909665468,-0.35890635686720884,-0.1671176414676244,-0.19178871539958445
2023-05-26,2317,36602590,3748110490,102.5,103.0,102.0,102.5,0.0,17727,102.70000000000005,102.6,103.87500000000003,38.88888888888878,32.22222222222217,38.677807759853636,43.31333210743205,106.90608891324196,103.87500000000003,100.8439110867581,-0.3827296616919966,-0.21024004551249884,-0.1724896161794978
2023-05-29,2317,79007460,8268281823,103.5,106.0,103.0,105.5,3.0,28339,103.20000000000005,102.95,103.92500000000003,51.38888888888878,40.46296296296291,71.68827753777485,60.44943084404086,107.02782129681692,103.92500000000003,100.82217870318313,-0.15771681320210007,-0.1997353990504191,0.04201858584831902
2023-05-30,2317,88779354,9504107532,106.5,108.0,106.0,107.0,1.5,41319,104.10000000000005,103.45,103.97500000000002,68.05555555555544,52.777777777777736,78.45403916602574,65.9860295209392,107.2380507197985,103.97500000000002,100.71194928020155,0.14003076681935056,-0.13178216587646516,0.27181293269581575
2023-05-31,2317,59443196,6330618253,107.5,107.5,105.5,106.5,-0.5,19843,104.80000000000004,103.85,104.02500000000002,81.94444444444433,67.12962962962958,71.78294308599686,62.82875607522443,107.40841543414052,104.02500000000002,100.64158456585952,0.3318269532541649,-0.039060342050339134,0.37088729530450404
2023-06-01,2317,46558650,4996062921,106.5,108.0,106.0,108.0,1.5,19267,105.90000000000005,104.35,104.17500000000003,86.11111111111101,78.70370370370365,78.25462121202389,67.80552508806618,107.96016842425605,104.17500000000003,100.389831575744,0.5979712366061989,0.08834597368096848,0.5096252629252304
2023-06-02,2317,53924446,5829505836,108.5,109.0,107.5,108.0,0.0,21889,107.00000000000004,104.85,104.32500000000002,86.9047619047618,84.98677248677245,78.25462121202389,67.80552508806618,108.45143914289089,104.32500000000002,100.19856085710914,0.7996743504961756,0.23061164904400994,0.5690627014521656
2023-06-05,2317,24624081,2653815411,108.5,108.5,107.0,107.5,-0.5,12713,107.40000000000005,105.3,104.45000000000002,88.09523809523797,87.037037037037,70.87905389090147,64.46867098261151,108.79626276241842,104.45000000000002,100.10373723758161,0.9087047177832375,0.36623026279185544,0.542474454991382
2023-06-06,2317,36383280,3882385473,107.0,107.5,106.0,107.0,-0.5,13826,107.40000000000005,105.75,104.47500000000002,78.57142857142846,84.52380952380946,63.857341139629575,61.223944273936716,108.87357931609536,104.47500000000002,100.07642068390469,0.9438857210106164,0.48176135443560764,0.46212436657500877
2023-06-07,2317,22459238,2417445504,107.5,108.0,107.0,108.0,1.0,9840,107.70000000000005,106.25,104.55000000000003,78.57142857142846,81.74603174603168,70.6432739171007,65.01630596918794,109.13148447558034,104.55000000000003,99.96851552441971,1.0404647324165524,0.5935020300317966,0.4469627023847558
2023-06-08,2317,17392265,1866463325,108.0,108.0,107.0,107.0,-1.0,9944,107.50000000000004,106.7,104.65000000000002,74.60317460317451,77.2486772486772,57.949615607101,58.82099422387251,109.35212717820126,104.65000000000002,99.94787282179878,1.0245028213252994,0.6797021882904971,0.34480063303480224
2023-06-09,2317,16744580,1803462864,107.5,108.0,107.0,108.0,1.0,8347,107.50000000000004,107.25,104.92500000000003,74.60317460317451,75.92592592592588,65.23711576790984,62.653441150204024,109.73410594601333,104.92500000000003,100.11589405398672,1.080093884472305,0.7597805275268587,0.32031335694544627
2023-06-12,2317,98652902,10866249777,108.0,112.0,107.5,110.5,2.5,40913,108.10000000000005,107.75,105.35000000000002,71.67277167277156,73.62637362637359,76.90894957643752,70.13631440441077,110.53748493973544,105.35000000000002,100.16251506026461,1.3107695734396572,0.8699783367094184,0.4407912367302388
2023-06-13,2317,70173913,7888170176,111.0,113.0,111.0,112.5,2.0,34877,109.20000000000005,108.3,105.87500000000003,80.40293040293028,75.5596255596255,82.4184983825445,74.53252385812797,111.6877016094048,105.87500000000003,100.06229839059526,1.6361050041298597,1.0232036701935066,0.6129013339363532
2023-06-14,2317,36488322,4102517677,112.5,113.0,111.5,112.5,0.0,17554,110.10000000000005,108.9,106.37500000000003,87.54578754578743,79.87382987382982,82.4184983825445,74.53252385812796,112.64297415438011,106.37500000000003,100.10702584561994,1.87235236431016,1.1930334090168373,0.6793189552933228
2023-06-15,2317,35696946,3986611487,112.5,113.0,111.0,111.5,-1.0,18814,111.00000000000004,109.25,106.80000000000003,88.09523809523797,85.34798534798529,70.90487488683095,68.6705376799649,113.24515321772721,106.80000000000003,100.35484678227284,1.9563370212684106,1.345694131467152,0.6106428898012586
2023-06-16,2317,47565732,5306261172,111.5,112.5,111.0,111.0,-0.5,16319,111.60000000000005,109.55,107.20000000000002,80.95238095238084,85.53113553113548,65.56221261551173,65.88049711516197,113.64515321772777,107.20000000000002,100.75484678227227,1.9599564873038702,1.4685466026344955,0.49140988466937463
2023-06-19,2317,25243032,2832301801,111.5,113.0,111.0,112.5,1.5,12614,112.00000000000004,110.05,107.67500000000003,80.55555555555544,83.20105820105813,72.74896488009908,69.83948973855524,114.2116275708487,107.67500000000003,101.13837242915135,2.060114684484873,1.586860219004571,0.4732544654803017
2023-06-20,2317,30784850,3463018660,113.0,113.5,111.5,112.5,0.0,11952,112.00000000000004,110.6,108.17500000000003,82.57020757020747,81.3593813593813,72.74896488009908,69.83948973855524,114.58027126669707,108.17500000000003,101.76972873330298,2.1151091160713094,1.6925099984179188,0.42259911765339053
2023-06-21,2317,34892673,3931657328,112.5,113.0,112.0,113.0,0.5,17874,112.10000000000005,111.1,108.67500000000003,89.52991452991444,84.21855921855916,75.10599201917877,71.13431732257985,114.9461641662436,108.67500000000003,102.40383583375645,2.1739781537407765,1.7888036294824903,0.38517452425828624
2023-06-26,2317,100474885,11551510415,113.5,116.0,113.0,115.5,2.5,36472,112.90000000000005,111.95,109.32500000000002,90.34690799396672,87.48234336469626,83.45410908242815,76.55423158625385,115.59616416624418,109.32500000000002,103.05383583375585,2.394756138766809,1.909994131339354,0.4847620074274548
2023-06-27,2317,67357566,7750488365,116.0,116.5,114.0,114.0,-1.5,25369,113.50000000000004,112.55,109.90000000000002,80.32359797065669,86.73347349817935,67.58826907919682,68.27128952917515,115.64978260458457,109.90000000000002,104.15021739541547,2.4207815556531074,2.0121516162021047,0.4086299394510027
2023-06-28,2317,45726557,5262217985,114.5,116.0,114.5,115.0,1.0,19399,114.00000000000004,113.0,110.37500000000003,73.79679144385017,81.48909913615792,71.76351037916785,70.55831747448468,116.16183851511181,110.37500000000003,104.58816148488825,2.4933566651149874,2.1083926259846812,0.3849640391303062
2023-06-29,2317,39965191,4562815301,116.0,116.0,113.0,113.0,-2.0,23356,114.10000000000005,113.05,110.67500000000003,54.54545454545445,69.55528131998716,55.178198064684395,61.07619233293086,116.35192698561285,110.67500000000003,104.9980730143872,2.362259025347356,2.159165905857216,0.20309311949013997
2023-06-30,2317,48499554,5448631430,113.0,113.0,111.0,113.0,0.0,22524,114.10000000000005,113.1,111.00000000000003,48.484848484848385,58.94236482471772,55.17819806468438,61.07619233293086,116.42217668468854,111.00000000000003,105.57782331531152,2.2326268685453954,2.173858098394852,0.05876877015054349
2023-07-03,2317,88011450,10089020094,114.0,115.0,113.5,115.0,2.0,32871,114.00000000000004,113.45,111.35000000000002,48.484848484848385,50.50505050505046,65.90375987006001,66.32472583283456,116.85545184339816,111.35000000000002,105.84454815660189,2.265164331238495,2.1921193449635803,0.07304498627491451
2023-07-04,2317,88850920,9848987145,112.0,112.5,109.5,110.0,0.0,46037,113.20000000000005,113.35,111.45000000000002,38.74458874458864,45.23809523809519,38.81397126706705,48.6596254601837,116.77822672190149,111.45000000000002,106.12177327809854,1.8659824079212513,2.1268919575551144,-0.26090954963386315
2023-07-05,2317,51570862,5599325907,110.0,110.5,107.5,108.5,-1.5,33413,111.90000000000005,112.95,111.50000000000003,30.32708032708022,39.185505852172476,33.93221907050121,44.80425721557491,116.69615242270456,111.50000000000003,106.3038475772955,1.4123101613573539,1.9839755983155622,-0.5716654369582084
2023-07-06,2317,70071473,7440779674,107.5,107.5,105.0,105.5,-3.0,41285,110.40000000000005,112.25,111.42500000000003,7.533931446974816,25.535200172881286,26.233469847770447,38.272903638012224,116.91385233905784,111.42500000000003,105.93614766094221,0.8014580005297205,1.747472078758394,-0.9460140782286734
2023-07-07,2317,30868905,3247695283,105.0,106.0,104.5,105.5,0.0,18448,108.90000000000005,111.5,111.30000000000003,7.930756843800213,15.263922872618474,26.233469847770447,38.27290363801223,117.19406481131455,111.30000000000003,105.4059351886855,0.3137367007299474,1.4607250031527046,-1.1469883024227572
2023-07-10,2317,25044324,2631065877,105.5,106.0,104.5,104.5,-1.0,17505,106.80000000000004,110.4,111.17500000000003,4.227053140096509,6.563913810290571,23.78505811236432,36.231101905986826,117.51751527392558,111.17500000000003,104.83248472607447,-0.15172855353745263,1.138234291814673,-1.2899628453521257
2023-07-11,2317,23862651,2503776581,105.0,105.5,104.5,105.0,0.5,13567,105.80000000000004,109.5,111.02500000000002,4.227053140096509,5.461621041331135,27.72021765737362,38.011782364791806,117.78868982139011,111.02500000000002,104.26131017860993,-0.4747941680940926,0.8156285998329199,-1.2904227679270126
2023-07-12,2317,37780699,4033895506,105.0,107.5,105.0,107.5,2.5,15229,105.60000000000005,108.75,110.87500000000003,10.973084886128255,6.475730388773815,44.45097074205814,46.114061789271425,117.80951512363914,110.87500000000003,103.94048487636091,-0.5230672943923906,0.5478894209878578,-1.0709567153802484
2023-07-13,2317,30341999,3278152117,108.5,109.0,107.0,107.0,-0.5,14701,105.90000000000005,108.15,110.60000000000002,18.909592822636192,11.369910282953711,42.17319012558308,44.85139515800671,117.68942874990506,110.60000000000002,103.51057125009498,-0.5948132788780498,0.31934888101467623,-0.9141621598927261
2023-07-14,2317,43454213,4702063534,107.5,109.5,106.5,109.5,2.5,18981,106.70000000000005,107.8,110.45000000000002,38.293650793650684,22.725442834138438,55.48067563275989,51.937625100312154,117.49911341942999,110.45000000000002,103.40088658057005,-0.4448158219493905,0.16651594042186285,-0.6113317623712533
2023-07-17,2317,41502082,4572570706,110.0,111.0,109.5,110.5,1.0,17109,107.90000000000005,107.35,110.40000000000002,59.539072039071925,38.914105218452995,59.798058608080225,54.45839782257256,117.43278038900581,110.40000000000002,103.36721961099423,-0.24245524091467985,0.08472170415455431,-0.32717694506923417
2023-07-18,2317,52688441,5894531944,110.5,113.5,110.0,112.0,1.5,25727,109.30000000000004,107.55,110.45000000000002,79.38034188034177,59.071021571021525,65.63087762294072,58.01547773536534,117.51328535456307,110.45000000000002,103.38671464543697,0.03851051620270596,0.07547946656418464,-0.03696895036147868
2023-07-19,2317,54967023,6055023271,113.0,113.5,108.0,108.5,-3.5,26548,109.50000000000004,107.55,110.25000000000003,73.36182336182326,70.76041242707906,47.04851379428668,48.49710697144751,117.29627561197971,110.25000000000003,103.20372438802035,-0.02100076259367256,0.0561834207326132,-0.07718418332628577
2023-07-20,2317,33167955,3600029166,109.0,110.0,107.5,108.0,-0.5,13586,109.70000000000005,107.8,110.02500000000002,55.55555555555545,69.43257359924023,44.92838471955211,47.303131833819144,117.05689163738894,110.02500000000002,102.9931083626111,-0.10727312333051486,0.023492111919987582,-0.13076523525050243
2023-07-21,2317,25278976,2715559372,107.0,108.5,106.5,107.5,-0.5,10913,109.30000000000004,108.0,109.75000000000003,38.88888888888878,55.93542260208923,42.68433879436768,46.08136188059401,116.7249551969873,109.75000000000003,102.77504480301276,-0.21352898290119526,-0.02391210704424899,-0.18961687585694628
2023-07-24,2317,19896359,2146631209,108.0,108.5,107.0,108.0,0.5,9411,108.80000000000004,108.35,109.37500000000003,35.83877995642691,43.427741466957116,45.840315926253226,47.54053913534563,115.86248795759808,109.37500000000003,102.88751204240198,-0.2544584571186732,-0.07002137705913383,-0.18443708005953938
2023-07-25,2317,61862737,6856399236,108.5,112.0,108.5,112.0,4.0,25155,108.80000000000004,109.05,109.27500000000002,49.06629318394014,41.26465400975201,64.22558130403982,57.4591336785584,115.53179630481804,109.27500000000002,103.018203695182,0.03546242156699009,-0.04892461733390904,0.08438703890089913
2023-07-26,2317,30223635,3373004998,112.0,112.5,111.0,111.5,-0.5,18007,109.40000000000005,109.45,109.10000000000002,61.764705882352835,48.8899263409067,61.196059772906395,56.03298510948122,114.88446194558989,109.10000000000002,103.31553805441015,0.22231823909488924,0.0053239539518506185,0.21699428514303862
2023-07-27,2317,32278647,3590682916,112.0,113.0,110.5,110.5,-1.0,18735,109.90000000000005,109.8,108.97500000000002,69.04761904761894,59.95953937130404,55.1284383609565,53.189529053753425,114.52004283121204,108.97500000000002,103.42995716878801,0.28640962617120636,0.061541088395721776,0.22486853777548457
2023-07-28,2317,23255646,2555161402,110.5,111.0,109.5,109.5,-1.0,15209,110.30000000000004,109.8,108.80000000000003,57.142857142857046,62.65172735760968,49.41260504693484,50.43336303745842,114.03832034148098,108.80000000000003,103.56167965851907,0.25358766873902994,0.09995040446438341,0.15363726427464652
2023-07-31,2317,30730719,3355672410,110.5,111.0,108.5,108.5,-1.0,14355,110.40000000000005,109.6,108.47500000000002,42.857142857142755,56.34920634920632,44.0805167583713,47.767740737866006,112.87357931609536,108.47500000000002,104.07642068390469,0.14521049218973303,0.10900242200945334,0.03620807018027969
2023-08-01,2317,24113256,2653917873,109.5,111.0,109.0,110.5,2.0,9945,110.10000000000005,109.45,108.50000000000003,44.322344322344215,48.10744810744808,55.328339479355016,53.10614323948124,112.93846820423167,108.50000000000003,104.06153179576839,0.21818893800221417,0.13083972520800552,0.08734921279420865
2023-08-02,2317,34095728,3706374022,110.0,110.5,108.0,108.0,-2.5,20180,109.40000000000005,109.4,108.47500000000002,37.72893772893762,41.6361416361416,42.77962832095493,46.68328145669882,112.91881592777911,108.47500000000002,104.03118407222094,0.07344909995784121,0.11936160015797266,-0.04591250020013145
2023-08-04,2317,40122815,4419908982,109.0,111.0,109.0,111.0,3.0,16129,109.50000000000004,109.7,108.75000000000003,50.427350427350326,44.15954415954412,56.56984045947272,53.890104824976824,113.10315977193297,108.75000000000003,104.39684022806709,0.19852815448196282,0.1351949110227707,0.06333324345919211
2023-08-07,2317,45621252,5055979980,112.0,112.5,109.5,109.5,-1.5,20471,109.50000000000004,109.9,108.95000000000002,39.914529914529815,42.69027269027266,49.59724287385136,50.23388797129022,113.04756024970703,108.95000000000002,104.852439750293,0.17460401595262454,0.14307673200874146,0.03152728394388307
2023-08-08,2317,29311389,3236790526,110.5,111.0,109.5,110.5,1.0,10143,109.90000000000005,110.15,109.25000000000003,48.88888888888879,46.41025641025638,54.006464906130745,52.54539239450365,112.84861084308591,109.25000000000003,105.65138915691415,0.23364232319086398,0.16118985024516597,0.07245247294569801
2023-08-09,2317,20468574,2265522164,110.5,111.5,110.0,110.5,0.0,9312,109.90000000000005,110.0,109.52500000000002,43.333333333333236,44.045584045584015,54.00646490613074,52.54539239450365,112.58236814923912,109.52500000000002,106.46763185076092,0.2772348166317613,0.18439884352248503,0.09283597310927627
2023-08-10,2317,22401300,2462848227,111.0,111.0,109.5,110.0,-0.5,9959,110.30000000000004,109.85,109.65000000000002,48.14814814814806,46.7901234567901,50.97186273946141,51.167255034863665,112.5671904291596,109.65000000000002,106.73280957084044,0.26834306856827084,0.2011876885316422,0.06715538003662863
2023-08-11,2317,22854757,2490127311,110.0,110.5,108.5,108.5,-1.5,14053,109.80000000000004,109.65,109.72500000000002,35.1851851851851,42.2222222222222,42.5949793594246,47.170273016200184,112.4356272336826,109.72500000000002,107.01437276631745,0.13866043896220503,0.18868223861775477,-0.05002179965554973
2023-08-14,2317,30169722,3309279031,109.5,110.5,109.0,110.0,1.5,13517,109.90000000000005,109.7,109.75000000000003,33.33333333333324,38.88888888888887,51.83066968589496,51.269705993905646,112.46108834234093,109.75000000000003,107.03891165765913,0.15513518284392092,0.18197282746298798,-0.02683764461906707
2023-08-15,2317,64762274,6974932952,108.0,109.0,107.0,107.0,-3.0,36735,109.20000000000005,109.55,109.57500000000002,18.51851851851843,29.01234567901233,37.68402244361142,43.92793416754798,112.5122606285416,109.57500000000002,106.63773937145844,-0.07304141591363589,0.1309699787876632,-0.2040113947012991
2023-08-16,2317,44390097,4696567368,106.5,106.5,105.0,105.5,-1.5,27924,108.20000000000005,109.05,109.25000000000003,17.037037037036946,22.962962962962948,32.50823031362756,40.783253084585105,112.46714158842549,109.25000000000003,106.03285841157457,-0.3706379942460529,0.03064838418091996,-0.4012863784269729
2023-08-17,2317,24753076,2631718597,105.5,107.0,105.5,106.5,1.0,10441,107.50000000000004,108.9,109.15000000000002,8.888888888888799,14.8148148148148,39.022215191483944,43.67797921287001,112.5719877264515,109.15000000000002,105.72801227354854,-0.5198018320364497,-0.07944165906255397,-0.44036017297389574
2023-08-18,2317,17412067,1848910219,106.5,107.0,105.5,106.0,-0.5,11848,107.00000000000004,108.4,109.05000000000003,14.017094017093925,13.314339981006631,36.94234067798082,42.55777666944088,112.70923489270336,109.05000000000003,105.39076510729669,-0.6706304590000229,-0.19767941905004777,-0.47295103994997517
2023-08-21,2317,10884357,1154268088,106.5,107.0,105.5,106.0,0.0,7109,106.20000000000005,108.05,108.97500000000002,16.92307692307683,13.276353276353257,36.94234067798082,42.55777666944088,112.81524738786136,108.97500000000002,105.13475261213868,-0.7811585233276048,-0.3143752399055592,-0.4667832834220456
2023-08-22,2317,13225842,1408358404,106.5,107.0,106.0,106.5,0.5,6142,106.10000000000005,107.65,108.90000000000002,18.589743589743495,16.50997150997149,41.20755001507181,44.21700150242746,112.86988664825337,108.90000000000002,104.93011335174667,-0.8189664538027444,-0.4152934826849962,-0.40367297111774814
2023-08-23,2317,16581083,1768910267,106.5,107.5,106.0,106.5,0.0,6682,106.30000000000004,107.25,108.62500000000003,22.55244755244746,19.355089355089333,41.20755001507182,44.21700150242746,112.45742742918615,108.62500000000003,104.7925725708139,-0.8392551007128617,-0.5000858062905693,-0.3391692944222924
2023-08-24,2317,51036295,5583078102,109.0,110.5,108.5,109.5,3.0,21344,106.90000000000005,107.2,108.52500000000002,44.6969696969696,28.61305361305359,62.12783100900432,53.5528480391993,112.15094815186107,108.52500000000002,104.89905184813897,-0.6062703642383127,-0.521322717880118,-0.08494764635819474
2023-08-25,2317,21353911,2312509951,108.5,109.0,108.0,108.0,-1.5,9503,107.30000000000004,107.15,108.40000000000002,54.54545454545445,40.598290598290575,51.448674744268274,49.125781879216035,111.91567916624639,108.40000000000002,104.88432083375365,-0.536481520969204,-0.5243544784979352,-0.012127042471268834
2023-08-28,2317,16852420,1827707759,108.5,109.0,108.0,108.0,0.0,8352,107.70000000000005,106.95,108.32500000000002,63.636363636363534,54.292929292929266,51.448674744268274,49.12578187921603,111.8074560298704,108.32500000000002,104.84254397012964,-0.4756899027843673,-0.5146215633552216,0.03893166057085429
2023-08-29,2317,64563484,6850480774,108.0,108.5,105.0,106.0,-2.0,29666,107.60000000000005,106.85,108.20000000000002,42.42424242424232,53.5353535353535,39.21546473185457,43.55769011323755,111.8249137920763,108.20000000000002,104.57508620792373,-0.5821843340892912,-0.5281341175020355,-0.05405021658725562
2023-08-30,2317,20861174,2217019155,106.5,107.0,106.0,106.0,0.0,10060,107.50000000000004,106.9,107.97500000000002,30.3030303030302,45.45454545454542,39.21546473185456,43.55769011323754,111.55934094360202,107.97500000000002,104.39065905639802,-0.6589855627858725,-0.554304406558803,-0.10468115622706953
2023-08-31,2317,57884785,6155654231,106.0,107.0,105.5,106.5,0.5,10679,106.90000000000005,106.9,107.90000000000002,21.21212121212111,31.313131313131276,43.765382741962455,45.35353313755813,111.54142829120492,107.90000000000002,104.25857170879512,-0.6717616187414706,-0.5777958489953365,-0.09396576974613402
2023-09-01,2317,14106975,1510351150,106.5,107.5,106.5,107.5,1.0,6817,106.80000000000004,107.05,107.72500000000002,30.3030303030302,27.272727272727234,52.1267970006582,48.85825694089402,111.07872926754322,107.72500000000002,104.37127073245682,-0.5943438663563541,-0.5811054524675401,-0.013238413888813971
2023-09-04,2317,21399910,2279496433,107.5,108.0,105.5,106.5,-1.0,10338,106.50000000000004,107.1,107.57500000000002,33.33333333333323,28.282828282828245,44.421097466120656,45.70173317274172,110.86551667675229,107.57500000000002,104.28448332324774,-0.6066878624494194,-0.5862219344639159,-0.020465927985503507
2023-09-05,2317,13947190,1486693623,106.5,107.0,106.0,107.0,0.5,5467,106.70000000000005,107.15,107.40000000000002,36.36363636363626,33.33333333333329,48.833298064503815,47.52714344337487,110.4099833886557,107.40000000000002,104.39001661134434,-0.5695592227793327,-0.5828893921269993,0.01333016934766662
2023-09-06,2317,17723586,1882250089,106.5,107.0,106.0,106.0,-1.0,10036,106.70000000000005,107.1,107.17500000000003,29.545454545454444,33.08080808080805,41.20137805856415,44.31813625589709,109.88193553672372,107.17500000000003,104.46806446327633,-0.6137512091030004,-0.5890617555221995,-0.02468945358080088
2023-09-07,2317,14703513,1553316168,106.0,106.0,105.5,105.5,-0.5,9238,106.50000000000004,106.7,106.95000000000002,24.62121212121202,30.176767676767643,37.75902566827358,42.76340287972128,109.41779253584845,106.95000000000002,104.48220746415159,-0.6812662843240673,-0.6075026612825731,-0.0737636230414942
2023-09-08,2317,12232593,1290143049,105.5,106.0,105.0,106.0,0.5,8184,106.20000000000005,106.5,106.82500000000002,22.023809523809422,25.396825396825363,43.287080926478666,44.84706707540494,109.21821958875202,106.82500000000002,104.43178041124801,-0.6865129525534002,-0.6233047195367385,-0.06320823301666167
2023-09-11,2317,17970490,1892009180,106.0,106.0,105.0,105.0,-1.0,11073,105.90000000000005,106.2,106.57500000000002,13.69047619047609,20.11183261183258,35.85624623550866,41.586306214498165,108.60662496538801,106.57500000000002,104.54337503461203,-0.7625721603962887,-0.6511582077086485,-0.1114139526876402
2023-09-12,2317,29936070,3197367679,106.0,107.5,105.5,107.5,2.5,10719,106.00000000000004,106.35,106.60000000000002,37.301587301587205,24.338624338624303,57.25706661854938,51.149051644695994,108.66397674405026,106.60000000000002,104.53602325594979,-0.614042227391181,-0.643735011645155,0.029692784253974036
2023-09-13,2317,18447173,1957599943,107.0,107.5,105.5,106.0,-1.5,8124,106.00000000000004,106.35,106.62500000000003,38.88888888888879,29.96031746031743,46.41661134794353,46.256080151768685,108.64675666191056,106.62500000000003,104.6032433380895,-0.6103331091975406,-0.6370546311556321,0.02672152195809152
2023-09-14,2317,15925971,1696098318,106.5,107.0,106.0,106.5,0.5,7901,106.20000000000005,106.35,106.62500000000003,55.55555555555546,43.91534391534389,50.091297412216385,48.04036671740191,108.64675666191056,106.62500000000003,104.6032433380895,-0.5605857019609601,-0.6217608453166977,0.06117514335573759
2023-09-15,2317,35796358,3800337901,106.5,107.0,106.0,106.0,-0.5,11524,106.20000000000005,106.2,106.62500000000003,41.11111111111101,45.185185185185155,46.38046014280253,46.382041111513324,108.64675666191056,106.62500000000003,104.6032433380895,-0.5551074119384367,-0.6084301586410455,0.053322746702608836
2023-09-18,2317,19458299,2065336849,106.0,106.5,105.5,106.5,0.5,8648,106.50000000000004,106.2,106.65000000000002,49.99999999999989,48.88888888888885,50.64604313469947,48.303833698530276,108.65249843944697,106.65000000000002,104.64750156055307,-0.5046032540924443,-0.5876647777313253,0.08306152363888097
2023-09-19,2317,13864956,1482205613,106.5,107.5,106.5,106.5,0.0,7128,106.30000000000004,106.15,106.65000000000002,53.33333333333323,48.1481481481481,50.64604313469947,48.303833698530276,108.65249843944697,106.65000000000002,104.64750156055307,-0.4592840050211606,-0.5619886231892923,0.1027046181681317
2023-09-20,2317,19168653,2037961517,106.5,107.0,106.0,106.0,-0.5,10432,106.30000000000004,106.15,106.62500000000003,53.33333333333323,52.22222222222218,45.697870375507684,46.376045502723805,108.64675666191056,106.62500000000003,104.6032433380895,-0.4584295049793212,-0.5412767995472981,0.0828472945679769
2023-09-21,2317,22481559,2367772067,106.0,106.5,105.0,105.0,-1.0,14523,106.00000000000004,106.1,106.40000000000002,33.33333333333323,46.66666666666663,37.21418377314912,42.70514513523831,108.06132477257768,106.40000000000002,104.73867522742236,-0.5323078367986227,-0.539483006997563,0.007175170198940317
2023-09-22,2317,15164145,1593608220,105.0,105.5,105.0,105.0,0.0,8678,105.80000000000004,106.0,106.25000000000003,13.33333333333323,33.33333333333329,37.21418377314912,42.705145135238304,107.84687194226123,106.25000000000003,104.65312805773883,-0.5841235345282882,-0.5484111125037081,-0.03571242202458014
2023-09-25,2317,16714643,1759692944,105.5,106.0,105.0,105.5,0.5,9163,105.60000000000005,106.05,106.12500000000003,6.666666666666562,17.77777777777774,44.25694558868712,45.21959783995658,107.5347872179805,106.12500000000003,104.71521278201956,-0.5781771605611823,-0.5543643221152029,-0.023812838445979367
2023-09-26,2317,30615520,3199617720,105.0,105.5,104.0,104.0,-1.5,20954,105.10000000000005,105.7,106.02500000000002,6.666666666666562,8.888888888888852,31.78010082933353,39.60426228220011,107.71245370306536,106.02500000000002,104.33754629693468,-0.6865875267059209,-0.5808089630333465,-0.10577856367257443
2023-09-27,2317,16571407,1721873446,104.0,104.5,103.5,104.0,0.0,12931,104.70000000000005,105.5,105.92500000000003,10.83333333333323,8.055555555555518,31.780100829333534,39.604262282200104,107.829599695469,105.92500000000003,104.02040030453105,-0.763700063979357,-0.6173871832225486,-0.14631288075680837
2023-09-28,2317,24489178,2538919585,104.5,104.5,103.0,104.0,0.0,15612,104.50000000000004,105.25,105.80000000000003,11.57407407407397,9.69135802469132,31.780100829333534,39.60426228220011,107.8591260281934,105.80000000000003,103.74087397180665,-0.8154127349032336,-0.6569922935586856,-0.15842044134454802
2023-10-02,2317,13980808,1462459227,104.0,105.0,104.0,104.5,0.5,7239,104.40000000000005,105.1,105.65000000000002,22.68518518518508,15.030864197530827,40.63835922527453,42.5731697292437,107.6273719933239,105.65000000000002,103.67262800667613,-0.8067498675654861,-0.6869438083600456,-0.11980605920544041
2023-10-03,2317,17720597,1843275774,104.0,104.5,103.5,104.0,-0.5,9751,104.10000000000005,104.85,105.52500000000002,26.851851851851748,20.370370370370335,35.291976526929886,40.43270606114716,107.58594638454842,105.52500000000002,103.46405361545162,-0.8306550299924425,-0.715686052686525,-0.11496897730591749
2023-10-04,2317,27864693,2867342618,103.0,103.5,102.5,103.0,-1.0,18392,103.90000000000005,104.5,105.32500000000002,23.61111111111101,24.38271604938268,27.00282812268163,36.48207819061089,107.5447972880386,105.32500000000002,103.10520271196144,-0.91969007143814,-0.756486856436848,-0.16320321500129198
2023-10-05,2317,16777516,1734010040,103.0,104.0,103.0,103.5,0.5,8814,103.80000000000004,104.25,105.20000000000002,22.023809523809422,24.162257495590794,35.7989788586519,39.656874059009375,107.53238075793551,105.20000000000002,102.86761924206452,-0.9390800318706596,-0.7930054915236103,-0.14607454034704925
2023-10-06,2317,28202817,2970616668,105.0,106.0,104.5,105.5,2.0,12925,104.10000000000005,104.3,105.20000000000002,42.26190476190466,29.298941798941765,58.906948961199845,50.34754429396072,107.53238075793551,105.20000000000002,102.86761924206452,-0.7840256700229702,-0.7912095272234823,0.007183857200512067
2023-10-11,2317,39153271,4154453547,106.5,106.5,105.5,106.0,0.5,13879,104.40000000000005,104.4,105.20000000000002,67.26190476190466,43.849206349206305,62.81104615483441,52.60805393697907,107.53238075793551,105.20000000000002,102.86761924206452,-0.6137235270366261,-0.755712327186111,0.1419888001494849
2023-10-12,2317,30018890,3205481301,106.5,107.0,106.0,107.0,1.0,11222,105.00000000000004,104.55,105.30000000000003,91.07142857142848,66.86507936507932,69.55920134012115,56.84019188795776,107.75764114548467,105.30000000000003,102.84235885451538,-0.393529842052601,-0.6832758301594091,0.2897459881068081
2023-10-13,2317,27592508,2953567748,107.0,107.5,106.0,107.5,0.5,9635,105.90000000000005,104.9,105.30000000000003,95.83333333333324,84.72222222222219,72.47292257007615,58.820318427912134,107.75764114548467,105.30000000000003,102.84235885451538,-0.17664271174258772,-0.5819492064760448,0.40530649473345703
2023-10-16,2317,17539617,1875705357,107.0,107.5,106.5,107.0,-0.5,8617,106.60000000000005,105.2,105.35000000000002,96.66666666666657,94.5238095238095,65.19280470076902,56.05094778810511,107.90147016443076,105.35000000000002,102.79852983556928,-0.044589914927129826,-0.47447734816626175,0.4298874332391319
2023-10-17,2317,17843132,1906762803,107.5,108.0,106.5,106.5,-0.5,8336,106.80000000000004,105.45,105.35000000000002,87.57575757575749,93.35858585858584,58.354002046703876,53.346110434324544,107.90147016443076,105.35000000000002,102.79852983556928,0.019492360810644982,-0.3756834063708804,0.39517576718152536
2023-10-18,2317,28734757,3035342968,106.0,106.5,105.0,105.5,-1.0,13667,106.70000000000005,105.55,105.32500000000002,72.42424242424234,85.55555555555553,46.8793659674006,48.32348154837556,107.86025146681419,105.32500000000002,102.78974853318584,-0.010294942936795337,-0.30260571368406336,0.292310770747268
2023-10-19,2317,42470168,4409816317,105.0,105.5,103.0,103.5,-2.0,20878,106.00000000000004,105.5,105.17500000000003,45.75757575757567,68.58585858585856,32.135063718279284,40.17621338121633,107.76874246986458,105.17500000000003,102.58125753013547,-0.1930594123350886,-0.2806964534142684,0.0876370410791798
2023-10-20,2317,33199943,3441469923,103.0,104.5,103.0,103.5,0.0,13143,105.20000000000005,105.55,105.02500000000002,24.848484848484762,47.676767676767646,32.13506371827928,40.176213381216336,107.64177282162242,105.02500000000002,102.40822717837762,-0.3340508409253715,-0.29136733091648903,-0.042683510008882486
2023-10-23,2317,84175293,8487114330,102.0,102.0,100.0,100.5,-3.0,52609,103.90000000000005,105.25,104.75000000000003,8.749999999999915,26.452020202020176,19.569057973656946,31.064844902813903,107.98264597504513,104.75000000000003,101.51735402495493,-0.6800236030297242,-0.3690985853391361,-0.3109250176905881
2023-10-24,2317,113705847,11205467571,99.8,99.8,97.3,98.3,-2.2,87571,102.26000000000005,104.53,104.41500000000003,8.531931464174368,14.04347210421974,14.6633685097218,26.346187041860265,108.69391341347041,104.41500000000003,100.13608658652966,-1.1188339026496124,-0.5190456488012314,-0.599788253848381
2023-10-25,2317,41361487,4096713022,98.3,99.5,98.3,99.0,0.7,30692,100.96000000000005,103.83,104.11500000000004,10.494548286604283,9.258826583592914,21.928520309593328,29.99010641653481,108.98789441707609,104.11500000000004,99.24210558292398,-1.394040446196243,-0.6940446082802337,-0.6999958379160093
2023-10-26,2317,42562225,4188969892,98.3,98.7,98.0,98.5,-0.5,27214,99.96000000000005,102.97999999999999,103.76500000000003,12.149532710280303,10.392004153686377,20.475841160524226,28.8906269116044,109.16658310127497,103.76500000000003,98.36341689872509,-1.6336576475937932,-0.8819672161429456,-0.7516904314508476
2023-10-27,2317,33549955,3300859897,98.5,98.9,98.2,98.2,-0.3,21702,98.90000000000005,102.05,103.47500000000002,11.838006230529542,11.494029075804768,19.5684094683861,28.222076696410696,109.39306556232536,103.47500000000002,97.55693443767468,-1.82670636495547,-1.0709150459054504,-0.7557913190500196
2023-10-30,2317,139233228,13257335235,98.3,98.5,94.0,94.5,-3.7,116153,97.70000000000005,100.8,103.00000000000003,7.875389408099626,10.620976116303215,11.948896105404131,21.587133640767835,110.08350195877563,103.00000000000003,95.91649804122443,-2.2522948886439025,-1.307191014453141,-0.9451038741907616
2023-10-31,2317,63987716,6153398199,95.1,96.9,95.1,96.5,2.0,35607,97.34000000000005,99.8,102.62500000000003,11.383448462684475,10.36561470043794,29.30767059989457,31.02651164971475,110.23180616290294,102.62500000000003,95.01819383709712,-2.4005218529166683,-1.5258571821458464,-0.8746646707708219
2023-11-01,2317,26792559,2570478042,96.4,96.5,95.6,95.6,-0.9,21619,96.66000000000004,98.81,102.18000000000002,13.65907522429251,10.972637698358929,26.558813124766672,29.31625333074372,110.31869768451811,102.18000000000002,94.04130231548193,-2.5610925872851737,-1.732904263173712,-0.8281883241114618
2023-11-02,2317,25319099,2450735413,96.2,97.4,96.0,97.0,1.4,17294,96.36000000000004,98.16,101.83000000000001,24.825741890959176,16.622755192645446,37.24140106182264,35.2915562424384,110.22359279450627,101.83000000000001,93.43640720549375,-2.546028717205971,-1.8955291539801638,-0.650499563225807
2023-11-03,2317,44283856,4236360020,95.8,96.2,95.2,95.8,-1.2,40355,95.88000000000004,97.39,101.47000000000001,27.924192665571855,22.136336593607904,32.51224402352041,32.73699089914799,110.24111167412607,101.47000000000001,92.69888832587395,-2.600938463244134,-2.036611015832958,-0.5643274474111761
2023-11-06,2317,39193519,3794411528,96.2,97.7,96.2,96.4,0.6,23895,96.26000000000003,96.97999999999999,101.11500000000002,37.39028213166137,30.046738896064188,37.16665470760111,35.26030627693021,110.10082773037554,101.11500000000002,92.1291722696245,-2.566455347311148,-2.142579882128596,-0.42387546518255226
2023-11-07,2317,28714421,2753863793,96.4,96.8,95.5,96.1,-0.3,23562,96.18000000000004,96.76,100.64500000000001,39.17599641737561,34.83015707153633,35.72924572335962,34.562153098399165,109.64754963885177,100.64500000000001,91.64245036114825,-2.53412293058517,-2.2208884918199105,-0.31323443876525925
2023-11-08,2317,20362795,1971844942,95.7,97.4,95.7,97.0,0.9,13149,96.46000000000004,96.56,100.19500000000002,49.23933209647482,41.935203548503985,43.39181100626781,38.496480912514954,108.9789569671068,100.19500000000002,91.41104303289325,-2.4081174994684034,-2.258334293349609,-0.14978320611879425
2023-11-09,2317,31177239,3053579951,97.4,98.4,97.3,97.9,0.9,20430,96.64000000000003,96.5,99.74000000000002,63.58276643990917,50.666031651253256,50.30418737797998,42.23654777329619,107.99358104097757,99.74000000000002,91.48641895902247,-2.210157489340247,-2.248698932547737,0.038541443207489756
2023-11-10,2317,16713387,1626270416,97.9,98.0,97.0,97.2,-0.7,15312,96.92000000000003,96.4,99.22500000000002,70.50917336631618,61.11042396756678,45.28633780426897,40.18948098687588,106.72883235420282,99.22500000000002,91.72116764579722,-2.0857140912131626,-2.216101964280822,0.1303878730676593
2023-11-13,2317,18461159,1806009405,97.8,98.4,97.5,97.7,0.5,13027,97.18000000000004,96.72,98.76000000000002,76.14267676767672,70.07820552463409,49.485372015136235,42.33919623950076,105.37948638490842,98.76000000000002,92.14051361509162,-1.9245608409288337,-2.1577937396104243,0.23323289868159058
2023-11-14,2317,47364152,4734302962,98.4,101.0,98.2,100.0,2.3,27140,97.96000000000004,97.07000000000001,98.43500000000003,74.8399947753395,73.83061496977753,64.22142775200541,51.05409326994048,104.06714879064587,98.43500000000003,92.80285120935419,-1.5928930711513232,-2.044813605918604,0.451920534767281
2023-11-15,2317,51481834,5164217515,100.5,101.5,99.8,100.5,0.5,26562,98.66000000000004,97.56,98.18500000000003,81.67020160554631,77.55095771618757,66.68620228911621,52.72681345511682,102.91163728246298,98.18500000000003,93.45836271753709,-1.2750007378937198,-1.8908510323136274,0.6158502944199076
2023-11-16,2317,31965062,3226643998,101.0,101.5,100.5,101.0,0.5,14473,99.28000000000004,97.96000000000001,98.06000000000003,86.18409049443522,80.89809562510708,69.1644920856615,54.40488293197666,102.32773944846377,98.06000000000003,93.79226055153629,-0.971523830208767,-1.7069855918926553,0.7354617616838883
2023-11-17,2317,47314771,4852922519,101.5,103.5,101.0,102.5,1.5,23755,100.34000000000005,98.63000000000001,98.01000000000002,87.76455026455017,85.2062807881773,75.5346176885765,59.09590800938111,102.03834953796017,98.01000000000002,93.98165046203987,-0.6030274058948066,-1.4861939546930856,0.8831665487982789
2023-11-20,2317,29960033,3035807810,102.5,102.5,101.0,101.0,-1.5,12951,101.00000000000004,99.09,98.03500000000003,82.37179487179479,85.44014521026013,60.86520387398965,53.20128267805744,102.13049752777171,98.03500000000003,93.93950247222834,-0.42710539361584665,-1.2743762424776377,0.847270848861791
2023-11-21,2317,37190582,3790855390,102.0,102.5,101.0,102.5,1.5,16512,101.50000000000004,99.73,98.24500000000003,80.02136752136742,83.38590421923753,68.09427003335811,57.74075349677879,102.78040516381651,98.24500000000003,93.70959483618356,-0.1647493396238815,-1.0524508619068864,0.8877015222830049
2023-11-22,2317,28562720,2935360945,103.0,104.0,102.0,102.0,-0.5,12646,101.80000000000004,100.23,98.39500000000002,74.66422466422456,79.01912901912898,63.53046882682227,55.797845925319,103.21017393247531,98.39500000000002,93.57982606752473,0.002791720792885144,-0.8414023453669321,0.8441940661598173
2023-11-23,2317,24125544,2455999116,102.5,103.0,101.0,101.5,-0.5,10895,101.90000000000005,100.59,98.54500000000003,72.52747252747243,75.73768823768819,58.923143808344925,53.84659716401911,103.54718952059778,98.54500000000003,93.54281047940228,0.09413822999925969,-0.6542942302936938,0.7484324602929535
2023-11-24,2317,22653476,2301261787,102.0,102.5,101.0,101.5,0.0,9218,101.70000000000005,101.02000000000001,98.71000000000002,63.28786156372353,70.15985291847356,58.923143808344925,53.84659716401911,103.87096890128076,98.71000000000002,93.54903109871928,0.16463320752562538,-0.49050874272982997,0.6551419502554554
2023-11-27,2317,24041482,2455162105,102.5,103.0,101.5,101.5,0.0,11758,101.80000000000004,101.4,99.06000000000003,52.97040124626323,62.92857844581979,58.92314380834493,53.84659716401911,103.97503814837455,99.06000000000003,94.14496185162551,0.21798815336508426,-0.3488093635108471,0.5667975168759314
2023-11-28,2317,29821679,3055254883,102.0,103.0,102.0,102.5,1.0,11499,101.80000000000004,101.65,99.36000000000003,51.505199781061755,55.92115419701623,66.61294723220537,57.55436307824373,104.34533850405172,99.36000000000003,94.37466149594833,0.3370783456511077,-0.21163182167845615,0.5487101673295639
2023-11-29,2317,34373056,3510103840,102.5,103.0,101.5,102.0,-0.5,12370,101.80000000000004,101.8,99.68000000000004,43.65079365079357,49.37546489270624,60.054780982705644,55.167926326743896,104.47691567572099,99.68000000000004,94.88308432427908,0.3866552388022484,-0.09197440958231523,0.4786296483845636
2023-11-30,2317,44645586,4534045899,102.0,102.5,101.0,101.5,-0.5,10505,101.80000000000004,101.85,99.90500000000003,35.71428571428562,43.623426382047036,53.86753138920993,52.809780167377276,104.59902812091924,99.90500000000003,95.21097187908082,0.381205166612375,0.00266150565662282,0.3785436609557522
2023-12-01,2317,27879140,2807464674,101.0,101.5,100.5,100.5,-1.0,17492,101.60000000000005,101.65,100.14000000000003,16.666666666666575,32.01058201058198,43.427696547829825,48.35768686421594,104.44274331095687,100.14000000000003,95.83725668904319,0.2928188688383955,0.06069297829297735,0.23212589054541813
2023-12-04,2317,14873417,1499633313,101.0,101.5,100.5,101.0,0.5,8102,101.50000000000004,101.65,100.37000000000003,10.317460317460226,20.899470899470867,49.17377086599796,50.60017421860008,104.32631141342254,100.37000000000003,96.41368858657752,0.26011941766118696,0.10057826616661927,0.15954115149456768
2023-12-05,2317,22028554,2223432776,101.0,102.0,100.5,101.0,0.0,8926,101.20000000000005,101.5,100.61500000000004,11.428571428571336,12.80423280423277,49.173770865997966,50.60017421860008,104.05667110572423,100.61500000000004,97.17332889427584,0.23153586568291473,0.12676978606987838,0.10476607961303636
2023-12-06,2317,15438431,1562479107,101.5,102.0,101.0,101.0,0.0,7905,101.00000000000004,101.4,100.81500000000003,18.095238095238003,13.280423280423244,49.17377086599796,50.60017421860008,103.83180294351246,100.81500000000003,97.7981970564876,0.20650275953831,0.1427163807635647,0.0637863787747453
2023-12-07,2317,14143974,1428146272,101.0,101.5,100.5,101.0,0.0,7132,100.90000000000005,101.35,100.97000000000003,19.999999999999908,16.507936507936474,49.17377086599796,50.60017421860008,103.67414496652604,100.97000000000003,98.26585503347401,0.18453661928781173,0.1510804284684141,0.03345619081939763
2023-12-08,2317,16171663,1639620507,101.0,102.0,101.0,101.5,0.5,6795,101.10000000000005,101.35,101.18500000000003,26.666666666666572,21.58730158730155,57.22316485463096,53.32623707489318,103.26853065731787,101.18500000000003,99.1014693426822,0.20510973881478378,0.16188629053768805,0.04322344827709573
2023-12-11,2317,25693233,2593695579,101.5,102.0,100.5,101.0,-0.5,11857,101.10000000000005,101.3,101.35000000000002,26.666666666666572,24.444444444444404,48.299127661742766,50.334906580135176,102.69536240470383,101.35000000000002,100.00463759529622,0.1790048069477166,0.16530999381969375,0.013694813128022842
2023-12-12,2317,21061040,2125989733,101.0,101.5,100.5,101.0,0.0,8493,101.10000000000005,101.15,101.40000000000002,28.33333333333324,27.222222222222182,48.299127661742766,50.334906580135176,102.6083045973531,101.40000000000002,100.19169540264694,0.1565122841806641,0.16355045189188783,-0.007038167711223731
2023-12-13,2317,15245857,1537987053,100.5,101.5,100.5,101.0,0.0,7389,101.10000000000005,101.05,101.42500000000003,26.11111111111102,27.037037037036995,48.299127661742766,50.334906580135176,102.57717186217374,101.42500000000003,100.27282813782631,0.1371063215092505,0.15826162581536035,-0.021155304306109846
2023-12-14,2317,32842321,3338175011,101.5,102.0,101.0,102.0,1.0,12087,101.30000000000004,101.1,101.47500000000002,52.777777777777686,35.7407407407407,65.42419169771537,56.43880490868929,102.63581867661651,101.47500000000002,100.31418132338354,0.20011183427085655,0.16663166750645958,0.03348016676439697
2023-12-15,2317,41228565,4180365912,101.5,102.0,101.0,101.5,-0.5,13318,101.30000000000004,101.2,101.42500000000003,66.66666666666657,48.518518518518476,54.82996839361813,52.93565279871982,102.48683802907404,101.42500000000003,100.36316197092601,0.20730861111519516,0.1747670562282067,0.032541554886988455
2023-12-18,2317,28168793,2865746536,101.5,102.0,101.0,102.0,0.5,12178,101.50000000000004,101.3,101.47500000000002,88.8888888888888,69.4444444444444,62.00750424202353,55.88453058711519,102.54621426427425,101.47500000000002,100.40378573572579,0.2504706600830957,0.1899077769991845,0.060562883083911195
2023-12-19,2317,32970317,3364490305,102.0,102.5,101.5,102.5,0.5,11744,101.80000000000004,101.45,101.47500000000002,88.8888888888888,81.48148148148144,67.94920264795773,58.67310474195256,102.54621426427425,101.47500000000002,100.40378573572579,0.32131875360400386,0.2161899723201484,0.10512878128385547
2023-12-20,2317,54775393,5673101084,102.5,104.5,102.5,104.5,2.0,25178,102.50000000000004,101.8,101.60000000000002,99.9999999999999,92.59259259259255,81.47166813872768,67.51777646920642,103.29115345252467,101.60000000000002,99.90884654747538,0.5327089265493896,0.2794937631659966,0.253215163383393
2023-12-21,2317,34981356,3610901992,103.0,103.5,102.5,103.5,-1.0,11089,102.80000000000004,102.05,101.70000000000002,91.66666666666657,93.51851851851848,65.38066346829083,60.54102292815067,103.581488772221,101.70000000000002,99.81851122777904,0.6124851711470711,0.3460920447622115,0.2663931263848596
2023-12-22,2317,23874742,2467566999,103.5,104.0,103.0,103.5,0.0,8311,103.20000000000005,102.25,101.80000000000003,83.33333333333324,91.66666666666663,65.38066346829085,60.54102292815067,103.83469899493389,101.80000000000003,99.76530100506616,0.6680080388957066,0.4104752435889105,0.25753279530679607
2023-12-25,2317,11452984,1185902142,103.5,104.0,103.0,103.5,0.0,5585,103.50000000000004,102.5,101.90000000000002,74.9999999999999,83.3333333333333,65.38066346829085,60.54102292815067,104.05870331448975,101.90000000000002,99.74129668551029,0.7038962339820216,0.46915944166753276,0.23473679231448885
2023-12-26,2317,10038346,1040821927,104.0,104.0,103.5,104.0,0.5,5211,103.80000000000004,102.8,101.97500000000002,78.57142857142848,78.96825396825393,70.07356937280323,62.932946865523235,104.3089880033941,101.97500000000002,99.64101199660594,0.7638781961267682,0.5281031925593799,0.23577500356738834
2023-12-27,2317,19101096,1978512501,104.0,104.0,103.0,103.5,-0.5,8997,103.60000000000005,103.05,102.05000000000003,77.38095238095228,76.98412698412695,60.50473079027745,59.07638637093592,104.47693221989923,102.05000000000003,99.62306778010083,0.7622814063982872,0.5749388353271614,0.18734257107112584
2023-12-28,2317,23454232,2432149853,103.5,104.0,103.0,104.0,0.5,10532,103.70000000000005,103.25,102.17500000000003,80.95238095238085,78.96825396825393,65.9321838175867,61.60991511350575,104.72989725820474,102.17500000000003,99.62010274179531,0.7922294326064616,0.6183969547830215,0.17383247782344013
2023-12-29,2317,26228159,2736716660,104.0,105.0,103.5,104.5,0.5,10422,103.90000000000005,103.55,102.37500000000003,80.95238095238085,79.76190476190472,70.63938661408692,64.00943942476863,104.99940469439885,102.37500000000003,99.75059530560121,0.8465507701472745,0.6640277178558721,0.18252305229140242
2024-01-02,2317,20339186,2128017722,104.5,105.0,104.0,105.0,0.5,8860,104.20000000000005,103.85,102.57500000000002,90.47619047619037,84.12698412698408,74.71528595282544,66.27924204620108,105.35483812478239,102.57500000000002,99.79516187521764,0.9193489602986489,0.7150919663444275,0.20425699395422137
2024-01-03,2317,19284338,2012960063,104.5,105.0,104.0,104.5,-0.5,7777,104.30000000000004,104.05,102.75000000000003,88.57142857142846,86.66666666666661,64.30113736363509,62.06398718331958,105.55178514522156,102.75000000000003,99.9482148547785,0.9260216282486056,0.7572778987252631,0.1687437295233425
2024-01-04,2317,15626821,1630513586,104.5,105.0,104.0,104.0,-0.5,6666,104.40000000000005,104.0,102.90000000000002,76.66666666666656,85.23809523809518,55.307326287409275,58.085664978350735,105.63130005674806,102.90000000000002,100.16869994325198,0.8808105090840428,0.781984420797019,0.09882608828702377
2024-01-05,2317,13458610,1401623876,104.0,104.5,104.0,104.0,0.0,7991,104.40000000000005,104.05,103.05000000000003,59.999999999999886,75.07936507936502,55.30732628740929,58.08566497835073,105.67488094967848,103.05000000000003,100.42511905032157,0.8353509654755271,0.7926577297327206,0.04269323574280648
2024-01-08,2317,35053132,3594588454,103.5,104.0,101.5,101.5,-2.5,20103,103.80000000000004,103.85,103.05000000000003,33.33333333333322,56.66666666666662,28.335206768553817,42.345562422090424,105.67488094967848,103.05000000000003,100.42511905032157,0.5907846453779797,0.7522831128617724,-0.1614984674837927
2024-01-09,2317,25951574,2631608130,102.0,102.5,101.0,101.0,-0.5,14140,103.00000000000004,103.6,103.05000000000003,16.666666666666554,36.66666666666662,25.440318891107736,40.01035391493819,105.67488094967848,103.05000000000003,100.42511905032157,0.3525542276904048,0.6723373358274989,-0.3197831081370941
2024-01-10,2317,23473035,2358632814,101.0,101.5,100.0,100.0,-1.0,17069,102.10000000000005,103.2,103.00000000000003,-1.1368683772161603e-13,16.666666666666618,20.543112648685856,35.76258099306218,105.81069386450874,103.00000000000003,100.18930613549132,0.08211667277632273,0.5542932032172636,-0.4721765304409409
2024-01-11,2317,34911583,3504250726,100.0,102.0,99.7,100.5,0.5,17009,101.40000000000005,102.9,102.97500000000002,5.031446540880374,7.23270440251567,28.56462018259545,39.23624789151486,105.86420404263684,102.97500000000002,100.0857959573632,-0.09081436509399055,0.42527168955501277,-0.5160860546490034
2024-01-12,2317,29378104,2954863822,100.0,101.5,100.0,100.5,0.0,13960,100.70000000000005,102.55,102.90000000000002,10.062893081760862,5.031446540880439,28.56462018259546,39.23624789151486,105.95941170815459,102.90000000000002,99.84058829184545,-0.22526672393718172,0.29516400685657385,-0.5204307307937556
2024-01-15,2317,22849994,2292819409,101.0,101.5,100.0,100.0,-0.5,14482,100.40000000000005,102.1,102.82500000000002,11.949685534591033,9.014675052410821,25.113743211742985,36.92077218239541,106.08498466253874,102.82500000000002,99.56501533746129,-0.3679257888549188,0.1625460477142753,-0.530471836569194
2024-01-16,2317,26322401,2630507690,99.8,100.5,99.3,100.0,0.0,13748,100.20000000000005,101.6,102.72500000000002,11.011806245172549,11.008128287174879,25.113743211742985,36.92077218239542,106.19595087835972,102.72500000000002,99.25404912164032,-0.47550282502859886,0.03493627316570047,-0.5104390981942993
2024-01-17,2317,48863335,4847251358,99.8,100.0,98.5,98.6,-1.4,40296,99.92000000000004,101.01,102.53000000000002,6.5359152598475845,9.832469013203786,17.196266430700586,30.98322838659732,106.44003836298288,102.53000000000002,98.61996163701716,-0.6660489037968205,-0.10526076222680372,-0.5607881415700168
2024-01-18,2317,18285961,1820209756,99.0,100.0,98.9,99.9,1.3,9853,99.80000000000004,100.6,102.30000000000003,13.133971291865931,10.22723093229542,38.27695522232006,40.544735756781385,106.26030301870789,102.30000000000003,98.33969698129216,-0.7040431375463214,-0.22501723729070727,-0.47902590025561415
2024-01-19,2317,16535880,1658760739,100.0,101.0,100.0,100.5,0.6,7804,99.80000000000004,100.25,102.15000000000002,25.707070707070596,15.125652419594767,45.718173104875234,44.37504614869543,106.14424586123383,102.15000000000002,98.15575413876621,-0.6779241681187642,-0.31559862345631867,-0.36232554466244554
2024-01-22,2317,23125015,2315424649,100.5,101.0,99.9,99.9,-0.6,11986,99.78000000000004,100.09,101.97000000000003,38.484848484848456,25.77529682792839,40.080765048463256,41.496087114290965,106.02862045527596,101.97000000000003,97.9113795447241,-0.6975982044006628,-0.3919985396451875,-0.3055996647554753
2024-01-23,2317,19081079,1922295589,100.0,101.5,99.9,101.0,1.1,7308,99.98000000000005,100.09,101.84500000000003,53.80952380952374,39.333814333814324,52.58585345012828,48.1390693571738,105.86120467605743,101.84500000000003,97.82879532394263,-0.617313210554272,-0.4370614738270044,-0.18025173672726763
2024-01-24,2317,13279806,1338933642,101.0,101.5,100.5,100.5,-0.5,7853,100.36000000000004,100.14,101.67000000000003,59.3650793650793,50.553150553150566,47.34590474753123,45.60425838692354,105.5994274392051,101.67000000000003,97.74057256079496,-0.5872629936027778,-0.46710177778215906,-0.12016121582061873
2024-01-25,2317,24411257,2481788550,101.0,102.0,100.5,102.0,1.5,11459,100.78000000000004,100.28999999999999,101.59500000000003,79.36507936507924,64.17989417989416,60.961096541155904,53.51265699069743,105.4381627600184,101.59500000000003,97.75183723998165,-0.4373688009074357,-0.46115518240721437,0.023786381499778686
2024-01-26,2317,26269872,2697725913,102.0,103.5,102.0,102.5,0.5,11872,101.18000000000004,100.49,101.52000000000002,82.2222222222221,73.65079365079362,64.5280855567255,55.81848888961507,105.22869249196852,101.52000000000002,97.81130750803153,-0.27506003112152655,-0.4239361521500768,0.14887612102855025
2024-01-29,2317,16486936,1692279578,102.5,103.0,102.0,102.5,0.0,8333,101.70000000000005,100.74,101.42000000000003,86.66666666666656,82.75132275132269,64.52808555672549,55.81848888961507,104.90287237779214,101.42000000000003,97.93712762220792,-0.1447604532992699,-0.36810101237991544,0.22334055908064554
2024-01-30,2317,17948156,1835704156,102.5,103.0,102.0,102.0,-0.5,8470,101.90000000000005,100.94,101.27000000000002,75.79710144927525,81.56199677938804,57.39069846651643,52.782155821608356,104.35940123648328,101.27000000000002,98.18059876351677,-0.08091023758896654,-0.31066285742172567,0.22975261983275913
2024-01-31,2317,18670512,1908083358,102.0,102.5,101.5,102.5,0.5,8431,102.30000000000004,101.33,101.17000000000003,73.20450885668264,78.55609232420822,62.26071989020699,55.39514806024791,103.94856077852977,101.17000000000003,98.39143922147029,0.009922954065416434,-0.24654569512429725,0.2564686491897137
2024-02-01,2317,15011693,1538413859,102.5,103.0,102.0,103.0,0.5,7699,102.50000000000004,101.64,101.12000000000003,75.24154589371966,74.74771873322591,66.70094650197869,57.90390430467921,103.72353605697737,101.12000000000003,98.5164639430227,0.1208615178508694,-0.1730642525292639,0.29392577038013334
2024-02-02,2317,17360028,1769947561,102.5,103.0,101.5,102.0,-1.0,9502,102.40000000000005,101.78999999999999,101.02000000000002,72.22222222222206,73.55609232420818,52.33379846474686,51.647300298106266,103.30788111578961,101.02000000000002,98.73211888421044,0.12662977702350986,-0.11312544661870916,0.23975522364221902
2024-02-05,2317,17589601,1785655319,101.5,102.0,101.0,101.5,-0.5,8261,102.20000000000005,101.95,101.02000000000002,59.25925925925912,68.90767579173367,46.49215507161532,48.80759719554926,103.30788111578961,101.02000000000002,98.73211888421044,0.08981995413000732,-0.07253636646896586,0.16235632059897318
2024-02-15,2317,28273526,2866994311,101.5,102.0,101.0,101.0,-0.5,14939,102.00000000000004,101.95,101.02000000000002,36.11111111111098,55.86419753086411,41.135252571934785,46.07915652230722,103.30788111578961,101.02000000000002,98.73211888421044,0.020070720192023828,-0.05401494913676792,0.07408566932879175
2024-02-16,2317,36916925,3733038587,101.0,101.5,100.5,101.5,0.5,12607,101.80000000000004,102.05,101.09500000000003,27.77777777777767,41.049382716049315,48.11051022359454,49.14097740148787,103.34219825560268,101.09500000000003,98.84780174439737,0.005081198215634686,-0.0421957196662874,0.047276917881922086
2024-02-19,2317,25690866,2629333173,101.5,103.0,101.0,103.0,1.5,13906,101.80000000000004,102.15,101.22000000000003,49.999999999999886,37.962962962962905,63.32217107517337,57.02495499493164,103.59537365481361,101.22000000000003,98.84462634518644,0.11293748500659717,-0.011169078731710483,0.12410656373830765
2024-02-20,2317,39677541,4120188412,103.5,104.5,103.0,103.5,0.5,15466,102.10000000000005,102.25,101.37000000000003,69.44444444444433,49.07407407407402,67.07569652449686,59.2903214900147,103.91723379374181,101.37000000000003,98.82276620625825,0.23603927682280812,0.03827259237919324,0.1977666844436149
2024-02-21,2317,18655698,1927413724,103.5,104.0,103.0,103.0,-0.5,8714,102.40000000000005,102.3,101.52000000000002,79.16666666666656,66.20370370370365,59.92143606781134,56.10531153295442,104.08015624522928,101.52000000000002,98.95984375477077,0.28991060343865627,0.08860019459108585,0.2013104088475704
2024-02-22,2317,20473149,2115169994,103.5,104.0,103.0,103.5,0.5,7952,102.90000000000005,102.45,101.69500000000002,70.83333333333321,73.1481481481481,64.35674343766689,58.50579709819144,104.29382665831889,101.69500000000002,99.09617334168115,0.3686996986113229,0.14462009539513326,0.22407960321618964
2024-02-23,2317,17387814,1795917981,103.5,104.0,103.0,103.0,-0.5,8781,103.20000000000005,102.5,101.91500000000003,66.66666666666656,72.22222222222217,56.99778517007499,55.25179235189144,104.14773375035709,101.91500000000003,99.68226624964298,0.3863413008279508,0.19296433648169678,0.19337696434625404
2024-02-26,2317,20262550,2097770991,103.0,104.0,103.0,103.5,0.5,9149,103.30000000000004,102.55,102.09500000000003,70.83333333333321,69.44444444444439,62.05923722817064,57.78060123889899,104.22711162934377,102.09500000000003,99.96288837065629,0.43564635896544246,0.24150074097844593,0.19414561798699653
2024-02-27,2317,29154596,3020731690,104.0,104.5,103.0,103.5,0.0,11029,103.30000000000004,102.7,102.24500000000003,70.83333333333321,69.44444444444439,62.05923722817064,57.78060123889899,104.32872263028882,102.24500000000003,100.16127736971124,0.4693110471476416,0.2870628022122851,0.18224824493535652
2024-02-29,2317,39113569,4033382050,103.0,103.5,103.0,103.0,-0.5,12345,103.30000000000004,102.85,102.40000000000002,70.83333333333321,70.83333333333326,53.48985859787299,54.22656519890141,104.20554700852334,102.40000000000002,100.5944529914767,0.4504522011690568,0.3197406820036394,0.1307115191654174
2024-03-01,2317,28288633,2907270754,103.0,103.5,102.0,102.0,-1.0,11037,103.00000000000004,102.95,102.45000000000002,55.35714285714274,65.6746031746031,40.45532766233628,47.88296911787859,104.1499999999977,102.45000000000002,100.75000000000233,0.35077131385057214,0.325946808373026,0.024824505477546166
2024-03-04,2317,107381334,11281294815,102.5,107.0,102.5,106.5,4.5,44548,103.70000000000005,103.45,102.75000000000003,60.35714285714274,62.18253968253961,73.8762617655211,66.73915640031625,104.99722050542024,102.75000000000003,100.50277949457981,0.62765071764548,0.3862875902275168,0.24136312741796317
2024-03-05,2317,75946177,8154265909,107.0,108.5,106.5,106.5,0.0,29230,104.30000000000004,103.8,102.97500000000002,62.60073260073248,59.43833943833937,73.8762617655211,66.73915640031625,105.72227137356072,102.97500000000002,100.22772862643933,0.8374263107310043,0.4765153343282143,0.36091097640278996
2024-03-06,2317,40719766,4332592128,106.0,107.5,105.5,106.5,0.0,17135,104.90000000000005,104.1,103.17500000000003,76.15384615384603,66.3705738705738,73.8762617655211,66.73915640031625,106.30988436788105,103.17500000000003,100.040115632119,0.9922370880973688,0.5796596850820452,0.41257740301532353
2024-03-07,2317,48017303,5170730400,108.0,108.5,107.0,107.5,1.0,19427,105.80000000000004,104.55,103.42500000000003,74.35897435897424,71.03785103785096,78.19502273361813,69.77438178583157,107.06196301878181,103.42500000000003,99.78803698121824,1.1819921177935555,0.7001261716243473,0.4818659461692082
2024-03-08,2317,69726404,7414600307,107.5,108.5,104.5,105.0,-2.5,26940,106.40000000000005,104.7,103.57500000000002,66.66666666666656,72.39316239316231,52.75670822959355,56.01276679767121,107.2119630187828,103.57500000000002,99.93803698121724,1.1177603932786724,0.7836530159552123,0.3341073773234601
2024-03-11,2317,140871436,15354598565,105.0,111.5,105.0,109.5,4.5,58916,107.00000000000004,105.35,103.92500000000003,69.90553306342768,70.31039136302287,71.93194763714187,68.17876251644654,108.34399309797939,103.92500000000003,99.50600690202066,1.4136727413849144,0.9096569610411527,0.5040157803437617
2024-03-12,2317,351300080,40666691799,111.5,119.0,111.5,119.0,9.5,142023,109.50000000000004,106.9,104.72500000000002,75.03373819163282,70.53531264057574,85.96368798086456,80.46345953326369,112.61470848637536,104.72500000000002,96.83529151362468,2.387237427321324,1.205173054297187,1.182064373024137
2024-03-13,2317,345545874,41695955256,121.5,123.5,118.0,120.5,1.5,127032,112.30000000000004,108.6,105.65000000000002,88.3312933496531,77.75685486823791,87.14729677788584,81.6669286522086,115.99939611764795,105.65000000000002,95.30060388235209,3.2424549171310986,1.6126294268639694,1.6298254902671292
2024-03-14,2317,197698899,23658016973,121.0,121.5,117.0,121.0,0.5,59679,115.00000000000004,110.4,106.62500000000003,91.38058324104826,84.91520492744478,87.55539237882411,82.06355993878798,118.74884015071058,106.62500000000003,94.50115984928948,3.915432096701352,2.0731899608314457,1.8422421358699061
2024-03-15,2317,407962863,53340909160,128.0,133.0,127.0,132.0,11.0,150839,120.40000000000005,113.4,108.17500000000003,90.2109925977734,89.97428972949162,93.14332009635848,88.14180024546765,124.29416561115946,108.17500000000003,92.0558343888406,5.275565988425043,2.7136651663501654,2.561900822074878
2024-03-18,2317,241783637,32315657361,133.0,137.0,131.5,136.0,4.0,102089,125.70000000000005,116.35,109.90000000000002,93.83651436283004,91.8093634005506,94.24048006507839,89.53109632164222,129.74590637889824,109.90000000000002,90.0540936211018,6.600165863839038,3.49096530584794,3.109200557991098
2024-03-19,2317,173862333,23278131149,133.0,136.0,130.0,136.0,0.0,71019,129.10000000000005,119.3,111.55000000000003,96.779127305443,93.60887808868218,94.24048006507839,89.53109632164222,134.1263150226068,111.55000000000003,88.97368497739325,7.562742223621072,4.305320689402566,3.2574215342185058
2024-03-20,2317,206917477,28683832198,136.5,142.0,135.5,138.0,2.0,85273,132.60000000000005,122.45,113.27500000000002,94.39316239316229,95.00293468714516,94.8060865380612,90.1970904694163,138.26994948984677,113.27500000000002,88.28005051015327,8.390256554235236,5.1223078623691,3.2679486918661365
2024-03-21,2317,185853649,26387734222,141.0,145.0,139.0,142.5,4.5,79200,136.90000000000003,125.95,115.25000000000003,93.33547008546998,94.83591992802513,95.87058672600025,91.50636313187547,142.79723216586325,115.25000000000003,87.70276783413681,9.30195289241746,5.958236868378772,3.343716024038689
2024-03-22,2317,240446038,34947728098,144.0,148.5,142.0,145.5,3.0,115706,139.60000000000005,130.0,117.35000000000002,91.6584084084083,93.12901362901357,96.43833929552275,92.2495459732977,147.29344669539532,117.35000000000002,87.40655330460474,10.149555973415872,6.796500689386192,3.35305528402968
2024-03-25,2317,146548712,21334826225,147.0,147.5,143.0,145.5,0.0,59987,141.50000000000006,133.6,119.47500000000002,92.03936078936069,92.34441309441303,96.43833929552275,92.24954597329771,151.03205150992366,119.47500000000002,87.91794849007637,10.697968005840067,7.576794152676967,3.121173853163101
2024-03-26,2317,183134455,26273764855,146.0,147.0,139.0,142.0,-3.5,83230,142.70000000000005,135.9,121.40000000000002,87.24438724438714,90.31405214738542,79.15624691290978,82.48417440093434,153.5163509757878,121.40000000000002,89.28364902421225,10.726519108100177,8.20673914376161,2.519779964338568
2024-03-27,2317,147441892,21585196958,143.0,150.0,143.0,148.5,6.5,70894,144.80000000000004,138.7,123.65000000000002,87.7731769036116,89.01897497911985,84.98585449731051,85.54461639336803,156.72582198525052,123.65000000000002,90.57417801474952,11.14516718983559,8.794424752976406,2.350742436859184
2024-03-28,2317,200955134,30872961740,150.5,157.0,150.0,155.5,7.0,95738,147.40000000000003,142.15,126.27500000000002,89.09592822636291,88.03783079145393,88.88988650820743,87.98027976935838,160.6849912816029,126.27500000000002,91.86500871839715,11.904561929772598,9.416452188335644,2.488109741436954
2024-03-29,2317,154117085,23632502947,157.0,157.5,150.0,150.0,-5.5,97343,148.30000000000004,143.95,128.675,86.88332601376071,87.91747704791179,71.78061991448284,77.00189626226017,162.67099241087095,128.675,94.67900758912909,11.925118356449502,9.918185421958416,2.0069329344910862
2024-04-01,2317,78537153,11925127763,151.0,154.5,150.0,150.5,0.5,42398,149.30000000000004,145.4,130.87500000000003,78.45117845117836,84.81014423043403,72.3451721170227,77.27946061834842,164.53933572788833,130.87500000000003,97.21066427211173,11.84521107414281,10.303590552395296,1.5416205217475145
2024-04-02,2317,180494521,28086273426,152.0,159.5,151.0,159.0,8.5,80443,152.70000000000005,147.7,133.50000000000003,79.49002217294891,81.6081755459627,80.20104719031804,81.39118495318499,167.339326234427,133.50000000000003,99.66067376557307,12.325680171205732,10.708008476157383,1.6176716950483492
2024-04-03,2317,142522729,22371497644,156.0,159.0,155.0,159.0,0.0,63209,154.80000000000004,149.8,136.12500000000003,87.7679231337767,81.9030412526347,80.20104719031804,81.391184953185,169.3181845414082,136.12500000000003,102.93181545859188,12.561652481768363,11.07873727727958,1.4829152044887834
2024-04-08,2317,109070055,17246511925,159.0,160.0,156.5,158.0,-1.0,47875,155.30000000000004,151.35,138.65000000000003,95.19938056523414,87.4857752906533,76.7115794556735,79.42990390759307,170.40074802268379,138.65000000000003,106.89925197731627,12.523606258057981,11.36771107343526,1.1558951846227217
2024-04-09,2317,102584375,16273584213,158.5,161.5,155.5,158.0,0.0,56349,156.90000000000003,152.6,141.3,90.82720351013025,91.2648357363804,76.7115794556735,79.42990390759307,170.08263365295102,141.3,112.517366347049,12.351078803492186,11.564384619446646,0.7866941840455404
2024-04-10,2317,98947805,15448179471,159.0,160.0,154.0,154.5,-3.5,55685,157.70000000000005,153.5,143.55,79.02759902759894,88.35139436765446,63.54125284311588,72.35280532022094,168.86383021196082,143.55,118.23616978803922,11.795952406855264,11.61069817692837,0.185254229926894
2024-04-11,2317,174128794,26094065300,153.0,153.5,147.0,150.0,-4.5,98358,155.90000000000003,154.3,145.10000000000002,55.765420593006716,75.20674104357866,50.52864047589387,64.40707309871452,167.88069358031004,145.10000000000002,122.31930641969002,10.86762315129235,11.462083171801165,-0.5944600205088157
2024-04-12,2317,118079241,17853619777,151.0,153.5,148.5,150.5,0.5,48466,154.20000000000005,154.5,146.60000000000002,35.66324945635282,56.81875635898618,51.807986636204596,64.86872500771753,166.4685681416649,146.60000000000002,126.73143185833516,10.056338143073077,11.180934166055547,-1.1245960229824696
2024-04-15,2317,113282549,16647693899,148.5,150.0,144.5,146.0,-4.5,62507,151.80000000000004,153.55,147.85000000000002,17.883705206220334,36.43745841852664,40.744489966815856,57.62459831665885,163.89711812133197,147.85000000000002,131.80288187866807,8.947139482581377,10.734175229360712,-1.7870357467793347
2024-04-16,2317,177628458,24873995882,142.5,143.0,137.5,141.0,-5.0,88723,148.40000000000003,152.65,148.3,15.848264593193514,23.13173975192224,31.910871467747288,50.83208121785498,162.99149413776496,148.3,133.60850586223506,7.577287090656739,10.102797601619917,-2.525510510963178
2024-04-17,2317,105843742,15332678859,143.0,147.5,141.0,146.5,5.5,51481,146.80000000000004,152.25,148.82500000000002,20.30228758169926,18.01141912703772,46.7318490425144,56.85650508946692,162.4311566946722,148.82500000000002,135.21884330532782,6.856436503357884,9.453525381967511,-2.597088878609627
2024-04-18,2317,76071986,11198695942,144.5,148.5,144.5,148.0,1.5,35021,146.40000000000003,151.15,149.425,31.94444444444436,22.698332206445727,50.182168096679,58.35518166756918,161.7102553901004,149.425,137.13974460989962,6.333189615834726,8.829458228740954,-2.4962686129062277
2024-04-19,2317,133862460,19138041136,146.0,147.5,140.0,143.0,-5.0,70725,144.90000000000003,149.55,149.675,34.72222222222214,28.989651416121934,40.08500982170388,51.885246747811344,161.20008134461466,149.675,138.14991865538536,5.452204850785705,8.154007553149905,-2.7018027023641995
2024-04-22,2317,71622415,10254949481,141.5,145.5,141.5,143.0,0.0,34393,144.30000000000004,148.05,149.70000000000002,30.370370370370292,32.34567901234561,40.08500982170388,51.88524674781133,161.1647285183727,149.70000000000002,138.23527148162734,4.699841233145747,7.463174289149073,-2.763333056003326
2024-04-23,2317,68570312,9926746521,145.5,146.5,143.5,144.0,1.0,26841,144.90000000000003,146.65,149.62500000000003,29.328703703703624,31.473765432098702,43.196364015951296,53.091589085511835,161.2175622706962,149.62500000000003,138.03243772930387,4.136595193876303,6.7978584700945195,-2.6612632762182162
2024-04-24,2317,193442337,29479331645,147.5,157.0,146.5,156.0,12.0,86029,146.80000000000004,146.8,150.15000000000003,53.31374643874636,37.670940170940106,67.10873289045351,64.57095066569836,161.89776574502432,150.15000000000003,138.40223425497575,4.605429833264935,6.359372742728603,-1.7539429094636674
2024-04-25,2317,109088390,16645440545,153.0,154.5,151.0,151.5,-4.5,58725,147.50000000000006,146.95,150.62500000000003,69.09722222222214,50.579890788224056,56.67142172407079,58.7634380389048,161.76894454401005,150.62500000000003,139.48105545599,4.561292529842746,5.999756700151432,-1.438464170308686
2024-04-26,2317,100344911,15645735231,156.5,158.0,154.0,155.0,3.5,46551,149.90000000000003,147.4,150.95000000000002,84.01084010840101,68.80726958978985,62.03003168863975,61.65233542630112,162.20566524022405,150.95000000000002,139.69433475977598,4.753933759015183,5.750592111924182,-0.996658352908999
2024-04-29,2317,99096768,15720358140,157.0,161.0,156.0,158.5,3.5,51528,153.00000000000006,148.65,151.10000000000002,81.75198784954875,78.28668339339065,66.81776674985666,64.34253681503608,162.66978824352339,151.10000000000002,139.53021175647666,5.129889892879476,5.626451668115241,-0.49656177523576517
2024-04-30,2317,73433543,11579053739,159.5,161.0,156.0,156.0,-2.5,39006,155.40000000000003,150.15,151.40000000000003,83.21718931475021,82.99333909090001,60.46434107764763,61.04814685618258,163.14989361653775,151.40000000000003,139.65010638346232,5.166551936301573,5.5344717217525075,-0.3679197854509342
2024-05-02,2317,67513806,10356048901,153.5,155.0,152.0,154.0,-2.0,30879,155.00000000000006,150.9,151.57500000000002,76.98412698412692,80.65110138280865,55.53572259807199,58.468993795434656,163.37023208758472,151.57500000000002,139.7797679124153,4.976853515207182,5.422948080443442,-0.44609456523626
2024-05-03,2317,68197928,10731628875,157.5,159.0,156.0,156.0,2.0,30929,155.90000000000003,151.7,151.425,72.40537240537232,77.5355629014165,59.396998263041226,60.27632893032299,162.91096970220585,151.425,139.93903029779418,4.931057276284719,5.324569919611697,-0.39351264332697866
2024-05-06,2317,179516827,29682254035,161.5,168.5,161.0,167.5,11.5,103277,158.40000000000003,154.15,151.85000000000002,79.00854700854693,76.13268213268208,74.34332726795324,68.70858778371091,164.94236418680657,151.85000000000002,138.75763581319347,5.756361564578697,5.410928248605098,0.34543331597359916
2024-05-07,2317,126287105,21356710345,169.5,171.0,166.5,169.5,2.0,72560,160.60000000000005,156.8,152.425,88.07884179312741,79.83092040234891,76.12641602884193,69.90506597574806,167.4192488974935,152.425,137.43075110250652,6.496912086010411,5.628125016086161,0.8687870699242506
2024-05-08,2317,78084583,13254161269,168.5,171.5,168.0,169.5,0.0,44087,163.30000000000004,159.35,153.00000000000003,93.37381781981075,86.82040220716173,76.12641602884193,69.90506597574806,169.60120477555702,153.00000000000003,136.39879522444303,7.003076601821476,5.903115333233224,1.0999612685882525
2024-05-09,2317,114983332,19833371468,169.5,175.0,169.5,170.5,1.0,62224,166.60000000000005,160.8,153.8,88.18541202270929,89.8793572118825,77.20457761786697,70.55787793724446,172.07128895288992,153.8,135.5287110471101,7.399609181424751,6.202414102871529,1.1971950785532215
2024-05-10,2317,85310403,14450512084,171.5,172.0,167.0,169.5,-1.0,47274,169.30000000000004,162.6,154.77500000000003,82.25521385648628,87.93814789966878,73.34040661595999,68.94724596987548,174.17725502357786,154.77500000000003,135.3727449764222,7.54618474457348,6.471168231211919,1.075016513361561
2024-05-13,2317,78843674,13484783543,171.0,173.0,169.0,169.5,0.0,44491,169.70000000000005,164.05,155.72500000000002,77.53623188405786,82.65895258775114,73.34040661595998,68.94724596987548,176.0362653470918,155.72500000000002,135.41373465290823,7.575026741404258,6.691939933250387,0.8830868081538714
2024-05-14,2317,125671087,21512647061,170.0,175.0,168.0,172.0,2.5,63359,170.20000000000005,165.4,157.02500000000003,79.71014492753612,79.83386355602676,77.2201097915472,70.8748938131371,177.99754157225493,157.02500000000003,136.05245842774514,7.710728855828336,6.895697717765977,0.8150311380623592
2024-05-15,2317,156608812,26587852187,168.0,174.0,165.5,170.5,-1.5,86077,170.40000000000003,166.85,158.50000000000003,79.78642257818449,79.01093312992616,70.08101121322599,68.14166343891263,178.8985293587547,158.50000000000003,138.10147064124536,7.609518502675343,7.03846187474785,0.5710566279274927
2024-05-16,2317,151581757,26534649671,175.0,179.0,170.5,171.5,1.0,78824,170.60000000000005,168.6,159.75000000000003,73.86854818204922,77.78837189592328,72.08806253593974,68.99996408307143,180.11786684952497,159.75000000000003,139.38213315047508,7.523276562140381,7.135424812226356,0.3878517499140255
2024-05-17,2317,89280668,15170624052,173.0,173.0,167.0,170.0,-1.5,69059,170.70000000000005,170.0,160.85000000000002,55.99415204678352,69.88304093567241,64.51439487734817,66.12229910903112,180.9350690812846,160.85000000000002,140.76493091871544,7.250314625115664,7.158402774804218,0.09191185031144578
2024-05-20,2317,75406063,12652387586,170.0,170.5,166.0,167.5,-2.5,58491,170.30000000000004,170.0,162.07500000000002,35.49382716049372,55.11884246310882,53.570662859010376,61.517373843099406,180.58249848034527,162.07500000000002,143.56750151965477,6.754400690123475,7.077602357868069,-0.3232016677445939
2024-05-21,2317,47272089,7876646755,166.0,168.5,165.5,166.0,-1.5,33570,169.10000000000005,169.65,163.22500000000002,17.283950617283846,36.25730994152036,47.88470451595634,58.86831164918347,179.58187928670907,163.22500000000002,146.86812071329098,6.169232784472911,6.895928443189037,-0.7266956587161264
2024-05-22,2317,55692866,9402953187,166.0,170.5,166.0,169.0,3.0,32413,168.80000000000004,169.6,164.47500000000002,14.81481481481471,22.530864197530757,58.22952297656715,62.359434898863185,178.40509332344806,164.47500000000002,150.544906676552,5.879779493328215,6.692698653216873,-0.8129191598886578
2024-05-23,2317,84761305,14609041232,173.5,174.0,169.5,173.0,4.0,44857,169.10000000000005,169.85,165.32500000000002,28.395061728394953,20.16460905349783,68.08431330431733,66.44849983985176,179.15711842054466,165.32500000000002,151.49288157945537,5.905082134245276,6.535175349422554,-0.6300932151772773
2024-05-24,2317,72217014,12590363373,172.0,176.0,171.0,176.0,3.0,46278,170.30000000000004,170.5,166.55,53.08641975308631,32.09876543209865,73.54548478952356,69.15494578602849,179.58418582037194,166.55,153.51581417962808,6.096927996681785,6.4475258788744,-0.35059788219261456
2024-05-27,2317,115328484,21133969515,179.0,185.0,178.5,185.0,9.0,82407,173.80000000000004,172.05,168.05,77.77777777777767,53.08641975308631,83.45448667267328,75.53167054794696,182.27286890890792,168.05,153.8271310910921,6.895702641078685,6.537161231315257,0.3585414097634283
2024-05-28,2317,71081551,13140134110,185.5,186.0,183.5,185.5,0.5,71106,177.70000000000005,173.4,169.40000000000003,91.77958446251118,74.21459399779172,83.84665001112153,75.83061460161457,184.81622521890364,169.40000000000003,153.98377478109643,7.482825765422945,6.726294138136795,0.75653162728615
2024-05-29,2317,79257473,14466097397,185.5,186.0,180.5,180.5,-5.0,58857,180.00000000000006,174.4,170.62500000000003,90.24390243902428,86.60042155977105,65.68354417917031,67.01339058159765,185.47045384957812,170.62500000000003,155.77954615042194,7.458687748707803,6.872772860250996,0.5859148884568066
2024-05-30,2317,80629020,14299977466,177.0,179.5,176.0,176.5,-4.0,61089,180.70000000000005,174.9,171.75000000000003,74.79674796747956,85.60674495633835,54.636966446443246,60.91154024838272,184.67091328041303,171.75000000000003,158.82908671958702,7.0356885874784325,6.905356005696484,0.13033258178194895
2024-05-31,2317,150789406,26271213387,177.0,179.0,172.0,172.0,-4.5,83966,179.90000000000003,175.1,172.55,52.845528455284445,72.62872628726277,44.75744751990098,54.85966061733936,183.26400952024935,172.55,161.83599047975068,6.265125841928608,6.777309972942908,-0.5121841310143003
2024-06-03,2317,90323078,15969599627,177.0,179.5,174.5,176.5,4.5,53352,178.20000000000005,176.0,173.00000000000003,45.95528455284542,57.86585365853648,54.381116212018995,59.22274280448243,183.58300524425633,173.00000000000003,162.41699475574373,5.948985504624005,6.6116450792791275,-0.6626595746551223
2024-06-04,2317,104412410,18008953714,175.0,176.5,170.0,171.0,-5.5,78780,175.30000000000004,176.5,173.07500000000002,31.099408721359833,43.300073909829905,43.560405115568365,52.538651760631495,183.57868982786385,173.07500000000002,162.57131017213618,5.194756060814143,6.32826727558613,-1.1335112147719872
2024-06-05,2317,118643822,20674659753,171.0,178.0,168.5,175.5,4.5,66524,174.30000000000004,177.15,173.37500000000003,33.86363636363625,36.97277654594718,52.56916599333768,56.831587838232124,183.79553261594393,173.37500000000003,162.95446738405613,4.903610416110524,6.043335903691009,-1.1397254875804848
2024-06-06,2317,122671053,22094756570,181.5,183.0,177.5,177.5,2.0,78146,174.50000000000006,177.6,173.72500000000002,33.50649350649339,32.8231795304965,56.19470091804095,58.62292091597195,184.20581580794047,173.72500000000002,163.24418419205958,4.779167413381373,5.790502205629082,-1.011334792247709
2024-06-07,2317,56520045,10049044147,177.5,180.0,176.5,177.5,0.0,43159,175.60000000000005,177.75,174.12500000000003,47.61904761904751,38.329725829725724,56.194700918040965,58.62292091597195,184.54073329151433,174.12500000000003,163.70926670848573,4.6272058880137195,5.557842942106009,-0.9306370540922897
2024-06-11,2317,85329821,15338544528,179.0,181.5,177.5,180.5,3.0,38710,176.40000000000003,177.3,174.675,57.14285714285703,46.089466089465986,62.108163167091035,61.40878155595014,185.21670289848788,174.675,164.13329710151214,4.694732261152893,5.385220805915386,-0.6904885447624931
2024-06-12,2317,126289783,23393538750,184.0,188.0,182.5,187.5,7.0,73072,179.70000000000005,177.5,175.45000000000002,72.47863247863238,59.08017908017897,72.2908426291204,66.99305148139145,187.2901858093517,175.45000000000002,163.60981419064834,5.252540875308625,5.358684819794034,-0.10614394448540843
2024-06-13,2317,148512198,28450483573,191.0,195.0,188.0,192.0,4.5,101895,183.00000000000006,178.65,176.52500000000003,84.89552376344818,71.50567112831253,76.93877723209671,69.99856758573942,190.14291099985428,176.52500000000003,162.9070890001458,5.988686759615149,5.484685207758257,0.5040015518568923
2024-06-14,2317,125211164,24479589921,192.5,198.5,191.0,198.0,6.0,75673,187.10000000000005,180.8,177.85000000000002,94.81615868408312,84.06343830872123,81.71092564303207,73.46763731111146,194.14754582751564,177.85000000000002,161.5524541724844,6.97582456914742,5.7829130800360895,1.1929114891113306
2024-06-17,2317,90945035,17988971061,197.5,200.0,195.0,200.0,2.0,59920,191.60000000000005,183.6,179.35000000000002,95.67085953878397,91.79418066210509,83.07310543860729,74.52505769043356,197.85432381904226,179.35000000000002,160.84567618095778,7.829270721126846,6.192184608254241,1.6370861128726055
2024-06-18,2317,93439720,18599886778,200.5,201.0,197.0,198.5,-1.5,65645,195.20000000000005,185.8,180.90000000000003,96.88034188034179,95.78912003440297,77.99043331267075,72.20092738601132,200.34376506749504,180.90000000000003,161.45623493250503,8.289044535684809,6.611556593740355,1.6774879419444542
2024-06-19,2317,176031571,36081706615,200.0,208.0,199.5,203.0,4.5,107041,198.30000000000004,189.0,182.75000000000003,92.14489214489204,94.8986978546726,81.8723131230747,74.745436215167,203.18648697795112,182.75000000000003,162.31351302204894,8.913778498250906,7.0720009746424655,1.8417775236084406
2024-06-20,2317,180562091,38133209814,205.0,217.5,203.5,217.5,14.5,104422,203.40000000000003,193.2,185.175,92.14489214489204,93.72337539004195,89.09960011680498,80.83326004878421,209.6255112420985,185.175,160.72448875790153,10.458356064383878,7.749271992590748,2.7090840717931304
2024-06-21,2317,174076905,37127696834,211.0,217.5,211.0,212.0,-5.5,97392,206.20000000000005,196.65,187.12500000000003,90.12566137566127,91.4718152218151,75.73722196701851,73.58717075717063,213.5236268582285,187.12500000000003,160.72637314177155,11.110565199509324,8.421530633974463,2.689034565534861
2024-06-24,2317,109548050,22653801367,209.5,210.0,205.0,206.0,-6.0,82746,207.40000000000003,199.5,188.62500000000003,84.46428571428561,88.91161307827963,63.59809484052743,66.57579573447713,215.7245848676688,188.62500000000003,161.52541513233126,11.016306656379584,8.940485838455487,2.0758208179240967
2024-06-25,2317,121206515,25045108196,203.0,212.0,201.0,211.0,5.0,70769,209.90000000000003,202.55,189.925,77.11965294592403,83.90320001195697,68.50575844200117,69.20868595818696,218.6500326370567,189.925,161.1999673629433,11.21577581311405,9.3955438333872,1.8202319797268505
2024-06-26,2317,110939569,23499859690,211.5,215.5,210.0,210.0,-1.0,63281,211.30000000000004,204.8,191.15000000000003,72.26902401510642,77.95098755843868,66.416447401667,68.05406241345905,221.08008519867496,191.15000000000003,161.2199148013251,11.164467878212434,9.749328642352246,1.4151392358601882
2024-06-27,2317,85520365,18119649387,208.0,214.5,207.5,212.5,2.5,45667,210.30000000000004,206.85,192.75000000000003,75.81399756007995,75.06755817370346,69.15979056858251,69.42727763941309,223.63769981724008,192.75000000000003,161.86230018275998,11.196469149976537,10.038756743877105,1.1577124060994315
2024-06-28,2317,76615716,16423256571,214.0,216.0,212.5,214.0,1.5,42916,210.70000000000005,208.45,194.62500000000003,77.46757341787243,75.18353166435293,70.82788073478632,70.25349599118196,225.88979649701773,194.62500000000003,163.36020350298233,11.213604401074036,10.273726275316491,0.939878125757545
2024-07-01,2317,74505315,16078735485,215.0,217.0,214.5,216.0,2.0,43491,212.70000000000005,210.05,196.82500000000002,84.12375790424561,79.13510962739933,73.09185501507149,71.36468049932309,227.6004366337827,196.82500000000002,166.04956336621734,11.258783251351844,10.470737670523562,0.7880455808282818
2024-07-02,2317,147154898,30602743184,212.0,213.0,203.0,204.5,0.0,128721,211.40000000000003,210.65,198.22500000000002,65.26853904902676,75.6199567903816,48.06724289516901,57.95812774024854,227.69443331657317,198.22500000000002,168.75556668342688,10.248495646853257,10.426289265789501,-0.1777936189362439
2024-07-03,2317,77916135,15974048414,205.0,208.0,203.0,203.0,-1.5,67881,210.00000000000006,210.65,199.82500000000002,41.666666666666565,63.68632120664631,45.68694820426375,56.468030740231846,226.55564720503355,199.82500000000002,173.09435279496648,9.220509681541216,10.185133348939845,-0.9646236673986284
2024-07-04,2317,112375851,23865052729,208.0,215.0,207.5,214.5,11.5,73515,210.40000000000003,210.35,201.77500000000003,39.23611111111101,48.72377227560145,62.35918593480482,64.09057432816535,226.7559427364127,201.77500000000003,176.79405726358738,9.227409455937305,9.993588570339337,-0.766179114402032
2024-07-05,2317,44877435,9608898174,214.0,215.5,212.5,214.5,0.0,44283,210.50000000000006,210.6,203.62500000000003,60.290404040403935,47.064393939393845,62.359185934804806,64.09057432816535,226.53542339198373,203.62500000000003,180.71457660801633,9.127659598772539,9.820402776025977,-0.6927431772534387
2024-07-08,2317,116266597,25999507999,217.0,226.5,216.5,226.5,12.0,81632,212.60000000000005,212.65,206.075,89.58333333333321,63.03661616161605,73.7873708048045,70.36947629675663,227.73204273440916,206.075,184.41795726559081,9.902754045737197,9.83687302996822,0.06588101576897643
2024-07-09,2317,140667212,31972261941,226.5,234.5,220.5,225.5,-1.0,110588,216.80000000000004,214.1,208.325,85.26785714285704,78.3805315055314,71.67177851840462,69.2822975295312,228.16000693218984,208.325,188.48999306781013,10.317397797111397,9.932977983396857,0.3844198137145405
2024-07-10,2317,72345924,16175517511,225.5,226.0,220.5,223.5,-2.0,59377,220.90000000000003,215.45,210.125,78.83597883597872,84.56238977072299,67.17759137807673,67.05110393441761,228.5583257986725,210.125,191.6916742013275,10.365139792665389,10.019410345250563,0.3457294474148256
2024-07-11,2317,66478277,15013634144,226.5,229.0,224.0,225.5,2.0,44786,223.10000000000005,216.75,211.8,69.3121693121692,77.80533509700166,69.41506211310268,68.15552271008191,229.4107921457266,211.8,194.18920785427343,10.443967398382455,10.104321755876942,0.33964564250551277
2024-07-12,2317,145211899,31540686831,219.0,221.0,214.0,216.0,-9.5,148848,223.40000000000003,216.95,212.7,59.259259259259146,69.1358024691357,50.382189143949276,58.179818410644714,229.20272704737084,212.7,196.19727295262913,9.62887258920486,10.009231922542526,-0.38035933333766536
2024-07-15,2317,53360233,11564701198,216.5,219.0,214.5,216.5,0.5,40212,221.40000000000003,217.0,213.525,51.851851851851734,60.1410934744267,51.20373238227788,58.523907915877516,229.02491935462885,213.525,198.02508064537116,8.920420843106115,9.791469706655244,-0.8710488635491291
2024-07-16,2317,84353418,18071422075,216.5,217.5,212.5,213.0,-3.5,69899,218.90000000000003,217.85,214.25,34.832451499118044,48.64785420340964,45.1047183662474,55.10594986186207,228.14424341229088,214.25,200.35575658770912,7.984506559489091,9.430077077222013,-1.4455705177329214
2024-07-17,2317,76957900,16434832998,213.0,217.5,211.5,212.0,-1.0,54093,216.60000000000005,218.75,214.7,21.80047542366371,36.16159292487783,43.38225924793641,54.1331723372905,227.65916663987318,214.7,201.7408333601268,7.080476775350519,8.960157016847713,-1.8796802414971943
2024-07-18,2317,136319692,27955662427,206.0,209.0,203.0,204.0,-8.0,126875,212.30000000000004,217.7,214.025,8.572962196150481,21.735296372977412,31.98287825425635,46.98708658798951,227.71614677446635,214.025,200.33385322553366,5.653325499739367,8.298790713426044,-2.645465213686677
2024-07-19,2317,92595590,18698864046,200.5,204.0,200.0,204.0,0.0,74087,209.90000000000003,216.65,213.625,5.647573038877266,12.007003552897153,31.98287825425634,46.987086587989516,227.98074797772634,213.625,199.26925202227366,4.470761674121064,7.533184905565048,-3.062423231443984
2024-07-22,2317,162437272,31663789302,203.0,204.0,191.0,192.5,-11.5,138256,205.10000000000005,213.25,212.95,6.238724831402056,6.819753355476602,21.12298053230673,38.51145786541365,229.73958010195736,212.95,196.16041989804262,2.575923785968598,6.541732681645758,-3.96580889567716
2024-07-23,2317,86260900,17207851304,198.5,201.5,197.0,201.5,9.0,60728,202.80000000000004,210.85,212.475,14.391050088990474,8.759115986423266,39.789780032776164,46.625813333213486,229.9806419476696,212.475,194.9693580523304,1.7799576481173176,5.58937767494007,-3.8094200268227523
2024-07-26,2317,105379193,20201830838,190.0,194.0,188.5,192.0,-9.5,97070,198.80000000000004,207.7,211.575,14.116059379217154,11.58194476653656,30.810428164022248,40.54376718136552,231.2174922044025,211.575,191.93250779559747,0.3782182791669584,4.547145795785448,-4.168927516618489
2024-07-29,2317,59992669,11633485095,196.0,197.0,192.0,193.0,1.0,40921,196.60000000000005,204.45,210.6,17.718302692418188,15.408470720208605,32.676228110297686,41.41014395261491,231.83346415448938,210.6,189.3665358455106,-0.6445486711977537,3.508806902388807,-4.153355573586561
2024-07-30,2317,56000732,10814583971,190.5,197.0,189.0,196.0,3.0,40850,195.00000000000006,202.45,209.7,17.12846603180113,16.320942701145487,38.48242409747728,44.04440533217734,231.78936395643845,209.7,187.61063604356153,-1.199200285629388,2.567205464785168,-3.766405750414556
2024-07-31,2317,78102814,15516769258,194.5,202.0,194.0,198.0,2.0,44998,196.10000000000005,200.6,208.8,24.458262671942595,19.768343798720636,42.349493022796224,45.794155223731785,231.2530621519646,208.8,186.34693784803542,-1.4605461341370187,1.7616551450007307,-3.2222012791377495
2024-08-01,2317,71018214,14415202229,205.0,205.5,200.5,202.5,4.5,41705,196.30000000000004,199.55,208.7,42.304457527333774,27.963728743692496,50.515039171837294,49.61206958099428,231.2463966078845,208.7,186.15360339211549,-1.2896855181913054,1.1513870123623233,-2.4410725305536287
2024-08-02,2317,180006074,34309570053,192.5,194.5,185.5,186.5,-16.0,180226,195.20000000000005,197.0,207.875,35.35043453882803,34.03771824603479,31.819724471428746,39.07401858242559,232.32264814864612,207.875,183.42735185135388,-2.4174763687387895,0.43761433614210077,-2.8550907048808902
2024-08-05,2317,235984497,39931952149,169.5,172.5,168.0,168.0,-18.5,180467,190.20000000000005,193.4,205.55,24.43089430894297,34.02859545836825,21.223882801429955,30.901008502826638,235.30382328373918,205.55,175.79617671626085,-4.749307076504039,-0.5997699463871271,-4.1495371301169115
2024-08-06,2317,312722064,52502900780,173.5,175.0,160.0,167.5,-0.5,169366,184.50000000000006,189.75,203.2,7.1611721611720425,22.31416700298101,21.003350258222493,30.71402056766518,236.91557503587947,203.2,169.4844249641205,-6.562002849522344,-1.7922165270141706,-4.769786322508173
2024-08-07,2317,172980115,29614701438,169.0,175.0,168.0,170.5,3.0,106835,179.00000000000006,187.55,200.4,13.186813186813069,14.92629321897602,26.359613883276307,33.321163718845646,235.19453980152596,200.4,165.60546019847405,-7.668109191921047,-2.967395059995546,-4.700714131925501
2024-08-08,2317,175362627,28738573698,163.5,166.5,161.0,163.5,-7.0,124274,171.20000000000005,183.75,197.3,15.750915750915633,12.032967032966909,22.252349028699555,30.44267944842859,233.61170610147656,197.3,160.98829389852347,-9.005735423806982,-4.175063132757833,-4.830672291049149
2024-08-09,2317,138560409,23576514546,170.0,172.0,168.0,168.5,5.0,77924,167.60000000000005,181.4,194.55,16.483516483516368,15.140415140415016,31.187461031005764,34.77681369485115,230.83897904322998,194.55,158.26102095677004,-9.55224332145201,-5.250499170496669,-4.301744150955342
2024-08-12,2317,116336000,20471799850,172.0,179.0,171.5,176.0,7.5,73217,169.20000000000005,179.7,192.075,20.512820512820397,17.58241758241746,42.70958936805517,40.74148132547562,226.27481725097417,192.075,157.8751827490258,-9.27327095269581,-6.055053526936497,-3.2182174257593132
2024-08-13,2317,117511594,21246757812,180.0,183.0,178.0,181.0,5.0,74230,171.90000000000003,178.2,190.325,33.33333333333322,23.44322344322332,49.31096814951478,44.39247615768772,222.99650899484166,190.325,157.65349100515832,-8.55016415720084,-6.554075652989366,-1.9960885042114738
2024-08-14,2317,99284664,18403713063,186.0,187.0,183.5,185.5,4.5,58594,174.90000000000003,176.95,188.775,51.743908265647285,35.196687370600294,54.781821583056015,47.52599174503998,219.1961686166066,188.775,158.3538313833934,-7.527215366916153,-6.748703595774723,-0.7785117711414298
2024-08-15,2317,85168990,15597220467,185.5,186.0,181.0,181.0,-4.5,69384,178.40000000000003,174.8,187.175,65.9482224699615,50.34182135631399,48.655249129722336,44.806876255564305,215.6342252178444,187.175,158.71577478215562,-6.998953888865003,-6.798753654392779,-0.20020023447222446
2024-08-16,2317,73463052,13598937157,186.0,187.0,183.0,184.0,3.0,49246,181.50000000000006,174.55,185.775,80.19323671497573,65.96178915019482,52.76399947920948,46.98454772191018,211.86805463145325,185.775,159.68194536854676,-6.265997415874921,-6.692202406689207,0.426204990814286
2024-08-19,2317,58296324,10895078643,185.0,188.0,184.5,187.0,3.0,41243,183.70000000000005,176.45,184.925,87.6543209876542,77.93192672419713,56.79739173333446,49.145386798921166,209.6601470583861,184.925,160.18985294161394,-5.381020151670441,-6.429965955685454,1.0489458040150126
2024-08-20,2317,85359040,16073514773,189.5,191.0,186.0,186.5,-0.5,60468,184.80000000000004,178.35,184.05,90.0617283950616,85.96976203256384,55.8697724188486,48.7884670653461,207.21225377634894,184.05,160.88774622365108,-4.666225769155005,-6.077217918379364,1.4109921492243584
2024-08-21,2317,73330894,13472333866,185.0,186.0,181.5,183.5,-3.0,59842,184.40000000000003,179.65,183.6,82.895866881374,86.87063875469659,50.13779275118472,46.60158951418118,206.4354986807819,183.6,160.76450131921808,-4.292341557564214,-5.720242646216334,1.4279010886521197
2024-08-22,2317,74784164,13506319190,184.0,185.0,179.0,179.5,-4.0,64888,184.10000000000005,181.25,182.5,64.47231512448892,79.14330346697481,43.23741335320201,43.78358287903926,203.8518149111497,182.5,161.1481850888503,-4.269585077741652,-5.4301111325213975,1.1605260547797451
2024-08-23,2317,50027162,8912666314,176.0,181.0,175.0,180.0,0.5,41328,183.30000000000004,182.4,181.9,46.55564845782225,64.64127682122837,44.35426741002488,44.2375017106088,202.82032504527604,181.9,160.97967495472398,-4.1632136467952705,-5.176731635376172,1.0135179885809018
2024-08-26,2317,42914990,7848485950,182.0,185.0,180.5,182.0,2.0,32596,182.30000000000004,183.0,181.35,38.675213675213556,49.90105908584155,49.03400534721218,46.111861229622875,201.64310227639004,181.35,161.05689772360995,-3.87288601688806,-4.91596251167855,1.0430764947904896
2024-08-27,2317,28579088,5157009913,181.5,182.0,179.0,180.5,-1.5,32152,181.10000000000005,182.95,180.575,36.458333333333215,40.56306515545632,45.67308608615013,44.89305195346503,199.7225194215861,180.575,161.42748057841388,-3.720944016056052,-4.67695881255405,0.9560147964979979
2024-08-28,2317,60573731,11100743471,181.0,186.0,179.5,185.5,5.0,40669,181.50000000000006,182.95,179.95,47.91666666666655,41.016737891737755,57.10653748259556,49.66862329329906,197.5337993619131,179.95,162.36620063808687,-3.160636818640029,-4.373694413771245,1.2130575951312164
2024-08-29,2317,58392678,10641492477,180.5,185.5,180.0,184.5,-1.0,41615,182.50000000000006,183.3,179.05,53.124999999999886,45.8333333333332,54.43349817529586,48.758533401347755,193.48571958719015,179.05,164.61428041280988,-2.7654031247255944,-4.052036155962115,1.286633031236521
2024-08-30,2317,55298840,10204591983,185.0,186.0,183.5,184.5,0.0,25936,183.40000000000003,183.35,178.95,61.45833333333322,54.166666666666536,54.43349817529586,48.758533401347755,193.2044729821911,178.95,164.69552701780887,-2.42423253120603,-3.7264754310108983,1.302242899804868
2024-09-02,2317,36343903,6688191942,185.5,187.0,182.0,183.0,-1.5,26722,183.60000000000005,182.95,179.7,61.80555555555545,58.79629629629617,49.68526572501486,47.252321938571455,193.12534915747145,179.7,166.27465084252853,-2.2489651712552927,-3.430973379059777,1.1820082078044845
2024-09-03,2317,52160276,9664621237,184.0,187.0,183.0,185.0,2.0,30186,184.50000000000006,182.8,180.575,69.79166666666656,64.35185185185173,55.69681244945086,49.49265838874058,192.94542844852293,180.575,168.20457155147704,-1.9264740468351533,-3.1300735126148522,1.203599465779699
2024-09-04,2317,126923199,22545752187,175.0,181.0,172.0,179.5,-5.5,88719,183.30000000000004,182.4,181.025,66.66666666666656,66.08796296296283,40.26291163413161,43.96281571748054,192.520542614422,181.025,169.529457385578,-2.0906023790206802,-2.922179285896018,0.8315769068753376
2024-09-05,2317,77629690,13796237402,180.0,181.0,175.0,175.0,-4.5,72711,181.40000000000003,181.95,181.6,51.11111111111101,62.52314814814802,31.840724008653325,40.022667720827684,190.3555696559392,181.6,172.84443034406078,-2.554342783108808,-2.848611985338576,0.29426920222976793
2024-09-06,2317,39222622,6922689688,175.5,178.0,175.0,176.5,1.5,28471,179.80000000000004,181.6,182.0,33.33333333333323,50.370370370370246,36.96821466448691,41.8921663363398,188.84835746730514,182.0,175.15164253269486,-2.7689047204073916,-2.8326705323523393,0.06376581194494779
2024-09-09,2317,68938987,11869037943,172.0,174.0,170.5,172.0,-4.5,63220,177.60000000000005,180.6,181.8,19.696969696969592,34.71380471380459,29.263251972002053,38.05945183474611,189.51621668954283,181.8,174.0837833104572,-3.264428691562614,-2.919022164194394,-0.34540652736821986
2024-09-10,2317,92555358,15703874968,173.5,174.0,167.5,169.0,-3.0,78401,174.40000000000003,179.45,181.2,15.594405594405492,22.874902874902755,25.181236509343346,35.713599357724185,190.72575456328892,181.2,171.67424543671106,-3.8547744958402177,-3.1061726305235586,-0.7486018653166591
2024-09-11,2317,29538055,5032175690,170.0,172.0,169.5,169.5,0.5,20075,172.40000000000003,177.85,180.4,9.01320901320891,14.768194768194647,27.157002062116035,36.41701578860301,190.97638879769394,180.4,169.82361120230607,-4.233481043398541,-3.3316343130985553,-0.9018467302999857
2024-09-12,2317,53142993,9359414247,174.5,177.5,174.0,177.5,8.0,39767,172.90000000000003,177.15,180.225,23.07692307692297,15.894845894845773,51.2082661312632,46.50317993493363,190.87147829096637,180.225,169.57852170903362,-3.843767016062202,-3.4340608536912844,-0.4097061623709175
2024-09-13,2317,37100441,6557941556,179.0,179.5,175.0,176.0,-1.5,27286,172.80000000000004,176.3,179.825,35.04273504273494,22.377622377622256,47.75880238630933,45.05986544898106,190.475234739198,179.825,169.174765260802,-3.6142900201028283,-3.470106686973593,-0.14418333312923526
2024-09-16,2317,54484267,9745444472,177.0,182.0,175.0,181.0,5.0,34487,174.60000000000005,176.1,179.525,62.6584143825522,40.259357500736684,58.60316808005908,50.567376848317245,189.67623145238971,179.525,169.3737685476103,-2.9944514617859,-3.3749756419360546,0.38052418015015466
2024-09-18,2317,78892097,13867710200,179.0,179.5,173.5,174.0,-7.0,72219,175.60000000000005,175.0,178.9,60.506926024167306,52.736025149818126,43.76468100888497,43.92809938985907,188.79242134161228,178.9,169.00757865838773,-3.0331027171012863,-3.306601056969101,0.2734983398678148
2024-09-19,2317,41818994,7338504656,174.5,176.5,173.0,176.5,2.5,24742,177.00000000000006,174.7,178.55,66.66666666666657,63.27733569112868,49.131380057697214,46.623522542136314,188.26030380575085,178.55,168.83969619424917,-2.8293895670822735,-3.2111587589917354,0.3817691919094619
2024-09-20,2317,82199775,14730717699,180.0,182.0,177.0,177.0,0.5,39913,176.90000000000003,174.9,178.425,57.47126436781599,61.54828568621661,50.23943218418716,47.17050427341379,188.14752539209758,178.425,168.70247460790245,-2.597655451630544,-3.088458097519497,0.49080264588895295
2024-09-23,2317,30951518,5552858366,178.0,180.5,177.5,180.0,3.0,26766,177.70000000000005,175.25,178.425,71.26436781609185,65.13409961685812,56.822992453238705,50.45138445419215,188.14752539209758,178.425,168.70247460790245,-2.147178233522993,-2.900202124720196,0.7530238911972029
2024-09-24,2317,57714716,10452057970,179.0,184.0,178.0,183.0,3.0,38239,178.10000000000005,176.35,178.475,81.60919540229877,70.11494252873553,62.59643991779935,53.55747701120192,188.2804831599471,178.475,168.6695168400529,-1.5304547351934445,-2.6262526468148457,1.0957979116214012
2024-09-25,2317,119878344,22641200780,186.5,191.0,186.0,188.5,5.5,81722,181.00000000000006,178.3,178.875,88.47381864623235,80.44912728820765,70.91487806958577,58.67250557013877,189.5888928499405,178.875,168.1611071500595,-0.5910792908019857,-2.2192179756122736,1.628138684810288
2024-09-26,2317,66162758,12583833926,192.0,193.0,188.5,189.5,1.0,64179,183.60000000000005,180.3,179.075,87.2381864623243,85.77373350361846,72.22515932460277,59.544928801800246,190.40758575965873,179.075,167.74241424034125,0.23140664757650597,-1.7290930509745177,1.9604996985510237
2024-09-27,2317,69739488,13370192685,192.0,194.0,190.0,191.0,1.5,57434,186.40000000000003,181.65,179.4,84.77513227513218,86.82904579456293,74.25483812124588,60.8789852298017,191.67028932014227,179.4,167.12971067985774,0.9928254694106329,-1.1847093468974874,2.1775348163081203
2024-09-30,2317,64605410,12219149922,190.0,191.0,187.5,187.5,-3.5,76067,187.90000000000003,182.8,179.55,79.0873015873015,83.70020677491931,61.93427941462571,56.22037439869947,192.13530889569205,179.55,166.96469110430797,1.298862147834427,-0.6879950479511046,1.9868571957855317
2024-10-01,2317,36339680,6812209357,189.0,190.0,185.5,187.0,-0.5,33125,188.70000000000005,183.4,179.75,73.80952380952372,79.22398589065246,60.267651451157356,55.566210682444215,192.6709132804147,179.75,166.8290867195853,1.4839465865102,-0.2536067210588437,1.7375533075690437
2024-10-04,2317,118705879,22937372648,188.0,196.5,188.0,194.0,7.0,71996,189.80000000000004,185.4,180.2,74.29792429792421,75.73158323158314,72.39896384782462,62.197863522067166,194.38590850104444,180.2,166.01409149895554,2.1704492483045215,0.2312044728138294,1.939244775490692
2024-10-07,2317,84399003,16617477858,199.0,199.0,195.0,197.5,3.5,83028,191.40000000000003,187.5,181.1,82.2898032200357,76.79908377582787,76.57170159718896,65.00982420416321,197.15490579231187,181.1,165.04509420768812,2.962775273946164,0.7775186330402963,2.185256640905868
2024-10-08,2317,56919495,11111098449,197.0,197.5,194.0,194.0,-3.5,41542,192.00000000000006,189.2,182.05,85.46440639463886,80.6840446375329,65.09111215290523,60.188245448370914,198.78290172086008,182.05,165.31709827913994,3.2705774276660122,1.2761303919654394,1.9944470357005728
2024-10-09,2317,84123315,16699561256,198.0,200.0,197.0,199.0,5.0,52273,194.30000000000004,191.1,183.175,87.4390600934305,85.064423236035,72.0703774153854,64.26564157334246,201.23676901634997,183.175,165.11323098365006,3.87332182243037,1.7955686780584257,2.077753144371944
2024-10-11,2317,71856959,14407126388,200.0,202.0,199.0,200.0,1.0,61591,196.90000000000003,192.8,184.575,85.72423744837529,86.20923464548152,73.31521908899562,65.03689353151013,203.28402188784932,184.575,165.86597811215066,4.3811891194972645,2.3126927663461934,2.068496353151071
2024-10-14,2317,36897701,7314343806,200.0,200.0,196.5,199.0,-1.0,30561,197.90000000000003,193.85,186.075,87.60013932427717,86.92114562202762,69.69133240596592,63.55956897361407,204.3541547944655,186.075,167.79584520553448,4.649390687062521,2.780032350489459,1.869358336573062
2024-10-15,2317,129198222,26474993881,201.0,207.5,200.5,207.0,8.0,82815,199.80000000000004,195.6,187.95,89.14141414141405,87.48859697135548,79.25961604539891,69.52376733341765,206.73004259846158,187.95,169.1699574015384,5.444712249262523,3.312968330244072,2.131743919018451
2024-10-16,2317,99708717,20478795445,204.0,207.5,203.5,205.0,-2.0,61667,202.00000000000006,197.0,189.325,89.3939393939393,88.71183095321015,72.57690844399588,66.58950426508538,208.85516897008367,189.325,169.7948310299163,5.846235270937598,3.819621718382777,2.026613552554821
2024-10-17,2317,66198561,13716403160,207.5,209.0,204.0,208.5,3.5,42868,203.90000000000003,199.1,190.95,94.66089466089458,91.06541606541596,76.60428039535003,69.05118909606426,211.17102865830554,190.95,170.72897134169443,6.3733973503589425,4.33037684477801,2.043020505580932
2024-10-18,2317,107497437,22496182726,210.0,211.0,207.0,207.5,-1.0,63732,205.40000000000003,201.15,192.275,88.55572532043111,90.87018645842166,73.02924078136965,67.52044888861329,213.17589710993227,192.275,171.37410289006775,6.634012684944224,4.791104012811253,1.842908672132971
2024-10-21,2317,59461934,12553871788,210.0,213.5,209.0,210.0,2.5,42327,207.60000000000005,202.75,194.075,86.36069812540391,89.85910603557653,76.26059422404366,69.34976527592504,214.5671326366979,194.075,173.58286736330209,6.96202740366553,5.225288690982109,1.7367387126834215
2024-10-22,2317,94132714,20135549269,211.0,216.0,209.0,215.5,5.5,63914,209.30000000000004,204.55,196.025,86.29964806435385,87.07202383672961,81.84382050443573,72.95822135934398,216.8755995117646,196.025,175.17440048823542,7.578426087522217,5.695916170290131,1.8825099172320865
2024-10-23,2317,51836095,11146585671,214.5,217.0,213.0,216.0,0.5,52331,211.50000000000006,206.75,197.975,91.53637690223047,88.06557436399606,82.28568971173044,73.2663540734333,218.63770795418668,197.975,177.3122920458133,8.01488173911909,6.159709284055923,1.8551724550631672
2024-10-24,2317,80712284,17138812263,215.0,215.5,210.0,211.5,-4.5,77588,212.10000000000005,208.0,199.55,88.57619345424216,88.80407280694214,65.53809683410695,65.97951969773075,219.27282941162252,199.55,179.8271705883775,7.906522130095311,6.5090718532638006,1.3974502768315107
2024-10-25,2317,49896574,10691350004,212.5,216.0,212.0,216.0,4.5,35110,213.80000000000004,209.6,201.2,87.410692288741,89.17442088173787,72.15090540972534,69.27083686070888,220.62781511133022,201.2,181.77218488866976,8.090496543195258,6.825356791250092,1.2651397519451653
2024-10-28,2317,96697162,21028802878,218.5,221.5,214.0,215.0,-1.0,65676,214.80000000000004,211.2,202.525,76.99967151186657,84.32885241828323,68.73160352664715,67.70332279273268,221.92210029875594,202.525,183.12789970124408,8.06266457006052,7.072818347012178,0.9898462230483416
2024-10-29,2317,87991240,18457446806,213.0,213.0,207.0,209.5,-5.5,91406,213.60000000000005,211.45,203.525,63.08561808561802,75.83199396207517,52.70456241010609,59.701423649588,222.1810311963715,203.525,184.86896880362852,7.510230237034023,7.160300725016547,0.3499295120174759
2024-10-30,2317,68400059,14511199772,209.5,215.5,209.0,211.5,2.0,46335,212.70000000000005,212.1,204.55,42.11731435869361,60.73420131872604,56.96213168455627,61.48411030361005,222.58302525922852,204.55,186.5169747407715,7.151368805323443,7.158514341077926,-0.007145535754482957
2024-11-01,2317,89610123,18433074201,202.0,208.5,201.5,208.0,-3.5,80888,212.00000000000006,212.05,205.575,31.654351395730647,45.61909461334741,48.118349536306035,56.75266019862588,221.86080670399866,205.575,189.28919329600132,6.509510204349908,7.028713513732322,-0.519203309382414
2024-11-04,2317,58094813,12294890607,209.0,214.0,208.0,214.0,6.0,39861,211.60000000000005,212.7,206.925,42.011494252873504,38.59438666909923,60.41123320214196,62.13246259563023,221.1772805192714,206.925,192.67271948072863,6.411079560232764,6.90518672303241,-0.4941071627996463
2024-11-05,2317,43852449,9367062523,212.0,215.5,211.0,214.0,0.0,38403,211.40000000000003,213.1,207.925,52.49999999999994,42.05528188286801,60.41123320214196,62.13246259563023,221.181224952828,207.925,194.66877504717203,6.26090079848592,6.776329538123113,-0.5154287396371924
2024-11-06,2317,67838254,14573660427,215.0,217.0,212.5,213.5,-0.5,45706,212.20000000000005,212.9,208.725,61.66666666666661,52.059386973180004,58.8301586769891,61.394348597015515,221.2807755634605,208.725,196.16922443653948,6.03200403872998,6.627464438244486,-0.595460399514506
2024-11-07,2317,77417403,16779105487,212.0,219.0,212.0,217.0,3.5,53480,213.30000000000004,213.0,209.875,66.66666666666661,60.27777777777771,66.0800936893751,64.56749060964329,220.95143895843785,209.875,198.79856104156215,6.063130462981263,6.514597643191841,-0.4514671802105781
2024-11-08,2317,54800994,11986609909,219.5,220.0,217.5,218.0,1.0,51977,215.30000000000004,213.65,210.825,73.33333333333327,67.22222222222216,67.96077687890404,65.4414883182379,221.24745172692258,210.825,200.4025482730774,6.0981938385288,6.4313168822592335,-0.3331230437304331
2024-11-11,2317,42180625,9234072034,219.5,220.0,217.5,220.0,2.0,31177,216.50000000000006,214.05,211.825,86.66666666666661,75.55555555555549,71.6309202659688,67.1848879643995,221.7258837989356,211.825,201.92411620106438,6.21571421722237,6.388196349251861,-0.17248213202949092
2024-11-12,2317,69315077,14949730622,217.5,218.5,214.0,214.0,-6.0,57578,216.50000000000006,213.95,212.575,83.3558558558558,81.11861861861854,51.130959095928965,57.76934621206886,220.56421147548454,212.575,204.58578852451544,5.758321759307421,6.262221431262973,-0.5038996719555522
2024-11-13,2317,55926693,11973365753,212.5,216.5,212.5,214.5,0.5,36731,216.70000000000005,214.45,212.95,79.27927927927921,83.10060060060052,52.45387779039894,58.29388414312896,220.55197342800125,212.95,205.34802657199873,5.374229984481673,6.084623141906713,-0.71039315742504
2024-11-14,2317,72322171,15335395727,215.0,215.5,209.0,211.5,-3.0,55336,215.60000000000005,214.45,213.275,55.6681681681681,72.76776776776768,44.09760869087502,53.96295802037143,219.99418893914972,213.275,206.5558110608503,4.772742354809253,5.8222469844872204,-1.0495046296779673
2024-11-15,2317,102463857,21409852373,212.0,214.5,206.0,207.0,-4.5,90848,213.40000000000003,214.35,213.2,35.52659802659796,56.82468182468173,34.48392969380595,48.180588699557845,220.15988505652228,213.2,206.2401149434777,3.8881267776606876,5.435422943121914,-1.5472961654612263
2024-11-18,2317,61852042,12613633700,205.0,208.0,202.0,202.5,-4.5,63316,209.90000000000003,213.2,212.95,13.02910052910046,34.741288907955486,27.49160659705377,43.195907737374675,220.9867904041368,212.95,204.91320959586318,2.791768399237611,4.9066920343450535,-2.1149236351074423
2024-11-19,2317,60416837,12275277231,203.5,205.0,201.0,203.5,1.0,45425,207.80000000000004,212.15,212.625,7.692843219158938,18.749513924952428,31.113004581207406,44.56835356968213,221.5853292350229,212.625,203.6646707649771,1.9807552150116976,4.321504670478382,-2.3407494554666846
2024-11-20,2317,44351353,9149397305,206.5,208.5,205.0,206.0,2.5,30182,206.10000000000005,211.4,212.15,14.08382066276796,11.60192147034243,39.871951248422086,47.95389779134387,221.45107520666187,212.15,202.84892479333814,1.5222035155183278,3.7616444394863713,-2.2394409239680435
2024-11-21,2317,50295948,10213455556,205.0,205.0,202.0,202.5,-3.5,40002,204.30000000000004,209.95,211.475,15.789473684210455,12.522045855379096,33.01539606182985,43.910454436045015,221.49235993163884,211.475,201.45764006836114,0.8663900356814338,3.182593558725384,-2.31620352304395
2024-11-22,2317,37504512,7668676032,205.5,207.0,203.0,203.0,0.5,27903,203.50000000000006,208.45,211.05,15.213032581453563,15.028775642810636,34.88173307667839,44.628742223159264,221.7266099488537,211.05,200.37339005114632,0.3825887049182768,2.6225925879639624,-2.2400038830456857
2024-11-25,2317,80800240,16909706981,206.0,210.5,205.5,210.5,7.5,32913,205.10000000000005,207.5,210.775,26.87121028377388,19.29123884981261,56.225607331299756,54.11985773863511,221.20800052717354,210.775,200.34199947282647,0.5974726913013342,2.217568608631437,-1.6200959173301026
2024-11-26,2317,95313693,19363557785,207.0,207.0,202.0,202.5,-8.0,99867,204.90000000000003,206.35,210.15,27.68790719847443,23.257383354567267,39.93600316013392,45.216681621553384,220.98558950865174,210.15,199.31441049134827,0.12084364711370199,1.7982236163278897,-1.6773799692141877
2024-11-27,2317,96019881,19063838432,200.5,201.0,196.5,196.5,-6.0,110119,203.00000000000006,204.55,209.5,23.87838338895062,26.145833623732955,31.859499740516227,39.913310542489896,221.86527395571946,209.5,197.13472604428054,-0.7325932809206677,1.2920602368781782,-2.024653517798846
2024-11-28,2317,58511555,11432751066,196.0,199.0,193.0,195.5,-1.0,58622,201.60000000000005,202.95,208.7,8.210180623973661,19.92549040379955,30.654068490926957,39.09039211268566,222.4382677219517,208.7,194.9617322780483,-1.4726638851536222,0.7391154124718181,-2.2117792976254402
2024-11-29,2317,50800936,9954052225,193.5,199.0,192.5,195.5,0.0,37878,200.10000000000005,201.8,208.075,10.31746031746025,14.135341443461492,30.65406849092696,39.09039211268567,222.97223128638404,208.075,193.17776871361593,-2.0357087872147304,0.1841505725345084,-2.219859359749239
2024-12-02,2317,47905269,9428699635,198.5,199.5,195.5,196.0,0.5,41679,197.20000000000005,201.15,207.175,16.798941798941733,11.775527580125194,32.39486013327033,39.81001119524658,222.6936178508263,207.175,191.6563821491737,-2.4137558325649877,-0.3354307084853909,-2.078325124079597
2024-12-03,2317,52170125,10312565933,198.5,200.0,196.5,196.5,0.5,47992,196.00000000000006,200.45,206.3,19.44444444444438,15.520282186948767,34.31846509867216,40.566208263111456,222.15055204085937,206.3,190.44944795914066,-2.642553308750365,-0.7968552285383859,-1.8456980802119793
2024-12-04,2317,50379504,10055268944,197.5,201.5,197.0,201.0,4.5,32459,196.90000000000003,199.95,205.675,29.629629629629562,21.957671957671874,49.42758495642911,47.01781364055645,221.3251597435934,205.675,190.02484025640663,-2.43272166406652,-1.1240285156440126,-1.3086931484225073
2024-12-05,2317,46475440,9319676695,203.0,203.5,199.0,199.0,-2.0,47064,197.60000000000005,199.6,204.775,35.18518518518512,28.086419753086336,44.160242073378555,44.695604461336096,219.7732498979041,204.775,189.77675010209592,-2.400144487586971,-1.3792517100326043,-1.0208927775543666
2024-12-06,2317,47526532,9465077239,199.5,201.5,197.5,198.0,-1.0,36972,198.10000000000005,199.1,203.775,40.42145593869726,35.078756917837296,41.57572825758146,43.53773544969097,217.74452039262593,203.775,189.80547960737408,-2.4270410645607114,-1.5888095809382257,-0.8382314836224858
2024-12-09,2317,41114306,8084426101,198.5,199.0,195.0,195.0,-3.0,55012,197.90000000000003,197.55,202.525,32.25647277371409,35.954371299198804,34.50725160977278,40.175259086042665,214.83952394532537,202.525,190.21047605467464,-2.65977153296393,-1.8030019713433665,-0.8567695616205635
2024-12-10,2317,58994150,11375383210,193.0,195.0,192.0,192.0,-3.0,73633,197.00000000000006,196.5,201.425,20.219435736677053,30.965788149696113,28.795631004405582,37.09037197326695,213.36767557961673,201.425,189.4823244203833,-3.0511156716506207,-2.0526247114048175,-0.9984909602458032
2024-12-11,2317,66246732,12596425979,190.0,194.0,189.0,189.0,-3.0,86964,194.60000000000005,195.75,200.15,7.5757575757575095,20.017222028716198,24.135014804997027,34.25753619587268,211.67432210587668,200.15,188.62567789412333,-3.5622700176683963,-2.354553772657533,-1.2077162450108632
2024-12-12,2317,50634757,9624979364,190.5,193.0,188.5,188.5,-0.5,51432,192.50000000000006,195.05,199.0,-6.631732200427602e-14,9.265064437478147,23.398633466146592,33.794263579782644,210.35341358358772,199.0,187.64658641641228,-3.96203743956076,-2.6760505060381785,-1.2859869335225813
2024-12-13,2317,55417050,10371852143,188.5,189.5,185.5,186.5,-2.0,78777,190.20000000000005,194.15,197.975,1.8518518518517855,3.142536475869724,20.482279268308933,31.933983741461365,209.93942643840447,197.975,186.01057356159552,-4.3896382693674525,-3.0187680587040333,-1.3708702106634192
2024-12-16,2317,75228642,13834643194,188.0,189.5,181.5,182.0,-4.5,96744,187.60000000000005,192.75,196.95,2.6094276094275433,1.4870931537597352,15.432999589019914,28.175794348864297,210.58414830490022,196.95,183.31585169509975,-5.033603155747414,-3.4217350781127096,-1.6118680776347047
2024-12-17,2317,55667607,10220503792,181.0,186.0,181.0,183.0,1.0,47278,185.80000000000004,191.4,195.925,5.572390572390506,3.3445566778899263,20.513195465499514,30.14325509933244,210.48616410181538,195.925,181.36383589818465,-5.400998970936882,-3.817587856677544,-1.5834111142593383
2024-12-18,2317,47937386,8823563402,183.0,185.5,182.5,184.5,1.5,36056,184.90000000000003,189.75,194.85,9.41159563110776,5.864471270975251,28.07455891695823,33.10341477111473,209.45171222836527,194.85,180.24828777163472,-5.5076367296074125,-4.155597631263518,-1.3520390983438944
2024-12-19,2317,65029900,11756961039,181.0,182.0,179.0,181.0,-3.5,68455,183.40000000000003,187.95,193.775,11.987353206865336,8.990446470121183,22.29984477772619,29.917769111217662,209.11278015229055,193.775,178.43721984770946,-5.80762201939649,-4.486002508890112,-1.3216195105063777
2024-12-20,2317,56744328,10296646083,181.0,184.0,180.0,181.0,0.0,33841,182.30000000000004,186.25,192.675,13.19105691056904,11.530001916180694,22.29984477772619,29.917769111217655,208.36026378483854,192.675,176.98973621516149,-5.976469502628419,-4.784095907637774,-1.192373594990645
2024-12-23,2317,52761423,9808419401,185.0,187.5,184.0,185.5,4.5,37334,183.00000000000006,185.3,191.425,21.944444444444382,15.707618187292903,42.86589967003615,38.71228499957453,205.08250709316923,191.425,177.7674929068308,-5.681675143307245,-4.963611754771668,-0.7180633885355778
2024-12-24,2317,33589660,6258359645,187.5,187.5,185.5,185.5,0.0,29234,183.50000000000006,184.65,190.575,34.08730158730152,23.0742676474383,42.86589967003615,38.71228499957453,203.46404573659476,190.575,177.68595426340522,-5.385962466992311,-5.048081897215797,-0.33788056977651415
2024-12-25,2317,21758176,4062013540,186.5,188.0,186.0,186.5,1.0,18772,183.90000000000003,184.4,190.075,53.73015873015866,36.5873015873015,47.100945183470614,40.63232772959185,202.7804122325889,190.075,177.36958776741108,-5.013128176808323,-5.0410911531343015,0.027962976325978772
2024-12-26,2317,36347153,6835578141,187.5,189.0,187.0,187.5,1.0,26373,185.20000000000005,184.3,189.675,66.2698412698412,51.36243386243378,51.31146919417133,42.5699164414586,202.17409996759685,189.675,177.17590003240318,-4.584119793595136,-4.949696881226468,0.36557708763133245
2024-12-27,2317,22136195,4128454600,187.5,188.0,185.5,186.5,-1.0,22469,186.30000000000004,184.3,189.225,75.79365079365071,65.26455026455018,46.95149011089566,41.1244874665399,201.49885432535322,189.225,176.95114567464677,-4.275533512803065,-4.814864207541787,0.5393306947387222
2024-12-30,2317,24531536,4550186856,185.5,187.0,184.5,185.0,-1.5,22906,186.20000000000005,184.6,188.675,71.98412698412692,71.34920634920627,40.873623741176814,38.98613130597975,200.66781034620266,188.675,176.68218965379737,-4.104697725711816,-4.672830911175793,0.5681331854639771
2024-12-31,2317,22003451,4048043958,184.5,185.0,183.0,184.0,-1.0,24178,185.90000000000003,184.7,188.05,61.66666666666659,69.81481481481474,37.134773444320864,37.583105587001675,199.6426700979535,188.05,176.45732990204652,-4.003846921287504,-4.539034113198135,0.535187191910631
2025-01-02,2317,41467354,7588159603,184.0,186.0,181.5,182.5,-1.5,48006,185.10000000000005,184.5,187.125,45.925925925925846,59.85890652557311,32.0105697374151,35.51828005958262,197.30279445656052,187.125,176.94720554343948,-3.998862992792226,-4.430999889116953,0.4321368963247272
2025-01-03,2317,48659205,8838730132,183.0,184.0,180.5,181.0,-1.5,52820,183.80000000000004,184.5,186.225,27.886710239651336,45.15976761074793,27.57184489387217,33.53418215227668,195.1495448063188,186.225,177.3004551936812,-4.069045236930776,-4.358608958679718,0.28956372174894174
2025-01-06,2317,67829021,12539307339,185.0,187.5,183.5,184.5,3.5,48289,183.40000000000003,184.85,185.55,26.90631808278859,33.57298474945525,47.419629456422896,41.7155404737719,192.66969100452917,185.55,178.43030899547085,-3.7984581605500694,-4.246578799053788,0.44812063850371864
2025-01-07,2317,83019294,15727768928,187.0,192.0,186.5,190.0,5.5,61312,184.40000000000003,185.3,185.3,45.183290707587304,33.325439676675735,65.0023192554395,51.76358234879993,191.34483250388124,185.3,179.2551674961188,-3.1044260276529485,-4.01814824477362,0.9137222171206716
2025-01-08,2317,41798818,7881691230,190.0,190.0,187.0,188.0,-2.0,68591,185.20000000000005,185.55,185.1,64.96163682864443,45.68374853967344,56.92644039382121,48.48993245335446,190.4721504074267,185.1,179.72784959257328,-2.684834743728942,-3.7514855445646846,1.0666508008357427
2025-01-09,2317,47079538,8712211883,188.0,188.0,183.0,183.0,-5.0,53956,185.30000000000004,185.2,184.8,56.52173913043472,55.55555555555548,41.78497550677461,41.43490169141542,189.9322509681422,184.8,179.66774903185782,-2.7243591253414365,-3.546060260720035,0.8217011353785986
2025-01-10,2317,42317494,7698779260,182.5,184.0,181.0,181.5,-1.5,47888,185.40000000000003,184.6,184.45,31.88405797101443,51.12247797669786,38.22633160085398,39.57465554244964,189.47891638427285,184.45,179.42108361572713,-2.843936813210604,-3.405635571218149,0.561698758007545
2025-01-13,2317,157188534,27407637685,180.0,180.5,171.5,171.5,-10.0,192669,182.80000000000004,183.1,183.7,10.144927536231819,32.85024154589365,22.994674004962082,29.928026042825113,191.16592258197335,183.7,176.23407741802663,-3.70293429728801,-3.465095316432121,-0.23783898085588895
2025-01-14,2317,64355673,11130474220,171.5,174.5,171.0,174.5,3.0,52963,179.70000000000005,182.05,183.325,8.454106280193171,16.827697262479806,32.419512371925244,35.043512355073844,191.78239321540778,183.325,174.8676067845922,-4.094423103362487,-3.5909608738181946,-0.5034622295442928
2025-01-15,2317,60432737,10411822201,174.5,175.5,171.0,171.0,-3.5,65891,176.30000000000004,180.75,182.725,5.5555555555554905,8.051529790660158,27.789999779115178,32.09929702625733,192.7473500238222,182.725,172.70264997617778,-4.633687289279948,-3.799506156910545,-0.8341811323694026
2025-01-16,2317,42128703,7331867358,175.0,176.0,173.0,173.5,2.5,32338,174.40000000000003,179.85,182.175,9.52380952380946,7.8444904531860375,35.469177932638395,36.22117475279285,192.92802283081244,182.175,171.42197716918758,-4.80395196725766,-4.000395318979968,-0.8035566482776924
2025-01-17,2317,47442329,8231498177,173.0,175.5,172.0,173.5,0.0,33175,172.80000000000004,179.1,181.8,7.936507936507872,7.671957671957604,35.46917793263839,36.22117475279285,193.19473562659388,181.8,170.40526437340614,-4.882604327869757,-4.176837120757925,-0.7057672071118315
2025-01-20,2317,35167919,6214216149,174.5,178.0,174.5,178.0,4.5,44005,174.10000000000005,178.45,181.65,20.21720969089384,12.559175717070389,48.807222746146934,43.394511932684935,193.16129879726785,181.65,170.13870120273216,-4.529609974185547,-4.2473916914434495,-0.2822182827420976
2025-01-21,2317,32613034,5818448615,178.5,180.0,177.0,178.5,0.5,31806,174.90000000000003,177.3,181.3,30.954838075581048,19.70285190099425,50.1430639654121,44.14620336948138,192.74727041700245,181.3,169.85272958299757,-4.161541919598932,-4.230221737074546,0.0686798174756138
2025-01-22,2317,44375092,7991917051,180.5,181.0,178.5,180.0,1.5,34107,176.70000000000005,176.5,181.025,50.06350718425015,33.74518498357501,54.31544173987996,46.443916527925076,192.31869293012636,181.025,169.73130706987365,-3.706086413360424,-4.125394672331721,0.41930825897129687
2025-02-03,2317,168103694,27880932586,164.0,168.0,163.5,165.5,-14.5,203537,175.10000000000005,174.75,179.975,41.592329239388,40.87022483307306,27.9428669179698,32.517897229229284,192.83375188344567,179.975,167.11624811655432,-4.4637086074657475,-4.193057459358526,-0.2706511481072216
2025-02-04,2317,68458788,11379696528,167.0,169.0,165.0,165.0,-0.5,73349,173.40000000000003,173.1,178.85,29.74358974358968,40.46647538907594,27.407504956752714,32.159802266291855,192.77156600386652,178.85,164.92843399613346,-5.046304815297958,-4.363706930546412,-0.6825978847515461
2025-02-05,2317,53304973,9033062898,167.0,171.5,167.0,171.0,6.0,42917,172.00000000000006,173.05,178.075,20.952380952380892,30.762766645119516,42.76070363550012,40.611501483876125,191.93239874579731,178.075,164.21760125420266,-4.966614609863967,-4.484288466409923,-0.4823261434540438
2025-02-06,2317,41060652,7081097296,172.5,174.0,171.0,173.0,2.0,31971,170.90000000000003,172.9,177.475,35.23809523809518,28.644688644688575,47.11080741860294,43.15377339076173,191.11858823770368,177.475,163.8314117622963,-4.6880355074884505,-4.525037874625629,-0.16299763286282154
2025-02-07,2317,52118210,9202320428,175.0,178.0,174.0,178.0,5.0,44998,170.50000000000006,173.6,177.175,59.99999999999994,38.730158730158664,56.70719636428373,49.028307131996854,190.49143721120575,177.175,163.85856278879427,-4.017490222066186,-4.42352834411374,0.40603812204755396
2025-02-10,2317,37723196,6590892944,176.0,176.5,174.0,174.0,-4.0,48491,172.20000000000005,173.65,176.75,65.71428571428565,53.65079365079358,48.49475226406583,45.02007686539774,189.90104558580788,176.75,163.59895441419212,-3.765439183948274,-4.291910512080647,0.5264713281323727
2025-02-11,2317,71048641,12782953142,178.0,182.0,176.0,179.0,5.0,48761,175.00000000000006,174.2,176.65,75.54697554697549,67.08708708708701,57.4758034207424,50.47088651578191,189.70028735315753,176.65,163.59971264684248,-3.1261919126712883,-4.058766792198775,0.9325748795274871
2025-02-12,2317,42666219,7608185758,181.5,181.5,177.0,177.0,-2.0,63003,176.20000000000005,174.1,176.275,72.25225225225219,71.1711711711711,53.150746391433415,48.40369790173203,188.82280857361135,176.275,163.72719142638866,-2.749275196854029,-3.796868473129826,1.047593276275797
2025-02-13,2317,40596733,7259602358,177.0,181.0,177.0,180.0,3.0,24848,177.60000000000005,174.25,175.775,81.98198198198192,76.59373659373652,58.60230845381217,51.605615037567595,186.79985827573245,175.775,164.75014172426756,-2.1833230668336228,-3.474159391870585,1.2908363250369623
2025-02-14,2317,26925038,4808438797,180.0,180.5,177.5,178.0,-2.0,25657,177.60000000000005,174.05,175.275,79.54425013248536,77.92616145557314,53.73867569778238,49.40445777029185,184.84827007871354,175.275,165.70172992128647,-1.8745762633494394,-3.154242766166356,1.2796665028169167
2025-02-17,2317,47251327,8577655581,179.5,182.5,179.0,182.5,4.5,34023,179.30000000000004,175.75,175.25,88.55325914149437,83.35983041865387,62.01421748268005,54.14381294217482,184.7447353833582,175.25,165.7552646166418,-1.25234356815983,-2.7738629265650507,1.5215193584052207
2025-02-18,2317,27184244,4958070370,183.0,184.0,181.0,183.5,1.0,22580,180.20000000000005,177.6,175.35,90.87481146304668,86.32410691234213,63.697841451643356,55.149236398152304,185.14336510092437,175.35,165.55663489907562,-0.6707955184453738,-2.3532494449411154,1.6824539264957417
2025-02-19,2317,35389548,6488063362,183.5,184.5,182.0,183.0,-0.5,27655,181.40000000000003,178.8,175.925,93.95604395604387,91.12803818686164,62.092454804523044,54.50573724669151,186.09001352679795,175.925,165.75998647320208,-0.24740835107996872,-1.932081226168886,1.6846728750889173
2025-02-20,2317,23659372,4311924877,183.0,183.5,181.5,182.0,-1.0,20159,181.80000000000004,179.7,176.3,86.01953601953595,90.2834638128755,58.643769291370106,53.169493525729585,186.77568613504582,176.3,165.8243138649542,0.00735263020152388,-1.5441944548948041,1.551547085096328
2025-02-21,2317,35359340,6465535028,181.5,184.0,181.0,183.0,1.0,21572,182.80000000000004,180.2,176.9,81.41923436041075,87.13160477866353,61.16049148019681,54.37408485016273,187.4669295445746,176.9,166.3330704554254,0.2866399787246223,-1.178027568170919,1.4646675468955412
2025-02-24,2317,27928907,5103161593,181.0,184.0,180.5,184.0,1.0,21220,183.10000000000005,181.2,177.425,83.9589169000933,83.79922909334668,63.735190782915254,55.60390149314982,188.30284445558885,177.425,166.54715554441117,0.5819603802316351,-0.8260299784904082,1.4079903587220433
2025-02-25,2317,70811787,12690044507,181.5,182.0,177.5,177.5,-6.5,73391,181.90000000000003,181.05,177.625,60.784313725490115,75.38748832866473,42.413650037655344,46.777839441478484,188.35288422756295,177.625,166.89711577243705,0.28818621753504203,-0.6031867392853181,0.8913729568203601
2025-02-26,2317,45145771,8041430005,175.0,181.0,174.5,180.5,3.0,29868,181.40000000000003,181.4,177.75,53.33333333333326,66.02552131963888,51.20352045890911,50.66978952080219,188.5504629530402,177.75,166.9495370469598,0.29405334114841253,-0.423738723198572,0.7177920643469845
2025-02-27,2317,81509723,14374897915,180.0,181.5,174.0,174.0,-6.5,74546,179.80000000000004,180.8,177.525,22.222222222222143,45.446623093681836,36.94777097005432,43.28426139058395,188.4404706723985,177.525,166.6095293276015,-0.22321946332712628,-0.38363487122428286,0.16041540789715658
2025-03-03,2317,70556492,12112410727,172.0,175.0,170.0,170.0,-4.0,76523,177.20000000000005,180.0,177.025,19.999999999999922,31.851851851851773,30.79271932613316,39.47143772949769,188.34964127467106,177.025,165.70035872532895,-0.9450346866247514,-0.49591483430437655,-0.4491198523203749
2025-03-04,2317,71127819,12007537766,165.5,172.0,165.0,170.5,0.5,65668,174.50000000000006,178.8,177.275,9.401709401709324,17.207977207977127,32.43416830471419,40.1807740445933,187.7605853436983,177.275,166.78941465630172,-1.459903768278167,-0.6887126210991347,-0.7711911471790324
2025-03-05,2317,45364409,7855325151,171.5,175.0,171.5,173.5,3.0,31719,173.70000000000005,177.8,177.7,24.31399010346371,17.905233168390982,42.05456291040041,44.391607915417836,186.7520715861076,177.7,168.64792841389237,-1.607337906117408,-0.8724376781027894,-0.7349002280146186
2025-03-06,2317,28989951,5056441595,175.5,176.0,173.5,173.5,0.0,25315,172.30000000000004,176.85,177.825,39.22627080521809,24.31399010346371,42.05456291040041,44.39160791541784,186.56728231070238,177.825,169.0827176892976,-1.7045317416767318,-1.038856490817578,-0.6656752508591539
2025-03-07,2317,32530175,5607535311,171.0,174.5,171.0,172.0,-1.5,29463,171.90000000000003,175.85,177.775,42.105263157894655,35.215174688858816,38.33942501588783,42.650634320796854,186.63770274803352,177.775,168.9122972519665,-1.8809140146456969,-1.2072679955832017,-0.6736460190624951
2025-03-10,2317,36673846,6293376887,173.5,174.0,170.0,172.0,0.0,26004,172.30000000000004,174.75,177.475,40.9184726522187,40.75000220511048,38.33942501588783,42.650634320796854,186.6862702707074,177.475,168.26372972929258,-1.9976703366054949,-1.3653484637876603,-0.6323218728178346
2025-03-11,2317,69729259,11667727498,166.0,169.5,165.0,168.5,-3.5,65332,171.90000000000003,173.2,177.2,33.076899021171386,38.70021161042825,29.939480167756304,38.55843431942213,187.1116093546921,177.2,167.28839064530789,-2.3455828927095297,-1.561395349572034,-0.7841875431374956
2025-03-12,2317,41085436,6996341452,169.0,171.5,169.0,170.5,2.0,29551,171.30000000000004,172.5,176.775,31.907308377896527,35.30089335042887,38.86851515721343,41.9839514009564,187.06322142063385,176.775,166.48677857936616,-2.43188950626444,-1.7354941809105153,-0.6963953253539248
2025-03-13,2317,35310891,6014788759,172.5,174.0,168.0,168.0,-2.5,44215,170.20000000000005,171.25,176.325,27.272727272727185,30.75231155726503,32.77662333852017,39.05297273030436,187.29894641867818,176.325,165.3510535813218,-2.6712250068414676,-1.9226403460967059,-0.7485846607447617
2025-03-14,2317,33052530,5596145369,168.5,170.5,168.0,170.0,2.0,21222,169.80000000000004,170.85,175.825,35.35353535353527,31.511190334719657,41.35529101660981,42.51070227781135,186.9931466680917,175.825,164.65685333190828,-2.668753105506198,-2.0718628979786042,-0.5968902075275939
2025-03-17,2317,50999196,8651398483,172.0,172.5,168.0,168.0,-2.0,49501,169.00000000000006,170.65,175.325,33.33333333333325,31.9865319865319,35.9960728967751,40.06295723079854,186.94513338994054,175.325,163.70486661005944,-2.795947449411557,-2.216679808265195,-0.579267641146362
2025-03-18,2317,40404616,6786977089,169.0,169.5,167.0,167.5,-0.5,40157,168.80000000000004,170.35,174.575,31.818181818181728,33.50168350168342,34.68508141920182,39.45137516852105,186.1822175821774,174.575,162.96778241782258,-2.9036245285463735,-2.3540687523214308,-0.5495557762249428
2025-03-19,2317,80802409,13339464376,167.0,167.5,163.5,164.0,-3.5,98597,167.50000000000006,169.4,173.6,18.18181818181809,27.77777777777769,26.73361449722386,35.37990614021026,185.3200682591869,173.6,161.87993174081308,-3.2340994534691276,-2.53007489255097,-0.7040245609181577
2025-03-20,2317,37221459,6170852921,165.0,167.0,164.5,166.0,2.0,29854,167.10000000000005,168.65,172.75,17.027417027416938,22.342472342472252,36.44658696876271,39.23879275668528,184.07916590045383,172.75,161.42083409954617,-3.29661856042037,-2.68338362612485,-0.6132349342955203
2025-03-21,2317,55445821,9171520069,167.0,167.0,165.0,165.0,-1.0,28897,166.10000000000005,167.95,171.9,14.213564213564124,16.474266474266386,33.830385798692994,38.01637452413099,182.87087052152202,171.9,160.929129478478,-3.3878045438104323,-2.824267809661966,-0.5635367341484661
2025-03-24,2317,42919426,7041098300,166.5,167.0,163.0,163.0,-2.0,49232,165.10000000000005,167.05,170.9,12.698412698412609,14.646464646464558,28.977003240650394,35.62589697949108,181.27111372997123,170.9,160.52888627002878,-3.580183253944398,-2.9754508985184525,-0.6047323554259454
2025-03-25,2317,34677689,5728366017,165.5,166.5,164.0,165.0,2.0,24782,164.60000000000005,166.7,169.95,10.822510822510731,12.57816257816249,39.15995910669093,39.70865487688184,178.70157128749034,169.95,161.19842871250964,-3.530563345884758,-3.0864733879917137,-0.4440899578930444
2025-03-26,2317,19840998,3290605842,166.0,167.0,165.0,166.0,1.0,16078,165.00000000000006,166.25,169.375,16.58692185007965,13.369281790334332,43.855632240463535,41.69964153437349,177.5595891772283,169.375,161.1904108227717,-3.3716809296456063,-3.1435148963224924,-0.22816603332311391
2025-03-27,2317,68898389,11113072033,163.5,164.0,160.0,160.5,-5.5,90993,163.90000000000003,165.5,168.375,17.920255183412987,15.109895952001125,29.330115011584535,34.87769219658908,175.7226186618525,168.375,161.0273813381475,-3.6475231285506027,-3.2443165427681144,-0.40320658578248825
2025-03-28,2317,111580460,17310150126,158.0,158.5,153.0,154.0,-6.5,127991,161.70000000000005,163.9,167.375,13.879851143008944,16.129009392167195,20.135026824466895,28.867129642323924,176.59386652468746,167.375,158.15613347531254,-4.340590114831713,-3.463571257180834,-0.8770188576508788
2025-03-31,2317,130858564,19290960164,145.0,149.5,145.0,146.0,-8.0,109001,158.30000000000004,161.7,166.175,4.835016835016742,12.21170772047956,13.884706683718855,23.499451969563165,179.18374705726802,166.175,153.166252942732,-5.472302538672125,-3.8653175134790922,-1.6069850251930324
2025-04-01,2317,61385394,9269985746,148.5,153.0,148.0,152.0,6.0,42452,155.70000000000005,160.15,165.25,14.107744107744013,10.940870695256569,32.27894530670324,33.488528273096385,179.4714626533279,165.25,151.0285373466721,-5.817976915884145,-4.255849393960103,-1.562127521924042
2025-04-02,2317,38868764,5955684019,153.0,154.5,152.0,153.5,1.5,31686,153.20000000000005,159.1,164.25,24.96632996632987,14.636363636363546,36.250539293365705,35.74732268717308,178.81880228433346,164.25,149.68119771566654,-5.902844568504577,-4.585248428868998,-1.3175961396355786
2025-04-07,2317,30755604,4259646765,138.5,138.5,138.5,138.5,-15.0,39912,148.80000000000004,156.35,162.5,23.48484848484839,20.852974186307424,21.523794560188623,26.174448188471764,180.2623196683316,162.5,144.7376803316684,-7.098648631742748,-5.087928469443748,-2.010720162299
2025-04-08,2317,308542896,39193398694,127.0,130.5,125.0,125.0,-13.5,184008,143.00000000000006,152.35,160.15,12.878787878787785,20.44332210998868,15.087884804571946,20.78074394730742,183.74258358043872,160.15,136.5574164195613,-9.031558953291238,-5.8766545662132454,-3.154904387077993
2025-04-09,2317,366032118,42809132937,119.0,122.5,112.5,112.5,-12.5,219246,136.30000000000004,147.3,157.175,-9.237055564881302e-14,12.121212121212027,11.404222411439893,17.23855731982134,187.95206126321972,157.175,126.3979387367803,-11.440174630250425,-6.989358579020681,-4.450816051229744
2025-04-10,2317,36901188,4557296036,123.5,123.5,123.5,123.5,11.0,15924,130.60000000000005,143.15,154.925,7.119741100323533,6.666176326370409,29.16064658395413,28.748467013901024,188.51260932248638,154.925,121.33739067751364,-12.319401446896507,-8.055367152595846,-4.264034294300661
2025-04-11,2317,297865611,37718131962,118.5,135.0,117.0,134.5,11.0,151793,126.80000000000004,140.0,153.125,23.061770085830776,10.060503728718073,42.585532849710475,38.02982027191263,187.03794000820326,153.125,119.21205999179674,-11.990369449147465,-8.84236761190617,-3.1480018372412957
2025-04-14,2317,214264335,30130175092,141.5,145.0,136.0,138.5,4.0,127354,126.80000000000004,137.8,151.65,43.69669072075141,24.62606730230191,46.85808454835295,41.03758816722018,185.41255322098715,151.65,117.88744677901286,-11.27685014094925,-9.329264117714786,-1.9475860232344644
2025-04-15,2317,86203486,11926176813,139.0,140.0,136.0,139.5,1.0,63145,129.70000000000005,136.35,150.125,58.00552104899922,41.587993951860476,47.987008325980135,41.798130150991085,183.18233655332816,150.125,117.06766344667184,-10.509541849444105,-9.565319664060649,-0.944222185383456
2025-04-16,2317,61680512,8447843722,138.0,139.5,136.0,136.0,-3.5,50625,134.40000000000003,135.35,148.525,60.71428571428563,54.13883249467876,44.15665840604911,39.86019134109438,181.06032695394325,148.525,115.98967304605677,-10.067809805108794,-9.665817692270277,-0.4019921128385171
2025-04-17,2317,64431249,8622798581,134.5,135.5,132.0,134.5,-1.5,39467,136.60000000000005,133.6,146.875,62.64346764346757,60.45442480225082,42.461988535385686,39.02509783824495,178.7338684670376,146.875,115.01613153296239,-9.726648689973047,-9.67798389181083,-0.048664798162215916
2025-04-18,2317,26363008,3564680170,135.0,136.5,133.5,135.5,1.0,21715,136.80000000000004,131.8,145.45,64.80463980463973,62.720797720797655,44.12971688204586,39.928656790207455,176.66041492835382,145.45,114.23958507164616,-9.268740138912591,-9.596135141231183,0.32739500231859253
2025-04-21,2317,32102734,4366804312,135.0,137.0,134.5,136.5,1.0,21917,136.40000000000003,131.6,143.975,70.76923076923069,66.072446072446,45.957207001629655,40.872242750848876,173.92408178892958,143.975,114.02591821107039,-8.724581130088438,-9.421824339002635,0.6972432089141964
2025-04-22,2317,44476006,5940736369,134.5,136.0,131.5,132.0,-4.5,55134,134.90000000000003,132.3,142.325,66.06227106227097,67.21204721204714,39.221837779821946,37.981042297005324,171.07091275294653,142.325,113.57908724705345,-8.557794657304981,-9.249018402663104,0.6912237453581227
2025-04-23,2317,65973272,9086566741,136.0,139.5,136.0,139.0,7.0,38655,135.50000000000006,134.95,141.125,68.66300366300356,68.49816849816841,51.991008186497076,44.55169102106764,168.2780385040055,141.125,113.97196149599449,-7.771192211023873,-8.953453164335258,1.1822609533113848
2025-04-24,2317,46353045,6354097505,139.0,139.0,135.5,136.5,-2.5,30115,135.90000000000003,136.25,139.7,56.39329805996463,63.70619092841306,47.80608885092316,42.80736007958603,164.5885515850163,139.7,114.8114484149837,-7.265777847572593,-8.615918100982725,1.3501402534101317
2025-04-25,2317,57201568,7980480834,140.5,141.0,138.5,139.0,2.5,32639,136.60000000000005,136.7,138.35,64.85194467650598,63.302748799824734,52.28677395530844,45.12130568140358,160.1194740405,138.35,116.5805259595,-6.587566846605654,-8.210247850107312,1.6226810035016577
2025-04-28,2317,47321711,6732928742,140.0,143.5,140.0,142.5,3.5,32931,137.80000000000004,137.1,137.45,69.21702404158535,63.487422259351995,58.154243338222166,48.27641450615546,156.84046157263938,137.45,118.0595384273606,-5.701930685203024,-7.708584417126454,2.0066537319234303
2025-04-29,2317,40351039,5750350132,141.5,143.5,141.0,143.0,0.5,23400,140.00000000000006,137.45,136.9,88.81578947368412,74.29491939725848,58.994672445985586,48.72989791114536,154.959900331951,136.9,118.84009966804902,-4.903190892819708,-7.147505712265105,2.244314819445397
2025-04-30,2317,42090535,5991475670,143.0,144.0,141.5,141.5,-1.5,24152,140.50000000000006,138.0,136.675,89.16666666666659,82.39982672731202,55.120067359539014,47.387616489123964,154.38453133202538,136.675,118.96546866797465,-4.341178908555634,-6.586240351523211,2.245061442967577
2025-05-02,2317,60280797,8810890892,144.5,148.0,144.0,147.5,6.0,43319,142.70000000000005,139.3,136.45,90.93434343434335,89.63893319156467,65.64856334772246,52.96825446293851,153.47615634839565,136.45,119.42384365160433,-3.3727515259150493,-5.943542586401579,2.5707910604865294
2025-05-05,2317,66798494,9625497137,149.0,149.0,142.0,142.5,-5.0,46397,143.40000000000003,140.0,135.9,79.94227994227985,86.6810966810966,53.456431579547505,48.3643658491086,151.3227105270118,135.9,120.4772894729882,-2.9744366075964876,-5.3497213906405605,2.375284783044073
2025-05-06,2317,53330985,7744348350,142.5,146.5,142.0,146.0,3.5,28490,144.10000000000005,140.95,136.275,79.2015392015391,83.3593875260541,59.58601459462628,51.53962132295876,152.2858556923109,136.275,120.26414430768914,-2.3492675222175876,-4.749630616955966,2.4003630947383785
2025-05-07,2317,43382455,6280064242,146.5,148.0,143.5,145.0,-1.0,26060,144.50000000000006,142.25,137.275,70.33509700176357,76.49297204852752,57.08027433221146,50.582545213019955,152.8360892934912,137.275,121.71391070650881,-1.9124624835621091,-4.182196990277195,2.2697345067150856
2025-05-08,2317,29519952,4306942606,145.5,146.5,144.5,146.0,1.0,19660,145.40000000000003,142.95,138.95,73.19223985890642,74.24295868740303,59.087492592548806,51.55142729207085,150.05810514894478,138.95,127.84189485105519,-1.4686697896461567,-3.639491550150987,2.1708217605048303
2025-05-09,2317,30063441,4411271067,146.5,147.5,145.5,147.0,1.0,19339,145.30000000000004,144.0,140.125,73.19223985890642,72.23985890652547,61.20423851623208,52.55322928649442,149.24023450054875,140.125,131.00976549945125,-1.024459903647653,-3.11648522085032,2.0920253172026673
2025-05-12,2317,59409981,9007425118,149.0,153.0,148.5,153.0,6.0,39231,147.40000000000003,145.4,141.05,83.06878306878296,76.48442092886528,71.51911715392035,58.145395609386895,151.3693992073171,141.05,130.73060079268294,-0.1861249798180893,-2.530413172643874,2.344288192825785
2025-05-13,2317,95098747,15131219536,159.5,161.5,157.0,158.0,5.0,62733,149.80000000000004,146.95,142.025,86.75925925925914,81.00676072898284,77.36902099370765,62.149025501388,154.6284717439279,142.025,129.42152825607212,0.8716716126958772,-1.8499962155759238,2.721667828271801
2025-05-14,2317,71682968,11574000654,161.5,163.0,159.5,163.0,5.0,52174,153.40000000000003,148.95,143.2,94.16666666666656,87.99823633156956,81.74377021839672,65.68404235202625,158.6932243254917,143.2,127.70677567450828,2.089356446002313,-1.0621256832602763,3.151482129262589
2025-05-15,2317,71845843,11496060994,163.0,163.0,158.5,159.5,-3.5,63640,156.10000000000005,150.75,144.375,88.61111111111101,89.84567901234557,70.59851059398987,61.36378808336471,161.02695183754764,144.375,127.72304816245237,2.7403704157324,-0.30162646346174105,3.041996879194141
2025-05-16,2317,34670607,5488707082,158.5,159.5,157.0,158.0,-1.5,29721,158.30000000000004,151.8,145.55,86.5079365079364,89.76190476190466,66.09283508863976,59.555857240360176,162.56146672100908,145.55,128.53853327899094,3.099536683575252,0.37860616594565766,2.7209305176295944
2025-05-19,2317,53345121,8302375919,157.0,158.0,154.0,154.0,-4.0,45200,158.50000000000006,152.95,146.475,71.12332112332102,82.08078958078949,55.14378450151689,54.90991467245787,163.20961980446523,146.475,129.74038019553475,3.0265240822147916,0.9081897491994845,2.1183343330153073
2025-05-20,2317,41647356,6466185354,157.0,158.5,153.5,154.0,0.0,29970,157.70000000000005,153.75,147.35,60.46266046266036,72.69797269797259,55.143784501516905,54.90991467245787,163.733223126113,147.35,130.966776873887,2.9348301742290914,1.313517834205406,1.6213123400236855
2025-05-21,2317,29698374,4611696553,155.0,156.5,154.5,155.0,1.0,21779,156.10000000000005,154.75,148.5,53.16107316107306,61.58235158235147,57.53744102528867,55.90721567611941,163.58973160795105,148.5,133.41026839204895,2.909316939491248,1.6326776552625744,1.2766392842286736
2025-05-22,2317,37074612,5656223455,153.5,154.0,151.5,153.0,-2.0,31839,154.80000000000004,155.45,149.2,45.55718279856202,53.06030547409847,51.166524616085255,53.36497765356336,163.75128860273273,149.2,134.64871139726725,2.696629169374802,1.84546795808502,0.851161211289782
2025-05-23,2317,22518013,3464814657,156.0,156.0,153.0,154.0,1.0,16196,154.00000000000006,156.15,150.075,35.6864424930391,44.80156615089138,54.12933074671854,54.47955329885366,163.52964603770798,150.075,136.620353962292,2.5790347150741866,1.9921813094828533,0.5868534055913333
2025-05-26,2317,28992215,4448552234,152.5,155.0,151.0,153.0,-1.0,18855,153.80000000000004,156.15,150.775,23.14675995335656,34.796795081652554,50.55114110274409,53.11252043771443,163.2748999995993,150.775,138.2751000004007,2.377739519082809,2.0692929514028444,0.30844656767996437
2025-05-27,2317,27594038,4221069063,153.5,155.0,152.0,152.0,-1.0,19732,153.40000000000003,155.55,151.25,15.579710144927441,24.804304197107694,46.931682525502495,51.715036154028596,163.1642771497056,151.25,139.3357228502944,2.1131607812652646,2.0780665173753285,0.035094263889936084
2025-05-28,2317,31758614,4842901295,154.0,154.0,151.5,152.0,0.0,20993,152.80000000000004,154.45,151.7,12.254901960784219,16.993790686356064,46.931682525502495,51.715036154028596,162.9977873939995,151.7,140.4022126060005,1.8817881430177295,2.0388108425038087,-0.15702269948607928
2025-05-29,2317,91749249,14345913002,154.5,158.0,154.0,156.0,4.0,45878,153.40000000000003,154.1,152.425,28.921568627450885,18.918726911054172,61.81646150114327,56.96763888418877,162.83785263508403,152.425,142.012147364916,1.9981567239574929,2.0306800187945457,-0.03252329483705285
2025-06-02,2317,55748448,8490668458,154.0,154.5,151.0,152.5,-3.5,44219,153.10000000000005,153.55,152.675,32.810457516339774,24.662309368191615,48.05657800595447,51.670979169692124,162.84001352679795,152.675,142.50998647320208,1.7873553930817252,1.9820150936519816,-0.1946597005702564
2025-06-03,2317,38422320,5875967951,153.5,155.0,151.5,151.5,-1.0,21959,152.80000000000004,153.3,153.125,31.269841269841177,31.0006224712106,44.73718970046674,50.23387846543655,162.18521522923126,153.125,144.06478477076874,1.5220568530157266,1.8900234455247307,-0.3679665925090041
2025-06-04,2317,39837003,6177051978,153.5,156.0,153.0,156.0,4.5,22240,153.60000000000005,153.5,153.625,32.857142857142755,32.312480547774555,59.44402843833395,56.144843291540056,162.14482981050645,153.625,145.10517018949355,1.6558308532145531,1.8431849270626952,-0.18735407384814207
2025-06-05,2317,34529119,5394408492,156.5,157.0,155.5,155.5,-0.5,21708,154.30000000000004,153.55,154.15,47.619047619047514,37.24867724867713,57.4617286657527,55.35807342049181,161.72033684851493,154.15,146.57966315148508,1.7018836356698728,1.8149246687841307,-0.11304103311425795
2025-06-06,2317,24170636,3717157598,155.5,155.5,153.0,153.0,-2.5,22121,153.70000000000005,153.55,154.5,54.76190476190467,45.07936507936497,48.10420501240891,51.47405803106086,161.11815684310994,154.5,147.88184315689006,1.5191399907483287,1.7557677331769703,-0.2366277424286416
2025-06-09,2317,18474613,2857946753,155.0,155.5,154.0,154.5,1.5,14285,154.10000000000005,153.6,154.875,47.61904761904753,49.99999999999989,53.41463611503432,53.57858401389433,160.53074928723004,154.875,149.21925071276996,1.478310753379617,1.7002763372174996,-0.22196558383788267
2025-06-10,2317,33025153,5137840933,155.5,156.0,155.0,155.5,1.0,22857,154.90000000000003,153.85,155.0,47.61904761904753,49.99999999999991,56.84898312450731,54.980351059541434,160.59464029228002,155.0,149.40535970771998,1.5092472682231346,1.6620705234186266,-0.152823255195492
2025-06-11,2317,27402761,4286075422,156.5,157.5,155.5,156.0,0.5,19829,154.90000000000003,154.25,154.9,61.90476190476181,52.38095238095229,58.62814895309098,55.700644660074886,160.34609952167503,154.9,149.45390047832498,1.556171919246168,1.6408908025841349,-0.08471888333796684
2025-06-12,2317,33551155,5270624142,155.5,158.0,154.0,157.5,1.5,21890,155.30000000000004,154.8,154.625,76.19047619047609,61.904761904761806,63.84556025450499,57.87796693212059,158.8187453427687,154.625,150.4312546572313,1.6948602137030093,1.6516846848079099,0.04317552889509946
2025-06-13,2317,37530090,5883267960,157.0,158.5,156.0,156.5,-1.0,21288,156.00000000000006,154.85,154.475,78.57142857142847,72.22222222222211,58.14260291352142,55.90522124043935,158.14208330966304,154.475,150.80791669033695,1.704432407779393,1.6622342294022066,0.042198178377186535
2025-06-16,2317,21896497,3402676630,156.0,157.0,154.5,155.0,-1.5,15947,156.10000000000005,155.1,154.325,66.88311688311678,73.88167388167376,50.282561053239704,52.98773297609495,157.63067693521612,154.325,151.01932306478386,1.5728501392320595,1.6443574113681771,-0.07150727213611763
2025-06-17,2317,25564725,3969622214,156.5,157.0,154.5,155.0,0.0,17489,156.00000000000006,155.45,154.375,48.05194805194796,64.50216450216439,50.28256105323972,52.98773297609495,157.6897398087939,154.375,151.0602601912061,1.4518344001795356,1.605852809130449,-0.15401840895091334
2025-06-18,2317,38500036,5983147696,155.0,156.5,154.0,156.0,1.0,20288,156.00000000000006,155.45,154.475,42.42424242424234,52.45310245310234,55.714938762241864,54.81106984810623,157.8584154341448,154.475,151.0915845658552,1.4202484576149743,1.568731938827354,-0.14848348121237964
2025-06-19,2317,20674399,3197614958,155.5,156.0,154.0,154.0,-2.0,17858,155.30000000000004,155.3,154.425,30.303030303030216,40.25974025974015,44.3960804320077,50.58539977371347,157.8054585487757,154.425,151.04454145122432,1.2197723093650552,1.4989400129348942,-0.279167703569839
2025-06-20,2317,60372534,9354470414,154.5,155.5,153.0,155.5,1.5,20508,155.10000000000005,155.55,154.55,33.33333333333325,35.35353535353525,52.78849394615162,53.48203596215808,157.89514573673372,154.55,151.2048542632663,1.1684616825668002,1.4328443468612755,-0.2643826642944753
2025-06-23,2317,49297718,7596329559,153.0,156.0,152.0,156.0,0.5,27058,155.30000000000004,155.7,154.65,35.664335664335574,33.100233100233,55.40597573481216,54.44072745932832,158.0426390907367,154.65,151.2573609092633,1.1548312862711043,1.3772417347432413,-0.22241044847213698
2025-06-24,2317,67130349,10749342455,158.0,162.0,157.5,160.5,4.5,40109,156.40000000000003,156.2,155.025,63.99766899766891,44.33177933177924,71.81405423212168,62.02600765879025,159.17801095592074,155.025,150.87198904407927,1.4899660893297835,1.3997866056605497,0.09017948366923378
2025-06-25,2317,48758589,7862835911,161.5,162.0,160.0,162.0,1.5,29240,157.60000000000005,156.8,155.525,82.17948717948708,60.61383061383051,75.34230234013461,64.16758775491947,160.43901058199836,155.525,150.61098941800165,1.8552145408506249,1.4908721926985646,0.36434234815206024
2025-06-26,2317,65708560,10691392412,162.0,164.0,161.5,163.0,1.0,36047,159.40000000000003,157.35,156.075,92.22222222222213,79.46645946645936,77.52998992903188,65.56196365431714,161.69883321232206,156.075,150.45116678767792,2.200007891291733,1.6326993324171983,0.5673085588745348
2025-06-27,2317,75664710,12435280695,163.0,165.5,162.5,165.0,2.0,40110,161.30000000000004,158.2,156.525,95.98765432098757,90.12978790756557,81.3838756789755,68.22515257099718,163.36221434503832,156.525,149.6877856549617,2.604617976209539,1.8270830611756665,0.7775349150338726
2025-06-30,2317,62308280,10165201855,166.0,166.5,161.0,161.0,-4.0,41102,162.30000000000004,158.8,156.95,83.34397616006804,90.51795090109256,58.12321742549753,58.483903927601524,163.79032162986567,156.95,150.1096783701343,2.572849604265258,1.9762363697935847,0.5966132344716732
2025-07-01,2317,103158692,17001710493,161.5,166.0,161.0,165.5,4.5,53985,163.30000000000004,159.85,157.65,83.82290336313316,87.71817794806292,69.54705926923192,64.60644257286533,164.96505297315028,157.65,150.33494702684973,2.877613989730378,2.1565118937809435,0.7211020959494343
2025-07-02,2317,66421265,10698542359,160.0,162.0,160.0,162.0,0.0,38870,163.30000000000004,160.45,157.95,74.71264367816083,80.62650773378732,55.747464976129244,57.50333671956292,165.4593275331426,157.95,150.44067246685736,2.8043939043855914,2.286088295901873,0.5183056084837183
2025-07-03,2317,46192607,7556844035,164.0,164.5,163.0,164.0,2.0,26993,163.50000000000006,161.45,158.375,81.60919540229877,80.04824748119756,60.917343766043786,60.19637031019399,166.23550252846508,158.375,150.51449747153492,2.8746129953048296,2.4037932357824645,0.4708197595223651
2025-07-04,2317,27987146,4531231445,164.0,164.5,160.5,161.0,-3.0,24426,162.70000000000005,162.0,158.775,63.537675606641024,73.28650489570019,50.577032747577434,54.6064358935247,166.30809365400415,158.775,151.24190634599586,2.6575525908078816,2.454545106787548,0.20300748402033353
2025-07-07,2317,24255997,3893392715,161.0,162.0,159.5,161.0,0.0,18640,162.70000000000005,162.5,159.1,47.69202700237173,64.27963267043715,50.57703274757744,54.6064358935247,166.42529862872522,159.1,151.77470137127477,2.457205520722681,2.455077189574575,0.0021283311481061773
2025-07-08,2317,30781568,4903079458,160.5,161.0,158.5,159.0,-2.0,23369,161.40000000000003,162.35,159.275,22.18915343915334,44.47295201605535,43.82658479339003,50.948422771474256,166.41275174687343,159.275,152.1372482531266,2.1126919413599694,2.386600139931654,-0.27390819857168447
2025-07-09,2317,29446200,4719377359,159.5,161.5,159.0,161.0,2.0,18944,161.20000000000005,162.25,159.525,19.642857142857043,29.84134586146069,51.39503067211528,54.24897733783792,166.53552779753363,159.525,152.51447220246638,1.9782417929548899,2.304928470536301,-0.326686677581411
2025-07-10,2317,31990223,5165062832,161.0,162.5,160.0,161.5,0.5,15492,160.70000000000005,162.1,159.725,24.9999999999999,22.27733686067008,53.232853132747024,55.06304825879954,166.7212489949979,159.725,152.7287510050021,1.8902453314642287,2.2219918427218865,-0.33174651125765786
2025-07-11,2317,21551645,3482917796,161.5,162.5,160.5,161.5,0.0,13418,160.80000000000004,161.75,159.975,36.2499999999999,26.964285714285598,53.23285313274702,55.063048258799526,166.8486816917873,159.975,153.10131830821268,1.7997609775161152,2.1375456696807325,-0.33778469216461726
2025-07-14,2317,18862970,3040162750,161.5,162.5,160.5,160.5,-1.0,13802,160.70000000000005,161.7,160.25,36.94444444444434,32.73148148148137,48.26489608970024,52.880536218172445,166.7345971347496,160.25,153.7654028652504,1.6285865010323732,2.0357538359510605,-0.4071673349186873
2025-07-15,2317,20779193,3370418821,160.0,163.0,160.0,163.0,2.5,14323,161.50000000000006,161.45,160.65,49.44444444444434,40.87962962962951,59.33407770129233,57.42398938562175,166.7663714733495,160.65,154.53362852665052,1.6753462530632817,1.9636723193735048,-0.2883260663102232
2025-07-16,2317,25282174,4125245246,163.0,164.0,162.5,162.5,-0.5,19191,161.80000000000004,161.5,160.975,58.333333333333236,48.24074074074063,56.512750737569725,56.25565652265567,166.74972943089142,160.975,155.20027056910857,1.653003081542579,1.9015384718073196,-0.2485353902647407
2025-07-17,2317,20679892,3376492590,163.0,164.0,162.5,164.0,1.5,13941,162.30000000000004,161.5,161.475,80.55555555555546,62.777777777777665,62.71747621663039,58.953724724104184,166.4194413233443,161.475,156.5305586766557,1.7363182254333083,1.8684944225325173,-0.13217619709920903
2025-07-18,2317,35368360,5849477745,165.0,166.0,164.5,165.5,1.5,25273,163.10000000000005,161.95,161.975,86.66666666666657,75.18518518518508,68.03786327381793,61.51030908273265,166.39625547780273,161.975,157.55374452219726,1.9014646404424695,1.8750884661145077,0.0263761743279618
2025-07-21,2317,17115644,2829769056,166.0,166.5,164.5,165.0,-0.5,15836,164.00000000000006,162.35,162.425,91.11111111111101,86.11111111111101,64.460546157679,60.16508589749957,166.0893553321118,162.425,158.76064466788822,1.9692977047323552,1.8939303138380772,0.07536739089427802
2025-07-22,2317,39452683,6460051684,165.0,166.0,161.5,162.0,-3.0,29483,163.80000000000004,162.65,162.5,68.03418803418793,81.93732193732184,47.118618712029516,52.71567184046554,166.0637059362407,162.5,158.9362940637593,1.7606848895209168,1.8672812289746452,-0.10659633945372837
2025-07-23,2317,51058093,8423168242,163.5,166.0,163.5,166.0,4.0,29683,164.50000000000006,163.15,162.7,67.69230769230758,75.61253561253551,62.72004465096378,59.853257111291704,166.5652296180197,162.7,158.83477038198026,1.8962653347026048,1.873078050120237,0.02318728458236774
2025-07-24,2317,127736383,21927528908,168.0,174.0,167.5,174.0,8.0,88818,166.50000000000006,164.4,163.25,74.35897435897425,70.02849002848991,77.91989729485852,69.70340219958291,169.51498204307083,163.25,156.98501795692917,2.6190561070278306,2.022273661501756,0.5967824455260748
2025-07-25,2317,57244442,9987099598,175.5,175.5,173.0,174.5,0.5,46623,168.30000000000004,165.7,163.725,95.28535980148872,79.1122139509235,78.55738034702469,70.19559746509806,171.66524558814243,163.725,155.78475441185756,3.1953844203079598,2.2568958132629966,0.9384886070449632
2025-07-28,2317,55666706,9839859868,176.0,178.0,175.5,176.0,1.5,42177,170.50000000000006,167.25,164.475,93.80905832518725,87.81779749521674,80.5252959332855,71.68192081405135,173.9326688459688,164.475,155.01733115403118,3.7301671794840274,2.551550086507203,1.1786170929768245
2025-07-29,2317,49613588,8549605375,175.0,175.5,171.0,171.5,-4.5,69848,172.40000000000003,168.1,164.775,80.67774519387412,89.92405444018335,60.94788328764683,61.73536274606778,174.71217766772756,164.775,154.83782233227245,3.7476731340580614,2.7907746960173747,0.9568984380406866
2025-07-31,2317,90529600,16087437011,178.0,179.0,176.0,178.0,0.0,65592,174.80000000000004,169.65,165.575,80.92352092352081,85.13677481419406,72.29765509438302,68.52844555109637,176.96040732692583,165.575,154.18959267307415,4.237198618307701,3.08005948047544,1.157139137832261
2025-08-01,2317,65361707,11706827616,175.0,181.5,175.0,181.5,3.5,51454,176.30000000000004,171.4,166.45,84.96392496392485,82.18839702710659,76.57457825018486,71.46591053049262,179.74624007003513,166.45,153.15375992996485,4.851645096072417,3.4343766035948358,1.4172684924775814
2025-08-04,2317,44503796,7997047960,179.5,181.0,178.5,180.0,-1.5,46741,177.40000000000003,172.85,167.4,95.595238095238,87.16089466089456,71.08706592298172,68.51440049973348,181.68145650835348,167.4,153.11854349164653,5.15810150918071,3.7791215847120108,1.3789799244686995
2025-08-05,2317,52169907,9581384795,182.0,185.0,182.0,184.5,4.5,44275,179.10000000000005,174.8,168.575,96.7248062015503,92.42798975357105,76.88478189153854,72.22094138071733,184.34609698150456,168.575,152.80390301849542,5.69839526293589,4.162976320356787,1.5354189425791027
2025-08-06,2317,68868790,12855469334,185.5,188.5,184.0,186.0,1.5,57215,182.00000000000006,177.2,169.925,92.75655223329632,95.02553217669487,78.55693902110545,73.3472621286442,186.77218077305474,169.925,153.07781922694528,6.1764214772690025,4.56566535173923,1.6107561255297727
2025-08-07,2317,119398749,23135389200,190.0,195.0,190.0,194.5,8.5,89235,185.30000000000004,180.05,171.6,94.56210778885189,94.6811554078995,85.49427777944524,78.6339254116526,191.02832983043078,171.6,152.1716701695692,7.158619548586756,5.084256191108735,2.0743633574780214
2025-08-08,2317,65469369,12751231873,197.0,197.0,193.5,194.5,0.0,56247,187.90000000000003,182.1,173.25,92.13217338217328,93.1502778014405,85.49427777944524,78.6339254116526,194.48793775299293,173.25,152.01206224700707,7.846568242085425,5.636718601304073,2.2098496407813517
2025-08-11,2317,52291064,10257696276,194.0,198.0,192.5,198.0,3.5,48797,191.50000000000006,184.45,175.075,96.10042735042725,94.26490284048414,87.72076466859585,80.48267698832443,198.15372396819237,175.075,151.9962760318076,8.575342081811328,6.224443297405524,2.3508987844058042
2025-08-12,2317,38689326,7612313926,198.5,199.0,195.5,197.0,-1.0,45555,194.00000000000006,186.55,176.9,94.01709401709392,94.0832315832315,83.45112030746206,78.39548917369183,200.83658288060332,176.9,152.9634171193967,8.968821961006142,6.773319030125648,2.1955029308804948
2025-08-13,2317,103356675,20312528967,198.0,199.0,193.5,198.5,1.5,106187,196.50000000000006,189.25,178.675,96.52777777777767,95.54843304843295,84.75007788465201,79.26416279629694,203.47474798259012,178.675,153.8752520174099,9.29455324002194,7.277565872104907,2.016987367917034
2025-08-14,2317,78943020,15688176080,197.5,200.0,197.0,199.5,1.0,51680,197.50000000000006,191.4,180.525,95.75258397932807,95.43248525806655,85.6275107396115,79.84595493225193,205.73903379072848,180.525,155.31096620927153,9.523607054179365,7.726774108519798,1.7968329456595669
2025-08-15,2317,156672765,32140128028,205.0,208.0,202.0,207.0,7.5,120858,200.00000000000006,193.95,182.675,97.24831047505455,96.50955741072009,90.4403128089903,83.56940482783887,209.18589398718922,182.675,156.1641060128108,10.192824634454524,8.219984213706743,1.9728404207477812
2025-08-18,2317,73566364,15318133373,207.5,210.0,206.0,210.0,3.0,71361,202.40000000000003,196.95,184.9,97.942754919499,96.98121645796054,91.73229817581542,84.78062935648542,212.7093509453203,184.9,157.09064905467972,10.840299096100836,8.744047190185562,2.096251905915274
2025-08-19,2317,49978122,10455248708,210.0,212.0,208.0,208.0,-2.0,48934,204.60000000000005,199.3,187.05,92.65734265734254,95.94946935063204,83.0069293810455,80.51911664826574,215.0212352247802,187.05,159.0787647752198,11.064499325640213,9.208137617276492,1.8563617083637212
2025-08-20,2317,124219182,25064469815,206.0,206.5,200.0,200.5,-7.5,146067,205.00000000000006,200.75,188.975,74.28127428127416,88.2937906193719,58.614913106097234,66.932270429748,215.01818528905454,188.975,162.93181471094545,10.515773017437283,9.46966469730865,1.0461083201286332
2025-08-21,2317,67845018,13866663290,201.0,206.0,201.0,206.0,5.5,57751,206.30000000000004,201.9,190.975,64.0248640248639,76.98782698782686,66.9292193196305,70.82075056135587,215.76708543063734,190.975,166.18291456936265,10.404767812806085,9.656685320408137,0.7480824923979483
2025-08-22,2317,54944456,11230285900,208.0,208.0,202.0,202.5,-3.5,75006,205.40000000000003,202.7,192.4,52.96835296835285,63.75816375816364,58.242177850801255,65.53914103464345,216.3887473620444,192.4,168.4112526379556,9.920022791367899,9.70935281460009,0.21066997676780908
2025-08-25,2317,52074373,10794411131,207.0,208.0,206.0,207.5,5.0,36892,204.90000000000003,203.65,194.05,64.51836451836441,60.50386050386038,65.66883571528857,69.08602704406057,217.41856863395782,194.05,170.6814313660422,9.8260485119919,9.732691954078451,0.09335655791344877
2025-08-26,2317,42252559,8781319005,207.0,209.0,206.0,209.0,1.5,31176,205.10000000000005,204.85,195.7,68.108108108108,61.86494186494175,67.6806428106345,70.080917672,218.3878822281856,195.7,173.0121177718144,9.760102298668926,9.738174022996546,0.021928275672379982
2025-08-27,2317,41852802,8721224257,210.0,210.0,207.5,208.0,-1.0,36106,206.60000000000005,205.8,197.525,74.114114114114,68.9135289135288,64.73037489491614,68.49823686995146,217.8854395826806,197.525,177.16456041731942,9.517436720724504,9.694026562542138,-0.17658984181763415
2025-08-28,2317,48681221,10022449817,207.5,207.5,204.0,206.0,-2.0,34179,206.60000000000005,206.45,198.925,65.55555555555544,69.25925925925912,58.754332578970434,65.32092001693573,217.4945314965129,198.925,180.35546850348712,9.059309140047532,9.567083078043217,-0.5077739379956849
2025-08-29,2317,55250195,11287102203,206.0,207.0,202.5,203.5,-2.5,44100,206.80000000000004,206.1,200.025,48.611111111111,62.76026026026012,51.782522513369045,61.48187725789469,216.86089914438816,200.025,183.18910085561185,8.397707085214591,9.333207879477492,-0.9355007942629001
2025-09-01,2317,70459817,14078205621,203.0,204.5,197.0,198.5,-5.0,71939,205.00000000000006,204.95,200.95,30.235042735042622,48.133903133903,40.554131253070594,54.57362570514472,215.1023849580206,200.95,186.79761504197938,7.384797132451297,8.943525730072253,-1.5587285976209557
2025-09-02,2317,35779045,7156125061,200.0,203.5,198.0,198.5,0.0,34355,202.90000000000003,204.0,201.65,17.4145299145298,32.08689458689445,40.554131253070594,54.57362570514472,213.70860688470995,201.65,189.59139311529006,6.507049481341028,8.456230480326008,-1.9491809989849802
2025-09-03,2317,34371962,6872038310,198.5,201.0,197.0,200.5,2.0,27080,201.40000000000003,204.0,202.375,16.666666666666554,21.438746438746303,46.83104330827801,56.82418729693176,212.10061052068167,202.375,192.64938947931833,5.904745202193766,7.945933424699559,-2.0411882225057933
2025-09-04,2317,41864177,8521942683,203.0,205.0,202.0,203.0,2.5,31214,200.80000000000004,203.7,202.8,28.20512820512809,20.762108262108125,53.925820740731965,59.52365894725027,211.8299501659743,202.8,193.7700498340257,5.5649940410134775,7.469745547962343,-1.9047515069488652
2025-09-05,2317,39235404,8029752712,205.5,206.5,203.0,205.0,2.0,28923,201.10000000000005,203.95,203.325,44.871794871794755,29.914529914529776,59.02851052762246,61.592508289683025,211.5485941047714,203.325,195.10140589522857,5.39493265785498,7.05478296994087,-1.65985031208589
2025-09-08,2317,45711589,9334946908,206.0,207.5,202.0,203.5,-1.5,50746,202.10000000000005,203.55,203.6,52.56410256410245,41.88034188034174,53.81365696081279,59.15058179770555,211.45238817176045,203.6,195.74761182823954,5.080554848738188,6.6599373457003335,-1.579382496962145
2025-09-09,2317,64990917,13418391286,204.5,208.0,204.0,207.5,4.0,49854,203.90000000000003,203.4,204.125,68.99766899766888,55.477855477855336,63.771156333932176,63.32614166276726,211.5336098561074,204.125,196.7163901438926,5.095437706567026,6.347037417873672,-1.2515997113066462
2025-09-10,2317,86104648,18091486378,211.0,211.0,209.0,210.0,2.5,59270,205.80000000000004,203.6,204.7,79.4372294372293,66.99966699966684,68.6927762867067,65.68690998690414,212.0579888556598,204.7,197.34201114434018,5.248460598523337,6.127322054003605,-0.8788614554802674
2025-09-11,2317,133210297,28371439699,212.0,216.5,209.0,214.5,4.5,110323,208.10000000000005,204.45,205.45,92.68509268509256,80.3733303733302,75.64172897640778,69.49357975779063,213.55493676718277,205.45,197.3450632328172,5.667513170870592,6.035360277377002,-0.36784710650641017
2025-09-12,2317,74001120,16094789200,217.0,218.5,216.5,217.5,3.0,59880,210.60000000000005,205.85,205.975,92.64985660334484,88.25739290855553,79.22775731134615,71.74412409222143,215.62629524986264,205.975,196.32370475013735,6.1705599079418505,6.062400203489972,0.10815970445187872
2025-09-15,2317,56651315,12223562936,218.5,218.5,213.0,216.0,-1.5,75033,213.10000000000005,207.6,206.275,91.15483999204916,92.1632630934955,72.96190416388312,69.00305895768835,216.74627021903225,206.275,195.80372978096776,6.3747069537049015,6.124861553532957,0.24984540017194412
2025-09-16,2317,50810161,10921782120,217.0,217.0,213.5,215.5,-0.5,55352,214.70000000000005,209.3,206.65,88.51303735024652,90.77257798188015,70.78485259526668,68.06948461221526,217.8531245641553,206.65,195.4468754358447,6.422118947351663,6.184313032296698,0.23780591505496496
2025-09-17,2317,57358177,12178164074,214.0,214.5,211.0,212.0,-3.5,55556,215.10000000000005,210.45,207.225,76.93211181583261,85.53332971937607,56.91571177471831,61.76952783220923,218.2860804173916,207.225,196.1639195826084,6.106876276307389,6.168825681098836,-0.06194940479144684
2025-09-18,2317,80554452,17094718551,211.5,216.0,208.0,215.0,3.0,58698,215.20000000000005,211.65,207.675,73.7373737373736,79.72750763448421,63.97435173295912,64.77858092840862,219.22175279028633,207.675,196.1282472097137,6.029613485303372,6.140983241939743,-0.11136975663637116
2025-09-19,2317,60640765,13043430662,216.5,217.0,214.0,214.0,-1.0,31511,214.50000000000006,212.55,208.25,69.45315221177276,73.3742125883263,60.14249649080619,62.99860331935865,219.85387866189552,208.25,196.64612133810448,5.8205943358238414,6.076905460716563,-0.25631112489272123
2025-09-22,2317,34758075,7497072101,215.5,218.0,214.0,216.0,2.0,26738,214.50000000000006,213.8,208.675,74.64795740657796,72.61282778524141,65.02988680456625,65.06610018017638,220.75090576312954,208.675,196.59909423687049,5.7500454940854695,6.011533467390344,-0.2614879733048747
2025-09-23,2317,106127922,23372213555,218.0,222.0,217.5,221.0,5.0,80860,215.60000000000005,215.15,209.275,79.33771209633265,74.47960723822776,74.2421031516575,69.63420525955763,222.4942095073797,209.275,196.0557904926203,6.02810499991341,6.0148477738949575,0.01325722601845225
2025-09-24,2317,66406960,14704333060,222.0,223.0,219.0,223.0,2.0,57218,217.80000000000004,216.45,210.025,89.68253968253954,81.22273639515002,77.06197801530628,71.25347444308386,224.5111140406944,210.025,195.53888595930562,6.336805695363665,6.079239358188699,0.2575663371749659
2025-09-25,2317,126590277,28960571650,223.0,231.0,222.5,230.0,7.0,104399,220.80000000000004,218.0,211.225,96.16977225672865,88.39667467853359,84.1481785960876,76.06442590246039,227.9775371212838,211.225,194.4724628787162,7.064855463076924,6.276362579166344,0.78849288391058
2025-09-26,2317,122225692,27112438607,230.0,230.5,218.5,219.5,-10.5,135714,221.90000000000003,218.2,212.025,81.88405797101437,89.24545663676082,54.619533864337896,59.87688863273034,228.75364310098112,212.025,195.2963568990189,6.717146814270222,6.36451942618712,0.35262738808310257
2025-09-30,2317,92277798,20154961826,224.0,224.0,215.5,216.0,-3.5,76105,221.90000000000003,218.2,212.9,60.14492753623176,79.3995859213249,48.06086223736032,55.62726629636491,228.49999999999955,212.9,197.30000000000047,6.088974547378683,6.309410450425433,-0.22043590304674954
2025-10-01,2317,58600187,12838949104,219.0,222.0,216.0,219.0,3.0,47081,221.50000000000006,218.55,213.925,44.20289855072451,62.07729468599018,53.629050229109474,58.35552999218054,228.24727286431778,213.925,199.60272713568224,5.766743004402372,6.20087696122082,-0.4341339568184486
2025-10-02,2317,73884573,16555137360,221.5,226.0,221.0,225.5,6.5,60311,222.00000000000006,219.9,215.175,50.085251491900976,51.477692526285715,63.51596712394206,63.58046971008544,228.94553012777553,215.175,201.4044698722245,5.967083043330888,6.154118177642834,-0.1870351343119463
2025-10-03,2317,52446781,11878763582,226.0,228.0,224.5,226.5,1.0,39885,221.30000000000004,221.05,216.35,63.00085251491888,52.429667519181415,64.86071612979018,64.3221118715281,229.77050669684326,216.35,202.92949330315673,6.135815745701279,6.150457691254523,-0.01464194555324383
2025-10-07,2317,66127414,15079906793,230.0,231.5,225.0,228.5,2.0,86692,223.10000000000005,222.5,217.525,74.14215686274497,62.4094202898549,67.64348371123998,65.82121453499357,230.87968082733553,217.525,204.17031917266448,6.357634065271242,6.191892966057867,0.165741099213375
2025-10-08,2317,50104069,11216169955,225.0,225.5,222.0,225.0,-3.5,48832,224.90000000000003,223.4,218.6,71.3848039215685,69.50927109974408,58.22878184448501,60.99147093325653,230.66482490548444,218.6,206.53517509451555,6.179769397523813,6.189468252351056,-0.009698854827242975
2025-10-09,2317,56700891,12630175220,227.0,227.0,221.0,221.5,-3.5,55320,225.40000000000003,223.45,219.3,59.37499999999988,68.30065359477108,50.094528594925706,56.52481960253076,230.28362417419612,219.3,208.3163758258039,5.690789735926558,6.089732549066157,-0.3989428131395991
2025-10-13,2317,111260942,23697376844,210.0,216.0,210.0,213.0,-8.5,116570,222.90000000000003,222.45,219.45,36.94282945736422,55.9008777929775,35.88943083817524,47.4386501361038,229.99466689848484,219.45,208.90533310151514,4.564771029707316,5.784740245194389,-1.2199692154870725
2025-10-14,2317,108702039,22810488993,216.0,217.5,205.0,206.0,-7.0,128309,218.80000000000004,220.05,219.025,18.409024425917675,38.242284627760554,28.205080172078674,41.519521419344294,230.93077590919503,219.025,207.11922409080498,3.0721379005645417,5.242219776268419,-2.170081875703877
2025-10-15,2317,65964764,13607971885,207.5,208.0,203.0,206.5,0.5,56585,214.40000000000003,218.75,218.475,10.002591677379664,21.784815186887148,29.463635834795692,42.075482682149136,231.56879624096882,218.475,205.38120375903117,1.9075719116285654,4.575290203340448,-2.667718291711883
2025-10-16,2317,154273795,33877031923,215.0,225.5,211.5,223.0,16.5,118148,214.00000000000006,219.45,218.825,28.74324175217907,19.051619285158765,57.88622412482558,56.703488982307235,232.00936574128667,218.825,205.6406342587133,2.2896632660333864,4.118164815879036,-1.8285015498456492
2025-10-17,2317,119855855,27170967116,224.0,230.0,222.5,226.5,3.5,95615,215.00000000000006,220.2,219.375,54.970760233918014,31.23886455449221,61.70499478361584,59.064981067280975,232.8726849866931,219.375,205.8773150133069,2.8421318398145843,3.8629582206661452,-1.020826380851561
2025-10-20,2317,152953266,36075523914,230.0,239.5,229.0,238.5,12.0,134231,220.10000000000005,221.5,220.7,83.29728430665693,55.67042876425129,71.89790303058582,65.92686769233728,236.10908822740663,220.7,205.29091177259335,4.199853578933016,3.9303372923195194,0.2695162866134968
2025-10-21,2317,120698819,29149120621,241.5,245.5,238.0,239.0,0.5,167654,226.70000000000005,222.75,221.9,88.1407655588069,75.46960336646056,72.25686387859757,66.18124571699299,238.9926884953773,221.9,204.8073115046227,5.255620142869844,4.195393862429585,1.0602262804402596
2025-10-22,2317,71609786,17220549578,238.0,243.0,236.5,242.5,3.5,61493,233.90000000000003,224.15,223.325,91.63577759871059,87.69127582139141,74.87755090649138,67.98313875827441,242.2042875924919,223.325,204.44571240750807,6.302096850878826,4.616734460119433,1.6853623907593924
2025-10-23,2317,50955830,12197332916,240.0,240.5,238.0,239.0,-3.5,52881,237.10000000000005,225.55,224.475,87.45098039215672,89.07584118322468,67.44471847410696,64.29398762368781,244.21195771896,224.475,204.73804228103998,6.770964962841646,5.047580560663876,1.7233844021777696
2025-10-27,2317,80708542,19851228769,249.0,249.0,243.0,246.5,7.5,92215,241.10000000000005,228.05,225.75,90.73742540494443,89.94139446527053,73.91751178672,68.26776717064385,247.6052053296233,225.75,203.8947946703767,7.659440378620616,5.569952524255224,2.089487854365392
2025-10-28,2317,73662546,18319667921,248.0,250.0,246.5,250.0,3.5,54245,243.40000000000003,231.75,227.1,93.09036658141503,90.42625745950534,76.46513695210315,69.9485782671594,251.3169362224048,227.1,202.8830637775952,8.547454560457453,6.16545293149567,2.382001628961783
2025-10-29,2317,125297120,32456157743,254.0,263.0,253.0,260.0,10.0,134759,247.60000000000005,237.15,228.6,96.24665822428578,93.35815007021502,82.24568661876854,74.15998906675591,256.7471135287441,228.6,200.45288647125588,9.943506075452632,6.921063560287062,3.0224425151655696
2025-10-30,2317,108445874,28366663326,262.5,265.0,256.5,262.0,2.0,120853,251.50000000000006,242.7,230.725,95.70531125071375,95.0141120188048,83.20804222439928,74.91709237006124,262.04188841503935,230.725,199.40811158496064,11.083506480928008,7.753552144415251,3.329954336512757
2025-10-31,2317,63119828,16335488543,261.0,262.0,257.0,257.5,-4.5,80469,255.20000000000005,246.15,232.8,88.7608668062693,93.57094542708955,72.84346476852777,69.9509062174427,265.4119609959288,232.8,200.18803900407124,11.491387066631773,8.501119128858555,2.9902679377732184
2025-11-03,2317,97190219,24506690764,255.0,256.5,250.0,251.5,-6.0,112031,256.20000000000005,248.65,234.425,74.91314069487431,86.45977291728572,61.02001674796137,63.87135360460155,267.36171963022406,234.425,201.488280369776,11.201363171480807,9.041167937383005,2.1601952340978023
2025-11-04,2317,95832447,23802735472,252.0,255.0,244.0,244.0,-7.5,112749,255.00000000000006,249.2,235.35,52.704678362572984,72.12622862123881,49.340738616816225,57.18133586286368,268.27126972034944,235.35,202.42873027965055,10.24819501235703,9.28257335237781,0.9656216599792202
2025-11-05,2317,114664242,27783011433,239.0,248.5,237.0,247.0,3.0,102625,252.40000000000003,250.0,236.375,38.220551378446,55.279456811964366,53.49461618851431,59.02989317728282,269.40661364511266,236.375,203.34338635488731,9.623938534270223,9.350846388756292,0.2730921455139317
2025-11-06,2317,65794425,16345639683,249.5,250.5,246.0,248.0,1.0,54035,249.60000000000005,250.55,237.35,33.77192982456128,41.56571985519336,54.931730314360706,59.65513993527936,270.5450297484428,237.35,204.1549702515572,9.104946267572359,9.301666364519505,-0.19672009694714632
2025-11-07,2317,50319199,12385551288,246.0,250.5,244.0,244.0,-4.0,55005,246.90000000000003,251.05,238.3,33.33333333333321,35.10860484544676,48.0084419917166,55.97532759980349,271.11219285570513,238.3,205.48780714429492,8.275480004289733,9.096429092473551,-0.8209490881838182
2025-11-10,2317,51628691,12765449635,245.0,250.0,244.0,249.5,5.5,41416,246.50000000000006,251.35,239.7,36.30952380952369,34.47159565580599,56.75227565198158,59.660017073971005,271.90931542271585,239.7,207.49068457728413,7.97005224810772,8.871153723600385,-0.9011014754926645
2025-11-11,2317,50821377,12670099307,251.0,252.0,246.5,246.5,-3.0,50065,247.00000000000006,251.0,241.375,34.5238095238094,34.72222222222203,51.265700799391404,56.8643338201796,271.2562232012013,241.375,211.49377679879868,7.400613951975316,8.57704576927537,-1.1764318173000543
2025-11-12,2317,65085447,16260745721,248.0,252.0,245.0,251.0,4.5,48915,247.80000000000004,250.1,243.625,44.857142857142726,38.56349206349187,58.3176374667324,59.89981087917867,268.9407559634314,243.625,218.30924403656863,7.229109714812012,8.307458558382699,-1.0783488435706872
2025-11-13,2317,90541908,22755846470,256.0,256.0,247.0,252.0,1.0,67939,248.60000000000005,249.1,245.9,55.61721611721598,44.9993894993893,59.824819774760904,60.56394542909843,264.8356806056706,245.9,226.96431939432944,7.092129361310128,8.064392718968184,-0.9722633576580559
2025-11-14,2317,112889692,27463897255,246.5,247.0,241.0,241.0,-11.0,136154,248.00000000000006,247.45,246.8,51.3252361673413,50.599865047233266,40.862905493132324,50.630512857214036,262.77623234683296,246.8,230.8237676531671,6.026493707013117,7.656812916577171,-1.6303192095640542
2025-11-17,2317,84874596,20140677581,241.0,242.0,235.0,236.0,-5.0,85770,245.30000000000004,245.9,247.275,34.24587108797622,47.0627744575111,34.98286562484773,46.867634126800944,261.2480991551623,247.275,233.3019008448377,4.724055588039533,7.070261450869643,-2.34620586283011
2025-11-18,2317,77859170,18076847443,231.5,237.0,230.0,230.0,-6.0,92234,242.00000000000006,244.5,246.85,8.604845446950582,31.391984234089296,29.117072176058244,42.760692286216646,262.30347857280026,246.85,231.3965214271997,3.1711589923988015,6.290440959175475,-3.119281966776674
2025-11-19,2317,70909837,16178869413,226.5,230.0,226.5,229.0,-1.0,72522,237.60000000000005,242.7,246.35,4.412160344363605,15.754292293096732,28.19772203177025,42.098557852605836,263.3561753489731,246.35,229.34382465102686,1.838591471684282,5.400071061677236,-3.5614795899929543
2025-11-20,2317,78464576,18508648331,237.0,238.0,232.5,236.5,7.5,54773,234.50000000000006,241.55,246.05,14.124293785310607,9.04709985887486,43.74073901705698,48.53517783226533,263.52254989977075,246.05,228.57745010022927,1.3718950782847799,4.594435864998745,-3.2225407867139655
2025-11-21,2317,97471576,22084882032,226.0,229.5,225.0,225.0,-11.5,119688,231.30000000000004,239.65,245.35,14.124293785310607,10.886915971661535,31.53076026846941,41.007616892687395,264.8950761062731,245.35,225.80492389372685,0.07323670649557812,3.690196033298112,-3.616959326802534
2025-11-24,2317,100270276,22226945000,226.5,227.0,220.0,220.0,-5.0,90400,228.10000000000005,236.7,244.025,11.29943502824846,13.182674199623152,27.61991934249614,38.23127298710366,266.45817855320485,244.025,221.5918214467952,-1.343925684011566,2.6833716898361764,-4.027297373847743
2025-11-25,2317,73643136,16338521691,225.0,226.0,219.0,219.0,-1.0,61366,225.90000000000003,233.95,242.475,-1.2789769243681803e-13,8.474576271186242,26.843056308771896,37.68178914816232,267.2085298734329,242.475,217.7414701265671,-2.518694785588252,1.6429583947512905,-4.161653180339543
2025-11-26,2317,68461990,15412792724,221.0,228.0,221.0,227.0,8.0,51731,225.50000000000006,231.55,240.825,9.523809523809396,6.9410815173525044,42.05472492918699,44.54815353846159,265.059840622542,240.825,216.59015937745795,-2.772218215192936,0.7599230727624451,-3.532141287955381
2025-11-27,2317,63038658,14475516970,229.0,232.0,226.0,231.0,4.0,54522,224.40000000000003,229.45,239.275,26.91511387163548,12.14630779848151,48.32283709124353,47.65379799843462,261.79937568502186,239.275,216.75062431497815,-2.620167133371041,0.08390503153574791,-2.7040721649067887
2025-11-28,2317,56939840,12896392543,229.5,229.5,225.0,225.5,-5.5,59159,224.50000000000006,227.9,237.675,38.318622643565305,24.919182013003322,41.17742328358428,44.00441568118635,259.3228058934381,237.675,216.02719410656192,-2.9099257771473788,-0.5148611302008774,-2.3950646469465013
2025-12-01,2317,52409098,11697363425,225.0,226.0,222.0,222.0,-3.5,52888,224.90000000000003,226.5,236.2,34.05797101449262,33.09723584323107,37.10409892561725,41.81012889181142,257.8988478956839,236.2,214.50115210431608,-3.382985389483281,-1.088485982057358,-2.294499407425923
2025-12-02,2317,49869243,11112126391,220.5,225.0,220.5,222.0,0.0,42121,225.50000000000006,225.7,235.1,21.92982456140338,31.435472739820366,37.104098925617244,41.81012889181141,257.32970984965914,235.1,212.87029015034085,-3.715063599837805,-1.6138015056134476,-2.1012620942243574
2025-12-03,2317,53110402,12105405038,225.0,230.0,225.0,227.0,5.0,42615,225.50000000000006,225.5,234.1,31.039136302294065,29.008977292729952,47.25033714980092,46.2507230479803,255.89357703544832,234.1,212.30642296455167,-3.5340415298894925,-1.9978495104686567,-1.5361920194208358
2025-12-04,2317,25728854,5881293758,230.0,230.0,227.5,228.5,1.5,22327,225.00000000000006,224.7,233.125,50.13495276653159,34.36797121007627,50.069478538406955,47.54400947048009,254.0722551901199,233.125,212.1777448098801,-3.2322830246036176,-2.2447362132956488,-0.9875468113079688
2025-12-05,2317,35103317,8092547584,229.0,231.5,228.5,231.0,2.5,31120,226.10000000000005,225.3,232.475,75.64102564102552,52.27170490328365,54.76973780196271,49.71565204694075,252.83052750483276,232.475,212.11947249516723,-2.7595972096405603,-2.3477084125646313,-0.41188879707592907
2025-12-08,2317,29940997,6921563147,231.5,232.0,229.0,232.0,1.0,30589,228.10000000000005,226.5,231.6,88.46153846153834,71.41250562303173,56.67309441770492,50.59668872514226,250.39787222001507,231.6,212.80212777998491,-2.278038839402967,-2.3337744979322985,0.05573565852933138
2025-12-09,2317,54359440,12759646823,233.0,236.5,232.0,235.0,3.0,42902,230.70000000000005,228.1,231.025,94.3108974358973,86.13782051282031,62.235278872782786,53.24341995399388,248.63032589871543,231.025,213.41967410128458,-1.635472722101099,-2.1941141427660584,0.5586414206649595
2025-12-10,2317,36069288,8426123662,236.0,236.0,232.0,233.5,-1.5,39039,232.00000000000006,228.75,230.15,90.62499999999987,91.13247863247842,57.89938671573401,51.750545111498134,245.25993050943643,230.15,215.04006949056358,-1.2330579837922073,-2.001902910971288,0.7688449271790807
2025-12-11,2317,60054527,13752207520,234.0,234.5,226.0,226.0,-7.5,89601,231.50000000000006,228.25,228.85,68.74999999999987,84.5619658119656,41.16837096297114,44.96225726028564,240.2302460430348,228.85,217.46975395696518,-1.5020144368688193,-1.9019252161507942,0.39991077928197494
2025-12-12,2317,29684376,6726641967,227.0,228.5,225.0,227.0,1.0,31448,230.70000000000005,228.4,228.15,52.0833333333332,70.48611111111092,43.699119852466794,45.97973622997155,238.08529063490303,228.15,218.21470936509698,-1.6158462512522647,-1.8447094231710883,0.22886317191882366
2025-12-15,2317,44481528,9866068296,221.0,223.0,220.5,221.5,-5.5,71295,228.60000000000005,228.35,227.425,27.0833333333332,49.30555555555535,34.246301101747825,41.44187136349625,237.07525906387872,227.425,217.7747409361213,-2.125362957663782,-1.9008401300696272,-0.22452282759415487
2025-12-16,2317,63458370,13793757767,220.0,220.5,215.0,218.0,-3.5,89675,225.20000000000005,227.95,226.825,20.27616279069754,33.14760981912124,29.50745562041885,38.81649574696963,237.22343738260855,226.825,216.42656261739143,-2.7795385771296424,-2.0765798194816303,-0.7029587576480121
2025-12-17,2317,51129639,11120465506,218.0,219.5,216.0,216.5,-1.5,52205,221.80000000000004,226.9,226.2,9.06007751937971,18.806524547803413,27.598012653591987,37.713788698447,237.46676528556583,226.2,214.93323471443415,-3.3800517994788777,-2.33727421548108,-1.0427775839977977
2025-12-18,2317,50364181,10832883459,214.5,217.0,213.5,216.0,-0.5,46455,219.80000000000004,225.65,225.175,10.599932591843478,13.312057633973504,26.920551471646835,37.33307281947845,236.23517630962476,225.175,214.11482369037526,-3.851906297906595,-2.640200631966183,-1.211705665940412
2025-12-19,2317,41562299,9148598443,219.0,221.5,218.0,221.5,5.5,26550,218.70000000000005,224.7,225.0,17.54297269969653,12.400994270306503,44.427363909874735,44.02666680365833,236.17586685675855,225.0,213.82413314324145,-3.7389500639350786,-2.859950518359962,-0.8789995455751165
2025-12-22,2317,40062169,8987821737,224.5,225.5,223.0,224.0,2.5,30314,219.20000000000005,223.9,225.2,30.772946859903247,19.63861738381435,50.69145563168759,46.80785557533259,236.151712194905,225.2,214.24828780509498,-3.4084122730578486,-2.9696428692995394,-0.4387694037583092
2025-12-23,2317,29629268,6653399339,225.5,226.0,223.5,224.0,0.0,21819,220.40000000000003,222.8,225.45,43.81642512077281,30.71078156012413,50.691455631687596,46.80785557533259,236.04669759878223,225.45,214.85330240121775,-3.1106016132758896,-2.9978346180948092,-0.11276699518108035
2025-12-24,2317,36443763,8211187033,225.5,227.5,224.0,224.0,0.0,29599,221.90000000000003,221.85,225.3,55.55555555555543,43.38164251207709,50.691455631687596,46.80785557533259,235.88961755683297,225.3,214.71038244316705,-2.84182572184244,-2.9666328388443355,0.1248071170018954
2025-12-26,2317,28935431,6533625977,225.5,227.5,224.5,225.5,1.5,27254,223.80000000000004,221.8,225.025,68.57142857142844,55.981136415918826,55.47343722951301,48.717378241733996,235.28889302360483,225.025,214.76110697639518,-2.4792027217525003,-2.8691468154259683,0.38994409367346794
2025-12-29,2317,57945280,13368023317,227.0,233.0,226.5,231.0,5.5,51591,225.70000000000005,222.2,225.3,81.81929181929168,68.64875864875846,68.52940124535245,55.08432686292737,235.88961755683297,225.3,214.71038244316705,-1.728096921434144,-2.6409368366276036,0.9128399151934596
2025-12-30,2317,36162418,8276095353,230.5,231.0,228.0,228.0,-3.0,38132,226.50000000000006,222.85,225.6,83.27228327228313,77.88766788766769,57.753085244535896,51.34010860169567,236.13850084215005,225.6,215.06149915784994,-1.3592465431626692,-2.3845987779346167,1.0253522347719475
2025-12-31,2317,41319239,9518671728,228.5,231.5,228.0,230.5,2.5,37119,227.80000000000004,224.1,226.025,83.76068376068362,82.95075295075274,63.35541571541422,54.137749145515514,236.6338406529642,226.025,215.4161593470358,-0.8553410155350036,-2.078747225454694,1.2234062099196903
2026-01-02,2317,58776015,13613204429,232.0,233.5,229.0,232.0,1.5,45971,229.40000000000003,225.65,226.275,83.95368072787414,83.66221592028023,66.46806625299713,55.78049576022338,237.19505036618412,226.275,215.3549496338159,-0.3311376418605221,-1.7292253087358596,1.3980876668753375
2026-01-05,2317,64697110,15183814610,234.5,236.0,233.5,234.5,2.5,52049,231.20000000000005,227.5,226.575,88.65453542872883,85.4562999724288,71.22128219612122,58.451670017037216,238.03918335512913,226.575,215.11081664487085,0.28276685480022934,-1.3268268760286417,1.609593730828871
2026-01-06,2317,68919645,16207891463,237.0,239.0,232.5,236.0,1.5,82940,232.20000000000005,228.95,226.825,86.4764267990073,86.36154765187003,73.81911561112354,60.01247557700216,238.86773640000584,226.825,214.78226359999414,0.8801818666592283,-0.8854251274910676,1.7656069941502959
2026-01-07,2317,88280139,21020122381,237.5,241.5,235.0,238.5,2.5,65005,234.30000000000004,230.4,227.15,83.98794753633449,86.37296992135681,77.72831998179703,62.53837076471911,240.0538753868743,227.15,214.24612461312572,1.537641697982849,-0.40081176239628424,1.9384534603791335
2026-01-08,2317,89498594,20719981503,237.5,237.5,228.5,229.5,-9.0,106087,234.10000000000005,230.95,226.875,64.30468961778246,78.25635465104136,47.77037564306229,50.23590371157686,239.3243975757861,226.875,214.4256024242139,1.3172738541710487,-0.05719463908281763,1.3744684932538664
2026-01-09,2317,37370013,8591804743,230.0,232.0,227.0,230.5,1.0,35498,233.80000000000004,231.6,226.725,46.31185807656382,64.86816507689353,50.25568504726075,51.380360902848786,238.92120842721204,226.725,214.52879157278795,1.2093813970060125,0.19612056813494844,1.013260828871064
2026-01-12,2317,32968055,7573734159,233.0,233.0,228.5,228.5,-2.0,38285,232.60000000000005,231.9,226.85,22.141086319585167,44.25254467131043,45.23341851652557,48.955432068725415,239.06515452214958,226.85,214.6348454778504,0.9515239858709492,0.3472012516821486,0.6043227341888007
2026-01-13,2317,45735375,10407033498,230.0,230.5,226.0,226.5,-2.0,51794,230.70000000000005,231.45,226.825,13.412433568162017,27.28845932143695,40.51031981871914,46.58756902307748,239.0408708244647,226.825,214.6091291755353,0.5791112109261292,0.3935832435309447,0.18552796739518446
2026-01-14,2317,65365361,15210404940,228.0,234.5,227.5,234.5,8.0,52971,229.90000000000003,232.1,227.475,22.803114571746246,19.45221148649776,60.00089528458936,55.7973389608694,239.87046287961817,227.475,215.07953712038181,0.9189119005172302,0.4986489749282018,0.42026292558902834
2026-01-15,2317,35041875,8134428925,234.0,234.0,231.0,233.5,-1.0,33091,230.70000000000005,232.4,228.25,35.4838709677418,23.899806369216634,57.264821879749704,54.5315851161965,240.10537852622127,228.25,216.39462147377873,1.094893501757923,0.617897880294146,0.47699562146377705
2026-01-16,2317,48950439,11418317875,235.0,235.0,231.0,234.5,1.0,40375,231.50000000000006,232.65,229.15,52.68817204301062,36.991719194166166,59.42351650632347,55.61588159915195,239.99020295012878,229.15,218.30979704987124,1.3000654856159315,0.7543314013585032,0.5457340842574283
2026-01-19,2317,53439088,12286441632,233.5,233.5,229.0,229.5,-5.0,64724,231.70000000000005,232.15,229.825,41.93548387096761,43.36917562723995,45.89890471310363,49.28702148911723,238.83208054810387,229.825,220.8179194518961,1.0471368064663125,0.8128924823800651,0.2342443240862474
2026-01-20,2317,77123735,17372372600,228.5,228.5,223.5,223.5,-6.0,117356,231.10000000000005,230.9,229.925,25.80645161290309,40.14336917562704,34.80787234319374,42.968153393704746,238.59837881105048,229.925,221.25162118894954,0.3584076497939179,0.7219955158628356,-0.3635878660689177
2026-01-21,2317,81041618,17901650432,221.0,225.0,219.0,219.0,-4.5,106896,228.00000000000006,228.95,229.675,7.526881720429972,25.08960573476683,28.732751506468063,38.93627804063946,239.25766664347586,229.675,220.09233335652416,-0.5442537424684133,0.4687456641965858,-1.0129994066649992
2026-01-22,2317,47823356,10709313209,223.5,226.0,222.0,223.5,4.5,47343,226.00000000000006,228.35,229.65,9.374999999999863,14.236111111110915,40.78933300319783,44.5405669584048,239.29416922290253,229.65,220.0058307770975,-0.8862904031586538,0.19773845072553786,-1.0840288538841918
2026-01-23,2317,34322647,7654006218,225.5,226.5,221.5,221.5,-2.0,39340,223.40000000000003,227.45,229.525,14.583333333333195,10.495071684587616,37.49984756491599,42.66632917230639,239.5173720907502,229.525,219.5326279092498,-1.3037118278799653,-0.10255160499556282,-1.2011602228844025
2026-01-26,2317,39852299,8882149216,222.5,225.0,220.0,224.0,2.5,38954,222.30000000000004,227.0,229.45,24.99999999999986,16.319444444444247,44.076874263282974,45.7399067591481,239.58360745243283,229.45,219.31639254756715,-1.4164640913752464,-0.36533410227149954,-1.0511299891037469
2026-01-27,2317,37140264,8370439856,226.0,227.0,224.0,225.5,1.5,34151,222.70000000000005,226.9,229.175,29.16666666666653,22.91666666666647,47.91368355676127,47.556517545339545,239.42329254070978,229.175,218.92670745929024,-1.3690025987704075,-0.5660678015712811,-0.8029347971991264
2026-01-28,2317,80017265,18150589689,227.0,231.5,224.0,225.5,0.0,76165,224.00000000000006,226.0,229.05,37.499999999999865,30.555555555555358,47.91368355676127,47.55651754533954,239.41291464791567,229.05,218.68708535208435,-1.316216499450121,-0.7160975411470492,-0.6001189583030719
2026-01-29,2317,56613117,12688518717,226.5,227.5,222.0,224.0,-1.5,47910,224.10000000000005,225.05,228.725,38.57758620689642,35.081417624520874,43.82146132024133,45.77898768779761,239.29133806008457,228.725,218.15866193991542,-1.3795183703593068,-0.8487817069895007,-0.5307366633698061
2026-01-30,2317,72547288,15969960312,223.5,223.5,218.5,220.5,-3.5,68562,223.90000000000003,223.65,228.15,30.16412466843488,35.41390362511033,35.554934046407375,41.84848523976366,239.18222552343778,228.15,217.11777447656223,-1.6925951253980145,-1.0175443906712034,-0.6750507347268111
2026-02-02,2317,65660345,14146239487,219.5,220.0,213.5,214.5,-6.0,98433,222.00000000000006,222.15,227.15,18.474309853620067,29.072006909650394,25.815287301257346,36.12275775139499,239.27064354726986,227.15,215.02935645273016,-2.397226826634636,-1.29348087786389,-1.1037459487707462
2026-02-03,2317,42920416,9305896810,218.5,220.0,214.5,216.5,2.0,37764,220.20000000000005,221.45,226.175,12.535612535612401,20.391349019222385,32.95729615283086,39.11321371784767,238.42765277399036,226.175,213.92234722600966,-2.7624257170435556,-1.587269845699823,-1.1751558713437324
2026-02-04,2317,27678218,6006005709,214.5,219.0,214.0,219.0,2.5,27877,218.90000000000003,221.45,225.2,17.592592592592457,16.200838327274912,41.21116596537516,42.72288054801117,236.4356575241514,225.2,213.96434247584858,-2.8176393694489263,-1.8333437504496437,-0.9842956189992826
2026-02-05,2317,43304385,9395278758,217.5,220.0,215.0,215.5,-3.5,40001,217.20000000000005,220.65,224.5,19.44444444444431,16.524216524216328,34.31159844235926,39.21748874696951,236.3067777145161,224.5,212.6932222854839,-3.1079903578639403,-2.088273071932503,-1.0197172859314372
2026-02-06,2317,56581372,12094098268,215.0,216.5,210.5,215.0,-0.5,49991,216.10000000000005,220.0,223.725,21.031746031745897,19.356261022927495,33.3801809215502,38.728617297369446,235.88425573380226,223.725,211.56574426619773,-3.339940672344511,-2.3386065920149046,-1.0013340803296065
2026-02-09,2317,31063914,6790047933,219.0,220.5,217.5,218.5,3.5,27738,216.90000000000003,219.45,223.225,23.544973544973413,21.340388007054482,45.46917922759537,43.9918087193904,235.38014294445057,223.225,211.06985705554942,-3.204403845543311,-2.511766042720586,-0.6926378028227251
2026-02-10,2317,47159412,10395442089,220.0,222.0,218.0,221.0,2.5,41265,217.80000000000004,219.0,222.95,40.42950513538735,28.335408237368824,52.63209434705639,47.46326133516489,235.0450403058459,222.95,210.85495969415408,-2.8622664018039927,-2.5818661145372674,-0.2804002872667253
2026-02-11,2317,67662179,15227871661,222.5,227.0,220.5,227.0,6.0,58996,219.40000000000003,219.15,222.575,66.61998132586353,43.531486668741366,65.36914799432283,54.71741613553648,233.63517630962608,222.575,211.5148236903739,-2.0829591008480577,-2.4820847117994256,0.3991256109513679
2026-02-23,2317,89438337,20484840309,229.5,231.0,227.0,228.5,1.5,58657,222.00000000000006,219.6,222.325,83.18986131037767,63.41311592387611,67.88765742537477,56.340450271033895,232.5830456228288,222.325,212.0669543771712,-1.3289951573543988,-2.2514668009104204,0.9224716435560216
2026-02-24,2317,68380419,15807760926,229.5,232.5,228.0,232.0,3.5,52089,225.40000000000003,220.75,222.2,95.17738359201759,81.66240874275286,73.19441521586185,59.947769900436754,231.9077288796103,222.2,212.4922711203897,-0.4439351428524958,-1.8899604692988354,1.4460253264463396
2026-02-25,2317,168289021,40771218065,235.0,247.0,234.5,246.5,14.5,164175,231.00000000000006,223.95,223.05,94.72076258745138,91.0293358299488,85.09755529477229,70.73551905694674,237.1492907623036,223.05,208.95070923769643,1.411242192074667,-1.229719937024135,2.640962129098802
2026-02-26,2317,122692650,30070220979,253.5,253.5,241.5,243.0,-3.5,133219,235.40000000000003,226.6,224.025,90.64626835413695,93.51480484453522,75.63892137397123,66.1070572199847,240.5944749464184,224.025,207.45552505358162,2.5694438967375675,-0.4698871702717944,3.039331067009362
2026-03-02,2317,75106481,17837046251,234.0,241.0,232.5,239.0,-4.0,78895,237.80000000000004,228.6,225.025,80.16353403419332,88.51018832526047,65.87604896070118,61.180024783650865,242.6416824345563,225.025,207.40831756544372,3.128497153704359,0.24978969452343636,2.8787074591809225
2026-03-03,2317,87819659,20415819056,239.0,240.0,228.0,229.0,-10.0,122333,237.90000000000003,229.95,225.3,57.93496985357435,76.24825741396815,47.859028748800355,50.955299520950916,242.98445645192385,225.3,207.61554354807618,2.7331286552742995,0.746457486673609,1.9866711686006906
2026-03-04,2317,122301965,26748024357,224.5,225.0,216.5,217.0,-12.0,133412,234.90000000000003,230.15,225.075,33.191621854412396,57.096708580726634,34.60777133827348,41.90481455481028,243.05909019105553,225.075,207.09090980894445,1.4349552886379229,0.8841570470664718,0.5507982415714511
2026-03-05,2317,55660316,12480037425,224.5,228.0,222.0,224.0,7.0,47861,230.40000000000003,230.7,225.075,17.8553553553552,36.32731568778059,44.9760880896096,47.736359506557754,243.05909019105553,225.075,207.09090980894445,0.9599196847075859,0.8993095745946946,0.0606101101128913
2026-03-06,2317,37319287,8284985732,221.0,223.5,219.0,223.0,-1.0,31086,226.40000000000003,230.9,224.95,13.063063063062907,21.370013424276777,43.818151130641084,47.01038077517225,242.95527700425714,224.95,206.94472299574284,0.49702945730109604,0.8188535511359749,-0.32182409383487887
2026-03-09,2317,93407607,19576427237,208.0,212.5,206.0,210.5,-12.5,110783,220.70000000000005,229.25,224.2,15.770507349454562,15.562975255957499,31.85716143962514,39.021693634630545,243.2693471309335,224.2,205.13065286906647,-0.8684489767900345,0.481393045550773,-1.3498420223408076
2026-03-10,2317,69438646,14721492405,216.0,216.5,209.5,209.5,-1.0,76351,216.80000000000004,227.35,223.475,11.469890943574997,13.434487118697431,31.065697819362253,38.45863939837458,243.59333740645576,223.475,203.35666259354423,-2.008143488094589,-0.01651426117829946,-1.9916292269162899
2026-03-11,2317,54702636,11869345300,212.5,220.0,212.5,219.0,9.5,47571,217.20000000000005,226.05,223.4,14.736842105263001,13.992413466097462,45.948965325823885,46.37490693323238,243.5732496142786,223.4,203.2267503857214,-2.1203469543520725,-0.4372807998130541,-1.6830661545390184
2026-03-12,2317,45309134,9742723558,217.0,218.5,213.0,214.5,-4.5,54688,215.30000000000004,222.85,223.4,19.67418546365899,15.293639504165606,41.050933127853035,43.519235613552425,243.5732496142786,223.4,203.2267503857214,-2.5430665139058988,-0.8584379426316231,-1.6846285712742757
2026-03-13,2317,36890490,7884236728,211.5,216.0,210.0,214.5,0.0,32449,213.60000000000005,220.0,223.3,25.551378446115127,19.987468671678982,41.050933127853035,43.519235613552425,243.62830538928324,223.3,202.97169461071678,-2.845276237044601,-1.2558056015142187,-1.5894706355303823
2026-03-16,2317,38534463,8319744215,216.0,217.5,214.0,216.5,2.0,28544,214.80000000000004,217.75,223.175,32.33766233766218,25.854408749145374,44.621970990278,45.256805006961784,243.63783215979595,223.175,202.71216784020407,-2.8900812766883917,-1.5826607365490533,-1.3074205401393384
2026-03-17,2317,110777320,23627888398,215.5,216.5,212.0,212.0,-4.5,122819,215.30000000000004,216.05,223.0,33.33333333333317,30.40745803903677,38.499801872460125,42.11724526391228,243.77979788159615,223.0,202.22020211840385,-3.251223900036763,-1.9163733692465952,-1.3348505307901677
2026-03-18,2317,77136445,16286470703,212.5,213.5,210.0,210.0,-2.0,90963,213.50000000000006,215.35,222.75,32.61904761904746,32.76334776334755,35.942790630614475,40.76373668218089,244.02322260495546,222.75,201.47677739504454,-3.656663574739497,-2.2644314103451757,-1.3922321643943212
2026-03-19,2317,89096476,18364171662,207.5,207.5,205.0,205.0,-5.0,135863,211.60000000000005,213.45,222.075,16.70995670995655,27.554112554112333,30.11005277761732,37.51764131410712,244.66100230231174,222.075,199.48899769768823,-4.331504760620675,-2.6778460804002755,-1.6536586802203992
2026-03-20,2317,92925929,18814966145,203.5,205.0,200.5,203.0,-2.0,93930,209.30000000000004,211.45,221.175,11.892551892551731,20.407185407185185,27.990346343403523,36.273356761721864,245.246300338785,221.175,197.10369966121502,-4.970408769380924,-3.136358618196405,-1.834050151184519
2026-03-23,2317,78470506,15385926618,196.5,197.5,195.0,196.0,-7.0,121660,205.20000000000005,210.0,219.625,5.606837606837446,11.40311540311518,21.740732229788915,32.24276190473382,245.8888058932822,219.625,193.3611941067178,-5.972736311636027,-3.7036341568843296,-2.269102154751697
2026-03-24,2317,56280296,11063942210,198.5,199.5,194.0,195.0,-1.0,62593,201.80000000000004,208.55,217.95,6.96738182452452,8.155590441304502,20.960722659367754,31.700837415225493,245.95160709673686,217.95,189.9483929032631,-6.769742376803009,-4.3168558008680655,-2.4528865759349436
2026-03-25,2317,43133240,8590139879,200.0,201.0,197.0,200.0,5.0,39973,199.80000000000004,206.65,216.35,11.204515848892589,7.926245093418122,34.63977722702275,37.369099045154655,244.61322699197717,216.35,188.08677300802282,-6.918168868010127,-4.837118414296478,-2.081050453713649
2026-03-26,2317,41973121,8527296581,202.5,206.0,200.5,200.5,0.5,43536,198.90000000000003,205.25,214.05,19.091040671587624,12.420979448334847,35.93335309612628,37.923908124411895,239.4683004939354,214.05,188.63169950606462,-6.915731858351791,-5.25284110310754,-1.6628907552442502
2026-03-27,2317,29525374,5852919796,197.0,200.5,196.5,199.5,-1.0,33104,198.20000000000005,203.75,211.875,25.878644602048695,18.72473370750957,34.34719510326906,37.21388163522136,234.27784580137111,211.875,189.47215419862889,-6.914782841002932,-5.585229450686619,-1.3295533903163133
2026-03-30,2317,46503907,9034499881,194.5,195.5,193.0,194.0,-5.5,60931,197.80000000000004,201.5,209.625,18.99402256433895,21.321235945991692,26.76594588083077,33.49903310479134,229.5846467904623,209.625,189.6653532095377,-7.273984803581442,-5.9229805212655835,-1.3510042823158583
2026-03-31,2317,95729350,18136622253,191.0,192.5,187.5,187.5,-6.5,99913,196.30000000000004,199.05,207.55,9.774164408310584,18.215610524899347,20.520814844435222,29.722781383481085,227.64950248140462,207.55,187.4504975185954,-7.991034947441165,-6.3365914065007,-1.6544435409404645
2026-04-01,2317,45229464,8867580113,195.0,197.5,194.5,197.0,9.5,36115,195.70000000000005,197.75,206.55,18.743133377279552,15.83710678330963,43.141710201176075,40.312967311840005,226.65945051462086,206.55,186.44054948537917,-7.703925687531353,-6.610058262706831,-1.0938674248245217
2026-04-02,2317,41954568,8143562865,198.0,199.0,191.5,193.0,-4.0,41669,194.20000000000005,196.55,205.0,27.02702702702686,18.514774937538935,37.849899596861384,37.7345719168424,224.25097400133316,205.0,185.74902599866684,-7.710276829339563,-6.830101976033378,-0.8801748533061851
2026-04-07,2317,36598072,7011119549,195.0,195.5,189.5,192.0,-1.0,43824,192.70000000000005,195.45,203.45,35.135135135134966,26.9684318464804,36.542547541460856,37.09578789820055,221.61562688155902,203.45,185.28437311844095,-7.70715847230224,-7.00551327528715,-0.7016451970150896
2026-04-08,2317,66909375,13389666314,196.5,202.0,196.5,201.5,9.5,49201,194.20000000000005,196.0,203.0,43.24324324324308,35.13513513513491,54.11021903956579,46.38190732002412,220.88854381999832,203.0,185.11145618000168,-6.8590496914632695,-6.976220558522374,0.11717086705910429
2026-04-09,2317,43945793,8763194332,201.0,201.5,198.0,200.0,-1.5,35544,196.70000000000005,196.5,202.525,55.85585585585569,44.744744744744516,51.4846480769955,45.24614244601695,220.2011845430514,202.525,184.8488154569486,-6.2360693111311605,-6.828190309044131,0.5921209979129705
2026-04-10,2317,60470665,12150482196,200.5,202.5,199.5,200.5,0.5,37467,197.40000000000003,196.55,201.6,76.63663663663647,58.57857857857835,52.38317366606018,45.72325087137633,217.58624408671398,201.6,185.613755913286,-5.637026912738435,-6.589957629782992,0.9529307170445573
2026-04-13,2317,37375471,7495731191,200.0,202.5,198.5,200.0,-0.5,25621,198.80000000000004,196.5,200.875,79.18918918918902,70.56056056056033,51.275259986830655,45.298173740395825,215.73055451674557,200.875,186.01944548325443,-5.143338117271327,-6.300633727280659,1.1572956100093323
2026-04-14,2317,58959164,12173640384,204.0,208.0,203.5,207.5,7.5,48569,201.90000000000003,197.3,200.525,89.18699186991853,81.67093923191462,64.43782393514087,52.44055973718888,214.37590249767155,200.525,186.67409750232846,-4.099640763360952,-5.860435134496718,1.7607943711357654
2026-04-15,2317,71250931,14931988718,211.5,211.5,206.5,207.5,0.0,57933,203.10000000000005,198.65,200.075,87.57083025375691,85.31567043762142,64.43782393514087,52.440559737188885,212.31131889090864,200.075,187.83868110909134,-3.2352096084356106,-5.335390029284496,2.1001804208488855
2026-04-16,2317,45261862,9410655460,207.5,211.0,206.0,207.0,-0.5,39314,204.50000000000006,200.6,199.825,86.30820399113064,87.68867537160196,62.896064011907214,51.91644718181426,211.25423881980035,199.825,188.39576118019963,-2.56096628638943,-4.780505280705483,2.2195389943160526
2026-04-17,2317,48943270,10087096305,207.5,209.5,203.5,206.0,-1.0,53011,205.60000000000005,201.5,199.625,78.7878787878786,84.2223043442553,59.5703650616633,50.822422090032774,210.45955121359495,199.625,188.79044878640505,-2.083300250183555,-4.241064274601097,2.157764024417542
2026-04-20,2317,39312365,8159546847,206.0,209.5,204.5,207.5,1.5,32617,207.10000000000005,202.95,199.75,75.95959595959577,80.35189291286827,62.99459323316534,52.441350968320535,210.88328343302243,199.75,188.61671656697757,-1.565661045176853,-3.705983628716248,2.1403225835393953
2026-04-21,2317,59285018,12522747790,210.0,213.0,209.5,211.0,3.5,46677,207.80000000000004,204.85,200.15,78.33333333333316,77.69360269360243,69.92802703319016,56.07492965366061,212.2541315260538,200.15,188.0458684739462,-0.8630586931610367,-3.137398641605206,2.2743399484441693
2026-04-22,2317,140959574,31012934973,213.0,223.5,212.5,221.0,10.0,108092,210.50000000000006,206.8,201.4,83.33333333333316,79.20875420875394,81.48895790947913,64.43553898047735,216.35860956105245,201.4,186.44139043894756,0.49496945947996096,-2.4109250213881728,2.9058944808681337
2026-04-23,2317,172706743,38982831793,229.5,233.0,218.0,225.0,4.0,167373,214.10000000000005,209.3,202.9,84.49275362318824,82.0531400966181,84.3047792251493,67.1305616490516,220.7314329205477,202.9,185.06856707945232,1.872399271839953,-1.5542601627425476,3.4266594345825006
2026-04-24,2317,77230253,17199443102,227.0,227.0,218.0,221.5,-3.5,77948,217.20000000000005,211.4,203.975,75.94284778514681,81.25631158055597,72.97315441802478,62.65647024046791,223.49031449913127,203.975,184.45968550086872,2.651042010619534,-0.7131997280701312,3.3642417386896653
2026-04-27,2317,109457408,24667901587,224.0,230.0,220.0,228.0,6.5,85234,221.30000000000004,214.2,205.35,73.62646360435585,78.02068833756354,79.06887079185589,67.04871847841035,227.40243750699676,205.35,183.29756249300323,3.7493969539868033,0.17931960834125582,3.5700773456455472
2026-04-28,2317,104089860,23862867181,230.0,234.0,225.0,225.5,-2.5,87891,224.20000000000005,216.0,206.65,72.06631471705087,73.87854203551775,71.80212252863039,63.93402787199249,230.1852926474258,206.65,183.11470735257421,4.367773083929961,1.017010303458997,3.3507627804709643
2026-04-29,2317,43603455,9772948119,226.0,226.0,222.0,225.0,-0.5,35320,225.00000000000006,217.75,208.2,75.22459942576626,73.63912591572425,70.29470358671753,63.300672534522185,232.27571390426488,208.2,184.1242860957351,4.7625945750942265,1.766127157786043,2.9964674173081836
2026-04-30,2317,73683654,16520785864,224.5,230.0,219.5,219.5,-5.5,79651,223.90000000000003,219.0,209.8,64.49013614893009,70.59368343058232,55.37527861337891,56.65236936728496,232.36634662500694,209.8,187.23365337499308,4.57890663141842,2.328683052512518,2.2502235789059015
2026-05-04,2317,57506042,13028901060,224.0,229.5,223.5,227.5,8.0,48021,225.10000000000005,221.15,211.325,64.93621622030291,68.21698393166633,67.19172651435018,62.77634539288452,234.34298210095778,211.325,188.3070178990422,5.020986941855682,2.867143830381151,2.153843111474531
2026-05-05,2317,162873566,38242818193,227.5,240.0,227.0,239.5,12.0,129745,227.40000000000003,224.35,213.65,74.16622118801278,67.86419118574851,77.58068179203114,69.69288226214967,238.14101876198697,213.65,189.15898123801304,6.267391892291073,3.5471934427631355,2.7201984495279374
2026-05-06,2317,240330399,59900737351,246.5,253.0,245.0,252.0,12.5,167309,232.70000000000005,228.45,216.65,89.59802102659229,76.23348614496923,83.8107291270398,74.9204819496993,244.29434842784312,216.65,189.0056515721569,8.169647715084722,4.471684297227453,3.6979634178572685
2026-05-07,2317,128767846,32675028299,255.0,258.0,250.0,253.5,1.5,99338,238.40000000000003,231.7,219.25,94.69155844155829,86.15193355205436,84.41697493705885,75.46733217465798,250.2798243630222,219.25,188.2201756369778,9.686575807414982,5.514662599264959,4.171913208150023
2026-05-08,2317,102375417,25681314188,254.0,256.0,245.5,250.0,-3.5,90563,244.50000000000006,234.2,221.75,88.37121212121195,90.88693052978742,76.60758991761773,71.54717767070765,254.19765014604303,221.75,189.30234985395697,10.485461625537937,6.508822404519554,3.9766392210183827
2026-05-11,2317,63063740,15967564839,256.5,258.0,251.0,252.0,2.0,53855,249.40000000000003,237.25,224.325,84.1287878787877,89.06385281385256,77.96646628312152,72.42853233243184,257.7768684082074,224.325,190.87313159179257,11.151421037166614,7.4373421310489665,3.7140789061176473
2026-05-12,2317,84325367,21054986313,254.0,254.0,246.0,250.0,-2.0,64483,251.50000000000006,239.45,226.825,80.95238095238078,84.48412698412672,73.01788172312344,70.09040266578693,260.1045357539739,226.825,193.5454642460261,11.38655822819004,8.227185350477182,3.1593728777128582
2026-05-13,2317,72415109,17904870346,246.5,251.0,242.5,251.0,1.0,54330,251.30000000000004,242.0,229.0,81.81818181818164,82.29978354978329,73.98121583137804,70.6014249927158,262.62736980496675,229.0,195.37263019503325,11.520793255593674,8.88590693150048,2.634886324093193
2026-05-14,2317,73360409,18260193256,255.0,255.0,244.0,244.5,-6.5,98873,249.50000000000006,243.95,230.85,73.96950875211728,78.91335717422648,58.21875684364429,63.05956727084355,263.60225183098134,230.85,198.09774816901864,10.976153539108282,9.30395625302204,1.6721972860862415
2026-05-15,2317,138413483,35053027233,249.0,260.0,247.0,248.5,4.0,106675,249.20000000000005,246.85,232.925,69.27975406236258,75.02248154422041,63.76195816182295,65.50182927808551,264.6113929786899,232.925,201.23860702131014,10.743445458795122,9.591854094176657,1.151591364618465
2026-05-18,2317,63512356,15672562637,251.0,251.0,241.0,248.5,0.0,55720,248.50000000000006,248.95,235.05,55.16492152647741,66.13806144698567,63.76195816182295,65.50182927808552,264.87431893606276,235.05,205.22568106393726,10.438691886369753,9.761221652615276,0.6774702337544767
2026-05-19,2317,70223341,17474685394,251.0,254.0,244.0,245.0,-3.5,52910,247.50000000000006,249.5,236.925,41.892610313662765,55.44576196750083,55.06172763838657,61.383515329822366,264.19086694018716,236.925,209.65913305981286,9.801763111547956,9.769329944401813,0.032433167146143305
2026-05-20,2317,62650287,15132372673,246.5,246.5,239.5,240.0,-5.0,72312,245.30000000000004,248.3,238.375,20.98844672657235,39.34865952223742,44.85993477563212,55.96967491503475,262.92062079068256,238.375,213.82937920931744,8.79218343769557,9.573900643060565,-0.7817172053649948
2026-05-21,2317,51483466,12723783372,245.0,249.0,244.0,247.5,7.5,39019,245.90000000000003,247.7,239.7,20.838682071031055,27.9065797037553,58.36092891105512,61.46047900668085,263.1891464297879,239.7,216.21085357021204,8.499296987381655,9.358979911924783,-0.8596829245431277
2026-05-22,2317,56310552,14068289262,249.0,251.5,245.0,250.0,2.5,42953,246.20000000000005,247.7,240.95,30.894308943089253,24.24047924689746,61.98105783193439,63.111812545244405,263.82990384595223,240.95,218.07009615404775,8.372399660356422,9.16166386161111,-0.7892642012546887
2026-05-25,2317,122990174,31917908130,255.0,263.5,255.0,261.0,11.0,107476,248.70000000000005,248.6,242.925,59.942411924119064,37.22513431274637,73.71288013254197,69.33733432261494,265.56627867413795,242.925,220.28372132586207,9.055059593195836,9.140343007928056,-0.08528341473222056
2026-05-26,2317,55665305,14456095922,262.5,263.5,257.0,259.0,-2.0,52788,251.50000000000006,249.5,244.475,74.01761517615158,54.951445347786546,69.18434852689404,67.11935146190137,267.0614450500742,244.475,221.8885549499258,9.327171397064944,9.177708685755434,0.1494627113095106
2026-05-27,2317,78352856,20785977986,263.0,269.0,261.0,264.0,5.0,71175,256.30000000000007,250.8,246.4,84.62806026365331,72.86269578797457,73.86698404193478,69.72656961804252,268.7508389104295,246.4,224.04916108957053,9.832932253121186,9.308753399228584,0.524178853892602
2026-05-28,2317,73792269,19558676146,265.0,269.5,259.5,263.0,-1.0,70332,259.40000000000003,252.65,248.3,80.87806026365331,79.84124523448598,71.33760277578286,68.55573523194633,269.4811236717976,248.3,227.11887632820242,10.037355348286383,9.454473789040144,0.5828815592462391
2026-05-29,2317,289511198,82003231787,269.0,289.0,268.0,289.0,26.0,189186,267.20000000000005,256.7,251.775,87.12806026365331,84.21139359698657,85.94074600597229,78.61182165970045,275.560447231448,251.775,227.989552768552,12.157204151070687,9.995019861446252,2.1621842896244345
2026-06-01,2317,205766647,61545917998,302.0,304.5,293.0,293.5,4.5,167855,273.70000000000005,261.2,255.075,87.13675213675197,85.04762422135279,87.25220539658835,79.81502653973365,282.5072346884104,255.075,227.6427653115896,14.03848507460745,10.803712904078491,3.2347721705289594
2026-06-02,2317,113076476,33730767792,297.5,302.0,293.0,301.5,8.0,97760,282.20000000000005,266.85,258.175,92.70608179699072,88.99029806579858,89.31872659558002,81.7776309994143,291.2903665237153,258.175,225.05963347628474,15.990617022397089,11.84109372774221,4.149523294654879
2026-06-03,2317,149620933,46070597795,306.0,314.0,299.0,309.0,7.5,119544,291.20000000000005,273.75,261.025,90.29062285979266,90.04448559784504,90.92735832957011,83.40654235037978,300.6879234928544,261.025,221.3620765071456,17.93612647411385,13.060100277016538,4.87602619709731
2026-06-04,2317,110760779,33140015179,309.0,309.0,293.0,293.0,-16.0,146574,297.20000000000005,278.3,263.0,84.06724172115729,89.02131545931348,66.13696694588309,69.19582756015122,304.8413670904765,263.0,221.15863290952348,17.979632438004558,14.044006709214141,3.9356257287904164
2026-06-05,2317,93158859,26506350945,290.5,292.5,278.0,284.5,-8.5,105075,296.30000000000007,281.75,264.725,68.46867229483667,80.94217895859548,56.57665978603079,63.04994645973353,307.12131469833145,264.725,222.32868530166863,17.13075953292747,14.661357273956806,2.469402258970664
2026-06-08,2317,117863651,31298320100,257.5,272.0,257.5,269.5,-15.0,126170,291.50000000000006,282.6,265.6,44.63044391640051,65.72211931079808,43.60068467746762,53.944371022415815,307.6304651413703,265.6,223.56953485862977,15.073884641110055,14.743862747387457,0.3300218937225985
2026-06-09,2317,74649081,20371868977,270.5,277.5,268.5,277.5,8.0,69999,286.70000000000005,284.45,266.975,34.960927392226715,49.35334786782122,50.644156707059004,57.47198607718127,308.6720922247579,266.975,225.27790777524217,13.928767450756084,14.580843688061183,-0.6520762373050992
2026-06-10,2317,93369272,25034494841,271.0,274.0,262.5,263.0,-14.5,124841,277.50000000000006,284.35,267.575,22.123893805309567,33.90508837131219,40.0640004941877,49.99707896842448,308.67642941553265,267.575,226.47357058446732,11.716168313575565,14.007908613164059,-2.2917402995884935
2026-06-11,2317,97550509,25053452346,260.0,262.5,251.5,258.5,-4.5,102097,270.6,283.9,268.275,18.77758112094379,25.287467439493284,37.24664773138157,47.91429653626146,308.24182999688657,268.275,228.3081700031134,9.490158524461776,13.104358595423601,-3.614200070961825
2026-06-12,2317,60260948,15902363857,266.5,269.0,260.0,260.5,2.0,56015,265.80000000000007,281.05,268.875,11.77817109144526,17.559882005899464,39.45431875691612,48.932526358557254,307.9874980025564,268.875,229.76250199744362,7.79752796576048,12.042992469490978,-4.245464503730497
2026-06-15,2317,54689024,14654327677,271.0,272.5,265.0,267.5,7.0,47325,265.40000000000003,278.45,269.825,17.066666666666503,15.874139626351777,47.05935808099983,52.43719877837949,307.81878238606976,269.825,231.83121761393022,6.94093675349302,11.022581326291386,-4.081644572798366
2026-06-16,2317,56878574,15292916716,270.0,271.0,265.5,269.0,1.5,40470,263.70000000000005,275.2,271.025,23.47826086956505,17.441032875892198,48.67118908789596,53.1787211051665,307.2830680676731,271.025,234.7669319323268,6.310377407659587,10.080140542565026,-3.769763134905439
2026-06-17,2317,42755242,11510771202,266.0,272.0,264.0,272.0,3.0,44766,265.50000000000006,271.5,272.625,35.34492753623172,25.296618357487688,52.07575955004719,54.699867317644824,305.9729759505734,272.625,239.2770240494266,5.983752536620159,9.260862941376052,-3.277110404755893
2026-06-18,2317,68996866,18605623168,270.5,271.5,268.5,268.5,-3.5,53509,267.50000000000006,269.05,273.675,48.60646599777019,35.809884801188915,47.76362792203784,52.55465467306779,305.0569613791101,273.675,242.29303862088994,5.38045666857937,8.484781686816715,-3.104325018237345
2026-06-22,2317,67145972,18191564426,270.0,275.5,268.5,268.5,0.0,62768,269.1,267.45,274.6,60.2564102564101,48.069267930137265,47.76362792203784,52.55465467306779,304.1746513081713,274.6,245.02534869182875,4.846473220187534,7.757119993490879,-2.9106467733033456
2026-06-23,2317,92063800,24189817018,270.0,270.5,259.0,259.5,-9.0,112205,267.50000000000006,266.45,274.525,54.70085470085454,54.5212436516782,37.031310249389364,47.051617290711775,304.24448014350276,274.525,244.8055198564972,3.654930937599204,6.936682182312544,-3.28175124471334
2026-06-24,2317,63690545,16380115615,255.0,261.0,255.0,256.0,-3.5,67704,264.90000000000003,264.3,274.375,39.155982905982746,51.37108262108239,33.605388367489674,45.07493616748385,304.43473220106966,274.375,244.31526779893036,2.4005325003849975,6.029452245927034,-3.628919745542037
2026-06-25,2317,43578494,11325940448,260.5,262.5,257.5,257.5,1.5,40020,262.00000000000006,263.75,274.05,21.426151761517456,38.427663122784836,36.54082560561181,46.11965712716845,304.6864162395011,274.05,243.4135837604989,1.5100433259250394,5.125570461926635,-3.615527136001596
2026-06-26,2317,80450955,20204165523,255.5,255.5,248.0,248.5,-9.0,101402,258.00000000000006,262.75,273.325,10.92110125646695,23.834411974655637,27.90475448537136,41.07177563908472,305.614742953452,273.325,241.035257046548,0.0772094333888731,4.115898256219083,-4.03868882283021
2026-06-29,2317,49210311,12235300546,250.0,252.0,246.0,246.5,-2.0,55602,253.60000000000005,261.35,271.2,5.236073007879379,12.527775341954515,26.29365244208722,40.023418093190486,304.65653897222523,271.2,237.74346102777474,-1.2058052622834907,3.051557552518568,-4.257362814802059
2026-06-30,2317,52952173,13366226688,251.5,255.5,249.0,251.0,4.5,39123,251.90000000000003,259.7,269.075,6.82074987159717,7.659308045314418,35.99414629730525,43.51684829087218,301.99045989349065,269.075,236.15954010650935,-1.8383004767015905,2.073585946674536,-3.9118864233761266
2026-07-01,2317,65880617,16492926865,255.0,255.5,248.0,248.0,-3.0,70335,250.30000000000004,257.6,266.4,8.474576271186281,6.843799716887529,32.651798829145285,41.770103973067776,296.95094106570275,266.4,235.8490589342972,-2.552212106496995,1.14842633604023,-3.700638442537225
