date,stock_id,Trading_Volume,Trading_money,open,max,min,close,spread,Trading_turnover,SMA5,SMA10,SMA20,K,D,RSI_7,RSI_14,BB_Upper,BB_Middle,BB_Lower,MACD,MACD_Signal,MACD_Hist
2020-01-02,2330,33282120,11224165450,332.5,339.0,332.5,339.0,8.0,17160,,,,,,,,,,,,,
2020-01-03,2330,42023268,14295651580,344.0,345.0,335.5,339.5,0.5,20545,,,,,,,,,,,,,
2020-01-06,2330,45677057,15210531318,333.0,334.5,332.0,332.0,-7.5,22944,,,,,,,,,,,,,
2020-01-07,2330,51746181,17053282011,332.5,333.0,326.5,329.5,-2.5,22362,,,,,,,,,,,,,
2020-01-08,2330,37913748,12484410088,325.0,333.0,325.0,329.5,0.0,18228,333.9,,,,,,,,,,,,
2020-01-09,2330,32397504,10890847940,335.0,337.5,333.5,337.5,8.0,16793,333.6,,,,,,,,,,,,
2020-01-10,2330,27880115,9432320316,340.5,341.0,336.0,339.5,2.0,13296,333.6,,,,,,,,,,,,
2020-01-13,2330,30663332,10455852739,342.0,342.0,339.0,341.5,2.0,13457,335.5,,,,,55.55555555555556,,,,,,,
2020-01-14,2330,30368993,10488360978,345.5,346.0,344.5,346.0,4.5,16339,338.8,,,,,63.96396396396396,,,,,,,
2020-01-15,2330,54575274,18590754206,345.0,345.0,337.5,340.0,-6.0,20392,340.9,337.4,,,,49.419953596287705,,,,,,,
2020-01-16,2330,58217420,19431133895,330.0,336.5,330.0,334.5,-5.5,24721,340.3,336.95,,,,39.753227227953765,,,,,,,
2020-01-17,2330,53908097,17977119406,334.0,335.5,332.0,333.0,-1.5,23954,339.0,336.3,,,,37.42404646282243,,,,,,,
2020-01-20,2330,35551203,11865436839,334.0,335.5,333.0,333.0,0.0,15095,337.3,336.4,,40.47619047619048,54.761904761904766,37.424046462822425,,,,,,,
2020-01-30,2330,126820049,40734449874,326.0,326.0,316.5,316.5,-16.5,55603,331.4,335.1,,25.396825396825403,39.15343915343916,19.93570409004461,,,,,,,
2020-01-31,2330,62912055,20205365710,323.0,323.5,319.0,320.0,3.5,22639,327.4,334.15,,16.65321495829971,27.508743610438533,28.23500398597863,34.166666666666664,,,,,,
2020-02-03,2330,59711849,18782694826,315.0,316.5,312.0,315.0,-5.0,26483,323.5,331.9,,6.895978730475245,16.31533969520012,24.075621767786988,31.35294117647059,,,,,,
2020-02-04,2330,52208496,16882411296,319.0,326.0,318.0,325.0,10.0,22587,321.9,330.45,,19.64107676969093,14.39675681948863,43.497306964603276,41.69485011529593,,,,,,
2020-02-05,2330,36601453,11985817083,329.0,329.5,324.5,327.5,2.5,16656,320.8,329.05,,31.34284016636958,19.29329855551192,47.42024142364439,43.967554974714474,,,,,,
2020-02-06,2330,29659094,9803038836,329.5,332.5,329.0,332.5,5.0,14246,324.0,327.7,,56.292820158366375,35.758912364808964,54.75069144674358,48.30744571463135,,,,,,
2020-02-07,2330,30055327,9869903253,330.0,330.5,326.0,328.0,-4.5,13075,325.6,326.5,331.95,66.24275758014359,51.29280596829318,47.75936062878488,44.93423286009591,348.20699849295795,331.95,315.693001507042,,,
2020-02-10,2330,30814424,10024967927,321.5,328.0,321.0,327.5,-0.5,14825,328.1,325.8,331.375,72.57200752641482,65.03586175497493,46.98167685417422,44.56189644657024,347.4058296728519,331.375,315.3441703271481,,,
2020-02-11,2330,29062935,9629938182,330.5,332.5,330.0,331.5,4.0,12766,329.4,325.65,330.975,76.3881681370005,71.7343110811863,53.97627930849035,48.2558712497757,346.5681876151082,330.975,315.3818123848919,,,
2020-02-12,2330,37612639,12593082711,333.5,336.0,333.0,335.0,3.5,17394,330.9,325.85,331.125,85.63757712045204,78.19925092795579,59.43890631548615,51.31285154281158,346.81217629148165,331.125,315.43782370851835,,,
2020-02-13,2330,23217021,7805299096,338.0,338.0,335.0,335.0,0.0,12563,331.4,327.7,331.4,93.13894100479463,85.05489542074905,59.43890631548615,51.31285154281158,347.15626859380126,331.4,315.6437314061987,,,
2020-02-14,2330,18326683,6155862838,337.0,337.0,334.5,335.0,0.0,7881,332.8,329.2,331.675,89.76495726495723,89.51382513006796,59.438906315486165,51.31285154281158,347.4809324305767,331.675,315.86906756942335,,,
2020-02-17,2330,16145079,5354339726,331.5,333.0,330.5,331.5,-3.5,9747,333.6,330.85,331.375,78.40874811463043,87.10421546146075,50.012635148799056,47.78676292567712,346.9534306013154,331.375,315.7965693986846,,,
2020-02-18,2330,64662604,20957801150,324.5,326.5,322.0,322.0,-9.5,36520,331.7,330.55,330.5,50.882352941176435,73.01868610692136,33.2930613931919,39.79357115505523,346.1204993518133,330.5,314.8795006481867,,,
2020-02-19,2330,48856218,15881609046,322.5,327.0,322.0,326.5,4.5,16003,330.0,330.45,329.75,33.33333333333329,54.20814479638005,43.69527976302625,44.526919786717166,344.60765795810363,329.75,314.89234204189637,,,
2020-02-20,2330,27061736,8832642641,328.0,329.0,325.0,325.5,-1.0,11695,328.1,329.75,328.725,21.568627450980358,35.26143790849669,41.99738232017183,43.704629355196744,341.66128617493894,328.725,315.7887138250611,,,
2020-02-21,2330,22974534,7463007621,325.5,326.5,323.0,325.0,-0.5,9342,326.1,329.45,327.975,25.85784313725487,26.919934640522836,41.066528016999456,43.27431339210378,339.9101372007151,327.975,316.03986279928495,,,
2020-02-24,2330,42946680,13754512932,319.5,321.5,319.5,320.0,-5.0,18902,323.8,328.7,327.25,15.974430312665575,21.133633633633597,32.62908004477493,39.12566670856079,339.2728948261219,327.25,315.2271051738781,,,
2020-02-25,2330,38674011,12425785349,320.0,323.5,317.5,322.0,2.0,17366,323.8,327.75,326.7,14.467974071632577,18.766749173851,38.52347475531726,41.53990671765745,338.62644121270006,326.7,314.7735587872999,,,
2020-02-26,2330,60768362,19341695595,317.0,320.5,316.5,318.5,-3.5,24310,322.2,326.1,325.975,11.470006591957782,13.97080365875197,32.684992498946265,38.651023686145585,338.0434506047779,325.975,313.90654939522216,,,
2020-02-27,2330,62401927,19756146876,319.0,320.0,315.0,316.0,-2.5,20633,320.3,324.2,325.95,12.420957542908733,12.78631273549969,29.019868248375353,36.68834498376249,338.0986624778214,325.95,313.8013375221786,-4.302306210395955,-3.684027658956956,-0.6182785514389986
2020-03-02,2330,86372942,26864484400,308.0,317.0,308.0,311.0,-5.0,35320,317.5,321.8,325.5,9.865789134081787,11.252251089649427,23.001560423283426,33.07129816057879,339.0793961574152,325.5,311.9206038425848,-4.932910312902436,-3.933804189746052,-0.999106123156384
2020-03-03,2330,55169411,17534766696,318.5,320.0,316.0,317.5,6.5,20713,317.0,320.4,325.625,21.693121693121665,14.65995612337072,41.42534484701676,41.18866352549316,338.85706333116735,325.625,312.39293666883265,-4.852239335516856,-4.117491218900213,-0.7347481166166432
2020-03-04,2330,44745146,14304795666,322.0,322.0,317.0,320.5,3.0,16118,316.7,320.25,325.4,39.68253968253965,23.74715016991436,48.110767301737276,44.53241892723904,338.8186437466704,325.4,311.9813562533296,-4.494423164225964,-4.192877607965363,-0.3015455562606011
2020-03-05,2330,38223525,12392618100,325.0,326.0,323.0,323.0,2.5,15107,317.6,319.9,325.175,61.94766194766191,41.10777444110773,53.29353407896463,47.225214392239494,338.59615866830967,325.175,311.75384133169035,-3.9634341620553073,-4.146988918783352,0.18355475672804467
2020-03-06,2330,52807760,16733485610,320.0,320.5,315.0,315.0,-8.0,24175,317.4,318.85,324.3,59.83125983125979,53.82048715382044,38.81849174098815,40.4567547345987,337.97625679782226,324.3,310.62374320217776,-4.140426434861126,-4.145676421998907,0.005249987137780465
2020-03-09,2330,88633277,27236002054,307.5,310.0,305.5,305.5,-9.5,44882,316.3,316.9,323.175,39.98998998998996,53.92297058963721,28.20511457280658,34.19011449196429,338.98409548329664,323.175,307.3659045167034,-4.989746005465577,-4.314490338692241,-0.675255666773336
2020-03-10,2330,74869130,22727941511,301.5,309.0,301.0,307.0,1.5,30268,314.2,315.6,322.15,20.96296296296293,40.261404261404216,31.64768332931959,35.87898535736479,339.30546560137776,322.15,304.9945343986222,-5.4786459994666075,-4.547321470847114,-0.9313245286194931
2020-03-11,2330,64923710,19913151529,309.0,310.5,302.0,302.0,-5.0,27176,310.5,313.6,320.675,9.333333333333298,23.42876209542872,26.67376189417005,32.85250903478742,339.3653049734351,320.675,301.9846950265649,-6.198112991923608,-4.8774797750624135,-1.3206332168611947
2020-03-12,2330,114173351,33544278206,299.0,299.0,287.0,294.0,-8.0,56989,304.7,311.15,318.625,15.316239316239281,15.204178537511828,20.623371109554824,28.68349077321953,339.45256586833847,318.625,297.79743413166153,-7.329340829410796,-5.36785198593209,-1.9614888434787066
2020-03-13,2330,151268148,42448997546,275.0,294.0,272.5,290.0,-4.0,71990,299.7,308.55,316.375,18.219666107516538,14.289746252363031,18.21342382190735,26.848871395089624,339.26140426104496,316.375,293.48859573895504,-8.451193513146734,-5.984520291375018,-2.4666732217717158
2020-03-16,2330,103933228,29343288916,285.0,291.0,275.5,276.5,-13.5,51292,293.9,305.1,313.45,19.378544612189433,17.63815001198174,12.47394662435687,21.784552203682292,340.61965218768916,313.45,286.2803478123108,-10.310751102818529,-6.849766453663721,-3.460984649154808
2020-03-17,2330,122409651,32936712540,265.0,276.5,265.0,268.0,-8.5,57123,286.1,300.15,310.275,15.034982891578535,17.54439787042816,10.129235445240868,19.314287121544027,342.61456555057737,310.275,277.9354344494226,-12.3282306832985,-7.945459299590676,-4.382771383707824
2020-03-18,2330,118620643,31555231792,269.5,272.5,260.0,260.0,-8.0,53985,277.7,294.1,307.175,4.131556100301277,12.848361201356404,8.396270607668162,17.323247192532936,345.71624414182725,307.175,268.6337558581728,-14.406561059078513,-9.237679651488243,-5.16888140759027
2020-03-19,2330,160811697,39559889553,252.0,253.0,235.5,248.0,0.0,77302,268.5,286.6,303.25,7.194899817850602,8.787146269910126,6.461654270466707,14.850311649312397,348.5208515493139,303.25,257.9791484506861,-16.827970201822666,-10.755737761555128,-6.072232440267538
2020-03-20,2330,159179726,42110816042,258.5,270.0,256.0,270.0,22.0,69829,264.5,282.1,300.475,20.888888888888854,10.738448269013567,37.34157240060952,33.57253061329765,346.74321263027133,300.475,254.20678736972872,-16.778328131872115,-11.960255835618526,-4.81807229625359
2020-03-23,2330,76963709,19851467203,257.0,262.5,252.0,255.0,-15.0,41621,260.2,277.05,296.975,29.555555555555518,19.213114754098314,29.575039922485146,28.90580203093037,345.8119481028451,296.975,248.13805189715492,-17.744809950208605,-13.117166658536542,-4.627643291672063
2020-03-24,2330,82377933,22207033614,268.0,274.0,266.0,267.5,12.5,41077,260.1,273.1,294.35,40.79790026246715,30.414114902303833,41.42036006150777,36.79097126674778,343.59642118976734,294.35,245.1035788102327,-17.30265399648124,-13.954264126125482,-3.348389870355758
2020-03-25,2330,80514199,22368633590,276.5,280.0,274.0,277.0,9.5,40932,263.5,270.6,292.1,49.11129057585746,39.82158213129336,49.02285415362926,42.05136604417653,340.1859646882534,292.1,244.01403531174662,-16.00121951425632,-14.36365520375165,-1.6375643105046702
2020-03-26,2330,54189633,15108299935,279.5,280.0,275.5,280.0,3.0,27648,269.9,269.2,290.175,67.17135063591752,52.360180491414035,51.34904428297313,43.64630458990101,336.94387319574867,290.175,243.4061268042514,-14.559910794401958,-14.402906321881712,-0.15700447252024574
2020-03-27,2330,69320306,19324060590,284.0,286.0,273.0,273.0,-7.0,36025,270.5,267.5,288.025,75.12592562097508,63.80285561091667,45.67524285209068,40.82294282669625,333.79013410883954,288.025,242.25986589116044,-13.823159964950264,-14.286957050495422,0.4637970855451581
2020-03-30,2330,53403956,14205364184,263.5,269.0,262.5,267.5,-5.5,27779,273.0,266.6,285.85,72.60131418547256,71.63286348078837,41.47442737537486,38.704439431617445,331.17339351813706,285.85,240.526606481863,-13.527151081876127,-14.134995856771564,0.6078447748954368
2020-03-31,2330,53901923,14712557472,273.0,274.0,269.5,274.0,6.5,20343,274.3,267.2,283.675,71.28712871287125,73.00478950643962,48.06078863662721,42.50206755080023,326.83780227232666,283.675,240.51219772767337,-12.622561203890655,-13.832508926195382,1.2099477223047277
2020-04-01,2330,47572034,13022612818,276.5,276.5,271.5,271.5,-2.5,19580,273.2,268.35,281.225,65.65230052417003,69.84691447417127,45.75048520895044,41.43865829992537,321.19308101472916,281.225,241.2569189852709,-11.969420288615595,-13.459891198679426,1.4904709100638307
2020-04-06,2330,59712754,16324198154,273.0,275.5,270.0,275.5,4.0,19971,272.3,271.1,278.85,67.56940399922341,68.16961107875488,50.21753977242894,43.858992005603675,313.955697543276,278.85,243.74430245672403,-11.002208229199312,-12.968354604783404,1.966146375584092
2020-04-07,2330,48887346,13817936851,283.5,284.0,280.5,283.0,7.5,24281,274.3,272.4,277.25,71.23487692949516,68.15219381762951,57.81593513049352,48.1833304972624,308.30237511044845,277.25,246.19762488955152,-9.520749114509044,-12.278833506728532,2.7580843922194873
2020-04-08,2330,38698826,11016972354,285.0,285.5,283.0,285.0,2.0,19126,277.8,275.4,276.225,84.03212348769291,74.27880147213715,59.728259052987895,49.304729930056645,304.7284647016806,276.225,247.72153529831945,-8.092019048988107,-11.441470615180446,3.3494515661923394
2020-04-09,2330,29276430,8346209654,287.5,288.0,282.5,283.0,-2.0,15271,279.6,276.95,275.025,87.79029342233343,81.01909794650715,56.728009586724724,48.18178513470821,300.0539332573337,275.025,249.99606674266622,-7.039971059773848,-10.561170704099126,3.5211996443252787
2020-04-10,2330,28206858,7894277586,280.0,282.0,279.0,279.5,-3.5,15833,281.2,277.2,273.9,80.9345014601585,84.25230612339493,51.45134949009682,46.19878340324894,295.80570701894925,273.9,251.99429298105068,-6.414691625947569,-9.731874888468814,3.3171832625212456
2020-04-13,2330,22196596,6202532380,278.5,281.5,278.5,278.5,-1.0,12809,281.8,277.05,273.125,69.93464052287578,79.55314513512256,49.904044025032675,45.62105703543435,293.1471752065057,273.125,253.1028247934943,-5.931470512540102,-8.971794013283072,3.0403235007429696
2020-04-14,2330,50196688,14268689661,281.0,285.5,280.0,285.0,6.5,22214,282.2,278.25,272.875,71.06518282988868,73.9781082709743,59.2070717827668,49.998057260184964,292.1593848748155,272.875,253.59061512518454,-4.966764848046637,-8.170788180235785,3.2040233321891485
2020-04-15,2330,58561434,16819851630,287.0,288.5,286.0,287.5,2.5,25696,282.7,280.25,273.425,80.37449213919798,73.79143849732078,62.34483151303157,51.61130495449539,293.69388008746307,273.425,253.15611991253698,-3.9549098134942255,-7.327612506887474,3.372702693393248
2020-04-16,2330,48257280,13813721932,283.0,288.5,283.0,286.5,-1.0,19084,283.4,281.5,274.35,89.18918918918916,80.20962138609191,60.18447195215929,50.90383282890435,295.22366762214926,274.35,253.47633237785075,-3.19684778000169,-6.501459561510317,3.304611781508627
2020-04-17,2330,117447201,35719172728,303.5,308.5,300.5,306.5,20.0,60873,288.8,285.0,276.675,92.37237237237234,87.31201790025314,77.98473196723008,62.09500577202295,300.750454305162,276.675,252.599545694838,-0.9710516252140451,-5.395377974251063,4.424326349037018
2020-04-20,2330,44586860,13605802989,308.0,309.0,302.5,304.0,-2.5,21791,293.9,287.85,279.475,88.7096932998572,90.09041828713954,73.211526480848,60.24636072177019,302.56498700735807,279.475,256.385012992642,0.5844416769724603,-4.1994140440063585,4.783855720978819
2020-04-21,2330,61949357,18417786171,300.5,301.5,293.5,295.0,-9.0,39043,295.9,289.05,280.725,77.01275045537336,86.03160537586761,58.23985955773276,54.012226803874064,304.3289721233517,280.725,257.1210278766483,1.078523988634572,-3.1438264374781726,4.222350426112745
2020-04-22,2330,43568580,12746170556,294.5,295.0,290.5,294.0,-1.0,25176,297.2,289.95,282.675,62.84153005464477,76.18799126995842,56.73584344019095,53.35163194144017,303.7659340713022,282.675,261.58406592869784,1.373562563428095,-2.2403486372969192,3.6139112007250143
2020-04-23,2330,39977278,11864085990,300.0,300.0,294.0,295.5,1.5,18541,299.0,291.2,284.075,53.551912568305966,64.468731026108,58.60653423926239,54.255403872713416,304.66207118557696,284.075,263.487928814423,1.7087231270022585,-1.4505342844370837,3.1592574114393424
2020-04-24,2330,26465090,7799075756,295.5,297.0,294.0,294.0,-1.5,13661,296.5,292.65,284.925,51.61107970604857,56.00150744299973,55.792086667189736,53.14653039778784,305.6765662059519,284.925,264.17343379404815,1.832182564252605,-0.7939909146991458,2.626173478951751
2020-04-27,2330,38493406,11461378300,298.0,298.5,296.0,298.0,4.0,15916,295.3,294.6,285.825,53.90195822643528,53.0216501669299,61.53840792867494,55.744079625941126,307.1961838698757,285.825,264.45381613012427,2.227118789286351,-0.1897689739020465,2.4168877631883974
2020-04-28,2330,37621165,11134919970,298.5,298.5,294.5,296.5,-1.5,18214,295.6,295.75,287.0,52.63041556145,52.714484497977914,58.2271466373529,54.523347172956406,308.00238081742106,287.0,265.99761918257894,2.3915033668565115,0.3264854942496651,2.0650178726068464
2020-04-29,2330,46253301,13861245296,299.0,301.5,298.0,299.0,2.5,21633,296.6,296.9,288.575,51.8537768537768,52.79538354722066,62.1837391114373,56.24323598251388,308.1690679798757,288.575,268.98093202012427,2.692471302367551,0.7996826558732423,1.8927886464943087
2020-04-30,2330,58439085,17753466901,302.0,305.0,301.5,304.5,5.5,26219,298.4,298.7,290.1,57.848232848232804,54.110808421153166,69.57922788754928,59.8415281308495,309.66680863094405,290.1,270.533191369056,3.3363353965443707,1.307013204007468,2.0293221925369025
2020-05-04,2330,72252861,21341931218,294.5,296.5,294.0,295.0,-9.5,37736,298.6,297.55,291.275,50.88536812674739,53.52912594291896,49.91012149984789,51.90221841109128,308.9653222130086,291.275,273.58467778699134,3.0449316481468145,1.6545968928353374,1.390334755311477
2020-05-05,2330,23988405,7104774785,296.5,298.0,295.0,295.5,0.5,13569,298.1,296.7,292.275,47.0643056849953,51.93263555332513,50.764744175556885,52.26120859331159,308.48448796230326,292.275,276.0655120376967,2.8218098321868865,1.8880394807056473,0.9337703514812392
2020-05-06,2330,35704479,10524838077,294.5,296.0,292.5,296.0,0.5,16046,298.0,296.8,292.925,31.172413793103402,43.04069586828199,51.7256648217179,52.641868179397164,308.62937837037634,292.925,277.2206216296237,2.654727955498231,2.041377175664164,0.6133507798340672
2020-05-07,2330,28017198,8321170642,294.5,299.0,294.5,297.5,1.5,13149,297.7,297.15,293.55,34.160919540229834,37.46587967277614,54.812395172894554,53.8312449525866,308.93473269185864,293.55,278.1652673081414,2.6132281608789185,2.155747372707115,0.4574807881718037
2020-05-08,2330,35613893,10619091212,300.0,300.0,296.0,297.5,0.0,14345,296.3,297.35,294.275,35.99999999999995,33.777777777777686,54.812395172894554,53.8312449525866,308.95312998988857,294.275,279.5968700101114,2.5509336988737346,2.2347846379404386,0.316149060933296
2020-05-11,2330,32379019,9729431840,300.0,301.5,298.5,301.0,3.5,14920,297.5,298.05,295.35,49.333333333333286,39.83141762452098,62.43985626393772,56.76932142622043,308.6244114747119,295.35,282.07558852528814,2.7522593061474936,2.3382795715818494,0.4139797345656442
2020-05-12,2330,52494788,15553012596,297.5,298.5,295.0,295.0,-6.0,29073,297.4,297.75,296.175,42.66666666666662,42.66666666666658,46.68083367670916,50.80096460326416,306.9790501664875,296.175,285.3709498335125,2.399995786989905,2.3506228146634607,0.04937297232644422
2020-05-13,2330,46158418,13619538824,293.0,297.0,292.5,297.0,2.0,14555,297.6,297.8,296.775,41.333333333333286,44.444444444444365,51.44639836438427,52.59022043551629,306.28538905618836,296.775,287.2646109438116,2.2561996305332173,2.331738177837412,-0.07553854730419474
2020-05-14,2330,34480948,10119787160,293.0,295.0,292.5,293.0,-4.0,21482,296.7,297.2,297.05,20.518518518518473,34.83950617283943,42.56873710151992,48.77004189047997,305.7557452294402,297.05,288.3442547705598,1.798738828402918,2.2251383079505134,-0.4263994795475954
2020-05-15,2330,44304804,13170466660,297.5,298.5,294.5,298.0,5.0,20071,296.8,296.55,297.625,34.22222222222218,32.02469135802461,54.115630678109326,53.333351908121394,304.8629209722138,297.625,290.3870790277862,1.8186913187179243,2.1438489101039955,-0.32515759138607114
2020-05-18,2330,96872065,28216346996,291.0,293.5,290.0,290.0,-8.0,49640,294.6,296.05,296.8,22.222222222222175,25.65432098765424,39.34811350720263,46.236785475157646,303.54833312751964,296.8,290.0516668724804,1.1754211465292315,1.9501633573890427,-0.7747422108598112
2020-05-19,2330,53083214,15527338138,294.0,294.0,291.5,291.5,1.5,22033,293.9,295.65,296.175,24.718196457326844,27.054213633923695,42.764732411986415,47.64349994864153,302.43818609016046,296.175,289.91181390983957,0.7776975512642252,1.7156701961640792,-0.937972644899854
2020-05-20,2330,36789994,10772280152,293.0,294.0,291.0,294.0,2.5,16906,293.3,295.45,296.125,15.942028985507198,20.960815888352034,48.41502561337083,49.9920158736782,302.4406551520813,296.125,289.8093448479187,0.6566582951304554,1.5038678159573544,-0.847209520826899
2020-05-21,2330,36299468,10782482962,296.0,298.0,295.0,297.5,3.5,17064,294.2,295.45,296.3,37.68115942028981,26.113794954374583,55.57781254669577,53.15979169265995,302.5641839053456,296.3,290.0358160946544,0.833545962887456,1.3698034453433747,-0.5362574824559188
2020-05-22,2330,41138923,12025339565,294.5,295.0,291.0,292.0,-5.5,22345,293.0,294.9,296.125,41.17647058823525,31.599886331344052,44.30043254010921,48.01282155437404,302.658567172686,296.125,289.591432827314,0.5238876289319592,1.2006202820610916,-0.6767326531291324
2020-05-25,2330,32942223,9568008388,290.5,293.0,288.5,292.0,0.0,14585,293.4,294.0,296.025,41.24893435635119,40.03552145495872,44.30043254010921,48.01282155437404,302.74418893915185,296.025,289.3058110608481,0.27530759373684077,1.0155577443962414,-0.7402501506594006
2020-05-26,2330,35817481,10609868646,295.0,297.5,293.5,295.5,3.5,19524,294.2,294.05,295.9,42.84313725490191,41.75618073316275,52.62652031648932,51.479908336770244,302.56033032214197,295.9,289.239669677858,0.3566160266325369,0.8837694008435004,-0.5271533742109635
2020-05-27,2330,23375959,6932934823,297.0,298.0,295.5,296.5,1.0,11244,294.7,294.0,295.9,61.66666666666662,48.586246092639875,54.87498103727224,52.45553809992164,302.56033032214197,295.9,289.239669677858,0.49602729426726455,0.8062209795282532,-0.31019368526098867
2020-05-28,2330,32395568,9575118830,298.5,298.5,293.0,294.0,-2.5,13208,294.0,294.1,295.65,68.33333333333329,57.61437908496725,48.202243134021266,49.761630342970975,302.2005724940674,295.65,289.09942750593257,0.400169714274341,0.7250107264774708,-0.3248410122031298
2020-05-29,2330,96611181,28172174547,292.0,292.5,290.0,292.0,-2.0,21037,294.0,293.5,295.025,56.66666666666662,62.22222222222215,43.289246297051925,47.6532053153734,300.3492370345461,295.025,289.70076296545386,0.16096312351896813,0.6122012058857702,-0.4512380823668021
2020-06-01,2330,37936214,11205227094,294.0,296.5,293.5,295.5,3.5,15502,294.7,294.05,295.05,53.333333333333286,59.44444444444437,53.05774870466997,51.52410676304536,300.3782267219042,295.05,289.72177327809584,0.2509184940266209,0.5399446635139403,-0.2890261694873194
2020-06-02,2330,26663587,7908476089,296.0,297.5,296.0,296.5,1.0,9743,294.9,294.55,295.1,61.66666666666662,57.22222222222215,55.60668449479229,52.602541126525495,300.46283507111224,295.1,289.7371649288878,0.39830895816760403,0.5116175224446731,-0.11330856427706903
2020-06-03,2330,67894337,20354971677,300.0,301.0,298.0,301.0,4.5,33062,295.8,295.25,295.35,83.33333333333329,66.11111111111104,65.45460347208862,57.21523128478518,301.29222180669314,295.35,289.4077781933069,0.8682210430853274,0.5829382265728039,0.2852828165125235
2020-06-04,2330,47225322,14414983532,305.0,306.0,304.0,306.0,5.0,24482,298.2,296.1,295.775,93.3333333333333,79.44444444444439,73.16991151618612,61.67786364809198,303.28149718577396,295.775,288.268502814226,1.6253519239401157,0.7914209660462663,0.8339309578938494
2020-06-05,2330,44077262,13655618646,308.5,312.0,308.0,311.5,5.5,24096,302.1,298.05,296.475,99.2424242424242,91.9696969696969,79.14680127145185,65.89223285395445,306.63607769874534,296.475,286.3139223012547,2.6387695437101684,1.1608906815790467,1.4778788621311216
2020-06-08,2330,52042921,16500836851,316.0,319.0,315.0,318.0,6.5,28581,306.6,300.65,297.325,98.0929989550679,96.8895855102751,84.04682105747729,70.0799770126737,311.07009003244394,297.325,283.57990996755603,3.921204778074639,1.7129535008781653,2.2082512771964735
2020-06-09,2330,37068082,11746874522,316.5,319.0,314.0,319.0,1.0,19981,311.1,303.0,298.525,98.0929989550679,98.47614071751997,84.692423297981,70.6764822315308,315.1396772463399,298.525,281.91032275366007,4.961047713510368,2.3625723434046058,2.598475370105762
2020-06-10,2330,42207259,13566733306,319.0,324.0,318.0,322.5,3.5,22670,315.4,305.6,299.8,97.37998647734952,97.85532812916175,86.86323029542335,72.72600966052158,319.39693853641376,299.8,280.20306146358627,5.998405594965561,3.089738993716797,2.9086666012487643
2020-06-11,2330,50612255,16340456218,325.5,327.0,318.5,320.5,-2.0,27061,318.3,308.25,301.175,92.06175007316354,95.84491183519361,79.36036473461647,69.7269508995255,322.45709341206805,301.175,279.892906587932,6.583248315821152,3.788440858137668,2.7948074576834836
2020-06-12,2330,46970918,14811252573,313.0,317.5,312.5,316.0,-4.5,25263,319.2,310.65,302.075,80.23379308391623,89.89184321147638,64.69229255822798,63.392615068891736,324.24767462441105,302.075,279.90232537558893,6.607461292949381,4.3522449451000105,2.2552163478493705
2020-06-15,2330,51032404,15955585136,316.0,317.5,308.5,309.5,-6.5,29255,317.5,312.05,303.05,61.58943879047472,77.9616606491848,49.328055167952535,55.54352401234045,324.7223325925015,303.05,281.3776674074985,6.032614351463508,4.68831882637271,1.3442955250907982
2020-06-16,2330,40725216,12823172756,317.0,317.0,314.0,315.0,5.5,19377,316.7,313.9,304.225,50.66579613419092,64.16300933619392,58.951882710858385,60.050880683922145,325.8131333143912,304.225,282.6368666856088,5.9522343904536115,4.94110193918889,1.0111324512647215
2020-06-17,2330,34692968,10922017056,316.5,317.0,313.5,315.0,0.0,16218,315.2,315.3,305.275,41.44112154449087,51.23211882305213,58.95188271085837,60.05088068392214,326.81444056841,305.275,283.73555943158993,5.821426906580314,5.117166932667175,0.704259973913139
2020-06-18,2330,35443474,11123108346,314.5,315.0,313.0,314.5,0.0,11897,314.0,316.15,306.125,39.03354155070398,43.713486409795216,57.598281668504846,59.41574701564281,327.71174361732193,306.125,284.53825638267807,5.612715323413681,5.216276610816476,0.3964387125972051
2020-06-19,2330,48130280,15102300186,314.0,314.5,312.0,314.5,0.0,12915,313.7,316.45,307.25,33.902323376007544,38.125662157067424,57.59828166850486,59.41574701564281,328.10785223842544,307.25,286.39214776157456,5.38523228448355,5.250067745549891,0.1351645389336591
2020-06-22,2330,37374616,11722688924,314.5,316.5,312.0,312.0,-2.5,18836,314.2,315.85,308.25,27.927927927927882,33.621264284879764,49.814163408216885,55.98225893599974,327.9743504329037,308.25,288.5256495670963,4.946204464415985,5.189295089323109,-0.24309062490712474
2020-06-23,2330,41300084,12981121544,316.0,316.5,312.5,315.0,3.0,15959,314.2,315.45,309.225,28.82882882882878,30.21969337758803,57.7987625774364,59.04104288040962,328.2472895572514,309.225,290.20271044274864,4.785186035993661,5.10847327865722,-0.3232872426635591
2020-06-24,2330,55464024,17641164202,319.0,320.0,316.0,317.5,2.5,27086,314.7,314.95,310.275,44.1049745397571,33.620577098837884,63.452043804671135,61.445408940759926,328.68009440345406,310.275,291.8699055965459,4.803930161463427,5.047564655218461,-0.24363449375503432
2020-06-29,2330,56672892,17695228688,314.0,315.0,310.0,312.0,-5.5,30558,314.2,314.1,311.175,47.94359576968267,40.29246637942281,47.217283722051015,53.94309970432353,328.0013929586826,311.175,294.34860704131745,4.325123648239298,4.903076453822629,-0.5779528055833305
2020-06-30,2330,49241860,15386428040,313.5,314.0,311.0,313.0,1.0,16165,313.9,313.8,312.225,46.231884057970966,46.09348478913688,49.93449234389085,55.018478956519665,326.57238652159253,312.225,297.8776134784075,3.980473261545285,4.71855581536716,-0.7380825538218749
2020-07-01,2330,29685342,9400765756,315.0,318.0,314.0,317.5,4.5,15617,315.0,314.6,313.325,45.14492753623184,46.44013578796179,60.58657886410991,59.59087264198111,325.5980395583165,313.325,301.0519604416835,4.024060870129233,4.5796568263195745,-0.5555959561903414
2020-07-02,2330,37789178,12119073560,319.0,322.0,318.0,322.0,4.5,18355,316.4,315.3,314.6,68.33333333333329,53.23671497584533,68.42438719156178,63.57798216374668,324.7271911209348,314.6,304.47280887906527,4.371326821354501,4.53799082532656,-0.16666400397205905
2020-07-03,2330,55656987,18280314743,327.0,330.5,326.5,329.5,7.5,30235,318.8,316.75,316.025,90.04065040650403,67.83963709202301,77.22926148913007,69.05776992011175,326.1169522392861,316.025,305.93304776071386,5.191876192583948,4.668767898778038,0.52310829380591
2020-07-06,2330,57256220,19200718243,332.5,338.0,332.0,338.0,8.5,31866,324.0,319.1,317.625,98.37398373983736,85.5826558265582,83.36326399809441,73.85817590635521,330.5898563432081,317.625,304.6601436567919,6.453652751893799,5.02574486940119,1.427907882492609
2020-07-07,2330,59046323,20143258406,343.5,346.0,338.0,338.5,0.5,32076,329.1,321.5,318.975,91.42953929539293,93.28139114724473,83.66524343303034,74.11259554330972,334.48136965894827,318.975,303.4686303410518,7.40856426984999,5.5023087494909495,1.9062555203590401
2020-07-08,2330,33813218,11522915649,337.5,342.5,337.5,341.0,2.5,16673,333.8,324.4,320.125,88.42592592592591,92.7431496537187,85.22921747604755,75.40166167686422,338.3455241417471,320.125,301.9044758582529,8.271716436113707,6.056190286815501,2.2155261492982055
2020-07-09,2330,37410376,12912747970,346.0,347.0,343.0,345.0,4.0,20205,338.4,327.4,321.425,86.6241241241241,88.82652978181427,87.4688404160798,77.3454410420154,342.6081890894625,321.425,300.24181091053754,9.172799000153816,6.679512029483164,2.4932869706706517
2020-07-10,2330,60902108,21298923681,352.5,353.0,345.5,348.5,3.5,32227,342.2,330.5,322.725,89.99713999713997,88.34906334906329,89.14848241172652,78.9154370110196,346.98087557685596,322.725,298.4691244231441,10.053444325254645,7.35429848863746,2.699145836617185
2020-07-13,2330,49459523,17425372488,351.0,354.5,350.5,354.5,6.0,23217,345.5,334.75,324.425,94.6267696267696,90.41601124934452,91.4425234271949,81.30703904402915,352.31276613499153,324.425,296.5372338650085,11.107471923835078,8.104933175676983,3.002538748158095
2020-07-14,2330,63030150,22602878292,355.0,364.0,354.5,363.5,9.0,30996,350.5,339.8,326.8,96.0662525879917,93.56338740396706,93.75346096347853,84.20177269916088,359.14717916604116,326.8,294.45282083395887,12.524644863761807,8.988875513293948,3.5357693504678593
2020-07-15,2330,75105362,27486789803,366.0,370.0,361.0,363.0,-0.5,37607,354.9,344.35,329.475,94.27369648509078,94.988906233284,92.14070628871171,83.42880964356671,364.40274684974617,329.475,294.5472531502539,13.452348507707086,9.881570112176576,3.5707783955305104
2020-07-16,2330,68582512,24506038172,359.0,361.0,353.5,357.5,-5.5,35598,357.4,347.9,331.6,83.30878420438903,91.2162444258238,75.47814708860791,75.24607068286019,367.8913212765799,331.6,295.30867872342014,13.58713229133707,10.622682548008674,2.9644497433283963
2020-07-17,2330,66403485,24244495853,361.0,369.0,360.0,367.0,9.5,36729,361.1,351.65,334.2,80.59417996804565,86.05888688584179,82.02758812601999,79.06544320852376,372.74270358965464,334.2,295.65729641034534,14.295727765219965,11.357291591450933,2.9384361737690323
2020-07-20,2330,44940238,16487970674,370.0,370.0,362.5,366.0,-1.0,23335,363.4,354.45,336.775,81.85560053981105,81.91952157074854,79.42252746049941,77.70630011573763,376.5700687899905,336.775,296.97993121000945,14.608208802988997,12.007475033758546,2.6007337692304517
2020-07-21,2330,64440128,24491627162,372.5,387.0,371.5,383.0,17.0,40266,367.3,358.9,340.2,89.79020979020977,84.07999676602212,87.37480697932477,83.04289080505316,383.38379325626715,340.2,297.0162067437328,16.042680171007532,12.814516061208343,3.2281641097991898
2020-07-22,2330,43959670,16844625030,381.0,386.0,379.0,384.0,1.0,25530,371.5,363.2,343.8,90.45749431291598,87.36776821431222,87.7009945939102,83.29618956202208,388.9402259631032,343.8,298.6597740368968,17.063503263660152,13.664313501698704,3.3991897619614484
2020-07-23,2330,45397282,17302637512,382.0,383.0,379.0,381.5,-2.5,22916,376.3,366.85,347.125,89.53722736525178,89.92831048945914,81.55533350868721,80.07580848544774,393.0791891452779,347.125,301.1708108547221,17.469407358887622,14.425332273136487,3.0440750857511354
2020-07-24,2330,90988734,35368857726,390.0,395.0,382.0,386.0,4.5,45099,380.1,370.6,350.55,85.3386147329042,88.44444547035728,83.92142217262577,81.46491010122926,397.3644208551165,350.55,303.7355791448835,17.947316181542874,15.129729054817764,2.81758712672511
2020-07-27,2330,103315640,43637877952,420.5,424.5,416.5,424.5,38.5,49294,391.8,377.6,356.175,87.74825328712107,87.54136512842565,92.9493161925446,88.71443468139073,409.6682472373847,356.175,302.6817527626153,21.18844342229505,16.341471928313222,4.84697149398183
2020-07-28,2330,172157746,77804668620,464.0,466.5,428.5,435.0,10.5,92239,402.2,384.75,362.275,83.4790489391193,85.52197231971483,94.0180237147015,89.87728806533681,422.1293858042174,362.275,302.42061419578255,24.32393122149074,17.937963786948725,6.385967434542014
2020-07-29,2330,88641166,37649278004,428.0,431.5,419.5,422.0,-13.0,53111,409.8,390.65,367.5,76.77995208220808,82.66908476948278,77.1308622271971,79.02096611689744,429.0288550194138,367.5,305.9711449805862,25.466277147111384,19.443626458981257,6.022650688130128
2020-07-30,2330,69936949,30329225735,436.5,441.0,428.5,434.0,12.0,36627,420.3,398.3,373.1,66.36328541554141,75.54076214562289,80.83751603788399,81.2699866403937,437.3709887896545,373.1,308.8290112103455,27.028328488869874,20.96056686495898,6.067761623910894
2020-07-31,2330,50484674,21567922126,426.0,432.0,425.5,425.5,-8.5,27653,428.2,404.15,377.9,61.2693559014908,68.13753113308006,71.28893513257044,75.12638838490047,442.7657074269606,377.9,313.03429257303935,27.26608007014653,22.22166950599649,5.044410564150038
2020-08-03,2330,77288571,32339719000,420.5,424.0,415.0,416.0,-9.5,43360,426.5,409.15,381.8,55.95927318295737,61.19730483332983,61.77443221362042,68.86090332799625,445.97663126091845,381.8,317.62336873908157,26.383793359521178,23.054094276701427,3.329699082819751
2020-08-04,2330,41697445,17600499460,421.5,425.5,418.5,425.5,9.5,22250,424.6,413.4,386.15,50.75689223057642,55.995173771674835,66.92454349065933,71.42716102228074,449.7889031960799,386.15,322.51109680392005,26.14970783570334,23.67321698850181,2.4764908472015286
2020-08-05,2330,47460834,20356413204,430.5,433.5,426.0,429.0,3.5,24715,426.0,417.9,390.55,50.3499577345731,52.35537438270227,68.73509549317441,72.33185847120923,453.25558188869536,390.55,327.84441811130466,25.947507407234013,24.12807507224825,1.8194323349857626
2020-08-06,2330,43443627,18877761758,437.5,438.0,431.0,435.0,6.0,22414,426.2,423.25,395.05,49.19970345810523,50.10218447441823,71.82022034791974,73.8598665877188,456.9466073383667,395.05,333.15339266163335,25.972022656641457,24.496864589126893,1.4751580675145632
2020-08-07,2330,37611388,16218241255,433.5,434.0,428.0,433.0,-2.0,19739,427.7,427.95,399.275,43.135903180712724,47.56185479113032,69.16601848675491,72.42407288023867,459.3952752821386,399.275,339.15472471786137,25.53570813516137,24.70463329833379,0.8310748368275824
2020-08-10,2330,36067500,15674843876,427.5,437.5,427.5,435.5,2.5,21342,431.6,429.05,403.325,50.877520537714695,47.73770905884419,70.74281812024296,73.12729040007461,461.7230093838834,403.325,344.9269906161166,25.102291252119585,24.78416488909095,0.31812636302863595
2020-08-11,2330,34545313,14918017903,432.0,435.0,429.0,429.0,-6.5,20297,432.3,428.45,406.6,55.88125466766241,49.96489279536325,61.24284459939312,68.25375484221934,463.0097509301357,406.6,350.19024906986436,23.95813510441309,24.618958932155376,-0.6608238277422878
2020-08-12,2330,53980474,22721731886,422.0,423.5,419.0,419.0,-10.0,32761,430.3,428.15,409.4,50.02787068004457,52.26221529514053,49.34834748075103,61.46677708011335,462.32693076308135,409.4,356.4730692369186,21.990968491772207,24.09336084407874,-2.102392352306534
2020-08-13,2330,45669335,19514322038,428.0,429.0,424.5,429.0,10.0,21499,429.1,427.65,412.975,44.03567447045706,49.98159993938798,58.70525450995887,65.19402565305464,460.8106300261629,412.975,365.1393699738371,20.99685255888528,23.474059187040048,-2.477206628154768
2020-08-14,2330,24259947,10332447763,424.0,428.0,423.0,427.0,-2.0,12642,427.9,427.8,415.975,40.616871051653646,44.89347206738506,56.279398988550135,63.863508508156585,459.2051688638839,415.975,372.74483113611615,19.819162268915306,22.7430798034151,-2.923917534499793
2020-08-17,2330,34607731,14930831216,427.0,435.0,425.5,435.0,8.0,20823,427.8,429.7,419.425,62.88994504097477,49.18083018769513,63.34743986340644,66.78368315072414,456.76301681932165,419.425,382.0869831806784,19.308787685389973,22.056221379810076,-2.7474336944201028
2020-08-18,2330,45504160,19824413320,440.0,440.5,432.0,433.0,-2.0,21119,428.6,430.45,421.925,64.30551632510016,55.937444139242835,60.494982994796544,65.36164737463326,455.69817722690516,421.925,388.15182277309486,18.529334234646285,21.350843950777318,-2.8215097161310325
2020-08-19,2330,31486800,13574970200,436.0,436.5,427.5,427.5,-5.5,18279,430.3,430.3,424.1,62.95389636882903,63.38311924496796,52.85863908094868,61.484408719980586,453.08723857147993,424.1,395.1127614285201,17.268744388797018,20.534424038381257,-3.2656796495842393
2020-08-20,2330,75155235,31353886930,427.0,427.5,401.0,415.0,-12.5,45670,427.5,428.3,425.775,46.69806692179372,57.98582653857428,39.603282454536036,53.68934520127377,447.7442398594052,425.775,403.80576014059477,15.087156966678094,19.444970624040625,-4.357813657362531
2020-08-21,2330,41956467,17770610338,421.5,427.0,420.0,424.5,9.5,23059,427.0,427.45,427.7,44.823864193896554,51.49194249483975,50.58964228556611,58.04303060840502,440.018279100593,427.7,415.38172089940696,13.96383739702162,18.348743978636826,-4.384906581615205
2020-08-24,2330,49199406,21139093710,427.5,434.5,425.0,428.0,3.5,24672,425.6,426.7,427.875,54.43037974683542,48.65077028750855,54.17271667224644,59.551738308948785,440.10559687832216,427.875,415.64440312167784,13.203813946185107,17.319757972146483,-4.115944025961376
2020-08-25,2330,37024899,16076146369,433.5,436.0,430.5,434.5,6.5,22035,425.9,427.25,427.85,70.88607594936707,56.71343996336633,60.395373493352665,62.26548766508569,440.0241529479404,427.85,415.6758470520596,12.976401681897983,16.451086714096782,-3.474685032198799
2020-08-26,2330,41406340,18169230108,435.5,442.0,435.0,442.0,7.5,25305,428.8,429.55,428.85,84.38818565400841,69.90154711673695,66.51585568978676,65.16927604392384,442.1695345263983,428.85,415.53046547360174,13.248641056808083,15.810597582639042,-2.5619565258309596
2020-08-27,2330,57206712,25658355402,448.0,453.5,444.0,444.0,2.0,31575,434.6,431.05,429.35,88.90496282901343,81.39307481079629,68.05188829028043,65.9223697587165,444.08125928085894,429.35,414.6187407191411,13.47049650943785,15.342577367998803,-1.8720808585609525
2020-08-28,2330,57039210,24868453700,440.0,440.5,431.0,435.0,-9.0,35253,436.7,431.85,429.825,82.22222222222219,85.17179023508133,54.84360130398471,59.67006381521303,444.6414604410123,429.825,415.00853955898765,12.772856234325161,14.828633141264074,-2.055776906938913
2020-08-31,2330,88569538,38106113563,437.0,439.5,426.5,426.5,-8.5,28294,436.4,431.0,430.35,65.07936507936505,78.73551671020022,45.18115944426392,54.42041381173917,443.8559246258787,430.35,416.84407537412136,11.402649679928288,14.143436448996917,-2.740786769068629
2020-09-01,2330,50129577,21681382412,430.0,435.0,428.0,435.0,8.5,17137,436.5,431.2,430.825,59.36507936507933,68.88888888888886,54.52776685674174,58.36512984601888,444.2833617130786,430.825,417.3666382869214,10.877243978564081,13.49019795491035,-2.612953976346269
2020-09-02,2330,42013407,18268716092,441.0,441.0,430.5,433.0,-2.0,20242,434.7,431.75,431.025,50.71310116086232,58.38584853510224,52.089762955568645,57.112642419363944,444.48781916984905,431.025,417.5621808301509,10.182099979164036,12.828578359761087,-2.646478380597051
2020-09-03,2330,40683617,17768951582,439.5,439.5,433.5,436.0,3.0,17810,433.1,433.85,431.075,47.38812204640953,52.488767524117065,55.566451085694,58.54953808834848,444.6037656495367,431.075,417.5462343504633,9.760752401523916,12.215013168113654,-2.454260766589737
2020-09-04,2330,51349911,22051596821,427.0,432.5,427.0,429.0,-7.0,27893,431.9,434.3,430.875,28.88724021219436,42.329487806488736,46.40039222385157,54.003053411494385,444.4022872372862,430.875,417.3477127627138,8.760998574010728,11.524210249293068,-2.7632116752823404
2020-09-07,2330,39854584,17060627028,428.0,432.5,425.0,426.0,-3.0,20003,431.8,434.1,430.4,17.12150747238464,31.132289910329508,42.864960806294135,52.13458368156263,443.91147660324566,430.4,416.8885233967543,7.6385589818108315,10.747079995796621,-3.10852101398579
2020-09-08,2330,23714670,10208232440,428.0,433.0,427.5,431.0,5.0,12440,431.0,433.75,430.5,11.27355425601037,19.094100646863122,50.23752077501433,54.93328823742466,443.99814802111587,430.5,417.00185197888413,7.070966036562311,10.01185720394976,-2.9408911673874485
2020-09-09,2330,40727362,17312991408,425.0,428.0,423.0,427.0,-4.0,21740,429.8,432.25,430.9,15.594541910331357,14.663201212908788,44.83751642612337,52.298769133010516,443.4522906276174,430.9,418.34770937238255,6.2266015804666495,9.254806079253138,-3.0282044987864882
2020-09-10,2330,35281921,15275112115,432.5,435.0,430.5,435.0,8.0,18244,429.6,431.35,431.2,36.64717348927872,21.171756551873482,55.89854703290117,56.764764461336135,443.84278450342197,431.2,418.557215496578,6.132280692295183,8.630301001861547,-2.498020309566364
2020-09-11,2330,34893469,15171902036,435.5,436.5,432.5,436.5,1.5,14647,431.1,431.5,431.675,54.6296296296296,35.62378167641322,57.75169106289469,57.566957350819656,444.3646611459868,431.675,418.9853388540132,6.108157139542129,8.125872229397663,-2.0177150898555336
2020-09-14,2330,39325833,17282659859,436.0,442.0,435.5,441.0,4.5,19854,434.1,432.95,431.975,78.80116959064324,56.69265756985052,63.16850228556585,59.96671896533962,445.23575035584025,431.975,418.7142496441598,6.37862265075222,7.776422313668574,-1.3977996629163538
2020-09-15,2330,39661449,17608049536,440.5,447.0,439.5,445.0,4.0,21845,436.9,433.95,432.575,87.13450292397658,73.52176738141647,67.49097782449968,62.02270480729742,447.00162469186955,432.575,418.1483753081304,6.836923291720211,7.588522509278901,-0.7515992175586899
2020-09-16,2330,70608238,32379722344,460.0,462.0,455.5,458.0,13.0,38172,443.1,436.45,434.1,92.04903283850649,85.99490178437543,77.50214045738787,67.80900972354709,452.07108789138397,434.1,416.1289121086161,8.15511412676102,7.701840832775325,0.4532732939856956
2020-09-17,2330,44420506,20006793320,453.0,455.0,446.5,448.5,0.0,26718,445.8,437.7,435.775,82.26495726495723,87.14949767581344,61.385531371785454,60.548820960908365,452.51559437415693,435.775,419.034405625843,8.337114192656088,7.828895504751477,0.5082186879046109
2020-09-18,2330,52999922,23598268654,447.0,449.5,443.0,444.0,-4.5,20849,447.3,439.2,436.75,69.65811965811962,81.32403658719444,55.05823786320481,57.413047349847126,453.0149930833077,436.75,420.4850069166923,8.025722629552149,7.868260929711612,0.15746169984053715
2020-09-21,2330,40193920,17842486882,443.5,450.0,440.0,440.0,-4.0,25834,447.1,440.6,437.35,54.27350427350424,68.73219373219369,49.741280367831635,54.70118342814888,453.1585419947545,437.35,421.54145800524554,7.371205335045659,7.768849810778422,-0.39764447573276307
2020-09-22,2330,36842639,16140184501,440.0,441.0,436.0,437.0,-3.0,22692,445.5,441.2,437.475,39.356939356939314,54.42952109618773,45.86569825037603,52.69098219321653,453.2308719212851,437.475,421.71912807871496,6.535088305616966,7.52209750974613,-0.9870092041291638
2020-09-23,2330,47426963,20592831368,436.0,438.5,432.0,433.5,-3.5,27828,440.6,441.85,437.05,23.074888074888037,38.901777235110536,41.46798877916816,50.365528571769524,452.75318439043394,437.05,421.3468156095661,5.526334640900814,7.122944935977067,-1.5966102950762533
2020-09-24,2330,82510381,35076048246,425.5,429.0,423.0,423.0,-10.5,54922,435.5,440.65,436.0,8.544973544973507,23.658933658933623,31.048485952124434,44.08028997063917,452.4924225024706,436.0,419.5075774975294,3.8354155629505726,6.465439061371768,-2.6300234984211954
2020-09-25,2330,41263269,17522224043,427.0,428.0,421.0,424.0,1.0,23290,431.5,439.4,435.45,4.10569105691053,11.90851755892403,32.92122236553006,44.78697404875558,452.75288993203196,435.45,418.147110067968,2.546685053867634,5.681688259870941,-3.135003206003307
2020-09-28,2330,34427479,14758341446,427.0,431.5,424.5,431.5,7.5,19286,429.8,438.45,435.7,10.975609756097521,7.875424785993857,45.801570544675144,49.900705880150554,452.618628786045,435.7,418.78137121395497,2.1062644549693914,4.966603498890631,-2.8603390439212397
2020-09-29,2330,42730502,18419905574,432.5,435.0,428.0,431.0,-0.5,18647,428.6,437.05,435.5,20.77953132472497,11.953610712577678,45.1276010483387,49.57108233505539,452.5411267233133,435.5,418.4588732766867,1.6973165275708197,4.312746104626669,-2.615429577055849
2020-09-30,2330,28859204,12496613056,430.5,435.0,430.5,433.0,2.0,14203,428.5,434.55,435.5,32.13361038275693,21.296250487859812,48.653558006610616,50.96632783543168,452.5411267233133,435.5,418.4588732766867,1.5171172508047448,3.753620333862284,-2.2365030830575394
2020-10-05,2330,33238832,14450407588,438.0,438.0,431.5,432.5,-0.5,18148,430.4,432.95,435.325,36.81541582150097,29.90951917632763,47.75848107721386,50.589488728577734,452.4138121295767,435.325,418.2361878704233,1.318760355893346,3.2666483382684968,-1.9478879823751507
2020-10-06,2330,36276395,15935558262,441.5,442.0,437.5,439.5,7.0,20189,433.5,432.5,435.85,56.376573617952886,41.77519994073693,59.82915569253353,55.545179533281086,452.7736520881256,435.85,418.9263479118745,1.7067284826050013,2.9546643671357975,-1.2479358845307962
2020-10-07,2330,44691239,19693987093,435.0,445.0,435.0,443.0,3.5,24438,435.8,432.8,436.7,73.13902572523257,55.44367172156215,64.6003926545552,57.82297878591643,453.2632122488388,436.7,420.1367877511612,2.270444496608718,2.817820393030382,-0.5473758964216637
2020-10-08,2330,60853811,27461867933,450.0,454.0,448.5,453.0,10.0,37378,440.2,434.4,437.8,92.2438672438672,73.91982219568422,74.64051825158758,63.56691000790609,455.5803262062318,437.8,420.0196737937682,3.4839491287015676,2.951046140164619,0.5329029885369487
2020-10-12,2330,67645223,31061721030,458.0,462.0,457.5,460.0,7.0,36118,445.6,437.05,439.45,94.58610495195857,86.65633264035279,79.40973862117491,66.95901322962087,458.9561528754388,439.45,419.94384712456116,4.953402055512754,3.351517323234246,1.6018847322785081
2020-10-13,2330,46303738,21346346714,465.0,465.0,456.5,462.0,2.0,25938,451.5,440.95,440.8,94.89474692726719,93.90823970769766,80.62436236122032,67.87920012369571,462.50115204315074,440.8,419.0988479568493,6.207777971897428,3.9227694529668824,2.285008518930546
2020-10-14,2330,52677241,24157138176,460.5,461.0,457.0,459.0,-3.0,22599,455.4,444.45,441.925,90.4994425319628,93.32676480372953,73.08009521278795,64.95690353606143,464.9125509787361,441.925,418.93744902126394,6.880490977932141,4.514313757959934,2.366177219972206
2020-10-15,2330,49987278,22668836399,456.0,456.5,450.0,453.0,-6.0,23794,457.4,446.6,442.525,80.53125589357467,88.64181511760155,59.98347649988345,59.44481442976377,466.0057900207815,442.525,419.04420997921846,6.85050269516239,4.981551545400426,1.8689511497619646
2020-10-16,2330,48274801,21775749575,451.0,456.0,448.5,449.0,-4.0,26602,456.6,448.4,442.725,67.07999368609356,79.37023070387701,52.64549187129942,56.03120149795765,466.3543779012465,442.725,419.09562209875355,6.429850875953491,5.271211411511039,1.1586394644424525
2020-10-19,2330,34846906,15854021670,453.0,457.5,451.0,457.5,8.5,17112,456.1,450.85,442.7,64.15206575816563,70.58777177927796,63.66526952580504,61.138211423538266,466.2656529720711,442.7,419.13434702792887,6.705068386533924,5.557982806515616,1.1470855800183077
2020-10-20,2330,26567638,12065806730,455.5,457.0,451.0,451.0,-6.5,12725,453.9,452.7,442.825,60.1907131011608,63.807590848473346,52.71996528168522,55.80067703238578,466.5384455531037,442.825,419.11155444689626,6.325765086999695,5.7115392626124315,0.6142258243872636
2020-10-21,2330,29906921,13561798906,453.5,456.0,451.0,453.0,2.0,15490,452.7,454.05,443.275,51.86868686868681,58.73715524267109,55.46823047407133,57.04335787977163,467.398588041583,443.275,419.15141195841693,6.11604580574641,5.7924405712392275,0.32360523450718226
2020-10-22,2330,25285547,11435937453,450.0,455.0,449.5,455.0,2.0,10354,453.1,455.25,444.025,39.999999999999936,50.68646665661586,58.29637407117079,58.305779800325666,468.62271330835654,444.025,419.4272866916434,6.041581459399822,5.842268748871346,0.199312710528476
2020-10-23,2330,18777385,8516604326,458.0,458.0,451.5,452.0,-3.0,9909,453.7,455.15,444.775,29.292929292929234,40.387205387205334,52.46538271176202,55.663256912872214,469.3849065418802,444.775,420.16509345811977,5.675074276827445,5.808829854462566,-0.13375557763512091
2020-10-26,2330,15800622,7136001014,455.0,455.0,450.0,450.0,-2.0,17664,452.2,454.15,445.6,24.202020202020147,31.164983164983116,48.67840519619108,53.909122626282645,469.74456460572367,445.6,421.4554353942764,5.163707404135948,5.679805364397242,-0.5160979602612938
2020-10-27,2330,31795010,14213282507,447.5,448.5,445.5,447.0,-3.0,30644,451.4,452.65,446.8,15.070707070707016,22.855218855218812,43.219141571332656,51.29775208557981,468.60458667344886,446.8,424.99541332655116,4.464901935170985,5.436824678551991,-0.9719227433810058
2020-10-28,2330,26221663,11660544725,445.0,447.0,443.0,444.0,-3.0,35598,449.6,451.15,447.8,10.222222222222168,16.49831649831646,38.21857712113357,48.7544097352653,467.010413842498,447.8,428.589586157502,3.6272064602249543,5.074901034886584,-1.4476945746616297
2020-10-29,2330,43075387,18832675652,436.5,439.5,435.5,437.0,-7.0,55027,446.0,449.55,448.075,8.444444444444391,11.245791245791208,29.064263457189536,43.35322129088605,466.48498370450096,448.075,429.665016295499,2.3711520971165214,4.534151247332572,-2.1629991502160504
2020-10-30,2330,49770771,21614729093,437.0,437.0,432.0,432.0,-5.0,46871,442.0,447.85,448.125,4.4444444444443905,7.703703703703666,24.228207538247315,39.9488540659324,466.35375475725033,448.125,429.89624524274967,0.9611818457111667,3.819557367008291,-2.8583755212971242
2020-11-02,2330,34539576,14901775161,433.0,435.5,428.0,435.5,3.5,35704,439.1,445.65,448.25,10.555555555555502,7.814814814814777,33.292822977313676,43.30501221615341,466.09236531404895,448.25,430.40763468595105,0.12475293824871869,3.0805964812563764,-2.9558435430076577
2020-11-03,2330,31461727,13852498196,439.5,443.0,438.0,441.0,5.5,21031,437.9,444.65,448.675,22.777777777777725,12.592592592592554,45.29160654110439,48.203900165864724,465.36414317752616,448.675,431.98585682247386,-0.09324410250673054,2.445828364503755,-2.5390724670104854
2020-11-04,2330,37929652,16969841989,444.5,451.5,443.0,450.0,9.0,30087,439.1,444.35,449.2,47.22222222222217,26.851851851851816,59.27595352660845,55.04868423139596,465.3536373612899,449.2,433.0463626387101,0.45497182399549274,2.0476570564021026,-1.5926852324066099
2020-11-05,2330,36539446,16404944484,451.5,451.5,445.5,451.0,1.0,24764,441.9,443.95,449.6,67.28395061728389,45.76131687242795,60.582082857127986,55.748419324075535,465.5141446518465,449.6,433.68585534815355,0.9590729422066602,1.8299402335630142,-0.870867291356354
2020-11-06,2330,32644190,14788989058,455.0,455.5,450.0,452.5,1.5,20999,446.0,444.0,449.575,82.53647586980914,65.68088290310509,62.67692235883171,56.83387051146352,465.4692599701924,449.575,433.68074002980757,1.4627524742273295,1.7565026816958773,-0.29375020746854785
2020-11-09,2330,43415670,19865414906,458.0,460.0,454.0,458.5,6.0,27868,450.6,444.85,449.5,89.86286475869804,79.8944304152637,70.09385449549237,60.95908188667164,465.20986950932587,449.5,433.79013049067413,2.319336124964593,1.8690693703496204,0.4502667546149728
2020-11-10,2330,36786882,16610287996,452.0,454.5,448.5,451.0,-7.5,31009,452.6,445.25,448.95,85.42613636363632,85.94182566404784,54.34459844464826,54.0107861827561,463.60571560859574,448.95,434.29428439140423,2.3657268926365873,1.9684008748070139,0.39732601782957344
2020-11-11,2330,40355804,18326545251,448.5,457.0,448.5,457.0,6.0,23150,454.0,446.55,448.85,85.93749999999996,87.07550037411146,62.25918378134311,58.12312432915012,463.25520739177364,448.85,434.4447926082264,2.8537455636886193,2.145469812583335,0.7082757511052842
2020-11-12,2330,57993774,26690353577,463.0,463.5,457.5,458.0,1.0,28011,455.4,448.65,449.1,82.33568075117368,84.56643903827,63.48986336709703,58.78461785320529,463.95126257258755,449.1,434.2487374274125,3.283347137148837,2.3730452774964355,0.9103018596524017
2020-11-13,2330,31483881,14478873331,459.0,462.0,456.5,462.0,4.0,21663,457.3,451.65,449.75,89.74989643744819,86.00769239620729,68.31195959168699,61.410442936741084,465.6292317194511,449.75,433.8707682805489,3.901600824194361,2.6787563868360205,1.2228444373583405
2020-11-16,2330,83380911,39658459663,470.0,484.5,469.0,484.0,22.0,67363,462.4,456.5,451.075,92.47329001174539,88.18628906678912,82.84800977893326,71.98291917209325,472.7020085772406,451.075,429.4479914227594,6.096510683569704,3.3623072461827572,2.734203437386947
2020-11-17,2330,75763870,37446278783,502.0,506.0,485.5,485.5,1.5,68560,469.3,460.95,452.8,86.34284342035129,89.52200995651498,83.4518416962644,72.53542026735077,479.12185403804165,452.8,426.4781459619584,7.866351619734758,4.263116120893157,3.6032354988416007
2020-11-18,2330,56607501,27883387314,490.0,497.0,486.5,497.0,11.5,38186,477.3,465.65,455.0,83.08623642972894,87.3007899539419,87.41476900995664,76.38100922025234,487.62207841324573,455.0,422.37792158675427,10.08071301849958,5.4266355004144415,4.654077518085138
2020-11-19,2330,47345316,23320435165,499.0,499.0,490.0,490.0,-7.0,40198,483.7,469.55,456.75,74.21248053659117,81.21385346222382,74.70936512709507,69.95971162944011,492.76319202736624,456.75,420.73680797263376,11.142327071452087,6.56977381462197,4.572553256830116
2020-11-20,2330,35242579,17191897556,486.0,490.0,486.0,488.0,-2.0,30557,488.9,473.1,458.55,75.07246376811592,77.45706024481204,71.25705141263114,68.19566202231256,496.95299467489383,458.55,420.1470053251062,11.687553727509453,7.593329797199467,4.094223930309986
2020-11-23,2330,43708352,21661263304,494.5,498.5,492.0,496.5,8.5,26794,491.4,476.9,460.875,74.78260869565214,74.6891843334531,76.61509796175058,71.48636702669906,502.4272261738168,460.875,419.3227738261832,12.659596791628303,8.606583196085234,4.053013595543069
2020-11-24,2330,38630079,19113408398,499.5,500.0,491.5,492.0,-4.5,34407,492.7,481.0,463.125,74.6303615868833,74.8284780168838,68.70464027201142,67.50426765773867,506.2711180177316,463.125,419.9788819822684,12.917925724580414,9.46885170178427,3.449074022796143
2020-11-25,2330,47179640,23142083458,495.0,495.5,487.0,487.0,-5.0,40066,490.7,484.0,465.275,72.27053140096615,73.8945005611672,60.59455976260164,63.28595852856617,508.6794640561328,465.275,421.87053594386714,12.574246960088999,10.089930753445216,2.4843162066437827
2020-11-26,2330,31844322,15606951086,489.0,493.5,488.0,489.0,2.0,19587,490.5,487.1,467.875,62.46246246246243,69.78778515010397,62.6519371283999,64.24834173926487,510.41424658477183,467.875,425.33575341522817,12.321230868705811,10.536190776497335,1.785040092208476
2020-11-27,2330,35196829,17205872680,487.5,492.0,486.5,489.0,0.0,21314,490.7,489.8,470.725,44.24779546730763,59.66026311024543,62.6519371283999,64.24834173926487,510.8366878228779,470.725,430.61331217712217,11.982586000884737,10.825469821374815,1.1571161795099218
2020-11-30,2330,149311778,72095050187,493.0,493.5,480.5,480.5,-8.5,49362,487.5,489.45,472.975,23.70907492858709,43.47311095278574,48.11891051514747,56.89704652316823,509.8483982702973,472.975,436.10160172970274,10.90264958306608,10.840905773713068,0.06174380935301116
2020-12-01,2330,38341265,18719729411,489.5,490.0,483.5,490.0,9.5,24827,487.1,489.9,475.425,21.93037314988531,29.962414515260033,60.166954555334485,62.11456062985178,509.9087280467171,475.425,440.9412719532829,10.690133590951007,10.810751337160657,-0.12061774620964982
2020-12-02,2330,60208035,29970556095,499.5,500.0,493.5,499.0,9.0,35624,489.5,490.1,477.875,47.86324786324783,31.167565313906763,68.3026712468794,66.27903491998191,511.74220389993906,477.875,444.00779610006094,11.119756291248905,10.872552327978307,0.24720396327059824
2020-12-03,2330,36919644,18369786608,499.5,499.5,495.0,497.0,-2.0,25651,491.1,490.8,480.175,76.06837606837603,48.62066569383641,64.86776028438383,64.58016862081976,512.648489187335,480.175,447.70151081266494,11.170090244003632,10.932059911183371,0.23803033282026043
2020-12-04,2330,54471042,27307472890,498.5,505.0,497.5,503.0,6.0,35708,493.9,492.3,482.7,90.44130472701897,71.45764288621429,70.12598800738094,67.28900468075508,514.0055905550437,482.7,451.39440944495635,11.560863679990916,11.057820664944881,0.5030430150460354
2020-12-07,2330,45493551,23243392840,512.0,515.0,506.0,514.0,11.0,34767,500.6,494.05,485.475,91.18452286154145,85.8980678856455,77.37034331854787,71.58024365978119,517.5381798173523,485.475,453.4118201826477,12.612770347160563,11.368810601388017,1.2439597457725462
2020-12-08,2330,41830257,21673267551,514.0,525.0,509.0,524.0,10.0,35895,507.4,497.25,489.125,95.56366431933459,92.39649730263169,81.99986445938528,74.81487672263377,521.2791210422545,489.125,456.9708789577455,14.090899270473983,11.91322833520521,2.1776709352687735
2020-12-09,2330,46831705,24416275048,521.0,524.0,520.0,520.0,-4.0,31749,511.6,500.55,492.275,94.53943440264881,93.76254052784162,74.85362259877077,71.31824423143956,523.5551454600218,492.275,460.9948545399781,14.769309118990464,12.484444491962261,2.2848646270282025
2020-12-10,2330,43991133,22516917355,511.0,515.0,510.0,512.0,-8.0,49079,514.6,502.85,494.975,85.76779026217224,91.95696299471855,62.204433124037784,64.7956200898345,523.1201150290768,494.975,466.8298849709233,14.494338953366764,12.886423384243162,1.6079155691236018
2020-12-11,2330,51296611,26259941709,517.0,517.0,505.0,516.0,4.0,50929,517.2,505.55,497.675,79.28793826993362,86.53172097825158,65.59582387236581,66.4479452654174,522.8529169114522,497.675,472.4970830885478,14.432817154620409,13.195702138318612,1.2371150163017965
2020-12-14,2330,30809747,15703026732,512.0,513.0,508.0,508.0,-8.0,33415,516.0,508.3,498.875,65.04383863257556,76.6998557215605,54.239680313092364,60.34735649912608,523.6154021794316,498.875,474.1345978205684,13.581963128199448,13.272954336294779,0.30900879190466846
2020-12-15,2330,43059899,21780400998,507.0,510.0,504.0,504.0,-4.0,43967,512.0,509.7,499.8,51.44833301459803,65.26003663903576,49.26453401398654,57.50455129760983,523.8445420002132,499.8,475.75545799978687,12.441471077548329,13.106657684545489,-0.6651866069971604
2020-12-16,2330,53661282,27504184031,509.0,515.0,507.0,512.0,8.0,30574,510.4,511.0,500.55,42.91967291967287,53.13728152228219,58.20889595256875,61.41905240280017,525.128242410717,500.55,475.971757589283,12.044316666610314,12.894189480958454,-0.8498728143481404
2020-12-17,2330,39285785,20052530030,515.0,515.0,508.0,508.0,0.0,34785,509.6,512.1,501.45,33.924963924963876,42.76432328641162,52.780993139129826,58.51658302283747,525.733533515534,501.45,477.166466484466,11.276810314261581,12.57071364761908,-1.2939033333574983
2020-12-18,2330,40625502,20690792789,508.0,512.0,507.0,510.0,2.0,20638,508.4,512.8,502.55,33.4487734487734,36.76447009780341,55.216968992633056,59.5459754210762,526.283731270073,502.55,478.81626872992706,10.70652117422469,12.197875152940203,-1.4913539787155123
2020-12-21,2330,35153138,18033402498,512.0,517.0,508.0,516.0,6.0,21765,510.0,513.0,503.525,35.873015873015824,34.41558441558439,62.06631636902258,62.548468115573684,527.7808755768607,503.525,479.26912442313926,10.61633428474596,11.881566979301354,-1.2652326945553938
2020-12-22,2330,25632245,13125205685,512.0,516.0,509.0,509.0,-7.0,25973,511.0,511.5,504.375,42.3443223443223,37.222037222037194,51.37194427500697,57.213293397895306,528.1423620749117,504.375,480.6076379250882,9.866286615954948,11.478510906632073,-1.6122242906771245
2020-12-23,2330,18320849,9321219765,508.0,511.0,506.0,509.0,0.0,16428,510.4,510.4,505.475,45.6410256410256,41.286121286121265,51.37194427500695,57.213293397895306,527.9237750222567,505.475,483.0262249777434,9.166206116292983,11.016049948564255,-1.8498438322712722
2020-12-24,2330,15218008,7759366699,511.0,512.0,508.0,510.0,1.0,12743,510.8,510.2,506.525,41.02564102564099,43.003663003662986,52.948356017907535,57.80952868080684,527.7228182839684,506.525,485.3271817160315,8.59302388873681,10.531444736598766,-1.9384208478619573
2020-12-25,2330,12581145,6449612552,514.0,515.0,510.0,511.0,1.0,14988,511.0,509.7,507.625,46.15384615384611,44.27350427350425,54.663031821514295,58.433319303749165,527.2995393846977,507.625,487.95046061530223,8.125795375537734,10.05031486438656,-1.9245194888488264
2020-12-28,2330,19520886,10023145125,512.0,515.0,509.0,515.0,4.0,16675,510.8,510.4,509.35,60.606060606060566,49.26184926184924,61.252594922922675,60.9221739569662,524.8067137516329,509.35,493.8932862483672,7.986219812483853,9.63749585400602,-1.6512760415221663
2020-12-29,2330,20226736,10409159045,515.0,517.0,513.0,515.0,0.0,17187,512.0,511.5,510.6,72.49417249417245,59.75135975135972,61.25259492292269,60.92217395696618,523.4124939024343,510.6,497.7875060975657,7.785854686872028,9.26716762057922,-1.4813129337071924
2020-12-30,2330,46705107,24306881615,516.0,525.0,514.0,525.0,10.0,33173,515.2,512.8,511.9,87.87878787878783,73.65967365967363,74.07474333873807,66.70275922308079,525.0133519742315,511.9,498.78664802576856,8.337866572083612,9.081307410880099,-0.7434408387964861
2020-12-31,2330,31173332,16437646054,526.0,530.0,524.0,530.0,5.0,25138,519.2,515.0,513.55,93.9393939393939,84.77078477078474,78.26948313828723,69.15928089467653,527.0477775948552,513.55,500.0522224051447,9.07419649272424,9.079885227248926,-0.005688734524685657
2021-01-04,2330,39489959,21127581248,530.0,540.0,528.0,536.0,6.0,33316,524.2,517.6,515.2,96.07843137254899,92.63220439691025,82.28281232359436,71.84372000772218,531.0063278467787,515.2,499.39367215322136,10.02631598618649,9.26917137903644,0.7571446071500496
2021-01-05,2330,34839391,18761831567,536.0,542.0,535.0,542.0,6.0,28512,529.6,520.2,516.6,96.07843137254899,95.36541889483065,85.42355963682945,74.2568231528313,536.2305883763097,516.6,496.9694116236904,11.136651019683256,9.642667307165803,1.493983712517453
2021-01-06,2330,55614434,30572783229,555.0,555.0,541.0,549.0,7.0,55462,536.4,524.2,517.85,91.82311222361282,94.65999165623697,88.2569830502668,76.75935836739652,541.8939181499211,517.85,493.80608185007895,12.438062786443652,10.201746403021373,2.2363163834222792
2021-01-07,2330,53392763,30018630685,554.0,570.0,553.0,565.0,16.0,47905,544.4,529.8,520.1,93.01244041390532,93.63799467002241,92.2659696368686,81.2468104699492,551.7474327552814,520.1,488.45256724471864,14.592296361125477,11.079856394642194,3.5124399664832833
2021-01-08,2330,62957148,36339702855,580.0,580.0,571.0,580.0,15.0,56426,554.4,536.8,523.5,93.01244041390532,92.61599768380785,94.36869316078176,84.30620595135719,564.2406430975267,523.5,482.7593569024733,17.31037341979504,12.325959799672763,4.984413620122279
2021-01-11,2330,52771778,30535694908,577.0,584.0,574.0,584.0,4.0,49539,564.0,544.1,526.9,97.26775956284149,94.4308801302174,94.80786809003004,85.00856178340882,575.2152149948657,526.9,478.5847850051342,19.561740079210836,13.773115855580377,5.788624223630459
2021-01-12,2330,52605212,30958142918,583.0,597.0,582.0,591.0,7.0,59595,573.8,551.7,531.05,97.5903614457831,95.95685380751,95.52103453385877,86.17464183818826,585.9662089004697,531.05,476.1337910995302,21.66111008212397,15.350714700889096,6.310395381234873
2021-01-13,2330,75707681,45419255149,595.0,605.0,593.0,605.0,14.0,59966,585.0,560.7,536.1,97.5903614457831,97.4828274848026,96.60811764541653,88.15848375355051,598.2382329970842,536.1,473.9617670029159,24.175874499424822,17.11574666059624,7.060127838828581
2021-01-14,2330,90309708,53477747672,587.0,597.0,587.0,592.0,-13.0,111849,590.4,567.4,540.1,91.96265581807747,95.71445956988124,76.49497080364426,77.09578011191637,605.7198140808092,540.1,474.48018591919083,24.833585943185653,18.659314517114122,6.174271426071531
2021-01-15,2330,100998199,61876473170,621.0,625.0,601.0,601.0,9.0,105961,594.6,574.5,544.75,85.48340548340543,91.67880758242201,79.87851851095188,79.05532259016465,613.7075956657416,544.75,475.7924043342584,25.78383182142352,20.084217977976003,5.699613843447516
2021-01-18,2330,50388664,30406611574,608.0,608.0,594.0,607.0,6.0,49008,599.2,581.6,549.6,78.3405483405483,85.26220321401041,81.90450903923839,80.26736465495725,621.673296025642,549.6,477.52670397435804,26.713126092733205,21.409999600927442,5.303126491805763
2021-01-19,2330,52947466,32934404720,618.0,632.0,613.0,627.0,20.0,55490,606.4,590.1,555.15,81.85854932690371,81.8941677169525,86.9962946749689,83.66143834235072,632.8913017642501,555.15,477.40869823574985,28.732224156092798,22.87444451196051,5.857779644132286
2021-01-20,2330,95484470,61279319857,633.0,650.0,631.0,647.0,20.0,95577,614.8,599.9,562.05,89.48161543098247,83.22690436614484,90.21012908228153,86.21490714304291,646.398029022616,562.05,477.7019709773839,31.582147434723993,24.615985096513207,6.966162338210786
2021-01-21,2330,97590371,64624578866,640.0,679.0,640.0,673.0,26.0,115004,631.0,610.7,570.25,94.71971066907771,88.6866251423213,92.87926791765356,88.68960668421417,663.7633680283199,570.25,476.73663197168014,35.52915687029292,26.79861945126915,8.730537419023772
2021-01-22,2330,134238314,88023707664,649.0,665.0,649.0,649.0,-24.0,235186,640.6,617.6,577.2,86.52013695991246,90.24048768665756,71.7982063373763,75.25904798517772,672.4147047466927,577.2,481.9852952533074,36.30212258909705,28.69932007883473,7.602802510262322
2021-01-25,2330,98608285,62583576696,642.0,646.0,626.0,633.0,-16.0,154134,645.8,622.5,583.3,71.11929307805592,84.11971356901539,61.02516795356857,67.87913756147815,676.3765276533252,583.3,490.22347234667467,35.217669832159004,30.002990029499585,5.214679802659418
2021-01-26,2330,114797609,71638808826,632.0,640.0,610.0,617.0,-16.0,177764,643.8,625.1,588.4,50.5602868668758,69.39990563494808,51.933937746991724,61.39556934431071,677.0191852817442,588.4,499.7808147182558,32.690333115672956,30.54045864673426,2.149874468938698
2021-01-27,2330,72823691,44931754892,618.0,625.0,611.0,615.0,-2.0,77274,637.4,626.1,593.4,35.77152600170499,52.48370198221226,50.829636709882244,60.616168367373355,675.967305878296,593.4,510.8326941217039,30.17814243334726,30.467995404056857,-0.28985297070959604
2021-01-28,2330,104181514,62647021616,600.0,608.0,598.0,601.0,-14.0,157835,623.0,627.0,597.2,21.849957374254007,36.060590080944955,43.3089320919781,55.32192477234534,673.590051708321,597.2,520.8099482916791,26.74918229838147,29.72423278292178,-2.9750504845403114
2021-01-29,2330,96875889,58399782288,619.0,619.0,591.0,591.0,-10.0,129394,611.4,626.0,600.25,10.980392156862704,22.86729184427392,38.555116802495206,51.83911566658871,670.2696401019028,600.25,530.2303598980972,22.960120286104825,28.37141028355839,-5.411289997453565
2021-02-01,2330,70161939,42004241697,595.0,612.0,587.0,611.0,20.0,81346,607.0,626.4,604.0,11.440750213128688,14.75703324808182,51.08354502285024,57.58977504794211,667.5924523823386,604.0,540.4075476176614,21.325269760405376,26.962182178927787,-5.63691241852241
2021-02-02,2330,80724207,50938461582,629.0,638.0,622.0,632.0,21.0,82687,610.0,626.9,608.5,24.999999999999957,15.807047456663804,60.85975452601342,62.6348119417064,666.3878225536253,608.5,550.6121774463747,21.476594621918252,25.86506466752588,-4.388470045607626
2021-02-03,2330,59763227,37926170035,638.0,642.0,630.0,630.0,-2.0,56515,613.0,625.2,612.55,43.37606837606833,26.605606196399012,59.537653241981324,61.87982707558045,664.220010644476,612.55,560.8799893555239,21.190862309748468,24.930224195970396,-3.7393618862219284
2021-02-04,2330,47547873,29765963971,626.0,632.0,620.0,627.0,-3.0,44668,618.2,620.6,615.65,57.27928625865246,41.885118211573605,57.357133523756765,60.697949665129144,662.7765318053445,615.65,568.5234681946555,20.48619041491736,24.04141743975979,-3.5552270248424307
2021-02-05,2330,57350831,36435290641,638.0,641.0,631.0,632.0,5.0,51140,626.4,618.9,618.25,68.24766570529277,56.30100678000455,60.19200972347504,62.0006164067339,662.8947085330379,618.25,573.6052914669621,20.09949658945243,23.253033269698317,-3.153536680245889
2021-02-17,2330,115578402,76728732025,663.0,668.0,660.0,663.0,31.0,91925,636.8,621.9,622.2,81.14731749383344,68.89142315259292,73.11848113655165,68.88628816273152,667.9890816680098,622.2,576.4109183319903,22.040411722327917,23.010508960224236,-0.9700972378963186
2021-02-18,2330,54520341,36024245089,664.0,665.0,656.0,660.0,-3.0,49914,642.4,626.2,625.65,88.58959970071074,79.32819429994568,70.53261480021963,67.60949167606246,671.9113229382829,625.65,579.3886770617171,23.07058270424102,23.022523709027592,0.04805899521342738
2021-02-19,2330,51651844,33676514428,656.0,657.0,647.0,652.0,-8.0,63171,646.8,629.9,628.0,88.06584362139911,85.93425360531445,63.54142078819849,64.19262938658258,674.600429182574,628.0,581.399570817426,22.976607459822503,23.013340459186573,-0.036732999364069485
2021-02-22,2330,39512078,25885948680,660.0,662.0,650.0,650.0,-2.0,47116,651.4,634.8,630.9,82.716049382716,86.45716423494197,61.756052981618026,63.33092103685982,675.3472721322698,630.9,586.4527278677301,22.48159429157647,22.90699122566455,-0.42539693408808077
2021-02-23,2330,52868029,33779796222,641.0,643.0,633.0,641.0,-9.0,73349,653.2,639.8,632.9,67.25823045267485,79.34670781893003,53.817304810269384,59.462652533061714,675.3400754005003,632.9,590.4599245994997,21.119614239058023,22.549515828343246,-1.4299015892852225
2021-02-24,2330,80010637,50333904697,627.0,636.0,625.0,625.0,-16.0,138264,645.6,641.2,633.8,43.98148148148143,64.65192043895748,42.4888282214406,53.237107033844886,674.7419100678048,633.8,592.8580899321951,18.53550320943168,21.746713304560934,-3.2112100951292533
2021-02-25,2330,45279276,28634410089,636.0,636.0,628.0,635.0,10.0,46506,640.6,641.5,634.2,28.47222222222217,46.57064471879286,50.14153812550204,56.31550758158127,675.0245024464434,634.2,593.3754975535567,17.097404787822143,20.816851601213177,-3.719446813391034
2021-02-26,2330,137933162,84194194399,611.0,618.0,606.0,606.0,-29.0,212428,631.4,639.1,632.15,13.888888888888838,28.78086419753086,34.575544459197786,46.71190798141439,674.2939200834486,632.15,590.0060799165514,13.462456967041703,19.34597267437888,-5.883515707337178
2021-03-02,2330,57792973,35565213485,621.0,622.0,609.0,609.0,3.0,71325,623.2,637.3,628.95,12.029569892473068,18.13022700119474,36.93827969347653,47.705414469219065,667.7905715714876,628.95,590.1094284285125,10.700461301563791,17.616870399815863,-6.916409098252071
2021-03-03,2330,61171387,37550028241,609.0,622.0,601.0,622.0,13.0,57677,619.4,636.3,627.6,12.5504032258064,12.822954002389482,46.67427956220405,51.8911545113493,665.4227444800091,627.6,589.777255519991,9.451599041698614,15.983816128192412,-6.532217086493798
2021-03-04,2330,75508388,45662897489,609.0,611.0,601.0,601.0,-21.0,143916,614.6,630.1,626.0,12.5504032258064,12.376792114695336,36.15462763071686,45.548766934610605,665.4461658466321,626.0,586.5538341533679,6.690221498593928,14.125097202272716,-7.434875703678788
2021-03-05,2330,85579527,50968119396,588.0,605.0,584.0,601.0,0.0,127693,607.8,624.2,625.2,18.202457264957214,14.43442123885672,36.15462763071686,45.548766934610605,665.9705776265159,625.2,584.4294223734842,4.450507224097805,12.190179206637733,-7.739671982539928
2021-03-08,2330,47676630,28737004484,608.0,610.0,598.0,598.0,-3.0,84570,606.2,618.8,624.35,15.174561784731226,15.309140758498328,34.636684168471696,44.644699807046386,666.6171267062215,624.35,582.0828732937786,2.405711057764961,10.233285576863178,-7.827574519098217
2021-03-09,2330,74471341,43957092621,585.0,595.0,585.0,595.0,-3.0,119867,603.4,613.3,624.05,22.22584383601328,18.534287628567288,33.01932425866549,43.710384710813734,667.0545346446178,624.05,581.0454653553821,0.5369310293528997,8.294014667361122,-7.757083638008222
2021-03-10,2330,41735443,24904320192,601.0,601.0,593.0,597.0,2.0,54196,598.4,608.9,624.35,23.294219904389347,20.231541841711334,35.366697982407395,44.54362140872168,666.5034103009463,624.35,582.1965896990538,-0.7737875801362861,6.48045421786164,-7.254241797997926
2021-03-11,2330,55462783,33584884382,596.0,612.0,595.0,609.0,12.0,47948,600.0,607.3,624.25,37.314439946018844,27.611501228807203,48.09898936092522,49.38485998272545,666.5388874292064,624.25,581.9611125707936,-0.8346208202758589,5.01743921023414,-5.852060030509999
2021-03-12,2330,33876990,20780886905,615.0,618.0,609.0,614.0,5.0,36145,602.6,605.2,623.35,56.578947368421005,39.06253573960978,52.634706908085285,51.292829035369024,665.7069356776417,623.35,580.9930643223584,-0.47391044351593337,3.919169279484125,-4.393079723000058
2021-03-15,2330,29767904,18194081208,614.0,614.0,609.0,611.0,-3.0,26753,605.2,605.7,622.4,71.92982456140346,55.27440395861448,49.60044016050409,50.07318791289642,664.969472630045,622.4,579.830527369955,-0.42521814897736476,3.050291793791827,-3.475509942769192
2021-03-16,2330,37780820,23074187740,610.0,613.0,607.0,613.0,2.0,37573,608.8,606.1,621.7,78.43137254901956,68.98004815961473,51.76323466065421,50.9112018273626,664.4040981639897,621.7,578.9959018360104,-0.22267896494884099,2.3956976420436935,-2.6183766069925345
2021-03-17,2330,43942131,26638906800,612.0,612.0,602.0,604.0,0.0,68585,610.2,604.3,620.3,71.72342621259024,74.02820777433779,42.24559519220812,47.08150065843547,663.3957074428558,620.3,577.2042925571441,-0.7794054849840677,1.7606770166381414,-2.540082501622209
2021-03-18,2330,30223846,18286667342,606.0,609.0,602.0,602.0,-2.0,31677,608.8,604.4,617.25,65.21093285799162,71.78857720653384,40.32339249991769,46.24892191022206,656.267303853548,617.25,578.232696146452,-1.3662492772056112,1.1352917578693908,-2.501541035075002
2021-03-19,2330,74960854,44407634402,594.0,598.0,591.0,591.0,-11.0,106938,604.2,603.4,613.8,42.84016636957808,59.924841813386685,31.210959514532078,41.86398852707159,649.113453526953,613.8,578.4865464730469,-2.687950262254276,0.3706433538446574,-3.0585936160989333
2021-03-22,2330,35931375,21250445678,588.0,598.0,586.0,593.0,2.0,55005,600.6,602.9,610.85,30.52398989898985,46.19169637551989,34.35759107782616,42.92358395381123,642.5818452032012,610.85,579.1181547967989,-3.5332949056713687,-0.4101442980585479,-3.123150607612821
2021-03-23,2330,31933358,19057386513,597.0,603.0,593.0,594.0,1.0,36423,596.8,602.8,608.05,21.68560606060601,31.683254109724686,36.06363947892981,43.47829243210024,634.9904899732776,608.05,581.1095100267223,-4.075564413696952,-1.1432283211862289,-2.9323360925107234
2021-03-24,2330,115318351,66559451738,571.0,582.0,571.0,576.0,-18.0,242138,591.2,600.7,604.8,19.17109929078009,23.79356508345869,23.330221510969032,36.58577922986369,630.719876542922,604.8,578.880123457078,-5.889871698746106,-2.0925569966982045,-3.7973147020479012
2021-03-25,2330,74225812,42594849855,572.0,581.0,570.0,575.0,-1.0,115951,585.8,597.3,602.3,15.66731141199221,18.841338921126145,22.808256002883702,36.242039340292855,629.5550912675103,602.3,575.0449087324896,-7.32398855513793,-3.1388433083861496,-4.18514524675178
2021-03-26,2330,37937242,22271364837,582.0,592.0,580.0,590.0,15.0,49718,585.6,594.9,600.05,22.837854047651124,19.225421583474514,44.52728531469495,44.64362414668738,623.2661581662476,600.05,576.8338418337523,-7.167538929175521,-3.9445824325440237,-3.222956496631497
2021-03-29,2330,40573913,24302039570,599.0,602.0,596.0,599.0,9.0,44500,586.8,593.7,599.7,42.307627772744006,26.937597744129153,53.65514799656681,48.98714915711246,622.757319878943,599.7,576.6426801210571,-6.245334362633116,-4.404732818561842,-1.8406015440712737
2021-03-30,2330,34686346,20661203325,600.0,600.0,592.0,597.0,-2.0,46755,587.4,592.1,599.1,61.5966720617883,42.24738462739452,51.45985490064735,48.084228683502786,621.7795061674603,599.1,576.4204938325397,-5.611181675312082,-4.64602258991189,-0.9651590854001917
2021-03-31,2330,44454672,26217366895,596.0,597.0,587.0,587.0,-10.0,70527,589.6,590.4,597.35,63.26451326451322,55.722937699681886,41.54444136156288,43.74283701180598,618.0021185353951,597.35,576.697881464605,-5.848114109173821,-4.886440893764276,-0.9616732154095446
2021-04-01,2330,45972766,27520742963,598.0,602.0,594.0,602.0,15.0,48170,595.0,590.4,597.4,72.57187257187252,65.81101929939139,56.28492038168896,50.90349361122767,618.0920274502076,597.4,576.7079725497923,-4.770518561809922,-4.863256427373406,0.09273786556348362
2021-04-06,2330,37664216,23045132094,615.0,616.0,608.0,610.0,8.0,42422,599.0,592.3,597.85,78.48045674132625,71.43894752590404,62.213704251623895,54.24826183870797,619.2160946361233,597.85,576.4839053638767,-3.2337070239971126,-4.5373465466981475,1.303639522701035
2021-04-07,2330,28140964,17175949080,614.0,614.0,608.0,610.0,0.0,28395,601.2,594.0,598.45,90.2942468159859,80.44885870972827,62.213704251623895,54.248261838707975,620.4634050069465,598.45,576.4365949930536,-1.9928010382577668,-4.028437445010072,2.035636406752305
2021-04-08,2330,26658283,16217570357,606.0,613.0,603.0,613.0,3.0,32098,604.4,595.9,599.35,89.13043478260865,85.96837944664031,64.66008838307631,55.56482873883566,622.1822140844865,599.35,576.5177859155135,-0.7585550262025436,-3.374460961248566,2.6159059350460225
2021-04-09,2330,31601619,19344167081,618.0,618.0,609.0,610.0,-3.0,28920,609.0,599.3,600.0,86.46071700991604,88.62846620283692,60.11910776951126,53.89463984428158,623.2637056377515,600.0,576.7362943622485,-0.02222490249891962,-2.7040137494986367,2.681788846999717
2021-04-12,2330,23319822,14155495430,612.0,613.0,603.0,605.0,-5.0,33422,609.6,602.3,599.8,76.83004847321665,84.1404000885805,52.89588833915519,51.13581440753171,622.8182536262053,599.8,576.7817463737946,0.1560647944484117,-2.131998040709227,2.2880628351576386
2021-04-13,2330,27386926,16638680378,604.0,613.0,604.0,605.0,0.0,30438,608.6,603.8,599.35,65.025466893039,76.10541079205728,52.89588833915519,51.13581440753171,621.5785852001397,599.35,577.1214147998603,0.29397193827378487,-1.6468040449126247,1.9407759831864095
2021-04-14,2330,31144922,18868308243,608.0,612.0,600.0,612.0,7.0,41234,609.0,605.1,599.4,65.5913978494623,69.14897107190603,61.67124224711803,54.88547883078672,621.7374125627827,599.4,577.0625874372173,0.957073296675162,-1.1260285765950673,2.0831018732702296
2021-04-15,2330,36394255,22332532476,612.0,619.0,607.0,619.0,7.0,40541,610.2,607.3,599.7,79.56989247311822,70.06225240520655,68.51450399471415,58.3291287991287,622.9043099444898,599.7,576.4956900555103,2.0240948931813136,-0.496003882639791,2.5200987758211046
2021-04-16,2330,49952191,30335377876,610.0,611.0,603.0,610.0,-9.0,67601,610.2,609.6,600.0,77.7589134125636,74.30673457838142,54.04154258726813,52.753625078910616,623.5711688297397,600.0,576.4288311702603,2.119065148071627,0.02700992350249265,2.092055224569134
2021-04-19,2330,25234976,15224292755,605.0,607.0,601.0,603.0,-7.0,43094,609.8,609.7,600.05,56.14035087719291,71.15638558762495,45.349032014322,48.84304181894316,623.6421597146237,600.05,576.4578402853762,1.6109185939477584,0.3437916575915458,1.2671269363562125
2021-04-20,2330,36655069,21969721089,598.0,602.0,595.0,602.0,-1.0,54247,609.2,608.9,600.6,32.5292397660818,55.47616801861282,44.16505036828529,48.29229284431042,623.8327355255419,600.6,577.3672644744581,1.1146679479084014,0.4979669156549169,0.6167010322534845
2021-04-21,2330,41893725,24933016553,599.0,599.0,592.0,592.0,-10.0,92840,605.2,607.1,600.55,14.985380116958995,34.55165692007795,33.85343909626671,43.06303225097423,623.8521458239412,600.55,577.2478541760587,-0.08455598215562077,0.3814623360928094,-0.46601831824843015
2021-04-22,2330,38094824,22626436436,596.0,598.0,591.0,591.0,-1.0,64897,599.6,604.9,600.4,9.722222222222152,19.07894736842103,32.955750318453035,42.56664958077027,623.9065948193279,600.4,576.8934051806721,-1.102927369161307,0.08458439504198612,-1.1875117642032933
2021-04-23,2330,29004756,17336162729,592.0,602.0,590.0,602.0,11.0,29147,598.0,604.1,601.7,13.793103448275792,12.83356859581903,49.97819218926265,49.4669064513313,622.3697847110162,601.7,581.0302152889839,-1.0107348391042024,-0.13447945178725162,-0.8762553873169507
2021-04-26,2330,32426908,19673836650,605.0,610.0,603.0,610.0,8.0,35286,599.4,604.6,603.45,36.78160919540223,20.098978288633443,58.84432353770408,53.81303453370121,620.3671510603799,603.45,586.5328489396202,-0.28880924046563905,-0.16534540952292912,-0.12346383094270993
2021-04-27,2330,26761401,16274064043,608.0,611.0,605.0,610.0,0.0,25203,601.0,605.1,604.45,59.770114942528664,36.781609195402275,58.84432353770409,53.81303453370122,620.4058766603359,604.45,588.4941233396642,0.28009325693460596,-0.0762576762314221,0.35635093316602806
2021-04-28,2330,24601487,14833592900,606.0,608.0,601.0,602.0,-8.0,32198,603.0,604.1,604.6,65.02463054187184,53.858784893267625,47.407288043624085,48.932234138922034,620.4037970121037,604.6,588.7962029878963,0.08444600268194336,-0.04411694044874901,0.12856294313069236
2021-04-29,2330,35756460,21579514979,609.0,609.0,600.0,600.0,-2.0,30756,604.8,602.2,604.75,57.90914066776128,60.901295384053974,44.86401033615457,47.76583908945933,620.3175945476523,604.75,589.1824054523477,-0.22934539028153722,-0.08116263041530666,-0.14818275986623056
2021-05-03,2330,46801189,27676378065,595.0,597.0,588.0,588.0,-12.0,104468,602.0,600.0,604.8,34.92063492063484,52.61813537675604,32.61575669492454,41.390704284885345,620.1440542230666,604.8,589.4559457769333,-1.4298446823152062,-0.35089904079528655,-1.0789456415199197
2021-05-04,2330,45507479,26756714081,588.0,594.0,582.0,591.0,3.0,69833,598.2,598.8,604.25,26.21784345922269,39.68253968253965,37.58565280175187,43.423676194688,620.7044826719043,604.25,587.7955173280957,-2.114796040093097,-0.7036784406548486,-1.4111175994382483
2021-05-05,2330,31786592,18603594408,594.0,594.0,585.0,585.0,-6.0,52496,593.2,597.1,603.0,13.79310344827578,24.977193942711153,32.067097577148715,40.405012059046115,621.2208671582886,603.0,584.7791328417114,-3.1059710806302974,-1.1841369686499383,-1.921834111980359
2021-05-06,2330,33165446,19405281385,590.0,590.0,580.0,587.0,2.0,69578,590.2,596.6,601.85,21.319985168705887,20.4436440254015,35.736482909753555,41.85597633066657,621.0361929522214,601.85,582.6638070477786,-3.687592880702141,-1.6848281510603789,-2.002764729641762
2021-05-07,2330,28719597,17131817777,594.0,600.0,589.0,599.0,12.0,30063,590.0,597.4,601.15,31.40526510938071,22.172784575454173,53.368163511862996,49.759753341582815,619.6678292464356,601.15,582.6321707535643,-3.143990668442598,-1.9766606545368226,-1.1673300139057752
2021-05-10,2330,21365583,12626811276,596.0,597.0,588.0,589.0,-10.0,43154,590.2,596.1,600.1,37.63440860215045,30.119886293412396,42.13018638970977,44.34945381213144,618.8712546197603,600.1,581.3287453802398,-3.4799833435276923,-2.2773251923349966,-1.2026581511926957
2021-05-11,2330,66035839,37939364597,579.0,580.0,570.0,571.0,-18.0,184838,586.2,592.2,598.4,30.9622277364212,33.3339671493175,29.212310900570643,36.62925675791895,620.8802135221199,598.4,575.91978647788,-5.139464973938743,-2.849753148655746,-2.289711825282997
2021-05-12,2330,138328672,76325765887,567.0,571.0,518.0,560.0,-11.0,223058,581.2,587.2,596.15,25.91673559415487,31.50445731090889,23.971882182604347,32.86422713996032,623.9224683814797,596.15,568.3775316185203,-7.25855212056922,-3.731512943038441,-3.5270391775307792
2021-05-13,2330,71519430,39495488180,547.0,563.0,541.0,547.0,-13.0,105026,573.2,581.7,592.9,28.027934125495022,28.30229915202375,19.218367370299255,29.062285812034666,626.9875343784233,592.9,558.8124656215766,-9.873124077381476,-4.959835169907048,-4.913288907474428
2021-05-14,2330,38625148,21474513930,556.0,562.0,552.0,557.0,10.0,52919,564.8,577.4,589.8,43.026891807379535,32.3238538423432,31.422282542668196,35.26605188513569,625.0851243444071,589.8,554.5148756555928,-11.011342857477871,-6.170136707421213,-4.841206150056658
2021-05-17,2330,58446847,32066868553,544.0,558.0,541.0,549.0,-8.0,76808,556.8,573.5,586.75,40.24390243902431,37.099576123966344,27.539215450456062,32.7951128871858,624.9488219713633,586.75,548.5511780286367,-12.415800957468264,-7.419269557430622,-4.996531400037641
2021-05-18,2330,44584258,25226153189,563.0,573.0,555.0,572.0,23.0,52152,557.0,571.6,585.2,50.406504065040565,44.5590994371482,48.772769116912485,44.77524283588111,623.150494067927,585.2,547.2495059320731,-11.539911423757417,-8.24339793069598,-3.296513493061436
2021-05-19,2330,29610174,16832735286,571.0,572.0,565.0,567.0,-5.0,34443,558.4,569.8,583.45,54.47154471544707,48.37398373983737,45.39871408455599,42.98146466210179,621.3682014341373,583.45,545.5317985658628,-11.121024621861352,-8.818923268929055,-2.302101352932297
2021-05-20,2330,36605692,20670883290,567.0,571.0,560.0,567.0,0.0,32301,562.4,567.8,582.2,62.54502418441897,55.807690988302255,45.39871408455599,42.9814646621018,620.5541392811755,582.2,543.8458607188246,-10.666101633232074,-9.188358941789659,-1.4777426914424154
2021-05-21,2330,28009899,16016851343,572.0,577.0,568.0,573.0,6.0,27050,565.6,565.2,581.3,70.16369714534213,62.39342201506944,50.94190977897593,45.99262884826907,619.6306665739095,581.3,542.9693334260904,-9.709496993898824,-9.292586552211493,-0.4169104416873317
2021-05-24,2330,15981036,9090836697,570.0,572.0,566.0,568.0,-5.0,20189,569.4,563.1,579.6,78.49358552897174,70.400768952911,46.36556784321635,43.91149487646347,617.114797080617,579.6,542.085202919383,-9.248231285088991,-9.283715498786993,0.03548421369800181
2021-05-25,2330,35445350,20525932956,576.0,584.0,573.0,583.0,15.0,39032,571.6,564.3,578.25,90.37661957862339,79.6779674176458,59.19538738515661,51.06526504547173,613.1434091197757,578.25,543.3565908802243,-7.584866626789676,-8.943945724387529,1.3590790975978528
2021-05-26,2330,19555305,11433686898,587.0,588.0,581.0,585.0,2.0,21034,575.2,566.8,577.0,92.01240086437038,86.9608686573219,60.65926528242829,51.94534076615184,608.9186465878497,577.0,545.0813534121503,-6.035679311862509,-8.362292441882525,2.326613130020016
2021-05-27,2330,70061002,40643804852,580.0,582.0,573.0,582.0,-3.0,37545,578.2,570.3,576.0,92.84182747814607,91.74361597371335,57.0759362578505,50.47882092152096,605.9132077851916,576.0,546.0867922148084,-4.9924621356447005,-7.68832638063496,2.6958642449902595
2021-05-28,2330,30720737,18082265480,587.0,592.0,582.0,590.0,8.0,31581,581.6,573.6,575.5,91.81521947479388,92.22314927243684,63.73991860716126,54.19271340754126,604.097202660401,575.5,546.902797339599,-3.4800559476034323,-6.846672294028655,3.3666163464252223
2021-05-31,2330,31557426,18751716595,595.0,597.0,590.0,597.0,7.0,29798,587.4,578.4,575.95,93.94287904926198,92.86664200073405,68.70042772611079,57.21621557535327,605.584270701334,575.95,546.315729298666,-1.6970590088519657,-5.8167496369933165,4.119690628141351
2021-06-01,2330,18405285,10985893229,598.0,599.0,595.0,598.0,1.0,20318,590.4,581.0,576.3,97.34349734349728,94.36719862251779,69.39816778410511,57.646300001738915,606.7899983601201,576.3,545.8100016398798,-0.20101230175203,-4.693602169945059,4.492589868193029
2021-06-02,2330,22416789,13362065937,600.0,600.0,593.0,595.0,-3.0,25170,592.4,583.8,576.8,94.24333836098533,95.17657158458161,64.37539850690914,55.832992884907405,608.1598469384047,576.8,545.4401530615952,0.7340785633746236,-3.608066023281123,4.342144586655746
2021-06-03,2330,31703679,18939839664,600.0,600.0,596.0,596.0,1.0,20749,595.2,586.7,577.25,90.32176973353437,93.96953514600574,65.35064831281034,56.32614947447118,609.4299627097367,577.25,545.0700372902633,1.538106123649186,-2.5788315938950612,4.116937717544247
2021-06-04,2330,16072580,9521252157,591.0,595.0,590.0,595.0,-1.0,19112,596.2,588.9,577.05,85.00363108206238,89.85624639219411,63.328053962167694,55.65689615205444,608.7326450915997,577.05,545.3673549084002,2.070741891685884,-1.648916896778872,3.7196587884647565
2021-06-07,2330,17729179,10471176330,594.0,595.0,583.0,592.0,-3.0,25364,595.2,591.3,577.2,80.02904865649957,85.11814982403219,57.138546094748285,53.59936666161755,609.134933849937,577.2,545.265066150063,2.2251346798435634,-0.8741065814543849,3.0992412612979483
2021-06-08,2330,14083552,8312653665,590.0,595.0,588.0,589.0,-3.0,14051,593.4,591.9,578.1,70.37037037037028,78.46768336964415,51.29010216634606,51.54718081990253,610.2987577400088,578.1,545.9012422599912,2.0814237910230986,-0.28300050695888823,2.3644242979819867
2021-06-09,2330,21575159,12618113390,586.0,588.0,583.0,586.0,-3.0,36405,591.6,592.0,579.4,50.61728395061721,67.00556765916242,45.81867682091081,49.50591842778419,610.6563593529374,579.4,548.1436406470625,1.7057936212517006,0.11475831868322955,1.5910353025684711
2021-06-10,2330,29741770,17696413894,591.0,599.0,587.0,599.0,13.0,30487,592.2,593.7,582.0,58.53304284676826,59.84023238925199,64.80147599940516,57.38174831196877,610.5797130846348,582.0,553.4202869153652,2.4290942731829546,0.5776255095831746,1.85146876359978
2021-06-11,2330,24940705,15011140567,602.0,603.0,600.0,602.0,3.0,25271,593.6,594.9,584.25,70.44662309368185,59.86564996368918,67.83545615031827,58.97211603840814,611.6644122680033,584.25,556.8355877319967,3.2074170714404318,1.1035838219546261,2.1038332494858056
2021-06-15,2330,30245897,18415370774,607.0,609.0,606.0,609.0,7.0,33515,597.0,596.1,587.25,96.37254901960777,75.11740498668604,73.94835271665015,62.489473838740416,611.5306507326317,587.25,562.9693492673683,4.339066932508899,1.7506804440654808,2.5883864884434185
2021-06-16,2330,28624508,17401326587,608.0,608.0,605.0,605.0,-4.0,25816,600.2,596.8,588.9,93.20512820512813,86.674766772806,65.63266059942427,59.35790043515164,613.2959012950977,588.9,564.5040987049023,4.857150818730588,2.371974518998502,2.485176299732086
2021-06-17,2330,26477032,15924656516,601.0,606.0,598.0,606.0,0.0,21061,604.2,597.9,590.85,91.02564102564095,93.53443941679235,66.72406807202088,59.89894890876604,614.1418440661056,590.85,567.5581559338945,5.287476931083916,2.955075001415585,2.3324019296683307
2021-06-18,2330,42036170,25373026235,608.0,608.0,601.0,603.0,-3.0,16899,605.0,598.6,592.65,83.33333333333326,89.18803418803418,60.04956522314273,57.42894949089734,613.752369535198,592.65,571.547630464802,5.3250546324310335,3.4290709276186746,1.895983704812359
2021-06-21,2330,47339695,27749202661,590.0,594.0,583.0,583.0,-20.0,109204,601.2,597.4,593.15,55.12820512820505,76.49572649572649,33.77323883316639,44.310611478659794,612.7895010119902,593.15,573.5104989880098,3.6983698727181036,3.4829307166385606,0.215439156079543
2021-06-22,2330,30578091,17786329582,585.0,588.0,578.0,578.0,-5.0,56057,595.0,596.0,593.65,25.641025641025568,54.7008547008547,29.950726150540746,41.743406624678734,611.0887499552033,593.65,576.2112500447967,1.9828946920572434,3.182923511722297,-1.2000288196650537
2021-06-23,2330,36386023,21500052844,583.0,598.0,581.0,595.0,17.0,34454,593.0,596.6,594.25,18.279569892473045,33.01626688723463,51.65528402395132,51.938935677078376,610.9936555148538,594.25,577.5063444851462,1.9723896964733285,2.9408167486725034,-0.9684270521991749
2021-06-24,2330,19322765,11435647488,598.0,598.0,588.0,590.0,-5.0,18494,589.8,597.0,594.5,31.18279569892466,25.034463744141163,46.69108541513648,49.21100885419178,610.8278902495115,594.5,578.1721097504885,1.5428215125090219,2.6612177014398073,-1.1183961889307854
2021-06-25,2330,19140086,11355715486,598.0,598.0,589.0,591.0,1.0,16850,587.4,596.2,594.95,45.16129032258058,31.54121863799283,47.86026177717016,49.77912693037046,610.3444795300055,594.95,579.5555204699946,1.2684553112547974,2.3826652234028054,-1.114209912148008
2021-06-28,2330,15401977,9056869217,590.0,590.0,586.0,590.0,-1.0,20825,588.8,595.0,594.95,40.215053763440785,38.85304659498208,46.666192982842794,49.18661022633126,610.3444795300055,594.95,579.5555204699946,0.9592686258133654,2.0979859038849176,-1.1387172780715522
2021-06-29,2330,30837548,18350027611,598.0,598.0,591.0,595.0,5.0,24078,592.2,593.6,594.85,46.20071684587807,43.85902031063321,53.4420593908728,52.24721145475104,610.2158712736984,594.85,579.4841287263016,1.1049569078656987,1.8993801046810739,-0.7944231968153752
2021-06-30,2330,34021380,20301841661,599.0,599.0,595.0,595.0,0.0,20097,592.2,592.6,594.7,51.11111111111105,45.842293906810035,53.44205939087281,52.24721145475103,609.9983659258041,594.7,579.401634074196,1.2065080472757472,1.7608056932000085,-0.5542976459242612
2021-07-01,2330,18719706,11116195742,596.0,597.0,591.0,593.0,-2.0,20565,592.8,591.3,594.6,61.58730158730153,52.966376514763624,49.98463757597085,50.827001895524134,609.9153517752555,594.6,579.2846482247445,1.1127773667875545,1.6312000279175176,-0.5184226611299632
2021-07-02,2330,19633718,11562140245,590.0,593.0,587.0,588.0,-5.0,24056,592.2,589.8,594.2,58.571428571428505,57.089947089947096,42.050078596013726,47.36095482156352,609.7640611666673,594.2,578.6359388333328,0.6278000260429053,1.430520027542595,-0.8027200014996898
2021-07-05,2330,30274105,17957255325,588.0,597.0,588.0,591.0,3.0,21836,592.4,590.6,594.0,58.20105820105814,59.45326278659613,47.84539252466645,49.58251006748219,609.6204993518134,594.0,578.3795006481866,0.4799938470999905,1.2404147914540742,-0.7604209443540837
2021-07-06,2330,13830591,8185167307,595.0,596.0,589.0,592.0,1.0,15751,591.8,592.0,594.0,49.77614977614971,55.51621218287885,49.79780838539778,50.33493563771979,609.6204993518134,594.0,578.3795006481866,0.43849334967057985,1.0800305030973754,-0.6415371534267955
2021-07-07,2330,17329148,10250342169,590.0,594.0,588.0,594.0,2.0,18023,591.6,591.9,594.25,54.41595441595435,54.131054131054135,53.8306416786245,51.88164176490982,609.7015371403625,594.25,578.7984628596375,0.5605257992666566,0.9761295623312316,-0.415603763064575
2021-07-08,2330,21596183,12733045117,595.0,595.0,588.0,588.0,-6.0,23352,590.6,591.7,594.35,41.02564102564096,48.40591507258174,42.017066164841765,47.13877391889938,609.6113891897139,594.35,579.0886108102861,0.17111503129478933,0.8151266561239432,-0.6440116248291539
2021-07-09,2330,30602492,17821338170,582.0,585.0,580.0,584.0,-4.0,51232,589.8,591.0,593.6,32.6585695006747,42.70005498075674,35.8908649123272,44.23547700658667,609.3403938959611,593.6,577.8596061040389,-0.45501722317078475,0.5610978802649975,-1.0161151034357823
2021-07-12,2330,33011596,19612592644,595.0,597.0,590.0,593.0,9.0,28636,590.2,591.3,593.15,34.95276653171384,36.212325686009905,53.63589451429384,51.476972451290635,608.4113891897215,593.15,577.8886108102785,-0.22244258238833936,0.4043897877343301,-0.6268323701226695
2021-07-13,2330,54894335,33158730436,600.0,608.0,599.0,607.0,14.0,60121,593.2,592.5,593.05,61.96741854636585,43.1929181929182,69.13853473665984,60.14668882584839,607.9157324071242,593.05,578.1842675928757,1.079118091528244,0.5393354484931129,0.539782643035131
2021-07-14,2330,39670241,24276719505,613.0,615.0,608.0,613.0,6.0,43173,597.0,594.3,593.45,86.37844611528816,61.09954373112269,73.55903210349669,63.18278698094046,609.9239187809063,593.45,576.9760812190938,2.5651941968300207,0.9445071981604944,1.6206869986695263
2021-07-15,2330,23057868,14117908308,613.0,614.0,608.0,614.0,1.0,29913,602.2,596.4,593.85,95.95238095238089,81.43274853801171,74.27550054641664,63.67942227341617,611.8419426410815,593.85,575.8580573589186,3.7800379352080427,1.5116133455700043,2.2684245896380384
2021-07-16,2330,61882128,36562482701,591.0,595.0,588.0,589.0,-25.0,86192,603.2,596.5,593.15,72.38095238095232,84.90392648287387,41.487126892286945,46.714179305125846,610.748579488128,593.15,575.5514205118719,2.6944592352454038,1.748182523505084,0.9462767117403197
2021-07-19,2330,43248966,25135531384,583.0,584.0,578.0,582.0,-7.0,86753,601.0,595.6,593.1,44.5559845559845,70.96310596310597,36.25848641966422,43.24046542673954,610.8189164454187,593.1,575.3810835545813,1.2548239662120295,1.6495108120464732,-0.3946868458344437
2021-07-20,2330,16352855,9502338666,579.0,584.0,579.0,581.0,-1.0,27956,595.8,594.5,593.25,14.877734877734818,43.938223938223956,35.512542906437275,42.751382917645806,610.4996376773556,593.25,576.0003623226444,0.03283252789583457,1.3261751552163454,-1.2933426273205109
2021-07-21,2330,26476215,15440430690,586.0,586.0,580.0,585.0,4.0,32757,590.2,593.6,592.75,12.612612612612553,24.015444015444032,41.16145689815494,45.41113122405675,610.3440330794291,592.75,575.1559669205709,-0.6058540124133742,0.9397693216904015,-1.5456233341037757
2021-07-22,2330,27075950,16014166571,589.0,594.0,587.0,591.0,6.0,23365,585.6,593.9,592.8,20.720720720720664,16.070356070356087,48.982222887477164,49.2220251405188,610.3681530048019,592.8,575.231846995198,-0.6207126521153441,0.6276729269292524,-1.2483855790445966
2021-07-23,2330,15705191,9206201715,592.0,592.0,583.0,585.0,-6.0,23635,584.8,594.0,592.5,24.324324324324266,19.219219219219237,42.4061972282533,45.78022704146633,610.3829527763188,592.5,574.6170472236812,-1.1039128666725446,0.2813557682088929,-1.3852686348814376
2021-07-26,2330,22442745,13089591086,591.0,591.0,580.0,580.0,-5.0,37826,584.4,592.7,592.0,19.81981981981976,21.62162162162164,37.510212275153926,43.077045233314884,610.6761880478873,592.0,573.3238119521127,-1.8687687286001164,-0.14866913115290897,-1.7200995974472075
2021-07-27,2330,18925325,10997959654,581.0,584.0,580.0,580.0,0.0,20197,584.2,590.0,591.25,9.959959959959901,18.034701368034717,37.51021227515393,43.077045233314884,610.5774416310087,591.25,571.9225583689913,-2.4467182645421417,-0.6082789578307555,-1.8384393067113862
2021-07-28,2330,39744486,22884618824,576.0,579.0,573.0,579.0,-1.0,75078,583.0,586.6,590.45,12.744562744562685,14.174780841447523,36.36721711923739,42.4950293856366,610.4046986947865,590.45,570.4953013052136,-2.951416980570343,-1.076906562378673,-1.87451041819167
2021-07-29,2330,25014772,14525643464,585.0,585.0,577.0,583.0,4.0,26868,581.4,583.5,589.95,26.815776815776758,16.506766506766525,44.28931409527395,45.65782133473051,610.1239931595052,589.95,569.7760068404949,-2.9941135018965497,-1.4603479502822485,-1.5337655516143012
2021-07-30,2330,26141286,15170421873,581.0,582.0,578.0,580.0,-3.0,16353,580.4,582.6,589.55,36.07503607503602,25.21179187845856,39.938603768171745,43.7158187559973,610.1749848484824,589.55,568.9250151515175,-3.2327604801218968,-1.8148304562501782,-1.4179300238717185
2021-08-02,2330,24948096,14593329483,583.0,590.0,580.0,590.0,10.0,19791,582.4,583.4,589.5,53.9682539682539,38.95302228635563,56.54088115474717,51.17126316299593,610.1155281280883,589.5,568.8844718719117,-2.585173235368302,-1.968899012073803,-0.6162742232944989
2021-08-03,2330,28104984,16655446605,594.0,594.0,590.0,594.0,4.0,20221,585.2,584.7,589.6,71.42857142857136,53.823953823953836,61.50642954443546,53.807034334144824,610.2823596332667,589.6,568.9176403667334,-1.7292553286767998,-1.9209702753944025,0.1917149467176027
2021-08-04,2330,23714971,14132827829,598.0,598.0,594.0,596.0,2.0,18228,588.6,585.8,589.7,90.98412698412692,72.12698412698414,63.91172909506416,55.11176079916912,610.4855719189973,589.7,568.9144280810028,-0.8794136031643802,-1.712658940948398,0.8332453377840179
2021-08-05,2330,15673765,9343887536,598.0,598.0,593.0,596.0,0.0,15495,591.2,586.3,590.1,94.66666666666659,85.69312169312171,63.91172909506415,55.11176079916912,611.0465987692515,590.1,569.1534012307485,-0.20356138399461088,-1.4108394295576407,1.2072780455630299
2021-08-06,2330,13994018,8275142201,596.0,596.0,588.0,591.0,-5.0,13742,593.4,586.9,590.45,85.33333333333326,90.32804232804233,52.70526586005828,50.94006620532144,611.2102986490985,590.45,569.6897013509016,-0.07058814807533054,-1.1427891732611788,1.0722010251858483
2021-08-09,2330,17611955,10366798182,590.0,595.0,583.0,595.0,4.0,15068,594.4,588.4,590.55,83.99999999999993,88.0,59.35667956921847,53.943602309051364,611.3776258848739,590.55,569.7223741151261,0.35348590454600526,-0.8435341576997419,1.1970200622457472
2021-08-10,2330,17620825,10435618093,596.0,596.0,589.0,591.0,-4.0,13983,593.8,589.5,589.75,75.55555555555549,81.62962962962963,50.99033366790191,50.60702357437524,609.1703501513208,589.75,570.3296498486792,0.3626210066903468,-0.6023031248217242,0.964924131512071
2021-08-11,2330,20311399,11943131619,590.0,590.0,585.0,590.0,-1.0,18548,592.6,590.6,588.6,71.55555555555549,77.03703703703705,48.97686890579082,49.77808132062403,604.8406896405297,588.6,572.3593103594703,0.28587362510324965,-0.42466777483672946,0.7105413999399791
2021-08-12,2330,16031265,9383967628,586.0,588.0,584.0,586.0,-4.0,15202,590.6,590.9,587.2,53.333333333333265,66.81481481481482,41.35604450890166,46.49723925499287,598.5243101335133,587.2,575.8756898664868,-0.09660222799323037,-0.35905466546802967,0.2624524374747993
2021-08-13,2330,25440973,14769155709,585.0,585.0,579.0,581.0,-5.0,36198,588.6,591.0,586.8,34.619883040935605,53.16959064327486,33.707277723757365,42.708007417267986,598.4034477635039,586.8,575.196552236496,-0.7940223154278101,-0.44604819545998575,-0.34797411996782435
2021-08-16,2330,19949389,11612486234,582.0,586.0,578.0,584.0,3.0,17055,586.4,590.4,586.9,24.619883040935605,37.5243664717349,41.306055784711994,45.57394545303149,598.3699607671541,586.9,575.4300392328458,-1.0920691381708139,-0.5752523840021514,-0.5168167541686625
2021-08-17,2330,31845499,18475506150,580.0,582.0,578.0,580.0,-4.0,19184,584.2,589.0,586.85,16.842105263157826,25.36062378167642,35.0554882335081,42.51981452674465,598.4305872044499,586.85,575.2694127955501,-1.6322246928763207,-0.7866468457769853,-0.8455778470993354
2021-08-18,2330,47063629,26855353529,568.0,575.0,566.0,574.0,-6.0,86118,581.0,586.8,586.3,22.222222222222154,21.228070175438603,27.715885776954085,38.36646266838356,599.1545711713858,586.3,573.4454288286141,-2.515455116729754,-1.132408499967539,-1.383046616762215
2021-08-19,2330,42133375,23766228074,573.0,573.0,559.0,559.0,-15.0,119048,575.6,583.1,584.7,12.222222222222152,17.095516569200786,17.207724046284476,30.377591859295862,602.0101126512769,584.7,567.3898873487232,-4.375359806452707,-1.7809987612645726,-2.5943610451881343
2021-08-20,2330,47741449,26565551162,560.0,563.0,551.0,552.0,-7.0,72684,569.8,579.2,583.05,9.62962962962956,14.691358024691363,14.26346174754311,27.499828443682254,605.4685191304045,583.05,560.6314808695954,-6.3410929986122255,-2.6930176087341033,-3.648075389878122
2021-08-23,2330,34775337,19688362857,560.0,572.0,559.0,566.0,14.0,30421,566.2,576.3,582.35,13.561253561253489,11.804368471035142,38.72618375936439,39.785937182077205,605.9489406541886,582.35,558.7510593458114,-6.692125066559356,-3.492839100299154,-3.1992859662602022
2021-08-24,2330,27397309,15697269609,574.0,575.0,571.0,572.0,6.0,21032,564.6,574.4,581.95,32.480172480172406,18.557018557018562,46.376262737505094,44.15387327920978,605.9622885206691,581.95,557.937711479331,-6.412254178864714,-4.076722116012266,-2.3355320628524483
2021-08-25,2330,28867651,16769849402,579.0,585.0,574.0,585.0,13.0,29096,566.8,573.9,582.25,64.12038412038406,36.72060338727006,59.23993008571389,52.23807198504022,606.2572905593299,582.25,558.2427094406701,-5.082870957122623,-4.277951884234337,-0.8049190728882856
2021-08-26,2330,45027320,26834160811,601.0,603.0,591.0,594.0,9.0,42735,573.8,574.7,582.8,78.8639738639738,58.48817682151016,65.85559140430071,56.89070389029253,607.3487270545771,582.8,558.2512729454228,-3.2654582226281264,-4.075453151913095,0.8099949292849686
2021-08-27,2330,29459532,17596859741,596.0,600.0,593.0,599.0,5.0,31217,583.2,576.5,583.75,90.71428571428565,77.8995478995479,69.10565338214127,59.264802994077094,609.2441169684292,583.75,558.2558830315708,-1.4054857585924765,-3.5414596732489714,2.135973914656495
2021-08-30,2330,40606821,24425472555,602.0,605.0,599.0,605.0,6.0,43096,591.0,578.6,584.5,91.66666666666659,87.08164208164207,72.73852044649452,61.97128702736182,611.522213084793,584.5,557.477786915207,0.5464070352655881,-2.7238863315460593,3.2702933668116474
2021-08-31,2330,58916407,35867753009,604.0,614.0,598.0,614.0,9.0,46791,599.4,582.0,585.5,97.43589743589736,93.27228327228325,77.39104816115878,65.65721697305297,615.2018517941215,585.5,555.7981482058785,2.787389628342112,-1.621631139568425,4.409020767910537
2021-09-01,2330,31242788,19126702297,614.0,614.0,608.0,613.0,-1.0,30125,605.0,585.9,586.35,99.4708994708994,96.19115452448783,75.71598418642502,64.90446449442678,618.1070464621635,586.35,554.5929535378366,4.431608017466601,-0.4109833081614198,4.842591325628021
2021-09-02,2330,26715492,16341803689,613.0,615.0,607.0,607.0,-6.0,26153,607.6,590.7,586.9,94.70899470899464,97.20526387193051,65.7537004122538,60.42791618247716,619.6713289324672,586.9,554.1286710675328,5.190678173988999,0.7093489882686641,4.481329185720336
2021-09-03,2330,53915006,33278648609,610.0,620.0,610.0,620.0,13.0,62288,611.8,597.5,588.35,94.70899470899464,96.29629629629626,74.30096346149926,65.91355489025537,624.1453907647315,588.35,552.5546092352686,6.763275268996722,1.920134244414276,4.8431410245824456
2021-09-06,2330,59223061,37250623087,623.0,638.0,621.0,631.0,11.0,77024,617.0,604.0,590.15,91.59226190476183,93.67008377425041,79.38109669869101,69.7364483216336,630.4403214184257,590.15,549.8596785815743,8.795785525552674,3.2952645006419554,5.500521024910718
2021-09-07,2330,27422775,17191259166,634.0,634.0,623.0,623.0,-8.0,29823,618.8,609.1,591.75,85.71586879432617,90.6723751360276,67.9791707785245,64.1054259091011,634.5138866334668,591.75,548.9861133665332,9.649794580967637,4.566170516707092,5.083624064260545
2021-09-08,2330,38713621,23960375113,622.0,627.0,612.0,619.0,-4.0,38267,620.0,612.5,593.2,71.6417947202521,82.98330847311342,62.723722804377914,61.43430782204088,637.5648509520743,593.2,548.8351490479258,9.889832506652056,5.630902914696085,4.258929591955971
2021-09-09,2330,19309522,11886107760,612.0,620.0,610.0,619.0,0.0,19569,622.4,615.0,594.85,59.454294720252086,72.27065274494352,62.72372280437792,61.43430782204088,640.458222942797,594.85,549.2417770572031,9.965191764591168,6.497760684675102,3.467431079916066
2021-09-10,2330,16740439,10365721937,615.0,623.0,614.0,622.0,3.0,17067,622.8,617.3,596.9,56.75925925925918,62.618449566587856,65.45038847145915,62.78317218721641,643.5085829005785,596.9,550.2914170994214,10.14998671865078,7.228205891470237,2.9217808271805428
2021-09-13,2330,15809768,9734528161,619.0,620.0,613.0,615.0,-7.0,21779,619.6,618.3,598.45,46.10215053763434,54.1052348390486,54.58184923478419,57.71107266825217,645.3007203786665,598.45,551.5992796213336,9.620695167345275,7.706703746645244,1.9139914207000306
2021-09-14,2330,16024935,9849961184,618.0,618.0,612.0,613.0,-2.0,13569,617.6,618.2,600.1,35.053763440860145,45.97172441258462,51.71906660985239,56.31130253366143,646.5581532134013,600.1,553.6418467865988,8.936826343190319,7.952728265954259,0.9840980772360597
2021-09-15,2330,26041452,15872971715,610.0,613.0,607.0,607.0,-6.0,24839,615.2,617.6,601.75,15.053763440860143,32.06989247311827,43.697413101059226,52.21931165065161,646.702752974651,601.75,556.797247025349,7.820555026907186,7.926293618144845,-0.1057385912376585
2021-09-16,2330,23315040,14030697248,603.0,607.0,599.0,600.0,0.0,31437,611.4,616.9,603.8,7.306313757926588,19.137946879882357,36.08049498679593,47.85055792702085,644.2850589724193,603.8,563.3149410275806,6.298455790196385,7.600726052555153,-1.3022702623587676
2021-09-17,2330,42383815,25510152115,600.0,610.0,599.0,600.0,0.0,18681,607.0,614.9,606.2,1.8070818070817343,8.055719668622887,36.08049498679593,47.85055792702085,639.0974163119197,606.2,573.3025836880804,5.034150624224139,7.0874109668889504,-2.053260342664811
2021-09-22,2330,42732169,25056693727,586.0,589.0,583.0,586.0,-14.0,70389,601.2,610.4,607.2,4.079809079809007,4.3977348816058415,24.46944937679013,40.073984022643856,636.1247299036597,607.2,578.2752700963404,2.869419789069525,6.2438127313250655,-3.3743929422555405
2021-09-23,2330,22736266,13406035166,588.0,593.0,588.0,588.0,2.0,22991,596.2,606.9,608.0,7.391774891774819,4.426221926221918,28.314305482261215,41.535751557847824,633.6904651573302,608.0,582.3095348426698,1.300249820910608,5.255100149242174,-3.954850328331566
2021-09-24,2330,17302848,10289114839,591.0,598.0,590.0,598.0,10.0,15796,594.4,604.8,608.65,18.939393939393867,10.136992636992629,44.7272151894588,48.32329205089777,632.577181196293,608.65,584.7228188037069,0.8537462866446504,4.374829376722669,-3.521083090078019
2021-09-27,2330,20034221,11993300562,600.0,602.0,593.0,602.0,4.0,16349,594.8,603.1,609.05,33.78378378378371,20.03831753831753,50.06282246759096,50.784609725712656,632.24029969621,609.05,585.85970030379,0.8132805969873971,3.6625196207756145,-2.8492390237882175
2021-09-28,2330,17325896,10291543822,595.0,596.0,592.0,594.0,-8.0,16496,593.6,600.3,608.8,40.09330759330752,30.938828438828427,40.85953971013795,46.05955100320456,632.5200337267916,608.8,585.0799662732084,0.13413191595122953,2.9568420798107375,-2.822710163859508
2021-09-29,2330,51834124,30040354500,580.0,583.0,577.0,580.0,-14.0,95024,592.4,596.8,607.55,30.371085371085297,34.74939224939224,29.708917525583946,39.18805185418343,634.3714466425681,607.55,580.7285533574318,-1.5163023146720889,2.0622132009141723,-3.578515515586261
2021-09-30,2330,36318623,21054651328,580.0,585.0,575.0,580.0,0.0,32973,590.8,593.5,605.85,18.015873015872938,29.49342199342198,29.708917525583946,39.188051854183435,635.0272171394022,605.85,576.6727828605979,-2.7920977681270642,1.091351007105925,-3.8834487752329894
2021-10-01,2330,39006124,22368447571,579.0,579.0,571.0,574.0,-6.0,78088,586.0,590.2,603.9,10.103785103785027,19.49691449691448,25.628978102305,36.48277194726945,635.9742887684239,603.9,571.8257112315761,-4.238466311225693,0.025387543439601146,-4.263853854665294
2021-10-04,2330,22288138,12741914919,574.0,575.0,569.0,572.0,-2.0,42147,580.0,587.4,602.15,10.356310356310278,12.825322825322809,24.329623156316753,35.60054839164526,637.0514326353532,602.15,567.2485673646468,-5.482903587884493,-1.0762706828252178,-4.406632905059276
2021-10-05,2330,36063650,20406526124,562.0,572.0,560.0,572.0,0.0,56678,575.6,584.6,599.75,15.118215118215039,11.859436859436842,24.329623156316753,35.60054839164526,635.9874116073418,599.75,563.5125883926582,-6.395406826430417,-2.140097911546258,-4.255308914884159
2021-10-06,2330,33989379,19345468774,573.0,574.0,565.0,571.0,-1.0,53606,573.8,583.1,596.75,21.284271284271203,15.586265586265569,23.518169694887607,35.10823775082263,632.0650109726715,596.75,561.4349890273285,-7.117220966870377,-3.135522522611082,-3.9816984442592953
2021-10-07,2330,28480400,16458019782,575.0,582.0,572.0,580.0,9.0,23304,573.8,582.3,594.6,34.12698412698405,23.50982350982349,43.35523129301036,42.777857648105474,628.4667979000077,594.6,560.7332020999924,-6.883688216880387,-3.885155661464943,-2.998532555415444
2021-10-08,2330,22601904,13051944932,582.0,583.0,573.0,575.0,-5.0,24157,574.0,580.0,592.4,38.492063492063416,31.301106301106284,37.11571177791924,39.95270061923765,625.3448023214604,592.4,559.4551976785395,-7.021134772108894,-4.512351483593733,-2.5087832885151613
2021-10-12,2330,27126088,15455194493,570.0,575.0,564.0,575.0,0.0,32210,574.6,577.3,590.2,49.76190476190468,40.79365079365078,37.11571177791923,39.95270061923766,621.5853468994658,590.2,558.8146531005343,-7.048807887776775,-5.019642764430341,-2.0291651233464334
2021-10-13,2330,19267437,11006807040,572.0,575.0,570.0,571.0,-4.0,18050,574.4,575.0,587.65,48.55555555555548,45.60317460317459,32.087344583595936,37.64594734769485,616.4685704017434,587.65,558.8314295982566,-7.309249127826774,-5.477564037109628,-1.831685090717146
2021-10-14,2330,14270641,8213170376,579.0,579.0,573.0,573.0,2.0,14814,574.8,574.3,585.55,53.50724637681151,50.60823556475729,37.061319794030204,39.5260351639719,612.124235642821,585.55,558.975764357179,-7.270458086523149,-5.836142846992333,-1.4343152395308163
2021-10-15,2330,55305252,32878638999,592.0,600.0,586.0,600.0,27.0,61088,578.8,576.3,584.9,66.84057971014484,56.301127214170684,70.77434466449878,57.95633700291055,609.3040980165276,584.9,560.4959019834723,-5.003365867991533,-5.669587451192173,0.66622158320064
2021-10-18,2330,19753943,11802365489,604.0,604.0,590.0,590.0,-10.0,21353,581.8,577.9,584.05,74.9011857707509,65.08300395256914,57.472218155155886,51.674828293958264,606.4149279006255,584.05,561.6850720993745,-3.9678563991363944,-5.329241240781018,1.3613848416446235
2021-10-19,2330,18709936,11196540994,598.0,600.0,593.0,600.0,10.0,20482,586.8,580.7,584.05,86.06060606060596,75.9341238471673,65.12047651195809,56.72581908710386,606.4149279006255,584.05,561.6850720993745,-2.3136212722654363,-4.726117247077902,2.4124959748124652
2021-10-20,2330,17537878,10527701553,603.0,604.0,597.0,598.0,-2.0,16410,592.2,583.3,583.95,81.06060606060596,80.67413263065434,62.49787762209478,55.476912002639914,606.0450220638031,583.95,561.854977936197,-1.1507462153464303,-4.011043040731607,2.860296825385177
2021-10-21,2330,16882324,10116911921,602.0,603.0,595.0,596.0,-2.0,17599,596.8,585.8,584.45,84.9999999999999,84.040404040404,59.69318146800672,54.19201205075749,607.1522025363157,584.45,561.7477974636844,-0.38609201160249995,-3.286052834905786,2.899960823303286
2021-10-22,2330,14236279,8520299817,600.0,602.0,594.0,600.0,4.0,12812,596.8,587.8,585.05,84.9999999999999,83.68686868686865,63.5137386141402,56.3685744176823,608.7098816565144,585.05,561.3901183434855,0.5364842678162631,-2.521545414361376,3.058029682177639
2021-10-25,2330,17724968,10518554968,597.0,597.0,590.0,593.0,-7.0,16139,597.4,589.6,584.8,79.21568627450971,83.07189542483657,53.21533678679036,51.73577408586316,608.0086190886136,584.8,561.5913809113863,0.6947821019157345,-1.8782799111059538,2.5730620130216884
2021-10-26,2330,27047187,16169131795,595.0,600.0,593.0,599.0,6.0,13081,597.2,592.0,584.65,80.50600885515486,81.5738983765549,59.74281665995278,55.13916458532494,607.4471489445492,584.65,561.8528510554507,1.2895193553906665,-1.2447200578066298,2.5342394131972963
2021-10-27,2330,16260278,9708715733,598.0,599.0,594.0,599.0,0.0,12042,597.4,594.8,584.9,74.58008292922894,78.1005926862979,59.742816659952794,55.13916458532495,608.205793271205,584.9,561.5942067287949,1.7407862137497432,-0.6476188034953552,2.3884050172450983
2021-10-28,2330,16927154,10066068774,598.0,598.0,591.0,595.0,-4.0,15065,597.2,597.0,585.65,63.93582522614772,73.00730567017725,53.029160350066576,52.28834682403023,609.2404641751706,585.65,562.0595358248294,1.7554165305409697,-0.16701173668809016,1.9224282672290598
2021-10-29,2330,27684673,16352758906,595.0,596.0,589.0,590.0,-5.0,19937,595.2,596.0,586.15,38.20105820105811,58.90565545214499,45.56233215053413,48.885927547406524,609.6640383600977,586.15,562.6359616399022,1.3480138838042421,0.1359933874103763,1.2120204963938659
2021-11-01,2330,17110357,10107402871,591.0,593.0,590.0,590.0,0.0,13798,594.6,596.0,586.95,16.34920634920626,39.4953632588041,45.56233215053413,48.88592754740652,609.8364588785554,586.95,564.0635411214447,1.013461794380305,0.31148706880436206,0.701974725575943
2021-11-02,2330,16544999,9808608554,594.0,597.0,590.0,592.0,2.0,11662,593.2,595.2,587.95,11.587301587301496,22.04585537918869,49.438436613307566,50.38366924604314,609.8632380081017,587.95,566.0367619918984,0.8993430713913995,0.42905826932176955,0.4702848020696299
2021-11-03,2330,11404984,6773439607,597.0,597.0,592.0,592.0,0.0,8934,591.8,594.6,588.95,17.057387057386965,14.997964997964976,49.438436613307566,50.38366924604314,609.6524153180216,588.95,568.2475846819785,0.7996848915979626,0.5031835937770082,0.29650129782095447
2021-11-04,2330,18888245,11112246412,592.0,594.0,585.0,587.0,-5.0,22171,590.2,593.7,589.75,19.27960927960919,15.974765974765953,39.79631849495031,46.43834630153204,608.7854931640894,589.75,570.7145068359106,0.31363150410629714,0.465273175842866,-0.15164167173656884
2021-11-05,2330,35086799,20974569571,598.0,600.0,595.0,600.0,13.0,31929,592.2,593.7,590.75,45.47008547008537,27.269027269027248,62.174103150575135,56.0702026552887,609.7328870301673,590.75,571.7671129698327,0.9662833343722923,0.5654752075487512,0.40080812682354106
2021-11-08,2330,20886897,12544595323,600.0,602.0,598.0,602.0,2.0,17964,594.6,594.6,592.1,71.11111111111101,45.28693528693526,64.53984883412504,57.34117538298425,610.2317401260822,592.1,573.9682598739179,1.6261526220806672,0.7776106904551344,0.8485419316255328
2021-11-09,2330,42340785,25935652781,611.0,617.0,610.0,611.0,9.0,42855,598.4,595.8,593.9,93.74999999999989,70.11039886039883,73.30513128386961,62.58681987085875,612.031740126095,593.9,575.768259873905,2.8425612933955335,1.1906008110432142,1.6519604823523193
2021-11-10,2330,18518512,11303615778,611.0,612.0,608.0,612.0,1.0,19147,602.4,597.1,595.95,88.54166666666656,84.46759259259255,74.13395032524843,63.129336550473404,612.4602998155652,595.95,579.4397001844349,3.842966249059259,1.7210738986464231,2.121892350412836
2021-11-11,2330,20257792,12225622771,600.0,606.0,600.0,606.0,-6.0,16140,606.2,598.2,597.6,77.08333333333321,86.45833333333327,60.898553977690014,57.721062153541446,610.8875881935006,597.6,584.3124118064994,4.10433233968979,2.1977255868550967,1.9066067528346937
2021-11-12,2330,21373014,12801799429,610.0,611.0,602.0,604.0,-2.0,13869,607.0,599.6,597.8,69.79166666666656,78.47222222222217,56.94488705465519,55.99891393885251,611.3440023626761,597.8,584.2559976373238,4.10278916466018,2.5787383024161135,1.5240508622440667
2021-11-15,2330,17140935,10434209332,609.0,611.0,607.0,608.0,4.0,13140,608.2,601.4,598.7,65.62499999999989,70.83333333333327,62.609057306387264,58.65575719349274,612.4419067090362,598.7,584.9580932909639,4.3739130114072395,2.9377732442143385,1.436139767192901
2021-11-16,2330,21776308,13285168416,612.0,612.0,608.0,610.0,2.0,14487,608.0,603.2,599.2,69.79166666666656,68.40277777777773,65.27397290925913,59.95765451396572,613.7958898324085,599.2,584.6041101675916,4.696030976677434,3.2894247907069576,1.4066061859704768
2021-11-17,2330,21829653,13330782804,615.0,615.0,608.0,610.0,0.0,14807,607.6,605.0,599.8,72.72727272727262,69.38131313131309,65.27397290925911,59.95765451396572,615.1179633111051,599.8,584.4820366888948,4.894886579362833,3.6105171484381327,1.2843694309247002
2021-11-18,2330,22933191,14019057524,613.0,614.0,607.0,613.0,3.0,15913,609.0,607.6,600.65,75.0847288676235,72.53455608718762,69.68517494831002,62.037255063161,616.8891502240715,600.65,584.4108497759285,5.234219184550966,3.9352575556606992,1.2989616288902668
2021-11-19,2330,38847820,24047156185,622.0,623.0,617.0,618.0,5.0,32179,611.8,609.4,601.55,75.13001872269597,74.31400677253076,75.68980029953488,65.2742736053946,619.4550272270131,601.55,583.6449727729868,5.839289240643666,4.316063892657293,1.523225347986373
2021-11-22,2330,23296854,14354639781,618.0,618.0,615.0,615.0,-3.0,14108,613.2,610.7,602.65,74.14187643020584,74.78554134017516,66.47311199748974,61.86569428373543,621.0160011978671,602.65,584.2839988021328,6.007486130851362,4.654348340296107,1.3531377905552553
2021-11-23,2330,20022520,12266300247,615.0,615.0,611.0,612.0,-3.0,15011,613.6,610.8,603.3,65.21739130434771,71.49642881908323,58.20436196068079,58.57183622592381,622.0200427349986,603.3,584.5799572650013,5.831486701460221,4.889776012528929,0.9417106889312921
2021-11-24,2330,22978524,13904268592,612.0,612.0,602.0,603.0,-9.0,23584,612.2,609.9,603.5,40.71773636991016,60.0256680348213,40.54997936232648,49.975420935813226,622.1171963517629,603.5,584.8828036482371,4.909191003772435,4.893659010777631,0.0155319929948039
2021-11-25,2330,14171433,8551663451,605.0,607.0,601.0,603.0,0.0,14137,610.2,609.6,603.9,22.00890896543059,42.64801221322955,40.54997936232649,49.97542093581323,622.1087890865938,603.9,585.6912109134062,4.130649462805991,4.741057101183303,-0.6104076383773123
2021-11-26,2330,27882175,16609442268,598.0,601.0,592.0,596.0,-7.0,47638,605.8,608.8,604.2,8.918679886421707,23.88177507392088,30.69400318587297,44.1327142542025,621.6653943556911,604.2,586.734605644309,2.9152035322732672,4.375886387401296,-1.460682855128029
2021-11-29,2330,24160615,14360266132,594.0,598.0,591.0,593.0,-3.0,23653,601.4,607.3,604.35,9.414711632453452,13.447433494768646,27.368004013978663,41.87326620794792,621.3708695429972,604.35,587.3291304570029,1.6903931475849276,3.8387877394380228,-2.148394591853095
2021-11-30,2330,69160408,41208103150,597.0,600.0,591.0,596.0,3.0,24427,598.2,605.9,604.55,11.592741935483756,9.975377818119702,35.519607809427335,44.9106127600294,621.0724090253275,604.55,588.0275909746724,0.95083637157461,3.26119746586534,-2.31036109429073
2021-12-01,2330,30119408,18021861252,596.0,603.0,594.0,600.0,4.0,15695,597.6,604.9,604.95,16.66666666666655,12.558040078201316,45.10356287561302,48.75554528310387,620.6021564009487,604.95,589.2978435990514,0.6796641240272265,2.7448907974977175,-2.065226673470491
2021-12-02,2330,48720976,29780012954,605.0,615.0,602.0,615.0,15.0,40629,600.0,605.1,606.35,44.21296296296285,24.157457188371115,66.73491881566687,60.02342728111378,620.2392044408568,606.35,592.4607955591432,1.6560429714014617,2.5271212322784664,-0.8710782608770047
2021-12-03,2330,27571974,16798271782,614.0,614.0,606.0,608.0,-7.0,16197,602.4,604.1,606.75,62.61574074074063,41.16512345679007,54.94699989020765,54.050507842488074,620.3422772190681,606.75,593.1577227809319,1.8437353108382695,2.390444047990427,-0.5467087371521577
2021-12-06,2330,24474913,14740969839,603.0,609.0,600.0,600.0,-8.0,19139,603.8,602.6,606.65,65.74074074074063,57.523148148148096,44.47287113153848,48.15303241909486,620.4089970564738,606.65,592.8910029435261,1.331599846740687,2.178675207740479,-0.8470753609997921
2021-12-07,2330,21105883,12704452330,602.0,607.0,597.0,607.0,7.0,22160,606.0,602.1,606.45,58.33333333333322,62.22993827160489,53.517979318117156,52.98673082180301,620.0657996459958,606.45,592.8342003540043,1.4735837441372723,2.037656915019838,-0.5640731708825655
2021-12-08,2330,22194708,13490034097,614.0,614.0,602.0,602.0,-5.0,15634,606.4,602.0,605.95,49.999999999999886,58.02469135802465,47.1214298639543,49.44104326907289,619.447777594838,605.95,592.452222405162,1.1691713133894837,1.863959794693767,-0.6947884813042833
2021-12-09,2330,12467833,7554386680,606.0,608.0,602.0,608.0,6.0,9231,605.0,602.5,606.05,61.111111111111,56.48148148148143,54.701271051372515,53.46521903224855,619.5773796427919,606.05,592.522620357208,1.3959801347308485,1.7703638627011833,-0.3743837279703348
2021-12-10,2330,11371659,6874539365,605.0,608.0,602.0,605.0,-3.0,9215,604.4,603.4,606.1,58.33333333333322,56.48148148148143,50.48023945002734,51.26796823123052,619.604073459511,606.1,592.595926540489,1.3184545088902269,1.679981991938992,-0.36152748304876514
2021-12-13,2330,17994933,10887156003,609.0,610.0,601.0,601.0,-4.0,12503,604.6,604.2,605.75,54.16666666666655,57.87037037037032,45.07024709867388,48.411184214351636,619.4010072888448,605.75,592.0989927111552,0.9236016167484422,1.528705916900882,-0.6051043001524399
2021-12-14,2330,22997961,13757424386,598.0,600.0,597.0,599.0,-2.0,21324,603.0,604.5,605.2,34.259259259259146,48.919753086419696,42.41841240057095,47.000945656883616,619.0072444752709,605.2,591.3927555247292,0.44417440362599336,1.3117996142459043,-0.8676252106199109
2021-12-15,2330,22419040,13420958112,597.0,601.0,596.0,600.0,1.0,19195,602.6,604.5,604.7,22.222222222222104,36.88271604938266,44.32915045218739,47.81943001612505,618.4999999999895,604.7,590.9000000000106,0.14326505541191636,1.0780927024791067,-0.9348276470671903
2021-12-16,2330,22151282,13370280179,605.0,605.0,601.0,605.0,0.0,15515,602.0,603.5,604.3,27.777777777777658,28.086419753086357,53.357635275292544,51.82546283358651,617.5680066325077,604.3,591.0319933674922,0.3047376167208995,0.9234216853274653,-0.6186840686065658
2021-12-17,2330,30319495,18339763894,601.0,607.0,599.0,607.0,2.0,11667,602.4,603.4,603.75,44.44444444444432,31.481481481481413,56.63927106162255,53.367651979507194,615.5292189893897,603.75,591.9707810106103,0.5873188243936056,0.8562011131406934,-0.26888228874708775
2021-12-20,2330,22381761,13446342438,607.0,607.0,598.0,598.0,-9.0,18943,601.8,603.2,602.9,40.74074074074062,37.65432098765425,41.361361165547535,46.20025211774455,613.7240473021947,602.9,592.0759526978053,0.08407254750591164,0.7017754000137371,-0.6177028525078254
2021-12-21,2330,17669559,10560361874,597.0,600.0,595.0,597.0,-1.0,17336,601.4,602.2,602.15,28.518518518518395,37.90123456790116,39.963966268795915,45.46954006047944,612.4120660687825,602.15,591.8879339312175,-0.39093889504158597,0.48323254100267243,-0.8741714360442584
2021-12-22,2330,10127887,6067689422,598.0,601.0,598.0,600.0,3.0,8238,601.4,602.0,602.0,19.259259259259135,29.506172839506107,46.312397049096006,48.12050280545816,612.295630140987,602.0,591.704369859013,-0.519327473732119,0.2827205380557141,-0.802048011787833
2021-12-23,2330,16910501,10238270336,607.0,608.0,602.0,606.0,6.0,12888,601.6,601.8,602.15,39.99999999999988,29.259259259259192,56.937446496141064,53.03781147152312,612.5859954005316,602.15,591.7140045994684,-0.13536607556966374,0.19910321533063854,-0.3344692909003023
2021-12-24,2330,12008673,7276331245,606.0,609.0,604.0,604.0,-2.0,10444,601.0,601.7,602.55,56.98412698412687,38.74779541446202,52.86852183382518,51.292593022082045,612.6192601515767,602.55,592.4807398484232,0.007456855475766133,0.16077394335966405,-0.15331708788389792
2021-12-27,2330,16771900,10193462167,604.0,610.0,604.0,606.0,2.0,16637,602.6,602.2,603.2,70.3174603174602,55.76719576719571,56.49563639057318,52.959535023492506,612.3564185137996,603.2,594.0435814862005,0.2788143444090565,0.18438202356954253,0.09443232083951397
2021-12-28,2330,35156339,21569506434,610.0,615.0,610.0,615.0,9.0,36241,606.2,603.8,604.15,79.20634920634909,68.83597883597878,69.01456397003332,59.6514525719421,614.0348368727155,604.15,594.2651631272845,1.2061877121556108,0.3887431612867562,0.8174445508688546
2021-12-29,2330,25604320,15788043027,615.0,619.0,614.0,616.0,1.0,28804,609.4,605.4,604.95,86.94444444444433,78.82275132275127,70.12883477384875,60.32678643887841,615.8948618081639,604.95,594.0051381918362,1.9987886388839797,0.7107522568062009,1.2880363820777787
2021-12-30,2330,20522055,12654016133,619.0,620.0,615.0,615.0,-1.0,15565,611.2,606.4,604.95,89.16666666666656,85.10582010582006,67.30507503547398,59.25864920105259,615.8948618081639,604.95,594.0051381918362,2.517221973057076,1.072046200056376,1.4451757730007
2022-01-03,2330,73703302,46249716919,619.0,632.0,618.0,631.0,16.0,88508,616.6,608.8,606.1,88.26576576576565,88.12562562562557,81.33445663235513,68.78261876158005,621.8594416144695,606.1,590.3405583855306,4.171068921790379,1.6918507444031765,2.4792181773872026
2022-01-04,2330,90945643,59188199534,645.0,656.0,644.0,656.0,25.0,106409,626.6,614.6,608.9,92.43243243243232,89.95495495495491,89.52676029972889,77.59556732119889,635.500000000001,608.9,582.2999999999989,7.413586401033967,2.8361978757293347,4.577388525304633
2022-01-05,2330,72505550,47582832784,669.0,669.0,646.0,650.0,-6.0,64712,633.6,619.9,611.05,89.64636278069104,90.11485365962973,79.72873995584172,72.31875516971455,643.084200473875,611.05,579.015799526125,9.39090252977428,4.147138806538324,5.243763723235956
2022-01-06,2330,57490736,36817638522,638.0,646.0,636.0,644.0,-6.0,53430,639.2,624.3,613.15,77.72675086107911,86.60184869140089,70.7013912726487,67.38388796654093,647.9251347948509,613.15,578.374865205149,10.354430522037774,5.388597149638214,4.96583337239956
2022-01-07,2330,39847766,25358237656,643.0,646.0,632.0,634.0,-10.0,44497,643.0,627.1,614.45,59.77803291236117,75.71704885137716,57.94430206583732,60.031368165814825,650.2855968277314,614.45,578.6144031722687,10.193611364728213,6.349599992656214,3.844011372071999
2022-01-10,2330,39286754,25052138297,628.0,645.0,627.0,643.0,9.0,33453,645.4,631.0,616.35,54.541503694045964,64.01542915582881,64.64297335887433,63.85404061268469,653.9652894445851,616.35,578.734710555415,10.66939565612688,7.213559125350347,3.4558365307765335
2022-01-11,2330,36186544,23361588355,646.0,651.0,639.0,651.0,8.0,26849,644.4,635.5,618.85,56.452925605467875,56.924154070625065,69.65531557934108,66.88579681185405,658.6358014874643,618.85,579.0641985125358,11.558749210286805,8.082597142337638,3.476152067949167
2022-01-12,2330,40832298,26762357054,657.0,660.0,650.0,660.0,9.0,39164,646.4,640.0,621.9,68.84608799863027,59.94683909938143,74.41566123228097,69.94040076784188,664.3918815775444,621.9,579.4081184224556,12.84176126314378,9.034429966498866,3.8073312966449144
2022-01-13,2330,39172028,25813559647,658.0,662.0,655.0,661.0,1.0,34355,649.8,644.5,624.95,78.3065953654188,67.86853632317236,74.92556854205252,70.26857053191546,669.4268479098926,624.95,580.4731520901075,13.780397358537243,9.983623444906542,3.7967739136307017
2022-01-14,2330,98768193,66094477906,673.0,673.0,661.0,672.0,11.0,83211,657.4,650.2,628.3,88.49104859335029,78.54791065246651,80.03268896774554,73.67334555481192,676.2211852941908,628.3,580.3788147058091,15.23624732092776,11.034148220110785,4.202099100816975
2022-01-17,2330,63828552,43615303577,685.0,688.0,678.0,683.0,11.0,61981,665.4,655.4,632.1,91.31436371174738,86.0373358901722,83.86642642184185,76.56367190754035,684.5057248781072,632.1,579.6942751218928,17.080730940225976,12.243464764133822,4.837266176092154
2022-01-18,2330,48802321,32742176854,678.0,681.0,662.0,662.0,-21.0,65357,667.6,656.0,635.3,82.33547160845798,87.38029463785193,58.74488668824813,62.46444266582576,686.7940773293408,635.3,583.8059226706591,16.65597330930325,13.125966473167708,3.5300068361355414
2022-01-19,2330,44092247,28859030269,652.0,660.0,651.0,654.0,-8.0,50763,666.4,656.4,638.15,64.4808743169398,79.37690321238178,51.84302947719349,58.076805429690296,687.0959906427479,638.15,589.2040093572521,15.495197691807675,13.599812716895702,1.8953849749119733
2022-01-20,2330,48996473,31893527292,650.0,657.0,646.0,651.0,-3.0,39346,664.4,657.1,640.7,46.9945355191256,64.60362714817451,49.308508871500116,56.474783811364084,686.652584258123,640.7,594.747415741877,14.169858416655188,13.713821856847598,0.4560365598075897
2022-01-21,2330,53966101,34642476570,644.0,646.0,637.0,641.0,-10.0,66088,658.2,657.8,642.45,30.483231543983624,47.31954712668306,41.43149524836436,51.38642758618229,685.5613674104621,642.45,599.338632589538,12.172286523966932,13.405514790271464,-1.2332282663045326
2022-01-24,2330,48665203,31412475591,639.0,655.0,637.0,653.0,12.0,36231,652.2,658.8,644.9,26.186649523197165,34.554805528768846,52.136204927450144,56.456479424155894,684.41151730825,644.9,605.3884826917499,11.42578676161611,13.009569184540393,-1.5837824229242834
2022-01-25,2330,53927064,34582254327,643.0,645.0,638.0,641.0,-12.0,56698,648.0,657.8,646.65,15.68627450980383,24.118718525661592,42.97289877827669,50.7558164687625,681.9955796387618,646.65,611.3044203612382,9.75344892203509,12.358345132039332,-2.6048962100042417
2022-01-26,2330,33093553,21089251429,635.0,641.0,635.0,636.0,-5.0,35647,644.4,655.4,647.7,13.700826242446572,18.524583425149242,39.59039590382175,48.5557990505554,680.3686393962124,647.7,615.0313606037877,7.9332019090068115,11.473316487432829,-3.5401145784260173
2022-02-07,2330,64637049,41221401027,644.0,644.0,631.0,635.0,-1.0,43774,641.2,652.8,648.65,5.582491189126999,11.656530647125855,38.87638283741512,48.106681138649236,678.5650463813805,648.65,618.7349536186194,6.336903515221138,10.44603389299049,-4.109130377769352
2022-02-08,2330,43786259,27805114442,645.0,645.0,628.0,628.0,-7.0,40026,638.6,648.4,649.3,2.9681121041596783,7.417143178577805,33.88552336020163,44.97098214545035,676.7233477168684,649.3,621.8766522831315,4.455622397409229,9.247951593874237,-4.792329196465008
2022-02-09,2330,33633394,21289086984,635.0,637.0,630.0,633.0,5.0,29746,634.6,643.4,649.4,7.547514619882949,5.36603930438993,40.274988271314726,47.598405870342845,676.5691000955156,649.4,622.2308999044843,3.329768274936555,8.0643149300867,-4.734546655150146
2022-02-10,2330,37388892,24028303016,639.0,649.0,637.0,649.0,16.0,28452,636.2,642.1,649.05,29.346264367816,13.287297030619598,56.110318438730744,55.002345866030446,676.0498148141838,649.05,622.0501851858161,3.6860960333989397,7.1886711507491485,-3.502575117350209
2022-02-11,2330,28194682,18225628338,646.0,650.0,642.0,650.0,1.0,21995,639.0,641.7,649.05,56.5067581949765,31.133512394225203,56.94274141954685,55.42624479157276,676.0498148141838,649.05,622.0501851858161,4.003035490503066,6.551544018699932,-2.548508528196866
2022-02-14,2330,39394670,25104180949,640.0,641.0,635.0,637.0,-13.0,33928,639.4,640.3,648.7,62.40953597275427,49.42085284518231,44.22205165764305,48.96802177874643,676.1306398029596,648.7,621.2693601970404,3.1686942048667106,5.874974055933288,-2.7062798510665775
2022-02-15,2330,24497955,15556533655,633.0,639.0,633.0,633.0,-4.0,31907,640.4,639.5,648.65,45.84736251402908,54.921218893920006,40.93903336941606,47.147654594319945,676.1910602555573,648.65,621.1089397444426,2.159809218059081,5.131941088358447,-2.972131870299366
2022-02-16,2330,27395771,17635435307,645.0,646.0,640.0,646.0,13.0,23136,643.0,638.8,648.8,45.959595959595866,51.40549814879313,53.91230597612072,53.23261268113989,676.2488615428796,648.8,621.3511384571203,2.3817960891578878,4.581912088518335,-2.200115999360447
2022-02-17,2330,20447347,13171026165,644.0,646.0,641.0,645.0,-1.0,16116,642.2,639.2,648.5,60.60606060606051,50.80433969322854,52.87007881141338,52.72970301508857,675.9772633280681,648.5,621.0227366719319,2.4488023717661918,4.155290145167906,-1.7064877734017143
2022-02-18,2330,21948975,13997433486,638.0,639.0,636.0,637.0,-8.0,23892,639.6,639.3,647.35,66.66666666666657,57.74410774410771,44.78879065001562,48.76090811046983,674.7308327119531,647.35,619.969167288047,1.8352169536186693,3.6912755068580587,-1.8560585532393894
2022-02-21,2330,25769408,16320629980,633.0,636.0,632.0,632.0,-5.0,41961,638.6,639.0,645.9,42.727272727272634,56.66666666666663,40.29745919723689,46.409773571766884,673.3072982980796,645.9,618.4927017019204,0.9347130852282817,3.139963022532103,-2.2052499373038215
2022-02-22,2330,38526210,24153923316,628.0,630.0,625.0,627.0,-5.0,68303,637.4,638.9,643.65,19.636363636363544,43.010101010100975,36.07679753891615,44.11883012983842,669.4591069198472,643.65,617.8408930801528,-0.18032228841354936,2.4759059603429727,-2.656228248756522
2022-02-23,2330,34561338,21606428438,624.0,629.0,623.0,625.0,-2.0,50926,633.2,638.1,640.75,8.469135802469046,23.61092405536846,34.395622882193685,43.20021105053641,660.5578267359166,640.75,620.9421732640834,-1.2114147060711957,1.738441827060139,-2.9498565331313347
2022-02-24,2330,80672979,49358065299,618.0,619.0,604.0,604.0,-21.0,188248,625.0,633.6,637.85,5.135802469135712,11.08043396932282,21.896204875885974,34.96739003972255,661.0558182359463,637.85,614.6441817640538,-3.680659025249497,0.6546216565982117,-4.335280681847709
2022-02-25,2330,94155943,56880320916,600.0,609.0,600.0,604.0,0.0,129776,618.4,629.0,635.35,5.367686527106726,6.324208266237215,21.89620487588597,34.96739003972256,661.6275569640668,635.35,609.0724430359332,-5.573307320614276,-0.5909641388442861,-4.98234318176999
2022-03-01,2330,70303880,42445208215,599.0,610.0,599.0,604.0,0.0,67439,612.8,625.7,633.0,6.444650015417732,5.649379670553444,21.896204875885967,34.96739003972256,661.5657137141714,633.0,604.4342862858286,-6.992637952930181,-1.8712989016614652,-5.121339051268716
2022-03-02,2330,42428151,25528700277,601.0,605.0,600.0,601.0,-3.0,58916,607.6,622.5,631.0,7.863089731729789,6.55847542475147,20.22859427914391,33.81748975309405,662.4960314960473,631.0,599.5039685039527,-8.264277189611448,-3.149894559251462,-5.114382630359986
2022-03-03,2330,37103932,22373890387,603.0,607.0,601.0,602.0,1.0,65410,603.0,618.1,628.45,7.464539007092108,7.257426251413263,22.523276645817973,34.58964899295056,660.6585392403888,628.45,596.2414607596113,-9.086623860064151,-4.337240419414,-4.749383440650151
2022-03-04,2330,65235167,38833099256,595.0,597.0,592.0,595.0,-7.0,206731,601.2,613.1,626.15,6.191166989039239,7.172931909287098,18.23865105631788,31.793355650261283,660.9136304203148,626.15,591.3863695796852,-10.185765851329847,-5.5069455057971695,-4.678820345532678
2022-03-07,2330,97167600,56147025127,580.0,581.0,575.0,576.0,-19.0,297917,595.6,607.0,623.15,5.378787878787787,6.344831291639764,11.382096657283789,25.716389547261954,663.8453314275741,623.15,582.4546685724258,-12.44650939603855,-6.894858283845446,-5.551651112193104
2022-03-08,2330,88371413,49908147901,561.0,570.0,561.0,563.0,-13.0,269695,587.4,600.1,619.55,3.859180035650533,5.143044967825906,8.754861102550054,22.54163410444587,667.5061257818046,619.55,571.5938742181953,-15.11294369008624,-8.538475365093605,-6.574468324992635
2022-03-09,2330,57512412,32761408119,567.0,573.0,567.0,568.0,5.0,112422,580.8,594.2,616.55,5.609441268670388,4.9491363943696225,17.31850332325821,26.309728490074026,669.2850926803037,616.55,563.8149073196962,-16.63094271032196,-10.156968834139276,-6.473973876182685
2022-03-10,2330,49092145,28798814637,585.0,589.0,582.0,587.0,19.0,71569,577.8,590.4,614.25,22.690455492541755,10.719692265620944,41.61250303566063,38.544185542103385,667.9188922933955,614.25,560.5811077066045,-16.115062253693964,-11.348587518050213,-4.766474735643751
2022-03-11,2330,42981381,24820833930,581.0,582.0,574.0,575.0,-12.0,112158,573.8,587.5,610.55,31.23387285948853,19.844589873566946,34.20664184553937,34.63325435179721,664.3290851539906,610.55,556.7709148460093,-16.48449993293184,-12.375770001026538,-4.108729931905302
2022-03-14,2330,38562552,22131365409,574.0,577.0,572.0,572.0,-3.0,87337,573.0,584.3,606.65,35.181898846495024,29.702075732841823,32.51864745196957,33.71230769454565,659.728338331188,606.65,553.571661668812,-16.82540409834121,-13.265696820489472,-3.5597072778517376
2022-03-15,2330,84338792,47191728965,562.0,563.0,558.0,558.0,-14.0,277901,572.0,579.7,602.7,17.494824016563054,27.97019857418226,25.632140316563877,29.738137975970897,657.8728193950591,602.7,547.527180604941,-18.017560876387392,-14.216069631669056,-3.8014912447183367
2022-03-16,2330,50764807,28345633852,564.0,565.0,555.0,558.0,0.0,110732,570.0,575.4,598.95,10.35196687370591,21.00956324558805,25.632140316563884,29.738137975970897,655.5520317656513,598.95,542.3479682343487,-18.74625851301755,-15.122107407938755,-3.6241511050787967
2022-03-17,2330,65820899,38121960334,578.0,583.0,575.0,582.0,24.0,65468,569.0,573.4,595.75,28.8515406162464,18.899443835505178,50.226726429974775,43.07897833060522,648.452466735439,595.75,543.047533264561,-17.18901297461639,-15.535488521274281,-1.6535244533421078
2022-03-18,2330,49583448,28771454221,582.0,582.0,576.0,581.0,-1.0,39576,570.2,572.0,592.55,54.34173669467777,31.181748061543413,49.43203546115439,42.715048315226994,640.4560538971873,592.55,544.6439461028126,-15.852834698380548,-15.598957756695535,-0.2538769416850126
2022-03-21,2330,22800165,13363354969,583.0,589.0,583.0,586.0,5.0,32617,573.0,573.0,590.0,82.3529411764705,55.182072829131606,53.704864869344846,45.207508434121294,633.3866338864852,590.0,546.6133661135148,-14.226451892801151,-15.324456583916659,1.0980046911155075
2022-03-22,2330,23421124,13613967252,577.0,586.0,577.0,583.0,-3.0,27371,578.0,575.0,587.55,83.33333333333324,73.34267040149388,50.70573544642561,43.971296666602974,626.478010480888,587.55,548.6219895191119,-13.029411781389399,-14.865447623411207,1.8360358420218077
2022-03-23,2330,27475008,16177424772,590.0,590.0,586.0,590.0,7.0,30970,584.4,577.2,585.7,91.1764705882352,85.62091503267969,57.21064021456726,47.573704987015105,620.2201390495447,585.7,551.1798609504553,-11.384671958700551,-14.169292490469076,2.7846205317685246
2022-03-24,2330,20769676,12232627003,587.0,592.0,585.0,591.0,1.0,21647,586.2,577.6,584.0,93.21674615792254,89.24218335983038,58.13147343440897,48.08720846765115,613.6108088373156,584.0,554.3891911626844,-9.88654620635225,-13.31274323364571,3.42619702729346
2022-03-25,2330,26794684,15984831591,597.0,598.0,595.0,598.0,7.0,29896,589.6,579.9,583.7,99.09909909909902,94.49743861508563,64.38987612451369,51.65675269595699,612.6074384890752,583.7,554.7925615109249,-8.041729207146545,-12.258540428345878,4.2168112211993325
2022-03-28,2330,27954730,16298449416,581.0,586.0,580.0,584.0,-14.0,54537,589.2,581.1,582.7,88.24638592080446,93.52074372594205,47.73931724528022,44.99327872754407,610.0722487201866,582.7,555.3277512798135,-7.621525242445273,-11.331137391165758,3.7096121487204847
2022-03-29,2330,15742359,9243985774,586.0,589.0,584.0,589.0,5.0,21222,590.4,584.2,581.95,76.10380856083579,87.81643119357979,52.82249136950502,47.593357997335424,607.7218839047462,581.95,556.1781160952539,-6.806590224603042,-10.426227957853214,3.6196377332501726
2022-03-30,2330,43256548,25908489513,599.0,600.0,597.0,600.0,11.0,48535,592.4,588.4,581.9,76.10380856083579,80.15133434749204,62.247384299471875,52.87128951286451,607.5273291624392,581.9,556.2726708375608,-5.213047515756784,-9.383591869433928,4.170544353677144
2022-03-31,2330,25130417,15014260610,602.0,602.0,594.0,597.0,-3.0,18860,593.6,589.9,581.65,80.2898550724637,77.49915739804511,58.52711886547212,51.35231428441314,606.5760907484519,581.65,556.7239092515481,-4.144453683859979,-8.33576423231914,4.19131054845916
2022-04-01,2330,31247086,18328227645,585.0,589.0,584.0,589.0,-8.0,53178,591.8,590.7,581.35,75.99999999999993,77.46455454443317,49.35090612863275,47.43837563451422,605.7653640153054,581.35,556.9346359846946,-3.8981826909624715,-7.448247924047806,3.550065233085334
2022-04-06,2330,40726932,23547636944,578.0,580.0,575.0,578.0,-11.0,62822,590.6,589.9,581.45,46.370370370370296,67.55340848094468,39.433079537919646,42.62742924875745,605.7931715271419,581.45,557.1068284728582,-4.5383044749777355,-6.866259234233792,2.3279547592560563
2022-04-07,2330,47212937,26881649976,571.0,573.0,566.0,566.0,-12.0,130552,586.0,588.2,581.6,19.703703703703628,47.358024691358,31.40140929070731,38.08929923187973,605.51986622036,581.6,557.6801337796401,-5.945370778978486,-6.682081543182731,0.7367107642042452
2022-04-08,2330,31406384,17821660486,567.0,570.0,566.0,567.0,1.0,75778,579.4,585.9,581.55,4.629629629629555,23.56790123456787,32.733427065989915,38.67520441310736,605.5872627393394,581.55,557.5127372606605,-6.900247560985008,-6.725714746743186,-0.17453281424182165
2022-04-11,2330,41713758,23401330531,563.0,566.0,558.0,558.0,-9.0,130731,571.6,582.6,580.1,0.9259259259258515,8.419753086419723,27.189841007894312,35.42576770653014,606.0684423868639,580.1,554.1315576131361,-8.287683813998797,-7.038108560194308,-1.2495752538044886
2022-04-12,2330,34799056,19418030839,554.0,564.0,552.0,557.0,-1.0,69280,565.2,578.5,579.2,4.259259259259185,3.2716049382715746,26.60575186480984,35.073159409399246,606.9964026449408,579.2,551.4035973550593,-9.360032059932678,-7.502493260141982,-1.8575387997906958
2022-04-13,2330,36968137,21134384849,564.0,576.0,563.0,573.0,16.0,41249,564.2,577.4,579.25,17.333333333333258,7.506172839506142,47.61277908483766,44.578285448043076,606.9979728989335,579.25,551.5020271010665,-8.817170633699334,-7.765428734853453,-1.051741898845881
2022-04-14,2330,20224847,11618596373,577.0,578.0,573.0,573.0,0.0,27442,565.6,575.8,580.0,31.333333333333258,17.641975308641943,47.612779084837655,44.57828544804307,606.1763251813534,580.0,553.8236748186466,-8.291371275440156,-7.870617242970793,-0.4207540324693628
2022-04-15,2330,33158930,18667922752,562.0,566.0,561.0,562.0,-11.0,99936,564.6,572.0,580.2,37.009009009008935,28.558558558558527,37.55436926763795,39.918653995153456,605.7546473268525,580.2,554.6453526731476,-8.662424527226449,-8.028978699821923,-0.6334458274045254
2022-04-18,2330,16579296,9311198146,559.0,566.0,558.0,561.0,-1.0,31712,565.2,568.4,579.15,33.72329472329465,34.02187902187899,36.73137448967841,39.51428823998184,606.0146608018823,579.15,552.2853391981176,-8.934190755523673,-8.210021110962273,-0.7241696445613997
2022-04-19,2330,18811242,10639032272,566.0,569.0,563.0,565.0,4.0,24598,566.8,566.0,578.35,36.389961389961314,35.70742170742167,42.60145762365364,42.04327743029654,605.891060255549,578.35,550.8089397444511,-8.72621055540867,-8.313258999851552,-0.41295155555711816
2022-04-20,2330,28240222,16016967192,570.0,570.0,562.0,570.0,5.0,28615,566.2,565.2,577.55,50.45787545787538,40.190377190377156,49.44216652622491,45.131522679176925,605.0852501350573,577.55,550.0147498649426,-8.06495871138236,-8.263598942157714,0.19864023077535364
2022-04-21,2330,21539083,12221437009,571.0,571.0,565.0,565.0,-5.0,28847,564.6,565.1,576.65,56.41025641025633,47.75269775269771,43.40678589139268,42.682234990455306,604.58760906019,576.65,548.71239093981,-7.853835942286082,-8.181646342183388,0.32781039989730587
2022-04-22,2330,35567672,19849449551,558.0,559.0,557.0,558.0,-7.0,81550,563.8,564.2,575.05,47.43589743589735,51.43467643467639,36.191014650145604,39.45401077345533,603.4082439512777,575.05,546.6917560487223,-8.157328519862745,-8.176782777719259,0.019454257856514445
2022-04-25,2330,49067362,26907070565,550.0,552.0,546.0,547.0,-11.0,165619,561.0,563.1,572.85,25.400641025640947,43.082264957264904,27.737551204001416,34.97708878700951,602.7048153569915,572.85,542.9951846430085,-9.179639473578163,-8.37735411689104,-0.8022853566871238
2022-04-26,2330,39549934,21628474846,550.0,551.0,544.0,546.0,-1.0,90252,557.2,562.0,570.25,10.69475867269977,27.843765711412725,27.067005724314676,34.59279267561692,599.9476430041166,570.25,540.5523569958834,-9.955756152716162,-8.693034524056063,-1.262721628660099
2022-04-27,2330,65034122,34416315121,530.0,532.0,526.0,526.0,-20.0,217895,548.4,557.3,567.35,3.002450980392078,13.032616892910966,17.305438983555575,27.973102711951658,602.0214580022224,567.35,532.6785419977776,-12.045810460841722,-9.363589711413194,-2.6822207494285273
2022-04-28,2330,50406145,26653291522,530.0,532.0,523.0,531.0,5.0,79897,541.6,553.1,564.45,7.516339869280967,7.071183174124305,25.176022016655388,31.50212047912344,601.0422122862196,564.45,527.8577877137805,-13.147182805260968,-10.120308330182748,-3.0268744750782197
2022-04-29,2330,39960198,21586196160,547.0,547.0,535.0,538.0,7.0,41498,537.6,550.7,561.35,15.972222222222143,8.830337690631763,35.242847261363416,36.21403079538615,595.813168745778,561.35,526.8868312542221,-13.301851362224625,-10.756616936591124,-2.5452344256335007
2022-05-03,2330,29502561,15790689728,538.0,540.0,530.0,531.0,-7.0,48050,534.4,547.7,558.05,21.5277777777777,15.005446623093638,30.461504530025834,33.716306142707744,590.8248379095942,558.05,525.2751620904057,-13.829846939763456,-11.371262937225591,-2.458584002537865
2022-05-04,2330,17305449,9229779558,533.0,537.0,530.0,534.0,3.0,27460,532.0,544.6,555.3,23.611111111111033,20.370370370370324,34.87894132564725,35.7612102269532,586.4133411899146,555.3,524.1866588100853,-13.846597355900485,-11.86632982096057,-1.980267534939916
2022-05-05,2330,22540182,12209716759,543.0,544.0,539.0,542.0,8.0,26904,535.2,541.8,553.5,30.787037037036963,25.3086419753086,45.625219802121116,40.98938166918956,583.2892598095339,553.5,523.7107401904661,-13.063748281866538,-12.105813513141763,-0.9579347687247743
2022-05-06,2330,34512038,18241210653,528.0,531.0,526.0,528.0,-14.0,66208,534.6,538.1,551.6,30.978607918263013,28.458918688803703,34.127218179633125,35.53841793611992,582.7730652968233,551.6,520.4269347031767,-13.418339482758824,-12.368318707065175,-1.0500207756936497
2022-05-09,2330,27309304,14249571058,523.0,524.0,520.0,520.0,-8.0,82004,531.0,534.3,549.25,23.339719029374123,28.368454661558065,29.21834560655946,32.850073527299486,582.445632242811,549.25,516.054367757189,-14.181414190207192,-12.730937803693578,-1.450476386513614
2022-05-10,2330,44322247,22673191861,506.0,519.0,505.0,518.0,-2.0,83371,528.4,531.4,547.25,16.064586754241848,23.460971233959693,28.041891545439668,32.19439379441367,582.830191118092,547.25,511.669808881908,-14.777197346296816,-13.140189712214227,-1.6370076340825896
2022-05-11,2330,28109896,14662149551,518.0,526.0,518.0,521.0,3.0,40227,525.8,528.9,545.45,23.015873015872938,20.806726266496337,32.7784807796827,34.3123410504774,582.4876835128739,545.45,508.41231648712625,-14.836261672620026,-13.479404104295387,-1.3568575683246387
2022-05-12,2330,35824788,18310112210,516.0,518.0,505.0,505.0,-16.0,107513,518.4,526.8,542.05,23.015873015872938,20.698777595329275,23.25418886469539,29.092941106383837,580.7926121989757,542.05,503.3073878010242,-15.989816211219477,-13.981486525680205,-2.0083296855392714
2022-05-13,2330,30204773,15412261905,507.0,514.0,506.0,511.0,6.0,37707,515.0,524.8,538.95,17.82661782661775,21.286121286121244,31.90995573283933,33.19672009619571,577.2095086220381,538.95,500.69049137796196,-16.23274565073507,-14.431738350691178,-1.8010073000438904
2022-05-16,2330,22012610,11472463517,521.0,524.0,518.0,520.0,9.0,30034,515.0,523.0,536.85,17.94871794871787,19.597069597069552,43.13383226505381,38.908256555461115,574.4227294723145,536.85,499.2772705276855,-15.520137711315897,-14.649418222816122,-0.8707194884997751
2022-05-17,2330,25812051,13627135311,521.0,533.0,520.0,530.0,10.0,30826,517.4,522.9,535.3,39.31623931623924,25.030525030524984,53.145660009643315,44.57819101264057,571.283885282166,535.3,499.31611471783395,-13.987238183721729,-14.516982214997244,0.5297440312755146
2022-05-18,2330,33605299,18075946322,541.0,541.0,534.0,538.0,8.0,34913,520.8,523.3,533.95,64.74358974358967,40.669515669515626,59.758268924137894,48.68158680588454,567.3055092900686,533.95,500.59449070993145,-11.988673161433098,-14.011320404284415,2.022647242851317
2022-05-19,2330,40798132,21322524192,523.0,527.0,520.0,522.0,-16.0,47232,524.2,521.3,531.55,67.6638176638176,57.24121557454887,44.95448273923631,41.98608978860406,560.8448800987507,531.55,502.2551199012493,-11.562576085150795,-13.52157154045769,1.958995455306896
2022-05-20,2330,26111163,13784969436,524.0,532.0,523.0,530.0,8.0,21767,528.0,521.5,529.8,69.44444444444439,67.2839506172839,51.90464192711869,45.9862476589633,554.7527553588802,529.8,504.84724464111963,-10.458795457463566,-12.909016323858866,2.4502208663953002
2022-05-23,2330,18919447,10040778291,533.0,534.0,528.0,528.0,-2.0,18775,529.6,522.3,528.3,60.18518518518513,65.76448243114906,50.06107149571507,45.14812154828206,549.6363539528248,528.3,506.96364604717513,-9.63436567272322,-12.254086193631737,2.6197205209085173
2022-05-24,2330,19130619,10036942322,530.0,531.0,520.0,520.0,-8.0,31716,527.6,522.5,526.95,58.33333333333328,62.6543209876543,42.9431356630606,41.861562032803576,546.7436858619058,526.95,507.1563141380944,-9.51682819838004,-11.706634594581399,2.1898063962013588
2022-05-25,2330,22460245,11782306905,522.0,529.0,520.0,524.0,4.0,18352,524.8,522.8,525.85,52.32804232804227,56.94885361552027,47.31305795717612,44.05447724175845,543.6294825571463,525.85,508.0705174428537,-8.997198231890252,-11.16474732204317,2.1675490901529173
2022-05-26,2330,31542825,16336162581,523.0,525.0,513.0,514.0,-10.0,72846,523.2,523.7,525.25,32.222222222222165,47.627865961199284,38.673913537262,39.99314320607677,543.7635085815737,525.25,506.7364914184264,-9.285269360915095,-10.788851729817555,1.5035823689024603
2022-05-27,2330,30113220,15855257581,524.0,530.0,522.0,530.0,16.0,28711,523.2,525.6,525.2,38.57142857142851,41.04056437389769,54.263093615420246,48.218552394928885,543.6564351920922,525.2,506.7435648079079,-8.128797802619374,-10.256840944377918,2.1280431417585444
2022-05-30,2330,36480411,19757635264,538.0,547.0,537.0,547.0,17.0,42797,527.0,528.3,525.65,54.7619047619047,41.85185185185183,65.22182994720002,55.23907312943146,545.7026806188126,525.65,505.5973193811874,-5.773969113896328,-9.3602665782816,3.5862974643852716
2022-05-31,2330,81962870,45507333341,542.0,560.0,540.0,560.0,13.0,34286,535.0,531.3,527.1,86.90476190476186,60.07936507936506,71.34684733961191,59.73483906610091,552.0791913399927,527.1,502.1208086600074,-2.8261806071885758,-8.053449384062995,5.2272687768744195
2022-06-01,2330,32970903,18171598472,550.0,555.0,548.0,549.0,-11.0,33456,540.0,532.4,527.85,92.19858156028363,77.95508274231678,60.77975158648815,54.7260500222857,554.4603363375983,527.85,501.23966366240177,-1.3619453884609811,-6.715148584942592,5.353203196481611
2022-06-02,2330,26063495,14122936388,544.0,545.0,540.0,540.0,-9.0,30042,545.2,534.2,527.75,78.01418439716306,85.70584262073623,53.25126929196715,50.96094557697284,554.1611718785829,527.75,501.3388281214171,-0.9171805260565407,-5.555554973165382,4.638374447108841
2022-06-06,2330,23732327,12843324209,541.0,544.0,538.0,540.0,0.0,16614,547.2,535.2,528.35,63.8297872340425,78.0141843971631,53.25126929196715,50.96094557697285,555.296428334751,528.35,501.40357166524905,-0.5582658272945764,-4.556097143991221,3.9978313166966446
2022-06-07,2330,22152512,11846386906,535.0,538.0,532.0,535.0,-5.0,28586,544.8,535.9,529.1,53.9007092198581,65.2482269503546,48.690733161134645,48.797827273370714,555.9096997372221,529.1,502.29030026277786,-0.6695632476116771,-3.778790364715312,3.109227117103635
2022-06-08,2330,19609522,10636701303,539.0,545.0,538.0,544.0,9.0,18487,541.6,538.3,530.4,56.73758865248221,58.15602836879432,56.511962809814044,52.69050371695035,557.4510628257008,530.4,503.34893717429924,-0.03118301284462177,-3.029268894341174,2.9980858814965523
2022-06-09,2330,16894479,9115934006,538.0,542.0,537.0,541.0,-3.0,18802,540.0,540.0,531.4,54.25531914893611,54.964539007092185,53.349433384659406,51.29071622366719,558.4658456361528,531.4,504.3341543638471,0.23001156439840997,-2.3774128025932573,2.6074243669916672
2022-06-10,2330,22614596,12011615014,530.0,533.0,529.0,530.0,-11.0,44802,538.0,541.6,532.65,39.727751086707784,50.24021962937542,43.04478942410868,46.42103338731858,556.884479569408,532.65,508.4155204305919,-0.44546290145842704,-1.9910228223662911,1.545559920907864
2022-06-13,2330,36758925,18998155460,518.0,519.0,515.0,516.0,-14.0,112023,533.2,540.2,532.9,18.482676224611644,37.48858215341857,33.450927154672236,41.07578578894635,556.3256269926763,532.9,509.47437300732355,-2.0864134043209788,-2.010100938757229,-0.07631246556374993
2022-06-14,2330,38838778,19813036892,507.0,514.0,507.0,513.0,-3.0,85483,528.8,536.8,532.55,5.9826762246116445,21.397701178643747,31.685408883769707,40.01255579873212,556.9260127994751,532.55,508.1739872005248,-3.587597833580162,-2.3256003177218156,-1.2619975158583463
2022-06-15,2330,38360508,19580150319,508.0,515.0,508.0,509.0,-4.0,72687,521.8,531.7,531.5,6.661793372319624,10.375715273847694,29.281372621292128,38.57867813169227,557.9461717456404,531.5,505.05382825435964,-5.041943493728127,-2.8688689529230778,-2.173074540805049
2022-06-16,2330,31908028,16331470764,515.0,516.0,507.0,508.0,0.0,42177,515.2,527.6,530.0,6.798245614035024,6.480905070322155,28.64742398428959,38.21002508904139,558.1496003524012,530.0,501.8503996475988,-6.2037021335166855,-3.5358355890417994,-2.667866544474886
2022-06-17,2330,48400798,24260277915,499.5,503.0,499.0,501.0,-7.0,119618,509.4,523.7,528.95,4.080854309687198,5.846964432014006,24.34328190221235,35.64246324183784,559.6646544828344,528.95,498.2353455171657,-7.601618992228396,-4.348992269679119,-3.2526267225492766
2022-06-20,2330,36664463,18267359790,500.0,502.0,495.0,498.0,-3.0,89541,505.8,519.5,527.35,4.326468344774917,5.06852275616577,22.64232959820513,34.57031502893469,560.8837143782196,527.35,493.8162856217805,-8.849541100994088,-5.249102035942113,-3.600439065051975
2022-06-21,2330,34432537,17298234720,501.0,505.0,499.0,505.0,7.0,32427,504.2,516.5,526.2,10.54147394387906,6.316265532780449,35.005101400859445,39.168408181481254,561.1147533286404,526.2,491.2852466713597,-9.168003823235154,-6.032882393400721,-3.1351214298344328
2022-06-22,2330,33438921,16630857096,501.0,503.0,494.5,494.5,-10.5,81024,501.3,511.55,524.925,9.092198581560218,7.986713623404789,27.35472405036734,35.17525365799515,562.4193662434819,524.925,487.4306337565179,-10.150639815609338,-6.856433877842444,-3.294205937766894
2022-06-23,2330,46808462,22836692325,492.0,493.5,485.0,485.5,-9.0,104661,496.8,506.0,523.0,7.58239465999159,9.07202239514368,22.44857910885122,32.149762696488345,564.2516666329974,523.0,481.7483333670026,-11.522783230539403,-7.789703748381836,-3.7330794821575672
2022-06-24,2330,29003676,14184287155,489.5,492.5,485.5,486.5,1.0,43609,493.9,501.65,521.625,2.1030993042377584,6.25923084859658,24.21063858860424,32.840965104315096,565.7202094903738,521.625,477.5297905096262,-12.386738518811853,-8.70911070246784,-3.677627816344014
2022-06-27,2330,38684368,19379396938,496.0,506.0,495.5,498.5,12.0,37438,494.0,499.9,520.05,16.619228336495823,8.768240766908448,42.50089920101398,40.65386470050458,565.0765477246493,520.05,475.02345227535056,-11.965202194594383,-9.360329000893149,-2.604873193701234
2022-06-28,2330,16867955,8392290378,496.0,500.0,496.0,497.5,-1.0,18988,492.5,498.35,517.575,29.569892473118216,16.097406704617324,41.52657541085067,40.23381330643016,561.8392914774415,517.575,473.31070852255857,-11.578355191921503,-9.803934239098819,-1.774420952822684
2022-06-29,2330,33124986,16352376816,496.0,498.5,491.0,491.0,-6.5,40024,491.8,496.55,514.125,37.480798771121286,27.8899731935785,35.37650293177053,37.5201078317688,555.2709293247831,514.125,472.9790706752169,-11.661841384221418,-10.175515668123339,-1.4863257160980794
2022-06-30,2330,49820824,23900613642,484.5,486.5,476.0,476.0,-15.0,111117,489.9,493.35,510.475,22.964669738863222,30.005120327700965,25.291875737021275,32.13374671493248,551.5499010954373,510.475,469.40009890456264,-12.790933513411119,-10.698599237180895,-2.0923342762302237
2022-07-01,2330,72597018,33459624760,471.5,474.0,452.5,453.5,-22.5,172267,483.3,488.6,506.15,10.146862483311017,23.53077699776523,16.874018990103746,26.084629461195036,551.8359934772144,506.15,460.46400652278555,-15.324656024731723,-11.623810594691061,-3.700845430040662
2022-07-04,2330,61206245,27225872277,443.0,451.5,440.0,440.0,-13.5,96760,471.6,482.8,501.15,0.6230529595014929,11.244861727225299,13.685558398664451,23.25585175447816,552.4648126762642,501.15,449.83518732373585,-18.21204937662418,-12.941458351077685,-5.270591025546494
2022-07-05,2330,55469884,24538415224,449.5,451.5,433.0,446.0,6.0,70715,461.3,476.9,496.7,6.559126018862224,5.776347153891632,21.387793614249613,27.042759400594115,550.8584711748773,496.7,442.5415288251227,-19.78807494432766,-14.31078166972768,-5.477293274599981
2022-07-06,2330,42156925,18556660847,442.0,447.5,435.0,435.5,-10.5,59018,450.2,471.0,491.275,7.077625570776191,4.75326818304669,18.09171290389476,24.741875076431334,547.1055248049855,491.275,435.4444751950145,-21.634954520798146,-15.775616239941773,-5.859338280856374
2022-07-07,2330,50984110,22992311966,442.0,459.0,438.5,457.5,22.0,56227,446.5,468.2,487.1,18.26484018264834,10.633863924095639,40.504510397127916,36.86306699355239,539.8348082389597,487.1,434.36519176104036,-21.080402000701838,-16.836573392093786,-4.243828608608052
2022-07-08,2330,39134398,18251251558,470.0,470.5,461.5,467.0,9.5,46039,449.2,466.25,483.95,29.244190008859743,18.195551920761478,47.71249509109894,41.26246504686557,533.4877633730077,483.95,434.41223662699224,-19.647856271273668,-17.398829967929764,-2.2490263033439035
2022-07-11,2330,22930675,10673806551,468.0,470.5,461.0,462.0,-5.0,25631,453.6,462.6,481.25,42.86090721754599,30.12331246968475,44.408856064446454,39.69472637303034,529.3722401806067,481.25,433.1277598193933,-18.70044458843074,-17.659152892029958,-1.0412916964007835
2022-07-12,2330,24155935,10932798847,458.0,458.0,449.5,449.5,-12.5,34431,454.3,457.8,478.075,41.95406643744955,38.01972122128515,36.94729201925443,36.011069156067606,525.7764412780158,478.075,430.3735587219842,-18.74221099545207,-17.87576451271438,-0.8664464827376896
2022-07-13,2330,48134139,22639696871,470.5,473.0,466.0,470.5,21.0,48964,461.3,455.75,476.15,55.5264484299262,46.7804740283073,52.56765041912308,45.21007815220246,521.7658963520399,476.15,430.53410364795997,-16.886133838611784,-17.67783837789386,0.7917045392820761
2022-07-14,2330,34014188,16045789881,466.0,477.5,463.0,475.0,4.5,36454,464.8,455.65,474.5,72.22885286712778,56.56978924483457,55.333983568402836,46.96938171715204,517.7122667769239,474.5,431.28773322307603,-14.880533401331093,-17.118377382581308,2.237843981250215
2022-07-15,2330,56039339,27285128552,481.0,494.0,477.0,492.5,17.5,63691,469.9,459.55,474.075,94.46214023753787,74.07248051153067,64.67993741193173,53.25547818434778,516.3943513655395,474.075,431.7556486344605,-11.7436039031615,-16.043422686697348,4.299818783535848
2022-07-18,2330,40797601,20142703483,495.5,498.5,488.5,495.5,3.0,42574,476.6,465.1,473.95,95.73286554321612,87.47461954929399,66.0986467915968,54.25651824540865,515.9998513671578,473.95,431.9001486328422,-8.912749123647927,-14.617287974087464,5.704538850439537
2022-07-19,2330,20554247,10063256350,487.5,493.0,486.5,491.0,-4.5,25035,484.9,469.6,473.25,93.43885805257942,94.54462127777786,61.75754426874064,52.442344901313,513.6424497895342,473.25,432.8575502104657,-6.952247525753819,-13.084279884420734,6.132032358666915
2022-07-20,2330,36862724,18330197370,502.0,503.0,491.5,495.0,4.0,40233,489.8,475.55,473.275,89.2741065077145,92.81527670117008,64.19609680011263,53.91735969377534,513.7206116284576,473.275,432.8293883715423,-5.017925789218509,-11.47100906538029,6.453083276161781
2022-07-21,2330,23893063,11887266420,496.0,501.0,494.0,501.0,6.0,23039,495.0,479.9,474.05,89.60280373831768,90.77192276620393,67.79036287499532,56.11601883230075,515.9700429389097,474.05,432.12995706109024,-2.966614733081485,-9.77013019892053,6.803515465839045
2022-07-22,2330,26904474,13525083791,505.0,505.0,500.0,503.0,2.0,26122,497.1,483.5,474.875,92.56826920378313,90.48172648327183,69.00056835659908,56.854968352929035,518.3627856414879,474.875,431.3872143585121,-1.1661104613721136,-8.049326251410847,6.883215790038733
2022-07-25,2330,16803972,8402110298,500.0,503.0,498.0,499.5,-3.5,17230,497.9,487.25,474.925,93.18761351471623,91.78622881893908,64.0845713925289,55.10620131713695,518.5234804781072,474.925,431.3265195218928,-0.021372237538571426,-6.443735448636391,6.42236321109782
2022-07-26,2330,19524143,9665183112,499.5,499.5,491.0,495.0,-4.5,29293,498.7,491.8,474.8,86.49721149721141,90.75103140523699,57.89717975210185,52.855176831698856,518.1525085779352,474.8,431.44749142206484,0.5167716385422523,-5.0516340312006625,5.568405669742915
2022-07-27,2330,18411136,9144660659,494.0,502.0,491.0,502.0,7.0,20351,500.1,494.95,475.35,84.12698412698404,87.93726971297063,64.17455427523612,55.87469517843411,519.7764560819322,475.35,430.9235439180679,1.4909097564000149,-3.743125273680527,5.234035030080542
2022-07-28,2330,35020547,17665645632,509.0,509.0,499.0,501.0,-1.0,31274,500.1,497.55,476.6,76.64021164021155,82.42146908813572,62.61852265055911,55.32950616055587,522.414408214009,476.6,430.78559178599113,2.1573608771557815,-2.563028043513265,4.720388920669047
2022-07-29,2330,30632627,15571856556,508.0,510.0,504.0,509.0,8.0,24762,501.3,499.2,479.375,83.15827986040743,81.30849187586773,69.51695852976387,58.793464826529465,525.9731491048727,479.375,432.77685089512727,3.293100520173482,-1.3918023307759155,4.684902850949397
2022-08-01,2330,24991291,12569771761,506.0,508.0,500.0,504.0,-5.0,26792,502.2,500.05,482.575,76.20339264236232,78.66729471432716,61.27209104904022,55.877044764131654,526.6389024599508,482.575,438.51109754004915,3.7465364168947417,-0.364134581241784,4.110670998136525
2022-08-02,2330,42669591,20973293337,494.0,496.0,488.5,492.0,-12.0,63879,501.6,500.15,484.875,60.14826775002812,73.16998008426602,45.997088511178276,49.52723090537907,525.7490443313358,484.875,444.00095566866423,3.10183193236702,0.32905872147997683,2.772773210887043
2022-08-03,2330,29838832,14823224632,494.0,501.0,493.0,501.0,9.0,25570,501.4,500.75,488.15,47.61321909424715,61.32162649554592,55.66757148575678,53.77042960917231,522.6783941126731,488.15,453.62160588732684,3.2793217871402476,0.919111334612031,2.3602104525282166
2022-08-04,2330,26589086,13279624282,499.0,503.0,495.0,500.0,-1.0,27173,501.2,500.65,490.275,42.63565891472859,50.132381919668006,54.40466438360989,53.23491054005389,522.1238225842047,490.275,458.4261774157952,3.3012375219382193,1.3955365720772686,1.9057009498609507
2022-08-05,2330,35052642,17966410242,509.0,516.0,507.0,516.0,16.0,49928,502.6,501.95,492.725,70.54263565891462,53.59717122263017,67.96917274557363,60.08467677232583,524.5738225842011,492.725,460.87617741579896,4.557140305361827,2.0278573187341804,2.5292829866276465
2022-08-08,2330,20568971,10531710250,510.0,515.0,509.0,512.0,-4.0,18131,504.2,503.2,495.225,79.64763918252281,64.2753112520554,62.542361519208534,57.805147434517046,524.802821082695,495.225,465.64717891730504,5.170088180632604,2.656303491113865,2.513784689518739
2022-08-09,2330,24370709,12372442661,507.0,511.0,504.0,510.0,-2.0,25433,507.8,504.7,498.25,87.87878787878778,79.35635424007512,59.759102709222,56.64791636620245,519.784855467358,498.25,476.71514453264194,5.431855454071126,3.211413883705317,2.220441570365809
2022-08-10,2330,22112239,11075581424,500.0,503.0,499.5,500.0,-10.0,35188,507.6,504.5,499.725,68.48484848484838,78.67042518205305,47.44311364971746,51.13562886834323,517.0930021879273,499.725,482.35699781207273,4.777321489339897,3.524595404832233,1.252726084507664
2022-08-11,2330,24906177,12771121611,513.0,514.0,510.0,514.0,14.0,23949,510.4,505.8,501.675,70.9090909090908,75.75757575757571,60.67926396547886,57.38734478986858,515.9902890295652,501.675,487.3597109704348,5.326876685184743,3.885051660902735,1.441825024282008
2022-08-12,2330,21343450,11016097043,515.0,518.0,514.0,517.0,3.0,21701,510.6,506.6,502.9,77.05187467899322,72.14860469097754,63.00830077393953,58.609388299181134,518.0347282763865,502.9,487.7652717236134,5.936050964719243,4.295251521666037,1.640799443053206
2022-08-15,2330,22519886,11755494600,520.0,524.0,519.0,523.0,6.0,27372,512.8,508.5,504.275,95.3705452557283,81.11050361460417,67.50003809677801,61.0172692445546,521.3439044756842,504.275,487.20609552431574,6.824309434842007,4.801063104301231,2.0232463305407764
2022-08-16,2330,21234122,11141160337,526.0,526.0,523.0,525.0,2.0,20628,515.8,511.8,505.975,96.71951886276644,89.71397959916271,68.96551876757961,61.81469967484752,524.1532149838727,505.975,487.79678501612733,7.602012687105287,5.361253020862042,2.2407596662432443
2022-08-17,2330,28461939,14943047011,524.0,527.0,521.0,527.0,2.0,26466,521.2,514.4,507.575,97.8494623655913,96.64650882802874,70.5165560742956,62.6377719937108,527.1843727589661,507.575,487.9656272410338,8.284235888313162,5.945849594352266,2.3383862939608964
2022-08-18,2330,18721898,9734756997,520.0,521.0,519.0,520.0,-7.0,24209,522.4,516.4,508.525,90.4398826979471,95.00295464210167,58.564856424631316,57.93117663159511,528.6035333129709,508.525,488.44646668702916,8.165929440389789,6.389865563559771,1.776063876830018
2022-08-19,2330,14235983,7403584002,519.0,523.0,517.0,519.0,-1.0,14069,522.8,516.7,509.325,81.8181818181817,90.03584229390675,56.95596570621143,57.26914626089381,529.7315553193083,509.325,488.91844468069166,7.900408098679122,6.691974070583641,1.208434028095481
2022-08-22,2330,23175820,11849427903,511.0,514.0,510.0,510.0,-9.0,32130,520.2,516.5,509.85,61.2121212121211,77.82339524275002,44.2048386746534,51.5584080029471,529.7525124042135,509.85,489.9474875957866,6.884396698778346,6.730458596222582,0.153938102555764
2022-08-23,2330,20997847,10580935860,503.0,506.0,502.0,504.0,-6.0,34243,516.0,515.9,510.3,39.03030303030292,60.68686868686863,37.64912765939163,48.11383831653371,529.2219449317432,510.3,491.37805506825686,5.5312892293544,6.4906247228489455,-0.9593354934945459
2022-08-24,2330,14995494,7560487746,504.0,508.0,503.0,503.0,-1.0,20031,511.2,516.2,510.35,16.727272727272616,38.98989898989894,36.59388096268978,47.54372379447499,529.189055178005,510.35,491.51094482199505,4.328355579756021,6.0581708942303605,-1.7298153144743393
2022-08-25,2330,10254367,5208471523,505.0,510.0,504.0,508.0,5.0,11664,508.8,515.6,510.7,11.999999999999888,22.585858585858535,45.50394705612046,50.689897466302455,529.0858641352545,510.7,492.3141358647455,3.7354206055151167,5.593620836487312,-1.8582002309721952
2022-08-26,2330,13268148,6805419690,513.0,515.0,511.0,512.0,4.0,14862,507.4,515.1,510.85,22.666666666666554,17.13131313131308,51.82266928977726,53.11268467432686,529.2268876581386,510.85,492.47311234186145,3.547389835320473,5.184374636253944,-1.6369848009334707
2022-08-29,2330,28217313,14055439771,497.0,502.0,496.0,498.5,-13.5,60889,505.1,512.65,510.575,24.02150537634397,19.562724014336865,35.579144273549794,45.06490171854872,529.5098224179676,510.575,491.64017758203244,2.282723108412199,4.6040443306855945,-2.3213212222733954
2022-08-30,2330,25699463,12787938496,497.5,500.0,496.0,496.0,-2.5,43669,503.5,509.75,510.775,16.02150537634397,20.90322580645156,33.32255837485463,43.74306404608034,528.9916819152157,510.775,492.5583180847842,1.0664432157243482,3.8965241076933452,-2.830080891968997
2022-08-31,2330,50999514,25630339779,492.0,505.0,492.0,505.0,9.0,24054,503.9,507.55,510.975,16.666666666666554,18.90322580645156,47.34810173865431,49.48724291270216,528.8424984259112,510.975,493.1075015740888,0.8193128927840689,3.28108186471149,-2.461768971927421
2022-09-01,2330,42008490,20696930527,495.0,495.5,490.0,490.5,-14.5,93631,500.4,504.6,510.5,14.645161290322468,15.777777777777727,33.93208489746834,42.03957398195021,529.9447936476574,510.5,491.0552063523426,-0.5403397863604482,2.516797534497102,-3.0571373208575503
2022-09-02,2330,33877655,16486942365,488.0,489.5,485.0,485.0,-5.5,71175,495.0,501.2,508.95,14.645161290322468,15.318996415770558,30.151403872772487,39.60482298995782,531.1421157170763,508.95,486.75788428292367,-2.038183454791522,1.6058013366393773,-3.643984791430899
2022-09-05,2330,17327720,8419762666,485.0,488.0,484.0,486.0,1.0,27611,492.5,498.8,507.65,2.8172043010751557,10.702508960573425,31.764114415630583,40.282032821945926,531.9236482630896,507.65,483.3763517369103,-3.108708454789735,0.6628993783535548,-3.77160783314329
2022-09-06,2330,21197718,10364807027,488.5,491.5,486.5,489.0,3.0,18950,491.1,497.3,506.6,7.526881720429994,8.3297491039426,36.86599324805515,42.3697767827784,532.1589514651891,506.6,481.0410485348109,-3.6726957515998606,-0.2042196476371283,-3.4684761039627325
2022-09-07,2330,38168331,18125281029,477.0,478.0,472.0,472.5,-16.5,101077,484.6,494.25,505.225,7.9144786196548,6.086188213720043,24.91344375738515,35.10130850208422,534.7130908164613,505.225,475.7369091835387,-5.388951374438534,-1.2411659929974095,-4.147785381441125
2022-09-08,2330,35355467,16755699888,473.0,475.0,472.0,475.0,2.5,37943,481.5,490.95,503.275,8.794244015549227,8.078534785211401,28.983467376955645,36.868460283437216,535.2382210517055,503.275,471.3117789482944,-6.472753342480928,-2.287483462894113,-4.185269879586815
2022-09-12,2330,27181969,13268334545,485.0,491.0,485.0,486.5,11.5,26764,481.8,488.4,501.75,18.064364575992368,11.591029070398859,44.98668125791951,44.37211703836347,533.8584101132391,501.75,469.6415898867609,-6.330743450292175,-3.0961354603737257,-3.2346079899184494
2022-09-13,2330,18916557,9329113594,495.0,495.0,491.0,493.0,6.5,20511,483.2,487.85,500.25,38.88888888888877,21.915832493476852,52.10389842417145,48.1251600975495,531.0225527052917,500.25,469.4774472947083,-5.628818395724977,-3.602672047443976,-2.026146348281001
2022-09-14,2330,25046110,12023421519,478.5,482.5,476.0,480.0,-13.0,47333,481.4,486.25,498.0,47.2061035890822,34.71978568465451,40.02236828113915,42.01920599364477,527.7691115084067,498.0,468.2308884915933,-6.051768072109951,-4.092491252377171,-1.9592768197327803
2022-09-15,2330,24272164,11587112712,476.0,480.0,476.0,476.5,0.0,35435,482.2,483.4,495.475,39.08137807305233,41.72545685034117,37.30533971723944,40.528303807065384,523.4919145339006,495.475,467.45808546609936,-6.593375162472967,-4.59266803439633,-2.0007071280766366
2022-09-16,2330,41889816,19737743551,470.5,472.0,469.0,472.0,-4.5,51619,481.6,481.55,493.075,21.715410707084967,36.00096412307323,33.85756846207148,38.630460518701895,520.4944730073357,493.075,465.65552699266425,-7.3015473824158335,-5.13444390400023,-2.167103478415603
2022-09-19,2330,20724347,9713676332,472.0,473.0,466.5,467.0,-5.0,45650,477.7,479.75,490.475,10.952688298225938,23.91649235945448,30.235259980240613,36.580731364079824,517.4258348664733,490.475,463.52416513352665,-8.172035048953205,-5.7419621329908255,-2.4300729159623797
2022-09-20,2330,23269759,11027746136,470.5,478.0,470.0,476.5,9.5,20621,474.4,478.8,488.8,16.126855600539695,16.264984868616935,43.60867586691503,42.79175913182355,514.8372809640321,488.8,462.762719035968,-8.003077693118371,-6.194185245016334,-1.8088924481020365
2022-09-21,2330,24686050,11641957557,473.5,475.5,468.5,471.0,-5.5,30847,472.6,477.0,487.15,17.54385964912269,14.874467849296176,38.60962222957174,40.32920561932129,513.307408128484,487.15,460.992591871516,-8.218246970534153,-6.5989975901198985,-1.6192493804142547
2022-09-22,2330,31417685,14524615830,462.0,468.0,459.0,464.5,-6.5,53974,470.2,476.2,485.225,22.051656920077857,18.57412405658015,33.340016068905165,37.576987514725914,512.0903587357367,485.225,458.35964126426336,-8.81169017112444,-7.041536106320807,-1.7701540648036325
2022-09-23,2330,32804066,15005076330,458.5,460.5,455.0,455.0,-9.5,82492,466.8,474.2,482.575,10.355750487329317,16.65042235217669,27.04582552545684,33.93221579951572,510.3711777947987,482.575,454.77882220520127,-9.934055183881867,-7.620039921833019,-2.314015262048848
2022-09-26,2330,34856957,15560487370,443.0,454.0,443.0,446.5,-8.5,75861,462.7,470.2,479.3,8.046179090482768,13.484528832630048,22.59339041842596,31.031952192913153,507.88041287315434,479.3,450.7195871268457,-11.378255063576376,-8.37168295018169,-3.006572113394686
2022-09-27,2330,29570005,13260363913,449.0,451.5,446.0,448.0,1.5,29995,457.0,465.7,476.775,7.458091002394681,8.620006860068989,25.130964431747167,32.13433486773646,506.9999483043413,476.775,446.5500516956587,-12.260425851786238,-9.1494315305026,-3.1109943212836377
2022-09-28,2330,37827459,16693442543,447.0,449.0,438.0,438.0,-10.0,78780,450.4,461.5,473.875,7.458091002394681,7.654120365090777,20.02508485125777,28.826322589731035,507.14191299174,473.875,440.60808700826,-13.609586146232346,-10.041462453648549,-3.5681236925837965
2022-09-29,2330,42884163,18748910795,443.0,443.5,432.0,435.0,-3.0,70971,444.5,457.35,470.375,6.678417547982647,7.19819985092407,18.695641522729446,27.89845937608273,504.52448755105996,470.375,436.22551244894004,-14.750841805456673,-10.983338324010173,-3.7675034814465
2022-09-30,2330,58366820,24750796363,424.5,427.5,422.0,422.0,-13.0,87052,437.9,452.35,466.95,2.1739130434781426,5.43680719795189,13.997591259743844,24.255081377009674,505.76095206253046,466.95,428.1390479374695,-16.513924252934885,-12.089455509795116,-4.424468743139769
2022-10-03,2330,38354967,16068149231,418.5,424.5,416.5,417.0,-5.0,70127,432.0,447.35,463.55,2.4563989191843576,3.7695765035484494,12.57917738821627,23.010396404544263,507.0688464920661,463.55,420.03115350793394,-18.105924184686387,-13.29274924477337,-4.813174939913017
2022-10-04,2330,42455417,18225995343,429.5,432.0,427.0,429.0,12.0,31696,428.2,442.6,460.7,8.373100762437488,4.33447090836673,31.90101169510032,32.026011992521205,505.413979916801,460.7,415.986020083199,-18.189617302899876,-14.27212285639867,-3.9174944465012054
2022-10-05,2330,48321335,21583755745,444.5,451.0,442.0,445.0,16.0,51865,429.6,440.0,458.5,29.964009853346578,13.597836511656206,49.32396039411417,41.8103696701922,501.73308917946963,458.5,415.26691082053037,-16.77154647183744,-14.772007579486424,-1.9995388923510156
2022-10-06,2330,30750331,13821382520,450.5,451.0,447.0,451.0,6.0,24907,432.8,438.65,457.425,60.34819064430703,32.89510042003043,54.42528560675345,45.00714272503284,500.27972552706376,457.425,414.57027447293626,-14.990761103092439,-14.815758284207627,-0.17500281888481162
2022-10-07,2330,32872044,14505036044,448.5,448.5,437.0,438.0,-13.0,45112,436.0,436.95,455.575,72.73376623376612,54.34865557713997,43.38543509413418,39.89334604119237,498.42972552706374,455.575,412.72027447293624,-14.461761043784009,-14.744958836122903,0.2831977923388944
2022-10-11,2330,109842903,44572345642,408.0,412.5,401.0,401.5,-36.5,210614,432.9,432.45,451.325,51.47619047619037,61.519382451421244,26.06601327030726,29.6923814297347,497.7774218959573,451.325,404.8725781040427,-16.794176825878196,-15.15480243407396,-1.6393743918042354
2022-10-12,2330,64138351,25536098386,397.0,400.0,395.5,397.5,-4.0,114055,426.6,427.4,446.55,22.0107250107249,48.7402272402272,24.800230814342775,28.822569651131637,494.4946555937162,446.55,398.60534440628385,-18.749269796739668,-15.873695906607102,-2.875573890132566
2022-10-13,2330,43158592,17239718998,400.5,403.0,395.0,395.0,-2.5,66846,416.6,423.1,442.3,1.5345345345344252,25.00715000714997,23.952115049533685,28.265258269678874,492.6402423514231,442.3,391.9597576485769,-20.266801101013016,-16.752316945488285,-3.5144841555247304
2022-10-14,2330,59841064,24714069328,414.5,416.0,409.0,412.0,17.0,54666,408.8,420.8,439.075,11.32024882024871,11.621836121836083,40.181164096037556,37.16290054090931,488.4938982070628,439.075,389.6561017929372,-19.868664076144398,-17.37558637161951,-2.4930777045248895
2022-10-17,2330,45038159,17954868983,400.0,403.5,396.0,397.0,-15.0,66589,400.6,418.3,435.325,11.309523809523698,8.054769054769016,32.94395942912946,33.24463397246553,485.5567379751093,435.325,385.0932620248907,-20.52689103300071,-18.00584730389575,-2.52104372910496
2022-10-18,2330,41304834,16675510801,406.5,407.0,399.5,407.0,10.0,30538,401.7,417.3,432.325,18.45238095238084,13.694051194051154,41.18350085437593,37.94221289354775,481.79243878552927,432.325,382.8575612144707,-20.01095043187098,-18.406867929490794,-1.6040825023801872
2022-10-19,2330,48655069,19398261013,404.0,405.0,395.5,395.5,-11.5,68211,401.3,413.95,428.275,8.63095238095227,12.797619047619008,35.35495688276233,34.90060399354989,475.83914090467766,428.275,380.7108590953223,-20.29605736338624,-18.784705816269884,-1.5113515471163552
2022-10-20,2330,63202035,24682371387,391.0,397.5,386.0,397.5,2.0,76430,401.8,409.2,424.6,13.57380952380941,13.552380952380913,37.15945205236801,35.86355116607242,469.68503077519097,424.6,379.5149692248091,-20.128593479378083,-19.053483348891525,-1.0751101304865571
2022-10-21,2330,38968511,15297273710,395.5,398.5,389.5,389.5,-8.0,64043,397.3,403.05,420.85,10.319841269841158,10.841534391534353,32.87676489318902,33.71524349900953,464.4895462854498,420.85,377.2104537145502,-20.406180539150853,-19.32402278694339,-1.0821577522074612
2022-10-24,2330,48691083,18995017699,395.0,397.5,387.0,387.0,-2.5,58612,395.3,397.95,417.45,11.133333333333221,11.675661375661337,31.55102790287797,33.04899514053511,460.5091453700601,417.45,374.3908546299399,-20.59054441174601,-19.577327111903916,-1.0132172998420934
2022-10-25,2330,81173913,30515958539,380.0,382.5,371.0,371.0,-16.0,155200,388.1,394.9,413.675,4.999999999999889,8.81772486772483,24.249705442577792,29.087325160334338,459.0603225173062,413.675,368.28967748269383,-21.77669223885914,-20.01720013729496,-1.759492101564181
2022-10-26,2330,61440878,23045141097,370.5,379.0,370.0,376.0,5.0,46073,384.2,392.75,410.075,5.458937198067521,7.197423510466951,30.143458162889463,31.8371344826992,455.4206447743335,410.075,364.7293552256665,-22.058982505242795,-20.425556610884527,-1.6334258943582682
2022-10-27,2330,47160778,18190840150,384.5,389.0,382.5,385.5,9.5,37777,381.8,391.8,407.45,18.311790050920376,9.590242416329337,40.419222616166536,36.84790762829136,452.09851621274765,407.45,362.8014837872523,-21.270930919016394,-20.5946314725109,-0.6762994465054923
2022-10-28,2330,44691746,16923109361,379.5,382.0,375.0,379.5,-6.0,48116,379.8,388.55,404.675,26.870348609478935,16.88035861948902,36.46667049504794,35.093248339324354,449.02731110100194,404.675,360.3226888989981,-20.889740292553938,-20.65365323651951,-0.23608705603442814
2022-10-31,2330,40598928,15721543079,386.0,390.0,381.0,390.0,10.5,32816,380.4,387.85,403.075,41.57014157014146,28.917426743513662,47.040217093041484,40.43850191302554,447.1196080695468,403.075,359.03039193045316,-19.51542011179214,-20.426006611574035,0.9105864997818962
2022-11-01,2330,42123141,16428079355,388.5,393.0,386.0,391.5,1.5,29780,384.5,386.3,401.8,52.75237643658685,40.397622205402484,48.46954474949251,41.183684835581005,445.63423319735324,401.8,357.9657668026468,-18.09661746177312,-19.960128781613854,1.8635113198407325
2022-11-02,2330,23169428,9091891929,391.0,395.0,388.5,395.0,3.5,22285,388.3,386.25,400.1,73.43358395989964,55.918700655542715,51.99636481035227,42.97640836079659,442.1851517758926,400.1,358.0148482241074,-16.49958840592609,-19.2680207064763,2.7684323005502094
2022-11-03,2330,42092776,16201844314,385.0,387.0,383.5,384.0,-11.0,52660,388.0,384.9,397.05,71.35566188197755,65.84720742615474,41.56543383901156,38.957434526551154,434.23319512898223,397.05,359.8668048710178,-15.937818195152147,-18.60198020421147,2.6641620090593214
2022-11-04,2330,30839846,11762941797,381.0,384.5,378.5,382.0,-2.0,26895,388.5,384.15,393.6,62.2094630515682,68.99956963114853,39.86887783146642,38.25692013934177,421.8517256110121,393.6,365.34827438898793,-15.475601440897321,-17.97670445154864,2.501103010651317
2022-11-07,2330,37704746,14710405524,390.0,393.0,387.0,390.0,8.0,30880,388.5,384.45,391.2,59.63636363636351,64.40049618996981,49.48989399873934,42.695652470191504,410.78162403887745,391.2,371.6183759611225,-14.29892903866471,-17.241149368971854,2.942220330307144
2022-11-08,2330,32576136,12954941396,395.0,399.5,394.0,399.0,9.0,35956,390.0,387.25,391.075,75.31972789115633,65.72185152636274,58.25613831863106,47.286858406495206,410.42254506390964,391.075,371.72745493609034,-12.496135230207074,-16.292146541218898,3.7960113110118243
2022-11-09,2330,56357663,23188739823,403.5,417.0,403.5,417.0,18.0,67569,394.4,391.35,392.05,92.65306122448966,75.86971758400323,70.28821950767427,55.04460666002573,414.33654302488264,392.05,369.7634569751174,-9.505386403293471,-14.934794513633813,5.429408110340342
2022-11-10,2330,33671621,13757669359,409.0,411.5,406.0,407.5,-9.5,36471,399.1,393.55,392.675,91.0946196660481,86.35580292723142,59.693839750615915,50.79567901185946,415.937147364333,392.675,369.41285263566704,-7.811718389007353,-13.510179288708521,5.698460899701168
2022-11-11,2330,83770040,36838808146,441.5,442.0,435.0,441.5,34.0,100349,411.0,399.75,394.15,91.51242458329058,91.75336849127616,75.26249254941219,62.077946757008384,424.71975629605384,394.15,363.5802437039461,-3.6834973705323932,-11.544842905073295,7.861345534540902
2022-11-14,2330,63282094,28257175788,450.0,450.0,441.5,445.0,3.5,48957,422.0,405.25,396.55,89.18142225228826,90.59615550054237,76.35916838157421,63.01801036864306,434.3255211744324,396.55,358.7744788255676,-0.12795671650752638,-9.261465667360142,9.133508950852615
2022-11-15,2330,118536865,56191637241,465.0,487.0,462.0,480.0,35.0,139136,438.2,414.1,400.2,95.25599284298788,91.98327989285563,84.41824758367073,70.81050714671755,452.5893118870646,400.2,347.8106881129354,5.451204271306949,-6.318931679626724,11.770135950933673
2022-11-16,2330,88416393,43103738374,491.5,494.0,481.5,487.0,7.0,98338,452.2,423.3,404.775,93.4982580143869,92.64522436988774,85.56633775208272,72.07772654936488,469.2990071601272,404.775,340.25099283987277,10.318624369779172,-2.991420469745545,13.310044839524718
2022-11-17,2330,46850915,22547582604,482.5,485.0,475.0,485.0,-2.0,57331,467.7,433.4,409.15,93.02552202763222,93.92659096166908,83.5151578613972,71.12760301263717,482.3853056933618,409.15,335.9146943066382,13.854994824482162,0.3778625890999967,13.477132235382165
2022-11-18,2330,37001332,18131673834,491.5,494.0,486.0,487.0,2.0,41694,476.8,443.9,414.025,92.84272632870749,93.12216879024227,83.96364827877922,71.53173633366002,494.0452943008845,414.025,334.00470569911545,16.627307917773862,3.62775165483477,12.999556262939093
2022-11-21,2330,30609465,14843805078,487.5,489.5,480.5,482.0,-5.0,35815,484.2,453.1,418.775,90.44303884614708,92.103762400829,77.79082885244603,68.93397162598275,502.9833576612209,418.775,334.56664233877905,18.211002701204393,6.5444018641086945,11.666600837095698
2022-11-22,2330,39329440,19112616916,476.0,491.0,476.0,491.0,9.0,40964,486.4,462.3,424.775,92.11041352754046,91.79872623413173,80.76107456799348,70.97711487330031,511.57273902585337,424.775,337.9772609741466,19.962205136072214,9.227962518501398,10.734242617570816
2022-11-23,2330,34752559,17111333375,494.5,496.0,488.5,492.0,1.0,32889,487.4,469.8,430.575,92.25795451114702,91.60380229494491,81.08892853522627,71.20373134454798,519.0471848944628,430.575,342.10281510553716,21.18651239830683,11.619672494462485,9.566839903844347
2022-11-24,2330,28477359,14073196704,494.0,496.0,492.0,496.0,4.0,34387,489.6,478.65,436.1,96.67784401390945,93.68207068419905,82.48205211435375,72.14078495878107,526.4048171472595,436.1,345.7951828527406,22.223374072156673,13.740412810001322,8.482961262155351
2022-11-25,2330,41461805,20594790238,494.0,498.0,494.0,498.0,2.0,34399,491.8,484.3,442.025,97.81420765027308,95.58333539177659,83.20382520516766,72.62052723563993,532.247765974005,442.025,351.80223402599495,22.942016419792196,15.580733531959497,7.361282887832699
2022-11-28,2330,40815045,19790586320,486.0,490.0,480.5,480.5,-17.5,57163,491.5,487.85,446.55,74.63768115942014,89.70991094120096,58.569374407571,62.48176091619141,534.9411194634392,446.55,358.1588805365608,21.847596419566003,16.8341061094808,5.013490310085203
2022-11-29,2330,40266315,19374604221,473.5,488.0,473.0,487.0,6.5,35929,490.7,488.55,451.325,59.971014492753476,77.47430110081562,63.2804400643404,64.46615494450857,537.5974028875978,451.325,365.05259711240217,21.259687913182916,17.719222470221222,3.5404654429616933
2022-11-30,2330,60728041,29643130386,483.0,490.0,482.5,490.0,3.0,25325,490.3,488.85,456.075,49.304347826086804,61.304347826086875,65.39900114449694,65.37638353893588,539.8444902694293,456.075,372.30550973057063,20.796116429114306,18.33460126199984,2.4615151671144666
2022-12-01,2330,43684491,21976936461,506.0,508.0,498.5,498.5,8.5,46181,490.8,490.2,461.8,65.61904761904746,58.29813664596264,70.94102374567281,67.88641634204512,540.5860393724668,461.8,383.0139606275333,20.87398929568036,18.842478868735945,2.031510426944415
2022-12-02,2330,29909021,14745810388,490.0,497.0,490.0,492.5,-6.0,31799,489.7,490.75,467.325,65.52380952380938,60.14906832298127,62.67405046922322,64.34065535589154,538.0358725727527,467.325,396.6141274272472,20.21848810229841,19.117680715448437,1.1008073868499721
2022-12-05,2330,33048153,16272219716,491.5,497.5,489.0,489.0,-3.5,31739,491.4,491.45,472.275,58.09523809523795,63.079365079365,58.06877777844775,62.296601171869334,533.9203364010618,472.275,410.6296635989381,19.19530639121797,19.133205850602344,0.06210054061562431
2022-12-06,2330,44964237,21703863181,488.0,489.0,478.0,478.0,-11.0,44448,489.6,490.15,476.225,38.57142857142843,54.063492063491985,45.74413281326446,56.24839756959158,527.9013727442232,476.225,424.54862725577686,17.29742549061399,18.766049778604675,-1.4686242879906857
2022-12-07,2330,39978821,19128832587,477.0,485.5,475.0,475.0,-3.0,43603,486.6,488.45,479.125,21.90476190476176,39.52380952380944,42.85037788708752,54.688935650771164,523.1203122502844,479.125,435.12968774971563,15.374043867740625,18.087648596431865,-2.713604728691241
2022-12-08,2330,28348573,13366736635,475.0,475.0,467.0,471.5,-3.5,45114,481.2,486.0,482.325,10.325203252032376,23.60046457607425,39.453316143152115,52.84805717991694,511.99362821230596,482.325,452.656371787694,13.412715885515183,17.15266205424853,-3.739946168733347
2022-12-09,2330,28903860,13881674073,478.0,484.5,476.0,481.5,10.0,25790,479.0,484.35,484.325,17.351916376306477,16.527293844366934,52.10890359894521,57.27334184175954,507.36903393505503,484.325,461.28096606494495,12.520932242626145,16.226316091924055,-3.7053838492979096
2022-12-12,2330,24064002,11435789974,476.5,478.0,473.5,475.0,-6.5,34393,476.2,483.8,485.825,21.951219512194978,16.54277971351134,44.9793084723783,53.742658209525885,500.99495385622714,485.825,470.65504614377284,11.161034149278578,15.213259703394959,-4.052225554116381
2022-12-13,2330,36028109,17034191389,473.0,476.0,471.0,471.5,-3.5,36559,474.9,482.25,485.4,21.951219512194978,20.418118466898875,41.41925370372285,51.88779920980649,501.6376106616752,485.4,469.1623893383248,9.689193373587159,14.108446437433399,-4.41925306384624
2022-12-14,2330,35263781,16860500181,472.0,480.5,472.0,480.5,9.0,25102,476.0,481.3,485.075,24.916699986671855,22.939713003687334,52.65996376401995,56.08503570474288,501.43126791172375,485.075,468.7187320882762,9.143572328545872,13.115471615655894,-3.9718992871100216
2022-12-15,2330,26001756,12446105928,476.0,481.5,474.5,480.5,0.0,21052,477.8,479.5,484.85,33.16673330667718,26.678217601848065,52.659963764019935,56.08503570474287,501.32756049905123,484.85,468.3724395009488,8.611891198344892,12.214755532193694,-3.6028643338488013
2022-12-16,2330,51707693,24262026661,466.5,471.0,465.5,471.0,-9.5,69011,475.7,477.35,484.05,37.309615161027644,31.797682818125622,41.27974672453833,50.67328548844119,501.553999542962,484.05,466.546000457038,7.3393559402290975,11.239675613800774,-3.9003196735716763
2022-12-19,2330,24231653,11320207884,466.5,469.5,465.0,466.5,-4.5,30247,474.0,475.1,483.275,24.99454119061581,31.82362988610694,36.87575396998311,48.29603047882106,502.3733638042649,483.275,464.17663619573506,5.899741638967669,10.171688818834152,-4.271947179866483
2022-12-20,2330,33181363,15291302176,465.0,467.0,455.0,457.5,-9.0,59543,471.2,473.05,481.6,13.065301587022219,25.12315264622195,29.52575377200945,43.86384353014337,503.3821027451403,481.6,459.81789725485976,3.986656455484024,8.934682346164127,-4.948025890680103
2022-12-21,2330,40831313,18763874901,460.0,463.0,457.0,459.0,1.5,31581,466.9,471.45,479.95,9.783657158605342,15.947833312081181,32.15516650815841,44.77352096580066,503.2757368586711,479.95,456.62426314132887,2.5620266797576505,7.660151212882832,-5.098124533125182
2022-12-22,2330,14519582,6784664988,466.5,469.0,464.0,468.0,9.0,16893,464.4,471.1,478.55,23.696834026223073,15.515264257283604,46.20492554041064,50.00808432725948,501.2059043077058,478.55,455.89409569229423,2.1346155827668554,6.5550440868596365,-4.420428504092781
2022-12-23,2330,26724153,12200056423,457.5,458.5,455.0,455.0,-13.0,63532,461.2,468.45,476.4,20.871975269160924,18.117488817996506,34.251766418150886,43.58226605395264,499.4230319462936,476.4,453.3769680537064,0.738386198141427,5.391712509115995,-4.653326310974568
2022-12-26,2330,9152790,4171194858,454.0,457.0,453.5,456.5,1.5,16718,459.2,466.6,475.2,19.92362982929006,21.497479708224745,36.46438404169882,44.468925586148856,499.69775499918575,475.2,450.70224500081423,-0.24428225076047738,4.264513557140701,-4.508795807901178
2022-12-27,2330,10486219,4820155221,458.0,462.5,457.0,457.0,0.5,13482,459.1,465.15,473.7,7.738095238095094,16.177900112182083,37.28514788283706,44.780453889700624,498.79063570338616,473.7,448.6093642966138,-0.971509300461264,3.2173089856203076,-4.188818286081572
2022-12-28,2330,34823492,15643266841,451.0,452.0,446.0,451.0,-6.0,59400,457.5,462.2,471.75,14.404761904761761,14.02216232404903,31.574721524006854,41.753406130353156,497.52304793771975,471.75,445.97695206228025,-2.008835230563477,2.1720801423835505,-4.180915372947028
2022-12-29,2330,25596357,11400284554,444.0,449.5,442.5,446.0,-5.0,34637,453.1,458.75,469.125,15.154320987654176,12.432392710170403,27.482538462821232,39.365330269672974,494.14873872945446,469.125,444.10126127054554,-3.197522666050247,1.098159580696791,-4.295682246747038
2022-12-30,2330,22297604,10079102379,455.0,456.5,448.5,448.5,2.5,23086,451.8,456.5,466.925,18.534824132308263,16.03130234157479,32.579641096341575,41.17691517259915,491.0626780159141,466.925,442.7873219840859,-3.8929612817045722,0.09993540821651825,-3.9928966899210905
2023-01-03,2330,15311364,6871973708,446.0,453.5,443.0,453.0,4.5,22581,451.1,455.15,465.125,25.07570463545292,19.588283251805176,41.25123308583207,44.39718066237966,487.7300326255028,465.125,442.5199673744972,-4.034482005858763,-0.7269480745985382,-3.3075339312602248
2023-01-04,2330,20626874,9310050329,449.5,455.0,448.5,449.5,-3.5,18233,449.6,454.35,463.7,29.55974842767281,24.390092398478057,36.939951256868774,42.45061918302679,486.4714733822833,463.7,440.92852661771667,-4.378585342380063,-1.457275528154843,-2.92130981422522
2023-01-05,2330,23972099,10972616269,459.0,459.5,455.0,458.5,9.0,20752,451.1,454.3,462.875,48.67924528301872,34.43823278204821,51.99223037730545,48.681453823734614,485.1390405137971,462.875,440.6109594862029,-3.880334847148788,-1.9418873919536321,-1.9384474551951558
2023-01-06,2330,21313593,9745142549,455.0,459.5,455.0,458.5,0.0,16635,453.6,453.35,462.225,62.138364779874074,46.7924528301886,51.99223037730544,48.681453823734614,484.20106652701736,462.225,440.2489334729827,-3.4457473098918285,-2.2426593755412716,-1.203087934350557
2023-01-09,2330,49186355,23352375299,468.0,481.0,467.5,481.0,22.5,57305,460.1,455.95,462.2,86.66666666666652,65.8280922431865,73.50907741094211,60.9423250804794,484.0892667762082,462.2,440.3107332237918,-1.271118928167482,-2.048351286066514,0.7772323578990319
2023-01-10,2330,34785370,16867391241,486.0,487.0,483.0,486.0,5.0,36975,466.7,458.9,462.75,92.5842696629212,80.46310036982065,76.26684039747317,63.05473382697505,486.3815467119686,462.75,439.1184532880314,0.8459958316241227,-1.4694818625283865,2.3154776941525093
2023-01-11,2330,21749124,10531314878,487.0,488.0,482.0,484.5,-1.5,25457,473.7,461.65,463.4,96.6868337654853,91.97925669835773,73.58568946649315,61.97187425538605,488.6202299751642,463.4,438.17977002483576,2.375404878963707,-0.7005045142299678,3.0759093931936747
2023-01-12,2330,22416984,10901640739,487.5,488.0,484.0,486.5,2.0,25780,479.3,465.2,463.7,95.5757226543742,94.94894202759362,74.95526944267982,62.88704761066528,489.8522465574173,463.7,437.5477534425827,3.706133849056414,0.18082315842730845,3.5253106906291056
2023-01-13,2330,81848755,41113175651,507.0,509.0,499.0,500.0,13.5,93121,487.6,470.6,464.675,91.77933177933164,94.68062939973044,82.21656759634608,68.4128716068538,494.4613643300091,464.675,434.88863566999095,5.783415704837751,1.301341667709397,4.482074037128354
2023-01-16,2330,38781925,19573968332,506.0,508.0,503.0,505.0,5.0,48051,492.4,476.25,466.375,92.1395775941229,93.16487734260964,84.19643456574316,70.1835835186601,500.9132034854153,466.375,431.8367965145847,7.743868261876287,2.589846986542775,5.154021275333512
2023-01-17,2330,29443522,14784661794,504.0,504.0,499.5,503.0,-2.0,27930,495.8,481.25,468.2,89.5469850015303,91.155298124995,80.03805863142763,68.52874650626605,506.25049276947783,468.2,430.14950723052215,9.032041994463441,3.8782859881269083,5.153756006336533
2023-01-30,2330,148413161,80057158264,542.0,543.0,534.0,543.0,40.0,153125,507.5,490.6,472.475,94.09243954698485,91.92633404754606,90.72576975387317,79.12837475644312,522.1826201401749,472.475,422.76737985982516,13.12924885624011,5.728478561749549,7.400770294490561
2023-01-31,2330,79212272,41736937234,537.0,538.0,521.0,522.0,-21.0,74279,514.6,496.95,475.625,87.02477311748821,90.22139922200118,68.32093188326023,66.4707759017051,529.3408030750724,475.625,421.90919692492764,14.514476467532518,7.485678142906143,7.028798324626375
2023-02-01,2330,42539626,22450948467,532.0,533.0,522.0,530.0,8.0,31487,520.6,504.1,478.725,83.62465168457989,88.24728811635104,71.45402632913049,68.53564841901489,537.2625734037547,478.725,420.18742659624536,16.072538254527615,9.203050165230437,6.869488089297178
2023-02-02,2330,46523592,25091483557,538.0,542.0,537.0,540.0,10.0,45495,527.6,510.0,482.975,81.9853074222848,84.21157740811769,75.05225810066173,70.94441163790201,546.1631911435985,482.975,419.78680885640154,17.90779990240668,10.944000112665686,6.963799789740994
2023-02-03,2330,34156234,18439613447,540.0,542.0,536.0,542.0,2.0,39674,535.4,515.6,487.25,90.69185884968033,85.43393931884839,75.76505068714101,71.4157329355113,554.154783087609,487.25,420.3452169123911,19.301149627640598,12.615430015660667,6.6857196119799305
2023-02-06,2330,32208918,17041821849,532.0,533.0,526.0,526.0,-16.0,46279,532.0,519.75,490.7,84.91689610750448,85.86468745982326,59.81451439318457,62.65893957289963,558.1235863774692,490.7,423.2764136225307,18.896495997808074,13.871643212090149,5.0248527857179255
2023-02-07,2330,24362116,12767910080,524.0,528.0,522.0,523.0,-3.0,28519,532.2,523.4,494.3,71.23056987171528,82.27977494296675,57.18117110157023,61.14503548822445,560.5385084373125,494.3,428.0614915626875,18.124798755086772,14.722274320689474,3.4025244343972982
2023-02-08,2330,37633169,20247927642,538.0,540.0,534.0,540.0,17.0,43495,534.2,527.4,499.0,69.49669104841506,75.21471900921166,66.83423830731898,66.13781761240148,564.1943249063908,499.0,433.80567509360924,18.669767596201552,15.511772975791889,3.1579946204096636
2023-02-09,2330,22311345,12026317167,540.0,540.0,536.0,540.0,0.0,19698,534.2,530.9,503.575,77.83002438174839,72.85242843395963,66.834238307319,66.13781761240149,566.7630328859827,503.575,440.38696711401724,18.883976601676693,16.18621370096885,2.6977629007078434
2023-02-10,2330,30445088,16545221176,544.0,546.0,541.0,545.0,5.0,40984,534.8,535.1,508.175,91.82236154649934,79.71635899222099,69.57966121630203,67.55972426045736,569.3283114393655,508.175,447.02168856063446,19.235462556374557,16.79606347204999,2.4393990843245668
2023-02-13,2330,23903151,12921896752,544.0,544.0,538.0,541.0,-4.0,22431,537.8,534.9,512.75,87.17676767676754,85.60971786833848,64.5894637333696,65.20095862703384,569.1676390856614,512.75,456.33236091433855,18.972547420523824,17.231360261744758,1.7411871587790664
2023-02-14,2330,23855974,12990943260,544.0,546.0,543.0,545.0,4.0,27983,542.2,537.2,517.075,90.33333333333319,89.77748751886675,67.32357827699839,66.4619704253977,569.3007359928978,517.075,464.84926400710236,18.869436730948223,17.55897555558545,1.3104611753627715
2023-02-15,2330,66068713,34751111404,526.0,532.0,522.0,525.0,-20.0,103433,539.2,536.7,520.4,62.49999999999985,80.00336700336693,46.41716249083866,55.61102755103293,565.2292315347937,520.4,475.5707684652062,16.978174091184428,17.442815262705246,-0.4646411715208174
2023-02-16,2330,33509968,17692691883,528.0,531.0,524.0,528.0,3.0,27033,536.8,535.5,522.75,44.44444444444429,65.75925925925918,49.17897300281802,56.75164445974153,563.8431867832114,522.75,481.6568132167885,15.542248386626738,17.062701887489546,-1.520453500862807
2023-02-17,2330,29673053,15385668299,524.0,524.0,516.0,518.0,-10.0,55965,531.4,533.1,524.35,14.72222222222206,40.55555555555547,40.96730944731689,51.95886143739309,561.9373648983249,524.35,486.7626351016752,13.442394932780871,16.33864049654781,-2.8962455637669393
2023-02-20,2330,21181235,10928087780,514.0,519.0,511.0,517.0,-1.0,25898,526.6,532.2,525.975,16.26984126984111,25.145502645502557,40.184498245319375,51.49056414017538,559.0725452261948,525.975,492.87745477380525,11.564248837228888,15.383762164684025,-3.8195133274551374
2023-02-21,2330,15097509,7771141142,515.0,517.0,513.0,516.0,-1.0,27200,520.8,531.5,527.45,12.698412698412538,14.563492063491973,39.30820474870879,50.995593589916496,555.645567027456,527.45,499.2544329725442,9.881208462226823,14.283251424192585,-4.402042961965762
2023-02-22,2330,26578867,13474662693,506.0,509.0,505.0,507.0,-9.0,47843,517.2,528.2,527.8,12.102206736352917,13.69015356820226,31.984649892522203,46.64925445708589,554.7710956395949,527.8,500.82890436040503,7.732032003610243,12.973007540076116,-5.240975536465873
2023-02-23,2330,26801677,13846782345,512.0,521.0,510.0,518.0,11.0,26552,515.2,526.0,528.45,16.95702671312411,13.919215382629929,46.26121000236355,52.030591361938306,553.7677803134476,528.45,503.1322196865525,6.837582846533223,11.745922601367537,-4.908339754834314
2023-02-24,2330,48372303,24932422713,524.0,525.0,511.0,511.0,-7.0,29612,513.8,522.6,528.85,17.073170731707155,15.377468060394799,40.02401356874834,48.666485076542386,552.760457962991,528.85,504.93954203700895,5.500477861968193,10.496833653487668,-4.996355791519475
2023-03-01,2330,45971058,23624972884,504.0,522.0,504.0,522.0,11.0,31738,514.8,520.7,527.8,36.87572590011598,23.635307781649157,51.91073331144067,53.729345111306706,550.9654915769152,527.8,504.63450842308475,5.267697855691154,9.451006493928364,-4.183308638237211
2023-03-02,2330,18017085,9344352321,519.0,520.0,515.0,519.0,-3.0,14320,515.4,518.1,527.65,44.82513872757758,32.924678453133644,48.83138360194061,52.21676585123124,551.0018735865038,527.65,504.2981264134961,4.785973373785282,8.517999869899748,-3.7320264961144662
2023-03-03,2330,24117189,12510608773,524.0,525.0,516.0,516.0,-3.0,22160,517.2,517.2,526.95,58.99470899470882,46.89852454080087,45.67066403760728,50.680274101852454,550.8118943087069,526.95,503.08810569129315,4.114696661479684,7.637339228215735,-3.5226425667360513
2023-03-06,2330,24741125,12883854256,520.0,524.0,517.0,521.0,5.0,20678,517.8,516.5,526.0,64.55026455026439,56.123370757517,51.744080588076,53.15440382318366,549.2120658279276,526.0,502.78793417207237,3.940736882192141,6.898018759011016,-2.9572818768188753
2023-03-07,2330,27650283,14465320023,521.0,526.0,519.0,524.0,3.0,20595,520.4,517.1,525.1,76.33477633477618,66.62658329324988,55.246167679141955,54.62519992588945,547.1263478588693,525.1,503.0736521411307,3.9988511647196674,6.318185240152746,-2.319334075433079
2023-03-08,2330,27077587,14091713576,521.0,523.0,518.0,521.0,-3.0,20504,520.2,517.5,524.85,83.04473304473288,74.64325797659123,50.93367702231658,52.838630345783656,546.943211627101,524.85,502.75678837289905,3.7594951049936753,5.806447213120932,-2.0469521081272566
2023-03-09,2330,25639391,13430582677,525.0,526.0,522.0,522.0,1.0,16497,520.8,518.1,524.8,83.33333333333316,80.90428090428082,52.37927505128268,53.38590779726001,546.9142488002653,524.8,502.6857511997346,3.608894259282465,5.366936622353238,-1.758042363070773
2023-03-10,2330,25572403,13122265260,515.0,516.0,511.0,513.0,-9.0,46216,520.2,518.7,523.45,66.6666666666665,77.68157768157761,40.00395883454181,47.98849685423038,544.976495302299,523.45,501.9235046977011,2.731826425642339,4.839914583011058,-2.1080881573687194
2023-03-13,2330,22568740,11608973891,513.0,518.0,509.0,516.0,3.0,24150,519.2,518.5,522.25,59.09090909090892,69.69696969696962,45.05254676371091,49.81003865961037,542.5957612293065,522.25,501.90423877069344,2.252849331757375,4.322501532760322,-2.0696522010029472
2023-03-14,2330,26599476,13602260966,511.0,514.0,510.0,510.0,-6.0,24848,516.4,518.4,520.5,33.77896613190714,53.17884729649429,37.65842969956192,46.31631601111831,538.6162910111301,520.5,502.3837089888699,1.3732764025683082,3.732656506721919,-2.359380104153611
2023-03-15,2330,24080361,12350942139,515.0,516.0,510.0,511.0,1.0,21075,514.4,517.3,519.0,24.064171122994484,38.978015448603614,39.5863866270548,46.983758599066775,534.9122594247314,519.0,503.0877405752686,0.7482745189862499,3.1357801091747852,-2.3875055901885354
2023-03-16,2330,23325664,11809911840,505.0,510.0,504.0,505.0,0.0,33493,511.0,515.9,517.0,7.397504456327819,21.746880570409914,32.54175083217511,43.489969837333234,528.8827606220084,517.0,505.1172393779916,-0.22855914500530616,2.462912258338767,-2.691471403344073
2023-03-17,2330,35872881,18538033584,516.0,518.0,513.0,518.0,13.0,21217,512.0,516.1,516.65,26.64884135472354,19.370172311348714,53.47171948641448,51.84531210135117,527.9685688141259,516.65,505.3314311858741,0.04575703443163093,1.9794812135573399,-1.933724179125709
2023-03-20,2330,12752221,6542889562,517.0,518.0,510.0,512.0,-6.0,17709,511.2,515.2,515.85,34.84848484848468,22.964943553178784,45.81721793638025,48.29601324528235,526.0534307955643,515.85,505.64656920443576,-0.21847680828216198,1.5398896091894394,-1.7583664174716014
2023-03-21,2330,18519120,9534730452,515.0,517.0,512.0,517.0,5.0,14094,512.6,514.5,515.8,53.03030303030287,38.17587641117047,52.43678400116628,51.28873227757337,525.9705457080815,515.8,505.62945429191836,-0.024147462165956313,1.2270821949183603,-1.2512296570843167
2023-03-22,2330,45681056,24168561556,524.0,533.0,524.0,533.0,16.0,56483,517.0,515.7,516.6,65.151515151515,51.01010101010095,67.33531532662097,59.38932478500968,529.2396202474604,516.6,503.96037975253967,1.4047333356421632,1.2626124230631208,0.14212091257904236
2023-03-23,2330,28614856,15307492846,528.0,539.0,528.0,538.0,5.0,35313,523.6,517.3,517.7,85.41125541125525,67.86435786435781,70.68330470179532,61.54167258693437,533.3984075625506,517.7,502.0015924374495,2.907078879957453,1.5915057144419873,1.3155731655154657
2023-03-24,2330,22963771,12348311773,536.0,539.0,535.0,539.0,1.0,24762,527.8,519.9,519.3,99.04761904761888,83.20346320346316,71.36805655119075,61.97573061975059,536.7367428151093,519.3,501.86325718489053,4.130773208068149,2.0993592131672196,2.0314139949009293
2023-03-27,2330,17170557,9148085033,533.0,536.0,531.0,531.0,-8.0,17484,531.6,521.4,519.95,91.42857142857127,91.9624819624819,58.594500122790684,56.48344340188346,538.0991046611028,519.95,501.8008953388972,4.404257103789405,2.560338791291657,1.843918312497748
2023-03-28,2330,18327556,9629323504,525.0,530.0,524.0,525.0,-6.0,20744,533.2,522.9,520.65,79.04761904761888,89.84126984126978,50.66060610501296,52.710545583031575,538.4407279221512,520.65,502.8592720778488,4.089701670479485,2.8662113671292224,1.2234903033502627
2023-03-29,2330,17620195,9329137251,533.0,533.0,525.0,530.0,5.0,15653,532.6,524.8,521.05,68.70279146141199,79.72632731253417,56.40018151188018,55.38501750546244,539.2980135905251,521.05,502.8019864094748,4.195509217937683,3.132070937290915,1.0634382806467686
2023-03-30,2330,20380650,10894446851,536.0,537.0,531.0,535.0,5.0,18171,532.0,527.8,521.85,71.7241379310343,73.15818281335517,61.610298560526346,57.946328649425446,541.0466142848102,521.85,502.65338571518987,4.629455197080915,3.431547789248915,1.1979074078320004
2023-03-31,2330,24324776,12997575231,538.0,538.0,532.0,533.0,-2.0,15962,530.8,529.3,522.7,77.65006385696023,72.69233108313563,58.35601631464359,56.54789228424133,542.2867302018458,522.7,503.11326979815425,4.75713987934887,3.6966662072689056,1.0604736720799641
2023-04-06,2330,26706549,14130223516,530.0,531.0,526.0,530.0,-3.0,19144,530.6,531.1,523.15,67.99489144316713,72.45636441038734,53.418259618119244,54.42611375141462,542.9719575219035,523.15,503.32804247809645,4.563649076232878,3.8700627810617,0.6935862951711775
2023-04-07,2330,11114272,5903807797,535.0,535.0,529.0,531.0,1.0,10285,531.8,532.5,523.5,54.81481481481464,66.81992337164745,54.90222807740031,55.03180667132616,543.614671262541,523.5,503.38532873745896,4.439818400558124,3.984013904960985,0.4558044955971394
2023-04-10,2330,8203168,4350907176,533.0,533.0,528.0,529.0,-2.0,11698,531.6,532.1,523.9,39.99999999999983,54.269902085993984,51.10351478779729,53.50033964247747,544.1178139273326,523.9,503.68218607266743,4.13265968428243,4.0137430608252735,0.11891662345715659
2023-04-11,2330,23087326,12101146147,522.0,527.0,522.0,524.0,-5.0,24432,529.4,530.7,524.0,30.83333333333316,41.88271604938266,42.52227830654927,49.77129555290256,544.1990098767242,524.0,503.8009901232758,3.446052032678608,3.9002048551959403,-0.45415282251733213
2023-04-12,2330,24772925,12870788209,523.0,524.0,517.0,520.0,-4.0,37158,526.8,528.8,524.35,20.039682539682367,30.291005291005234,36.76095024981869,46.951821545058124,544.0098575783187,524.35,504.6901424216813,2.5497519975738214,3.6301142836715163,-1.080362286097695
2023-04-13,2330,27501436,14121978133,515.0,517.0,510.0,510.0,-10.0,64834,522.8,526.7,524.05,8.928571428571255,19.933862433862377,26.348571578767444,40.738561489710975,544.3819944914445,524.05,503.71800550855545,1.0207448247984985,3.1082403918969126,-2.087495567098414
2023-04-14,2330,21174653,10936462759,516.0,520.0,513.0,516.0,6.0,19962,519.8,525.8,524.35,11.904761904761733,13.624338624338565,38.535297609759226,45.406686458436866,544.0098575783187,524.35,504.6901424216813,0.2898047911450021,2.5445532717465307,-2.2547484806015285
2023-04-17,2330,17895837,9264789087,519.0,520.0,514.0,520.0,4.0,17444,518.0,524.8,524.8,19.047619047618873,13.293650793650734,45.543564253303316,48.32889660585253,543.6106352896462,524.8,505.98936471035375,0.032916675990350086,2.0422259525952944,-2.0093092766049443
2023-04-18,2330,15687059,8097905529,518.0,520.0,514.0,515.0,-5.0,17087,516.2,522.8,525.3,25.71428571428554,18.88888888888883,39.05026239049904,45.08059514692341,542.4359271707174,525.3,508.1640728292826,-0.5675844589711687,1.5202638702820017,-2.0878483292531707
2023-04-19,2330,23209923,11881404238,517.0,518.0,509.0,510.0,-5.0,43281,514.2,520.5,524.9,19.85347985347968,21.538461538461476,33.48115273692148,42.037790883361154,543.0427671538866,524.9,506.7572328461133,-1.4304547560609535,0.9301201450134106,-2.360574901074364
2023-04-20,2330,21002685,10780268259,512.0,516.0,510.0,513.0,3.0,16627,514.8,518.8,524.95,13.504273504273334,19.69067969067963,39.51895820062309,44.46007776031592,542.9552770042483,524.95,506.94472299575176,-1.8508750200935538,0.3739211119920176,-2.2247961320855714
2023-04-21,2330,25440179,13103618008,520.0,520.0,510.0,511.0,-2.0,22738,513.8,516.8,524.65,10.54131054131037,14.633021299687906,36.91298974640495,43.16497113210823,543.3612265765797,524.65,505.9387734234203,-2.3187156825682678,-0.16460624692003945,-2.154109435648228
2023-04-24,2330,17579661,8903570323,505.0,510.0,504.0,507.0,-4.0,31635,511.2,514.6,523.35,14.259259259259087,12.768281101614376,31.99072926213083,40.61665037499215,543.1416649122797,523.35,503.55833508772037,-2.977921720888162,-0.727269341713664,-2.2506523791744977
2023-04-25,2330,40916105,20495640143,504.0,505.0,498.0,498.0,-9.0,92009,507.8,512.0,521.35,8.70370370370353,11.168091168091108,23.696176778363007,35.53355255153415,542.828128410084,521.35,499.87187158991605,-4.1784059763137975,-1.4174966686336907,-2.760909307680107
2023-04-26,2330,33174539,16353670134,498.0,498.5,491.0,491.5,-6.5,58580,504.1,509.15,518.975,5.574712643677988,9.51255853554698,19.447527755276628,32.38160974667175,542.5259553946323,518.975,495.42404460536767,-5.589857675279006,-2.251968869962754,-3.3378888053162523
2023-04-27,2330,34149043,16816693302,491.0,495.0,489.0,493.5,2.0,47699,500.2,507.5,517.1,5.413422321097343,6.563946222826398,24.318606216783202,34.31235386641071,542.4270606269256,517.1,491.77293937307445,-6.472449659650351,-3.0960650279002735,-3.376384631750078
2023-04-28,2330,38812949,19433015577,498.5,502.0,498.0,502.0,8.5,23746,498.4,506.1,515.95,19.39191694475326,10.126683969842974,41.77614227775378,41.904676902274154,541.8206397292338,515.95,490.07936027076636,-6.412116317950961,-3.759275285910411,-2.6528410320405498
2023-05-02,2330,17142380,8572554842,500.0,502.0,496.5,501.0,-1.0,18247,497.2,504.2,514.5,31.72043010752671,18.841923124459214,40.49406825500474,41.299885534062206,540.3089131890533,514.5,488.6910868109466,-6.371546134933453,-4.28172945571502,-2.0898166792184334
2023-05-03,2330,12694698,6305914905,496.0,498.0,495.0,496.0,-5.0,25658,496.8,502.3,512.55,34.40860215053746,28.50698306760592,34.34553115142018,38.32175858837866,537.7549598293722,512.55,487.34504017062767,-6.666010565504564,-4.7585856776729285,-1.9074248878316356
2023-05-04,2330,13699933,6818128036,497.0,499.5,496.0,498.0,2.0,14801,498.1,501.1,510.8,30.107526881720258,32.07885304659492,38.68982996016085,40.17993072868044,534.9192868882973,510.8,486.6807131117027,-6.661206224037414,-5.139109786945825,-1.522096437091589
2023-05-05,2330,7898012,3949232374,500.0,502.0,498.5,500.0,2.0,10944,499.4,499.8,509.3,34.6646185355861,33.060249189281386,43.08362147297087,42.059762210434656,532.1547588042396,509.3,486.4452411957604,-6.421986797257887,-5.395685189008238,-1.026301608249649
2023-05-08,2330,11737287,5932968954,509.0,509.0,502.0,504.0,4.0,13709,499.8,499.1,507.95,52.137736815155996,38.96996074415423,51.23758744623711,45.7327897295958,528.6016343178961,507.95,487.2983656821038,-5.842290815624267,-5.485006314331444,-0.3572845012928232
2023-05-09,2330,18762778,9530653802,507.0,510.0,505.0,510.0,6.0,17452,501.6,499.4,507.0,75.79365079365063,54.198668714797684,61.01217952452963,50.773785058913475,525.3057368057114,507.0,488.6942631942886,-4.842901760889902,-5.356585403643136,0.5136836427532341
2023-05-10,2330,19385820,9753130414,508.0,508.0,500.0,503.0,-7.0,26320,503.0,499.9,505.95,80.55555555555539,69.49564772145412,47.93391923477001,45.467272742651765,522.5659561867492,505.95,489.33404381325084,-4.563119432982489,-5.197892209511006,0.6347727765285169
2023-05-11,2330,13775130,6894746011,506.0,506.0,498.5,499.0,-4.0,20237,503.2,500.65,504.9,64.44444444444427,73.59788359788354,41.94048642205115,42.71972814007764,520.4518487647,504.9,489.34815123529995,-4.611003712451236,-5.080514510099052,0.4695107976478159
2023-05-12,2330,20746928,10313384387,496.0,500.0,495.0,496.0,-3.0,27989,502.4,500.9,504.2,33.333333333333165,59.44444444444439,37.80445580307595,40.73169213373224,520.0284553889518,504.2,488.3715446110482,-4.835289074286322,-5.031469422936506,0.1961803486501834
2023-05-15,2330,15548031,7721867966,497.0,499.5,494.5,495.5,-0.5,16896,500.7,500.25,503.175,13.261648745519546,37.013142174432446,37.09317702117722,40.39428895764271,518.4598781480241,503.175,487.89012185197595,-4.995794254364625,-5.02433438922213,0.028540134857504285
2023-05-16,2330,24052785,12131536763,503.0,508.0,500.0,505.0,9.5,22355,499.7,500.65,502.425,26.953405017920982,24.516129032258018,55.60747054888735,49.032917029889816,515.669904680664,502.425,489.18009531933603,-4.30677928998881,-4.880823369375466,0.5740440793866552
2023-05-17,2330,44352410,22870340267,508.0,521.0,506.0,519.0,14.0,52663,502.9,502.95,502.625,55.54879285859184,31.921282207344245,70.52311904144064,58.563671552033725,516.7171077202817,502.625,488.5328922797183,-2.601063528269947,-4.424871401154362,1.823807872884415
2023-05-18,2330,46107848,24437734052,533.0,536.0,526.0,530.0,11.0,50359,509.1,506.15,503.625,81.91231144908284,54.80483644186534,77.46407240462668,64.22441623913747,521.8893778979746,503.625,485.3606221020254,-0.357541908367466,-3.6114055025969827,3.2538635942295167
2023-05-19,2330,34742592,18476363730,535.0,535.0,529.0,532.0,2.0,39104,516.3,509.35,504.575,89.45214821550336,75.63775084105947,78.53615729663316,65.15646054891654,526.3333891867047,504.575,482.8166108132953,1.5638216617368812,-2.5763600697302103,4.1401817314670915
2023-05-22,2330,19037508,10100912410,532.0,533.0,529.0,531.0,-1.0,18796,523.4,512.05,505.575,87.95180722891548,86.43875563116735,76.41558789817289,64.25507221268283,530.0867828808924,505.575,481.0632171191075,2.9715700809157397,-1.4667740396010203,4.43834412051676
2023-05-23,2330,20126817,10638352410,530.0,531.0,525.0,530.0,-1.0,15826,528.4,514.05,506.725,87.95180722891548,88.45192089111157,74.08190536614696,63.31182834902893,533.4541507534358,506.725,479.9958492465643,3.9608707502904963,-0.38124508162271686,4.342115831913214
2023-05-24,2330,22621221,11888325332,527.0,528.0,524.0,525.0,-5.0,16339,529.6,516.25,508.075,82.32931726907613,86.07764390896915,62.88006032947854,58.67397737739979,535.6200086222539,508.075,480.52999137774617,4.291965340253114,0.5533970027524494,3.7385683375006646
2023-05-25,2330,68360924,36976525917,542.0,545.0,537.0,543.0,18.0,80930,532.2,520.65,510.65,85.02524951290292,85.1021246702983,77.29774869116706,67.81463687756971,541.0014414814202,510.65,480.2985585185797,5.938356083497183,1.6303888189013964,4.307967264595787
2023-05-26,2330,104924623,59322536825,568.0,568.0,563.0,566.0,23.0,131612,539.0,527.65,514.275,88.8641344644739,85.40623374881778,85.62253157169786,75.32486957432708,551.9916740315222,514.275,476.5583259684778,8.995347622124314,3.1033805795459797,5.891967042578334
2023-05-29,2330,58813792,33454887785,574.0,574.0,564.0,568.0,2.0,52250,546.4,534.9,517.575,94.75829935934752,89.54922777890825,86.13820231668848,75.85252873347731,561.4626691110352,517.575,473.6873308889649,11.447459538460521,4.772196371328888,6.675263167131633
2023-05-30,2330,47490594,26861389177,566.0,568.0,563.0,566.0,-2.0,32956,553.6,541.0,520.825,90.7450980392155,91.45584395434578,82.67857097840572,74.14502860668217,568.7617030572584,520.825,472.88829694274176,13.0786303043825,6.433483157939611,6.6451471464428895
2023-05-31,2330,90675529,50573324515,560.0,562.0,551.0,558.0,-8.0,39679,560.2,544.9,523.925,81.05882352941158,88.85407364265835,69.62812129189683,67.59078132791649,573.0435046596511,523.925,474.80649534034876,13.569392240026332,7.860664974356955,5.708727265669377
2023-06-01,2330,25257673,13920836412,550.0,554.0,550.0,551.0,-7.0,25441,561.8,547.0,526.575,68.66666666666647,80.156862745098,59.96561768165905,62.39353707004498,575.5313836491198,526.575,477.61861635088025,13.24085082504621,8.936702144494806,4.304148680551403
2023-06-02,2330,34705102,19460144774,559.0,564.0,557.0,562.0,11.0,30644,561.0,550.0,529.675,65.99999999999982,71.9084967320261,68.08527250636361,66.72366279619368,579.3542461698049,529.675,479.995753830195,13.71004657313813,9.891371030223471,3.818675542914658
2023-06-05,2330,17483804,9730882750,560.0,560.0,555.0,555.0,-7.0,20211,558.4,552.4,532.225,63.99999999999981,66.22222222222216,59.174931175022394,61.843626987338055,581.6056389185075,532.225,482.8443610814926,13.363005674086025,10.585697958995983,2.7773077150900427
2023-06-06,2330,21562088,12043550635,554.0,562.0,553.0,560.0,5.0,15551,557.2,555.4,534.725,66.72072072072054,65.57357357357351,63.18943935334045,63.875965406481825,584.4135047068235,534.725,485.03649529317664,13.33768296771666,11.136094960740119,2.2015880069765412
2023-06-07,2330,29091913,16449319451,561.0,568.0,560.0,568.0,8.0,29548,559.2,559.7,537.975,66.3873873873872,65.70270270270264,68.89837640927541,66.91262378511303,587.440619373459,537.975,488.5093806265411,13.804023491584303,11.669680666908956,2.134342824675347
2023-06-08,2330,25250687,14190442437,562.0,568.0,555.0,559.0,-9.0,27238,560.8,561.3,540.975,58.22072072072053,63.77627627627621,57.24571519075947,60.727837340545484,587.8306026532581,540.975,494.1193973467419,13.294130471918379,11.994570627910841,1.299559844007538
2023-06-09,2330,19776199,11160654540,561.0,566.0,561.0,565.0,6.0,16713,561.4,561.2,544.425,65.27777777777759,63.295295295295226,62.215983008046564,63.17177888962476,587.5379620879877,544.425,501.3120379120122,13.221774055121159,12.240011313352905,0.9817627417682537
2023-06-12,2330,28656646,16431644333,574.0,574.0,571.0,574.0,9.0,38130,565.2,561.8,548.35,73.61111111111093,65.70320320320313,68.60334554557367,66.53582585950822,586.993369418308,548.35,509.706630581692,13.73235778492267,12.538480607666859,1.1938771772558106
2023-06-13,2330,62671781,37077358748,593.0,594.0,589.0,593.0,19.0,84903,571.8,564.5,552.75,93.6868686868685,77.52525252525247,77.83289195807721,72.29033582292918,590.6808581500603,552.75,514.8191418499397,15.491563182517211,13.12909712263693,2.3624660598802816
2023-06-14,2330,25981992,15311616372,590.0,591.0,587.0,590.0,-3.0,28171,576.2,567.7,556.3,95.99039172209886,87.7627905066929,73.83462749965263,70.2366024185878,594.2214978607158,556.3,518.3785021392841,16.45399973980625,13.794077646070793,2.6599220937354566
2023-06-15,2330,29868798,17618169127,590.0,593.0,587.0,591.0,0.0,28303,582.6,571.7,559.35,93.55136733185496,94.40954258027425,74.34709975280285,70.53707381212782,598.1225418305252,559.35,520.5774581694749,17.10030758680125,14.455323634216885,2.644983952584365
2023-06-16,2330,41560389,24417862365,590.0,590.0,584.0,589.0,-2.0,27450,587.4,574.4,562.2,90.24390243902421,93.26188716432615,71.09789583995942,69.0359699730339,600.891601155804,562.2,523.5083988441961,17.252254673913626,15.014709842156233,2.2375448317573934
2023-06-19,2330,14883308,8682282040,583.0,585.0,582.0,583.0,-6.0,18979,589.2,577.2,564.8,84.09422555764,89.29649844283988,61.66547702752627,64.59480576457841,601.7031163995714,564.8,527.8968836004285,16.696062167532546,15.350980307231495,1.3450818603010504
2023-06-20,2330,17013418,9902274410,579.0,585.0,579.0,583.0,0.0,17658,587.2,579.5,567.45,77.1315405461745,83.82322284761305,61.66547702752627,64.59480576457842,601.4763133471702,567.45,533.4236866528299,16.07003029310249,15.494790304405694,0.5752399886967972
2023-06-21,2330,23718735,13782152333,582.0,585.0,578.0,581.0,-2.0,25132,585.4,580.8,570.25,68.06526806526787,76.4303447230276,58.16444380472383,63.0273384979419,598.5828431330144,570.25,541.9171568669856,15.236871071904034,15.443206457905362,-0.20633538600132795
2023-06-26,2330,29870090,17192208130,576.0,578.0,574.0,574.0,-7.0,28167,582.0,582.3,571.8,48.481470220600464,64.55942627734775,47.21792825155003,57.7456488676083,597.2448423064513,571.8,546.3551576935486,13.85206688353594,15.124978543031478,-1.2729116594955379
2023-06-27,2330,22447417,12847067878,570.0,575.0,569.0,572.0,-2.0,20736,578.6,583.0,572.1,28.54984628897653,48.365528191615105,44.430653593772426,56.29412682608975,597.4053354057968,572.1,546.7946645942033,12.449703865486413,14.589923607522465,-2.1402197420360523
2023-06-28,2330,18684508,10734873692,579.0,579.0,571.0,574.0,2.0,15939,576.8,583.0,572.4,15.292270531400774,30.774529013659404,48.01104661846311,57.44606398767211,597.6459897805593,572.4,547.1540102194407,11.368653593618774,13.945669604741727,-2.5770160111229536
2023-06-29,2330,18046268,10372330946,578.0,580.0,570.0,573.0,-1.0,17649,574.8,581.0,572.75,16.49999999999981,20.11403894012585,46.271925689908464,56.642197781772985,597.8248878362397,572.75,547.6751121637603,10.312347499208272,13.219005183635037,-2.906657684426765
2023-06-30,2330,33830922,19401712736,570.0,576.0,568.0,576.0,3.0,20529,573.8,579.6,573.65,24.621212121211936,18.804494217537655,52.31722952456628,58.517595379198006,597.8183677562242,573.65,549.4816322437757,9.606553863995487,12.496514919707128,-2.889961055711641
2023-07-03,2330,15118041,8743824984,578.0,580.0,576.0,579.0,3.0,15659,574.8,578.4,575.05,39.245395127747884,26.78886908298669,57.85020915811536,60.363893247028464,596.9449765928198,575.05,553.1550234071801,9.183421484680593,11.833896232701822,-2.650474748021228
2023-07-04,2330,17777363,10361905547,585.0,585.0,580.0,585.0,6.0,18848,577.4,578.0,576.2,67.02317290552566,43.62992671816196,66.83087262045369,63.83115890009873,597.6438802458849,576.2,554.7561197541152,9.225885615021525,11.312294109165762,-2.086408494144237
2023-07-05,2330,15553503,9060750346,589.0,589.0,579.0,582.0,-3.0,16504,579.0,577.9,577.55,77.12418300653576,61.1309170132699,59.44283185319831,60.95975662467992,596.7695213259885,577.55,558.3304786740114,8.914700695886722,10.832775426509954,-1.918074730623232
2023-07-06,2330,32069711,18234491768,573.0,574.0,565.0,565.0,-17.0,60108,577.4,576.1,577.8,55.55555555555537,66.56763715587239,34.3431994937605,47.82958806767347,596.2130388583752,577.8,559.3869611416247,7.2131774607139505,10.108855833350754,-2.8956783726368034
2023-07-07,2330,19858943,11244712238,565.0,572.0,563.0,565.0,0.0,21855,575.2,574.5,577.65,24.78632478632461,52.48868778280538,34.3431994937605,47.82958806767346,596.4252496654569,577.65,558.874750334543,5.797873758391006,9.246659418358805,-3.4487856599677986
2023-07-10,2330,18996089,10794393087,567.0,573.0,565.0,565.0,0.0,17792,572.4,573.6,577.95,5.128205128204948,28.49002849002844,34.3431994937605,47.829588067673455,595.6866851468818,577.95,560.2133148531183,4.622944945934137,8.32191652387387,-3.6989715779397336
2023-07-11,2330,18566571,10665245909,574.0,577.0,570.0,577.0,12.0,17795,570.8,574.1,578.55,23.076923076922895,17.663817663817614,55.43568628094763,56.15544780856041,595.276924403496,578.55,561.8230755965039,4.606998498044163,7.578932918707929,-2.971934420663766
2023-07-12,2330,16220006,9338600582,574.0,578.0,572.0,578.0,1.0,14426,570.0,574.5,578.75,39.74358974358956,22.6495726495726,56.785407380678976,56.77452954289907,595.3496987924494,578.75,562.1503012075506,4.6217755146768695,6.9875014379017175,-2.365725923224848
2023-07-13,2330,26878397,15790086719,587.0,590.0,585.0,585.0,7.0,32540,574.0,575.7,578.35,64.33998100664749,42.38683127572011,65.35471577281112,60.932926590569245,593.9098843183319,578.35,562.7901156816681,5.139087701330141,6.617818690587402,-1.4787309892572615
2023-07-14,2330,24381177,14372679526,589.0,591.0,587.0,591.0,6.0,26789,579.2,577.2,578.4,79.72459639126288,61.269389047166776,71.08788996550453,64.1192215431693,594.1149610244494,578.4,562.6850389755506,5.964456648692931,6.487146282208508,-0.5226896335155775
2023-07-17,2330,14311753,8428551949,588.0,591.0,587.0,591.0,0.0,18226,584.4,578.4,578.4,93.82716049382698,79.29724596391259,71.08788996550453,64.1192215431693,594.1149610244494,578.4,562.6850389755506,6.543142215445073,6.498345468855821,0.04479674658925159
2023-07-18,2330,22022410,12866196578,587.0,588.0,580.0,581.0,-10.0,31079,585.2,578.0,578.0,88.09523809523792,87.21566499344273,51.68527813538745,55.38741144411122,593.0066651858417,578.0,562.9933348141583,6.124241822268459,6.423524739538349,-0.2992829172698901
2023-07-19,2330,24909638,14517904258,584.0,587.0,579.0,581.0,0.0,20069,585.8,577.9,577.9,76.19047619047602,86.03762492651379,51.685278135387456,55.38741144411122,592.7983220531775,577.9,563.0016779468225,5.726251578927759,6.284070107416231,-0.5578185284884727
2023-07-20,2330,15676734,9102325307,580.0,584.0,578.0,579.0,-2.0,19382,584.6,579.3,577.7,60.805860805860625,75.030525030525,48.11066147958711,53.691432732897205,592.4254881073549,577.7,562.9745118926452,5.18963527341657,6.065183140616299,-0.875547867199729
2023-07-21,2330,52275128,29291080481,560.0,563.0,557.0,560.0,-19.0,86810,578.4,578.8,576.65,42.31846584787744,59.771600948071516,27.23445181580305,40.88379986227481,593.1699878934626,576.65,560.1300121065374,3.1943987346437552,5.4910262594217905,-2.2966275247780352
2023-07-24,2330,27656825,15469188055,557.0,563.0,557.0,558.0,-2.0,30269,571.8,578.1,575.85,21.870286576168755,41.664871076635755,25.856592740154206,39.80736347645591,594.2486412541735,575.85,557.4513587458265,1.4352316602816018,4.679867339593753,-3.244635679312151
2023-07-25,2330,22767807,12899067927,561.0,569.0,561.0,569.0,11.0,21119,569.4,577.3,575.7,15.686274509803747,26.62500897795013,44.027302126792975,47.92797856873205,594.2698680663017,575.7,557.1301319336984,0.9181038195673636,3.927514635588475,-3.0094108160211115
2023-07-26,2330,15147698,8586520667,569.0,571.0,563.0,566.0,-3.0,21679,566.4,576.1,575.3,21.568627450980216,19.70839617898439,40.84246894700457,46.101260144524,594.3378570222642,575.3,556.2621429777357,0.26316771849997167,3.1946452521707744,-2.9314775336708028
2023-07-27,2330,13004888,7396939592,570.0,570.0,566.0,569.0,3.0,12672,564.4,574.5,575.1,32.35294117647041,23.202614379084938,45.446458741149705,48.22634372710065,594.3135368945938,575.1,555.8864631054063,-0.013641679413240126,2.5529878658539715,-2.5666295452672117
2023-07-28,2330,19009675,10814265557,569.0,573.0,565.0,567.0,-2.0,19313,565.8,572.1,574.65,31.34092346616048,28.420830697870517,42.85253974960267,46.898788928297286,594.1771605718818,574.65,555.1228394281181,-0.3899038381268838,1.9644095250578004,-2.3543133631846844
2023-07-31,2330,28409339,16044638425,575.0,575.0,560.0,565.0,-2.0,28425,567.2,569.5,573.95,31.406282943284666,31.700049195305336,40.17717761813226,45.54849946909278,593.8042186952785,573.95,554.0957813047216,-0.8397969386788873,1.4035682323104628,-2.24336517098935
2023-08-01,2330,18916866,10711815419,565.0,568.0,564.0,567.0,2.0,13827,566.8,568.1,573.05,31.987256073277404,31.57815416090767,44.238672437463876,47.186064162792306,592.4456180618246,573.05,553.6543819381753,-1.0231627930864988,0.9182220272310704,-1.9413848203175692
2023-08-02,2330,34495766,19394908189,567.0,569.0,558.0,561.0,-6.0,34408,565.8,566.1,572.0,28.6419753086418,30.67850477506811,35.74489187299094,43.00739761602939,591.616319736384,572.0,552.383680263616,-1.6337980033137,0.4078180211221163,-2.0416160244358164
2023-08-04,2330,29320685,16266624892,556.0,560.0,552.0,554.0,-7.0,47739,562.8,563.6,571.45,22.65163714439059,27.760289508770086,28.339004263737028,38.701325713288306,592.3925404380618,571.45,550.5074595619383,-2.6520016808043465,-0.20414591926317627,-2.4478557615411702
2023-08-07,2330,15607870,8719529904,558.0,561.0,556.0,558.0,4.0,13239,561.0,563.4,571.1,19.001610305957954,23.4317409196636,37.03591067516058,42.25902210045556,592.6861066429304,571.1,549.5138933570696,-3.1004290442992897,-0.783402544270399,-2.3170265000288905
2023-08-08,2330,21167596,11708530913,558.0,558.0,551.0,552.0,-6.0,33867,558.4,562.8,570.45,12.983091787439434,18.21211307926281,30.548025545197742,38.63664888186763,593.4671675060118,570.45,547.4328324939883,-3.8950609781566072,-1.4057342310476408,-2.4893267471089664
2023-08-09,2330,15088059,8355524852,550.0,557.0,550.0,554.0,2.0,14590,555.8,561.3,569.3,15.417874396135085,15.800858829844309,34.97766348531601,40.46847475836111,593.1755104657527,569.3,545.4244895342472,-4.313703536270964,-1.9873280920923055,-2.3263754441786584
2023-08-10,2330,18884431,10418779108,552.0,554.0,550.0,551.0,-3.0,21572,553.8,559.8,567.95,8.055555555555376,12.15217391304345,31.465633887184335,38.60675477596182,592.7409257592293,567.95,543.1590742407708,-4.831857067143801,-2.5562338871026045,-2.2756231800411966
2023-08-11,2330,24816095,13663661565,556.0,558.0,546.0,546.0,-5.0,33682,552.2,557.5,566.0,6.666666666666487,10.046698872785802,26.325845491965104,35.662078180001195,591.2507425633405,566.0,540.7492574366595,-5.581614311364433,-3.16130997195497,-2.420304339409463
2023-08-14,2330,24728477,13344853868,540.0,543.0,537.0,541.0,-5.0,44024,548.8,554.9,563.5,5.49999999999982,6.740740740740713,22.11195955942658,32.95511803031541,588.2507575641655,563.5,538.7492424358345,-6.504283214256702,-3.8299046204153164,-2.6743785938413858
2023-08-15,2330,16341396,8859336259,543.0,545.0,540.0,542.0,1.0,20787,546.8,552.6,561.05,9.37499999999982,7.180555555555529,24.916251220127222,34.03359948366321,584.0671675060219,561.05,538.032832493978,-7.073276990434465,-4.478579094419146,-2.594697896015319
2023-08-16,2330,29612963,15981443678,541.0,543.0,536.0,542.0,0.0,44555,544.4,550.1,559.1,17.37499999999982,10.749999999999972,24.916251220127226,34.03359948366321,581.6290923030658,559.1,536.5709076969342,-7.438462689827929,-5.070555813500903,-2.3679068763270266
2023-08-17,2330,24070209,13048399357,540.0,546.0,537.0,544.0,2.0,18167,543.0,548.4,557.25,23.87499999999982,16.87499999999997,31.618416465523275,36.406392602242704,578.3106267713011,557.25,536.1893732286989,-7.480263876648223,-5.552497426130367,-1.927766450517856
2023-08-18,2330,19582982,10591633376,540.0,544.0,539.0,539.0,-5.0,21346,541.6,546.9,555.25,23.212121212121033,21.487373737373712,25.087031802224995,33.192025096343215,575.2387468341576,555.25,535.2612531658424,-7.8266293207193485,-6.007323805048164,-1.8193055156711848
2023-08-21,2330,18313588,9840509268,544.0,544.0,534.0,537.0,-2.0,33922,540.8,544.8,554.1,19.3787878787877,22.155303030303006,22.881300380263923,31.97588089539835,575.4625841133535,554.1,532.7374158866465,-8.16835006099484,-6.4395290562374985,-1.7288210047573411
2023-08-22,2330,14853796,8041168413,544.0,544.0,538.0,541.0,4.0,13606,540.6,543.7,553.25,18.43434343434326,20.341750841750823,36.00926088302954,36.95143240191997,575.267038856304,553.25,531.232961143696,-8.023905056242029,-6.756404256238405,-1.2675008000036243
2023-08-23,2330,21701684,11920663477,546.0,552.0,544.0,552.0,11.0,21521,542.6,543.5,552.4,38.88888888888871,25.56734006734005,58.613023827914446,48.17721071767332,573.1980768341759,552.4,531.601923165824,-6.941802502019868,-6.793483905394697,-0.14831859662517122
2023-08-24,2330,24409517,13715472727,563.0,564.0,558.0,564.0,12.0,28550,546.6,544.8,552.3,68.05555555555537,41.79292929292927,71.44882444647313,57.14210748485833,572.8533452265175,552.3,531.7466547734824,-5.057627537862686,-6.446312631888295,1.3886850940256092
2023-08-25,2330,25782760,14141567044,549.0,551.0,546.0,546.0,-18.0,42456,548.0,544.8,551.15,71.66666666666649,59.53703703703701,46.312733872355864,44.66154422149749,570.3674399960112,551.15,531.9325600039888,-4.959682736453374,-6.148986652801311,1.1893039163479369
2023-08-28,2330,9384631,5166103257,547.0,553.0,547.0,549.0,3.0,11096,550.4,545.6,550.25,63.33333333333315,67.68518518518515,49.750156249466684,46.74910105945962,568.0474717305577,550.25,532.4525282694423,-4.587108516130456,-5.83661102546714,1.2495025093366836
2023-08-29,2330,10969386,6035376093,551.0,553.0,546.0,552.0,3.0,11040,552.6,546.6,549.6,49.99999999999982,61.666666666666636,53.242819503568676,48.82797686028325,566.0972725018385,549.6,533.1027274981616,-4.003614656719151,-5.470011751717542,1.466397094998391
2023-08-30,2330,18674649,10396527428,558.0,560.0,554.0,555.0,3.0,14916,553.2,547.9,549.0,59.99999999999982,57.77777777777775,56.74997597306547,50.89256548339354,563.6969384566991,549.0,534.3030615433009,-3.261519870494112,-5.028313375472856,1.766793504978744
2023-08-31,2330,47265347,25978808976,553.0,556.0,548.0,549.0,-6.0,19831,550.2,548.4,548.4,59.99999999999982,56.66666666666665,48.29709718301046,46.823630889422994,562.029380029921,548.4,534.770619970079,-3.12157073746323,-4.646964847870931,1.5253941104077011
2023-09-01,2330,15194921,8331995536,543.0,553.0,543.0,548.0,-1.0,12739,550.6,549.3,548.1,52.82051282051264,57.60683760683759,46.93766976816516,46.16120554527185,561.4850663053986,548.1,534.7149336946014,-3.056122604889538,-4.328796399274653,1.2726737943851152
2023-09-04,2330,9772925,5412329762,549.0,557.0,549.0,557.0,9.0,12158,552.2,551.3,548.05,51.709401709401526,54.84330484330482,59.04247915197184,52.653351665516645,561.2934889662944,548.05,534.8065110337055,-2.2520692519626664,-3.9134509698122555,1.661381717849589
2023-09-05,2330,14337041,7911531475,553.0,555.0,550.0,552.0,-5.0,13714,552.2,552.4,548.05,49.328449328449146,51.286121286121265,51.437076707131546,49.110298178708774,561.2934889662944,548.05,534.8065110337055,-1.9953087133224017,-3.5298225185142846,1.534513805191883
2023-09-06,2330,14442757,7972706415,556.0,556.0,550.0,550.0,-2.0,12752,551.2,552.2,547.85,50.233426704014754,50.423759247288636,48.52039698960507,47.726861648043695,560.8465380005568,547.85,534.8534619994432,-1.9309486478541658,-3.210047744382261,1.2790990965280953
2023-09-07,2330,22610385,12305542681,546.0,548.0,542.0,542.0,-8.0,41564,549.8,550.0,547.4,28.01120448179253,42.52436017141897,38.36763373094338,42.56205644316171,560.5514257782263,547.4,534.2485742217737,-2.496695620517471,-3.067377319609303,0.570681699091832
2023-09-08,2330,16702110,8980038278,535.0,540.0,535.0,539.0,-3.0,36672,548.0,549.3,547.05,19.058823529411573,32.434484905073106,35.149818804940345,40.77987109655455,560.6951456569791,547.05,533.4048543430208,-3.1508085407463113,-3.084063563836705,-0.06674497690960646
2023-09-11,2330,15540773,8348107210,539.0,540.0,536.0,536.0,-3.0,31155,543.8,548.0,546.8,6.666666666666477,17.912231559290348,32.017077566098166,39.02030491119072,561.0492105044549,546.8,532.550789495545,-3.866699762683538,-3.2405908036060715,-0.6261089590774667
2023-09-12,2330,17135765,9268673682,536.0,545.0,536.0,544.0,8.0,20545,542.2,547.2,546.9,20.303030303030113,15.342840166369541,46.77519693074375,45.743351731674636,561.0407213394495,546.9,532.7592786605504,-3.745341605937142,-3.3415409640722857,-0.4038006418648563
2023-09-13,2330,16836487,9146776791,545.0,548.0,541.0,541.0,-3.0,18111,540.4,545.8,546.85,24.060606060605874,17.010101010100975,42.718050600366645,43.79347891441384,561.0665396633593,546.85,532.6334603366407,-3.8468947126921194,-3.4426117137962526,-0.4042829988958667
2023-09-14,2330,18377284,10058129685,544.0,550.0,543.0,550.0,0.0,19037,542.0,545.9,547.15,45.45454545454527,29.939393939393906,56.057970052730845,50.59705269437605,561.3665396633675,547.15,532.9334603366325,-3.164671138637459,-3.387023598764494,0.22235246012703502
2023-09-15,2330,44681949,24818735444,549.0,558.0,547.0,558.0,8.0,18023,545.8,546.9,548.1,65.15151515151497,44.88888888888886,64.60589372818143,55.727091053517576,562.5485293369179,548.1,533.6514706630821,-1.9559242229122447,-3.100803723594044,1.1448795006817996
2023-09-18,2330,40148161,21843932948,548.0,549.0,540.0,540.0,-18.0,58958,546.6,545.2,548.25,63.30698287220008,57.97101449275359,42.767400136164596,44.52418006414398,562.2910113595818,548.25,534.2089886404182,-2.4225079872537663,-2.9651445763259887,0.5426365890722225
2023-09-19,2330,21099739,11374956906,539.0,543.0,538.0,538.0,-2.0,45323,545.4,543.8,548.1,44.92753623188387,57.79534475186645,40.97207631980167,43.47830621829616,562.5069427707555,548.1,533.6930572292446,-2.920002298492932,-2.9561161207593774,0.03611382226644544
2023-09-20,2330,28098535,15065407249,536.0,538.0,535.0,535.0,-3.0,50355,544.2,542.3,547.25,11.59420289855054,39.94290733421164,38.16813494003136,41.888817621429105,562.6106640481444,547.25,531.8893359518556,-3.515816903611949,-3.068056277329892,-0.44776062628205704
2023-09-21,2330,35984810,19006048743,530.0,531.0,526.0,527.0,-8.0,96356,539.6,540.8,545.4,5.389492753623003,20.637077294685948,31.46822804583448,37.908855919524,561.1530949340168,545.4,529.6469050659831,-4.5807335668406495,-3.3705917352320434,-1.2101418316086061
2023-09-22,2330,33499481,17519111007,523.0,525.0,522.0,522.0,-5.0,68488,532.4,539.1,544.2,1.0416666666664813,6.00845410628015,27.897477060641208,35.63027396541676,562.9573985402992,544.2,525.4426014597009,-5.761728290830774,-3.8488190463517897,-1.9129092444789846
2023-09-25,2330,20583374,10814706278,522.0,529.0,522.0,525.0,3.0,23438,529.4,538.0,543.0,3.8194444444442595,3.4168679549113903,33.2031593197025,38.03681698038099,563.376457003119,543.0,522.623542996881,-6.382032096910507,-4.355461656463533,-2.0265704404469735
2023-09-26,2330,29064997,15130935931,521.0,524.0,519.0,519.0,-6.0,66748,525.6,535.5,541.35,2.7777777777775925,2.546296296296253,28.337620502461224,35.202187503863556,563.7845715359143,541.35,518.9154284640857,-7.273927875498202,-4.939154900270467,-2.334772975227735
2023-09-27,2330,18655088,9709749290,517.0,523.0,516.0,522.0,3.0,22249,523.0,533.6,539.7,7.539682539682356,4.712301587301545,33.98097620219507,37.702074651208115,562.7225975945332,539.7,516.6774024054669,-7.650496615126713,-5.481423243241716,-2.1690733718849966
2023-09-28,2330,28350350,14826254349,523.0,525.0,520.0,523.0,1.0,20589,522.2,530.9,538.4,11.832611832611647,7.38335738335734,35.942710973631264,38.553063217673746,562.101476747241,538.4,514.698523252759,-7.778571877056379,-5.940852970004649,-1.8377189070517304
2023-10-02,2330,26891996,14300676237,530.0,534.0,528.0,533.0,10.0,23151,524.4,528.4,537.65,32.8202661535993,17.39752017529791,52.43287242904915,46.433148933732625,561.0361069868447,537.65,514.2638930131552,-6.992550251764214,-6.151192426356562,-0.8413578254076528
2023-10-03,2330,17601440,9335110434,528.0,533.0,528.0,529.0,-4.0,17430,525.2,527.3,536.25,47.755331088664235,30.802736358291867,46.80949666105565,44.0023382636609,558.1394951974664,536.25,514.3605048025336,-6.6161224797915565,-6.24417843704356,-0.3719440427479963
2023-10-04,2330,29808729,15519741014,521.0,523.0,519.0,520.0,-9.0,49176,525.4,525.5,534.65,48.092031425364574,42.88920955587617,36.52629440601547,39.04897846028187,556.3780924151224,534.65,512.9219075848775,-6.963751746994831,-6.3880930990338145,-0.5756586479610162
2023-10-05,2330,25749184,13563941939,523.0,529.0,523.0,528.0,8.0,19027,526.6,524.8,533.55,49.32659932659914,48.39132061354278,48.30366693700163,44.97811862738179,554.2620737735261,533.55,512.8379262264738,-6.518575227031647,-6.414189524633381,-0.10438570239826639
2023-10-06,2330,16160314,8587684448,530.0,533.0,529.0,532.0,4.0,14047,528.4,525.3,533.05,59.25925925925907,52.2259633370744,53.35259142564046,47.71671652504061,553.4016584090873,533.05,512.6983415909126,-5.776416127607149,-6.286634845228134,0.5102187176209849
2023-10-11,2330,61670562,33477968593,542.0,544.0,540.0,544.0,12.0,43385,530.6,527.5,533.3,85.18518518518499,64.5903479236812,65.23591625260562,54.95944933242585,554.0566856699253,533.3,512.5433143300746,-4.171859384438562,-5.86367975307022,1.6918203686316575
2023-10-12,2330,36350241,19916786786,545.0,550.0,544.0,550.0,6.0,35333,534.8,530.0,534.0,96.29629629629609,80.24691358024684,69.73359182048723,58.08591917535675,555.9818106624534,534.0,512.0181893375466,-2.3885529972330914,-5.168654401902794,2.7801014046697023
2023-10-13,2330,34704924,19128100250,550.0,554.0,548.0,553.0,3.0,31159,541.4,533.4,534.45,99.04761904761885,93.50970017636678,71.857504860756,59.596098578994386,557.5712023908761,534.45,511.328797609124,-0.7248394118472561,-4.279891403891686,3.5550519920444303
2023-10-16,2330,21867048,11909042136,546.0,547.0,542.0,545.0,-8.0,21225,544.8,535.7,534.65,90.47619047619027,95.27336860670187,58.98086605361637,54.007812866386,558.0617491871091,534.65,511.2382508128909,-0.051276467036700524,-3.434168416520689,3.3828919494839886
2023-10-17,2330,19462529,10712565922,550.0,552.0,548.0,551.0,6.0,19538,548.6,538.5,534.7,87.61904761904742,92.38095238095231,64.5407749335661,57.24587197671522,558.2465496410822,534.7,511.15345035891795,0.9556606147041293,-2.5562026102757254,3.5118632249798547
2023-10-18,2330,28848123,15664232734,549.0,549.0,540.0,540.0,-11.0,27159,547.8,539.2,533.8,75.23809523809503,84.44444444444436,50.03493834404185,50.259594816865004,554.9716791965168,533.8,512.6283208034831,0.8561878369830538,-1.8737245208239695,2.7299123578070232
2023-10-19,2330,26999255,14717458172,540.0,548.0,540.0,546.0,6.0,18309,547.0,540.9,534.1,75.2073732718892,79.35483870967734,56.28701663309186,53.58684870427266,555.7785608378408,534.1,512.4214391621592,1.247128676808643,-1.249553881297447,2.49668255810609
2023-10-20,2330,49143932,27116129760,549.0,556.0,546.0,556.0,10.0,41402,547.6,544.5,535.0,78.06451612903204,76.16999487967222,64.84134270068284,58.56202607276232,558.6558660801098,535.0,511.3441339198901,2.3369298626912496,-0.5322571324997075,2.869186995190957
2023-10-23,2330,24172637,13193058890,552.0,553.0,543.0,544.0,-12.0,23393,547.4,546.1,535.45,66.39784946236539,73.22324628776234,50.89706236649752,51.4366741249148,559.4289491012379,535.45,511.47105089876214,2.2068660640217104,0.015567506804576081,2.1912985572171344
2023-10-24,2330,15761516,8562488660,543.0,546.0,540.0,544.0,0.0,15637,546.0,547.3,536.3,49.999999999999794,64.82078853046588,50.89706236649752,51.436674124914795,560.2257183800231,536.3,512.3742816199768,2.079814756642122,0.42841695677208536,1.6513977998700367
2023-10-25,2330,17137199,9371422161,544.0,551.0,544.0,544.0,0.0,12233,546.8,547.3,537.4,24.99999999999979,47.132616487455124,50.89706236649752,51.436674124914795,560.6068955269826,537.4,514.1931044730173,1.956571541382914,0.7340478736942511,1.2225236676886628
2023-10-26,2330,31682955,16851704175,530.0,535.0,530.0,531.0,-13.0,45750,543.8,545.4,537.7,17.94871794871774,30.98290598290591,37.15241434993662,44.16571577833136,560.4077079424565,537.7,514.9922920575436,0.8006793181299372,0.7473741625813883,0.053305155548548866
2023-10-27,2330,17050787,9094404470,534.0,536.0,532.0,533.0,2.0,14773,539.2,543.4,538.4,13.461538461538254,18.80341880341873,40.057820609186926,45.443439869909014,559.5697897958368,538.4,517.2302102041632,0.04548536181346208,0.6069964024278031,-0.561511040614341
2023-10-30,2330,23299422,12374705789,531.0,534.0,528.0,532.0,-1.0,24536,536.8,542.1,538.9,9.890109890109683,13.766788766788693,39.00594150364528,44.89028947824732,558.9389620489699,538.9,518.8610379510301,-0.6264812462613918,0.360300872689964,-0.9867821189513558
2023-10-31,2330,28073280,14873552534,535.0,535.0,527.0,529.0,-3.0,32067,533.8,539.9,539.2,10.906909182771043,11.419519178139794,35.72278306326799,43.19173826115329,558.4416215532829,539.2,519.9583784467172,-1.38512766288693,0.01121516557458524,-1.3963428284615151
2023-11-01,2330,14028881,7432561094,533.0,533.0,527.0,528.0,-1.0,15452,530.6,538.7,538.95,8.210180623973518,9.669066565618214,34.590529183369846,42.612934805751635,558.6322254839207,538.95,519.2677745160794,-2.0434959076745827,-0.39972704907524836,-1.6437688585993344
2023-11-02,2330,31075778,16846430251,536.0,547.0,535.0,547.0,19.0,32075,533.8,538.8,539.85,29.089301503094394,16.06879710327979,61.58226003035541,54.962306399949426,559.2744691047097,539.85,520.4255308952903,-1.020354265754122,-0.523852492411023,-0.496501773343099
2023-11-03,2330,16673456,9129495705,547.0,549.0,545.0,549.0,2.0,17911,537.0,538.1,541.3,57.34600648393731,31.548496203668538,63.43526146531245,56.034815104292534,558.816849031727,541.3,523.7831509682729,-0.047575437859109115,-0.42859708150064024,0.3810216436415311
2023-11-06,2330,31297186,17321453879,553.0,556.0,550.0,550.0,1.0,32684,540.6,538.7,542.4,82.6333628057764,56.35622359760284,64.43588954812557,56.59143003294677,559.185708206693,542.4,525.614291793307,0.794887466478599,-0.18390017190479235,0.9787876383833913
2023-11-07,2330,16990175,9406486499,552.0,555.0,550.0,555.0,5.0,15356,545.8,539.8,543.55,89.17624521072777,76.38520483348064,69.33162336632786,59.36178403590206,560.4789692539174,543.55,526.6210307460825,1.8447386027378343,0.22182758302373295,1.6229110197141012
2023-11-08,2330,16780331,9308096586,550.0,557.0,550.0,556.0,1.0,17845,551.4,541.0,544.15,90.84291187739444,87.550839964633,70.28605100133886,59.912820037058026,561.9294825571528,544.15,526.3705174428471,2.7260209618840463,0.7226662587957956,2.0033547030882506
2023-11-09,2330,13649525,7577883144,551.0,557.0,551.0,557.0,1.0,12731,553.4,543.6,544.5,97.73946360153236,92.58620689655164,71.32709874268521,60.489771874002706,562.9878338374199,544.5,526.0121661625801,3.4651906625042557,1.2711711395374876,2.194019522966768
2023-11-10,2330,14105575,7841514218,555.0,557.0,554.0,557.0,0.0,15342,555.0,546.0,544.7,98.88888888888869,95.82375478927196,71.32709874268522,60.48977187400272,563.6325117192607,544.7,525.7674882807394,4.004822870539897,1.8179014857379694,2.1869213848019275
2023-11-13,2330,46556047,26712320428,579.0,580.0,571.0,571.0,14.0,51281,559.2,549.9,546.0,94.33962264150922,96.98932504397688,82.80613456343478,67.97382036003516,568.1359436211786,546.0,523.8640563788214,5.498781747256885,2.5540775380417524,2.9447042092151325
2023-11-14,2330,25366980,14553766501,576.0,576.0,571.0,572.0,1.0,29653,562.6,554.2,547.05,88.4136967155833,93.88073608199386,83.3612375295232,68.433765966783,571.8651163608046,547.05,522.2348836391953,6.686370248989533,3.3805360802313085,3.3058341687582247
2023-11-15,2330,53122455,30807985243,583.0,583.0,575.0,581.0,9.0,56108,567.6,559.5,549.1,86.65931075067101,89.8042100359213,87.57366459954157,72.29079258452845,577.7279583624131,549.1,520.4720416375869,8.25856784722464,4.356142433629975,3.902425413594665
2023-11-16,2330,31059487,18056972159,581.0,583.0,578.0,583.0,2.0,25771,572.8,563.1,550.95,92.31968810916158,89.13089852513876,88.33904902122337,73.0780355347355,583.1026048711424,550.95,518.7973951288577,9.555776018523034,5.396069150608587,4.159706867914447
2023-11-17,2330,22878229,13295351545,579.0,583.0,579.0,580.0,-3.0,22517,577.4,566.2,552.15,95.21531100478448,91.39810328820583,79.74356668616632,69.87132613253164,586.6711529355548,552.15,517.6288470644452,10.22389323514119,6.3616339675151075,3.862259267626083
2023-11-20,2330,26606128,15343389700,576.0,579.0,575.0,577.0,-3.0,21159,578.6,568.9,553.8,90.9090909090907,92.81469667434573,71.61408647277696,66.71847451464934,589.7310450724755,553.8,517.8689549275244,10.391519051749242,7.167610984361934,3.223908067387308
2023-11-21,2330,39880714,23286785359,582.0,585.0,581.0,585.0,8.0,35442,581.2,571.9,555.85,90.9090909090907,92.34449760765544,78.44920368005998,70.53652704172659,593.9250574523528,555.85,517.7749425476472,11.04260458838803,7.942609705167153,3.0999948832208775
2023-11-22,2330,23922047,13783944507,576.0,579.0,574.0,577.0,-8.0,31701,580.4,574.0,557.5,85.3372434017593,89.05180840664703,61.24419763167182,62.780359904957685,596.2324153649105,557.5,518.7675846350895,10.788696053408216,8.511826974815365,2.276869078592851
2023-11-23,2330,15143501,8714906968,574.0,578.0,574.0,578.0,1.0,15621,579.4,576.1,559.85,74.7311827956987,83.6591723688497,62.44531974178301,63.323258265024606,597.5555698803236,559.85,522.1444301196765,10.546588841633138,8.91877934817892,1.6278094934542189
2023-11-24,2330,12503334,7192811445,577.0,578.0,574.0,575.0,-3.0,12961,578.4,577.9,561.95,50.92165898617489,70.33002839454443,56.33458321581244,60.47344121015777,598.0857164035779,561.95,525.8142835964222,9.997398418258058,9.134503162194747,0.862895256063311
2023-11-27,2330,20321872,11598721713,573.0,577.0,568.0,568.0,-7.0,28620,576.6,577.6,563.75,26.190476190475966,50.61443932411665,44.48440189013958,54.329451023033336,597.2276044543214,563.75,530.2723955456786,8.894785996317296,9.086559729019257,-0.19177373270196085
2023-11-28,2330,26932029,15393289150,565.0,576.0,565.0,575.0,7.0,17693,574.6,577.9,566.05,26.190476190475966,34.43420378904241,55.423927734032944,58.83360614359662,595.7718774642578,566.05,536.3281225357421,8.487955340992585,8.966838851413922,-0.4788835104213369
2023-11-29,2330,27786565,15937354487,578.0,579.0,570.0,574.0,-1.0,23135,574.0,577.2,568.35,31.666666666666444,28.015873015872923,53.66156398398426,57.95428143707392,592.5431808574198,568.35,544.1568191425803,7.992712459003201,8.772013572931778,-0.779301113928577
2023-11-30,2330,54365027,31284297816,576.0,577.0,570.0,577.0,3.0,18807,573.8,576.6,569.85,51.66666666666644,36.507936507936414,58.30221857259696,59.89102154314595,592.213139314503,569.85,547.486860685497,7.752932851074206,8.568197428560264,-0.8152645774860581
2023-12-01,2330,28797795,16600169332,573.0,579.0,573.0,579.0,2.0,18507,574.6,576.5,571.35,58.33333333333311,47.22222222222212,61.31544011404122,61.17499060965119,591.866091245652,571.35,550.833908754348,7.636262983311326,8.381810539510477,-0.7455475561991509
2023-12-04,2330,29424299,16917950637,582.0,582.0,571.0,574.0,-5.0,23004,575.8,576.2,572.55,60.980392156862514,56.993464052287486,50.641769723013596,56.320906594885855,590.5885697880993,572.55,554.5114302119006,7.058971628416543,8.11724275729169,-1.0582711288751465
2023-12-05,2330,27355530,15570195609,571.0,572.0,567.0,570.0,-4.0,26933,574.8,574.7,573.3,50.784313725489966,56.69934640522866,43.563831276501205,52.71711488484537,589.5123409784054,573.3,557.0876590215945,6.2071453916368,7.735223284160712,-1.5280778925239122
2023-12-06,2330,23116422,13197098680,568.0,575.0,568.0,570.0,0.0,15802,574.0,574.0,574.0,37.25490196078408,49.67320261437899,43.56383127650121,52.71711488484539,588.2548237449628,574.0,559.7451762550372,5.469023463770668,7.281983320082704,-1.8129598563120357
2023-12-07,2330,24259384,13786125780,570.0,573.0,566.0,566.0,-4.0,26821,571.8,572.8,574.45,21.56862745098016,36.5359477124182,36.60101931107163,49.07526480771629,586.9955171276396,574.45,561.9044828723605,4.509309435228715,6.727448543111906,-2.218139107883191
2023-12-08,2330,39243978,22520643109,574.0,577.0,570.0,570.0,4.0,23505,570.0,572.3,575.1,21.56862745098016,26.797385620914934,46.564967626231265,52.60156374730713,585.0378065990444,575.1,565.1621934009556,4.025096912180288,6.186978216925583,-2.161881304745295
2023-12-11,2330,29204446,16730528425,572.0,575.0,570.0,574.0,4.0,19353,570.0,572.9,575.25,28.431372549019375,23.856209150326695,54.844513325917546,55.89086444514433,585.0249680306406,575.25,565.4750319693594,3.918946395123271,5.733371852565121,-1.8144254574418497
2023-12-12,2330,32856787,19003744361,580.0,581.0,575.0,578.0,4.0,22572,571.6,573.2,575.55,51.47058823529389,33.8235294117646,61.75760482838207,58.95813006267734,585.2757390464847,575.55,565.8242609535152,4.1102079969148235,5.408739081435061,-1.2985310845202376
2023-12-13,2330,24327758,14033215240,576.0,579.0,576.0,577.0,-1.0,18524,573.0,573.5,575.35,64.5833333333331,48.161764705882256,59.11782896878199,57.874613301079734,584.7792099350855,575.35,565.9207900649145,4.133444773282349,5.153680219804519,-1.02023544652217
2023-12-14,2330,40580966,23556973793,581.0,582.0,579.0,582.0,0.0,33409,576.2,574.0,575.3,81.24999999999977,65.76797385620905,67.27700719155041,61.66784885767813,584.5757749002462,575.3,566.0242250997537,4.503405839971606,5.023625343837937,-0.5202195038663309
2023-12-15,2330,58693166,34304458160,585.0,586.0,580.0,585.0,3.0,35791,579.2,574.6,575.55,87.91666666666644,77.91666666666657,71.2881788570366,63.775525304473554,585.5594954917906,575.55,565.5405045082093,4.981256751594628,5.015151625389275,-0.03389487379464651
2023-12-18,2330,26938728,15672718097,579.0,585.0,577.0,585.0,0.0,22094,581.4,575.7,575.95,96.66666666666644,88.61111111111103,71.28817885703661,63.775525304473554,586.7661915663505,575.95,565.1338084336496,5.298874910255449,5.07189628236251,0.22697862789293932
2023-12-19,2330,30591879,17885392353,588.0,588.0,580.0,585.0,0.0,21981,582.8,577.2,575.95,92.1212121212119,92.2348484848484,71.2881788570366,63.77552530447357,586.7661915663505,575.95,565.1338084336496,5.487335007094998,5.154984027309007,0.33235097978599093
2023-12-20,2330,38628249,22578626040,587.0,587.0,583.0,585.0,0.0,25685,584.4,578.7,576.35,88.23232323232303,92.34006734006726,71.2881788570366,63.77552530447357,587.8612987972691,576.35,564.8387012027309,5.5724551968457945,5.238478261216365,0.33397693562942976
2023-12-21,2330,26007263,14995966443,577.0,579.0,575.0,577.0,-8.0,33077,583.4,579.8,576.3,69.52861952861932,83.29405162738489,44.40016563756026,53.269734505455816,587.7908659377903,576.3,564.8091340622096,4.937464403096669,5.1782754895924255,-0.24081108649575622
2023-12-22,2330,19328302,11226845287,582.0,582.0,579.0,582.0,5.0,14330,582.8,581.0,576.65,58.68945868945848,72.15013381680042,56.39305141670281,57.93387779237646,588.3849904132979,576.65,564.915009586702,4.782557491719444,5.099131890017829,-0.31657439829838463
2023-12-25,2330,9994163,5820235840,582.0,585.0,580.0,581.0,-1.0,12786,582.0,581.7,577.3,46.296296296296084,58.171458171458106,53.690793443113996,56.7146535263381,588.4731821787849,577.3,566.126817821215,4.526917518512619,4.984689015716787,-0.45777149720416865
2023-12-26,2330,17033926,9963615754,583.0,586.0,582.0,586.0,5.0,22883,582.2,582.5,577.85,61.53846153846133,55.50807217473877,63.807453322662944,61.120472646295056,589.5849904132881,577.85,566.115009586712,4.673901385447266,4.922531489662883,-0.24863010421561693
2023-12-27,2330,34750958,20491144772,587.0,592.0,586.0,592.0,6.0,37372,583.6,584.0,578.75,76.92307692307672,61.58594491927818,72.28414109448154,65.64010880502633,591.8477097234611,578.75,565.6522902765389,5.2144283309322645,4.98091085791676,0.23351747301550496
2023-12-28,2330,27152352,16064106365,592.0,593.0,589.0,593.0,1.0,26497,586.8,585.1,579.55,94.87179487179465,77.7777777777777,73.49137064003915,66.34237125374374,594.0064864334396,579.55,565.0935135665603,5.658266498125045,5.116381985958417,0.5418845121666278
2023-12-29,2330,20155619,11931171966,589.0,593.0,589.0,593.0,0.0,20081,589.0,585.9,580.25,99.99999999999977,90.59829059829052,73.49137064003915,66.34237125374374,595.843267778112,580.25,564.656732221888,5.941521284408509,5.281409845648435,0.6601114387600742
2024-01-02,2330,27997826,16549619798,590.0,593.0,589.0,593.0,0.0,20667,591.4,586.7,581.2,99.99999999999977,98.2905982905982,73.49137064003915,66.34237125374374,597.4554606209655,581.2,564.9445393790346,6.095734905748486,5.444274857668445,0.6514600480800414
2024-01-03,2330,40134497,23267025945,584.0,585.0,576.0,578.0,-15.0,56916,589.8,586.0,581.6,72.22222222222199,90.74074074074065,36.06917136453171,47.97313573168551,597.1099967762749,581.6,566.0900032237251,4.9505092825162365,5.345521742638003,-0.39501246012176683
2024-01-04,2330,18063758,10466284102,580.0,581.0,577.0,580.0,2.0,15010,587.4,585.5,582.1,46.73202614379062,72.98474945533759,40.76144111383907,49.962521156106604,596.6999999999972,582.1,567.5000000000028,4.156380839442477,5.107693561998898,-0.9513127225564215
2024-01-05,2330,22008878,12685460114,578.0,580.0,574.0,576.0,-4.0,28660,584.0,585.4,582.6,16.90746474028185,45.28723770209829,34.80143653050281,46.16080787086449,595.5522198869542,582.6,569.6477801130459,3.1677459528240206,4.719704040163923,-1.5519580873399024
2024-01-08,2330,19270119,11232942053,582.0,585.0,579.0,583.0,7.0,19950,582.0,585.5,583.25,27.141382868936816,30.260291251003235,49.79032192217389,52.91319006476065,594.8409447414822,583.25,571.6590552585178,2.915479349885686,4.358859102108275,-1.4433797522225893
2024-01-09,2330,23718766,13909252422,588.0,589.0,583.0,586.0,3.0,23975,580.6,586.0,583.85,40.35087719298222,28.133241600733765,54.96679728040543,55.489672405603244,594.680974102086,583.85,573.019025897914,2.923925978923876,4.071872477471396,-1.1479464985475198
2024-01-10,2330,13708117,8006229126,581.0,586.0,580.0,584.0,-2.0,16104,581.8,585.8,584.15,54.385964912280464,40.62607499139997,50.88638675583369,53.39218658834356,594.6433312155913,584.15,573.6566687844087,2.737678454906245,3.8050336729583654,-1.0673552180521204
2024-01-11,2330,27842729,16323168586,586.0,589.0,583.0,586.0,2.0,20754,583.0,585.2,584.6,59.64912280701731,51.46198830409346,54.80091855022614,55.215249736291995,594.5879927913359,584.6,574.6120072086642,2.720103574779614,3.588047653322615,-0.867944078543001
2024-01-12,2330,17636558,10304253419,581.0,588.0,581.0,584.0,-2.0,15765,584.6,584.3,584.7,56.14035087719274,56.725146198830295,50.13864922264567,52.983387477572855,594.6216934038472,584.7,574.7783065961529,2.515791590922163,3.3735964408425247,-0.8578048499203619
2024-01-15,2330,21900687,12873769022,590.0,590.0,585.0,586.0,2.0,21886,585.2,583.6,584.75,63.59649122806994,59.79532163742679,54.64081565919504,54.94466587808875,594.6873034571759,584.75,574.8126965428241,2.486592269199946,3.196195606514009,-0.7096033373140633
2024-01-16,2330,28889681,16817280777,581.0,588.0,579.0,580.0,-6.0,21938,584.0,582.3,584.5,55.04385964912257,58.26023391812854,41.519493522836285,48.41920086775884,594.6488915650922,584.5,574.3511084349078,1.9567455952671935,2.948305604264646,-0.9915600089974523
2024-01-17,2330,46857735,27229863028,583.0,584.0,578.0,581.0,1.0,28790,583.4,582.6,584.3,52.083333333333094,56.907894736841996,44.12833434856994,49.49578260249266,594.5586548825966,584.3,574.0413451174034,1.5990965419549639,2.6784637918027094,-1.0793672498477456
2024-01-18,2330,36746623,21575062923,586.0,589.0,585.0,588.0,7.0,28621,583.8,583.4,584.45,54.86111111111088,53.99610136452231,59.047932324592345,56.36184908502919,594.8321962994255,584.45,574.0678037005746,1.859068405691005,2.5145847145803684,-0.6555163088893634
2024-01-19,2330,176166037,109423769320,625.0,627.0,614.0,626.0,38.0,207364,592.2,588.4,586.9,75.01417233560068,60.652872260015016,84.7830346619991,75.68616338578742,607.34407004488,586.9,566.4559299551199,5.072903131914927,3.0262483980472803,2.046654733867647
2024-01-22,2330,70829523,44436449501,633.0,633.0,623.0,626.0,0.0,56376,600.2,592.7,589.1,89.52174809317643,73.13234384662947,84.78303466199911,75.68616338578742,615.5491965851484,589.1,562.6508034148517,7.533053950102726,3.9276095084583695,3.6054444416443565
2024-01-23,2330,45761889,28681559251,629.0,629.0,622.0,628.0,2.0,34729,609.8,596.9,591.45,92.04700061842895,85.52764034906882,85.43856705669285,76.32608044204477,622.5464628213525,591.45,560.3535371786476,9.534219930733116,5.048931592913319,4.485288337819797
2024-01-24,2330,29905121,18779693566,628.0,630.0,624.0,627.0,-1.0,27062,619.0,601.2,593.5,89.09090909090884,90.21988593417154,83.34417419665441,75.25951793734131,628.0976877840124,593.5,558.9023122159876,10.913660856517822,6.221877445634219,4.691783410883603
2024-01-25,2330,59214638,37803501446,635.0,642.0,633.0,642.0,15.0,85006,629.8,606.8,596.0,93.33333333333309,91.49041434755709,88.34429734858101,79.8157164002568,636.5215991787096,596.0,555.4784008212904,13.066628409693635,7.590827638446102,5.475800771247533
2024-01-26,2330,44103850,28392638215,644.0,646.0,639.0,644.0,2.0,41691,633.4,612.8,598.55,95.38324420677337,92.6024955436719,88.86431375198497,80.33570786279536,644.1020581313317,598.55,552.9979418686682,14.764063063495769,9.025474723456036,5.738588340039733
2024-01-29,2330,29828008,19268444564,646.0,648.0,644.0,648.0,4.0,32347,637.8,619.0,601.3,99.01960784313701,95.91206179441463,89.91425139753618,81.36947482827019,651.5756402246667,601.3,551.0243597753332,16.2447988969476,10.46933955815435,5.775459338793251
2024-01-30,2330,40398877,26028211247,642.0,647.0,642.0,642.0,-6.0,35002,640.6,625.2,603.75,95.84500466853383,96.74928557281487,77.17959917527551,75.00029857611857,656.864498962147,603.75,550.635501037853,16.741161172193983,11.723703880962276,5.0174572912317075
2024-01-31,2330,47554701,29978630024,634.0,637.0,626.0,628.0,-14.0,61811,640.8,629.9,606.25,77.21755368814168,90.69405539993762,55.70317113804858,62.673099820656,658.986609674873,606.25,553.513390325127,15.822457414370547,12.54345458764393,3.2790028267266162
2024-02-01,2330,46924943,29237425981,625.0,628.0,619.0,628.0,0.0,51671,638.0,633.9,608.65,54.229047941015246,75.76386876589704,55.70317113804858,62.673099820656,660.7547982435414,608.65,556.5452017564586,14.922362362920694,13.019236142699283,1.9031262202214112
2024-02-02,2330,27797894,17563853315,633.0,635.0,628.0,635.0,7.0,22257,636.2,634.8,611.6,42.46112237998624,57.969241336381174,62.7562196719641,65.92117033393757,662.6466453354163,611.6,560.5533546645837,14.605508834144644,13.336490680988355,1.2690181531562885
2024-02-05,2330,48037344,30931242935,645.0,647.0,638.0,646.0,11.0,51065,635.8,636.8,614.75,59.7701149425285,52.153428421176784,71.1714869269007,70.29544371189289,666.1226580974735,614.75,563.3773419025265,15.068310099814198,13.682854564753523,1.3854555350606752
2024-02-15,2330,132263803,92592826951,709.0,709.0,693.0,697.0,51.0,130374,646.8,643.7,620.3,78.31417624521049,60.1818045225752,87.02697626307089,81.89728855109318,681.1575385634362,620.3,559.4424614365637,19.32756111878814,14.811795875560446,4.515765243227694
2024-02-16,2330,48963167,33742716965,697.0,699.0,683.0,683.0,-14.0,56882,657.8,649.3,625.25,83.62707535121304,73.90378884631747,73.9936183551066,73.4199310416116,689.5022373151324,625.25,560.9977626848676,21.327514924322827,16.114939685312923,5.2125752390099045
2024-02-19,2330,36366837,24665534552,674.0,682.0,674.0,678.0,-5.0,35240,667.8,652.9,629.85,74.44444444444419,78.7952320136227,69.6475455097555,70.60882883906385,695.3641969347093,629.85,564.3358030652907,22.252521297042904,17.342456007658917,4.9100652893839865
2024-02-20,2330,31403730,21494427969,675.0,688.0,675.0,687.0,9.0,32847,678.2,657.2,635.0,70.74074074074048,76.27075351213269,72.98029474909228,72.63951863049844,701.4740550891853,635.0,568.5259449108147,23.44160012128748,18.56228483038463,4.8793152909028485
2024-02-21,2330,31980543,21748906940,678.0,683.0,678.0,681.0,-6.0,36004,685.2,660.5,639.75,69.99999999999973,71.72839506172825,67.23807725729412,69.2065689569275,705.107096018719,639.75,574.392903981281,23.62744136397157,19.575316137102018,4.052125226869553
2024-02-22,2330,34269392,23664176835,695.0,695.0,685.0,692.0,11.0,36998,684.2,665.5,645.35,75.18518518518492,71.97530864197518,71.95740788485423,71.83463337446074,708.4222601465959,645.35,582.2777398534041,24.381277763636035,20.536508462408822,3.8447693012272133
2024-02-23,2330,48404478,33847447281,701.0,703.0,696.0,697.0,5.0,48018,687.0,672.4,651.15,78.3950617283948,74.52674897119329,73.94754834821646,72.9641183645967,710.7227286600181,651.15,591.5772713399818,25.092901407092427,21.447787051345543,3.645114355746884
2024-02-26,2330,29976379,20917136411,700.0,700.0,695.0,698.0,1.0,25850,691.0,679.4,656.65,83.60111284993887,79.06045325450634,74.37193159828888,73.19563661466792,712.0513537740735,656.65,601.2486462259264,25.44425438806718,22.24708051868987,3.197173869377309
2024-02-27,2330,35389548,24647159479,700.0,701.0,691.0,698.0,0.0,31145,693.2,685.7,660.25,79.4212186700447,80.47246441612627,74.37193159828888,73.19563661466792,716.5665162274803,660.25,603.9334837725197,25.429567927143466,22.883578000380588,2.5459899267628785
2024-02-29,2330,59337072,40973093720,691.0,698.0,688.0,690.0,-8.0,39066,695.0,690.1,663.45,69.4169615393508,77.47976435311159,63.16756438962422,67.80815298690781,718.8845560097649,663.45,608.0154439902352,24.490089156594763,23.204880231623424,1.2852089249713394
2024-03-01,2330,24167721,16699995060,697.0,697.0,688.0,689.0,-1.0,26282,694.4,689.3,666.5,58.48932676518857,69.10916899152815,61.80959196267497,67.14288675944091,720.4907399467724,666.5,612.5092600532276,23.39516887589025,23.242937960476787,0.1522309154134618
2024-03-04,2330,97210112,69868348694,714.0,725.0,711.0,725.0,36.0,125799,700.0,693.5,671.4,68.96551724137906,65.62393518197294,79.93055935742613,76.19679642437949,727.8921233447646,671.4,614.9078766552353,25.142508611795392,23.62285209074051,1.519656521054884
2024-03-05,2330,73299411,53751887376,735.0,738.0,728.0,730.0,5.0,69851,706.4,698.7,675.8,79.46360153256678,68.9728151797116,81.36343114519777,77.13901961764184,736.0315531926587,675.8,615.5684468073412,26.623843064578182,24.223050285508045,2.4007927790701373
2024-03-06,2330,52464833,38203868985,718.0,738.0,717.0,735.0,5.0,49897,713.8,703.5,680.35,93.66876310272511,80.69929395889045,82.79640438011762,78.07371091389957,743.940172196651,680.35,616.759827803349,27.87988751545265,24.954417731496967,2.925469783955684
2024-03-07,2330,80382406,61221034146,755.0,769.0,754.0,760.0,25.0,96348,727.8,711.4,685.95,89.9650593990214,87.69914134477123,88.12338903098012,82.02991111430126,756.503454911858,685.95,615.3965450881421,30.540550404138344,26.071644266025242,4.468906138113102
2024-03-08,2330,98069174,77295575097,795.0,796.0,772.0,784.0,24.0,110758,746.8,720.6,693.05,90.70580013976212,91.44654088050301,91.18161356882791,84.85503400379531,772.5018092934347,693.05,613.5981907065652,34.19160479950017,27.695636372720227,6.4959684267799425
2024-03-11,2330,73436931,56348050108,768.0,778.0,761.0,766.0,-18.0,107368,755.0,727.5,699.95,83.33333333333304,88.00139762403899,74.41499931379131,75.2942232331658,779.5753100464904,699.95,620.3246899535097,35.22657214857861,29.201823527891904,6.024748620686708
2024-03-12,2330,63336798,48288411581,757.0,771.0,754.0,770.0,4.0,56154,763.0,734.7,707.05,79.01234567901206,84.35049305070254,75.57921128709413,75.9429061237901,785.0537819595952,707.05,629.0462180404047,35.95508990471035,30.552476803255594,5.4026131014547545
2024-03-13,2330,43130896,33672441212,785.0,785.0,777.0,779.0,9.0,37744,771.8,742.8,714.25,77.46913580246884,79.93827160493811,78.18495688046346,77.38189472266595,790.8943083340184,714.25,637.6056916659816,36.83407002812169,31.808795448228814,5.025274579892873
2024-03-14,2330,48964017,38196293503,779.0,785.0,770.0,784.0,5.0,35137,776.6,752.2,721.15,82.02251270878692,79.50133139675607,79.5960657625314,78.16336433761327,796.8157782620406,721.15,645.4842217379594,37.50182858602943,32.947402075788936,4.554426510240496
2024-03-15,2330,80580846,61451780435,771.0,777.0,753.0,753.0,-31.0,95014,770.4,758.6,723.95,71.9037441511998,77.13179755415199,54.22484962109,63.51172672596531,799.977560792123,723.95,647.9224392078771,35.12469550648677,33.382860761928505,1.7418347445582683
2024-03-18,2330,46006400,34967084535,754.0,765.0,754.0,764.0,0.0,40073,770.0,762.5,728.0,63.64854802680537,72.52493496226417,59.56099795386064,65.9506986662164,803.4983443527075,728.0,652.5016556472925,33.739480751785436,33.45418475989989,0.28529599188554755
2024-03-19,2330,32078900,24399917859,758.0,765.0,755.0,762.0,-2.0,31208,768.4,765.7,732.2,41.99784123245973,59.18337780348844,58.123736626458424,65.09868279058348,805.4163916073421,732.2,658.983608392658,32.110158869876614,33.18537958189523,-1.07522071201862
2024-03-20,2330,48788389,37117091830,764.0,769.0,752.0,758.0,-4.0,46702,764.2,768.0,735.75,31.353422360192752,45.66660387315276,55.025500179663645,63.33631811784245,806.7059722644965,735.75,664.7940277355035,30.148608576416677,32.578025380799524,-2.4294168043828464
2024-03-21,2330,47759094,37203673872,773.0,784.0,772.0,784.0,26.0,48467,764.2,770.4,740.9,43.84543105473309,39.065564882462006,67.97197089109774,69.17737278930979,810.1442055337502,740.9,671.6557944662497,30.342281610584337,32.13087662675649,-1.7885950161721524
2024-03-22,2330,32629749,25521571701,788.0,789.0,775.0,785.0,1.0,33054,770.6,770.5,745.55,66.5984165984163,47.2657566711142,68.38039830793619,69.37943251806222,813.5131517809517,745.55,677.5868482190482,30.228010835523833,31.75030346850996,-1.522292632986126
2024-03-25,2330,21223414,16612693369,783.0,788.0,779.0,780.0,-5.0,24794,773.8,771.9,749.7,87.27818727818699,65.90734497711229,63.64592096843208,67.01389594661848,815.3965752532016,749.7,684.0034247467985,29.39514329568408,31.279271433944782,-1.884128138260703
2024-03-26,2330,43103294,33847261033,788.0,792.0,776.0,782.0,2.0,35046,777.8,773.1,753.9,79.95495495495467,77.9438529438528,64.78378374185912,67.49136186214399,816.5063894502794,753.9,691.2936105497206,28.567168518935773,30.73685085094298,-2.1696823320072056
2024-03-27,2330,19732209,15418346943,785.0,785.0,779.0,779.0,-3.0,21006,782.0,773.1,757.95,72.72522522522495,79.98612248612237,61.419584820329696,65.94931496784402,815.8722755077852,757.95,700.0277244922149,27.353602314714976,30.060201143697377,-2.7065988289824006
2024-03-28,2330,28393398,21889883699,774.0,776.0,768.0,769.0,-10.0,39848,779.0,771.6,761.9,61.66666666666638,71.44894894894882,51.100008548216394,60.95025501580611,810.8240227291261,761.9,712.9759772708738,25.29335982064208,29.10683287908632,-3.813473058444238
2024-03-29,2330,20212820,15682908766,769.0,781.0,768.0,779.0,10.0,18110,777.8,774.2,766.4,59.16666666666638,64.51951951951939,59.11442473050159,63.89739823029341,802.5684945774655,766.4,730.2315054225345,24.18868709940955,28.123203723150965,-3.934516623741416
2024-04-01,2330,22348250,17301753062,783.0,783.0,769.0,770.0,-9.0,28192,775.8,774.8,768.65,51.66666666666638,57.49999999999988,50.435110982333434,59.541945990152655,799.4348988953993,768.65,737.8651011046006,22.329599501869325,26.964482878894636,-4.634883377025311
2024-04-02,2330,42219075,33230356267,784.0,790.0,783.0,790.0,20.0,41138,777.4,777.6,771.65,68.05555555555527,59.629629629629505,64.10033127460208,65.2160933158617,798.1850711323775,771.65,745.1149288676224,22.214022614886403,26.01439082609299,-3.8003682112065853
2024-04-03,2330,32909892,25719094412,783.0,785.0,778.0,780.0,-10.0,36003,777.6,779.8,773.9,62.222222222221944,60.64814814814803,55.21953269621894,60.63691649115043,794.6161772535414,773.9,753.1838227464585,21.072598870214392,25.02603243491727,-3.953433564702877
2024-04-08,2330,40567580,31925988285,789.0,792.0,783.0,783.0,3.0,29304,780.4,779.7,775.05,68.05555555555527,66.11111111111099,57.290550189669666,61.510060348322405,795.0947000476444,775.05,755.0052999523555,20.17749367002739,24.056324681939294,-3.878831011911906
2024-04-09,2330,61642573,49946542596,795.0,820.0,792.0,819.0,36.0,89138,788.4,783.1,776.8,70.19230769230741,66.82336182336171,74.07581726248307,70.08531544739137,804.3651954464378,776.8,749.2348045535621,22.11805234600581,23.6686702147526,-1.5506178687467873
2024-04-10,2330,31109466,25358780514,815.0,819.0,810.0,815.0,-4.0,39131,797.4,786.6,779.25,83.65384615384588,73.96723646723635,70.48490591401419,68.26543501976663,810.9414815052893,779.25,747.5585184947107,23.06728717936778,23.548393607675635,-0.48110642830785366
2024-04-11,2330,27772972,22655121636,811.0,820.0,811.0,820.0,5.0,34739,803.4,790.4,781.75,96.15384615384589,83.33333333333321,72.43368977273667,69.33725428684018,817.7270760346098,781.75,745.7729239653902,23.946975015427824,23.628109889226074,0.3188651262017501
2024-04-12,2330,32473155,26663806808,823.0,826.0,817.0,818.0,-2.0,38091,811.0,794.3,783.7,92.19717064544623,90.66828765104617,70.26854353463214,68.34293173407883,822.9484394594224,783.7,744.4515605405777,24.203744972279083,23.743236905836675,0.46050806644240794
2024-04-15,2330,41251141,33300372097,804.0,812.0,803.0,806.0,-12.0,60451,815.6,798.0,784.8,83.7063924178259,90.68580307237285,58.109676162909885,62.54724663713503,825.2356278546592,784.8,744.3643721453407,23.171826904601062,23.628954905589552,-0.45712800098849016
2024-04-16,2330,54120813,42833069476,802.0,803.0,785.0,788.0,-18.0,127956,809.4,798.9,786.55,57.31750352893701,77.74035553073655,44.60333894823029,55.01128151040333,824.2672374386077,786.55,748.8327625613922,20.66338024867548,23.035839974206738,-2.3724597255312574
2024-04-17,2330,36616351,29324186091,798.0,808.0,793.0,804.0,16.0,43890,807.2,802.3,788.55,46.63742690058452,62.553774282449325,55.36259692488178,59.66350915453822,825.5065961636146,788.55,751.5934038363853,19.738946199176212,22.376461219200632,-2.63751502002442
2024-04-18,2330,45765617,36684269610,796.0,810.0,792.0,804.0,0.0,46571,804.0,803.7,790.65,41.27906976744158,48.411333398987885,55.36259692488178,59.66350915453821,826.0747088908314,790.65,755.2252911091686,18.789729252142024,21.65911482578891,-2.8693855736468876
2024-04-19,2330,143868560,109032970933,769.0,770.0,746.0,750.0,-54.0,356590,790.4,800.7,790.25,36.0012919896638,41.30592955256348,29.258199109919943,42.472304651616255,827.2844434277041,790.25,753.2155565722959,13.5242204844983,20.03213595753079,-6.50791547303249
2024-04-22,2330,52354944,39093628250,740.0,757.0,740.0,742.0,-8.0,103120,777.6,796.6,788.15,18.72093023255785,32.00043066322125,27.05343252409367,40.605646243949565,830.714186824136,788.15,745.5858131758639,8.606523068429738,17.74701337971058,-9.140490311280843
2024-04-23,2330,32067682,24247217869,761.0,761.0,752.0,754.0,12.0,34807,770.8,790.1,786.6,7.868217054263279,20.863479758828486,35.55229034604728,44.542889123590015,831.6927932157664,786.6,741.5072067842336,5.612811154775841,15.320172934723633,-9.707361779947792
2024-04-24,2330,41652749,32458429294,770.0,785.0,769.0,783.0,29.0,58442,766.6,786.9,786.75,22.86821705426328,16.48578811369498,51.48791757645199,52.70277589969846,831.7738825513738,786.75,741.7261174486262,5.516737021231847,13.359485752025275,-7.842748730793428
2024-04-25,2330,30492037,23412746667,770.0,774.0,765.0,766.0,-17.0,64220,759.0,781.5,785.95,34.13006029285071,21.622164800459263,44.04041312496443,48.22337341425578,831.8432456904007,785.95,740.0567543095993,4.022471110093647,11.492082823638949,-7.4696117135453015
2024-04-26,2330,34721905,27272338208,788.0,789.0,782.0,782.0,16.0,42824,765.4,777.9,786.1,48.70370370370342,35.23399368360598,51.71012998519,52.33001983507807,831.9209559044723,786.1,740.2790440955278,4.082263104385902,10.01011887978834,-5.927855775402438
2024-04-29,2330,30704200,24322394064,790.0,795.0,787.0,795.0,13.0,35585,776.0,776.8,787.4,58.22751322751295,47.020425741355865,57.26256454968864,55.42363484402719,832.678692560631,787.4,742.1213074393689,5.119624204137608,9.032019944658193,-3.9123957405205854
2024-04-30,2330,41627249,33118845170,797.0,802.0,790.0,790.0,-5.0,40926,783.2,777.0,787.95,69.99999999999972,58.97707231040553,54.453100572333014,53.97283382675139,833.0741620420806,787.95,742.8258379579195,5.475167809878826,8.32064951770232,-2.8454817078234935
2024-05-02,2330,47536363,36983047647,789.0,789.0,772.0,772.0,-18.0,85051,781.0,773.8,788.05,67.20430107526853,65.14393810092724,45.14943157145145,49.000081458525806,833.0232142502658,788.05,743.0767857497341,4.255435104292815,7.5076066350204185,-3.252171530727604
2024-05-03,2330,31026748,24240817990,788.0,788.0,773.0,780.0,8.0,35153,783.8,771.4,787.55,62.519201228878366,66.57450076804905,49.61330414802731,51.154111665353206,832.6475609096549,787.55,742.452439090345,3.889485718385913,6.783982451693517,-2.894496733307604
2024-05-06,2330,33733509,26644713164,791.0,793.0,786.0,786.0,6.0,32394,784.6,775.0,787.85,61.37634408602122,63.69994879672288,52.96280523064695,52.76545465170606,832.8223248231596,787.85,742.8776751768404,4.037081091611071,6.234602179677028,-2.1975210880659564
2024-05-07,2330,35917824,28623349239,797.0,800.0,792.0,800.0,14.0,38340,785.6,780.8,788.7,75.70357454228393,66.53303995239467,60.17044779193586,56.38117944776299,833.9154840734891,788.7,743.484515926511,5.223520986968651,6.032385941135352,-0.808864954166701
2024-05-08,2330,22585765,18032263877,794.0,802.0,792.0,802.0,2.0,23525,788.0,785.6,787.85,87.53153153153124,74.8704833866123,61.16231584677109,56.8888845539583,831.3621822022246,787.85,744.3378177977754,6.25308476838029,6.07652570658434,0.1765590617959507
2024-05-09,2330,22863681,18267303103,798.0,802.0,796.0,796.0,-6.0,23671,792.8,786.9,786.9,91.53153153153124,84.92221253511565,56.25880617975805,54.82712038489096,828.7994033370411,786.9,745.0005966629589,6.509830354746782,6.163186636216828,0.346643718529954
2024-05-10,2330,27560431,22107595449,803.0,807.0,798.0,802.0,6.0,41029,797.2,790.5,786.0,88.57142857142829,89.21149721149709,60.00015509229082,56.523980447370334,825.734116323379,786.0,746.265883676621,7.115430681902922,6.353635445354047,0.7617952365488749
2024-05-13,2330,38146948,31315059679,823.0,825.0,818.0,819.0,17.0,49327,803.8,794.2,786.05,84.79784366576791,88.30026792290931,68.81679004042567,60.994670458355074,825.9472430125253,786.05,746.1527569874746,8.864941699681594,6.855896696219556,2.009045003462038
2024-05-14,2330,29663617,24309306615,816.0,825.0,811.0,825.0,6.0,34685,808.8,797.2,787.0,91.46451033243459,88.27792752321044,71.41147929946104,62.4618545438512,829.5675933075855,787.0,744.4324066924145,10.61324871703323,7.607367100382291,3.005881616650939
2024-05-15,2330,41805778,35112739055,838.0,844.0,837.0,839.0,14.0,57892,816.2,802.1,789.55,93.87899725396376,90.04711708405559,76.69117102519837,65.70354373543775,837.7847385190415,789.55,741.3152614809584,12.97886534069005,8.681666748443842,4.2971985922462075
2024-05-16,2330,46276890,39179826883,852.0,856.0,837.0,841.0,2.0,60617,825.2,809.0,791.4,90.50972501676699,91.95107753438862,77.38718857835714,66.15322265417986,844.3203174593658,791.4,738.4796825406341,14.843905540527317,9.914114506860537,4.929791033666779
2024-05-17,2330,27855719,23373478247,848.0,848.0,834.0,835.0,-6.0,38718,831.8,814.5,792.95,79.57222501676699,87.98698242916608,70.06457260555814,63.464832144318386,848.9802596817125,792.95,736.9197403182876,15.65732557697504,11.062756720883439,4.594568856091602
2024-05-20,2330,30148330,25069342221,834.0,838.0,822.0,835.0,0.0,43094,835.0,819.4,797.2,70.98214285714258,80.35469763022569,70.06457260555814,63.464832144318386,852.4434611515233,797.2,741.9565388484768,16.11618941661959,12.073443260030668,4.0427461565889224
2024-05-21,2330,20548110,17214095315,830.0,841.0,830.0,841.0,6.0,20770,838.2,823.5,802.15,69.79166666666639,73.44867818019215,73.48013398399291,65.10928195059387,854.3813124476145,802.15,749.9186875523854,16.77067032327409,13.012888672679352,3.757781650594737
2024-05-22,2330,40904357,35027824713,845.0,865.0,843.0,864.0,23.0,63360,843.2,829.7,807.65,80.23165422885543,73.66848791755497,82.44031423175167,70.5764864185833,861.5806035567955,807.65,753.7193964432045,18.927079349020232,14.195726807947528,4.731352541072704
2024-05-23,2330,40771207,35638205695,875.0,877.0,867.0,875.0,11.0,50325,850.0,837.6,812.25,90.15905321875442,80.06079137142558,85.22558463314955,72.77379968158787,872.3295306239971,812.25,752.1704693760029,21.278373265499226,15.612256099457868,5.666117166041358
2024-05-24,2330,37353467,32358555678,858.0,872.0,858.0,867.0,-8.0,50611,856.4,844.1,817.3,93.4418815015827,87.94419631639768,75.11612604498956,68.75248700754436,877.9567391144645,817.3,756.6432608855354,22.239889886495575,16.93778285686541,5.3021070296301644
2024-05-27,2330,32691921,28496096179,872.0,878.0,866.0,869.0,2.0,42682,863.2,849.1,821.65,88.58225108225078,90.7277286008628,75.94825622863397,69.21054398144702,884.011125711457,821.65,759.288874288543,22.899312995407286,18.130088884573787,4.769224110833498
2024-05-28,2330,32712504,28375286215,867.0,873.0,865.0,865.0,-4.0,37323,868.0,853.1,825.15,81.85425685425655,87.95946314603019,70.45110274174749,67.09222708825459,888.9756218144403,825.15,761.3243781855597,22.835905881359167,19.071252283930864,3.7646535974283033
2024-05-29,2330,51073346,43924367680,861.0,868.0,856.0,857.0,-8.0,67680,866.6,854.9,828.5,74.4047619047616,81.61375661375648,60.27194091761145,62.9428782801855,891.6236881051803,828.5,765.3763118948197,21.887813061163456,19.63456443937738,2.2532486217860743
2024-05-30,2330,42535118,35840589611,841.0,848.0,838.0,838.0,-19.0,110390,859.2,854.6,831.8,55.95238095238066,70.73713323713311,43.04077371396397,54.3462932783495,889.4249945770114,831.8,774.1750054229885,19.379902013304672,19.58363195416284,-0.20372994085816742
2024-05-31,2330,90177283,74602358441,838.0,846.0,821.0,821.0,-17.0,102070,850.0,853.2,833.85,30.357142857142566,53.57142857142845,33.14833534385499,48.02601861821842,886.6752780399667,833.85,781.0247219600334,15.8380354998734,18.834512663304952,-2.9964771634315532
2024-06-03,2330,29629706,25053781742,839.0,853.0,837.0,846.0,25.0,40694,845.4,854.3,836.85,24.14369256474491,36.81773879142289,52.054674111025456,56.10971817454913,885.079762595309,836.85,788.620237404691,14.876880419551185,18.042986214554197,-3.1661057950030127
2024-06-04,2330,31031104,26107162214,844.0,851.0,837.0,839.0,-7.0,52392,840.2,854.1,838.8,25.146198830409073,26.549011417432357,47.65232828598996,53.596095726419,883.969015929066,838.8,793.6309840709339,13.395897032751122,17.113568378193584,-3.7176713454424615
2024-06-05,2330,37531781,31774150536,841.0,857.0,835.0,854.0,15.0,41869,839.6,853.1,841.4,44.444444444444166,31.24477861319956,56.788491680235055,57.94388977322156,883.6913702781083,841.4,799.1086297218917,13.279503814799455,16.346755465514757,-3.0672516507153027
2024-06-06,2330,67300344,60138015941,893.0,899.0,885.0,894.0,40.0,112332,850.8,855.0,846.3,61.02114260008969,43.53726195831448,71.99472957251879,66.8607269173455,889.121022874286,846.3,803.4789771257139,16.22786236124989,16.322976844661785,-0.09511448341189421
2024-06-07,2330,44489018,39240336617,885.0,888.0,879.0,879.0,-15.0,85990,862.4,856.2,850.15,75.28115159694079,60.24891288049172,62.38942011874465,61.58734566801128,890.0963390062213,850.15,810.2036609937786,17.15631578241471,16.489644632212368,0.6666711502023404
2024-06-11,2330,57435637,51091497348,892.0,895.0,883.0,883.0,4.0,47589,869.8,857.6,853.35,82.4786324786322,72.92697555855439,63.88832413006319,62.43812849474342,893.0552893201873,853.35,813.6447106798128,18.007311302900916,16.79317796635008,1.2141333365508373
2024-06-12,2330,51874967,46791431521,888.0,914.0,888.0,909.0,26.0,74526,883.8,862.0,857.55,82.82326992004384,80.19435133187244,72.26915449065633,67.48001206630818,901.8736956942932,857.55,813.2263043057067,20.5429082343029,17.54312401994064,2.9997842143622577
2024-06-13,2330,59656092,54980784829,923.0,935.0,911.0,919.0,0.0,98777,896.8,868.2,861.55,86.69191589395297,83.9979394308765,74.88463965904619,69.19282076771127,912.4124615998894,861.55,810.6875384001105,23.093100608087298,18.653119337569972,4.439981270517325
2024-06-14,2330,43289572,39603293460,916.0,922.0,905.0,922.0,3.0,62552,902.4,876.6,865.6,89.19618939822647,86.23712507074124,75.68722589879641,69.70827303766504,921.8828570703394,865.6,809.3171429296607,25.067261577769273,19.935947785609834,5.131313792159439
2024-06-17,2330,28796529,26475733502,913.0,925.0,913.0,921.0,-1.0,44582,910.8,886.6,869.9,86.3216374269003,87.40324757302672,74.75818130949905,69.29209072874536,929.232621718578,869.9,810.567378281422,26.24853001181907,21.19846423085168,5.05006578096739
2024-06-18,2330,40870419,38583515635,944.0,950.0,940.0,943.0,22.0,55791,922.8,896.3,875.3,88.97101449275334,88.16294710596019,80.80547234745991,73.0974840638032,940.3295317528914,875.3,810.2704682471085,28.629882431523924,22.68474787098613,5.945134560537795
2024-06-19,2330,76684138,74395758883,953.0,984.0,953.0,981.0,38.0,117235,937.2,910.5,882.3,92.35196687370573,89.21487293111994,87.05502711177297,78.13714933357709,959.966208868468,882.3,804.6337911315319,33.20068694916711,24.787935686622326,8.41275126254478
2024-06-20,2330,52144900,50859632569,971.0,981.0,971.0,981.0,0.0,107978,949.6,923.2,888.15,96.06625258799143,92.46307798481699,87.05502711177297,78.13714933357709,976.3345224515065,888.15,799.9654775484935,36.40344619291409,27.11103778788068,9.29240840503341
2024-06-21,2330,97995843,94882220706,961.0,978.0,960.0,970.0,-11.0,131503,959.2,930.8,892.9,93.4747760490332,93.96433183691028,77.15697958336852,73.513805879369,987.7238366656851,892.9,798.0761633343149,37.62038353553169,29.21290693741088,8.407476598120805
2024-06-24,2330,74081708,70162177693,958.0,960.0,940.0,940.0,-30.0,227255,963.0,936.9,896.55,79.14937922363636,89.56346928688714,56.65938513487979,62.629712370122526,992.7154303791131,896.55,800.3845696208869,35.75193976082426,30.520713502093557,5.2312262587307
2024-06-25,2330,62079701,57978440842,925.0,945.0,923.0,945.0,5.0,103844,963.4,943.1,900.35,63.646063973485674,78.75673974871856,58.788232192010796,63.597083168940735,997.8574868920329,900.35,802.8425131079672,34.279490196471556,31.272468840969157,3.007021355502399
2024-06-26,2330,48821135,46668874056,951.0,960.0,951.0,960.0,15.0,56563,959.2,948.2,905.1,58.13994374120929,66.97846231277727,64.83386868903625,66.40656892181468,1004.4939635994066,905.1,805.7060364005935,33.93179335606453,31.80433374398823,2.1274596120763007
2024-06-27,2330,41276086,39447006518,951.0,961.0,949.0,960.0,0.0,41133,955.0,952.3,910.25,62.15011588518424,61.312041199959886,64.83386868903627,66.40656892181468,1009.8148030179335,910.25,810.6851969820665,33.2726941978417,32.09800583475892,1.1746883630827796
2024-06-28,2330,42998776,41476565443,956.0,971.0,955.0,966.0,6.0,42853,954.2,956.7,916.65,68.76974651394539,63.01993538011313,67.43479569732517,67.56774261112702,1013.2259286779068,916.65,820.0740713220931,32.85576244484275,32.24955715677569,0.6062052880670663
2024-07-01,2330,20936005,20320957284,968.0,977.0,965.0,968.0,2.0,38293,959.8,961.4,924.0,70.15315939351929,67.0243405975498,68.34527005448962,67.96523407572366,1012.3651515021612,924.0,835.6348484978388,32.314226029303995,32.26249093128135,0.05173509802264675
2024-07-02,2330,27992930,26971516491,967.0,971.0,959.0,960.0,-8.0,38928,962.8,963.1,929.7,69.35179951008074,69.42490180584862,60.45723272616406,64.55693119594078,1011.6807294429603,929.7,847.7192705570397,30.883515435599293,31.98669583214494,-1.1031803965456461
2024-07-03,2330,25022531,24386705873,976.0,979.0,967.0,979.0,19.0,36096,966.6,962.9,936.7,79.18786508385124,72.89760799581724,70.03869213391522,68.58614979800333,1009.9505290083264,936.7,863.4494709916737,30.926308954085926,31.774618456533137,-0.8483095024472114
2024-07-04,2330,47251502,47347126144,1000.0,1010.0,997.0,1005.0,26.0,92002,975.6,965.3,944.25,86.0153256704978,78.18499675481009,78.39598486939494,73.09376534706075,1012.8265995074121,944.25,875.6734004925879,32.68147414430666,31.955989594087843,0.7254845502188196
2024-07-05,2330,21735614,21827958195,1005.0,1010.0,1000.0,1005.0,0.0,35802,983.4,968.8,949.8,96.16858237547864,87.1239243766094,78.39598486939494,73.09376534706075,1019.1731936701788,949.8,880.4268063298211,33.684165115057226,32.30162469828172,1.3825404167755053
2024-07-08,2330,45678332,47210175550,1005.0,1050.0,1000.0,1035.0,30.0,74909,996.8,978.3,957.6,91.21808732597367,91.13399845731686,84.97710654839888,77.42800498054962,1028.441795572953,957.6,886.7582044270471,36.479046472596224,33.13710905314462,3.341937419451604
2024-07-09,2330,54339957,56382512235,1030.0,1055.0,1025.0,1040.0,5.0,74954,1012.8,987.8,965.45,88.41681500615874,91.93449490253717,85.81719153790395,78.06229037401079,1036.2807136770434,965.45,894.6192863229567,38.65191310345904,34.2400698632075,4.411843240251535
2024-07-10,2330,51810372,53308027550,1020.0,1050.0,1015.0,1045.0,5.0,61199,1026.0,996.3,972.25,86.99919048508595,88.87803093907293,86.68581398392107,78.70667177479913,1046.1441810970261,972.25,898.3558189029739,40.31268424611835,35.454592739789675,4.858091506328677
2024-07-11,2330,49304453,52782475514,1065.0,1080.0,1055.0,1080.0,35.0,65005,1041.0,1008.3,980.3,91.94968553459091,89.12189700861201,91.12485458370108,82.56687144276351,1063.7028776481964,980.3,896.8971223518034,43.9464772012376,37.15296963207926,6.793507569158336
2024-07-12,2330,79472761,82222185037,1030.0,1045.0,1025.0,1040.0,-40.0,175230,1048.0,1015.7,986.2,85.6473829201099,88.19875297992907,63.082157899280624,67.50500408398173,1068.9637601852396,986.2,903.4362398147605,43.10176823785537,38.34272935323448,4.759038884620885
2024-07-15,2330,44123104,45805242410,1040.0,1045.0,1025.0,1040.0,0.0,51387,1049.0,1022.9,992.15,77.18130622394472,84.926124892882,63.082157899280624,67.50500408398173,1072.3803558511374,992.15,911.9196441488625,41.94877097893357,39.0639376783743,2.884833300559265
2024-07-16,2330,36244442,38188299315,1040.0,1070.0,1035.0,1055.0,15.0,42202,1052.0,1032.4,997.75,67.14114558137443,76.65661157514317,68.09382800056657,69.89354785273977,1079.1032420988868,997.75,916.3967579011131,41.76395807261099,39.60394175722164,2.160016315389349
2024-07-17,2330,62390596,64372740657,1035.0,1045.0,1020.0,1030.0,-25.0,140918,1049.0,1037.5,1000.2,57.32709599459758,67.21651593330573,53.87331130009172,61.74712595492618,1082.335497806976,1000.2,918.064502193024,39.14891709959352,39.512936825696016,-0.364019726102498
2024-07-18,2330,94327431,93948039256,988.0,1005.0,986.0,1005.0,-25.0,305207,1034.0,1037.5,1001.4,42.53076134324503,55.66633430640584,43.318942550168266,54.86095417570952,1083.0783937158435,1001.4,919.7216062841566,34.659652324726835,38.54227992550218,-3.8826276007753435
2024-07-19,2330,110541544,108678133437,988.0,995.0,970.0,970.0,-35.0,475484,1020.0,1034.0,1001.4,19.23758865248198,39.698481996775016,32.817684067128866,46.96432244816708,1083.0783937158435,1001.4,919.7216062841566,27.955417503110766,36.4249074410239,-8.469489937913131
2024-07-22,2330,90266550,85567920175,964.0,965.0,938.0,939.0,-31.0,307235,999.8,1024.4,1001.35,6.972330436519538,22.913560144082336,26.243695661270287,41.29473401696257,1083.1797623117645,1001.35,919.5202376882355,19.91129714425938,33.122185381670995,-13.210888237411616
2024-07-23,2330,53439290,51686291065,963.0,979.0,956.0,979.0,40.0,96981,984.6,1018.3,1003.05,9.859154929577175,12.023024672859714,43.33215134560355,49.727947096452255,1081.4680463923999,1003.05,924.6319536075999,16.572897465452684,29.812327798427333,-13.23943033297465
2024-07-26,2330,95625050,88299582909,915.0,930.0,915.0,924.0,-55.0,357707,963.4,1006.2,1001.25,11.794638800544917,9.542041388880694,31.590884817662594,41.00538137241171,1085.008880126228,1001.25,917.491119873772,9.381012845698592,25.726064807881585,-16.345051962182993
2024-07-29,2330,44000914,41481319942,942.0,948.0,936.0,944.0,20.0,78605,951.2,992.6,1000.45,17.796456156292304,13.150083295471617,38.64392503942303,44.797275654436234,1086.054847993554,1000.45,914.8451520064461,5.234880874715259,21.62782802124832,-16.39294714653306
2024-07-30,2330,45996400,42988422577,930.0,949.0,926.0,940.0,-4.0,86139,945.2,982.6,999.15,13.548387096773903,14.37982735120386,37.73611218704185,44.1855749060661,1087.5519796158442,999.15,910.7480203841557,1.6077417991616585,17.623810776830986,-16.016068977669327
2024-07-31,2330,47407263,44270020990,929.0,940.0,928.0,934.0,-6.0,62829,944.2,972.0,997.45,16.484698097601033,15.943180450222565,36.246018903164575,43.23197021420873,1089.4184184924366,997.45,905.4815815075635,-1.7309881523308377,13.75285099099862,-15.483839143329458
2024-08-01,2330,50257642,48211390158,969.0,969.0,948.0,960.0,26.0,66845,940.4,962.5,997.45,26.914805624482753,18.982630272952715,46.85528357851991,48.4262285068788,1089.4184184924366,997.45,905.4815815075635,-2.2530017821060255,10.55168043637769,-12.804682218483716
2024-08-02,2330,89044852,81488499047,918.0,928.0,903.0,903.0,-57.0,451562,936.2,949.8,993.65,21.53846153846125,21.645988420181833,32.86650499723077,39.823351429385006,1094.2308629909278,993.65,893.0691370090723,-7.18332013270367,7.004680322561418,-14.188000455265088
2024-08-05,2330,159662795,133482646539,852.0,857.0,813.0,815.0,-88.0,588373,910.4,930.8,984.15,17.06827309236919,21.840513418437883,21.373192264037293,30.74301358316568,1111.0866377371015,984.15,857.2133622628985,-17.98418698707269,2.0069068606345954,-19.991093847707283
2024-08-06,2330,108521787,94271532567,868.0,895.0,840.0,880.0,65.0,189677,898.4,921.8,977.9,13.8554216867467,17.487385439192533,39.58051831585575,41.37599497315916,1112.2099400640182,977.9,843.5900599359818,-21.056271422979307,-2.6057287960881848,-18.45054262689112
2024-08-07,2330,62643163,56900026373,901.0,920.0,893.0,920.0,40.0,109333,895.6,919.9,972.15,36.718669549994566,22.547454776370305,48.19349454660938,46.78997042207988,1106.0354361011684,972.15,838.2645638988315,-20.032334483327986,-6.091049933536144,-13.941284549791842
2024-08-08,2330,41288222,37045507217,901.0,905.0,887.0,896.0,-24.0,107303,882.8,911.6,964.95,54.05210585933449,34.875399032025406,43.820750065142846,44.15510949690843,1098.9536939789339,964.95,830.9463060210662,-20.916345889773993,-9.056109124783713,-11.86023676499028
2024-08-09,2330,54464183,50586946042,927.0,934.0,922.0,934.0,38.0,94661,889.0,912.6,959.4,66.45299145299117,52.407922287440236,51.88502126565645,49.04756524430989,1088.7976815866507,959.4,830.0023184133493,-18.339245471579034,-10.912736394142778,-7.426509077436256
2024-08-12,2330,40968742,38572439136,942.0,948.0,931.0,940.0,6.0,73731,914.0,912.2,952.4,70.72649572649544,63.74386434627386,53.12452909721497,49.79545712187699,1069.5074720075545,952.4,835.2925279924456,-15.632522973317123,-11.856693709977646,-3.7758292633394763
2024-08-13,2330,26831364,25227760336,945.0,945.0,937.0,941.0,1.0,39633,926.2,912.3,947.45,80.34188034188006,72.50712250712239,53.358165301317584,49.92737621494534,1057.4835857817952,947.45,837.416414218205,-13.253950953615458,-12.136145158705208,-1.1178057949102502
2024-08-14,2330,40527779,38507151446,951.0,955.0,945.0,948.0,7.0,56190,931.8,913.7,942.85,86.17732033224962,79.08189880020853,55.18242910779557,50.89996479687413,1044.386742118309,942.85,841.3132578816911,-10.680950642411972,-11.845106255446561,1.1641556130345894
2024-08-15,2330,21714163,20528538286,945.0,950.0,941.0,943.0,-5.0,42553,941.2,912.0,937.25,89.55700012038011,85.35873359817009,53.440613392398596,50.150653870771855,1024.821399440685,937.25,849.678600559315,-8.94220737132764,-11.264526478622777,2.3223191072951366
2024-08-16,2330,49830670,48022581452,963.0,969.0,958.0,969.0,26.0,86023,948.2,918.6,934.2,95.5399061032861,90.42474218530543,60.92347133345818,53.94719975481309,1012.3833741917018,934.2,856.0166258082983,-5.403964553568358,-10.092414093611893,4.6884495400435355
2024-08-19,2330,22416274,21737948903,969.0,975.0,964.0,973.0,4.0,43467,954.8,934.4,932.6,96.42552283397326,93.84080968587999,62.01908908376009,54.521066143405015,1006.0912239658585,932.6,859.1087760341416,-2.2511650290724674,-8.524164280704008,6.272999251631541
2024-08-20,2330,26420625,25701355510,977.0,977.0,968.0,973.0,0.0,43667,961.2,943.7,932.75,97.76094276094248,96.57545723273411,62.01908908376009,54.521066143405015,1006.5575199420751,932.75,858.9424800579249,0.2446313508497724,-6.770405154393252,7.015036505243025
2024-08-21,2330,32606816,31287150192,961.0,964.0,956.0,958.0,-15.0,83432,963.2,947.5,933.7,86.24579124579095,93.47741894690239,54.25473118219117,51.71822189060348,1008.2898116367086,933.7,859.1101883632915,1.00065835676196,-5.216192452162209,6.216850808924169
2024-08-22,2330,25850379,24661701935,958.0,964.0,948.0,951.0,-7.0,58791,964.8,953.0,932.3,68.16278729322178,84.05650709998523,50.79266971726726,50.41567994090921,1004.4473492236563,932.3,860.1526507763436,1.0231791351061474,-3.9683181347085377,4.991497269814685
2024-08-23,2330,31203321,29530574857,944.0,952.0,939.0,949.0,-2.0,57023,960.8,954.5,933.55,46.31093544136993,66.90650466012771,49.73479023537317,50.027995939834746,1005.9446821251411,933.55,861.1553178748588,0.8696192989358451,-3.000730647979661,3.870349946915506
2024-08-26,2330,26518126,25271527066,957.0,961.0,945.0,950.0,1.0,50970,956.2,955.5,933.85,34.14187643020565,49.53853305493261,50.338147935040155,50.23405853368919,1006.464805652843,933.85,861.2351943471571,0.8191707743130792,-2.236750363521113,3.055921137834192
2024-08-27,2330,19969925,18819208932,945.0,946.0,940.0,942.0,-8.0,53273,950.0,955.6,933.95,22.280701754385664,34.24450454198723,45.26679450349246,48.5106656319936,1006.6039056073372,933.95,861.2960943926629,0.13213365930312193,-1.762973558956266,1.895107218259388
2024-08-28,2330,33519083,31994192847,945.0,964.0,943.0,964.0,22.0,45785,951.2,957.2,935.45,34.210526315789174,30.211034833460317,58.63653647864718,53.25959669405752,1009.2754021323249,935.45,861.6245978676752,1.347336675642282,-1.1409115120365565,2.4882481876788383
2024-08-29,2330,46275772,43616354135,942.0,947.0,937.0,943.0,-21.0,103424,949.6,957.2,934.6,29.56140350877163,28.684210526315642,46.09684735438824,48.64728651664448,1007.6627127883963,934.6,861.5372872116037,0.608850871627169,-0.7909590353038114,1.3998099069309804
2024-08-30,2330,75533393,71355905880,944.0,952.0,941.0,944.0,1.0,34366,948.6,954.7,936.65,32.763157894736544,32.17836257309927,46.72974104058477,48.874338323761464,1008.3389810221942,936.65,864.9610189778058,0.10309873604126096,-0.6121474810347969,0.7152462170760578
2024-09-02,2330,19272593,18270058260,950.0,955.0,943.0,948.0,4.0,31642,948.2,952.2,943.3,24.413580246913284,28.91271388347398,49.49694413657844,49.82988377178024,988.3382060033524,943.3,898.2617939966475,0.024767590086071323,-0.48476446681062324,0.5095320568966946
2024-09-03,2330,23205623,21908471541,948.0,952.0,939.0,940.0,-8.0,47139,947.8,948.9,946.3,23.11728395061699,26.764674030755767,44.14606643759857,47.901573712615445,980.8433061532943,946.3,911.7566938467056,-0.6750618557773578,-0.5228239446039702,-0.15223791117338759
2024-09-04,2330,93169835,83424133824,894.0,905.0,888.0,889.0,-51.0,393210,932.8,942.0,944.75,17.722547108511726,21.75113710201416,24.47077082547801,37.84664032187696,986.0046967023172,944.75,903.4953032976828,-5.284044334949158,-1.4750680226730077,-3.80897631227615
2024-09-05,2330,34147890,30998595394,907.0,915.0,900.0,902.0,13.0,63902,924.6,937.1,945.05,10.282651072124462,17.040827377084554,33.309919900692755,41.232909412008674,984.9472430125195,945.05,905.1527569874804,-7.797816427349289,-2.739617703608264,-5.058198723741025
2024-09-06,2330,28248063,25786016936,909.0,918.0,903.0,918.0,16.0,38415,919.4,934.0,944.25,19.736842105262863,15.914013428633178,42.90440039340642,45.19086671890959,985.6160488806933,944.25,902.8839511193067,-8.402078705698727,-3.872109904026357,-4.5299688016723705
2024-09-09,2330,38448946,34456838126,892.0,900.0,891.0,899.0,-19.0,102365,909.6,928.9,942.2,24.122807017543565,18.047433398310456,35.77407915014989,41.60722967829334,988.0283754894253,942.2,896.3716245105747,-10.295422898642641,-5.156772502949614,-5.138650395693028
2024-09-10,2330,34312646,31067424234,907.0,911.0,901.0,904.0,5.0,45141,902.4,925.1,940.35,25.942655145325705,23.267434756044207,38.89202347390716,42.89068681733957,989.1158692119793,940.35,891.5841307880207,-11.262625068058583,-6.3779430159714074,-4.884682052087175
2024-09-11,2330,19513256,17621000956,906.0,906.0,900.0,901.0,-3.0,30789,904.8,918.8,938.0,19.252422100025893,23.105961420965215,37.613810024624925,42.29007117334407,989.516987489565,938.0,886.483012510435,-12.13137178121292,-7.52862876901971,-4.60274301219321
2024-09-12,2330,43749260,40999951508,936.0,944.0,928.0,940.0,0.0,80643,912.4,918.5,937.85,40.298507462686274,28.497861569346117,58.36654814056077,51.74947412349884,989.3253338988682,937.85,886.3746661011319,-9.562653430764385,-7.935433701368645,-1.6272197293957404
2024-09-13,2330,28307441,26795862243,955.0,955.0,939.0,947.0,7.0,39071,918.2,918.8,936.75,61.691542288556924,40.41415728375653,61.07776896207605,53.23126503419358,986.4244401075625,936.75,887.0755598924375,-6.882744142740535,-7.724895789643023,0.8421516469024883
2024-09-16,2330,14456888,13692259575,952.0,952.0,943.0,947.0,0.0,26421,927.8,918.7,935.45,84.57711442786041,62.189054726368035,61.07776896207605,53.23126503419358,982.5561567101297,935.45,888.3438432898704,-4.704664282975386,-7.120849488309496,2.4161852053341093
2024-09-18,2330,30094662,28303054525,945.0,948.0,933.0,941.0,-6.0,46622,935.2,918.8,933.85,84.74813432835792,77.00559701492524,56.76505805599672,51.654328648796955,977.8148723414517,933.85,889.8851276585483,-3.4232095292223903,-6.381321496492075,2.9581119672696845
2024-09-19,2330,35254383,33482773635,940.0,960.0,936.0,960.0,19.0,53494,947.0,925.9,933.95,88.72823383084547,86.01782752902143,65.71010260794972,56.090357127166016,978.1426464471157,933.95,889.7573535528844,-0.8645403115615409,-5.277965259505968,4.413424947944427
2024-09-20,2330,66762167,65105344444,981.0,982.0,971.0,973.0,13.0,67911,953.6,933.0,935.05,89.41163003662973,87.62933273194454,70.57045459908205,58.871084565457046,981.9007203786689,935.05,888.199279621331,2.1870044066805576,-3.7849713262686624,5.97197573294922
2024-09-23,2330,15399658,15013916758,971.0,977.0,971.0,977.0,4.0,26106,959.6,938.9,936.45,94.67077637809314,90.93688008185627,71.99538787157653,59.716417759997064,986.4518999639008,936.45,886.4481000360993,4.871980987563347,-2.05358086350226,6.925561851065607
2024-09-24,2330,29324170,28726805585,976.0,987.0,971.0,987.0,10.0,63433,967.6,947.7,938.3,94.67077637809314,92.9177275976055,75.46082294340852,61.82865557884904,992.7136012408691,938.3,883.8863987591308,7.7177947647500105,-0.09930573785180585,7.817100502601816
2024-09-25,2330,43039991,43053012337,1000.0,1005.0,998.0,1005.0,18.0,82005,980.4,957.8,941.45,97.96747967479644,95.7696774769944,80.52237307121092,65.35049060967594,1003.1605339468065,941.45,879.7394660531936,11.295366302263801,2.179628670171316,9.115737632092486
2024-09-26,2330,43341810,43835515361,1010.0,1015.0,1005.0,1015.0,10.0,78670,991.4,969.2,944.0,99.9999999999997,97.54608535096327,82.81926038253548,67.16310654885852,1013.0101441818513,944.0,874.9898558181487,14.767305640176119,4.697164064172277,10.070141576003842
2024-09-27,2330,37665070,38074974690,1020.0,1025.0,1000.0,1000.0,-15.0,52093,996.8,975.2,946.85,90.94202898550695,96.30316955343454,68.65175630540044,61.92970944456343,1020.040914736736,946.85,873.659085263264,16.12261645318233,6.982254541974289,9.140361911208043
2024-09-30,2330,66874949,65017701862,978.0,990.0,957.0,957.0,-43.0,166934,992.8,976.2,947.5,66.30434782608666,85.74879227053128,43.668309153779475,49.920961365200654,1020.808935335334,947.5,874.191064664666,13.57053670322216,8.299910974223863,5.270625728998297
2024-10-01,2330,27877267,27093881327,967.0,977.0,967.0,972.0,15.0,37862,989.8,978.7,948.7,46.45416056016905,67.90017912392106,50.93507900643131,53.32132015088165,1022.7840063711457,948.7,874.6159936288544,12.612975227290804,9.162523824837251,3.4504514024535524
2024-10-04,2330,43765757,42845984122,986.0,986.0,967.0,977.0,5.0,43935,984.2,982.3,950.55,31.982719809955924,48.24707606540405,53.27891424985486,54.43200814925956,1025.5152586202469,950.55,875.584741379753,12.117871789141759,9.753593417698152,2.364278371443607
2024-10-07,2330,43850831,43905376215,993.0,1010.0,989.0,1005.0,28.0,79851,982.2,986.8,956.35,46.81647940074876,41.75111992362475,64.39207233239775,60.150357153807676,1029.2918261356253,956.35,883.4081738643748,13.825493063650129,10.567973346888547,3.257519716761582
2024-10-08,2330,35344059,35503172585,1000.0,1010.0,997.0,1010.0,5.0,42227,984.2,990.5,961.75,59.31372549019577,46.03764156696699,66.07329416506525,61.08937876808157,1033.7829785584354,961.75,889.7170214415647,15.404677901927016,11.53531425789624,3.8693636440307753
2024-10-09,2330,53208610,54663169800,1030.0,1035.0,1020.0,1020.0,10.0,80835,996.8,994.8,966.85,76.43288084464524,60.85436191186343,69.44002294329444,62.96883909083687,1040.2019597556891,966.85,893.4980402443109,17.264099893147772,12.681071384946547,4.583028508201226
2024-10-11,2330,47776351,49706577415,1025.0,1050.0,1020.0,1045.0,25.0,89915,1011.4,1000.6,974.15,84.4446877179322,73.39709801759123,76.29974176481123,67.23033165664701,1048.0966699723547,974.15,900.2033300276453,20.51847210970925,14.248551529899087,6.269920579810163
2024-10-14,2330,39906157,41745442865,1045.0,1055.0,1035.0,1045.0,0.0,49228,1025.0,1004.6,981.2,88.3962683501851,83.09127897092101,76.29974176481123,67.23033165664701,1053.9257863484445,981.2,908.4742136515557,22.83436518981057,15.965714261881384,6.868650927929185
2024-10-15,2330,52066470,55504081569,1050.0,1075.0,1050.0,1070.0,25.0,88895,1038.0,1010.1,989.65,93.39409538191042,88.7450171500094,81.84618698216946,71.08891719512094,1062.4106349614979,989.65,916.8893650385022,26.382892643567402,18.049149938218587,8.333742705348815
2024-10-16,2330,60312846,63228552464,1040.0,1070.0,1035.0,1045.0,-25.0,69585,1045.0,1014.6,994.9,85.92695081799167,89.23910485002922,64.2924871995847,63.08885415337423,1067.7255449687818,994.9,922.0744550312182,26.868116231057,19.81294319678627,7.05517303427073
2024-10-17,2330,56618332,58862054838,1050.0,1055.0,1030.0,1035.0,-10.0,58589,1048.0,1022.4,999.3,76.98263234986368,85.43455951658875,58.44310159538697,60.17189803583707,1070.6361058651248,999.3,927.963894134875,26.14436700494707,21.079227958418432,5.065139046528639
2024-10-18,2330,91036335,99230303460,1095.0,1100.0,1075.0,1085.0,50.0,132797,1056.0,1033.7,1006.2,73.89055722389024,78.93338013058202,72.85143388074135,68.11102143543204,1082.4904974423405,1006.2,929.9095025576596,29.26798949725469,22.716980266185683,6.551009231069006
2024-10-21,2330,42094031,45813114865,1090.0,1095.0,1080.0,1085.0,0.0,43553,1064.0,1044.5,1013.4,78.29544755111068,76.38954570828837,72.85143388074135,68.11102143543205,1090.889096007116,1013.4,935.9109039928838,31.381733734848922,24.44993095991833,6.931802774930592
2024-10-22,2330,43740591,46707090730,1065.0,1075.0,1060.0,1075.0,-10.0,56089,1065.0,1051.5,1019.15,80.2244598967897,77.47015489059703,66.56849410896729,65.10099751062607,1097.001846477782,1019.15,941.298153522218,31.882453764475713,25.936435520829807,5.946018243645906
2024-10-23,2330,32895421,34912308143,1060.0,1070.0,1055.0,1060.0,-15.0,40549,1068.0,1056.5,1023.5,68.06229773462753,75.52740172750946,57.83909534482533,60.76320131688865,1100.265877836445,1023.5,946.734122163555,30.71484177897571,26.892116772458987,3.8227250065167233
2024-10-24,2330,40791484,43477824029,1070.0,1075.0,1055.0,1060.0,0.0,42113,1073.0,1060.5,1027.65,53.869047619047315,67.38526841682166,57.83909534482533,60.76320131688865,1102.8704094644493,1027.65,952.4295905355509,29.4500193769004,27.40369729334727,2.046322083553129
2024-10-25,2330,23347890,24867260319,1065.0,1070.0,1060.0,1065.0,5.0,25884,1069.0,1062.5,1031.55,47.619047619047315,56.51679765757421,60.20664183403939,61.748522516516125,1106.0200610984102,1031.55,957.0799389015896,28.52230929690529,27.627419694058876,0.8948896028464155
2024-10-28,2330,41665065,44216316045,1075.0,1080.0,1050.0,1050.0,-15.0,55098,1062.0,1063.0,1033.8,40.476190476190176,47.32142857142842,50.31717479614339,57.114712797846245,1107.6419934725532,1033.8,959.9580065274467,26.273849156773394,27.35670558660178,-1.0828564298283858
2024-10-29,2330,48097705,49680152085,1035.0,1040.0,1020.0,1040.0,-10.0,93617,1055.0,1060.0,1035.05,34.52380952380922,40.873015873015724,44.61704415953689,54.19484602090835,1108.4215885067279,1035.05,961.6784114932722,23.41509720474096,26.568383910229617,-3.1532867054886573
2024-10-30,2330,40765247,42368799669,1040.0,1055.0,1030.0,1030.0,-10.0,46750,1049.0,1058.5,1036.55,22.02380952380922,32.34126984126969,39.40861753551294,51.36682615983713,1108.200471038235,1036.55,964.8995289617649,20.110774767054863,25.276862081594665,-5.166087314539801
2024-11-01,2330,61545741,62269386415,996.0,1030.0,996.0,1025.0,-5.0,77404,1042.0,1057.5,1039.95,22.264309764309463,26.270642937309457,36.896132985256116,49.962954936524326,1101.9870050856657,1039.95,977.9129949143343,16.893875139043757,23.600264693084483,-6.706389554040726
2024-11-04,2330,28225506,29263376605,1030.0,1045.0,1025.0,1040.0,15.0,33492,1037.0,1053.0,1043.35,31.39129389129359,25.226471059804243,48.408365042753815,54.02265859066863,1097.0054750235252,1043.35,989.6945249764746,15.377570585598505,21.955725871587287,-6.578155285988782
2024-11-05,2330,33407780,34851674542,1030.0,1055.0,1030.0,1050.0,10.0,28872,1037.0,1049.5,1047.0,48.65319865319835,34.10293410293395,54.81917947581063,56.553422723211476,1091.2040722106008,1047.0,1002.7959277893993,14.81206051568438,20.526992800406706,-5.714932284722327
2024-11-06,2330,59404980,63110184620,1050.0,1080.0,1040.0,1060.0,10.0,58611,1041.0,1048.0,1049.75,64.28571428571398,48.110068943402126,60.53976372428649,58.98472061381831,1089.8093309979085,1049.75,1009.6906690020915,14.997919457880698,19.421178131901506,-4.423258674020808
2024-11-07,2330,46030563,48979606039,1050.0,1075.0,1050.0,1065.0,5.0,41583,1048.0,1048.5,1052.5,74.20634920634889,62.38175404842056,63.253799141122556,60.18446800844265,1088.624783736377,1052.5,1016.3752162636231,15.37147937603595,18.611238380728395,-3.239759004692445
2024-11-08,2330,38840413,42224017162,1085.0,1090.0,1080.0,1090.0,25.0,58203,1061.0,1051.5,1056.0,86.1111111111108,74.8677248677247,73.77539435239565,65.60232910088256,1092.4142829120663,1056.0,1019.5857170879337,17.483282965746866,18.38564729773209,-0.9023643319852219
2024-11-11,2330,36630666,39467913757,1080.0,1090.0,1070.0,1085.0,-5.0,48859,1070.0,1053.5,1058.0,92.27456940222866,84.19734323989627,69.15509502230219,63.73438522545267,1096.1313519298753,1058.0,1019.8686480701248,18.539729846964974,18.416463807578666,0.12326603938630853
2024-11-12,2330,54098799,57135037210,1060.0,1065.0,1050.0,1050.0,-35.0,92756,1070.0,1053.5,1058.25,84.04255319148905,87.47607790160966,45.75413224688139,52.47147631943676,1096.1016842425802,1058.25,1020.3983157574197,16.364128630289997,18.00599677212093,-1.6418681418309333
2024-11-13,2330,46420969,48395649023,1045.0,1050.0,1035.0,1035.0,-15.0,75428,1065.0,1053.0,1056.5,64.53900709219828,80.28537656197216,39.133124809487335,48.51456084556285,1095.242741255621,1056.5,1017.757258744379,13.27653076958677,17.0601035716141,-3.7835728020273294
2024-11-14,2330,49328914,50864201443,1030.0,1040.0,1025.0,1035.0,0.0,62545,1059.0,1053.5,1056.0,38.10692853246014,62.22949627204931,39.13312480948734,48.51456084556285,1095.5727178748189,1056.0,1016.4272821251813,10.706173120664744,15.789317481424229,-5.083144360759485
2024-11-15,2330,37405855,38824519360,1040.0,1045.0,1030.0,1035.0,0.0,38669,1048.0,1054.5,1056.0,24.086197490452495,42.24404437170379,39.13312480948735,48.51456084556284,1095.5727178748189,1056.0,1016.4272821251813,8.57035247697172,14.345524480533728,-5.775172003562007
2024-11-18,2330,33583180,34422999050,1030.0,1035.0,1020.0,1025.0,-10.0,56311,1036.0,1053.0,1053.0,12.637362637362324,24.943496220091806,33.93454316076303,45.64826784437944,1092.420806688854,1053.0,1013.5791933111459,6.001600092574336,12.676739602941849,-6.675139510367513
2024-11-19,2330,25497606,26433399155,1030.0,1045.0,1025.0,1040.0,15.0,26315,1034.0,1052.0,1050.75,17.03296703296672,17.918842386927334,46.39615763679596,50.38359227291562,1087.6654439225645,1050.75,1013.8345560774355,5.11723169918514,11.164838022190507,-6.0476063230053665
2024-11-20,2330,40203197,41541948790,1045.0,1050.0,1020.0,1025.0,-15.0,53280,1032.0,1048.5,1048.25,14.285714285713977,14.652014652014493,38.02767953620491,46.06181774428549,1085.029749863206,1048.25,1011.470250136794,3.169453251952291,9.565761068142864,-6.396307816190573
2024-11-21,2330,44679981,45374625920,1020.0,1025.0,1010.0,1010.0,-15.0,67481,1027.0,1043.0,1045.75,11.904761904761594,14.40781440781425,31.416624413260504,42.166645122273216,1085.6592721056147,1045.75,1005.8407278943853,0.41071568500956346,7.7347519915162035,-7.32403630650664
2024-11-22,2330,32509453,33754431973,1035.0,1050.0,1035.0,1040.0,30.0,28859,1028.0,1038.0,1044.75,20.56277056277025,15.584415584415426,51.20866067255482,51.077319259646984,1084.1803182842848,1044.75,1005.3196817157152,0.6377934808806458,6.315360289389092,-5.6775668085084465
2024-11-25,2330,54443912,56293841760,1045.0,1050.0,1030.0,1030.0,-10.0,34710,1029.0,1032.5,1043.0,34.84848484848453,22.438672438672274,46.04155718544148,48.40034578053594,1081.7814388593306,1043.0,1004.2185611406694,0.01071433541346778,5.054431098593968,-5.0437167631805
2024-11-26,2330,31309332,31750783325,1015.0,1020.0,1010.0,1010.0,-20.0,79568,1023.0,1028.5,1041.0,34.84848484848453,30.086580086579925,37.267331118153386,43.49093475023785,1082.182520563948,1041.0,999.817479436052,-2.0761506855128573,3.628314741772603,-5.70446542728546
2024-11-27,2330,34602143,34822499480,1010.0,1020.0,1000.0,1000.0,-10.0,111382,1018.0,1025.0,1039.0,16.66666666666635,28.787878787878622,33.53891312865977,41.23856757755639,1083.8998886412874,1039.0,994.1001113587128,-4.4852198536400465,2.005607822690073,-6.490827676330119
2024-11-28,2330,37166049,37181706464,1005.0,1005.0,992.0,1005.0,5.0,82426,1017.0,1022.0,1037.75,7.4712643678157775,19.662138627655704,37.20368747623388,42.83276578335949,1084.9172555911407,1037.75,990.5827444088592,-5.922693192159727,0.41994761972011285,-6.34264081187984
2024-11-29,2330,43621329,43637043385,995.0,1010.0,994.0,996.0,-9.0,47567,1008.2,1018.1,1036.3,9.770114942528421,11.302681992337,33.342688317041585,40.6927163203112,1086.6233544191998,1036.3,985.9766455808,-7.699372381117769,-1.2039163804474635,-6.4954560006703055
2024-12-02,2330,33333423,34325585125,1020.0,1040.0,1015.0,1035.0,39.0,42112,1009.2,1019.1,1036.05,34.482758620689346,17.241379310344666,56.280701278687005,51.90626305682265,1086.3470178042492,1036.05,985.7529821957506,-5.892504254163441,-2.141633955190659,-3.750870298972782
2024-12-03,2330,48632084,51509603939,1060.0,1065.0,1055.0,1055.0,20.0,55988,1018.2,1020.6,1036.3,55.778617540544495,33.3438303679209,63.74498682453271,56.45341189193923,1086.9205491870684,1036.3,985.6794508129316,-2.8142741916874456,-2.2761620024900164,-0.5381121891974292
2024-12-04,2330,35431584,37738286825,1065.0,1070.0,1055.0,1070.0,15.0,45553,1032.2,1025.1,1036.8,86.81310029916517,59.02482548679982,68.45718512243711,59.54293181492021,1088.5323883075218,1036.8,985.0676116924781,0.8260972155708259,-1.6557101588778478,2.4818073744486737
2024-12-05,2330,41293183,44420331699,1070.0,1080.0,1070.0,1075.0,5.0,51311,1046.2,1031.6,1037.3,93.5398505603982,78.71052280003612,69.97481782659027,60.54771522207564,1090.29094262231,1037.3,984.3090573776898,4.067686241593037,-0.5110308787836708,4.578717120376708
2024-12-06,2330,32090124,34306935479,1075.0,1080.0,1060.0,1065.0,-10.0,33697,1060.0,1034.1,1036.05,92.42424242424211,90.92573109460199,62.91202189859809,57.473324603219126,1085.0376515052617,1036.05,987.0623484947382,5.763316546976739,0.7438386063684113,5.019477940608327
2024-12-09,2330,30255281,32409791931,1070.0,1075.0,1065.0,1075.0,10.0,25230,1068.0,1038.6,1035.55,90.53030303030272,92.16479867164783,66.8192427854587,59.678208807991595,1082.6985948889278,1035.55,988.4014051110722,7.823843805645311,2.159839646223791,5.66400415942152
2024-12-10,2330,32359253,34496134808,1070.0,1075.0,1060.0,1065.0,-10.0,31326,1070.0,1044.1,1036.3,86.74242424242392,89.89898989898974,59.50551467200233,56.52226959501123,1084.8019587233382,1036.3,987.7980412766617,8.55133560311333,3.438138837601699,5.113196765511631
2024-12-11,2330,26948940,28278772503,1045.0,1060.0,1045.0,1045.0,-20.0,47194,1065.0,1048.6,1036.8,78.8583509513739,85.37702607470034,47.39979727583943,50.742633054432964,1085.444012992353,1036.8,988.1559870076468,7.428415095680975,4.2361940892175545,3.192221006463421
2024-12-12,2330,26574460,28185087817,1060.0,1065.0,1055.0,1060.0,0.0,25096,1062.0,1054.1,1038.05,70.49588008890304,78.69888509423379,55.34820739114653,54.50043692123457,1087.718803086044,1038.05,988.3811969139558,7.660560964835895,4.921067464341222,2.7394935004946728
2024-12-13,2330,24329785,25873117992,1060.0,1070.0,1055.0,1065.0,5.0,25787,1062.0,1061.0,1039.55,61.89198398500693,70.41540500842812,57.82652936083225,55.713267080132546,1090.5538233861012,1039.55,988.5461766138989,8.154002190357915,5.567654409544561,2.5863477808133535
2024-12-16,2330,43679921,47253709874,1085.0,1085.0,1075.0,1085.0,20.0,53568,1064.0,1066.0,1042.55,75.45787545787515,69.28191317726187,66.5028162581413,60.27473136693581,1096.7366219652083,1042.55,988.3633780347915,10.043119934680362,6.4627475145717215,3.580372420108641
2024-12-17,2330,40033595,43428037809,1090.0,1095.0,1075.0,1075.0,-10.0,42830,1066.0,1068.0,1044.3,72.38095238095207,69.91027060794488,59.37707343340439,57.10750910553234,1100.2753517184146,1044.3,988.3246482815853,10.611025632543488,7.292403138166074,3.318622494377413
2024-12-18,2330,47331164,51170937776,1075.0,1090.0,1070.0,1085.0,10.0,40248,1074.0,1069.5,1047.3,79.99999999999969,75.9462759462758,63.890980305603705,59.404733092070785,1105.2140742825177,1047.3,989.3859257174823,11.732763422806102,8.180475195094079,3.5522882277120225
2024-12-19,2330,46126529,49061396399,1065.0,1070.0,1055.0,1070.0,-15.0,62146,1076.0,1069.0,1050.3,63.33333333333302,71.90476190476176,53.489643908528336,54.674497041982676,1106.3610381637798,1050.3,994.2389618362201,11.281329914632352,8.800646139001733,2.4806837756306184
2024-12-20,2330,56392109,58923043065,1060.0,1060.0,1035.0,1035.0,-35.0,85875,1070.0,1066.0,1050.05,43.33333333333302,62.22222222222208,37.06392008664865,45.55870158777753,1106.336676931583,1050.05,993.7633230684169,8.007057736836487,8.641928458568684,-0.6348707217321969
2024-12-23,2330,32800319,35200907996,1065.0,1080.0,1060.0,1080.0,45.0,39942,1069.0,1066.5,1052.55,41.66666666666635,49.444444444444294,56.91149640766686,55.769520525122594,1109.4902318225031,1052.55,995.6097681774967,8.940239845550877,8.701590735965123,0.23864910958575436
2024-12-24,2330,30069757,32689957470,1095.0,1095.0,1080.0,1080.0,0.0,36423,1070.0,1068.0,1056.05,49.99999999999969,44.99999999999985,56.91149640766685,55.769520525122594,1110.6557689260114,1056.05,1001.4442310739884,9.5694823541387,8.875169059599838,0.6943132945388619
2024-12-25,2330,16186220,17591123835,1090.0,1090.0,1080.0,1085.0,5.0,28032,1070.0,1072.0,1060.3,77.77777777777747,56.48148148148133,58.87298614110528,56.81330052865875,1109.7857555262196,1060.3,1010.8142444737803,10.352285090449413,9.170592265769752,1.1816928246796614
2024-12-26,2330,15017636,16328335510,1085.0,1090.0,1085.0,1085.0,0.0,23380,1073.0,1074.5,1064.3,80.55555555555524,69.4444444444443,58.87298614110528,56.81330052865875,1107.8343542504103,1064.3,1020.7656457495896,10.847617318722087,9.505997276360219,1.3416200423618676
2024-12-27,2330,26151993,28531251520,1080.0,1095.0,1080.0,1090.0,5.0,40184,1084.0,1077.0,1069.0,86.1111111111108,81.48148148148134,61.27257495535871,57.963783802037604,1100.7175030543074,1069.0,1037.2824969456926,11.510938952625338,9.906985611613242,1.6039533410120956
2024-12-30,2330,27437455,29944447716,1090.0,1095.0,1085.0,1090.0,0.0,28373,1086.0,1077.5,1071.75,88.88888888888857,85.18518518518505,61.27257495535871,57.963783802037604,1100.6074080610163,1071.75,1042.8925919389837,11.899456597961262,10.305479808882847,1.5939767890784147
2024-12-31,2330,29239004,31511634720,1080.0,1085.0,1075.0,1075.0,-15.0,32969,1085.0,1077.5,1072.75,83.33333333333302,86.11111111111097,49.48338674179472,53.04699345462055,1100.5843313194337,1072.75,1044.9156686805663,10.871663224957047,10.418716492097687,0.4529467328593597
2025-01-02,2330,45045125,47883206644,1070.0,1075.0,1055.0,1065.0,-10.0,74997,1081.0,1075.5,1072.5,69.44444444444412,80.55555555555542,43.042175864224625,50.0018717912441,1100.5178514522438,1072.5,1044.4821485477562,9.144797611065542,10.163932715891258,-1.0191351048257165
2025-01-03,2330,31244211,33728652860,1080.0,1085.0,1075.0,1075.0,10.0,28227,1079.0,1076.0,1072.5,55.55555555555522,69.4444444444443,50.55160751894986,52.91279955445187,1100.5178514522438,1072.5,1044.4821485477562,8.485346801195192,9.828215532952045,-1.3428687317568535
2025-01-06,2330,77874801,86585128825,1100.0,1125.0,1095.0,1125.0,50.0,130021,1086.0,1085.0,1075.5,66.66666666666633,63.88888888888874,72.048497408087,64.15124905640563,1111.4026461420324,1075.5,1039.5973538579676,11.860587941026779,10.234690014566992,1.6258979264597873
2025-01-07,2330,54691485,62664127156,1150.0,1160.0,1130.0,1130.0,5.0,70657,1094.0,1090.0,1078.25,73.80952380952347,65.34391534391519,73.39773626094292,65.0495885728954,1121.2935825646518,1078.25,1035.2064174353482,14.76870464099693,11.141492939852979,3.627211701143951
2025-01-08,2330,49181518,54760296689,1110.0,1130.0,1105.0,1105.0,-25.0,71736,1100.0,1092.5,1080.25,73.01587301587269,71.16402116402101,57.27132577881315,57.31574937028484,1124.3493197226442,1080.25,1036.1506802773558,14.884537330250168,11.890101817932416,2.994435512317752
2025-01-09,2330,29916198,33052210793,1100.0,1115.0,1100.0,1100.0,-5.0,51544,1107.0,1094.0,1083.0,53.968253968253634,66.93121693121678,54.47841970161126,55.88468852947176,1124.7612260356423,1083.0,1041.2387739643577,14.406804681314497,12.393442390608833,2.0133622907056647
2025-01-10,2330,24475751,26996697889,1100.0,1110.0,1100.0,1100.0,0.0,38027,1112.0,1095.5,1085.0,44.44444444444411,57.14285714285699,54.47841970161126,55.884688529471774,1125.9878030638383,1085.0,1044.0121969361617,13.86833260956928,12.688420434400921,1.179912175168358
2025-01-13,2330,62629547,68093421797,1110.0,1115.0,1070.0,1075.0,-25.0,118516,1102.0,1094.0,1085.5,34.92063492063458,44.44444444444429,40.903362014572885,48.81675578568368,1125.7367990774615,1085.5,1045.2632009225385,11.294107110514688,12.409557769623675,-1.115450659108987
2025-01-14,2330,31280235,33915048410,1085.0,1090.0,1075.0,1090.0,15.0,32218,1094.0,1094.0,1085.75,31.746031746031406,37.037037037036875,49.6804761452313,52.68352201977756,1126.033371259119,1085.75,1045.466628740881,10.345137194041627,11.996673654507266,-1.651536460465639
2025-01-15,2330,37966582,40677529813,1085.0,1085.0,1065.0,1065.0,-25.0,74906,1086.0,1093.0,1085.25,17.46031746031712,28.04232804232788,38.548107652276954,46.39275368725172,1126.295706230981,1085.25,1044.204293769019,7.489446949579133,11.09522831352164,-3.6057813639425067
2025-01-16,2330,49872673,54934128041,1095.0,1115.0,1090.0,1105.0,40.0,54389,1087.0,1097.0,1086.25,25.14619883040902,24.78418267891936,56.671581154127225,55.54022083151283,1128.187453427694,1086.25,1044.312546572306,8.357616166030766,10.547705884023465,-2.1900897179926986
2025-01-17,2330,60857371,67663576840,1125.0,1125.0,1095.0,1120.0,15.0,48829,1091.0,1101.5,1088.75,33.333333333333,25.313283208019893,61.62325842113332,58.406501789417234,1132.4392435274406,1088.75,1045.0607564725594,10.139143430589456,10.465993393336664,-0.32684996274720746
2025-01-20,2330,32062171,36076248367,1125.0,1135.0,1120.0,1120.0,0.0,37780,1100.0,1101.0,1093.0,59.5238095238092,39.334447229183915,61.62325842113332,58.40650178941724,1131.1313519298753,1093.0,1054.8686480701247,11.419381105892171,10.656670935847766,0.7627101700444054
2025-01-21,2330,24368832,27256307475,1115.0,1125.0,1110.0,1120.0,0.0,28262,1106.0,1100.0,1095.0,71.67919799498713,54.84544695070995,61.62325842113332,58.406501789417256,1134.370039370059,1095.0,1055.629960629941,12.292280924367105,10.983792933551634,1.3084879908154718
2025-01-22,2330,45996696,52510666410,1140.0,1150.0,1135.0,1135.0,15.0,59434,1120.0,1103.0,1097.75,79.83193277310892,70.34498009730193,67.51797530524978,61.506047288108014,1140.1144898470404,1097.75,1055.3855101529596,14.032675016626854,11.593569350166678,2.4391056664601756
2025-02-03,2330,113031525,120769676393,1065.0,1075.0,1060.0,1070.0,-65.0,247531,1113.0,1100.0,1097.0,57.34516028633644,69.618763684811,38.005325778672805,45.63576413223729,1140.7492857084546,1097.0,1053.2507142915454,10.051129932025333,11.28508146653841,-1.2339515345130767
2025-02-04,2330,57904652,63132252012,1085.0,1100.0,1080.0,1095.0,25.0,59315,1108.0,1099.5,1097.5,44.117647058823216,60.43158003942303,48.17097795486359,50.884959092141344,1140.9165866921849,1097.5,1054.0834133078151,8.811444980476836,10.790354169326095,-1.9789091888492596
2025-02-05,2330,43082532,47931709801,1110.0,1120.0,1105.0,1110.0,15.0,51245,1106.0,1103.0,1098.5,35.18518518518487,45.54933084344835,53.5075385323921,53.76929517831653,1142.1004587131833,1098.5,1054.8995412868167,8.936347710967766,10.419552877654429,-1.4832051666866626
2025-02-06,2330,33768196,37638807097,1120.0,1120.0,1105.0,1115.0,5.0,32994,1105.0,1105.5,1099.75,51.851851851851535,43.71822803195338,55.297508298604534,54.72377121168848,1143.7357931609743,1099.75,1055.7642068390257,9.33122765410485,10.201887832944513,-0.8706601788396622
2025-02-07,2330,31107545,34745052940,1110.0,1125.0,1105.0,1125.0,10.0,35637,1103.0,1111.5,1102.25,62.96296296296265,49.99999999999986,58.982286787315154,56.65140367376081,1146.0078564374444,1102.25,1058.4921435625556,10.331988547968876,10.227907975949385,0.10408057201949106
2025-02-10,2330,31037109,34425517969,1125.0,1125.0,1095.0,1105.0,-20.0,60839,1110.0,1111.5,1104.25,61.1111111111108,58.64197530864183,49.46791633886518,51.89283780042804,1144.533371259119,1104.25,1063.966628740881,9.402875418683152,10.06290146449614,-0.6600260458129874
2025-02-11,2330,21023057,23294288731,1110.0,1115.0,1100.0,1110.0,5.0,31837,1113.0,1110.5,1106.0,59.259259259258954,61.11111111111097,51.738542724745216,52.95670599748553,1144.026306683663,1106.0,1067.973693316337,8.966642905212211,9.843649752639354,-0.8770068474271433
2025-02-12,2330,26190392,28966591975,1110.0,1115.0,1100.0,1100.0,-10.0,38511,1111.0,1108.5,1104.75,49.999999999999694,56.790123456789985,46.82870225167392,50.54899004938703,1141.8276212829248,1104.75,1067.6723787170752,7.724960532490513,9.419911908609587,-1.6949513761190733
2025-02-13,2330,35681521,38806197999,1090.0,1095.0,1080.0,1090.0,-10.0,72456,1106.0,1105.5,1102.75,48.71794871794842,52.65906932573586,42.16092513040042,48.18948322153147,1138.4536412708844,1102.75,1067.0463587291156,5.866377926711266,8.709205112229922,-2.842827185518656
2025-02-14,2330,73417323,78100130074,1065.0,1070.0,1060.0,1060.0,-30.0,218986,1093.0,1098.0,1100.5,30.199430199429898,42.97245963912618,31.256432924091666,41.874599477532,1140.7367990774615,1100.5,1060.2632009225385,1.950207760625517,7.3574056419090414,-5.407197881283524
2025-02-17,2330,37215861,40057489554,1065.0,1085.0,1065.0,1085.0,25.0,57081,1089.0,1099.5,1099.75,28.205128205127902,35.70750237416892,45.06910072387078,47.99098884440428,1140.5513480169468,1099.75,1058.9486519830532,0.8540606759643197,6.056736648720097,-5.202675972755777
2025-02-18,2330,24018940,26204727000,1085.0,1100.0,1080.0,1100.0,15.0,30650,1087.0,1100.0,1099.75,33.33333333333303,30.579297245963787,51.842510932284036,51.30211122898246,1140.5513480169468,1099.75,1058.9486519830532,1.1821042913898054,5.081810177254039,-3.8997058858642335
2025-02-19,2330,28756849,31328641002,1090.0,1095.0,1085.0,1090.0,-10.0,33952,1085.0,1098.0,1100.5,48.71794871794842,36.75213675213663,47.30561428468726,49.05970153248658,1139.9841740447994,1100.5,1061.0158259552006,0.6279264483027873,4.191033431463788,-3.563106983161001
2025-02-20,2330,31108197,33537160793,1080.0,1085.0,1070.0,1080.0,-10.0,43395,1083.0,1094.5,1100.0,46.153846153845855,42.73504273504261,42.92321548216667,46.854172978819534,1140.2492235949962,1100.0,1059.7507764050038,-0.6111351261763502,3.2305997199357606,-3.841734846112111
2025-02-21,2330,31480715,34322859039,1085.0,1095.0,1080.0,1095.0,15.0,29895,1090.0,1091.5,1101.5,46.85314685314656,47.24164724164712,50.88564661715637,50.45238291123817,1138.5270171631473,1101.5,1064.4729828368527,-0.3783641645725311,2.5088069430341022,-2.8871711076066333
2025-02-24,2330,33837606,36461265148,1080.0,1085.0,1075.0,1075.0,-20.0,47924,1088.0,1088.5,1100.0,40.55944055944026,44.5221445221444,41.81215798418611,45.982151214277906,1138.729833462074,1100.0,1061.270166537926,-1.7871235061697917,1.6496208531933234,-3.4367443593631153
2025-02-25,2330,53174277,56084293935,1055.0,1060.0,1050.0,1055.0,-20.0,178967,1079.0,1083.0,1096.75,33.63636363636334,40.34965034965023,34.61185643367226,41.97678519686923,1138.9726242670918,1096.75,1054.5273757329082,-4.465927850655817,0.42651111242349526,-4.892438963079312
2025-02-26,2330,42921499,45208281264,1045.0,1060.0,1045.0,1060.0,5.0,75535,1073.0,1079.0,1093.75,21.51515151515122,31.90365190365178,37.739021751551185,43.30635755025735,1137.4392435274406,1093.75,1050.0607564725594,-6.1149520196900085,-0.8817815139992056,-5.233170505690802
2025-02-27,2330,61646900,64595715596,1065.0,1065.0,1040.0,1040.0,-20.0,121377,1065.0,1074.0,1089.75,12.424242424242133,22.52525252525241,30.853160432513626,39.41569102681605,1137.549058568135,1089.75,1041.950941431865,-8.932678055033648,-2.491960822206094,-6.440717232827554
2025-03-03,2330,73279419,74076141634,1000.0,1020.0,1000.0,1020.0,-20.0,208673,1050.0,1070.0,1084.0,15.757575757575466,16.56565656565645,25.438143326400457,35.93858445753831,1136.1152568831815,1084.0,1031.8847431168185,-12.633942862724325,-4.52035723030974,-8.113585632414585
2025-03-04,2330,70879417,71031410815,996.0,1010.0,996.0,1000.0,-20.0,184239,1035.0,1061.5,1080.5,8.013468013467724,12.065095398428618,21.11468256506108,32.82055993807299,1144.0531273817426,1080.5,1016.9468726182574,-16.98525924638261,-7.013337633524314,-9.971921612858297
2025-03-05,2330,45086222,46126315408,1020.0,1030.0,1015.0,1020.0,20.0,63259,1028.0,1053.5,1076.75,16.094276094275802,13.288439955106506,34.168227034901406,38.561026521206784,1145.1075160461526,1076.75,1008.3924839538474,-18.605404455842518,-9.331750997987955,-9.273653457854563
2025-03-06,2330,49318590,49937586396,1020.0,1025.0,1005.0,1005.0,-15.0,99898,1017.0,1045.0,1071.5,12.457912457912167,12.188552188552073,29.84670508752393,36.07147744938071,1144.787106642301,1071.5,998.212893357699,-20.859302788543573,-11.637261356099078,-9.222041432444495
2025-03-07,2330,50358724,50550677397,1005.0,1010.0,1000.0,1005.0,0.0,95905,1010.0,1037.5,1066.0,14.481897627964754,14.344695393384418,29.846705087523933,36.07147744938071,1141.8683069535628,1066.0,990.1316930464374,-22.38746469834041,-13.787302024547344,-8.600162673793065
2025-03-10,2330,55410836,55278923810,1005.0,1005.0,992.0,998.0,-7.0,189791,1005.6,1027.8,1059.65,9.140815574553933,12.026875220143793,27.627221922034728,34.85362084766641,1135.9606152510821,1059.65,983.3393847489182,-23.888019303470628,-15.807445480332001,-8.080573823138627
2025-03-11,2330,58764791,57064143987,969.0,979.0,963.0,971.0,-27.0,323403,999.8,1017.4,1052.95,8.724891629218222,10.782534943912479,20.700248351239498,30.566823610934975,1135.4375142066935,1052.95,970.4624857933064,-26.945285512008923,-18.035013486667385,-8.910272025341538
2025-03-12,2330,38527201,37951553847,980.0,995.0,976.0,988.0,17.0,132537,993.4,1010.7,1046.85,13.524039752887164,10.46324898555328,33.03393813641657,35.91165417746333,1129.6033080909779,1046.85,964.0966919090218,-27.677385413148613,-19.96348787196363,-7.713897541184984
2025-03-13,2330,42915696,42199819801,1000.0,1005.0,965.0,965.0,-23.0,192169,985.4,1001.2,1040.1,11.779338601111794,11.342756661072569,26.522687338488304,32.29006318196937,1126.3598400184042,1040.1,953.8401599815955,-29.77031399195448,-21.9248530959618,-7.84546089599268
2025-03-14,2330,42394920,40803705615,965.0,969.0,955.0,959.0,-6.0,163735,976.2,993.1,1033.55,10.942737293922251,12.082038549307244,25.02165415422743,31.400436550739762,1123.4754691397313,1033.55,943.6245308602686,-31.549442491110312,-23.849770974991504,-7.6996715161188085
2025-03-17,2330,35012870,34177107575,977.0,985.0,968.0,970.0,11.0,77808,970.6,988.1,1029.05,9.439469320066044,10.720515071700206,33.11768724651651,34.93945398607772,1122.1810367170933,1029.05,935.9189632829066,-31.70631590223138,-25.421079960439478,-6.285235941791903
2025-03-18,2330,25716157,24986151171,976.0,978.0,968.0,971.0,0.0,64687,970.6,985.2,1023.35,16.063492063491772,12.148566225826864,33.87496713839562,35.266405289383684,1116.0393197731005,1023.35,930.6606802268997,-31.38812480379636,-26.614488929110856,-4.773635874685503
2025-03-19,2330,43493556,41620146409,965.0,967.0,950.0,952.0,-19.0,234877,963.4,978.4,1015.95,15.396825396825106,13.633262260127816,27.078663685624992,31.97820862112628,1106.5887886062014,1015.95,925.3112113937987,-32.29679987136103,-27.75095111756089,-4.54584875380014
2025-03-20,2330,31993556,31303215198,978.0,985.0,971.0,985.0,33.0,61507,967.4,976.4,1010.7,29.94227994227965,20.46753246753235,48.15544049331506,42.079440911333585,1095.5530494443162,1010.7,925.8469505556839,-30.00819144997888,-28.202399184044488,-1.805792265934393
2025-03-21,2330,46869716,45683124466,985.0,987.0,970.0,972.0,-13.0,63137,970.0,973.1,1005.3,35.65656565656536,26.998556998556882,42.508633726628545,39.585552052795784,1085.4401272771663,1005.3,925.1598727228337,-28.910185519266633,-28.343956451088918,-0.5662290681777158
2025-03-24,2330,16866075,16480791636,986.0,987.0,972.0,972.0,0.0,37815,970.4,970.5,999.15,47.87878787878759,37.82587782587771,42.508633726628545,39.585552052795784,1069.0335459890268,999.15,929.2664540109731,-27.720463658802373,-28.21925789263161,0.49879423382923704
2025-03-25,2330,28306040,28011143558,989.0,995.0,985.0,990.0,18.0,58257,974.2,972.4,994.9,50.90909090909062,44.8148148148147,52.91428894563004,44.835614159918784,1055.5428891132344,994.9,934.2571108867655,-25.036545236401025,-27.582715361385493,2.5461701249844673
2025-03-26,2330,25939071,25540092915,995.0,995.0,980.0,980.0,-10.0,41985,979.8,971.6,991.15,59.79797979797951,52.86195286195275,47.35857687399477,42.61973267206313,1045.4022810580352,991.15,936.8977189419646,-23.446164190514992,-26.755405127211393,3.3092409366964013
2025-03-27,2330,44589770,42834147980,961.0,964.0,958.0,958.0,-22.0,170110,974.4,970.9,986.05,52.390572390572096,54.365881032547584,37.305315876089516,38.1523600503411,1031.9955112062128,986.05,940.1044887937871,-23.687932155242265,-26.14191053281757,2.4539783775753037
2025-03-28,2330,37802947,35917004376,946.0,955.0,946.0,952.0,-6.0,135642,970.4,970.2,981.65,32.22978080120908,48.1394443299204,34.94500717459031,37.01287780327778,1022.6781610604293,981.65,940.6218389395707,-24.086036034669746,-25.730735633188004,1.6446995985182582
2025-03-31,2330,59733510,54820217557,920.0,924.0,910.0,910.0,-42.0,301446,958.0,964.2,976.15,10.00755857898686,31.542637256922855,23.04007719672626,30.21093411062813,1024.0552189223695,976.15,928.2447810776305,-27.473883392800417,-26.079365185110486,-1.3945182076899307
2025-04-01,2330,33673400,31491275577,929.0,946.0,925.0,944.0,34.0,73772,948.8,961.5,973.35,17.414965986394268,19.88410178886358,41.77420747963832,39.847994885463365,1021.8938976597449,973.35,924.8061023402552,-27.10283635552048,-26.284059419192484,-0.8187769363279962
2025-04-02,2330,28201820,26641223575,949.0,952.0,938.0,942.0,-2.0,61150,941.2,960.5,969.45,25.88235294117618,17.768292502185947,41.087803634869246,39.502440111168255,1014.8040516381917,969.45,924.0959483618084,-26.662809914853597,-26.359809518324706,-0.30300039652889055
2025-04-07,2330,37652704,32012146992,848.0,848.0,848.0,848.0,-94.0,219438,919.2,946.8,961.6,25.88235294117618,23.05989062291572,21.613988293519647,27.45269325027958,1028.7398540361817,961.6,894.4601459638184,-33.512785667438266,-27.790404748147417,-5.722380919290849
2025-04-08,2330,136580582,111279830476,797.0,843.0,797.0,816.0,-32.0,425666,892.0,931.2,952.15,15.747672806496047,22.504126229616315,18.189950480300908,24.691434357319782,1041.669327522052,952.15,862.6306724779479,-41.05037025231297,-30.442397848980526,-10.607972403332447
2025-04-09,2330,122044966,97865587721,809.0,826.0,780.0,785.0,-31.0,518687,867.0,912.5,941.5,3.973846997102521,15.201290914925094,15.42769852838514,22.346512748969776,1054.3157790382174,941.5,828.6842209617826,-48.96100922619132,-34.14612012442269,-14.814889101768635
2025-04-10,2330,28397160,24506749080,863.0,863.0,863.0,863.0,78.0,32126,850.8,899.8,936.1,19.010078881160492,12.910532894919863,41.5036531133636,38.239641736582136,1053.0151829319002,936.1,819.1848170680998,-48.37862085272059,-36.99262027008227,-11.386000582638317
2025-04-11,2330,81264878,70338979303,848.0,889.0,836.0,889.0,26.0,188545,840.2,890.7,931.15,36.57333044441205,19.852418774225196,47.76669231635663,42.46663584354617,1047.2366486724459,931.15,815.0633513275542,-45.29693627689335,-38.65348347144449,-6.6434528054488595
2025-04-14,2330,72625129,64302226102,895.0,903.0,865.0,865.0,-24.0,243019,843.6,881.4,926.15,52.27100486301671,35.95147139619659,42.82843951013091,39.761394475066304,1044.5649906050744,926.15,807.7350093949256,-44.28083655193598,-39.778954087542786,-4.501882464393191
2025-04-15,2330,35642588,31178394103,874.0,879.0,865.0,877.0,12.0,66577,855.8,873.9,922.05,56.033222591361834,48.29251929959704,46.08016234082427,41.759142056651825,1041.3068237041402,922.05,802.7931762958597,-42.022857148599655,-40.22773469975416,-1.7951224488454969
2025-04-16,2330,47199014,40541996319,867.0,869.0,852.0,855.0,-22.0,178095,869.8,868.4,916.3,49.80620155038731,52.70347633492212,41.08238045700758,39.19289110821975,1036.8372971324652,916.3,795.7627028675347,-41.529877762525985,-40.48816331230852,-1.0417144502174622
2025-04-17,2330,36449601,30955774323,849.0,856.0,842.0,847.0,-8.0,104874,866.6,858.7,910.1,51.49051490514876,52.4433130156328,39.275222764192726,38.27185002782797,1031.4983525423638,910.1,788.7016474576362,-41.30854202970443,-40.6522390557877,-0.6563029739167234
2025-04-18,2330,23249139,19831869687,853.0,858.0,850.0,850.0,3.0,68176,858.8,849.5,905.0,51.66225499464267,50.98632381672641,40.42180665939373,38.85217156642797,1027.4940814896777,905.0,782.5059185103222,-40.42506198798151,-40.60680364222647,0.18174165424495925
2025-04-21,2330,20672773,17304529560,844.0,847.0,832.0,835.0,-15.0,104189,852.8,848.2,897.5,52.03252032520296,51.7284300749983,36.4113528693567,36.98015846394077,1017.832040620941,897.5,777.167959379059,-40.46877349958913,-40.579197613699,0.1104241141098683
2025-04-22,2330,32057642,26346742317,826.0,829.0,816.0,816.0,-19.0,133084,840.6,848.2,889.7,33.87533875338724,45.856704691077795,31.755437962082215,34.6994823825737,1009.9282828622278,889.7,769.4717171377723,-41.557507322078436,-40.77485955537489,-0.7826477667035476
2025-04-23,2330,40685613,34980602995,853.0,873.0,848.0,873.0,57.0,78430,844.2,857.0,884.75,36.744229511260336,40.88402952995035,52.854948399898035,45.54892102607509,999.0213874948588,884.75,770.4786125051412,-37.389905532608964,-40.0978687508217,2.7079632182127398
2025-04-24,2330,34499991,30099254355,886.0,886.0,859.0,864.0,-9.0,60744,847.6,857.1,878.45,40.22988505747097,36.94981777403968,50.0068916955317,44.29744745334081,982.2275987388394,878.45,774.6724012611606,-34.4165433837926,-38.96160367741588,4.54506029362328
2025-04-25,2330,39651775,35411585995,900.0,901.0,886.0,888.0,24.0,76758,855.2,857.0,873.85,68.46517917511802,48.47976458128327,57.18449669094151,48.37115123411722,966.8064952007129,873.85,780.8935047992871,-29.780244909548628,-37.12533192384243,7.345087014293803
2025-04-28,2330,25396543,22758357535,898.0,898.0,893.0,897.0,9.0,43185,867.6,860.2,870.8,78.39080459770086,62.36195627676344,59.714911901743065,49.85224248809194,956.2086646658323,870.8,785.3913353341676,-25.09049260169877,-34.7183640594137,9.627871457714932
2025-04-29,2330,31146996,27990673396,897.0,902.0,893.0,902.0,5.0,45912,884.8,862.7,868.3,93.33333333333303,80.0631057020508,61.20113511519097,50.69842174855575,946.6941324334965,868.3,789.9058675665034,-20.73139329951789,-31.92096990743454,11.18957660791665
2025-04-30,2330,39204833,35471028626,901.0,908.0,899.0,908.0,6.0,46388,891.8,868.0,868.2,98.43137254901931,90.05183682668456,63.10666462173549,51.750551123361824,946.3859322384761,868.2,790.014067761524,-16.601256885564,-28.85702730306043,12.255770417496432
2025-05-02,2330,48129292,45206565214,938.0,950.0,932.0,950.0,42.0,99509,909.0,878.3,868.5,99.9999999999997,97.25490196078418,73.66811282443277,58.43703190921848,947.8838774563186,868.5,789.1161225436814,-9.82577955969623,-25.05077775438759,15.22499819469136
2025-05-05,2330,56516129,53055259965,956.0,957.0,923.0,938.0,-12.0,93285,919.0,887.1,868.3,95.50827423167819,97.97988226023256,67.25081964663956,56.04715541093766,946.9590109269129,868.3,789.640989073087,-5.362647414817502,-21.11315168647357,15.75050427165607
2025-05-06,2330,43358708,40011158770,916.0,930.0,916.0,920.0,-18.0,74918,923.6,895.6,871.9,84.19328952219807,93.23385458462548,58.354955764309665,52.57392456684218,953.0637850275605,871.9,790.7362149724395,-3.240676105698185,-17.538656570318494,14.29798046462031
2025-05-07,2330,39021595,36011806469,925.0,932.0,911.0,928.0,8.0,50267,928.8,906.8,877.5,74.32934394396678,84.6769692326145,61.028007872157374,53.94009620586024,957.9151726976949,877.5,797.0848273023051,-0.9030555517648509,-14.211536366607765,13.308480814842914
2025-05-08,2330,30777988,28602519292,933.0,939.0,918.0,918.0,-10.0,39133,930.8,911.3,884.15,60.51121055735871,73.01128134117467,55.80441347171078,51.926502496581165,954.19648456561,884.15,814.1035154343899,0.1409839768356278,-11.341032297919087,11.482016274754715
2025-05-09,2330,40878730,38557125038,938.0,949.0,934.0,949.0,31.0,68630,930.6,919.8,888.45,67.65952860017217,67.50002770049936,66.25164733000781,57.253768030590365,963.177438066613,888.45,813.722561933387,3.4302914824132813,-8.386767541852613,11.817059024265895
2025-05-12,2330,25668469,24554284001,954.0,962.0,952.0,957.0,8.0,44647,934.4,926.7,891.85,75.1080152412054,67.75958479957892,68.49393660569423,58.5309012409798,972.3342220562513,891.85,811.3657779437488,6.6064692547899995,-5.388120182524091,11.99458943731409
2025-05-13,2330,50960522,49747284080,990.0,990.0,969.0,969.0,12.0,72252,944.2,933.9,897.05,85.72556670382727,76.1643701817351,71.77565276898022,60.44017693203085,983.1649812750401,897.05,810.9350187249598,9.976905181811162,-2.31511510965704,12.292020291468202
2025-05-14,2330,55061671,54697821594,990.0,999.0,988.0,999.0,30.0,105868,958.4,943.6,903.15,89.89223337049394,83.57527177184237,78.35231028454305,64.80306064908036,999.4064803013285,903.15,806.8935196986714,14.897025578402577,1.1273130279548833,13.769712550447693
2025-05-15,2330,28518212,28422046465,1000.0,1000.0,993.0,993.0,-6.0,50265,973.4,952.1,910.05,89.68596946125005,88.43458984519059,74.31197938844622,63.29945500473271,1011.1726483039286,910.05,808.9273516960714,18.103421609026668,4.52253474416924,13.580886864857428
2025-05-16,2330,18079325,17966857712,991.0,998.0,989.0,998.0,5.0,36183,983.2,956.9,917.6,96.62921348314576,92.06913877163008,75.53833570767081,64.04807937843748,1021.2810493774044,917.6,813.9189506225956,20.808108851150564,7.779649565565505,13.02845928558506
2025-05-19,2330,21936885,21653317847,993.0,994.0,980.0,984.0,-14.0,68821,988.6,961.5,924.3,90.63670411984988,92.31729568808204,65.34729638314887,60.336858051713286,1026.9549560420758,924.3,821.6450439579243,21.57322724482424,10.538365101417252,11.034862143406986
2025-05-20,2330,24317788,23922516474,991.0,994.0,978.0,978.0,-6.0,46215,990.4,967.3,931.45,84.31533753539753,90.5270850461312,61.217784876247805,58.76526767450739,1027.966268058808,931.45,834.9337319411921,21.448197755596198,12.72033163225304,8.727866123343157
2025-05-21,2330,27677478,27418826043,986.0,999.0,983.0,990.0,12.0,47842,988.6,973.5,940.15,80.01389615530447,84.98864593685077,66.2014205810064,60.95569594001662,1024.0100620080873,940.15,856.2899379919127,22.06308122978396,14.588881551759226,7.4741996780247355
2025-05-22,2330,19671417,19321581490,988.0,988.0,979.0,982.0,-8.0,41571,986.4,979.9,945.6,73.50640551860035,79.27854640310092,60.186016476133005,58.71636420266538,1025.363149386168,945.6,865.836850613832,21.65521977816718,16.002149197040815,5.653070581126364
2025-05-23,2330,23744132,23343468899,993.0,993.0,975.0,984.0,2.0,46204,983.6,983.4,951.6,65.24519387422583,72.92183184937703,61.21393805699026,59.1206908650603,1023.5816643319663,951.6,879.6183356680338,21.24843123598123,17.051405604828897,4.197025631152332
2025-05-26,2330,20906797,20460682166,975.0,984.0,975.0,976.0,-8.0,31349,982.0,985.3,956.0,38.295698924730885,59.0157661058525,54.63166939950659,56.72741843694084,1022.4379409674924,956.0,889.5620590325076,20.04939826149382,17.65100413616188,2.39839412533194
2025-05-27,2330,29843876,28842510221,971.0,975.0,961.0,965.0,-11.0,86318,979.4,984.9,959.4,20.88116901020097,41.47402060305271,46.59440046836373,53.51929965180554,1020.1269297758436,959.4,898.6730702241564,18.00400891382992,17.721605091695487,0.2824038221344338
2025-05-28,2330,31929816,31118692765,984.0,985.0,967.0,967.0,2.0,37776,974.8,981.7,962.65,10.015294646873295,23.064054193935196,48.21057846207234,54.02836016346424,1017.4049997717134,962.65,907.8950002282866,16.355866160944288,17.448457305545247,-1.0925911446009593
2025-05-29,2330,64850290,62982593605,986.0,986.0,967.0,967.0,0.0,36958,971.8,979.1,965.6,13.945119208276806,14.947194288450504,48.21057846207234,54.02836016346424,1014.280180772058,965.6,916.9198192279421,14.878194589185568,16.93440476227331,-2.0562101730877416
2025-06-02,2330,40608468,38643155297,958.0,961.0,946.0,946.0,-21.0,125245,964.2,973.9,965.4,10.526315789473387,11.495576548207977,33.65487371128284,47.670575591805694,1014.3669276144649,965.4,916.4330723855351,11.875708946477857,15.92266559911422,-4.0469566526363625
2025-06-03,2330,27482916,26302041072,960.0,965.0,950.0,950.0,4.0,43550,959.0,970.5,966.0,7.778881165176796,10.750105387642478,37.8263046898029,48.90395498336833,1013.8915441388153,966.0,918.1084558611847,9.707086759781191,14.679549831247614,-4.972463071466423
2025-06-04,2330,43196396,42419360833,974.0,990.0,970.0,990.0,40.0,73539,964.0,971.7,969.5,33.7213970293052,17.342197994651944,64.13480257977882,59.247884861594194,1013.5068176536329,969.5,925.4931823463671,11.08828491254269,13.96129684750663,-2.873011934963939
2025-06-05,2330,27047750,26936792104,1000.0,1000.0,991.0,998.0,8.0,51309,970.2,972.5,973.0,65.82016246140397,35.773480218628805,67.35770287800213,60.95054488460684,1014.2989103972501,973.0,931.7010896027499,12.682234634363908,13.705484404878085,-1.0232497705141768
2025-06-06,2330,18797346,18688985614,997.0,997.0,991.0,995.0,-3.0,27283,975.8,973.8,976.85,93.55135277121063,64.36430408730675,64.80974629373718,59.93918764321802,1010.5858859376689,976.85,943.1141140623312,13.547212511752491,13.673830026252967,-0.12661751450047554
2025-06-09,2330,23952041,24100014375,1005.0,1010.0,1000.0,1005.0,10.0,56903,987.6,975.9,979.65,93.07484567901206,84.14878697054236,69.3225781196167,62.19126141535458,1012.9683132826428,979.65,946.3316867173571,14.868238341481401,13.912711689298654,0.9555266521827477
2025-06-10,2330,55353908,57406744645,1025.0,1050.0,1020.0,1045.0,40.0,138656,1006.6,982.8,984.05,92.70684947768251,93.11101597596854,80.80811275794728,69.56217270320273,1026.2896732941904,984.05,941.8103267058095,18.92467466572498,14.915104284583919,4.00957038114106
2025-06-11,2330,46137188,48960267029,1065.0,1070.0,1055.0,1065.0,20.0,75830,1021.6,992.8,988.85,94.44918320926355,93.41029278865284,84.24826425477923,72.45381846492755,1043.2311548240755,988.85,934.4688451759247,23.482570080266555,16.628597443720444,6.853972636546111
2025-06-12,2330,28661875,30064888046,1055.0,1060.0,1045.0,1045.0,0.0,40293,1031.0,1000.6,991.15,90.33291976840333,92.49631748511659,69.67703097266472,65.72910417767795,1050.6992233366639,991.15,931.6007766633361,25.19052152949132,18.34098226087462,6.849539268616702
2025-06-13,2330,31371948,32434779823,1040.0,1040.0,1025.0,1030.0,-15.0,40938,1038.0,1006.9,993.0,80.82437275985633,88.53549191250785,60.518394883087936,61.14534389456831,1054.9160722268466,993.0,931.0839277731534,25.04500746230849,19.681787301161393,5.3632201611470975
2025-06-16,2330,31257555,31982385770,1030.0,1030.0,1015.0,1025.0,-5.0,38583,1042.0,1014.8,994.35,67.16845878136171,79.44191710320725,57.57530872087382,59.652024182694795,1057.8016351247106,994.35,930.8983648752894,24.246727125201573,20.594775265969428,3.6519518592321454
2025-06-17,2330,30890431,32183667155,1040.0,1050.0,1035.0,1045.0,20.0,30757,1042.0,1024.3,997.4,63.34036568213753,70.444399074452,65.4225251536005,63.49274916577684,1064.3369852921392,997.4,930.4630147078608,24.940419429460235,21.46390409866759,3.476515330792644
2025-06-18,2330,41740374,43722320684,1040.0,1055.0,1030.0,1055.0,10.0,45620,1040.0,1030.8,1001.25,68.122362869198,66.21039577756589,68.79002199376502,65.27273570697156,1072.028174602061,1001.25,930.4718253979391,25.99741004471184,22.37060528787644,3.6268047568354014
2025-06-19,2330,25354905,26287507815,1045.0,1045.0,1030.0,1035.0,-20.0,31893,1038.0,1034.5,1003.5,66.45569620253134,65.9728082512891,56.05248211067602,59.06953517189601,1075.5541463067866,1003.5,931.4458536932134,24.933828218544818,22.883249874010115,2.050578344534703
2025-06-20,2330,67241164,70461692958,1030.0,1055.0,1025.0,1055.0,20.0,33114,1043.0,1040.5,1007.15,67.91331031837329,67.49712313003435,63.85973476082116,62.869658036241496,1081.8260336386463,1007.15,932.4739663613536,25.411833018914876,23.388966502991067,2.022866515923809
2025-06-23,2330,33543038,34292190910,1025.0,1030.0,1015.0,1020.0,-35.0,56849,1042.0,1042.0,1008.95,43.939393939393625,59.43613348676622,46.86261772157859,53.50727275367172,1083.0404177340072,1008.95,934.859582265993,22.704721873690005,23.252117577130853,-0.5473957034408485
2025-06-24,2330,30105394,31487543196,1045.0,1050.0,1040.0,1050.0,30.0,33323,1043.0,1042.5,1012.65,53.198653198652885,55.01711915214006,58.03275711778733,59.125914640296095,1087.1785851200748,1012.65,938.1214148799252,22.71818497217555,23.145331056139792,-0.42714608396424225
2025-06-25,2330,44519173,47370306720,1060.0,1070.0,1055.0,1070.0,20.0,75075,1046.0,1043.0,1017.9,62.28956228956198,53.142536475869626,63.93012948923638,62.38918114498713,1093.0529107886077,1017.9,942.7470892113922,24.065277884411444,23.329320421794122,0.7359574626173213
2025-06-26,2330,39534708,42448279645,1075.0,1080.0,1065.0,1075.0,5.0,50326,1054.0,1046.0,1023.3,90.02849002848971,68.50556850556832,65.35028083538442,63.18059911151466,1098.5677885951236,1023.3,948.0322114048763,25.245304777081515,23.7125172928516,1.5327874842299138
2025-06-27,2330,34877892,37353695324,1070.0,1080.0,1060.0,1080.0,5.0,38535,1059.0,1051.0,1028.95,97.43589743589712,83.25131658464973,66.87199177080792,63.996472656809246,1103.4254321907558,1028.95,954.4745678092444,26.280991889263873,24.226212212134055,2.054779677129819
2025-06-30,2330,35763093,38268458555,1075.0,1080.0,1060.0,1060.0,-20.0,39464,1067.0,1054.5,1034.65,87.17948717948686,91.5479582146247,55.497920744479735,58.420084580298756,1099.7138916757879,1034.65,969.5861083242122,25.19748758240644,24.420467286188533,0.7770202962179056
2025-07-01,2330,52818889,57235426744,1080.0,1095.0,1075.0,1085.0,25.0,68934,1074.0,1058.5,1041.4,85.57692307692275,90.06410256410237,64.34253578004277,62.78530441445551,1097.3013416654649,1041.4,985.4986583345353,26.05573933535402,24.74752169602163,1.3082176393323905
2025-07-02,2330,24453697,26349711755,1075.0,1085.0,1070.0,1085.0,0.0,26005,1077.0,1061.5,1046.15,81.41025641025608,84.72222222222202,64.34253578004277,62.78530441445551,1099.8762505671004,1046.15,992.4237494328997,26.431227297516898,25.08426281632068,1.346964481196217
2025-07-03,2330,39719503,43590599965,1105.0,1105.0,1090.0,1090.0,5.0,52136,1080.0,1067.0,1050.75,86.11111111111079,84.36609686609667,66.17269792667553,63.66998691132342,1102.929977002678,1050.75,998.5700229973221,26.823062854225327,25.43202282390161,1.3910400303237154
2025-07-04,2330,23556842,25635862115,1095.0,1100.0,1080.0,1085.0,-5.0,33003,1081.0,1070.0,1055.25,80.0213675213672,82.51424501424482,62.4341081385564,62.080657374597024,1102.734207901154,1055.25,1007.7657920988462,26.425520195188255,25.63072229815894,0.7947978970293157
2025-07-07,2330,19949311,21467492525,1080.0,1085.0,1070.0,1080.0,-5.0,29161,1085.0,1076.0,1059.0,67.5213675213672,77.8846153846152,58.57332305158931,60.45548443303647,1101.614551505325,1059.0,1016.385448494675,25.41404922078391,25.587387682683932,-0.17333846190002333
2025-07-08,2330,29944918,32081882384,1070.0,1080.0,1065.0,1080.0,0.0,37874,1084.0,1079.0,1060.75,54.55840455840423,67.36704653371301,58.57332305158931,60.45548443303647,1103.7935825646518,1060.75,1017.7064174353482,24.331967412110544,25.336303628569254,-1.0043362164587109
2025-07-09,2330,25899845,27998741278,1070.0,1090.0,1065.0,1090.0,10.0,30492,1085.0,1081.0,1062.0,53.703703703703376,58.59449192782507,64.54215823878835,62.7192295043607,1106.8776113446338,1062.0,1017.1223886553662,24.004615939080168,25.069966090671436,-1.065350151591268
2025-07-10,2330,23947482,26242095552,1095.0,1100.0,1090.0,1100.0,10.0,34427,1087.0,1083.5,1064.75,66.66666666666633,58.30959164292478,69.64474265440367,64.88408978052053,1111.8111304581605,1064.75,1017.6888695418395,24.272307908197945,24.910434454176738,-0.6381265459787926
2025-07-11,2330,30615792,33607768195,1095.0,1100.0,1090.0,1100.0,0.0,30851,1090.0,1085.5,1068.25,81.01851851851819,67.12962962962943,69.64474265440367,64.88408978052054,1114.8627664915955,1068.25,1021.6372335084046,24.205430585903514,24.76943368052209,-0.5640030946185774
2025-07-14,2330,29975913,32777573059,1100.0,1100.0,1085.0,1095.0,-5.0,29965,1093.0,1089.0,1071.75,83.79629629629596,77.1604938271603,63.43243614477318,62.770409362242304,1115.255746746838,1071.75,1028.244253253162,23.478328061759157,24.511212556769504,-1.0328844950103466
2025-07-15,2330,49458466,54619049312,1095.0,1115.0,1090.0,1110.0,15.0,62368,1099.0,1091.5,1075.0,84.16666666666633,82.99382716049364,72.13262444247344,66.31557243435644,1119.721359549996,1075.0,1030.278640450004,23.83768274441809,24.376506594299222,-0.5388238498811333
2025-07-16,2330,34513639,38866594123,1120.0,1130.0,1120.0,1130.0,20.0,65168,1107.0,1096.0,1078.75,88.33333333333299,85.43209876543189,79.66032277431093,70.36731940269017,1128.4365172858795,1078.75,1029.0634827141205,25.443015527191847,24.58980838087775,0.853207146314098
2025-07-17,2330,36971364,41632558135,1130.0,1135.0,1115.0,1130.0,0.0,41463,1113.0,1100.0,1083.5,94.28571428571395,88.92857142857122,79.66032277431093,70.36731940269017,1133.7095608425327,1083.5,1033.2904391574673,26.41080599201814,24.954007903105826,1.4567980889123149
2025-07-18,2330,50467755,58221053093,1155.0,1160.0,1145.0,1155.0,25.0,70457,1124.0,1107.0,1088.5,95.86466165413502,92.82790309106078,86.06479241229573,74.76734733765204,1145.7800139664787,1088.5,1031.2199860335213,28.862370532927343,25.73568042907013,3.1266901038572144
2025-07-21,2330,32374260,37068540960,1145.0,1150.0,1135.0,1150.0,-5.0,39350,1135.0,1114.0,1095.0,92.35588972431044,94.1687552213866,80.17430662621989,72.45027697116008,1149.1294744108975,1095.0,1040.8705255891025,30.055335679988048,26.599611479253713,3.455724200734334
2025-07-22,2330,54933274,62867010181,1145.0,1160.0,1130.0,1130.0,-20.0,59679,1139.0,1119.0,1099.0,81.4035087719295,89.8746867167918,60.76581803827923,63.91747727743267,1151.0192272145598,1099.0,1046.9807727854402,29.05204243987896,27.090097671378764,1.9619447685001958
2025-07-23,2330,31360184,35765717715,1140.0,1145.0,1135.0,1145.0,15.0,32586,1142.0,1124.5,1102.75,76.49122807017511,83.41687552213848,67.62372302187924,67.05170398192816,1156.645732669665,1102.75,1048.854267330335,29.13149027238751,27.498376191580512,1.6331140808069975
2025-07-24,2330,16038287,18400221444,1150.0,1155.0,1145.0,1145.0,0.0,19186,1145.0,1129.0,1106.25,73.33333333333302,77.07602339181268,67.62372302187924,67.05170398192817,1161.5559671283308,1106.25,1050.9440328716692,28.861752930080684,27.771051539280545,1.0907013908001382
2025-07-25,2330,23026843,26418536660,1150.0,1155.0,1140.0,1145.0,0.0,25178,1143.0,1133.5,1109.5,79.52380952380919,76.44945697577259,67.62372302187926,67.05170398192817,1165.8826214360417,1109.5,1053.1173785639583,28.321511389184252,27.881143509261285,0.44036787992296667
2025-07-28,2330,23153187,26593770396,1155.0,1160.0,1145.0,1145.0,0.0,24043,1142.0,1138.5,1113.75,75.07936507936476,75.97883597883582,67.62372302187926,67.05170398192816,1167.3107132140715,1113.75,1060.1892867859285,27.575492958120776,27.820013399033183,-0.24452044091240666
2025-07-29,2330,41471548,47077846101,1145.0,1145.0,1125.0,1135.0,-10.0,43297,1143.0,1141.0,1116.25,63.22751322751291,72.61022927689577,55.61686747962406,62.20645147156072,1168.8689129496229,1116.25,1063.6310870503771,25.87903415363371,27.431817549953287,-1.552783396319576
2025-07-30,2330,37445435,43115792626,1150.0,1160.0,1145.0,1155.0,20.0,42479,1145.0,1143.5,1119.75,65.6084656084653,67.97178130511446,68.6181360341488,67.29643495722851,1172.898377209469,1119.75,1066.601622790531,25.85042358996293,27.115538757955214,-1.2651151679922847
2025-07-31,2330,35986507,41712508468,1160.0,1165.0,1155.0,1160.0,5.0,50361,1148.0,1146.5,1123.25,72.55291005290974,67.12962962962945,71.08831269761382,68.44076134346346,1177.3124638728202,1123.25,1069.1875361271798,25.93227658321257,26.878886323006686,-0.9466097397941162
2025-08-01,2330,45352225,51714816380,1145.0,1150.0,1130.0,1140.0,-20.0,76135,1147.0,1145.0,1126.0,70.23809523809491,69.46649029982346,51.99061499325474,59.475954989722126,1177.5363949069006,1126.0,1074.4636050930994,24.10544030632036,26.32419711966942,-2.21875681334906
2025-08-04,2330,25256974,28532556011,1130.0,1135.0,1125.0,1135.0,-5.0,47206,1145.0,1143.5,1128.75,49.99999999999968,64.26366843033493,48.21287038042063,57.44995037241251,1175.853609203542,1128.75,1081.646390796458,22.00059205170328,25.459476106076192,-3.4588840543729127
2025-08-05,2330,20695955,23713307116,1145.0,1150.0,1140.0,1150.0,15.0,24124,1148.0,1145.5,1132.25,41.666666666666345,53.9682539682538,58.71289112514534,61.668478970108566,1174.4963016132774,1132.25,1090.0036983867226,21.297356615160425,24.627052207893037,-3.3296955927326124
2025-08-06,2330,24015506,27066744255,1130.0,1135.0,1125.0,1125.0,-25.0,55936,1142.0,1143.5,1134.0,29.166666666666345,40.27777777777761,42.110949296297164,52.352440168294756,1171.7624151769985,1134.0,1096.2375848230015,18.509381767553805,23.40351811982519,-4.894136352271385
2025-08-07,2330,64965686,76081290909,1160.0,1180.0,1155.0,1180.0,55.0,98335,1146.0,1147.0,1138.0,54.166666666666345,41.666666666666494,66.4559694000921,64.91113987978868,1177.420806688854,1138.0,1098.579193311146,20.501602251422582,22.82313494614467,-2.3215326947220873
2025-08-08,2330,27434505,32303933490,1180.0,1185.0,1170.0,1175.0,-5.0,43558,1153.0,1150.0,1141.75,61.111111111110795,48.14814814814798,63.61837457766176,63.27827355686464,1180.2564929589803,1141.75,1103.2435070410197,21.429961864124152,22.544500329740565,-1.1145384656164126
2025-08-11,2330,37435809,44247026887,1170.0,1195.0,1165.0,1180.0,5.0,53135,1162.0,1153.5,1146.0,87.30158730158699,67.52645502645487,65.34473851490351,64.24684237483082,1181.5808937493143,1146.0,1110.4191062506857,22.31195344827347,22.497990953447147,-0.186037505173676
2025-08-12,2330,30137118,35563421901,1180.0,1190.0,1170.0,1180.0,0.0,37189,1168.0,1158.0,1149.5,80.15873015872984,76.19047619047603,65.3447385149035,64.24684237483082,1183.9818792991334,1149.5,1115.0181207008666,22.74870521992011,22.54813380674174,0.20057141317837335
2025-08-13,2330,39708109,47367251520,1185.0,1200.0,1185.0,1200.0,20.0,58632,1183.0,1162.5,1153.0,85.7142857142854,84.39153439153422,72.45969923183046,68.14463984898443,1192.6736688497547,1153.0,1113.3263311502453,24.427086747906287,22.923924394974648,1.5031623529316391
2025-08-14,2330,35269337,41625421848,1185.0,1190.0,1175.0,1175.0,-25.0,55678,1182.0,1164.0,1155.25,81.74603174603145,82.53968253968237,55.76372085278918,59.423770723681876,1194.5533077488396,1155.25,1115.9466922511604,23.469384677264088,23.033016451432538,0.43636822583155066
2025-08-15,2330,23577178,27782518177,1175.0,1185.0,1170.0,1180.0,5.0,31039,1183.0,1168.0,1156.5,79.9999999999997,82.48677248677234,58.02069890459162,60.51221334386525,1197.2553677446297,1156.5,1115.7446322553703,22.8504513207522,22.99650342529647,-0.1460521045442711
2025-08-18,2330,21182611,24952978606,1170.0,1185.0,1170.0,1180.0,0.0,29158,1183.0,1172.5,1158.0,71.1111111111108,77.61904761904748,58.02069890459162,60.51221334386525,1199.880783182744,1158.0,1116.119216817256,22.10512802068456,22.818228344374088,-0.7131003236895275
2025-08-19,2330,22439999,26543054769,1180.0,1185.0,1175.0,1185.0,5.0,19138,1184.0,1176.0,1160.75,71.1111111111108,74.07407407407392,60.74665581971425,61.70362245238393,1202.1353838933505,1160.75,1119.3646161066495,21.66813537224766,22.588209749948803,-0.9200743777011411
2025-08-20,2330,73148689,84039496961,1165.0,1165.0,1135.0,1135.0,-50.0,201335,1171.0,1177.0,1160.25,46.666666666666366,62.96296296296281,34.56259793469725,46.571416190705904,1202.6144898470404,1160.25,1117.8855101529596,17.090227908403904,21.488613381639823,-4.398385473235919
2025-08-21,2330,25030476,28695638720,1140.0,1155.0,1140.0,1150.0,15.0,39170,1166.0,1174.0,1160.5,29.914529914529613,49.230769230769084,43.14057851893776,50.49385886386596,1202.5594816896262,1160.5,1118.4405183103738,14.505369036065758,20.09196451252501,-5.586595476459252
2025-08-22,2330,20220071,23147345045,1155.0,1155.0,1135.0,1135.0,-15.0,37292,1157.0,1170.0,1160.0,7.6923076923073905,28.091168091167948,37.418061603020206,46.7942160118457,1203.0116263352131,1160.0,1116.9883736647869,11.118310158467011,18.29723364171341,-7.1789234832464
2025-08-25,2330,27470807,32159334115,1165.0,1180.0,1160.0,1170.0,35.0,38754,1155.0,1169.0,1161.25,25.64102564102534,21.082621082620943,54.02097922527466,55.06694271663436,1203.89680527308,1161.25,1118.60319472692,11.129949953414098,16.863776904053548,-5.73382695063945
2025-08-26,2330,39495275,46349348727,1165.0,1185.0,1160.0,1175.0,5.0,25751,1153.0,1168.5,1163.25,42.191142191141886,25.17482517482503,55.96792263002366,56.11666897188,1204.5143914289306,1163.25,1121.9856085710694,11.411092813234063,15.77324008588965,-4.362147272655587
2025-08-27,2330,23824689,28276839838,1190.0,1190.0,1180.0,1190.0,15.0,30477,1164.0,1167.5,1165.0,75.52447552447522,47.785547785547635,61.65136617778575,59.19641135027259,1207.661458015403,1165.0,1122.338541984597,12.697901688440652,15.158172406399851,-2.460270717959199
2025-08-28,2330,20960787,24563005745,1185.0,1185.0,1160.0,1160.0,-30.0,36728,1166.0,1166.0,1165.0,72.72727272727242,63.48096348096333,47.381296321032195,51.423384946329776,1207.661458015403,1165.0,1122.338541984597,11.168217454617661,14.360181416043414,-3.1919639614257527
2025-08-29,2330,21820054,25485864558,1180.0,1185.0,1160.0,1160.0,0.0,25658,1171.0,1164.0,1166.0,63.63636363636334,70.62937062937048,47.3812963210322,51.423384946329776,1207.182520563948,1166.0,1124.817479436052,9.842473767666434,13.456639886368018,-3.6141661187015846
2025-09-01,2330,23022319,26647241918,1150.0,1165.0,1145.0,1165.0,5.0,41416,1170.0,1162.5,1167.5,48.48484848484819,61.61616161616146,50.00636366784643,52.62580098371927,1206.1652298583624,1167.5,1128.8347701416376,9.090481149483367,12.583408138991087,-3.492926989507721
2025-09-02,2330,14994018,17436038175,1170.0,1175.0,1155.0,1160.0,-5.0,24784,1167.0,1160.0,1168.0,48.48484848484819,53.53535353535339,47.255916630570205,51.259376871276196,1206.0,1168.0,1130.0,7.998857518149407,11.666498014822752,-3.6676404966733447
2025-09-03,2330,20211322,23350634915,1155.0,1160.0,1145.0,1160.0,0.0,29992,1161.0,1162.5,1169.75,48.48484848484819,48.484848484848335,47.25591663057021,51.259376871276196,1202.533379935571,1169.75,1136.966620064429,7.052441766897346,10.74368676523767,-3.6912449983403253
2025-09-04,2330,25311450,29560102956,1170.0,1175.0,1160.0,1160.0,0.0,22577,1161.0,1163.5,1168.75,41.414141414141135,46.12794612794599,47.25591663057021,51.259376871276196,1201.441742076555,1168.75,1136.058257923445,6.230578237946247,9.841065059779385,-3.6104868218331383
2025-09-05,2330,27931124,32835192457,1175.0,1180.0,1170.0,1180.0,20.0,24609,1165.0,1168.0,1169.0,52.18855218855191,47.362514029180566,60.91189891271461,56.8559450634185,1201.9545141065682,1169.0,1136.0454858934318,7.1111059205290985,9.295073231929328,-2.183967311400229
2025-09-08,2330,28393035,33731539720,1195.0,1195.0,1180.0,1180.0,0.0,35672,1168.0,1169.0,1169.0,60.3703703703701,51.32435465768787,60.91189891271461,56.85594506341851,1201.9545141065682,1169.0,1136.0454858934318,7.719939792404375,8.980046544024336,-1.2601067516199613
2025-09-09,2330,35720097,42775822699,1195.0,1200.0,1190.0,1200.0,20.0,46420,1176.0,1171.5,1170.0,82.59259259259231,65.05050505050492,71.09735296430766,61.92616411697425,1205.3553390593274,1170.0,1134.6446609406726,9.704411460769279,9.124919527373326,0.5794919333959534
2025-09-10,2330,43516678,53209559355,1220.0,1230.0,1215.0,1225.0,25.0,82407,1189.0,1175.0,1171.25,88.03921568627423,77.00072621641237,79.05617274886538,67.12665517921992,1212.1003365959205,1171.25,1130.3996634040795,13.142907366630425,9.928517095224745,3.21439027140568
2025-09-11,2330,34811140,43495621610,1255.0,1260.0,1235.0,1240.0,15.0,68103,1205.0,1183.0,1174.5,92.24211423699887,87.62464083862197,82.44081940793788,69.79268937751299,1225.1853035898966,1174.5,1123.8146964101034,16.883690114907722,11.319551699161341,5.564138415746381
2025-09-12,2330,28224895,35417505350,1255.0,1260.0,1250.0,1260.0,20.0,49823,1221.0,1193.0,1178.5,92.24211423699887,90.84114805342415,85.96822519060996,72.9434646222494,1241.4364759102382,1178.5,1115.5635240897618,21.21753767991231,13.299148895311536,7.918388784600776
2025-09-15,2330,26019117,32646870966,1260.0,1260.0,1250.0,1255.0,-5.0,34329,1236.0,1202.0,1182.25,92.75362318840553,92.41261722080124,81.20997418764745,70.95100911608104,1253.4872795662495,1182.25,1111.0127204337505,23.972346596312946,15.433788435511818,8.538558160801127
2025-09-16,2330,42279997,53953521005,1265.0,1285.0,1260.0,1280.0,0.0,69019,1252.0,1214.0,1187.0,97.21739130434754,94.07104290991747,85.7960027918522,74.67573099819441,1270.0301150185883,1187.0,1103.9698849814117,27.851785529717063,17.917387854352867,9.934397675364195
2025-09-17,2330,32019276,40619705144,1270.0,1275.0,1265.0,1265.0,-15.0,43783,1260.0,1224.5,1193.5,91.4202898550722,93.79710144927525,73.27686786432193,68.96213617228113,1279.5290648560124,1193.5,1107.4709351439876,29.3772515256353,20.209360588609353,9.167890937025948
2025-09-18,2330,26442220,33782903646,1275.0,1285.0,1265.0,1285.0,20.0,32050,1269.0,1237.0,1200.25,92.86956521739103,93.83574879227041,78.22044944177836,72.03452117598898,1292.525403006435,1200.25,1107.974596993565,31.833075294224955,22.534103529732473,9.298971764492482
2025-09-19,2330,48894096,62155805270,1285.0,1290.0,1265.0,1265.0,-20.0,45216,1270.0,1245.5,1206.75,85.86956521739103,90.05314009661824,64.33530242386058,65.095193160704,1298.0338978133602,1206.75,1115.4661021866398,31.79894206113454,24.387071236012886,7.411870825121653
2025-09-22,2330,30411595,39134679853,1270.0,1295.0,1270.0,1295.0,30.0,45424,1278.0,1257.0,1213.0,91.66666666666639,90.13526570048298,72.78849534733045,69.79548245260646,1310.2830920561225,1213.0,1115.7169079438775,33.80298078664896,26.2702531461401,7.53272764050886
2025-09-23,2330,37523254,49887403390,1320.0,1340.0,1315.0,1340.0,45.0,84161,1290.0,1271.0,1221.25,91.66666666666639,89.7342995169081,80.76629641328434,75.19193316917031,1331.3806042841861,1221.25,1111.1193957158139,38.57762103271716,28.731726723455512,9.845894309261649
2025-09-24,2330,47820358,64029838375,1350.0,1355.0,1325.0,1340.0,0.0,86987,1305.0,1282.5,1228.75,95.23809523809496,92.85714285714273,80.76629641328435,75.19193316917031,1349.2852645494256,1228.75,1108.2147354505744,41.87880503140036,31.36114238504448,10.51766264635588
2025-09-25,2330,27800815,36807736035,1320.0,1330.0,1320.0,1320.0,-20.0,51802,1312.0,1290.5,1236.75,84.12698412698384,90.34391534391523,68.59982321873879,68.85126421084213,1359.1948855608107,1236.75,1114.3051144391893,42.39250981633586,33.56741587130276,8.825093945033103
2025-09-26,2330,29378983,38254039082,1310.0,1315.0,1295.0,1300.0,-20.0,103337,1319.0,1294.5,1243.75,64.82873851294876,81.39793929267601,58.34586773039627,63.11921268748646,1363.8280995852283,1243.75,1123.6719004147717,40.716437954774165,34.99722028799704,5.719217666777126
2025-09-30,2330,44853467,58790965499,1310.0,1320.0,1305.0,1305.0,5.0,44278,1321.0,1299.5,1250.75,51.072124756335,66.67594913208936,60.08599317286796,63.92774276036762,1367.9368166646743,1250.75,1133.5631833353257,39.338131647798264,35.86540255995728,3.4727290878409818
2025-10-01,2330,36184828,48288398204,1325.0,1350.0,1325.0,1325.0,20.0,47879,1318.0,1304.0,1259.0,51.07212475633501,55.65766267520641,66.59783525276305,67.04034303912054,1372.648581161403,1259.0,1145.351418838597,39.40540583295615,36.573403214557054,2.8320026183990947
2025-10-02,2330,32693509,44593995225,1360.0,1370.0,1355.0,1365.0,40.0,61282,1323.0,1314.0,1269.25,68.78306878306852,56.975772765246326,75.8073809122908,72.20590173027185,1382.3108243380527,1269.25,1156.1891756619473,42.19993226482666,37.69870902461098,4.50122324021568
2025-10-03,2330,34379158,47632272752,1365.0,1400.0,1365.0,1400.0,35.0,72813,1339.0,1325.5,1281.25,87.30158730158702,69.05226028033034,81.12106685800542,75.78240313013889,1396.3097670778104,1281.25,1166.1902329221896,46.700487933502245,39.49906480638923,7.201423127113017
2025-10-07,2330,42424519,60729023099,1420.0,1445.0,1420.0,1435.0,35.0,93554,1366.0,1342.5,1294.0,96.1904761904759,84.0917107583773,84.97196465577143,78.72993977813066,1417.555655475579,1294.0,1170.444344524421,52.486387811427676,42.096529407396915,10.389858404030761
2025-10-08,2330,27708676,39151506624,1410.0,1420.0,1405.0,1415.0,-20.0,89683,1388.0,1354.5,1305.75,91.11111111111082,91.53439153439139,74.80020534224164,73.24404911223313,1428.3988891103381,1305.75,1183.1011108896619,54.8259231823215,44.642408162381834,10.18351501993967
2025-10-09,2330,42507551,61324929553,1440.0,1455.0,1430.0,1440.0,25.0,76865,1411.0,1364.5,1317.75,87.98611111111082,91.762566137566,78.54557066637156,75.53853015772093,1443.5862030577846,1317.75,1191.9137969422154,58.028397638921206,47.31960605768971,10.708791581231495
2025-10-13,2330,60321869,84889085424,1390.0,1420.0,1390.0,1415.0,-25.0,196489,1421.0,1372.0,1327.25,81.87499999999972,86.99074074074059,66.93856102583298,69.15215420066076,1452.3289750517647,1327.25,1202.1710249482353,57.881864547779514,49.432057755707675,8.44980679207184
2025-10-14,2330,44821332,64625249986,1455.0,1460.0,1420.0,1425.0,10.0,95057,1426.0,1382.5,1336.5,81.01478494623628,83.62529868578241,69.0714350102865,70.23613105636156,1461.7637218032419,1336.5,1211.2362781967581,57.90515782910393,51.12667777038693,6.778480058717001
2025-10-15,2330,45432176,65812420573,1435.0,1465.0,1425.0,1465.0,40.0,64888,1432.0,1399.0,1346.75,84.13978494623628,82.34318996415756,76.22814347759284,74.14917128720549,1478.669483018999,1346.75,1214.830516981001,60.4544029033143,52.9922227969724,7.462180106341904
2025-10-16,2330,42490828,62810575702,1465.0,1495.0,1465.0,1485.0,20.0,85709,1446.0,1417.0,1358.25,90.09216589861724,85.08224526369673,79.05526926209757,75.8581996532742,1496.136728875552,1358.25,1220.363271124448,63.3581772161192,55.06541368080176,8.292763535317441
2025-10-17,2330,43864962,63869792469,1455.0,1465.0,1450.0,1450.0,-35.0,145330,1448.0,1429.5,1366.75,86.08058608058582,86.77084564181325,63.610092108535575,67.45384719140357,1505.2518050423892,1366.75,1228.2481949576108,62.11916076927287,56.47616309849598,5.642997670776886
2025-10-20,2330,34972122,51667454455,1460.0,1495.0,1455.0,1480.0,30.0,58105,1461.0,1441.0,1377.5,81.31868131868106,85.83047776596152,69.55766796985272,70.47346579815262,1516.118180625775,1377.5,1238.881819374225,62.833673116965656,57.74766510218991,5.086008014775743
2025-10-21,2330,37067269,55189404010,1485.0,1500.0,1480.0,1480.0,0.0,72080,1472.0,1449.0,1387.25,77.63902763902738,81.67943167943157,69.55766796985272,70.47346579815262,1525.9033447126321,1387.25,1248.5966552873679,62.67742298348321,58.73361667844857,3.9438063050346415
2025-10-22,2330,30679057,44813844075,1460.0,1470.0,1455.0,1460.0,-20.0,118929,1471.0,1451.5,1397.0,77.05627705627678,78.67132867132857,60.57410961572519,65.75643409509941,1527.0538350068923,1397.0,1266.9461649931077,60.24529056570077,59.03595145589901,1.2093391098017605
2025-10-23,2330,26134949,37826608364,1440.0,1455.0,1435.0,1450.0,-10.0,76976,1464.0,1455.0,1404.75,66.66666666666639,73.78732378732367,56.330242335912814,63.468944492740555,1527.8546302947213,1404.75,1281.6453697052787,56.8554968985984,58.59986054443889,-1.7443636458404868
2025-10-27,2330,36024098,53691483433,1500.0,1500.0,1480.0,1480.0,30.0,55954,1470.0,1459.0,1411.75,64.39393939393912,69.37229437229426,64.92987837148422,67.1598425001326,1535.252024274908,1411.75,1288.247975725092,55.944912152024244,58.06887086595596,-2.1239587139317138
2025-10-28,2330,35135504,51949405737,1480.0,1490.0,1470.0,1475.0,-5.0,61044,1469.0,1465.0,1418.5,65.40404040404013,65.48821548821537,62.53534773804458,65.96363144131831,1540.3236430254817,1418.5,1296.6763569745183,54.195081798987076,57.29411305256218,-3.099031253575106
2025-10-29,2330,32775105,49265956549,1495.0,1515.0,1490.0,1505.0,30.0,62605,1474.0,1473.0,1427.75,76.38888888888862,68.72895622895612,70.22245213912514,69.47654721301802,1546.3027308837718,1427.75,1309.1972691162282,54.59968671556521,56.75522778516279,-2.155541069597575
2025-10-30,2330,30058497,45379071459,1515.0,1520.0,1500.0,1505.0,0.0,62893,1483.0,1477.0,1438.0,78.83986928104548,73.54426619132491,70.22245213912514,69.47654721301801,1545.5360404701605,1438.0,1330.4639595298395,54.29446621755005,56.26307547164024,-1.9686092540901896
2025-10-31,2330,33838761,51073519270,1515.0,1525.0,1500.0,1500.0,-5.0,45696,1493.0,1478.5,1447.75,80.69172113289733,78.64015976761064,67.09924330164088,68.11760188288504,1539.4819464526945,1447.75,1356.0180535473055,53.03773259411878,55.61800689613595,-2.5802743020171732
2025-11-03,2330,30913479,46512471060,1510.0,1520.0,1490.0,1510.0,10.0,71467,1499.0,1484.5,1457.0,79.30283224400843,79.61147421931724,70.19257362754443,69.40646871091108,1533.3806258157133,1457.0,1380.6193741842867,52.24641442654024,54.94368840221681,-2.6972739756765662
2025-11-04,2330,35922791,54169421541,1520.0,1525.0,1495.0,1505.0,-5.0,70678,1505.0,1487.0,1464.0,77.77777777777749,79.25744371822792,66.54302028642921,67.92783858851207,1530.3777071011043,1464.0,1397.6222928988957,50.63217467215213,54.08138565620387,-3.4492109840517386
2025-11-05,2330,63423241,93109323845,1480.0,1485.0,1455.0,1460.0,-45.0,248089,1496.0,1485.0,1467.0,62.96296296296267,73.34785766158303,43.04397497507498,56.30230337546291,1526.6154342431555,1467.0,1407.3845657568445,45.200708486552685,52.305250222273635,-7.10454173572095
2025-11-06,2330,29955147,44104541986,1470.0,1480.0,1465.0,1465.0,5.0,74015,1488.0,1485.5,1468.5,39.94708994708966,60.229276895943435,45.53714772778772,57.17922713189203,1526.3013840664737,1468.5,1410.6986159335263,40.829038871207786,50.01000795206046,-9.180969080852677
2025-11-07,2330,23551721,34382089105,1460.0,1465.0,1455.0,1460.0,-5.0,78941,1480.0,1486.5,1470.75,16.402116402116114,39.770723104056316,43.32459319805647,55.96963092358125,1523.311868307738,1470.75,1418.188131692262,36.53979300310334,47.315964962269035,-10.776171959165694
2025-11-10,2330,26579263,39203254959,1470.0,1485.0,1465.0,1475.0,15.0,44799,1473.0,1486.0,1472.5,16.666666666666377,24.338624338624218,51.56186855852152,58.78638410320786,1523.1458290484024,1472.5,1421.8541709515976,33.95944603517978,44.64466117685119,-10.685215141671407
2025-11-11,2330,24857058,36769705255,1490.0,1495.0,1465.0,1465.0,-10.0,67666,1465.0,1485.0,1475.0,16.666666666666377,16.578483245149794,46.32512758629003,56.20493059671703,1518.4741302385683,1475.0,1431.5258697614317,30.75308364110674,41.8663456697023,-11.113262028595557
2025-11-12,2330,25998385,38344962465,1470.0,1485.0,1460.0,1475.0,10.0,38420,1468.0,1482.0,1477.5,23.809523809523522,19.047619047618927,52.01127888288364,58.182493801802146,1514.4459064038224,1477.5,1440.5540935961776,28.688234658387273,39.23072346743929,-10.542488809052017
2025-11-13,2330,23920639,35016372835,1460.0,1470.0,1460.0,1460.0,-15.0,73841,1467.0,1477.5,1477.25,16.66666666666638,19.04761904761893,43.876947748188485,54.22703423687466,1514.5963518968051,1477.25,1439.9036481031949,25.546962838212266,36.493971341593884,-10.947008503381618
2025-11-14,2330,32778804,46933830385,1425.0,1440.0,1425.0,1430.0,-30.0,216630,1461.0,1470.5,1474.5,13.571428571428285,18.0158730158729,32.146100125216456,47.30093065834397,1516.914620120897,1474.5,1432.085379879103,20.401556564990187,33.275488386273146,-12.873931821282959
2025-11-17,2330,34872653,50497384300,1450.0,1460.0,1445.0,1445.0,15.0,52588,1455.0,1464.0,1474.25,13.571428571428285,14.603174603174486,41.300760795923075,50.69206234650409,1517.2935825646518,1474.25,1431.2064174353482,17.33434017924651,30.087258744867817,-12.752918565621307
2025-11-18,2330,49856799,70572614780,1435.0,1435.0,1405.0,1405.0,-40.0,272962,1443.0,1454.0,1470.5,11.190476190475904,12.77777777777766,29.090317704168484,42.78543797068446,1522.9309069156734,1470.5,1418.0690930843266,11.542824889228086,26.37837197373987,-14.835547084511784
2025-11-19,2330,42661060,59869558425,1400.0,1415.0,1395.0,1395.0,-10.0,109706,1427.0,1447.5,1466.25,9.523809523809236,11.42857142857131,26.780983968811377,41.06116086382153,1527.8840003569458,1466.25,1404.6159996430542,6.076049948168247,22.317907568625547,-16.2418576204573
2025-11-20,2330,28295025,41079763730,1450.0,1460.0,1440.0,1455.0,60.0,54456,1426.0,1446.5,1466.0,19.999999999999712,13.57142857142845,52.93484333879827,53.23812285565728,1527.773780845922,1466.0,1404.226219154078,6.510046220008235,19.156335298902086,-12.646289078893851
2025-11-21,2330,64673494,90158936045,1395.0,1405.0,1385.0,1385.0,-70.0,347100,1417.0,1439.0,1462.75,19.999999999999712,16.50793650793639,35.61783159652046,42.26661509404978,1533.7059722644965,1462.75,1391.7940277355035,1.1918376441562941,15.563435767952928,-14.371598123796634
2025-11-24,2330,88861648,122824394320,1400.0,1405.0,1375.0,1375.0,-10.0,142090,1403.0,1429.0,1457.5,19.999999999999712,19.999999999999883,33.77624785619687,40.96772596579292,1537.5312438988674,1457.5,1377.4687561011326,-3.786152979592771,11.693518018443788,-15.479670998036559
2025-11-25,2330,31006765,43841816781,1425.0,1425.0,1405.0,1415.0,40.0,50628,1405.0,1424.0,1454.5,14.035087719297957,18.011695906432628,46.64904616929222,47.868804533040986,1536.1639455328973,1454.5,1372.8360544671027,-4.452257850283786,8.464362844698272,-12.916620694982058
2025-11-26,2330,31659935,45354786526,1430.0,1440.0,1425.0,1440.0,25.0,47642,1414.0,1420.5,1451.25,39.52528379772933,24.52012383900917,53.27215298971909,51.67153188506799,1529.727703840008,1451.25,1372.772296159992,-2.929094910223739,6.185671293713869,-9.11476620393761
2025-11-27,2330,24202285,34888318204,1450.0,1455.0,1430.0,1435.0,-5.0,47132,1410.0,1418.0,1447.75,63.05469556243522,38.87168902648767,51.77248417470472,50.872262394933976,1522.4811849230293,1447.75,1373.0188150769707,-2.1012140322823143,4.528294228514632,-6.629508260796946
2025-11-28,2330,26130506,37773913469,1440.0,1455.0,1435.0,1440.0,5.0,38594,1421.0,1419.0,1444.75,74.50980392156835,59.0299277605778,53.306050318250634,51.67722999974473,1515.5648995621684,1444.75,1373.9351004378316,-1.0297835548949479,3.416678671832716,-4.446462226727664
2025-12-01,2330,33722188,47998505254,1445.0,1445.0,1410.0,1410.0,-30.0,102798,1428.0,1415.5,1439.75,62.74509803921541,66.76986584107316,43.60092106565756,46.72978108669257,1505.3605936568174,1439.75,1374.1394063431826,-2.5717706902194095,2.2189887994222905,-4.7907594896417
2025-12-02,2330,27923064,39916596995,1430.0,1440.0,1420.0,1430.0,20.0,34886,1431.0,1418.0,1436.0,60.784313725489916,66.01307189542472,50.596703266494735,50.155802878372235,1494.44655678481,1436.0,1377.55344321519,-2.1551307456420545,1.3441648904094214,-3.499295636051476
2025-12-03,2330,25462840,36775822053,1440.0,1450.0,1435.0,1450.0,20.0,32546,1433.0,1423.5,1435.5,66.54411764705854,63.357843137254775,56.84224234747679,53.38445385605115,1493.2840808527747,1435.5,1377.7159191472253,-0.20870194865824487,1.0335915225958883,-1.2422934712541331
2025-12-04,2330,21934952,31600541870,1445.0,1450.0,1430.0,1445.0,-5.0,44721,1435.0,1422.5,1434.5,81.98529411764677,69.77124183006522,54.82086820003117,52.46941940538811,1490.8826214360417,1434.5,1378.1173785639583,0.9197958489633038,1.0108323878693715,-0.09103653890606767
2025-12-05,2330,22539737,32677962256,1445.0,1460.0,1440.0,1460.0,15.0,35327,1439.0,1430.0,1434.5,93.74999999999972,80.75980392156849,59.82162687501129,54.96340601708333,1490.8826214360417,1434.5,1378.1173785639583,2.990045737710034,1.406675057837504,1.5833706798725298
2025-12-08,2330,27405663,40634878504,1465.0,1495.0,1460.0,1495.0,35.0,65198,1456.0,1442.0,1435.5,95.83333333333304,90.52287581699333,69.12480440529407,60.20977532347753,1495.3247440445841,1435.5,1375.6752559554159,7.36998458800781,2.5993369638715653,4.770647624136245
2025-12-09,2330,27555343,40931363559,1495.0,1500.0,1480.0,1480.0,-15.0,47501,1466.0,1448.5,1436.25,92.59259259259231,94.0586419753085,61.95236548258659,57.137752944408625,1497.8840003569458,1436.25,1374.6159996430542,9.520990985386334,3.983667768174519,5.5373232172118145
2025-12-10,2330,26387641,39493603134,1490.0,1505.0,1485.0,1505.0,25.0,53469,1477.0,1455.0,1437.75,92.59259259259231,93.6728395061727,68.33999184831633,60.73368098356008,1504.3439186412693,1437.75,1371.1560813587307,13.092053080365076,5.805344830612631,7.286708249752445
2025-12-11,2330,31820417,47234941277,1510.0,1515.0,1465.0,1470.0,0.0,107208,1482.0,1458.5,1438.25,78.30687830687802,87.83068783068772,53.63313534034491,53.91419137604421,1505.649925815983,1438.25,1370.850074184017,12.948673774945291,7.234010619479163,5.714663155466129
2025-12-12,2330,24025183,35489107425,1475.0,1485.0,1470.0,1480.0,10.0,41662,1486.0,1462.5,1440.75,73.43358395989947,81.4443516197901,56.73658346683427,55.45324920841905,1510.4116824373343,1440.75,1371.0883175626657,13.486497125115648,8.48450792060646,5.001989204509188
2025-12-15,2330,28160888,40860472555,1450.0,1455.0,1445.0,1450.0,-30.0,92871,1477.0,1466.5,1441.0,47.94338788146809,66.56128338274868,45.96796313068229,50.05288803009339,1510.7567201063812,1441.0,1371.2432798936188,11.361014027669398,9.059809142019047,2.3012048856503515
2025-12-16,2330,36751412,52683827934,1435.0,1445.0,1425.0,1435.0,-15.0,151564,1468.0,1467.0,1442.5,32.59947253755275,51.32548145964026,41.38585236379651,47.55896584481346,1510.360150309294,1442.5,1374.639849690706,8.36969805072249,8.921786923759736,-0.5520888730372455
2025-12-17,2330,33103549,47488282612,1435.0,1445.0,1425.0,1430.0,-5.0,81434,1453.0,1465.0,1444.25,13.398692810457234,31.31385107649285,39.84141392944894,46.72326589157576,1508.8468265474396,1444.25,1379.6531734525604,5.531832848832892,8.243796108774367,-2.7119632599414754
2025-12-18,2330,33103697,47179906765,1420.0,1435.0,1415.0,1430.0,0.0,74330,1445.0,1463.5,1443.0,10.555555555555273,18.851240301188575,39.84141392944894,46.72326589157575,1507.683846515185,1443.0,1378.316153484815,3.24539335619761,7.244115558259016,-3.9987222020614057
2025-12-19,2330,42614140,61256957568,1455.0,1455.0,1430.0,1430.0,0.0,46795,1435.0,1460.5,1445.25,11.851851851851569,11.935366739288183,39.84141392944894,46.72326589157575,1504.619605018056,1445.25,1385.880394981944,1.4170388436634767,6.078700215339908,-4.6616613716764315
2025-12-22,2330,23919483,34974497115,1465.0,1470.0,1455.0,1465.0,35.0,38482,1438.0,1457.5,1449.75,26.666666666666384,16.358024691357897,57.479615131645744,53.81809457440219,1500.0963007578512,1449.75,1399.4036992421488,2.7604415606961084,5.415048484411148,-2.65460692371504
2025-12-23,2330,22337117,33151333901,1475.0,1490.0,1470.0,1490.0,25.0,50811,1449.0,1458.5,1453.5,46.66666666666638,28.395061728394932,65.82866989758142,58.1092935341172,1504.10632371552,1453.5,1402.89367628448,5.775809027764808,5.48720059308188,0.28860843468292785
2025-12-24,2330,13707427,20441056275,1495.0,1500.0,1485.0,1495.0,5.0,35055,1462.0,1457.5,1456.25,73.03921568627423,48.79084967320248,67.3256758312349,58.931220592362784,1509.5299211711128,1456.25,1402.9700788288872,8.471315629852825,6.084023600436069,2.3872920294167557
2025-12-26,2330,20806344,31326715665,1505.0,1510.0,1495.0,1510.0,15.0,57478,1478.0,1461.5,1460.0,89.70588235294089,69.80392156862732,71.66960133082569,61.37938572592873,1517.1839138219832,1460.0,1402.8160861780168,11.683221763911888,7.203863233131233,4.479358530780655
2025-12-29,2330,24010398,36576386420,1515.0,1530.0,1510.0,1530.0,20.0,68156,1498.0,1466.5,1464.5,98.03921568627423,86.92810457516327,76.52446259793719,64.4244983887501,1528.4452891149926,1464.5,1400.5547108850074,15.661971905822611,8.895484967669509,6.766486938153102
2025-12-30,2330,21819219,33198645416,1515.0,1530.0,1510.0,1520.0,-10.0,44833,1509.0,1473.5,1470.0,97.10144927536203,94.9488491048592,69.57000932395643,61.80068951548399,1533.166446789415,1470.0,1406.833553210585,17.803021482466875,10.676992270628983,7.126029211837892
2025-12-31,2330,31389568,48402721875,1520.0,1550.0,1515.0,1550.0,30.0,60286,1521.0,1485.0,1476.0,97.10144927536203,97.41403807899958,76.91332423750136,66.24247595954049,1545.3253200497481,1476.0,1406.6746799502519,21.670760934453483,12.875746003393882,8.795014931059601
2026-01-02,2330,39836425,62469965712,1555.0,1585.0,1545.0,1585.0,35.0,77972,1539.0,1500.5,1482.75,97.10144927536203,97.10144927536219,82.62148876160839,70.5455994714437,1565.603786877849,1482.75,1399.896213122151,27.2461036853324,15.749817539781585,11.496286145550815
2026-01-05,2330,76182999,126883687153,1630.0,1695.0,1625.0,1670.0,85.0,160941,1571.0,1524.5,1494.0,96.52777777777749,96.910225442834,89.78059066768147,77.91009037334938,1608.3940557896258,1494.0,1379.6059442103742,38.084379587755166,20.2167299493763,17.867649638378865
2026-01-06,2330,54073389,90850194276,1645.0,1705.0,1645.0,1705.0,35.0,92450,1606.0,1552.0,1506.25,96.52777777777749,96.71900161030582,91.46888343382011,80.11482243249114,1651.710475731382,1506.25,1360.789524268618,48.933919060163134,25.96016777153367,22.973751288629465
2026-01-07,2330,54807595,91717350741,1665.0,1685.0,1665.0,1675.0,-30.0,158678,1637.0,1573.0,1515.25,91.98232323232294,95.01262626262611,78.5002810157175,73.35650760569979,1678.0527948163053,1515.25,1352.4472051836947,54.483456606235904,31.664825538474116,22.81863106776179
2026-01-08,2330,31485749,52977674570,1660.0,1700.0,1655.0,1685.0,10.0,67709,1664.0,1592.5,1525.5,92.27994227994198,93.59668109668094,79.62377085572541,74.13961961106413,1703.2610756043066,1525.5,1347.7389243956934,59.008211588415634,37.13350274846242,21.874708839953215
2026-01-09,2330,42191307,70809011639,1665.0,1700.0,1655.0,1680.0,-5.0,89313,1683.0,1611.0,1534.25,88.0064380064377,90.75623450623435,77.26842219786076,72.98452330655573,1723.9411964219742,1534.25,1344.5588035780258,61.4819288925346,42.00318797727685,19.478740915257745
2026-01-12,2330,34556660,58621235802,1700.0,1705.0,1690.0,1690.0,10.0,63935,1687.0,1629.0,1545.25,89.9877899877897,90.09139009138994,78.73610456322353,73.86164679720589,1744.0583247753978,1545.25,1346.4416752246022,63.5170985308896,46.3059700879994,17.2111284428902
2026-01-13,2330,34064122,58268432955,1720.0,1720.0,1700.0,1710.0,20.0,72906,1688.0,1647.0,1556.75,91.53637690223026,89.84353496548603,81.5201578166964,75.57003157009355,1765.490868063731,1556.75,1348.009131936269,65.98320467454778,50.241417005309074,15.741787669238704
2026-01-14,2330,33253803,56791719787,1705.0,1715.0,1700.0,1710.0,0.0,79342,1695.0,1666.0,1569.75,93.90511927097263,91.80976205366436,81.5201578166964,75.57003157009356,1782.6226144904506,1569.75,1356.8773855095494,67.1633937651684,53.625812357280935,13.537581407887458
2026-01-15,2330,41703827,70435079598,1685.0,1700.0,1680.0,1690.0,-20.0,135119,1696.0,1680.0,1582.5,85.9429060456015,90.46146740626828,69.18992807491794,70.24534115437054,1792.082919151347,1582.5,1372.917080848653,65.72720694140776,56.0460912741063,9.681115667301455
2026-01-16,2330,58108842,100655531778,1735.0,1750.0,1710.0,1740.0,50.0,118971,1708.0,1695.5,1598.0,84.39431913116094,88.08078148257852,78.6212906066046,74.98979937243853,1806.0240370726422,1598.0,1389.9759629273578,67.84156533371606,58.40518608602825,9.43637924768781
2026-01-19,2330,32242493,56290961765,1725.0,1780.0,1725.0,1760.0,20.0,95399,1722.0,1704.5,1614.5,80.96574770258951,83.7676576264508,81.29355685331812,76.59726931422793,1818.9235798532059,1614.5,1410.0764201467941,70.32043227545364,60.78823532391333,9.532196951540314
2026-01-20,2330,32687106,57524295396,1740.0,1775.0,1740.0,1775.0,15.0,78992,1735.0,1711.5,1631.75,90.15873015872985,85.17293233082692,83.13780900763219,77.75220703628676,1829.0891750261462,1631.75,1434.4108249738538,72.65777324376131,63.162142907882924,9.495630335878388
2026-01-21,2330,50745376,88675053916,1745.0,1765.0,1740.0,1740.0,-35.0,186450,1741.0,1718.0,1645.5,82.66666666666636,84.59704817599538,65.54637209805007,69.17400235682605,1832.5,1645.5,1458.5,70.86899168623881,64.70351266355411,6.165479022684707
2026-01-22,2330,34437982,60653857784,1765.0,1770.0,1750.0,1760.0,20.0,67515,1755.0,1725.5,1659.0,81.33333333333303,84.71957671957655,69.80566021774861,71.1338367591904,1837.9580956537034,1659.0,1480.0419043462966,70.25534241255309,65.8138786133539,4.441463799199184
2026-01-23,2330,29676301,52422945816,1770.0,1775.0,1750.0,1770.0,10.0,58140,1761.0,1734.5,1672.75,79.33333333333303,81.11111111111096,71.83663005610315,72.08932907771529,1841.138687268474,1672.75,1504.361312731526,69.77165318202947,66.60543352708902,3.1662196549404484
2026-01-26,2330,25989274,45904955646,1765.0,1785.0,1755.0,1755.0,-15.0,104429,1760.0,1741.0,1685.0,80.47619047619018,80.38095238095224,64.27121912769864,68.4303266931736,1839.3048929878764,1685.0,1530.6951070121236,67.40099463182423,66.76454574803606,0.6364488837881765
2026-01-27,2330,32183611,57062828515,1760.0,1785.0,1755.0,1780.0,25.0,59863,1761.0,1748.0,1697.5,85.55555555555526,81.78835978835964,70.34408209681052,71.06623384808964,1839.5739244196484,1697.5,1555.4260755803516,66.76984055822368,66.76560471007357,0.0042358481501025835
2026-01-28,2330,31327933,56586009010,1790.0,1820.0,1790.0,1820.0,40.0,79936,1777.0,1759.0,1712.5,88.88888888888859,84.97354497354483,77.48699711657467,74.70533127848265,1838.931799797361,1712.5,1586.068200202639,68.70531995288752,67.15354775863636,1.551772194251157
2026-01-29,2330,36079326,65452000580,1830.0,1835.0,1800.0,1805.0,-15.0,112652,1786.0,1770.5,1725.25,89.32178932178901,87.92207792207778,70.10011912493846,71.09423511906591,1833.7154322814417,1725.25,1616.7845677185583,68.2421733822921,67.37127288336751,0.8709004989245841
2026-01-30,2330,46341867,82692717518,1790.0,1800.0,1775.0,1775.0,-30.0,155495,1787.0,1774.0,1734.75,69.85645933014322,82.68904584694043,57.34452143836965,64.39040090672891,1823.9954480631925,1734.75,1645.5045519368075,64.70845828131496,66.838709962957,-2.1302516816420365
2026-02-02,2330,33342359,58467099660,1750.0,1765.0,1745.0,1765.0,-10.0,227693,1789.0,1774.5,1739.5,45.2950558213713,68.15776815776799,53.554810551580005,62.28218001143184,1824.4646985518102,1739.5,1654.5353014481898,60.40473894828392,65.55191576002238,-5.147176811738461
2026-02-03,2330,30386718,54587495232,1810.0,1810.0,1785.0,1800.0,35.0,63370,1793.0,1777.0,1744.25,41.42300194931743,52.19150570027747,63.42478213547683,66.42557465409847,1831.5583615697833,1744.25,1656.9416384302167,59.13652877057257,64.26883836213241,-5.132309591559846
2026-02-04,2330,29087857,51994350134,1785.0,1805.0,1775.0,1785.0,-15.0,89612,1786.0,1781.5,1749.75,43.95711500974628,43.55839092681182,57.33293061430717,63.2202373582252,1832.6641121884568,1749.75,1666.8358878115432,56.27241505560687,62.66955370082731,-6.397138645220437
2026-02-05,2330,28974303,51204573629,1765.0,1780.0,1760.0,1765.0,-20.0,119686,1778.0,1782.0,1753.75,42.59259259259229,42.65756985055214,49.88036998440919,59.12364247069688,1831.3306032459145,1753.75,1676.1693967540855,51.791728640114115,60.49398868868467,-8.702260048570551
2026-02-06,2330,36484181,64250417914,1745.0,1780.0,1740.0,1780.0,15.0,117607,1779.0,1783.0,1758.75,36.25730994152016,40.93567251461972,54.99876565681291,61.15660789409837,1829.2393608993584,1758.75,1688.2606391006416,48.88758140700588,58.17270723234891,-9.28512582534303
2026-02-09,2330,40350444,73691322355,1830.0,1835.0,1815.0,1815.0,35.0,80215,1789.0,1789.0,1765.0,47.75828460038955,42.20272904483414,64.78785082755235,65.4717388438038,1832.0820393249937,1765.0,1697.9179606750063,48.84715173540235,56.3075961329596,-7.460444397557254
2026-02-10,2330,45674475,85190057142,1845.0,1880.0,1840.0,1880.0,65.0,102694,1805.0,1799.0,1773.5,73.68421052631548,52.566601689408536,76.06753986433088,71.74865059523297,1852.5632658065679,1773.5,1694.4367341934321,53.44399855411325,55.73487661719033,-2.2908780630770806
2026-02-11,2330,44684131,85272506875,1880.0,1925.0,1875.0,1915.0,35.0,150409,1831.0,1808.5,1783.75,91.18065433854876,70.87438315508473,80.07680714850737,74.44281280483862,1878.7697347923051,1783.75,1688.7302652076949,59.22849109237245,56.433599512226756,2.794891580145695
2026-02-23,2330,80768993,154476054854,1900.0,1935.0,1900.0,1900.0,-15.0,209838,1858.0,1818.0,1794.25,92.21529221529191,85.69338569338551,73.88780760459662,71.30440896711889,1891.885802859402,1794.25,1696.614197140598,61.888951159756516,57.52466984173271,4.3642813180238065
2026-02-24,2330,44316733,86410656276,1915.0,1975.0,1915.0,1965.0,65.0,99586,1895.0,1837.0,1805.5,90.79685249897985,91.39759968427363,81.22418163342414,76.02186838076031,1924.9529195959647,1805.5,1686.0470804040353,68.45325518793766,59.710386910973696,8.74286827696396
2026-02-25,2330,47398835,95168256834,1995.0,2025.0,1995.0,2015.0,50.0,145278,1935.0,1862.0,1818.25,91.4290636575068,91.48040279059296,85.00501544312205,78.89595605302904,1966.5158086006345,1818.25,1669.9841913993655,76.80473834177837,63.129257197134635,13.67548114464374
2026-02-26,2330,74411249,148677652002,2000.0,2010.0,1995.0,1995.0,-20.0,199342,1958.0,1881.5,1829.25,93.90319771058823,92.04303795569173,77.70314549819008,75.02231132517413,1994.6971214618134,1829.25,1663.8028785381866,80.87721388006639,66.67884853372098,14.198365346345412
2026-03-02,2330,57404594,113190016272,1940.0,1995.0,1940.0,1975.0,-20.0,325611,1970.0,1900.5,1841.0,89.47368421052602,91.60198185954046,70.62536577165085,71.25472348978012,2012.6857594560481,1841.0,1669.3142405439519,81.55078059661605,69.65323494629999,11.897545650316061
2026-03-03,2330,54577298,106561209060,1970.0,1980.0,1935.0,1935.0,-40.0,528433,1977.0,1917.5,1849.75,76.35756056808658,86.57814749640039,58.2459309173703,64.29972932755538,2021.8684185379357,1849.75,1677.6315814620643,77.95826699167196,71.31424135537438,6.6440256362975845
2026-03-04,2330,84647010,159499070920,1895.0,1910.0,1865.0,1865.0,-70.0,728396,1957.0,1926.0,1854.5,51.037503669082305,72.28958281589841,42.89508064722779,54.309379739942266,2022.752786009623,1854.5,1686.247213990377,68.67116069729514,70.78562522375853,-2.1144645264633937
2026-03-05,2330,56489914,108468004433,1940.0,1960.0,1895.0,1900.0,35.0,235975,1934.0,1934.5,1861.75,30.84379021878991,52.74628481865304,50.50446713757503,57.836819397510254,2024.638765726799,1861.75,1698.861234273201,63.404383279224476,69.30937683485172,-5.904993555627243
2026-03-06,2330,34307388,64781776164,1880.0,1900.0,1880.0,1890.0,-10.0,202376,1913.0,1935.5,1867.25,17.004504504504197,32.96193279745891,48.356584799457565,56.49480343846231,2026.1044931690633,1867.25,1708.3955068309367,57.75771284308121,66.99904403649762,-9.241331193416414
2026-03-09,2330,94441296,169437885289,1775.0,1810.0,1770.0,1810.0,-80.0,744799,1880.0,1925.0,1866.75,17.728758169934334,21.859017631076252,34.616246061420235,47.08265272621402,2026.257836798071,1866.75,1707.242163201929,46.29370936356054,62.85797710191021,-16.56426773834967
2026-03-10,2330,46926862,87458820143,1870.0,1890.0,1830.0,1850.0,40.0,234136,1863.0,1920.0,1869.0,20.89460784313695,18.5426235058586,43.91280695027455,51.439001720459146,2026.2132309953586,1869.0,1711.7867690046414,39.97525980708633,58.28143364294543,-18.3061738358591
2026-03-11,2330,39238328,75243103048,1885.0,1950.0,1875.0,1940.0,90.0,124214,1878.0,1917.5,1877.25,39.29738562091473,25.97358387799544,59.15687139764406,59.51484073508675,2031.1485055158107,1877.25,1723.3514944841893,41.748836253642594,54.97491416508486,-13.226077911442268
2026-03-12,2330,40662382,77082966123,1900.0,1915.0,1885.0,1885.0,-55.0,236370,1875.0,1904.5,1883.25,51.10566448801713,37.09921931735638,49.554339990868556,53.64368605197936,2028.2767216756968,1883.25,1738.2232783243032,38.27515584848152,51.63496250176419,-13.359806653282675
2026-03-13,2330,36317450,67622758569,1840.0,1885.0,1840.0,1865.0,-20.0,223622,1870.0,1891.5,1886.5,55.72751322751293,48.71018777881503,46.36167223074742,51.64839140999856,2026.7533422061663,1886.5,1746.2466577938337,33.521985663828445,48.01236713417704,-14.490381470348595
2026-03-16,2330,35401289,65728459791,1875.0,1880.0,1845.0,1845.0,-20.0,221249,1877.0,1878.5,1889.5,45.274296853243925,50.70249152292477,43.12049653740645,49.659216508774094,2023.3618691039387,1889.5,1755.6381308960613,27.820533403330046,43.97400038800764,-16.153466984677593
2026-03-17,2330,26754183,50039306073,1875.0,1880.0,1860.0,1870.0,0.0,81783,1881.0,1872.0,1894.75,45.78111946532969,48.92764318202895,48.38300713323308,52.140514330600276,2016.3425573380214,1894.75,1773.1574426619786,25.03084250518077,40.18536881144227,-15.154526306261495
2026-03-18,2330,25694925,48868043836,1900.0,1910.0,1890.0,1905.0,35.0,77134,1874.0,1876.0,1901.0,55.70175438596461,48.919056901512846,55.15919465560781,55.45112694197118,2010.6175168483578,1901.0,1791.3824831516422,25.351958268680164,37.21868670288985,-11.866728434209683
2026-03-19,2330,38750629,72170579700,1875.0,1880.0,1850.0,1850.0,-55.0,386193,1867.0,1871.0,1902.75,57.35867446393732,52.947182771743975,44.45895704674207,49.64010688414175,2007.8440055378992,1902.75,1797.6559944621008,20.927169100268657,33.96038318236561,-13.033214082096954
2026-03-20,2330,53705722,99109745990,1860.0,1870.0,1840.0,1840.0,-10.0,208042,1862.0,1866.0,1900.75,42.59259259259229,51.88434048083152,42.70181861901072,48.642003684416544,2008.9754591119854,1900.75,1792.5245408880146,16.42424688455867,30.45315592280422,-14.028909038245551
2026-03-23,2330,41950478,75569592075,1790.0,1815.0,1785.0,1810.0,-30.0,360785,1855.0,1866.0,1895.5,22.643097643097338,40.86478823320909,37.51270550002009,45.67494131186974,2010.4304137293518,1895.5,1780.5695862706482,10.315983075844997,26.425721353412378,-16.10973827756738
2026-03-24,2330,30569936,55773861470,1850.0,1850.0,1800.0,1810.0,0.0,125816,1843.0,1862.0,1891.0,14.238539238538934,26.49140982474296,37.51270550002009,45.67494131186974,2011.7725134291738,1891.0,1770.2274865708262,5.412745241942957,22.223126131118494,-16.810380889175537
2026-03-25,2330,46664345,86692213662,1865.0,1875.0,1845.0,1845.0,35.0,92102,1831.0,1852.5,1885.0,27.46076146076116,21.44746611413258,47.620345491130614,49.8167511033981,2002.3456432936478,1885.0,1767.6543567063522,4.301516224020361,18.638804149698867,-14.337287925678506
2026-03-26,2330,24634887,45564939400,1850.0,1865.0,1840.0,1840.0,-5.0,81572,1829.0,1848.0,1876.25,37.076923076922775,26.258741258741065,46.37024147432267,49.23920373299983,1978.6645985687587,1876.25,1773.8354014312413,2.9830146718127253,15.507646254121639,-12.524631582308913
2026-03-27,2330,33883223,61384010665,1805.0,1825.0,1800.0,1820.0,-20.0,165562,1825.0,1843.5,1867.5,39.999999999999694,34.845894845894655,41.30953969751853,46.89711671201168,1956.9147638815873,1867.5,1778.0852361184127,0.3205645705468214,12.470229917406675,-12.149665346859853
2026-03-30,2330,46272405,82684350734,1780.0,1800.0,1780.0,1780.0,-40.0,335778,1819.0,1837.0,1857.75,23.999999999999698,33.6923076923075,32.92508106806301,42.5390445561885,1940.4225468338796,1857.75,1775.0774531661204,-4.959936956890033,8.984196542547332,-13.944133499437365
2026-03-31,2330,75832456,134202434218,1775.0,1790.0,1760.0,1760.0,-20.0,472213,1809.0,1826.0,1849.0,9.33333333333303,24.444444444444247,29.439523638371924,40.51189620316139,1934.1234397801218,1849.0,1763.8765602198782,-10.63600012560073,5.06015720891772,-15.69615733451845
2026-04-01,2330,46457423,85667372522,1840.0,1855.0,1830.0,1855.0,95.0,103263,1811.0,1821.0,1848.5,27.53623188405767,20.289855072463574,55.5288986035925,52.17104806347438,1933.358706094307,1848.5,1763.641293905693,-7.383502606777711,2.5714252457786335,-9.954927852556345
2026-04-02,2330,29332490,53540295381,1865.0,1865.0,1805.0,1810.0,-45.0,189628,1805.0,1817.0,1844.0,42.02898550724608,26.299516908212368,46.10760690383196,47.42911473383217,1926.981925742899,1844.0,1761.018074257101,-8.340850674859212,0.3889700616510643,-8.729820736510277
2026-04-07,2330,19895445,36785851775,1850.0,1860.0,1835.0,1860.0,50.0,72329,1813.0,1819.0,1842.5,71.01449275362289,46.85990338164232,55.823577908939114,52.58586273442093,1923.153580205717,1842.5,1761.846419794283,-5.007253284611124,-0.6902746076013735,-4.316978677009751
2026-04-08,2330,53813263,104453237705,1935.0,1950.0,1925.0,1950.0,90.0,169595,1847.0,1833.0,1849.5,76.81159420289823,63.28502415458917,67.95553896162284,60.16108395888672,1941.200599779936,1849.5,1757.799400220064,4.841089437487653,0.41599820141643185,4.425091236071221
2026-04-09,2330,36054784,70112621815,1945.0,1955.0,1930.0,1955.0,5.0,90439,1886.0,1847.5,1854.75,95.65217391304316,81.15942028985488,68.51594830816231,60.53828733911446,1957.3402042107334,1854.75,1752.1597957892666,12.900718756083734,2.9129423123498928,9.987776443733841
2026-04-10,2330,39096242,77669362959,1975.0,2000.0,1970.0,2000.0,45.0,125121,1915.0,1863.0,1857.75,99.99999999999967,90.82125603864712,73.40040935533618,63.855249285685254,1972.8792751649205,1857.75,1742.6207248350795,22.657970002777574,6.861947850435429,15.796022152342145
2026-04-13,2330,31882568,63311620986,1985.0,1995.0,1975.0,1990.0,-10.0,123461,1951.0,1878.0,1863.0,98.61111111111079,98.08776167471798,70.56227541937398,62.59608072726447,1991.4289686947614,1863.0,1734.5710313052386,29.24660878576833,11.33888003750201,17.907728748266322
2026-04-14,2330,46188401,93890695630,2015.0,2055.0,2010.0,2055.0,65.0,175477,1990.0,1901.5,1872.5,98.61111111111079,99.07407407407386,77.23688946711867,67.13285605938619,2025.81340450202,1872.5,1719.18659549798,39.26053821647861,16.92321167329733,22.337326543181277
2026-04-15,2330,46824833,97435290780,2065.0,2100.0,2060.0,2080.0,25.0,144126,2016.0,1931.5,1884.25,96.35122410546107,97.857815442561,79.3389611261912,68.7050832328931,2061.4864240217003,1884.25,1707.0135759782995,48.65309787624915,23.269188913887696,25.383908962361453
2026-04-16,2330,35974352,74662997629,2080.0,2090.0,2055.0,2085.0,5.0,121077,2042.0,1964.0,1895.0,96.04519774011266,97.00251098556163,79.77476027031683,69.02422976129073,2092.408206516345,1895.0,1697.5917934836548,55.85635005554218,29.786621142218593,26.069728913323587
2026-04-17,2330,44433257,90757552556,2055.0,2060.0,2030.0,2030.0,-55.0,254377,2048.0,1981.5,1901.25,87.24016629357179,93.21219604638196,62.780617084921516,61.584378467291444,2107.2566746491484,1901.25,1695.2433253508518,56.475919711050665,35.124480855985006,21.35143885506566
2026-04-20,2330,30566172,62379639275,2030.0,2055.0,2025.0,2025.0,-5.0,99020,2055.0,2003.0,1910.0,75.21433901350721,86.16656768239734,61.39350892720793,60.941296438530124,2121.3527856452333,1910.0,1698.6472143547667,55.91887690883004,39.28336006655401,16.635516842276033
2026-04-21,2330,28055761,57761069758,2050.0,2075.0,2045.0,2050.0,25.0,75235,2054.0,2022.0,1920.5,67.10533269911706,76.51994600206548,65.80121131950911,63.02056582713542,2137.6842535728592,1920.5,1703.3157464271408,56.83949719872771,42.794587492988754,14.04490970573896
2026-04-22,2330,27457065,56435407734,2045.0,2070.0,2040.0,2050.0,0.0,83438,2048.0,2032.0,1932.5,63.089851325145126,68.46984101258992,65.80121131950911,63.02056582713542,2150.45641766188,1932.5,1714.5435823381197,56.913037343818814,45.61827746315477,11.294759880664046
2026-04-23,2330,54918117,114822791851,2090.0,2135.0,2055.0,2080.0,30.0,161370,2047.0,2044.5,1946.0,65.91723227752608,65.37080543392955,71.17620458694599,65.57129438099543,2165.3763888844924,1946.0,1726.6236111155076,58.715235037621596,48.237668978048134,10.477566059573462
2026-04-24,2330,52391785,112917570260,2110.0,2190.0,2105.0,2185.0,105.0,174859,2078.0,2063.0,1963.0,74.7952279202276,67.93410384096639,82.44350465700991,72.67541445467468,2200.3899745145104,1963.0,1725.6100254854894,67.8341621762122,52.15696761768095,15.677194558531255
2026-04-27,2330,79778277,183309899207,2280.0,2330.0,2265.0,2265.0,80.0,323994,2126.0,2090.5,1984.25,80.51191560412839,73.74145860062748,86.97076205410605,76.63181265030444,2248.3763901998436,1984.25,1720.1236098001564,80.58734825714532,57.84304374557382,22.7443045115715
2026-04-28,2330,57336004,128432565716,2245.0,2280.0,2215.0,2215.0,-50.0,308514,2159.0,2106.5,2004.0,79.40194292653277,78.23636215029639,73.20594297427951,69.82673838607734,2275.0276738637585,2004.0,1732.9723261362412,85.6721823859998,63.40887147365902,22.263310912340785
2026-04-29,2330,49147402,107324137160,2175.0,2210.0,2165.0,2180.0,-35.0,233692,2185.0,2116.5,2024.0,63.934426229507885,74.61609492005648,64.82685048385622,65.44560022480366,2284.7987730032487,2024.0,1763.2012269967513,85.88768283013405,67.90463374495403,17.983049085180028
2026-04-30,2330,59584011,129082703075,2205.0,2215.0,2135.0,2135.0,-45.0,290470,2196.0,2121.5,2042.75,49.72677595628384,64.35438170410829,55.327704608028164,60.21447352614139,2277.557900207808,2042.75,1807.9420997921918,81.4880016073887,70.62130731744097,10.86669428994773
2026-05-04,2330,44458732,99944198300,2200.0,2285.0,2195.0,2275.0,140.0,129173,2214.0,2146.0,2063.75,55.973242886753034,56.54481502418171,70.8377478070888,68.61851947126502,2302.724371010784,2063.75,1824.7756289892156,88.28041088748978,74.15312803145073,14.127282856039045
2026-05-05,2330,26644983,60009590420,2250.0,2270.0,2240.0,2250.0,-25.0,153870,2211.0,2168.5,2085.75,63.17128321085328,56.29043401796351,66.05949882256631,65.93991643094267,2307.6345420483367,2085.75,1863.8654579516635,90.60175250708471,77.44285292657753,13.158899580507182
2026-05-06,2330,38026963,85874042414,2250.0,2285.0,2240.0,2250.0,0.0,125342,2218.0,2188.5,2105.25,74.78578892371965,64.64343834044212,66.0594988225663,65.93991643094267,2312.408755547527,2105.25,1898.0912444524731,91.38796884714247,80.23187611069052,11.156092736451953
2026-05-07,2330,41966283,97374950118,2335.0,2345.0,2310.0,2310.0,60.0,127355,2244.0,2214.5,2123.25,76.2465168930683,71.40119634254721,72.18784735447346,69.27799932245078,2335.8123437958848,2123.25,1910.687656204115,95.74881676203495,83.3352642409594,12.413552521075545
2026-05-08,2330,31730352,72760055995,2300.0,2310.0,2265.0,2290.0,-20.0,153342,2275.0,2235.5,2140.0,76.71176046176015,75.91468875951615,67.45151215351645,66.92352664455169,2349.666401695646,2140.0,1930.333598304354,96.47883929635782,85.96397925203908,10.514860044318738
2026-05-11,2330,46172626,104025934565,2265.0,2275.0,2235.0,2235.0,-55.0,377408,2267.0,2240.5,2151.75,68.94841269841238,73.96889668441374,55.72189805194705,60.80361572422275,2354.956176087244,2151.75,1948.5438239127561,91.56385593383175,87.08395458839762,4.479901345434129
2026-05-12,2330,54239538,121891443938,2235.0,2280.0,2210.0,2255.0,20.0,183443,2268.0,2239.5,2165.0,59.52380952380921,68.3946608946607,58.76405803658721,62.158754263413094,2358.6233456998407,2165.0,1971.3766543001593,88.2650643428633,87.32017653929076,0.9448878035725414
2026-05-13,2330,43727683,96933847961,2205.0,2240.0,2205.0,2220.0,-35.0,259489,2262.0,2240.0,2173.25,48.4126984126981,58.961640211640024,51.53502246683123,58.35643010998588,2361.406185122892,2173.25,1985.093814877108,81.88264854546196,86.232670940525,-4.350022395063036
2026-05-14,2330,39564699,89220307307,2250.0,2270.0,2230.0,2270.0,50.0,83872,2254.0,2249.0,2182.75,49.2063492063489,52.38095238095219,59.78110168135362,61.93838936752718,2370.2993268449663,2182.75,1995.2006731550337,79.93764872076918,84.97366649657383,-5.036017775804652
2026-05-15,2330,34360513,78454021723,2310.0,2325.0,2250.0,2265.0,-5.0,129447,2249.0,2262.0,2191.75,44.44444444444414,47.35449735449717,58.617528298341206,61.36991239646237,2376.933017579907,2191.75,2006.5669824200934,77.10395770460491,83.39972473818004,-6.295767033575132
2026-05-18,2330,32966937,73654895962,2225.0,2260.0,2215.0,2240.0,-25.0,146159,2250.0,2258.5,2202.25,39.28571428571397,44.312169312169125,52.640730477328155,58.47980759769008,2372.792516693052,2202.25,2031.7074833069478,72.01084984060617,81.12194975866527,-9.111099918059097
2026-05-19,2330,45585931,100876592734,2220.0,2230.0,2205.0,2205.0,-35.0,277760,2240.0,2254.0,2211.25,22.619047619047308,35.449735449735265,45.12556509817001,54.602891117496874,2361.179149934227,2211.25,2061.320850065773,64.40786390909034,77.77913258875029,-13.371268679659948
2026-05-20,2330,38332945,84197244281,2205.0,2210.0,2185.0,2185.0,-20.0,233768,2233.0,2247.5,2218.0,8.333333333333021,23.412698412698223,41.203956089570845,52.462580559355665,2349.278330275792,2218.0,2086.721669724208,56.12167420309834,73.4476409116199,-17.325966708521563
2026-05-21,2330,24929331,55826019099,2240.0,2255.0,2230.0,2230.0,45.0,75045,2225.0,2239.5,2227.0,10.714285714285403,13.888888888888701,52.12531900532109,56.58600559049118,2333.2732327540666,2227.0,2120.7267672459334,52.57982558212916,69.27407784572175,-16.69425226359259
2026-05-22,2330,26823133,60188140377,2245.0,2260.0,2225.0,2255.0,25.0,95365,2223.0,2236.0,2235.75,27.380952380952067,15.476190476190288,57.269761687474016,58.727868064650266,2318.3499394672904,2235.75,2153.1500605327096,51.19997466163068,65.65925720890354,-14.459282547272863
2026-05-25,2330,28250944,64901118325,2275.0,2310.0,2275.0,2310.0,55.0,120043,2237.0,2243.5,2242.0,57.142857142856826,31.74603174603156,66.50723025983332,63.047199744806015,2327.1704173994704,2242.0,2156.8295826005296,53.92288377335808,63.31198252179445,-9.389098748436368
2026-05-26,2330,32781470,75166410300,2320.0,2325.0,2270.0,2270.0,-40.0,203876,2250.0,2245.0,2242.25,66.66666666666636,50.396825396825214,56.198875102633764,58.270881818540246,2327.7178302052885,2242.25,2156.7821697947115,52.25082813413155,61.09975164426187,-8.84892351013032
2026-05-27,2330,40272350,93104987424,2310.0,2330.0,2290.0,2300.0,30.0,124314,2273.0,2253.0,2246.5,76.43678160919508,66.7487684729062,61.429820899172505,60.67701597707939,2334.5397637434357,2246.5,2158.4602362565643,52.73852439246866,59.42750619390323,-6.688981801434565
2026-05-28,2330,42313277,98017950283,2350.0,2360.0,2270.0,2295.0,-5.0,208403,2286.0,2255.5,2252.25,67.62725779967128,70.24356869184436,60.035701142056865,60.055479384881096,2337.1307987709824,2252.25,2167.3692012290176,52.120753376721495,57.96615563046688,-5.845402253745384
2026-05-29,2330,104783831,246787941206,2340.0,2375.0,2330.0,2355.0,60.0,127095,2306.0,2264.5,2263.25,77.21372396508481,73.75925445798384,69.6717033007586,64.72502983823637,2341.2419867678727,2263.25,2185.2580132321273,55.82910083302568,57.53874467097864,-1.7096438379529602
2026-06-01,2330,60942792,144105259583,2355.0,2415.0,2350.0,2355.0,0.0,136367,2315.0,2276.0,2267.25,75.4146235153097,73.41853509335539,69.6717033007586,64.72502983823638,2354.855650502693,2267.25,2179.644349497307,58.09827219243152,57.65065017526921,0.44762201716230976
2026-06-02,2330,41532527,98885005900,2390.0,2400.0,2360.0,2380.0,25.0,99496,2337.0,2293.5,2273.75,81.6552250190691,78.094524166488,73.32001997608684,66.61118324529906,2373.693734170782,2273.75,2173.806265829218,61.208326423391554,58.36218542489368,2.846140998497873
2026-06-03,2330,29219904,70861766012,2425.0,2440.0,2410.0,2425.0,45.0,89415,2362.0,2317.5,2282.5,82.83841555354483,79.96942136264136,78.70062054840928,69.7469039400001,2401.4327541092025,2282.5,2163.5672458907975,66.53719140293651,59.99718662050225,6.540004782434266
2026-06-04,2330,32542948,77931338144,2385.0,2415.0,2385.0,2385.0,-40.0,196886,2380.0,2333.0,2286.25,80.74975400196767,81.74779819152735,65.0880334721518,63.99374914897241,2412.8941866016753,2286.25,2159.6058133983247,66.76308628545257,61.350366553492314,5.412719731960259
2026-06-05,2330,43403895,102970368110,2395.0,2405.0,2350.0,2365.0,-20.0,364351,2382.0,2344.0,2290.0,72.18422252621947,78.59079736057747,59.122714464719316,61.27230136930469,2421.224997618594,2290.0,2158.775002381406,64.58379496793168,61.997052236380185,2.586742731551496
2026-06-08,2330,52273858,119557290165,2230.0,2320.0,2230.0,2295.0,-70.0,436256,2370.0,2342.5,2293.0,51.493930905695294,68.14263581129428,43.02219410271312,52.807600544840206,2421.778880256042,2293.0,2164.221119743958,56.556329748017106,60.90890773870757,-4.352577990690463
2026-06-09,2330,38847544,89604249837,2305.0,2320.0,2295.0,2305.0,10.0,156384,2355.0,2346.0,2295.5,40.84967320261406,54.84260887817641,45.495983937873255,53.78973848913709,2423.1675369857194,2295.5,2167.8324630142806,50.42020936491599,58.81116806394925,-8.390958699033263
2026-06-10,2330,54194021,123146622990,2285.0,2300.0,2255.0,2255.0,-50.0,510491,2321.0,2341.5,2297.25,26.190476190475874,39.51136009959521,36.30198842932446,48.36940661530699,2421.64754820735,2297.25,2172.85245179265,41.049514371148234,55.25883732538905,-14.209322954240818
2026-06-11,2330,46417523,104091484739,2240.0,2260.0,2210.0,2250.0,0.0,320151,2294.0,2337.0,2296.25,21.67011732229092,29.570088905127083,35.4658308074519,47.85013534013753,2421.8236835487437,2296.25,2170.6763164512563,32.84114063675861,50.77529798766297,-17.934157350904357
2026-06-12,2330,26306885,60666936905,2325.0,2325.0,2290.0,2310.0,60.0,77219,2283.0,2332.5,2298.5,24.258109040717425,24.039567517828203,51.20169261290051,54.203730917657836,2423.363925935396,2298.5,2173.636074064604,30.822145367515986,46.78466746363357,-15.962522096117581
2026-06-15,2330,30228535,71454258620,2360.0,2375.0,2345.0,2375.0,65.0,96307,2299.0,2334.5,2305.25,44.20289855072432,30.043708304577688,62.69766523235798,59.9030676749091,2431.324382806342,2305.25,2179.175617193658,34.07424713243927,44.24258339739471,-10.168336264955443
2026-06-16,2330,37145708,88421095704,2375.0,2400.0,2350.0,2400.0,25.0,99659,2318.0,2336.5,2315.0,69.3001060445384,45.92037121199351,66.26389517048915,61.86863493122108,2438.6931687685296,2315.0,2191.3068312314704,38.22818159632607,43.039703037180985,-4.811521440854918
2026-06-17,2330,30059393,71151958866,2355.0,2385.0,2350.0,2385.0,-15.0,143625,2344.0,2332.5,2325.0,84.7218823358799,66.074962310381,62.107512712940725,59.96912992366896,2436.8033988749894,2325.0,2213.1966011250106,39.85045866522523,42.40185416278983,-2.5513954975645987
2026-06-18,2330,49982610,120198889493,2395.0,2415.0,2385.0,2410.0,25.0,103190,2376.0,2335.0,2334.0,93.32916406087107,82.45038414709659,66.22666652687809,62.05987963858952,2442.7014259336097,2334.0,2225.2985740663903,42.66163917601261,42.45381116543439,0.20782801057822553
2026-06-22,2330,45207883,112735082698,2455.0,2510.0,2455.0,2510.0,100.0,159770,2416.0,2349.5,2346.75,95.76818845111497,91.27307828262211,77.59343405389843,69.02806939525988,2473.686007499842,2346.75,2219.813992500158,52.35516648017892,44.434082228383296,7.921084251795627
2026-06-23,2330,39537895,99064704659,2510.0,2535.0,2490.0,2490.0,-20.0,148609,2439.0,2369.0,2355.75,94.57160725453377,94.55631992217339,71.94364452302091,66.40135481895751,2495.831226436664,2355.75,2215.668773563336,57.75772871016488,47.09881152473962,10.658917185425267
2026-06-24,2330,67304477,162505741547,2435.0,2445.0,2390.0,2390.0,-100.0,527599,2437.0,2377.5,2361.75,80.5128205128202,90.28420540615645,50.49594922406694,55.10943461974319,2496.8157247416975,2361.75,2226.6842752583025,53.355089674283136,48.35006715464832,5.005022519634814
2026-06-25,2330,41099957,98673938497,2410.0,2420.0,2390.0,2390.0,0.0,132387,2438.0,2391.0,2366.25,60.78492935635762,78.62311904123733,50.495949224066926,55.10943461974319,2498.75943362644,2366.25,2233.74056637356,49.29769339632094,48.53959240298285,0.7581009933380898
2026-06-26,2330,53800344,126177715258,2360.0,2370.0,2325.0,2340.0,-50.0,464927,2424.0,2400.0,2368.5,34.44793301936128,58.58189429617983,41.97900308235643,50.162777520620295,2497.577496102148,2368.5,2239.422503897852,41.56842060422741,47.14535804323176,-5.576937439004347
2026-06-29,2330,38133782,90337385683,2330.0,2395.0,2330.0,2370.0,30.0,93276,2396.0,2406.0,2369.25,23.129251700679962,39.454038025466424,48.10593547226329,52.89483786405065,2498.1792441612843,2369.25,2240.3207558387157,37.43217074598624,45.20272058378266,-7.770549837796416
2026-06-30,2330,49540227,120516271220,2440.0,2475.0,2410.0,2410.0,40.0,104582,2380.0,2409.5,2372.0,23.01587301587271,26.86435257863812,55.427594510581244,56.332169924495865,2501.9384469662464,2372.0,2242.0615530337536,36.95582489413391,43.55334144585291,-6.597516551718996
2026-07-01,2330,37544470,93600076825,2495.0,2505.0,2475.0,2505.0,95.0,111091,2403.0,2420.0,2378.25,49.2063492063489,31.783824640967325,67.9550281503623,63.20039395290448,2520.5621568946235,2378.25,2235.9378431053765,43.73981803135348,43.590636762953025,0.14918126840045431
