date,stock_id,Trading_Volume,Trading_money,open,max,min,close,spread,Trading_turnover,SMA5,SMA10,SMA20,K,D,RSI_7,RSI_14,BB_Upper,BB_Middle,BB_Lower,MACD,MACD_Signal,MACD_Hist
2020-01-02,2368,19526186,329330467,16.85,17.05,16.55,16.85,0.2,4297,,,,,,,,,,,,,
2020-01-03,2368,19736931,334751686,16.9,17.3,16.6,16.85,0.0,4674,,,,,,,,,,,,,
2020-01-06,2368,38021337,653506084,16.7,17.5,16.55,17.4,0.55,8489,,,,,,,,,,,,,
2020-01-07,2368,40533784,695745961,17.7,17.9,16.7,17.05,-0.35,9500,,,,,,,,,,,,,
2020-01-08,2368,23874857,403345643,16.6,17.3,16.4,17.15,0.1,5255,17.060000000000002,,,,,,,,,,,,
2020-01-09,2368,49358512,877559427,17.25,18.3,17.15,18.3,1.15,12250,17.35,,,,,,,,,,,,
2020-01-10,2368,40643981,725290096,18.1,18.15,17.55,17.8,-0.5,11012,17.54,,,,,,,,,,,,
2020-01-13,2368,49370645,897377500,18.05,18.65,17.75,17.85,0.05,13075,17.630000000000003,,,,,68.51851851851855,,,,,,,
2020-01-14,2368,28436947,517771514,17.9,18.4,17.9,18.4,0.55,6913,17.9,,,,,74.56359102244389,,,,,,,
2020-01-15,2368,16837707,307113107,18.4,18.5,18.0,18.1,-0.3,4310,18.089999999999996,17.575,,,,66.4444444444445,,,,,,,
2020-01-16,2368,19922320,355618339,18.15,18.25,17.6,17.7,-0.4,5392,17.97,17.66,,,,56.820101351351326,,,,,,,
2020-01-17,2368,23427517,416942995,17.7,18.15,17.45,18.0,0.3,5868,18.009999999999998,17.775,,,,61.677207776996944,,,,,,,
2020-01-20,2368,9837601,177271228,18.15,18.2,17.9,18.0,0.0,3094,18.04,17.835,,66.66666666666673,69.62962962962969,61.677207776996944,,,,,,,
2020-01-30,2368,19331378,317549723,16.5,16.9,16.2,16.2,-1.8,4703,17.599999999999998,17.749999999999996,,47.40740740740745,60.7407407407408,32.146476259467086,,,,,,,
2020-01-31,2368,30953399,474846405,16.25,16.45,14.8,15.3,-0.9,8212,17.039999999999996,17.564999999999998,,28.032708032708054,47.36892736892741,25.128235172795705,38.84892086330933,,,,,,
2020-02-03,2368,28824277,411297229,14.7,14.8,13.85,14.35,-0.95,6505,16.369999999999994,17.169999999999995,,7.801226551226553,27.747113997114013,19.80382143400815,33.863965267727906,,,,,,
2020-02-04,2368,25811484,386711360,14.65,15.3,14.6,15.0,0.65,6902,15.769999999999992,16.889999999999993,,16.04495414979286,17.292962911242483,31.405838502512456,39.5769061260467,,,,,,
2020-02-05,2368,36927804,541815987,15.0,15.25,14.25,14.4,-0.6,8364,15.049999999999994,16.544999999999995,,15.65860215053764,13.168260950519013,27.172406299657382,36.447168393017094,,,,,,
2020-02-06,2368,26992263,401011440,14.7,15.05,14.65,14.95,0.55,5995,14.799999999999994,16.199999999999996,,20.519713261648747,17.407756520659746,36.3483383758899,41.04922293776869,,,,,,
2020-02-07,2368,19535085,282998223,14.7,14.75,14.3,14.3,-0.65,4937,14.599999999999994,15.819999999999997,16.697499999999998,15.72426152515141,17.300858979112597,30.96847226466794,37.58528534828115,19.5230043797524,16.697499999999998,13.871995620247597,,,
2020-02-10,2368,17778319,249133921,13.65,14.4,13.5,14.4,0.1,4789,14.609999999999994,15.489999999999998,16.574999999999996,18.16458791880656,18.136187568535572,32.75488208544115,38.445870090186816,19.570746985311047,16.574999999999996,13.579253014688943,,,
2020-02-11,2368,17788709,261106074,14.5,14.85,14.35,14.85,0.45,5055,14.579999999999993,15.174999999999997,16.474999999999998,23.06654870312029,18.985132715692753,40.79807922698396,42.30127558197833,19.559558315221196,16.474999999999998,13.390441684778802,,,
2020-02-12,2368,45610130,702024408,14.95,15.65,14.85,15.5,0.65,10581,14.799999999999994,14.924999999999997,16.38,42.2171428975485,27.816093173158446,50.72933202170311,47.42383812997406,19.46178519692722,16.38,13.29821480307278,,,
2020-02-13,2368,20873126,322950032,15.55,15.7,15.25,15.25,-0.25,6152,14.859999999999994,14.829999999999998,16.29,62.349315689295764,42.54433576332151,47.178076581366696,45.74176336229902,19.393320801979705,16.29,13.186679198020293,,,
2020-02-14,2368,25271822,395875801,15.3,15.85,15.25,15.75,0.5,6877,15.149999999999995,14.874999999999996,16.22,81.02891518866998,61.86512459183808,54.59469816356104,49.59262040995307,19.30567658707124,16.22,13.134323412928756,,,
2020-02-17,2368,13224208,206247613,15.5,15.75,15.45,15.55,-0.2,3927,15.379999999999995,14.995,16.0825,87.50805931656998,76.9620967315119,51.23743002770801,48.12141016048409,19.02703306994496,16.0825,13.13796693005504,,,
2020-02-18,2368,14397628,223716344,15.55,15.75,15.35,15.7,0.15,3558,15.549999999999994,15.064999999999998,15.977499999999997,92.1985815602837,86.91185202184123,53.72725531219336,49.33538143252824,18.817477992872455,15.977499999999997,13.137522007127538,,,
2020-02-19,2368,10515163,165429590,15.7,15.85,15.6,15.7,0.0,2898,15.589999999999995,15.194999999999997,15.869999999999996,91.48936170212767,90.39866752632712,53.727255312193364,49.33538143252824,18.578025110666413,15.869999999999996,13.161974889333576,,,
2020-02-20,2368,12615829,199882745,15.85,16.0,15.7,15.85,0.15,3123,15.709999999999994,15.284999999999997,15.742499999999998,93.74468085106382,92.4775413711584,56.734168697059,50.67402601038486,18.18959521678248,15.742499999999998,13.295404783217515,,,
2020-02-21,2368,18127320,290581620,15.95,16.3,15.8,16.1,0.25,4967,15.779999999999996,15.464999999999995,15.642499999999998,92.4535370067285,92.56252651997333,61.587736453388864,52.90732710975543,17.847556688613633,15.642499999999998,13.437443311386364,,,
2020-02-24,2368,16677923,264014781,15.9,16.15,15.6,15.65,-0.45,5607,15.799999999999997,15.589999999999995,15.539999999999997,79.63866784556441,88.61229523445225,49.845270796319404,48.63849633502437,17.53338907391399,15.539999999999997,13.546610926086004,,,
2020-02-25,2368,14791066,231778356,15.45,15.95,15.35,15.95,0.3,4087,15.849999999999998,15.699999999999994,15.437499999999996,70.52755673445328,80.87325386224875,56.322358347209544,51.45083921635947,17.097281612140538,15.437499999999996,13.777718387859455,,,
2020-02-26,2368,22431643,354359389,15.8,16.1,15.45,15.45,-0.5,6317,15.799999999999997,15.694999999999993,15.309999999999997,46.96223316912968,65.70948591638248,45.01792307389084,46.846752813640485,16.483285983893072,15.309999999999997,14.136714016106923,,,
2020-02-27,2368,18510383,282202412,15.8,15.8,14.7,14.8,-0.65,5589,15.589999999999998,15.649999999999995,15.239999999999998,30.654761904761887,49.3815172694483,34.51210954158572,41.631225401347145,16.35830228471547,15.239999999999998,14.121697715284524,-0.6120346793620008,-0.8960080120913391,0.2839733327293382
2020-03-02,2368,18340567,275781427,14.25,15.5,14.25,15.5,0.7,4902,15.469999999999999,15.624999999999995,15.249999999999996,28.757742934572217,35.458246002821284,49.3601228981776,48.3058862063163,16.373832727766917,15.249999999999996,14.126167272233078,-0.5587790698503348,-0.8285622236431383,0.2697831537928035
2020-03-03,2368,72452698,1215002790,16.15,17.05,15.95,17.05,1.55,16558,15.75,15.774999999999995,15.384999999999996,55.74186991869923,38.38479158601113,68.0649961406027,59.38196177623192,16.67964280788182,15.384999999999996,14.090357192118173,-0.38704001316911096,-0.7402577815483328,0.3532177683792218
2020-03-04,2368,79330376,1383501898,16.95,17.85,16.85,17.75,0.7,20370,16.11,15.979999999999995,15.522499999999997,86.06594399277327,56.85518561534826,73.26752429058313,63.21518744948249,17.162461889801104,15.522499999999997,13.88253811019889,-0.19223545294115318,-0.6306533158268969,0.4384178628857437
2020-03-05,2368,70968815,1291111159,17.95,18.55,17.8,18.5,0.75,19800,16.72,16.259999999999998,15.727499999999997,98.68647717484929,80.16476369544063,77.79025777842983,66.82739674260179,17.738090709219573,15.727499999999997,13.716909290780421,0.02240897974959566,-0.5000408567115984,0.522449836461194
2020-03-06,2368,90367886,1750691220,18.3,20.35,18.25,20.1,1.6,24021,17.78,16.684999999999995,15.985,97.32035695627003,94.0242593746309,84.37125204151322,72.9336803053632,18.719977147984967,15.985,13.25002285201503,0.31795764946742366,-0.33644115547579395,0.6543988049432177
2020-03-09,2368,101160416,2013988072,19.75,21.25,18.6,18.65,-1.45,29875,18.410000000000004,16.939999999999998,16.202499999999997,85.86533050124359,93.95738821078767,64.24432141362203,61.826479266428755,19.056177451990727,16.202499999999997,13.348822548009267,0.4302199103635296,-0.18310894230792923,0.6133288526714589
2020-03-10,2368,105569580,2107222827,20.15,20.5,19.25,20.5,1.85,24827,19.1,17.424999999999997,16.5075,82.68149882903982,88.62239542885118,73.61372037318313,68.43206189530184,19.796158541107594,16.5075,13.218841458892406,0.6608502297509204,-0.014317107896159281,0.6751673376470797
2020-03-11,2368,127124131,2796165382,20.9,22.55,20.65,22.1,1.6,32329,19.970000000000006,18.04,16.869999999999997,82.24039013195642,83.59573982074664,79.13138578834167,72.81366047270255,20.869424958665988,16.869999999999997,12.870575041334005,0.9616477708122595,0.18087586784552448,0.780771902966735
2020-03-12,2368,96654753,2013005584,21.35,22.0,19.9,19.9,-2.2,26848,20.250000000000007,18.485,17.089999999999996,83.9787722317843,82.96688706426022,59.254510808584584,60.39974326340914,21.244828516316943,17.089999999999996,12.93517148368305,1.010857835509178,0.3468722613782552,0.6639855741309227
2020-03-13,2368,150321414,3021524958,18.35,21.85,18.3,21.85,1.95,44102,20.600000000000005,19.189999999999998,17.419999999999998,84.01484726785934,83.41133654386674,67.65593105433814,65.94227544004455,21.96768072757976,17.419999999999998,12.872319272420235,1.1934485376448372,0.5161875166315716,0.6772610210132656
2020-03-16,2368,126848081,2670078327,21.4,21.9,19.8,19.8,-2.05,40430,20.830000000000005,19.619999999999997,17.6225,69.74020483849274,79.24460811271217,53.99970745555584,56.9224570620284,22.215154461202165,17.6225,13.029845538797833,1.1593706143876474,0.6448241361827868,0.5145464782048607
2020-03-17,2368,124317141,2559848171,20.1,21.4,19.75,20.05,0.25,39182,20.740000000000002,19.919999999999998,17.8475,62.83891547049444,72.19798919228221,55.28387544053839,57.68264884332227,22.452874577599513,17.8475,13.242125422400488,1.1394022059737523,0.7437397501409799,0.3956624558327724
2020-03-18,2368,126738996,2501663661,20.6,20.9,18.55,19.1,-0.95,37172,20.140000000000004,20.055,18.017500000000002,39.630082959336356,57.40306775610788,49.19530557787512,53.797542062269954,22.543566172737624,18.017500000000002,13.49143382726238,1.0349893252395148,0.8019896651606869,0.23299966007882789
2020-03-19,2368,79039168,1412529333,19.2,19.45,17.2,17.2,-1.9,21151,19.6,19.924999999999997,18.0925,22.378620971032262,41.61587313362106,39.13780503585439,46.981951462441884,22.510901860401543,18.0925,13.67409813959846,0.7898226599891629,0.7995562641263821,-0.009733604137219243
2020-03-20,2368,82948693,1513173774,18.1,18.85,17.65,18.0,0.8,23526,18.830000000000002,19.714999999999996,18.2,11.573570962834202,24.527424964400975,44.692190736876285,49.86218394255508,22.49790646710703,18.2,13.90209353289297,0.6525573506336002,0.7701564814278258,-0.11759913079422557
2020-03-23,2368,34068394,585354893,16.7,17.8,16.25,17.75,-0.25,10708,18.42,19.624999999999996,18.2825,12.920931612520425,15.62437451546233,43.25305415241139,48.9669398291516,22.478125698271995,18.2825,14.086874301728,0.5176337338948152,0.7196519319212237,-0.20201819802640852
2020-03-24,2368,45026557,839747424,18.7,18.95,18.2,18.85,1.1,14310,18.18,19.459999999999997,18.442500000000003,27.993395380636372,17.49596598533037,51.30266731656378,52.968219925322046,22.46484695171861,18.442500000000003,14.420153048281396,0.4937746753798713,0.6744764806129532,-0.18070180523308188
2020-03-25,2368,62705436,1251203554,19.75,20.5,19.55,20.2,1.35,19661,18.400000000000002,19.269999999999996,18.655,46.3128065128835,29.07571116868013,59.523618530054904,57.384353402285335,22.575956515953735,18.655,14.734043484046266,0.5771469266814968,0.655010569826662,-0.07786364314516514
2020-03-26,2368,61706205,1273754666,20.75,21.0,20.2,21.0,0.8,18361,19.160000000000004,19.379999999999995,18.9325,66.39989739643455,46.90203309665151,63.754004011688394,59.79362937018172,22.688997703979094,18.9325,15.176002296020908,0.6997075574542038,0.6639499673521703,0.0357575901020335
2020-03-27,2368,103776635,2341392662,21.7,23.1,21.65,23.1,2.1,26240,20.18,19.504999999999995,19.347500000000004,84.66076696165193,65.79115695699004,72.54251216502772,65.33396009254096,23.019076636814138,19.347500000000004,15.67592336318587,0.9552783358948851,0.7222156410607132,0.23306269483417186
2020-03-30,2368,99038777,2290705995,23.15,23.65,22.5,23.6,0.5,27836,21.35,19.884999999999994,19.752500000000005,94.46504026150046,81.84190153986235,74.27514132295386,66.51700310276553,23.42407663681414,19.752500000000005,16.08092336318587,1.1845115288510293,0.8146748186187764,0.36983671023225284
2020-03-31,2368,114790042,2817824642,23.8,25.9,23.5,24.25,0.65,36283,22.43,20.304999999999993,20.112500000000004,94.07529290948982,91.06703337754743,76.5220958624793,68.04379395662056,24.055452573896794,20.112500000000004,16.169547426103215,1.4024633292713595,0.9322325207492931,0.47023080852206645
2020-04-01,2368,94746762,2338480800,24.7,25.25,23.95,25.15,0.9,28378,23.419999999999998,20.909999999999993,20.4825,91.48461933436029,93.34165083511688,79.4251428154373,70.07828396043189,24.836610127224592,20.4825,16.12838987277541,1.6290356705776432,1.0715931507149632,0.55744251986268
2020-04-06,2368,42114949,1120357049,25.5,27.5,25.35,26.9,1.75,15685,24.6,21.879999999999995,20.9025,89.9320667818077,91.8306596752193,83.9322033460666,73.59806986498356,25.97235946550792,20.9025,15.832640534492079,1.9275862437312519,1.2427917693182209,0.684794474413031
2020-04-07,2368,37475803,1069542820,27.5,29.2,27.5,28.35,1.45,14241,25.65,22.914999999999996,21.315,93.05579107133512,91.49082572916774,86.74005963190179,76.10609309554816,27.313924903680647,21.315,15.316075096319356,2.2551961088090806,1.4452726372163929,0.8099234715926877
2020-04-08,2368,59970671,1636495515,28.45,29.0,26.3,26.5,-1.85,22924,26.23,23.789999999999996,21.707500000000003,86.32003977599832,89.76929920971376,68.83491462304696,67.31941671577552,27.978646226966763,21.707500000000003,15.436353773033243,2.338591916390751,1.6239364930512645,0.7146554233394864
2020-04-09,2368,61952918,1628470683,26.7,27.75,25.1,25.35,-1.15,23221,26.45,24.439999999999994,21.950000000000003,73.83855829451686,84.40479638061682,59.871900659290354,62.48967130098835,28.388478081037437,21.950000000000003,15.511521918962568,2.2855420002066964,1.7562575944823509,0.5292844057243455
2020-04-10,2368,63446199,1679717032,25.8,27.05,25.6,26.4,1.05,22429,26.7,25.059999999999995,22.165,64.05228496519715,74.73696101190416,64.75979658159451,64.9614318002532,28.889960966429463,22.165,15.440039033570537,2.3016932966413357,1.8653447349141479,0.43634856172718783
2020-04-13,2368,58271404,1556504476,26.4,27.35,25.9,26.8,0.4,20074,26.68,25.639999999999997,22.51,61.43841132820078,66.4430848626383,66.56960399552857,65.88373222335554,29.439617594066746,22.51,15.580382405933255,2.3200261551398,1.9562810189592783,0.36374513618052173
2020-04-14,2368,76599739,2136183013,27.1,28.75,27.0,28.75,1.95,27115,26.76,26.204999999999995,22.855,73.06609164009161,66.18559597782989,74.12686498522004,70.02593206321819,30.287624031928395,22.855,15.422375968071607,2.463506016867772,2.057726018540977,0.4057799983267949
2020-04-15,2368,93591007,2623521172,29.05,29.4,27.0,27.8,-0.95,34059,27.020000000000003,26.624999999999993,23.255000000000003,75.64218982345635,70.04889759724962,65.68695502420378,65.8323733975026,30.846304235768653,23.255000000000003,15.663695764231353,2.4720613955222497,2.1405930939372313,0.3314683015850184
2020-04-16,2368,68254228,1917472545,27.3,28.9,27.05,28.6,0.8,27286,27.670000000000005,27.059999999999995,23.6825,81.38093794332214,76.69640646895675,69.13906363273816,67.59240971566032,31.46429124623627,23.6825,15.90070875376373,2.514410351499148,2.2153565454496147,0.29905380604953313
2020-04-17,2368,108519820,3082587263,29.7,29.7,27.3,27.8,-0.8,34692,27.950000000000006,27.324999999999996,24.1175,70.24440094866158,75.75584290514674,61.87638370526389,64.03984674648794,31.798012678200568,24.1175,16.436987321799432,2.455117820124933,2.2633088003846784,0.19180901974025444
2020-04-20,2368,54617179,1523746250,27.85,28.45,27.2,27.7,-0.1,19240,28.130000000000006,27.404999999999994,24.642500000000002,65.5375800471857,72.38763964638986,60.942801365727696,63.589935411162955,31.775821456376367,24.642500000000002,17.509178543623637,2.3727077990183574,2.285188600111414,0.08751919890694326
2020-04-21,2368,62272358,1713531317,27.6,28.2,26.7,27.05,-0.65,21369,27.79000000000001,27.274999999999995,25.095000000000002,52.53623188405794,62.77273762663513,54.685849514378546,60.60926662061929,31.60652055974632,25.095000000000002,18.583479440253686,2.2292502861967556,2.2740009373284824,-0.044750651131726826
2020-04-22,2368,65718111,1815572122,26.85,28.35,26.55,28.35,1.3,22129,27.900000000000013,27.459999999999997,25.625,55.32873806998938,57.80085000041106,63.443405397663014,64.22139682584658,31.33512259062791,25.625,19.91487740937209,2.195153940981008,2.2582315380589875,-0.06307759707797933
2020-04-23,2368,64128780,1815773943,28.4,28.7,27.8,28.5,0.15,21322,27.880000000000013,27.775,26.107499999999998,59.29517590370411,55.72004861925053,64.37035321897852,64.62448925297316,31.021487688222198,26.107499999999998,21.1935123117778,2.155390092837834,2.2376632490147568,-0.08227315617692277
2020-04-24,2368,30677520,874807281,28.5,28.9,28.2,28.65,0.15,10743,28.05000000000001,28.0,26.53,67.38696334331762,60.67029243900375,65.394086135355,65.04855295668538,30.742647623526036,26.53,22.317352376473966,2.1116390426648266,2.2124584077447706,-0.10081936507994405
2020-04-27,2368,92325981,2773053130,29.0,31.5,28.5,31.5,2.85,30861,28.810000000000013,28.47,27.055,78.36257309941517,68.34823744881236,78.8589524174053,71.93291851295918,30.987925120060087,27.055,23.122074879939913,2.2806473191086027,2.226096190017537,0.05455112909106585
2020-04-28,2368,110921482,3566788263,31.95,32.95,31.25,31.25,-0.25,41158,29.650000000000013,28.72,27.4625,80.03472222222219,75.26141955498504,75.83909256387021,70.61890576633463,31.360560415129513,27.4625,23.564439584870485,2.367127908127415,2.2543025336395126,0.11282537448790242
2020-04-29,2368,65953814,2115454398,31.35,32.85,31.2,32.1,0.85,24102,30.400000000000013,29.15,27.8875,86.71874999999996,81.70534844054582,79.02519301948665,72.46088797087599,31.861147568670255,27.8875,23.913852431329744,2.4757138065538093,2.2985847882223718,0.17712901833143757
2020-04-30,2368,63422149,2089846867,32.75,33.65,32.2,33.05,0.95,22885,31.310000000000013,29.595,28.327499999999997,83.90184859154925,83.55177360459051,82.1026163393777,74.39313744348138,32.534574399151964,28.327499999999997,24.12042560084803,2.6083584414285745,2.3605395188636122,0.2478189225649623
2020-05-04,2368,57196042,1898289578,32.1,34.2,31.55,34.05,1.0,21519,32.39000000000001,30.22,28.772499999999997,92.10242048697408,87.57433969284115,84.83507030001438,76.27979379853512,33.40256209461593,28.772499999999997,24.142437905384064,2.762329497909615,2.440897514672813,0.3214319832368022
2020-05-05,2368,67734356,2297301482,34.4,34.9,33.0,33.0,-1.05,25056,32.69000000000001,30.75,29.077499999999997,88.94467348098605,88.31631418650319,71.46865364703828,70.41346836454825,33.97019608702599,29.077499999999997,24.184803912974004,2.7677218698202957,2.5062623857023096,0.26145948411798603
2020-05-06,2368,62669622,2048531716,33.4,34.0,31.4,32.15,-0.85,23096,32.87000000000001,31.259999999999998,29.267499999999995,78.85077676737103,86.63262357844378,62.21132952606128,65.98917754026584,34.32479918039266,29.267499999999995,24.210200819607326,2.672599404852079,2.5395297895322635,0.13306961531981543
2020-05-07,2368,38434121,1265180829,32.7,33.5,32.15,33.5,1.35,15318,33.15000000000001,31.774999999999995,29.617499999999996,72.53919740925967,80.11154921920564,69.52554090491554,69.28962329952051,34.826844968419735,29.617499999999996,24.408155031580257,2.675308591502599,2.566685549926331,0.10862304157626834
2020-05-08,2368,32549272,1086865565,34.0,34.0,32.9,33.2,-0.3,11645,33.18000000000001,32.24499999999999,30.009999999999998,71.26986108191437,74.21994508618174,66.20338240096972,67.71699773837543,35.05436319073077,30.009999999999998,24.965636809269224,2.623011702507963,2.577950780442657,0.045060922065305764
2020-05-11,2368,57759179,1962271744,33.9,34.8,33.25,33.25,0.05,20634,33.02,32.705,30.3525,69.31579433911524,71.04161761009648,66.51450264162773,67.84797589738241,35.29916301662038,30.3525,25.405836983379615,2.5561350891644956,2.5735876421870247,-0.017452553022529127
2020-05-12,2368,49472659,1679018601,33.2,34.5,32.7,34.5,1.25,16365,33.32000000000001,33.004999999999995,30.7375,72.67736486486488,71.08767342863156,73.60225655295467,71.01415595093384,35.71674442059222,30.7375,25.758255579407784,2.5743242372382547,2.5737349611972706,0.0005892760409840214
2020-05-13,2368,87764602,3008705867,34.5,35.3,33.6,33.6,-0.9,30277,33.61,33.239999999999995,30.98,67.00161700161702,69.66492540186579,62.4913158031528,65.97644354397843,36.02047616798244,30.98,25.93952383201756,2.48744309413663,2.5564765877851423,-0.06903349364851241
2020-05-14,2368,51710107,1731483051,33.25,34.4,32.25,32.55,-1.05,19021,33.42,33.285,31.2175,58.36220836220836,66.01373007623015,51.83969455295836,60.57724346572243,36.08075765305503,31.2175,26.354242346944968,2.307266208867418,2.5066345120015976,-0.19936830313417975
2020-05-15,2368,55141242,1849319322,33.8,34.2,32.5,34.1,1.55,20665,33.60000000000001,33.39,31.4925,51.709401709401725,59.024409024409096,62.768948885490204,65.11560230413352,36.35462659234612,31.4925,26.63037340765388,2.263455074153736,2.457998624432025,-0.19454355027828907
2020-05-18,2368,51164687,1685609519,34.1,34.25,32.1,32.3,-1.8,20360,33.410000000000004,33.214999999999996,31.7175,40.598290598290575,50.22330022330028,48.00830586789979,56.920637552973034,36.282724528979806,31.7175,27.152275471020197,2.05974600764981,2.378348101075582,-0.31860209342577184
2020-05-19,2368,39194697,1296011889,32.95,33.55,32.4,33.5,1.2,14057,33.21,33.265,32.0075,45.35256410256409,45.88675213675219,56.04729684935595,60.49054148966917,36.23978956948822,32.0075,27.77521043051178,1.972398493919954,2.2971581796444562,-0.3247596857245023
2020-05-20,2368,30696285,1015199757,33.5,33.75,32.5,32.7,-0.8,11455,33.03000000000001,33.32,32.290000000000006,28.525641025641004,38.15883190883195,50.030591539683975,57.09374729057204,35.86401734746738,32.290000000000006,28.715982652532634,1.8176686926339478,2.2012602822423544,-0.38359158960840656
2020-05-21,2368,49379190,1661759958,32.9,34.2,32.9,33.65,0.95,15936,33.25000000000001,33.334999999999994,32.555,36.97916666666664,36.95245726495731,56.500118812732914,59.96850887052785,35.67876375547171,32.555,29.431236244528293,1.751510942992386,2.111310414392361,-0.3597994713999748
2020-05-22,2368,61150536,2074603812,33.8,34.65,33.35,33.35,-0.3,21209,33.10000000000001,33.35,32.7975,35.41666666666666,33.6404914529915,53.92779610869714,58.632522109521524,35.31949821570091,32.7975,30.275501784299088,1.6557860856607647,2.0202055486460417,-0.36441946298527705
2020-05-25,2368,48457369,1582522268,33.6,33.75,31.85,33.15,-0.2,17185,33.27000000000001,33.339999999999996,33.0225,41.72705314009658,38.04096215781002,52.083495359068756,57.70948423493601,34.678541968066966,33.0225,31.366458031933035,1.5459642050087972,1.9253572799185927,-0.37939307490979557
2020-05-26,2368,92024485,3281727433,34.3,36.45,33.75,36.45,3.3,26650,33.860000000000014,33.535,33.27,58.91455314009659,45.35275764895334,71.10572991396259,66.95373893296838,35.36365708749041,33.27,31.1763429125096,1.7055514585719713,1.8813961156492685,-0.17584465707729713
2020-05-27,2368,139864442,5345588417,37.8,39.55,36.6,36.9,0.45,53793,34.70000000000002,33.864999999999995,33.5525,67.7551916682351,56.132265982809486,72.822199349931,67.98154814864158,35.97808755768569,33.5525,31.12691244231431,1.8470451591291948,1.8745259243452537,-0.02748076521605891
2020-05-28,2368,53547863,1994393581,37.8,38.25,36.2,37.0,0.1,20790,35.37000000000002,34.30999999999999,33.7975,77.48917748917745,68.05297409916977,73.23442517633953,68.2181085711651,36.55403314872137,33.7975,31.040966851278625,1.9448303073249775,1.8885868009411984,0.056243506383779174
2020-05-29,2368,63323782,2360334663,37.0,38.1,36.45,37.25,0.25,21972,36.15000000000002,34.624999999999986,34.00750000000001,67.53246753246749,70.92561222996007,74.36834997036053,68.83796661109682,37.1210630714662,34.00750000000001,30.89393692853381,2.0192223145173998,1.9147139036564387,0.10450841086096108
2020-06-01,2368,43971585,1650888850,37.35,38.0,37.1,37.8,0.55,14711,37.08000000000002,35.17499999999999,34.19500000000001,71.42857142857139,72.15007215007216,76.88211795445223,70.21431220278063,37.72060633083138,34.19500000000001,30.66939366916863,2.0983702140041487,1.9514451657259806,0.1469250482781681
2020-06-02,2368,49572792,1830448262,38.25,38.25,36.0,36.1,-1.7,19483,37.01000000000002,35.43499999999999,34.35000000000001,67.53246753246749,68.83116883116884,56.7958841982234,61.21461775399138,37.92407330646668,34.35000000000001,30.775926693533336,2.0008550900806057,1.9613271505969057,0.039527939483700036
2020-06-03,2368,53625716,1890758693,36.25,36.5,34.6,35.25,-0.85,21995,36.68000000000002,35.68999999999999,34.50500000000001,58.87445887445884,65.94516594516595,49.28479495999388,57.26252353422174,37.95056236338809,34.50500000000001,31.05943763661193,1.8338463167492804,1.9358309838273806,-0.10198466707810017
2020-06-04,2368,31243863,1107387755,35.55,35.95,35.0,35.0,-0.25,12215,36.280000000000015,35.824999999999996,34.580000000000005,46.75324675324672,57.72005772005773,47.14538922848854,56.11501222064783,37.999999999999716,34.580000000000005,31.1600000000003,1.662157433748959,1.8810962738116963,-0.21893884006273723
2020-06-05,2368,25500186,896184810,35.25,35.6,34.85,35.0,0.0,11003,35.83000000000002,35.989999999999995,34.67,35.53888640095533,47.05553067622034,47.14538922848854,56.11501222064783,38.034282984530165,34.67,31.305717015469835,1.5087013865692285,1.8066172963632028,-0.2979159097939743
2020-06-08,2368,31767550,1099128545,35.2,35.4,33.9,33.95,-1.05,13158,35.06000000000002,36.06999999999999,34.705000000000005,21.115256933078097,34.46913002909343,37.7720622486445,51.12461411130447,38.023719632629145,34.705000000000005,31.386280367370865,1.2875184278207925,1.7027975226547207,-0.4152790948339282
2020-06-09,2368,54507136,1873620024,34.15,35.35,33.25,33.9,-0.05,22235,34.62000000000002,35.81499999999999,34.675000000000004,11.812226630047782,22.82212332136045,37.35941203977394,50.89251395970719,38.011390264941696,34.675000000000004,31.338609735058313,1.0955657572592443,1.5813511695756255,-0.48578541231638117
2020-06-10,2368,40029853,1331462199,33.9,33.9,32.95,33.1,-0.8,15964,34.19000000000001,35.434999999999995,34.650000000000006,5.571714810485852,12.833066124537291,31.031252132993618,47.20023734509925,38.02549996296822,34.650000000000006,31.274500037031792,0.8688727446282982,1.43885548458616,-0.5699827399578619
2020-06-11,2368,45661404,1525985670,33.1,34.0,32.9,33.75,0.65,17089,33.94000000000001,35.11,34.71000000000001,10.572679715511612,9.318873718681797,40.57306515411049,50.351977011353085,37.97490428649879,34.71000000000001,31.445095713501225,0.73321442710116,1.29772727308916,-0.564512845988
2020-06-12,2368,39325572,1285425408,32.5,33.3,32.3,32.45,-1.3,14771,33.43000000000002,34.629999999999995,34.62750000000001,7.079682516632101,7.741359014209903,30.671732464432143,44.615809522871935,38.030362765377994,34.62750000000001,31.224637234622026,0.514869996820913,1.1411558178355106,-0.6262858210145976
2020-06-15,2368,39517359,1250337513,32.45,32.65,31.05,31.15,-1.3,15766,32.87000000000002,33.96499999999999,34.57000000000001,6.747907085324036,8.133423105822631,23.874441687134084,39.74028888065202,38.16185189004183,34.57000000000001,30.978148109958184,0.23423125518458932,0.9597709053053263,-0.725539650120737
2020-06-16,2368,68383710,2284628800,32.0,34.25,31.85,34.25,3.1,21617,32.94000000000002,33.77999999999999,34.60750000000001,23.220664412553973,12.349418004836751,52.90839462403567,52.945287765345505,38.16942012824484,34.60750000000001,31.045579871755177,0.2589817424474745,0.8196130727337559,-0.5606313302862814
2020-06-17,2368,82958420,2811855645,35.0,35.1,33.15,33.2,-1.05,29951,32.96000000000002,33.57499999999999,34.63250000000001,38.131244029015924,22.699938508964692,45.978801725747104,49.02647694970208,38.14722260640819,34.63250000000001,31.117777393591822,0.1916611071981933,0.6940226796266434,-0.5023615724284501
2020-06-18,2368,42038553,1390329667,33.15,33.75,32.4,33.15,-0.05,17650,32.840000000000025,33.389999999999986,34.60750000000001,53.6115772568974,38.32116189948915,45.646662885472665,48.84109061133532,38.156764008213045,34.60750000000001,31.058235991786976,0.1327442436017634,0.5817669924216674,-0.449022748819904
2020-06-19,2368,25225449,839287645,33.3,33.6,32.9,33.3,0.15,10007,33.010000000000026,33.219999999999985,34.605000000000004,49.28473023902046,47.00918384164464,46.98699517946181,49.458539153259416,38.15787207762925,34.605000000000004,31.052127922370754,0.09703736478859071,0.48482106689505206,-0.38778370210646135
2020-06-22,2368,33143187,1077248615,33.3,33.5,32.05,32.05,-1.25,13115,33.19000000000002,33.02999999999999,34.550000000000004,41.76426716300178,48.22019155297326,37.900494083079934,44.6250409970599,38.2232819113155,34.550000000000004,30.876718088684502,-0.03175904869510049,0.38150504377702155,-0.41326409247212204
2020-06-23,2368,31463336,997710539,32.15,32.45,31.3,31.65,-0.4,13310,32.67000000000002,32.80499999999999,34.31,30.61058474495154,40.55319404899131,35.348461061730205,43.17109589837784,38.081286252725754,34.31,30.53871374727425,-0.1642148250860842,0.2723610700044004,-0.4365758950904846
2020-06-24,2368,29198775,927744800,31.65,32.15,31.35,32.0,0.35,10860,32.43000000000002,32.694999999999986,34.065000000000005,20.98765432098755,31.120835409647004,39.50664710934297,44.8638676925497,37.76744513801314,34.065000000000005,30.36255486198687,-0.23819909633160563,0.1702490367371992,-0.40844813306880484
2020-06-29,2368,22075853,709273574,31.65,32.45,31.45,32.1,0.1,8687,32.22000000000001,32.52999999999999,33.82000000000001,21.39917695473244,24.332472006890555,40.77634100256364,45.364616321824094,37.35799378179174,33.82000000000001,30.28200621820827,-0.2854722536170513,0.0791047786663491,-0.36457703228340044
2020-06-30,2368,70514471,2385502815,32.85,34.7,32.6,33.6,1.5,28380,32.280000000000015,32.644999999999996,33.6375,36.636343946285415,26.34105840733518,56.685915448472656,52.3546593627824,36.80623397431812,33.6375,30.468766025681887,-0.19959826284505766,0.023364170364067738,-0.2229624332091254
2020-07-01,2368,39722104,1343686377,34.1,34.3,33.4,33.4,-0.2,16795,32.55000000000002,32.86999999999999,33.417500000000004,47.23846653671209,35.09132914591003,54.412154636135526,51.41021005857274,35.94599263396152,33.417500000000004,30.88900736603849,-0.14599786252118463,-0.01050823621298274,-0.13548962630820188
2020-07-02,2368,20309271,677221688,33.85,33.85,33.1,33.2,-0.2,8236,32.860000000000014,32.76499999999999,33.27250000000001,57.22394220846227,47.03291756381997,51.97967099342986,50.43049180519943,35.481453372073986,33.27250000000001,31.06354662792603,-0.11829386953215248,-0.03206536287681669,-0.0862285066553358
2020-07-03,2368,69771458,2405941445,33.85,35.15,33.6,34.5,1.3,28163,33.360000000000014,32.894999999999996,33.23500000000001,64.75413131759875,56.40551335425774,64.13747243352826,56.26470057093139,35.33097232806102,33.23500000000001,31.139027671938994,0.008463320069303393,-0.02395962628759267,0.03242294635689606
2020-07-06,2368,60550707,2148746083,35.25,36.15,35.0,35.15,0.65,22575,33.97000000000001,33.09499999999999,33.24250000000001,72.79355978567618,64.92387777057911,68.75238598765489,58.87125896575053,35.364592128065446,33.24250000000001,31.120407871934567,0.15952991226338753,0.012738281422603373,0.14679163084078417
2020-07-07,2368,39160599,1339340425,35.5,35.7,33.65,33.7,-1.45,16284,33.99000000000002,33.13499999999999,33.17750000000001,70.66095416610877,69.40288175646128,51.50350588942061,51.49791744243133,35.15499209859281,33.17750000000001,31.20000790140721,0.16039940857199042,0.04227050685248079,0.11812890171950963
2020-07-08,2368,23778246,806408352,33.3,34.4,33.25,34.2,0.5,9903,34.15000000000002,33.34999999999999,33.19000000000001,62.74699312714774,68.7338356929776,55.94953607643165,53.65349997314644,35.18989999749878,33.19000000000001,31.19010000250125,0.19913876427164467,0.07364415833631356,0.12549460593533113
2020-07-09,2368,22044354,751042438,34.6,34.7,33.65,33.65,-0.55,8261,34.24000000000002,33.54999999999999,33.17750000000001,51.889348906924006,61.76576540006022,50.05986292668817,50.970031253451076,35.16256297129253,33.17750000000001,31.192437028707488,0.18334607982810525,0.09558454263467189,0.08776153719343335
2020-07-10,2368,48849565,1640310339,33.65,34.6,32.1,33.9,0.25,17050,34.120000000000026,33.73999999999999,33.21750000000001,50.20931836091404,54.948553464995314,52.70030793181899,52.141733982975055,35.22679714079229,33.21750000000001,31.208202859207724,0.18882649993840062,0.11423293409541764,0.07459356584298298
2020-07-13,2368,107713832,3880463091,35.5,36.85,34.75,36.5,2.6,39504,34.39000000000003,34.179999999999986,33.355000000000004,61.294844676703484,54.4645039815139,71.18536117139162,62.246588214250984,35.816686413822154,33.355000000000004,30.893313586177854,0.39837581484033535,0.1710615102444012,0.22731430459593416
2020-07-14,2368,47528397,1706408585,36.2,36.4,35.55,35.65,-0.85,18257,34.78000000000002,34.38499999999998,33.515,70.60428849902523,60.70281717888097,61.95106986862828,57.939552331246944,36.131696390489,33.515,30.898303609511004,0.4902064653778524,0.23489050127109146,0.25531596410676094
2020-07-15,2368,120560652,4483856984,36.15,38.3,36.05,36.55,0.9,45369,35.25000000000002,34.69999999999998,33.785000000000004,79.71420486700612,70.53777934757834,67.20611156128459,61.015396481292385,36.48298072639483,33.785000000000004,31.087019273605183,0.6283620295838546,0.3135848069336441,0.31477722265021046
2020-07-16,2368,94867996,3600275194,37.6,38.8,37.1,38.8,2.25,36624,36.280000000000015,35.259999999999984,34.0125,82.17034521788332,77.49627952797161,76.62302884342668,67.42831045851977,37.485089091729385,34.0125,30.53991090827062,0.9089299271289093,0.43265383097269716,0.47627609615621214
2020-07-17,2368,136942718,5366939592,39.5,40.15,38.0,38.1,-0.7,51435,37.12000000000002,35.61999999999999,34.2575,82.10278501302338,81.32911169930433,69.39068105541281,63.90618062906351,38.13413191443278,34.2575,30.380868085567222,1.062549448827987,0.5586329545437552,0.5039164942842318
2020-07-20,2368,118327885,4734992616,39.0,41.9,38.2,41.9,3.8,45432,38.20000000000002,36.29499999999999,34.695,91.51138716356103,85.26150579815597,80.84277551543333,72.3498439690759,39.764408249490124,34.695,29.625591750509876,1.4739317014545819,0.7416927039259205,0.7322389975286614
2020-07-21,2368,82736818,3484789057,41.9,42.85,41.0,41.8,-0.1,34820,39.43000000000002,37.10499999999999,35.12,88.25557321007263,87.28991512888574,79.92470614955813,71.87333949858882,41.009261413793666,35.12,29.23073858620633,1.7714655836953028,0.9476472798797969,0.8238183038155059
2020-07-22,2368,78096928,3336756616,41.65,43.8,41.55,42.3,0.5,32469,40.58000000000002,37.91499999999999,35.6325,92.47068177300726,90.74588071554702,81.17196359205062,72.83665236313716,42.11773515379346,35.6325,29.14726484620654,2.024274573101053,1.162972738524048,0.8613018345770049
2020-07-23,2368,60815337,2641540791,42.6,43.95,42.6,43.75,1.45,24759,41.570000000000014,38.925,36.2375,91.74604409184782,90.82409969164262,84.44224987427813,75.46136777786899,43.350929201165926,36.2375,29.124070798834072,2.3149451537112427,1.393367221561487,0.9215779321497557
2020-07-24,2368,69587199,2964280107,44.0,44.25,41.5,41.55,-2.2,27306,42.26000000000001,39.69,36.714999999999996,84.65703045912932,89.62458544132818,64.58518273831517,65.17178207815265,43.90819817605495,36.714999999999996,29.521801823945037,2.3407987977367597,1.5828535367965415,0.7579452609402182
2020-07-27,2368,54191990,2326807800,42.5,43.95,41.9,42.15,0.6,22552,42.31000000000002,40.254999999999995,37.217499999999994,80.39394936677992,85.59900797258574,67.05053527674697,66.51289121645002,44.45492184759195,37.217499999999994,29.98007815240804,2.382241979833829,1.742731225403999,0.6395107544298297
2020-07-28,2368,51750983,2191163259,42.7,43.2,41.15,42.5,0.35,20676,42.45000000000001,40.94,37.662499999999994,72.9600788894312,79.3370195717802,68.54093715865933,67.30380929697971,45.04842411279732,37.662499999999994,30.276575887202664,2.415483880567045,1.8772817564366082,0.5382021241304369
2020-07-29,2368,56844873,2355835266,43.15,43.3,40.55,40.55,-1.95,22829,42.10000000000001,41.339999999999996,38.019999999999996,63.57157314230475,72.30853379950534,52.96768334647551,58.94992664906138,45.2362594188403,38.019999999999996,30.803740581159698,2.258445667402846,1.9535145386298558,0.3049311287729901
2020-07-30,2368,41959561,1714733604,40.5,41.5,40.1,40.8,0.25,17244,41.51000000000001,41.54,38.39999999999999,53.09989404534847,63.210515359028186,54.513520825351435,59.641555693225726,45.35672336664341,38.39999999999999,31.44327663335658,2.1296157776884144,1.9887347864415674,0.14088099124684694
2020-07-31,2368,31569101,1277822188,40.85,41.2,40.0,40.3,-0.5,12635,41.26000000000001,41.76,38.68999999999998,30.278010046993867,48.98315907821574,50.630610084332,57.553019165160975,45.45310579541709,38.68999999999998,31.92689420458288,1.964525513351596,1.9838929318235732,-0.019367418471977205
2020-08-03,2368,32897640,1343844865,40.1,41.5,39.75,41.2,0.9,14245,41.070000000000014,41.69,38.99249999999999,27.41875078773464,36.932218293359035,57.05439761991258,60.251219022287636,45.63533636709512,38.99249999999999,32.349663632904864,1.884588405813048,1.9640320266214681,-0.07944362080842016
2020-08-04,2368,33340916,1355878375,41.3,41.55,40.25,40.35,-0.85,14164,40.640000000000015,41.545,39.32499999999999,17.538126361655706,25.078295732128115,49.90022928101787,56.59235574021224,45.52592735000199,39.32499999999999,33.124072649997984,1.7326765590997937,1.9177609331171332,-0.18508437401733957
2020-08-05,2368,67830560,2852877284,40.5,43.15,40.3,42.7,2.35,30786,41.070000000000014,41.584999999999994,39.749999999999986,37.03703703703702,27.33130472880917,64.32785769714694,63.23898503444107,45.64525232708527,39.749999999999986,33.854747672914705,1.7813760916281538,1.8904839648193374,-0.10910787319118365
2020-08-06,2368,39038912,1634708371,42.7,42.8,41.35,41.4,-1.3,17190,41.19000000000001,41.349999999999994,40.13749999999999,39.39153439153433,31.322232596742396,54.24583073847214,57.952493507439314,45.35821594707118,40.13749999999999,34.9167840529288,1.6955267100862343,1.8514925138727167,-0.1559658037864824
2020-08-07,2368,36904076,1558887936,41.6,42.7,41.35,42.1,0.7,16238,41.55000000000002,41.404999999999994,40.54749999999999,57.01281764662042,44.48046302506396,58.3469040259316,59.89652811963823,44.9715790001992,40.54749999999999,36.123420999800786,1.6647840127518378,1.814150813648541,-0.14936680089670307
2020-08-10,2368,90083652,3988093499,42.85,45.95,42.75,43.6,1.5,38194,42.030000000000015,41.55,40.90249999999999,55.859890525951336,50.754747521368735,65.97197094518486,63.76283130166402,45.10434185804321,40.90249999999999,36.700658141956765,1.7413840759485169,1.799597466108536,-0.05821339016001925
2020-08-11,2368,46416161,2038044843,43.6,44.6,43.15,43.85,0.25,20502,42.73000000000001,41.685,41.31249999999999,64.80766318340143,59.2267904519911,67.14157445154821,64.37921459431,44.94607606222899,41.31249999999999,37.678923937770996,1.801496557644505,1.7999772844157298,0.0015192732287752087
2020-08-12,2368,111962140,5208835852,44.0,48.2,44.0,48.2,4.35,44271,43.830000000000005,42.45,41.894999999999996,76.07526881720422,65.58094084218571,80.64586311796154,72.98868232981755,45.99340212765939,41.894999999999996,37.796597872340605,2.175071903045705,1.8749962081417249,0.30007569490398
2020-08-13,2368,202510741,10238934020,49.55,52.5,47.6,52.2,4.0,85219,45.99000000000001,43.589999999999996,42.565000000000005,87.92536369386455,76.26943189815678,86.56804475220619,78.20520421381791,48.42367732513056,42.565000000000005,36.70632267486945,2.7620603143652076,2.0524090293864212,0.7096512849787864
2020-08-14,2368,123761636,6470239582,51.1,54.6,49.65,53.1,0.9,55639,48.19000000000001,44.87,43.315000000000005,95.73136571701843,86.57733274269579,87.56671712807328,79.17950599036021,50.406128260016104,43.315000000000005,36.223871739983906,3.2622699207908568,2.2943812076673082,0.9678887131235485
2020-08-17,2368,67740684,3633016886,52.9,54.8,52.1,53.1,0.0,29906,50.09000000000001,46.06,43.87500000000001,91.82331974000697,91.82668305029671,87.56671712807326,79.17950599036021,52.10776988625321,43.87500000000001,35.642230113746805,3.616995168893112,2.558903999912469,1.058091168980643
2020-08-18,2368,80124887,4387643009,53.8,56.5,53.1,56.2,3.1,36368,52.56000000000002,47.644999999999996,44.59500000000001,91.94756745889647,93.16741763864069,90.78043086903598,82.33423272560697,54.35332465129116,44.59500000000001,34.836675348708866,4.100987939698086,2.8673207878695925,1.2336671518284938
2020-08-19,2368,81333702,4612425308,56.0,57.8,55.1,56.6,0.4,35988,54.24000000000002,49.035000000000004,45.31000000000002,93.00027707413854,92.2570547576807,91.12573276660255,82.69851421010569,56.3077543162227,45.31000000000002,34.312245683777334,4.46535848161426,3.186928326618526,1.2784301549957338
2020-08-20,2368,126271051,6857397636,56.4,58.4,51.0,52.2,-4.4,52723,54.24000000000002,50.115,45.732500000000016,83.70278524497326,89.55020992600281,61.54446349393298,66.4631245690797,57.101065212901496,45.732500000000016,34.363934787098536,4.348949550276622,3.4193325713501452,0.9296169789264765
2020-08-21,2368,66865340,3786231990,55.3,57.4,54.6,57.4,5.2,25051,55.10000000000002,51.645,46.52500000000002,82.17705890184713,86.2933737403197,73.43465195123379,73.16753917426175,58.79119337855042,46.52500000000002,34.25880662144962,4.623000107772469,3.66006607863461,0.9629340291378594
2020-08-24,2368,160446262,9293684055,58.7,60.7,54.8,55.2,-2.2,68682,55.520000000000024,52.80500000000001,47.17750000000002,73.63062593192072,79.83682335958044,63.711368936175106,67.05948990016192,59.82579929279005,47.17750000000002,34.529200707209995,4.609529745608,3.8499588120292882,0.7595709335787122
2020-08-25,2368,72457804,3962951016,55.7,56.4,53.4,54.0,-1.2,31600,55.08000000000003,53.82000000000001,47.75250000000002,69.78781768211785,75.19850083862862,58.76027611060392,63.924785378689734,60.542749215711,47.75250000000002,34.96225078428904,4.4507192938197875,3.970110908387388,0.4806083854323995
2020-08-26,2368,64454405,3535631510,54.6,56.2,53.8,53.9,-0.1,29355,54.540000000000035,54.39000000000001,48.42000000000002,51.460789519024104,64.95974437768761,58.31965568365487,63.65773635577919,61.0291791961251,48.42000000000002,35.81082080387495,4.267597494910845,4.02960822569208,0.2379892692187653
2020-08-27,2368,59432546,3250322330,53.9,55.8,53.3,55.1,1.2,26862,55.12000000000004,54.68000000000001,49.135000000000026,43.194847176904226,54.814484792682116,62.27956736628231,65.51924237096006,61.55506843781436,49.135000000000026,36.71493156218569,4.171218906080071,4.057930361769678,0.11328854431039304
2020-08-28,2368,68387708,3621624971,55.4,55.6,51.7,51.8,-3.3,30664,54.000000000000036,54.55,49.71000000000002,29.659000793021317,41.4382124963166,47.73064083500762,56.88942869774804,61.48898976992481,49.71000000000002,37.93101023007524,3.7849254942487818,4.003329388265499,-0.218403894016717
2020-08-31,2368,31244552,1625707952,52.3,53.0,51.3,51.4,-0.4,13883,53.24000000000003,54.379999999999995,50.22000000000002,18.21305841924389,30.355635463056533,46.204269119845506,55.927835682482765,61.34615836665985,50.22000000000002,39.09384163334019,3.407232074788382,3.8841099255700753,-0.4768778507816931
2020-09-01,2368,51624258,2715686379,51.6,54.1,50.7,53.1,1.7,25518,53.06000000000004,54.06999999999999,50.85750000000002,12.123711340206086,19.998590184157155,53.56680364832152,59.092558369647776,61.07225770637727,50.85750000000002,40.642742293622774,3.208102107122393,3.748908361880539,-0.540806254758146
2020-09-02,2368,45176851,2427948967,53.1,54.6,52.4,53.8,0.7,20852,53.040000000000035,53.789999999999985,51.41250000000002,19.70790378006862,16.681557846506255,56.43131094636074,60.354949851411135,60.979729222716145,51.41250000000002,41.8452707772839,3.0713694873598953,3.61340058697641,-0.5420310996165147
2020-09-03,2368,36246647,1980952157,54.6,55.6,53.8,53.9,0.1,16793,52.80000000000003,53.959999999999994,52.03750000000002,28.999999999999883,20.277205040091587,56.874717446844784,60.542281154152555,60.47295345550515,52.03750000000002,43.6020465444949,2.937218637262667,3.4781641970336614,-0.5409455597709942
2020-09-04,2368,31728300,1705910429,52.1,54.8,51.7,54.8,0.9,15029,53.400000000000034,53.69999999999999,52.67250000000003,44.97660818713437,31.228170655734345,61.0381924283689,62.27023704155572,59.83626123275975,52.67250000000003,45.5087387672403,2.8704369896108446,3.356618755549098,-0.48618176593825346
2020-09-07,2368,41435436,2206273579,55.1,55.6,50.8,51.8,-3.0,19020,53.48000000000003,53.35999999999999,53.082500000000024,41.30994152046769,38.42884990253403,44.37696095598429,53.81093310774331,58.942301617801824,53.082500000000024,47.222698382198224,2.5460874139336553,3.1945124872260093,-0.648425073292354
2020-09-08,2368,30178027,1551796950,52.5,52.9,50.3,50.6,-1.2,14627,52.98000000000003,53.019999999999996,53.42000000000003,32.46145667198288,39.58266879319503,39.362800740228046,50.836045617151605,57.670458798764066,53.42000000000003,49.169541201235994,2.1672256390990086,2.9890551176006093,-0.8218294785016007
2020-09-09,2368,36180127,1842676501,50.6,51.8,49.6,50.7,0.1,15594,52.36000000000003,52.7,53.54500000000003,14.595959595959513,29.455785929470082,40.02167197592193,51.07876300505699,57.291184725823015,53.54500000000003,49.798815274177045,1.85367609312771,2.7619793127060293,-0.9083032195783192
2020-09-10,2368,30569893,1536025890,51.2,51.6,49.55,49.7,-1.0,13878,51.520000000000024,52.160000000000004,53.42000000000003,8.755739210284647,18.604385159409066,35.519012653892155,48.50017436003591,57.49018427101168,53.42000000000003,49.34981572898838,1.5071210232854995,2.511007654821923,-1.0038866315364237
2020-09-11,2368,22999634,1138278635,49.5,50.4,48.85,48.85,-0.85,10817,50.33000000000003,51.864999999999995,53.207500000000024,6.9375573921028035,10.096418732782375,31.953972445339506,46.35792843946459,57.73985865747526,53.207500000000024,48.67514134252479,1.1506220822605684,2.238930540309652,-1.0883084580490836
2020-09-14,2368,19168260,955652040,49.3,50.4,49.3,49.6,0.75,9274,49.89000000000003,51.685,53.03250000000003,4.530149984695388,6.741148862361,38.326228016244755,48.518669897005715,57.83044487254597,53.03250000000003,48.23455512745409,0.9180303525998852,1.9747505027676986,-1.0567201501678134
2020-09-15,2368,28008519,1393269493,49.5,50.7,49.1,49.15,-0.45,13599,49.60000000000003,51.29,52.68000000000003,5.185185185185089,5.550964187327814,35.96841302045431,47.287882433777945,57.53091743899966,52.68000000000003,47.8290825610004,0.6894410447164461,1.717688611157448,-1.028247566441002
2020-09-16,2368,22068822,1096818957,49.5,50.5,49.25,49.25,0.1,10330,49.310000000000024,50.834999999999994,52.31250000000002,7.160493827160391,5.62527633234701,36.973653696836706,47.605956501768375,57.03170279284468,52.31250000000002,47.59329720715536,0.5104671876030267,1.476244326446564,-0.9657771388435372
2020-09-17,2368,29669637,1441065672,49.25,49.6,48.0,48.5,-0.75,13928,49.07000000000003,50.295,52.12750000000002,5.6497725795970375,5.998483863980893,32.50809898625648,45.39358415362463,57.131346020811804,52.12750000000002,47.123653979188234,0.30459915496312817,1.2419152921498768,-0.9373161371867487
2020-09-18,2368,19147228,936129503,48.6,49.4,48.25,49.4,0.9,9218,49.18000000000003,49.754999999999995,51.72750000000002,13.692100621925086,8.834122342894226,42.26958161928486,48.48727814362825,56.235989214802956,51.72750000000002,47.219010785197085,0.2116301931516702,1.0358582723502354,-0.8242280791985652
2020-09-21,2368,15025431,732923734,49.15,49.55,48.2,48.2,-1.2,7397,48.900000000000034,49.394999999999996,51.37750000000002,13.471177944862092,10.93768371546146,34.5062605379862,44.83958197743601,55.83995168041001,51.37750000000002,46.91504831959003,0.04065302713811292,0.8368172233078109,-0.796164196169698
2020-09-22,2368,19884690,946427696,48.1,48.5,47.0,47.3,-0.9,9464,48.53000000000003,49.06499999999999,51.04250000000002,13.45210853219998,13.538462366329108,29.72872490906267,42.27107867566801,55.67005605044344,51.04250000000002,46.414943949556594,-0.1655615961162482,0.6363414594229991,-0.8019030555392473
2020-09-23,2368,17902594,837627826,47.75,47.95,46.1,46.3,-1.0,8395,47.94000000000003,48.62499999999999,50.662500000000016,5.377574370709272,10.766953615923839,25.20499265166423,39.55956233942237,55.53095714780313,50.662500000000016,45.7940428521969,-0.4050110975706218,0.4280709480242749,-0.8330820455948967
2020-09-24,2368,33909803,1590134341,45.85,47.7,45.6,47.0,0.7,15200,47.64000000000003,48.355,50.257500000000014,12.773515203182574,10.534399368697335,33.47236545805171,42.347418586832866,54.9255054627213,50.257500000000014,45.58949453727873,-0.5321580164015884,0.23602515513910224,-0.7681831715406907
2020-09-25,2368,59360863,2668521622,47.9,48.2,42.65,43.95,-3.05,27687,46.55000000000003,47.864999999999995,49.86500000000002,15.982624934031472,11.377904835974498,21.430818918972612,34.81270100780963,55.21804586193626,49.86500000000002,44.511954138063786,-0.8690149127346629,0.015017141564349218,-0.8840320542990121
2020-09-28,2368,24242255,1081231217,44.7,45.5,43.5,44.5,0.55,10958,45.81000000000004,47.35499999999999,49.520000000000024,22.388975898676573,17.048372011963597,26.9588811198529,36.9898981318092,55.304842262325906,49.520000000000024,43.73515773767414,-1.0791561857849672,-0.20381752390551408,-0.8753386618794531
2020-09-29,2368,22640246,1022181725,45.3,45.8,44.1,45.35,0.85,10660,45.42000000000003,46.974999999999994,49.13250000000002,26.188289389060756,21.519963407256324,35.18171062659336,40.308015201029285,54.944408034371634,49.13250000000002,43.32059196562841,-1.1636924403311042,-0.3957925071906321,-0.7678999331404721
2020-09-30,2368,20694612,918955407,45.4,45.5,43.85,44.6,-0.75,10493,45.080000000000034,46.51,48.67250000000003,30.225556469806097,26.267607252514534,31.527960274115312,38.38716042556064,54.38944630025428,48.67250000000003,42.95555369974578,-1.2764921561113383,-0.5719324369747734,-0.7045597191365649
2020-10-05,2368,13013275,586373451,44.35,45.55,44.3,45.35,0.75,6436,44.750000000000036,46.195,48.245000000000026,35.41340840371177,30.60908475419293,38.92764740731482,41.39478789991173,53.60176208170509,48.245000000000026,42.88823791829496,-1.290492022821077,-0.715644354144034,-0.574847668677043
2020-10-06,2368,18461979,855158102,45.95,46.8,45.8,46.55,1.2,9269,45.27000000000004,45.910000000000004,47.832500000000024,44.685990338164196,36.774985070560746,49.17956767457637,45.94173196760954,52.30410765273433,47.832500000000024,43.36089234726572,-1.1910276218350262,-0.8107210076822324,-0.38030661415279376
2020-10-07,2368,28616831,1320848226,46.55,47.15,45.6,45.85,-0.7,14496,45.540000000000035,45.675000000000004,47.53500000000003,54.48491970231094,44.8614394813957,44.137258120381375,43.80660153992762,51.691813683579156,47.53500000000003,43.37818631642091,-1.1553671638335885,-0.8796502389125036,-0.2757169249210849
2020-10-08,2368,17299200,800885799,46.05,46.8,45.65,46.2,0.35,8265,45.710000000000036,45.565000000000005,47.31500000000003,62.76276276276269,53.97789093441267,47.28976843055071,45.17850209376005,51.260009505690775,47.31500000000003,43.36999049430929,-1.086341253275954,-0.9209884417851937,-0.1653528114907603
2020-10-12,2368,13249463,608697706,46.35,46.7,45.35,45.4,-0.8,6053,45.87000000000004,45.475,47.050000000000026,57.05705705705699,58.101579840710265,41.104081351137786,42.61737764332793,50.75459174538748,47.050000000000026,43.34540825461257,-1.0836988304370578,-0.9535305195155666,-0.13016831092149128
2020-10-13,2368,10674792,484128486,45.9,45.9,44.85,45.4,0.0,5422,45.88000000000004,45.315,46.83500000000002,55.189436011353735,58.3364186103912,41.104081351137786,42.61737764332793,50.39577238811973,46.83500000000002,43.27422761188031,-1.069278711911572,-0.9766801579947677,-0.09259855391680438
2020-10-14,2368,23240790,1086120685,45.4,47.5,45.25,47.35,1.95,11720,46.040000000000035,45.655,46.760000000000026,65.83158500966712,59.35935935935934,58.928046436754144,50.54311387313687,50.20928978196862,46.760000000000026,43.31071021803143,-0.8902398303099872,-0.9593920924578117,0.06915226214782444
2020-10-15,2368,21306561,988441956,47.35,47.35,45.95,45.95,-1.4,10914,46.06000000000004,45.8,46.57750000000003,68.49315068493146,63.17139056865083,47.01121465359983,45.6663306835043,49.78412985079211,46.57750000000003,43.370870149207946,-0.851502930704072,-0.9378142601070637,0.08631132940299169
2020-10-16,2368,23735157,1108439272,46.0,47.3,46.0,46.35,0.4,13915,46.09000000000004,45.9,46.43750000000003,72.49571917808218,68.94015162422698,50.35755907200835,47.23290596744968,49.41925703235361,46.43750000000003,43.455742967646444,-0.7795409389250381,-0.9061595958706585,0.12661865694562047
2020-10-19,2368,106577905,5348477494,47.4,50.9,47.35,50.9,4.55,37104,47.19000000000004,46.529999999999994,46.520000000000024,73.86558219178079,71.61815068493154,72.99221327929943,61.00563905758808,49.876247905026226,46.520000000000024,43.16375209497382,-0.3513138406488707,-0.795190444826301,0.44387660417743025
2020-10-20,2368,70447904,3561143462,50.8,51.3,49.8,51.2,0.3,32765,48.35000000000004,47.114999999999995,46.65500000000003,87.50403746770023,77.95511294585447,73.9073695248328,61.715181033149236,50.500503868154404,46.65500000000003,42.809496131845655,0.012126921141842217,-0.6337269716326723,0.6458538927745145
2020-10-21,2368,42725531,2133920097,51.2,51.3,48.85,48.95,-2.25,20427,48.67000000000004,47.35499999999999,46.632500000000036,87.33850129198963,82.90270698382362,57.005610464346844,53.80724752749077,50.418299123037066,46.632500000000036,42.846700876963006,0.11724857871415395,-0.4835318615633071,0.600780440277461
2020-10-22,2368,25262932,1226380718,49.0,49.35,48.0,48.05,-0.9,13380,49.090000000000046,47.57499999999999,46.62500000000003,70.54263565891468,81.7950581395349,51.50855283147181,50.99260727359758,50.3989236876216,46.62500000000003,42.85107631237846,0.12647781380682233,-0.3615299264892812,0.4880077402961035
2020-10-23,2368,16617608,794765283,48.4,48.45,47.5,47.6,-0.45,9001,49.340000000000046,47.71499999999999,46.64000000000003,51.93798449612397,69.93970714900948,48.7654522056605,49.595658544420935,50.42689846708235,46.64000000000003,42.853101532917705,0.09636991749701451,-0.269949957692022,0.3663198751890365
2020-10-26,2368,24400414,1138825711,47.65,47.8,46.0,46.1,-1.5,12297,48.38000000000004,47.785,46.63000000000004,35.43254959745439,52.637723250831066,40.39872539075651,45.15504520896615,50.42149047209516,46.63000000000004,42.83850952790492,-0.04797524248927232,-0.22555501465147207,0.17757977216219975
2020-10-27,2368,19592002,897426574,45.6,46.5,45.2,45.8,-0.3,9447,47.30000000000005,47.825,46.570000000000036,22.173770421786134,36.51476817178821,38.84368889702627,44.30071702841338,50.37412933533915,46.570000000000036,42.76587066466092,-0.18445107732195254,-0.21733422718556816,0.032883149863615624
2020-10-28,2368,23922674,1069222835,45.8,45.85,44.1,44.55,-1.25,12487,46.42000000000005,47.545,46.60000000000003,10.045217450209881,22.550512489816853,32.72108496570533,40.83403367599956,50.32974529961379,46.60000000000003,42.87025470038627,-0.3889896820789289,-0.2516653181642403,-0.1373243639146886
2020-10-29,2368,18982977,836764667,43.1,45.05,42.7,44.95,0.4,8678,45.80000000000005,47.445,46.62250000000003,14.082952090481514,15.433979987492561,36.460114492447765,42.38768447104452,50.306448289538,46.62250000000003,42.938551710462065,-0.5128989629332139,-0.30391204711803504,-0.20898691581517886
2020-10-30,2368,12839800,569738659,44.65,45.1,43.65,43.95,-1.0,6516,45.07000000000005,47.205,46.55250000000003,15.64922480620146,13.259131448964334,31.374499081208228,39.588839082525595,50.3808775937061,46.55250000000003,42.72412240629396,-0.683905961175931,-0.3799108299296142,-0.30399513124631683
2020-11-02,2368,13044773,566336605,44.1,44.5,42.8,43.2,-0.75,6099,44.49000000000005,46.434999999999995,46.48250000000003,15.503875968992178,15.078684288558433,27.96179531530204,37.58440034339706,50.49775528453557,46.48250000000003,42.46724471546449,-0.8699210628056875,-0.4779128765048289,-0.3920081863008586
2020-11-03,2368,12628060,560833865,43.8,44.9,43.4,44.85,1.65,6572,44.300000000000054,45.8,46.45750000000003,17.55988809232375,16.23766295583918,43.68427213455054,44.269670966788105,50.50673140855008,46.45750000000003,42.40826859144998,-0.8741218283240926,-0.5571546668686816,-0.31696716145541093
2020-11-04,2368,15255424,688906656,45.5,45.65,44.55,45.15,0.3,7703,44.42000000000006,45.42,46.38750000000003,26.917825402738284,19.99386315468479,46.17609620022925,45.414459973262815,50.476127520328724,46.38750000000003,42.29887247967134,-0.8435199001311133,-0.614427713521168,-0.22909218660994535
2020-11-05,2368,12506699,559802648,45.5,45.5,44.35,44.4,-0.75,6029,44.31000000000005,45.05499999999999,46.31500000000003,36.09095201772535,26.856221837595843,40.89800816351472,43.03447069390399,50.489697593837015,46.31500000000003,42.14030240616305,-0.8697603278986534,-0.665494236396665,-0.20426609150198838
2020-11-06,2368,11406393,511096567,44.75,45.5,44.3,44.3,-0.1,5648,44.38000000000005,44.724999999999994,46.22000000000003,39.34909738113384,34.11929160053254,40.18352342548635,42.71305659917856,50.48630988091456,46.22000000000003,41.95369011908549,-0.8883844769712397,-0.71007228451158,-0.17831219245965968
2020-11-09,2368,15184793,676479775,44.65,45.2,43.8,44.9,0.6,7700,44.720000000000056,44.60499999999999,46.19500000000003,48.426622110832476,41.28889050323061,46.701380053219296,45.35042717881458,50.48602551845016,46.19500000000003,41.903974481549895,-0.8449887592706062,-0.7370555794633853,-0.10793317980722095
2020-11-10,2368,13593518,606004765,45.05,45.4,43.9,44.0,-0.9,6697,44.550000000000054,44.42499999999999,46.12500000000003,52.00477653644453,46.593498676136996,39.22220021141421,42.21122420784642,50.510259399395984,46.12500000000003,41.73974060060407,-0.8731546356103266,-0.7642753906927735,-0.10887924491755308
2020-11-11,2368,10421094,456242231,44.1,44.45,43.5,43.65,-0.35,5937,44.25000000000006,44.33499999999999,45.940000000000026,47.91120928498259,49.44753597741991,36.56535427259486,41.02199648220646,50.4142150149489,45.940000000000026,41.46578498505115,-0.9131916653852059,-0.7940586456312599,-0.11913301975394597
2020-11-12,2368,12395947,549385477,43.95,44.8,43.8,44.45,0.8,6388,44.26000000000006,44.28499999999998,45.86500000000002,43.929031618594486,47.94833914667391,46.27076291531054,44.84684356194458,50.38607288151768,45.86500000000002,41.34392711848237,-0.870335302212986,-0.8093139769476052,-0.061021325265380844
2020-11-13,2368,6426754,283178684,44.3,44.45,43.8,44.1,-0.35,3262,44.220000000000056,44.29999999999999,45.752500000000026,39.61013645224175,43.81679245193965,42.91908263058223,43.517162985492746,50.33130715907471,45.752500000000026,41.17369284092534,-0.8547602563975687,-0.8184032328375979,-0.036357023559970836
2020-11-16,2368,10703369,475369017,44.3,44.75,44.0,44.35,0.25,5689,44.110000000000056,44.41499999999999,45.425000000000026,42.84691055804891,42.128692876295084,46.16853995461106,44.77665324701404,49.37854271508404,45.425000000000026,41.47145728491601,-0.8128737076088726,-0.8172973277918528,0.004423620182980259
2020-11-17,2368,24581315,1120276453,44.75,46.25,44.6,45.45,1.1,12851,44.400000000000055,44.47499999999999,45.13750000000003,47.185028580377434,43.2140251968894,58.34208113764823,50.05400828016424,48.07516488898763,45.13750000000003,42.19983511101243,-0.6830438051948349,-0.7904466232724492,0.10740281807761431
2020-11-18,2368,35372153,1654556683,45.45,47.8,45.4,47.45,2.0,18516,45.16000000000006,44.70499999999999,45.06250000000003,67.43481324876676,52.488917462397744,71.84694896104385,57.926683424253056,47.66439834543797,45.06250000000003,42.46060165456209,-0.41399708615028175,-0.7151567158480157,0.3011596296977339
2020-11-19,2368,43424840,2094330351,47.95,48.95,47.55,47.6,0.15,22817,45.79000000000006,45.02499999999999,45.040000000000035,79.33297127451168,64.65093770121867,72.62351519736173,58.45559152273384,47.54411661070145,45.040000000000035,42.53588338929862,-0.18652176967776057,-0.6094297266139647,0.4229079569362041
2020-11-20,2368,16097418,773619617,47.65,48.45,47.6,47.95,0.35,8977,46.56000000000006,45.38999999999999,45.05750000000003,82.91373302041102,76.56050584789654,74.53561191509984,59.727748907641555,47.636700457504325,45.05750000000003,42.47829954249574,0.021745464250024327,-0.48319468844116686,0.5049401526911912
2020-11-23,2368,22457737,1093808862,48.9,49.45,48.1,48.5,0.55,10650,47.39000000000006,45.74999999999999,45.17750000000003,80.30478246344398,80.85049558612228,77.42615322567958,61.71188552404456,48.13511305785461,45.17750000000003,42.21988694214545,0.22854463084016885,-0.3408468245848997,0.5693914554250685
2020-11-24,2368,85225353,4374225247,50.8,52.5,50.2,51.3,2.8,36756,48.56000000000006,46.48,45.45250000000003,83.96396204796365,82.39415917727293,86.51662822804413,69.85456361948155,49.43552334916496,45.45250000000003,41.4694766508351,0.6113240960507937,-0.15041264045776098,0.7617367365085548
2020-11-25,2368,55288881,2858224434,52.5,53.2,50.1,50.2,-1.1,27914,49.110000000000056,47.135,45.735000000000035,79.44187212669355,81.23687221270045,73.0362804909593,64.0882161688821,50.19483183539377,45.735000000000035,41.2751681646063,0.8165065933405842,0.042971206301908066,0.7735353870386761
2020-11-26,2368,44312119,2249982958,50.3,52.0,49.15,50.5,0.3,22615,49.69000000000006,47.739999999999995,46.01250000000003,74.98139228258198,79.46240881907977,74.30990827305457,64.93828182565431,50.91146672778991,46.01250000000003,41.113533272210155,0.9918888166492223,0.23275472837137093,0.7591340882778514
2020-11-27,2368,23820972,1222284525,51.0,51.8,50.5,51.8,1.3,12088,50.46000000000006,48.51,46.40500000000003,74.15273684285997,76.19200041737854,79.26209020659573,68.42607589031337,51.81165330865534,46.40500000000003,40.99834669134472,1.2216966689092743,0.4305431164789516,0.7911535524303227
2020-11-30,2368,27933765,1456243902,52.8,53.2,51.5,51.6,-0.2,13639,51.080000000000055,49.235,46.82500000000003,77.95342787759355,75.69585233434519,76.61140711036718,67.31661691403735,52.47030778611689,46.82500000000003,41.17969221388317,1.3718686708918284,0.618808227361527,0.7530604435303014
2020-12-01,2368,16351672,828819835,51.8,52.0,50.1,50.5,-1.1,8730,50.92000000000006,49.739999999999995,47.10750000000003,71.80683303342272,74.63766591795877,63.07613885775106,61.41821729315077,52.89293645717356,47.10750000000003,41.3220635428265,1.3861416790446413,0.7722749176981498,0.6138667613464914
2020-12-02,2368,15966729,801943678,50.8,51.4,49.6,49.75,-0.75,8337,50.83000000000006,49.97,47.33750000000003,56.697475336855724,68.81924541595735,55.30392485689297,57.705576301660635,53.1590010950778,47.33750000000003,41.515998904922256,1.3216986890897857,0.882159671976477,0.43953901711330867
2020-12-03,2368,20338624,1017801227,50.0,51.1,48.7,50.8,1.05,10545,50.890000000000065,50.29,47.65750000000003,47.848807664658615,58.78437201164571,62.79229578849831,61.23823746960435,53.50149478096889,47.65750000000003,41.813505219031164,1.339907757483104,0.9737092890778024,0.36619846840530157
2020-12-04,2368,15787655,787774324,50.8,50.8,49.45,49.5,-1.3,8265,50.430000000000064,50.445,47.91750000000003,36.3706037970742,46.97229559952954,50.55732605241662,55.10170995525726,53.60136092370249,47.91750000000003,42.23363907629758,1.2352008138313337,1.0260075940285087,0.20919321980282501
2020-12-07,2368,17304514,870160900,49.7,51.5,49.2,50.1,0.6,8741,50.13000000000007,50.605000000000004,48.17750000000003,33.943355119825526,39.38758886051948,55.25218999318937,57.23187285856828,53.76028380380178,48.17750000000003,42.594716196198284,1.1869523444308783,1.0581965441089827,0.1287558003218956
2020-12-08,2368,56405769,2942448194,50.7,53.1,50.3,52.2,2.1,26106,50.47000000000006,50.695,48.587500000000034,42.22222222222208,37.5120603797073,67.7548059143976,63.719793056468774,54.08667039197648,48.587500000000034,43.088329608023585,1.3031456821435583,1.1071863717158978,0.19595931042766046
2020-12-09,2368,39546758,2093640140,53.0,53.9,51.8,52.0,-0.2,20537,50.92000000000006,50.875,49.00500000000004,57.45014245014232,44.53857326406334,65.7147163575275,62.74356819337077,54.200854116503635,49.00500000000004,43.80914588349644,1.3633752694438783,1.158424151261494,0.20495111818238443
2020-12-10,2368,19756701,1008977611,52.0,52.6,49.85,50.3,-1.7,10781,50.820000000000064,50.855000000000004,49.29750000000003,57.33618233618219,52.336182336182226,50.60467956882356,55.0265207443417,54.07667095320852,49.29750000000003,44.518329046791536,1.2594141168222635,1.1786221443736478,0.08079197244861569
2020-12-11,2368,18520759,938586635,50.7,51.8,49.65,51.3,1.0,9761,51.180000000000064,50.805,49.65750000000003,48.0769230769229,54.287749287749165,57.33683083207091,58.27731836619843,53.86716447593998,49.65750000000003,45.447835524060075,1.2433828534654694,1.191574286192012,0.051808567273457395
2020-12-14,2368,27156102,1421918094,52.1,53.2,51.1,52.3,1.0,13720,51.62000000000006,50.875,50.05500000000002,49.99999999999981,51.80436847103499,63.18987894063777,61.29056681646136,53.63995467195812,50.05500000000002,46.47004532804192,1.2964252214512868,1.212544473243867,0.08388074820741975
2020-12-15,2368,54919816,2914430648,52.9,54.2,51.7,51.7,-0.6,26371,51.52000000000006,50.995,50.36750000000002,57.92540792540776,52.00077700077685,57.65318723327264,58.557915195806295,53.32744510084147,50.36750000000002,47.40755489915857,1.2753453078054022,1.225104640156174,0.05024066764922819
2020-12-16,2368,100559194,5549358785,52.9,56.8,52.5,56.3,4.6,43518,52.38000000000007,51.65,50.81000000000002,72.3990921359341,60.108166687113915,76.25915735015796,69.7085943899102,54.45891764774107,50.81000000000002,47.161082352258965,1.6112474232360583,1.302333196772151,0.3089142264639073
2020-12-17,2368,77378121,4359372448,56.5,57.6,55.1,55.3,-1.0,37123,53.38000000000007,52.1,51.195000000000014,73.52851826536023,67.95100610890073,68.61325778978355,65.57771193179714,55.02813187876396,51.195000000000014,47.36186812123607,1.7762847225251903,1.3971235019227588,0.3791612206024315
2020-12-18,2368,40785010,2292071204,55.8,57.1,55.3,56.2,0.9,17967,54.360000000000056,52.77,51.607500000000016,82.81001245251481,76.24587428460308,71.60277954772408,67.44740093595512,55.72043994607216,51.607500000000016,47.49456005392787,1.9571397607428835,1.5091267536867838,0.4480130070560997
2020-12-21,2368,50126004,2871288474,57.5,58.7,56.3,56.7,0.5,23320,55.24000000000005,53.43000000000001,52.01750000000002,77.63651240405112,77.99168104064209,73.25394107128938,68.47196409111575,56.43329834231533,52.01750000000002,47.60170165768471,2.116417756375057,1.6305849542244384,0.48583280215061864
2020-12-22,2368,46619179,2528154192,56.7,57.0,51.2,51.5,-5.2,24029,55.20000000000006,53.360000000000014,52.02750000000002,60.24415951446068,73.5635614570089,42.95172190808258,50.62585758708562,56.437655892935545,52.02750000000002,47.61734410706449,1.8022746731082435,1.6649228980011994,0.1373517751070441
2020-12-23,2368,24709153,1285963843,53.0,53.1,51.5,51.7,0.2,13183,54.28000000000005,53.33000000000002,52.10250000000002,40.331491712707084,59.404054543739655,43.99133585313042,51.15318251707107,56.43614454010622,52.10250000000002,47.76885545989382,1.55156684806321,1.6422516880136016,-0.09068483995039145
2020-12-24,2368,13712380,711293753,52.2,52.6,51.5,51.8,0.1,7791,53.580000000000055,53.48000000000002,52.16750000000002,17.43481632257427,39.3368225165807,44.58046327864106,51.43248788548435,56.44164026442667,52.16750000000002,47.89335973557337,1.3454388729075504,1.5828891249923913,-0.23745025208484094
2020-12-25,2368,16605259,849262472,52.1,52.3,50.3,50.9,-0.9,8965,52.52000000000005,53.44000000000002,52.122500000000024,13.001772386767906,23.589360140683116,40.146509906602056,48.73175133469697,56.42999056876392,52.122500000000024,47.81500943123613,1.0968150875530327,1.4856743175045195,-0.3888592299514868
2020-12-28,2368,15970470,808016698,51.0,51.3,50.1,50.6,-0.3,8781,51.300000000000054,53.27000000000002,52.072500000000026,7.389112315672772,12.608567008338346,38.65151868663518,47.830159545814226,56.42605888900005,52.072500000000026,47.718941111,0.8655934313629885,1.3616581402762133,-0.49606470891322485
2020-12-29,2368,14008381,705401883,50.7,50.9,50.0,50.3,-0.3,7674,51.06000000000006,53.13000000000002,52.06250000000002,5.4683621644326115,8.619748955624459,37.04222715480584,46.8957946552759,56.43135282425398,52.06250000000002,47.693647175746065,0.6506409265831792,1.2194546975376066,-0.5688137709544274
2020-12-30,2368,12360290,629120612,50.3,51.5,50.1,50.9,0.6,6545,50.90000000000006,52.59000000000002,52.120000000000026,6.535685645549186,6.464386708551552,42.617011958829174,49.039964019728174,56.394856722743995,52.120000000000026,47.84514327725606,0.5226793809399339,1.080099634218072,-0.557420253278138
2020-12-31,2368,7491524,379008560,50.7,51.2,50.2,50.5,-0.4,4208,50.640000000000065,52.110000000000014,52.10500000000003,6.513409961685691,6.172485923889192,39.871065153447866,47.65842460790924,56.40033467846071,52.10500000000003,47.809665321539356,0.3845593166218251,0.9409915706988226,-0.5564322540769975
2021-01-04,2368,19610282,1015199711,50.5,52.7,50.2,51.9,1.4,10320,50.84000000000007,51.68000000000002,52.22500000000004,14.411603721948419,9.153566443061129,52.395815709879756,52.68282950354647,56.3533774052266,52.22500000000004,48.09662259477347,0.3836440603427178,0.8295220686276016,-0.4458780082848838
2021-01-05,2368,20017139,1049989250,52.0,53.2,51.2,52.9,1.0,10116,51.30000000000007,51.300000000000026,52.36500000000003,41.17166119321275,20.698891625615648,59.436843682454196,55.93649936566912,56.38409193724016,52.36500000000003,48.345908062759904,0.458327046900763,0.7552830642822339,-0.2969560173814709
2021-01-06,2368,34018251,1829308668,53.5,54.8,52.6,54.4,1.5,17602,52.12000000000006,51.59000000000002,52.47500000000004,69.81150793650778,41.798257617223015,67.77731687893261,60.34169142884114,56.58930431543261,52.47500000000004,48.36069568456747,0.6312743777151795,0.7304813269688231,-0.0992069492536436
2021-01-07,2368,46121341,2558763237,55.5,56.5,54.1,54.8,0.4,22301,52.900000000000055,51.90000000000002,52.61500000000003,85.37927350427334,65.45414754466465,69.71466159491655,61.448519903390306,56.844077913681524,52.61500000000003,48.38592208631854,0.7914892451314373,0.742682910601346,0.04880633453009131
2021-01-08,2368,28733303,1563594018,56.1,56.2,52.7,52.8,-2.0,15199,53.360000000000056,52.00000000000002,52.74000000000003,69.5299145299144,74.90689865689853,51.612917992545825,53.42049467207214,56.833604768415015,52.74000000000003,48.646395231585046,0.7484497339033567,0.7438362752617481,0.004613458641608559
2021-01-11,2368,17725753,909653635,52.0,52.3,50.8,51.3,-1.5,9347,53.24000000000005,52.04000000000002,52.74000000000003,45.641025641025486,66.8500712250711,42.05753401824381,48.32150957957726,56.833604768415015,52.74000000000003,48.646395231585046,0.5865418577684949,0.7123773917630974,-0.12583553399460257
2021-01-12,2368,13390125,693252082,51.1,52.5,50.7,51.9,0.6,6973,53.040000000000056,52.170000000000016,52.72000000000004,30.40064102564087,48.52386039886028,46.66545580821557,50.36245235782847,56.825898196495274,52.72000000000004,48.61410180350481,0.5008699678307167,0.6700759069766213,-0.16920593914590465
2021-01-13,2368,40191512,2190563851,51.9,56.0,51.8,55.8,3.9,20100,53.32000000000005,52.72000000000001,52.92500000000003,45.67129629629614,40.57098765432087,66.72976291909815,61.1128623421071,57.21213190839616,52.92500000000003,48.637868091603906,0.7391513079896512,0.6838909871792274,0.05526032081042387
2021-01-14,2368,85650772,5038044030,56.2,61.2,55.4,58.6,2.8,41116,54.080000000000055,53.49000000000002,53.040000000000035,64.45917508417494,46.84370413537068,74.70146647186668,66.69061698362967,57.78232010728804,53.040000000000035,48.29767989271203,1.1407774142909375,0.7752682726015694,0.3655091416893681
2021-01-15,2368,77001582,4597577077,60.0,62.9,56.4,57.2,-1.4,38506,54.96000000000005,54.160000000000025,53.13500000000003,72.84373792570501,60.99140310205873,65.54086097549006,61.90913163902039,58.12429854789115,53.13500000000003,48.145701452108916,1.3307605184951825,0.886366721780292,0.44439379671489054
2021-01-18,2368,41619107,2393628756,58.8,59.5,56.0,56.0,-1.2,21554,55.90000000000005,54.57000000000003,53.125000000000036,57.69498261301529,64.99929854096511,58.38155812024116,58.06622710494304,58.090430494930764,53.125000000000036,48.15956950506931,1.3687158221481326,0.98283654185386,0.38587928029427254
2021-01-19,2368,17863561,988708815,56.3,56.6,54.2,54.9,-1.1,9960,56.50000000000004,54.770000000000024,53.03500000000004,43.71584699453541,58.084855844418605,52.27481910753768,54.713519657573904,57.79914735288352,53.03500000000004,48.270852647116556,1.295105694558302,1.0452903723947484,0.2498153221635535
2021-01-20,2368,23280734,1229570041,54.7,55.5,51.7,51.8,-3.1,11629,55.700000000000045,54.510000000000026,53.05000000000003,28.961748633879655,43.45752608047682,38.89745235041154,46.55530834333443,57.796577714521085,53.05000000000003,48.30342228547898,0.9753814556254312,1.031308589040885,-0.055927133415453856
2021-01-21,2368,17328952,906490697,52.4,53.2,51.7,51.9,0.1,8942,54.36000000000005,54.22000000000003,53.06000000000004,17.759562841529924,30.145719489981698,39.48030652424294,46.830721102867415,57.795989864852466,53.06000000000004,48.32401013514761,0.7217470068247422,0.9693962725976565,-0.24764926577291424
2021-01-22,2368,14879620,782067375,52.0,53.3,51.8,53.3,1.4,6869,53.580000000000055,54.270000000000024,53.13500000000003,13.387978142076365,20.036429872495347,47.63839429983018,50.66388302324047,57.83618070275854,53.13500000000003,48.43381929724153,0.626486432900272,0.9008143046581796,-0.2743278717579076
2021-01-25,2368,15117758,787193221,52.9,52.9,51.5,52.1,-1.2,7437,52.800000000000054,54.35000000000002,53.195000000000036,12.13689962611435,14.42814686990691,41.97953061633805,47.50267991645495,57.81039814100452,53.195000000000036,48.57960185899555,0.4489861378551794,0.8104486712975796,-0.3614625334424002
2021-01-26,2368,13107207,692290787,52.1,53.5,51.9,52.6,0.5,7018,52.34000000000005,54.42000000000003,53.29500000000004,12.074585370530047,12.533154379573618,45.146969830965695,48.932469812687,57.76555924913082,53.29500000000004,48.82444075086926,0.3446883438699331,0.7172966058120502,-0.37260826194211716
2021-01-27,2368,26074529,1421360401,53.8,55.5,53.6,54.3,1.7,13425,52.84000000000005,54.270000000000024,53.49500000000004,13.157894736842005,12.456459911162165,54.91089371557353,53.56331147896969,57.7651170944119,53.49500000000004,49.22488290558818,0.39465801133026446,0.6527688869156931,-0.25811087558542867
2021-01-28,2368,18951710,1029108527,53.1,55.3,52.8,54.0,-0.3,9697,53.26000000000006,53.810000000000024,53.65000000000005,21.82017543859639,15.684218515322845,52.96969344152672,52.65586946493909,57.7539005835893,53.65000000000005,49.5460994164108,0.40537888456750437,0.6032908864460553,-0.19791200187855096
2021-01-29,2368,14549315,780078488,55.1,55.3,51.9,52.1,-1.9,7541,53.02000000000006,53.300000000000026,53.73000000000004,22.525369797041524,19.167813324160004,41.99908336178669,47.201728072467695,57.64310618307098,53.73000000000004,49.8168938169291,0.25759177517140586,0.5341510641911255,-0.2765592890197196
2021-02-01,2368,10999299,566699864,52.5,52.9,50.5,51.7,-0.4,6013,52.94000000000007,52.870000000000026,53.72000000000004,22.338235294117577,22.22792684325186,39.966035647130774,46.118680456841304,57.65273441767772,53.72000000000004,49.78726558232236,0.10695980313547437,0.44871281197999524,-0.34175300884452087
2021-02-02,2368,6092895,317016007,52.2,52.5,51.7,52.3,0.6,3365,52.88000000000007,52.61000000000003,53.69000000000004,23.921568627450892,22.928391239536694,44.654475169855786,48.04442104103179,57.65630810704241,53.69000000000004,49.72369189295767,0.035587633555920206,0.36608777629518024,-0.33050014273926004
2021-02-03,2368,8442685,439511226,52.5,53.0,51.5,51.8,-0.5,4514,52.38000000000007,52.61000000000003,53.560000000000045,28.666666666666554,24.975490196078372,41.50325331386302,46.55130068113209,57.59455078044471,53.560000000000045,49.52544921955538,-0.06062232988738714,0.2807457550586668,-0.3413680849460539
2021-02-04,2368,7158795,374145194,51.4,52.8,51.2,52.6,0.8,3626,52.100000000000065,52.68000000000003,53.450000000000045,34.66666666666654,29.08496732026136,48.31204590808116,49.26798176672113,57.46322812708017,53.450000000000045,49.43677187291992,-0.07149198979439575,0.21029820608805427,-0.28179019588245
2021-02-05,2368,7679911,404527451,52.6,53.3,52.0,52.4,-0.2,3885,52.16000000000007,52.59000000000003,53.43000000000005,35.33333333333322,32.8888888888888,46.72575965413837,48.60287982919221,57.459937964781396,53.43000000000005,49.4000620352187,-0.0951477975301458,0.14920900536441425,-0.24435680289456005
2021-02-17,2368,21054653,1159676697,54.0,56.7,53.1,55.1,2.7,10566,52.840000000000074,52.89000000000003,53.62000000000005,51.39784946236549,40.465949820788445,64.8850464584115,57.035323341241565,57.58817338330719,53.62000000000005,49.6518266166929,0.10278737073990385,0.13992467843951217,-0.037137307699608324
2021-02-18,2368,16927165,928863370,55.4,56.2,54.1,54.7,-0.4,8347,53.32000000000007,53.10000000000004,53.76000000000005,59.97849462365582,48.90322580645154,61.275038716410755,55.58047468607482,57.67274839466919,53.76000000000005,49.847251605330904,0.22478458382054356,0.15689665951571846,0.0678879243048251
2021-02-19,2368,30736290,1715494420,54.5,57.2,54.3,55.2,0.5,14085,54.00000000000007,53.19000000000003,53.730000000000054,70.6949125341036,60.690418873374995,64.18127201758718,57.05509512930019,57.588548950056726,53.730000000000054,49.87145104994338,0.35769083812793667,0.1970554952381621,0.16063534288977457
2021-02-22,2368,14991790,831546887,55.8,56.4,54.8,55.3,0.1,7911,54.54000000000006,53.32000000000003,53.565000000000055,69.84432675333001,66.83924463702984,64.79770692261768,57.35998177192633,56.809857469902475,53.565000000000055,50.320142530097634,0.4657206289599003,0.2507885219825097,0.21493210697739057
2021-02-23,2368,9437737,516168770,55.5,55.5,54.1,54.6,-0.7,5068,54.98000000000006,53.57000000000003,53.435000000000045,66.15257048092856,68.89726992278742,56.81282855160584,54.44607244887183,56.269272393399774,53.435000000000045,50.600727606600316,0.4892115405352655,0.2984731256930609,0.1907384148422046
2021-02-24,2368,22491469,1255317664,54.8,56.4,54.8,56.2,1.6,10234,55.20000000000007,54.020000000000024,53.44500000000005,70.54726368159191,68.84805363861686,67.49440809400471,59.50931547545789,56.316567516181266,53.44500000000005,50.573432483818834,0.6296763682306619,0.3647137742005811,0.26496259403008077
2021-02-25,2368,31183761,1765914086,56.9,58.4,55.3,55.9,-0.3,15500,55.44000000000007,54.38000000000003,53.49500000000005,68.42592592592582,68.37525336281546,64.03012685381805,58.20304059580411,56.49798185142506,53.49500000000005,50.492018148575035,0.7086197361603226,0.4334949665925294,0.2751247695677932
2021-02-26,2368,12079840,658327778,54.3,55.2,54.1,54.2,-1.7,6672,55.240000000000066,54.620000000000026,53.61500000000005,60.9953703703703,66.65618665929604,47.80764892840296,51.32742695984812,56.52791949768366,53.61500000000005,50.70208050231644,0.6267819789979683,0.4721523690736172,0.1546296099243511
2021-03-02,2368,41050875,2323890513,55.0,57.6,54.5,56.9,2.7,19502,55.56000000000006,55.050000000000026,53.86500000000005,57.11696366177491,62.17941998602371,64.48184385420713,59.50879638747612,56.9963096301684,53.86500000000005,50.733690369831706,0.7709058788964356,0.5319030710381809,0.23900280785825467
2021-03-03,2368,37407620,2100735083,57.9,58.2,54.7,56.0,-0.9,17746,55.84000000000005,55.410000000000025,54.00000000000006,50.08638657305829,56.06624020173454,57.3559109291616,56.122373752121234,57.25269119345537,54.00000000000006,50.747308806544744,0.8032433403109493,0.5861711248927346,0.21707221541821475
2021-03-04,2368,35117698,1978444555,56.0,57.8,54.4,55.2,-0.8,16662,55.64000000000006,55.42000000000003,54.155000000000065,47.155185022670686,51.45284508583467,51.45856966346604,53.22308040116196,57.32515772477941,54.155000000000065,50.98484227522072,0.7556075241506832,0.6200584047443243,0.13554911940635894
2021-03-05,2368,27093783,1527291839,54.5,57.4,54.5,57.4,2.2,13561,55.940000000000055,55.69000000000003,54.395000000000074,48.837209302325505,48.6929269660182,63.49942352695332,59.43002966260045,57.77758776678076,54.395000000000074,51.012412233219386,0.8851736793054528,0.67308145965655,0.2120922196489028
2021-03-08,2368,59101955,3464394415,57.7,59.8,57.0,58.5,1.1,29933,56.800000000000054,56.020000000000024,54.605000000000075,59.83952128382966,51.94397186960865,68.11334754686624,62.13544600912903,58.43042808061736,54.605000000000075,50.77957191938279,1.064347462639752,0.7513346602531904,0.3130128023865616
2021-03-09,2368,36774148,2104068821,58.5,59.1,56.0,56.1,-2.4,19422,56.64000000000006,56.10000000000002,54.71000000000007,63.00829593363246,57.22834217326258,51.53219535306112,53.71846656702019,58.57828127208685,54.71000000000007,50.841718727913296,1.0011434756493642,0.8012964233324251,0.1998470523169391
2021-03-10,2368,13775740,778117079,56.8,57.3,55.5,55.8,-0.3,7191,56.60000000000006,56.22000000000001,54.895000000000074,47.3684210526315,56.73874609003125,49.76547647441716,52.75644008933792,58.596607758795265,54.895000000000074,51.19339224120488,0.9162840160341119,0.8242939418727625,0.09199007416134941
2021-03-11,2368,12505420,705642034,56.4,57.2,55.6,57.2,1.4,6635,57.00000000000006,56.320000000000014,55.17000000000007,39.76608187134496,50.04759961920302,57.667162292304596,56.657386446706056,58.69425878731601,55.17000000000007,51.645741212684136,0.9510376130189258,0.8496426761019952,0.10139493691693058
2021-03-12,2368,17380893,999643766,57.5,58.8,56.6,56.8,-0.4,9302,56.88000000000005,56.41000000000001,55.395000000000074,42.88499025341122,43.33983105912927,54.79419446764976,55.253588852521304,58.7269513801937,55.395000000000074,52.06304861980645,0.9355193472603673,0.8668180103336696,0.06870133692669778
2021-03-15,2368,5830023,330611803,56.7,57.5,56.2,56.6,-0.2,3473,56.50000000000006,56.65000000000001,55.63500000000007,46.52371669915525,43.058262941303845,53.246760361264066,54.526131841584835,58.56366863949768,55.63500000000007,52.70633136050246,0.8967455567400151,0.8728035196149386,0.023942037125076476
2021-03-16,2368,8744599,491021154,56.9,57.2,55.5,56.0,-0.6,5415,56.48000000000006,56.56000000000002,55.80500000000008,38.27160493827155,42.56010396361271,48.457116424807865,52.301456881324405,58.38296431316859,55.80500000000008,53.22703568683156,0.8082846603865761,0.8598997477692661,-0.05161508738269005
2021-03-17,2368,12787171,705802545,56.3,56.3,54.8,55.2,-0.8,8000,56.360000000000056,56.48000000000002,55.94500000000007,27.8593058467272,37.551542494718035,42.509036120077546,49.40695783426099,58.023917987794526,55.94500000000007,53.86608201220562,0.6659488052904479,0.8211095592735025,-0.15516075398305462
2021-03-18,2368,8831734,488764690,55.6,55.8,55.0,55.4,0.2,5254,56.00000000000006,56.50000000000002,55.96000000000008,18.279058933146942,28.136656572715268,44.49617830138935,50.14972361401111,58.01854317418163,55.96000000000008,53.90145682581853,0.5627973654824743,0.7694471205152968,-0.20664975503282257
2021-03-19,2368,8973968,491147362,55.1,55.4,54.3,54.9,-0.5,5095,55.62000000000005,56.25000000000002,55.970000000000084,12.56918238993706,19.569182389937104,40.4211995525215,48.24286338241561,58.005779948807984,55.970000000000084,53.934220051192185,0.43568102528554675,0.7026939014693468,-0.2670128761838001
2021-03-22,2368,6056431,329604616,54.6,54.9,54.0,54.5,-0.4,3492,55.200000000000045,55.85000000000002,55.93500000000008,11.638888888888824,14.162376737324314,37.23825728602487,46.712624420278395,58.04523695351258,55.93500000000008,53.82476304648758,0.299214593219169,0.6219980398193112,-0.32278344660014224
2021-03-23,2368,17296086,964537903,55.3,56.5,55.1,55.2,0.7,8858,55.04000000000004,55.760000000000026,55.930000000000085,15.972222222222172,13.393431167016056,45.930929538620326,49.71840945584082,58.04669553785371,55.930000000000085,53.81330446214646,0.24472705136410156,0.5465438421282693,-0.3018167907641678
2021-03-24,2368,7729774,426746000,55.0,55.9,54.6,55.8,0.6,3865,55.160000000000046,55.760000000000026,55.99000000000009,24.305555555555486,17.305555555555532,52.50861558843468,52.20690373776931,58.01869416126897,55.99000000000009,53.96130583873121,0.24711171741652294,0.48665741718592004,-0.2395456997693971
2021-03-25,2368,8653633,479323244,55.8,56.3,54.9,54.9,-0.9,4308,55.060000000000045,55.53000000000003,55.92500000000009,29.404761904761823,23.2275132275132,43.29202691134445,48.34208640075521,58.005264406263116,55.92500000000009,53.84473559373706,0.17436908577763433,0.4241997509042629,-0.24983066512662855
2021-03-26,2368,8099766,444818689,55.3,55.5,54.6,55.0,0.1,4186,55.08000000000004,55.35000000000002,55.88000000000009,31.488095238095124,28.399470899470852,44.55361379116995,48.795662292177866,57.999056393767376,55.88000000000009,53.7609436062328,0.12336709135083623,0.36403321899357755,-0.2406661276427413
2021-03-29,2368,9601300,528035770,55.2,55.7,54.7,54.7,-0.3,4793,55.12000000000004,55.160000000000025,55.905000000000086,28.32142857142851,29.738095238095195,41.33506767248361,47.44964087834398,57.954853653304944,55.905000000000086,53.85514634669523,0.05807074709792204,0.30284072461444644,-0.2447699775165244
2021-03-30,2368,9179888,503321065,54.8,55.3,54.5,55.2,0.5,4701,55.12000000000004,55.08000000000003,55.820000000000086,35.74999999999999,31.85317460317458,48.560576450190204,49.92873354853566,57.838514305118274,55.820000000000086,53.8014856948819,0.04613690761660649,0.25149996121487844,-0.20536305359827195
2021-03-31,2368,14178128,790954598,55.6,56.2,55.2,56.2,1.0,6419,55.20000000000003,55.18000000000003,55.830000000000084,54.66666666666671,39.57936507936511,60.04353306399383,54.54714787848023,57.853956521264664,55.830000000000084,53.8060434787355,0.11603333642621294,0.22440663625714535,-0.10837329983093241
2021-04-01,2368,14053313,791223405,57.2,57.2,55.1,55.1,-1.1,7211,55.24000000000003,55.150000000000034,55.82500000000008,56.791666666666664,49.06944444444449,46.67266256115429,49.174129065804465,57.85564029310238,55.82500000000008,53.79435970689778,0.08172389077645903,0.1958700871610081,-0.11414619638454906
2021-04-06,2368,10169537,558598824,55.6,55.7,54.6,55.0,-0.1,5578,55.24000000000003,55.16000000000004,55.70500000000008,46.964506172839464,52.807613168724316,45.595770665037335,48.70444383895634,57.63007142723901,55.70500000000008,53.77992857276114,0.04593473659757308,0.1658830170483211,-0.11994828045074801
2021-04-07,2368,7787344,429697484,55.2,55.5,54.9,55.2,0.2,4838,55.34000000000003,55.23000000000004,55.54000000000008,26.273148148148096,43.343106995884774,48.37513357732718,49.73844452640261,56.98416065587298,55.54000000000008,54.09583934412718,0.03332574416000966,0.1393715624706588,-0.10604581831064913
2021-04-08,2368,14964319,841308531,55.5,56.8,55.2,56.3,1.1,7854,55.56000000000004,55.340000000000046,55.55000000000008,37.03703703703692,36.758230452674866,61.12028826266872,55.099382375611086,57.01219013810453,55.55000000000008,54.087809861895636,0.11081641112021146,0.13366053220056934,-0.022844121080357882
2021-04-09,2368,12061866,673382766,56.7,56.7,55.1,55.6,-0.7,5883,55.44000000000004,55.320000000000036,55.54000000000008,44.444444444444336,35.91820987654316,51.65284775738117,51.34617160705325,56.99794375747912,55.54000000000008,54.082056242521034,0.11442515120447183,0.12981345600134983,-0.015388304796878
2021-04-12,2368,7001158,387383972,55.7,56.1,55.0,55.1,-0.5,4458,55.44000000000004,55.340000000000046,55.43500000000007,43.20987654320975,41.56378600823038,45.747646526863015,48.789699750041656,56.68763721802257,55.43500000000007,54.182362781977574,0.07606248145619077,0.11906326109231802,-0.04300077963612725
2021-04-13,2368,10650423,577600927,55.2,55.2,53.0,53.3,-1.8,6030,55.100000000000044,55.17000000000004,55.26000000000007,23.368606701939942,37.007642563198054,30.9071442299997,40.89568978738816,56.669113196297,55.26000000000007,53.85088680370314,-0.09845029377629544,0.07556055011859533,-0.17401084389489077
2021-04-14,2368,18470344,956500704,53.3,53.5,49.8,52.1,-1.2,9803,54.480000000000054,54.91000000000004,55.03500000000007,20.148720148720063,28.909067797956624,24.680096120947752,36.6395746131471,56.8846215829136,55.03500000000007,53.18537841708653,-0.3297813821347759,-0.005507836332078922,-0.324273545802697
2021-04-15,2368,8596461,454846769,52.2,53.5,51.8,53.3,1.2,4667,53.88000000000005,54.72000000000004,54.90000000000007,28.5070785070784,24.008135119246173,39.014956566087754,43.0251985414485,56.84010309003916,54.90000000000007,52.95989690996098,-0.41153899971325103,-0.08671406900831335,-0.3248249307049377
2021-04-16,2368,9897978,536543788,53.3,55.1,52.8,54.5,1.2,5468,53.66000000000006,54.55000000000005,54.865000000000066,48.50707850707844,32.387625720959,50.09569103812237,48.60351740221009,56.80744691046643,54.865000000000066,52.9225530895337,-0.375177714343522,-0.1444067980753551,-0.2307709162681669
2021-04-19,2368,8575727,469443171,54.5,55.2,53.9,55.0,0.5,4663,53.64000000000006,54.54000000000004,54.84500000000006,62.90862290862284,46.6409266409266,54.14574149167447,50.766507833084816,56.773185675702294,54.84500000000006,52.91681432429783,-0.30252795840606694,-0.17603103014149746,-0.12649692826456949
2021-04-20,2368,8156147,452722868,55.1,56.1,54.4,55.6,0.6,4512,54.10000000000006,54.600000000000044,54.88000000000005,74.76190476190472,62.05920205920203,58.82410023436477,53.30600737904025,56.83611860580778,54.88000000000005,52.92388139419232,-0.194297774028783,-0.17968437891895456,-0.014613395109828453
2021-04-21,2368,13786831,774944086,55.1,56.9,55.1,55.8,0.2,6484,54.84000000000005,54.660000000000046,54.94500000000005,80.54996646545938,72.74016471199569,60.39549036557054,54.154882905457825,56.93243553354243,54.94500000000005,52.95756446645767,-0.09133340992659811,-0.16201418512048327,0.07068077519388516
2021-04-22,2368,11067330,613881051,56.2,56.8,54.1,54.5,-1.3,5425,55.080000000000055,54.48000000000004,54.910000000000046,77.85378940308513,77.72188687681644,46.83993407695108,48.04130015738388,56.902887352559105,54.910000000000046,52.91711264744099,-0.11332619121489529,-0.15227658633936567,0.03895039512447038
2021-04-23,2368,17437750,981101178,54.8,56.8,54.5,56.8,2.3,8096,55.540000000000056,54.60000000000004,54.96000000000005,83.0985915492957,80.50078247261344,63.67062733131941,57.238929602824406,57.08546465507863,54.96000000000005,52.83453534492147,0.054210247276778034,-0.11097921961613692,0.16518946689291497
2021-04-26,2368,29292732,1693038719,58.4,58.9,57.0,57.6,0.8,14412,56.06000000000006,54.85000000000004,55.09500000000004,83.50100603621725,81.48446232953273,67.8067233843042,59.89800382033288,57.511174662558886,55.09500000000004,52.6788253374412,0.24867087290670042,-0.039049201111569454,0.2877200740182699
2021-04-27,2368,17691494,987337901,57.6,57.6,55.0,55.2,-2.4,9849,55.98000000000006,55.040000000000035,55.10500000000004,77.39771965124073,81.33243907891794,48.486199264404334,49.87744334820302,57.521174662558884,55.10500000000004,52.688825337441195,0.20673921637280301,0.01010848238530504,0.19663073398749797
2021-04-28,2368,13562334,743948490,55.7,56.2,54.3,54.4,-0.8,7306,55.70000000000006,55.270000000000024,55.090000000000046,53.27703928488963,71.39192165744926,43.64948126596774,47.05178778240246,57.51973249556217,55.090000000000046,52.660267504437925,0.10771311263402339,0.029629408435048712,0.07808370419897467
2021-04-29,2368,7319263,401914468,54.4,55.6,54.2,54.9,0.5,3613,55.78000000000005,55.43000000000003,55.075000000000045,31.372277380127713,54.01567877208607,47.470364936883314,48.996605145819764,57.50553492054574,55.075000000000045,52.64446507945435,0.06878709844968967,0.0374609464379769,0.031326152011712766
2021-05-03,2368,10601414,562349221,54.9,55.0,52.4,52.4,-2.5,4950,54.90000000000005,55.22000000000003,54.88500000000005,15.409836065573698,33.35305091019706,34.015939379822825,40.9061832490367,57.51959674333496,54.88500000000005,52.25040325666514,-0.16192458899900686,-0.0024161606494198518,-0.159508428349587
2021-05-04,2368,15261941,757994734,52.9,53.0,47.7,48.6,-3.8,7821,53.100000000000044,54.58000000000003,54.560000000000045,9.345238095238011,18.709117180313186,22.637870850726024,32.20218505069519,58.35599789251658,54.560000000000045,50.76400210748351,-0.643970217752269,-0.1307269720699897,-0.5132432456822793
2021-05-05,2368,8461530,416449416,48.6,50.4,47.5,49.45,0.85,3955,51.950000000000045,53.96500000000003,54.28250000000005,8.380325814536267,11.045133325116035,28.848719095923176,35.5078345627766,58.67400031310347,54.28250000000005,49.89099968689663,-0.9464963346643387,-0.29388084458885955,-0.6526154900754791
2021-05-06,2368,7049267,346365834,49.45,49.9,48.45,48.6,-0.85,3265,50.79000000000004,53.245000000000026,53.95250000000004,11.59670008354212,9.774087997772176,26.378063535391387,33.736402270330586,58.96642810079994,53.95250000000004,48.93857189920015,-1.2405382059240608,-0.4832123168558998,-0.757325889068161
2021-05-07,2368,5062689,250391612,49.1,50.0,48.7,50.0,1.4,2696,49.810000000000045,52.79500000000003,53.637500000000045,16.228070175438532,12.068365357839015,36.78168381604575,39.12337446556894,58.81097803706447,53.637500000000045,48.46402196293562,-1.3450947921711531,-0.6555888119189505,-0.6895059802522027
2021-05-10,2368,6720902,335887175,50.4,51.3,49.3,51.0,1.0,3364,49.530000000000044,52.21500000000003,53.40750000000005,22.07747090498516,16.634080387988647,43.44193423710815,42.706264729032945,58.62039506895997,53.40750000000005,48.194604931040125,-1.3319115501462662,-0.7908533595644136,-0.5410581905818526
2021-05-11,2368,18731027,880089917,49.95,49.95,45.9,46.5,-4.5,8369,49.11000000000004,51.10500000000003,52.977500000000056,20.80284420879484,19.70279509640622,27.971036904891,33.228755615848776,58.927665964070556,52.977500000000056,47.027334035929556,-1.6653786790424832,-0.9657584234600275,-0.6996202555824557
2021-05-12,2368,16791176,725997375,46.7,46.7,41.85,41.85,-4.65,7072,47.59000000000004,49.77000000000003,52.40500000000005,13.492902688327007,18.79107260070238,19.5693028107953,26.647798253373956,60.075521494656556,52.40500000000005,44.734478505343546,-2.2786035956529886,-1.2283274578986196,-1.050276137754369
2021-05-13,2368,19897612,840080767,38.7,44.6,38.65,43.85,2.0,8122,46.640000000000036,48.71500000000004,51.99250000000005,12.543174688004049,15.612973861708674,30.104304916154167,32.81137072213539,60.52334257268812,51.99250000000005,43.46165742731198,-2.573539315554065,-1.4973698294297086,-1.0761694861243563
2021-05-14,2368,22445916,1028084886,45.4,47.4,44.5,45.9,2.05,9961,45.820000000000036,47.81500000000004,51.62250000000006,27.44230980972974,17.826129062020307,39.569689687073364,38.5143485121619,60.52808672968742,51.62250000000006,42.716913270312695,-2.611753462877651,-1.7202465561192972,-0.8915069067583539
2021-05-17,2368,25272968,1171076711,43.6,49.45,43.6,48.25,2.35,11246,45.27000000000004,47.40000000000004,51.31000000000006,52.73875249747679,30.908078998403568,48.8361135550101,44.34611432096273,60.228385504113646,51.31000000000006,42.39161449588647,-2.424465362200941,-1.861090317335626,-0.563375044865315
2021-05-18,2368,37084381,1850110356,48.4,52.6,47.1,50.5,2.25,18168,46.070000000000036,47.59000000000004,51.08500000000006,70.45273756866813,50.21126662529159,56.31814980780796,49.30402933730374,59.84531392131504,51.08500000000006,42.324686078685076,-2.0706132564035116,-1.902994905149203,-0.16761835125430857
2021-05-19,2368,22082692,1117783040,50.4,51.8,49.5,50.8,0.3,9939,47.860000000000035,47.72500000000004,50.845000000000056,82.64411293864302,68.61186766826269,57.28972009720387,49.94432466356777,59.3568681850688,50.845000000000056,42.33313181493131,-1.7458503443809832,-1.871565992995559,0.12571564861457585
2021-05-20,2368,13803357,690421155,50.4,51.4,48.85,49.15,-1.65,6382,48.92000000000004,47.78000000000004,50.51250000000006,82.43727598566299,78.5113754976581,50.13455233225802,46.468090016263666,58.73891325244392,50.51250000000006,42.2860867475562,-1.6031346686438894,-1.817879728125225,0.2147450594813356
2021-05-21,2368,17251038,881849286,51.1,52.6,49.95,51.0,1.85,8711,49.94000000000004,47.88000000000004,50.337500000000055,83.63201911588999,82.90446934673206,57.13714395714573,50.61822394423344,58.36363699110522,50.337500000000055,42.311363008894894,-1.3254727042499397,-1.719398323350168,0.3939256191002283
2021-05-24,2368,13266313,688750743,50.6,52.4,50.5,52.4,1.4,6011,50.77000000000004,48.02000000000003,50.11750000000006,87.45519713261639,84.50816407805651,61.86520999579837,53.552828805182905,57.64898557722767,50.11750000000006,42.58601442277244,-0.9811452654313229,-1.571747711766399,0.5906024463350761
2021-05-25,2368,30015433,1614499916,53.0,55.2,52.5,53.7,1.3,12377,51.41000000000004,48.74000000000003,49.922500000000056,92.67777669492894,87.92166431447849,65.93584493196566,56.15820960517841,56.84640605077708,49.922500000000056,42.998593949223036,-0.5964882092009987,-1.376695811253319,0.7802076020523203
2021-05-26,2368,14727351,785386732,53.7,54.4,52.5,53.1,-0.6,6797,51.87000000000004,49.86500000000003,49.81750000000006,90.46647195303466,90.19981526019338,62.352026044543585,54.63494609140396,56.4767248047341,49.81750000000006,43.15827519526602,-0.33618438213505897,-1.1685935254296669,0.8324091432946079
2021-05-27,2368,10212783,532502470,52.7,53.0,51.3,52.5,-0.6,5185,52.540000000000035,50.73000000000003,49.72250000000006,83.18574851547028,88.77666572114468,58.633932674023725,53.08430043133707,56.16831065499025,49.72250000000006,43.27668934500987,-0.17627472409610334,-0.9701297651629541,0.7938550410668508
2021-05-28,2368,9933599,524575986,53.4,53.5,52.2,53.1,0.6,5099,52.960000000000036,51.45000000000003,49.632500000000064,77.56492124308208,83.73904723719573,61.32454972563788,54.47575640936161,55.83219958949485,49.632500000000064,43.43280041050528,-0.0011173028508082439,-0.7763272727005249,0.7752099698497167
2021-05-31,2368,22835457,1251035224,54.6,55.9,53.3,55.2,2.1,10445,53.52000000000004,52.14500000000004,49.772500000000065,80.28971133030801,80.34679369628685,69.44093348896037,59.053209179707785,56.33188068722839,49.772500000000065,43.21311931277174,0.3036483953083291,-0.5603321390987541,0.8639805344070832
2021-06-01,2368,33459091,1902085098,56.1,57.8,56.0,57.1,1.9,17443,54.200000000000045,52.80500000000004,50.19750000000006,85.44125566987009,81.09862941442013,74.98270525722597,62.7068755939725,57.46155362039577,50.19750000000006,42.933446379604355,0.6905315104437406,-0.31015940919025514,1.0006909196339957
2021-06-02,2368,22893039,1307320361,57.2,57.9,56.0,57.4,0.3,12762,55.060000000000045,53.465000000000046,50.59500000000006,91.98679491981186,85.90592063999672,75.79141450605806,63.26425410698143,58.494234140091336,50.59500000000006,42.69576585990879,1.0097073811573125,-0.04618605112074159,1.055893432278054
2021-06-03,2368,14236704,818455144,58.0,58.3,56.8,57.6,0.2,7409,56.080000000000055,54.310000000000045,51.04500000000006,92.30503459975364,89.91102839647859,76.38514969921036,63.654257532868556,59.44773169867923,51.04500000000006,42.64226830132089,1.2642217256632975,0.21589550423606624,1.0483262214272313
2021-06-04,2368,47501139,2713001308,58.0,59.8,54.9,55.6,-2.0,24433,56.580000000000055,54.77000000000005,51.32500000000006,78.44152271455262,87.57778407803943,59.39126269794798,57.12329093333284,59.940306146619896,51.32500000000006,42.70969385338022,1.2896763063940497,0.43065166466766297,0.8590246417263867
2021-06-07,2368,18034241,1015039763,55.8,57.5,54.2,57.1,1.5,8967,56.96000000000006,55.24000000000005,51.63000000000005,69.9497234791352,80.23209359781387,66.00831463266256,60.40455498789527,60.602201513563486,51.63000000000005,42.65779848643662,1.414580307748416,0.6274373932838135,0.7871429144646025
2021-06-08,2368,17444979,1006355695,57.2,58.4,56.4,58.0,0.9,9123,57.14000000000006,55.67000000000005,52.205000000000055,65.88235294117642,71.4245330449548,69.48853078489921,62.27024569124462,61.26203593898079,52.205000000000055,43.14796406101932,1.5681138665559828,0.8155726879382474,0.7525411786177354
2021-06-09,2368,21385026,1234766364,57.6,59.2,56.2,57.0,-1.0,10404,57.06000000000006,56.060000000000045,52.96250000000005,70.07223942208456,68.63477194746547,61.34658523441819,58.94674030392565,60.89268757659565,52.96250000000005,45.03231242340445,1.590761368566966,0.9706104240639911,0.6201509445029748
2021-06-10,2368,53990860,3228772134,57.3,61.5,56.7,61.5,4.5,26762,57.84000000000005,56.96000000000005,53.84500000000005,80.6604747162022,72.20502235982113,76.06808002640997,67.38310924284157,61.44387491672227,53.84500000000005,46.246125083277825,1.949351162238628,1.1663585716989184,0.7829925905397095
2021-06-11,2368,44091213,2621308821,61.5,61.7,58.1,58.7,-2.8,21525,58.46000000000006,57.52000000000005,54.48500000000005,74.38596491228061,75.03955968352251,59.59228476437991,59.227415645758164,61.42719705856801,54.48500000000005,47.542802941432086,1.9847209303604316,1.330031043431221,0.6546898869292106
2021-06-15,2368,18558561,1104470016,59.3,60.4,58.8,59.6,0.9,9156,58.96000000000006,57.96000000000005,55.052500000000045,77.33333333333324,77.45992432060541,62.62774470913667,60.86695794521441,61.713091189976566,55.052500000000045,48.39190881002352,2.0616092566055997,1.4763466860660968,0.5852625705395029
2021-06-16,2368,13842032,818271817,59.7,60.1,58.3,58.9,-0.7,6684,59.14000000000006,58.14000000000004,55.472500000000046,64.88888888888879,72.20272904483427,58.631142804888384,58.88365366367283,61.989667713047766,55.472500000000046,48.95533228695233,2.0425148198278222,1.5895803128184418,0.4529345070093804
2021-06-17,2368,8442078,498624174,59.0,59.5,58.4,59.3,0.4,4541,59.60000000000006,58.33000000000004,55.89750000000005,67.55555555555543,69.92592592592588,60.319297390348595,59.691905418625645,62.24686807879263,55.89750000000005,49.54813192120747,2.036187100758873,1.678901670406528,0.35728543035234517
2021-06-18,2368,28619320,1709189720,59.8,61.4,58.1,58.2,-1.1,13588,58.940000000000055,58.39000000000004,56.350000000000044,61.33333333333321,64.59259259259254,53.33631169264489,56.40800300659038,61.95802995712344,56.350000000000044,50.741970042876645,1.920275786949766,1.7271764937151757,0.1930992932345903
2021-06-21,2368,52602082,3225318439,57.8,63.8,57.4,62.2,4.0,25862,59.64000000000006,59.05000000000005,56.910000000000046,66.76023391812856,65.21637426900578,68.70588114692626,64.13480797602263,62.506034310115794,56.910000000000046,51.3139656898843,2.1266669138862255,1.8070745777493857,0.3195923361368398
2021-06-22,2368,59566690,3763196169,65.0,66.2,60.7,61.2,-1.0,31071,59.96000000000006,59.46000000000005,57.350000000000044,60.760233918128584,62.95126705653018,62.68407641046723,61.21357867859514,62.84126579214591,57.350000000000044,51.85873420785418,2.1843617636069723,1.882532014920903,0.30182974868606927
2021-06-23,2368,39979865,2606527027,61.9,67.3,61.2,67.3,6.1,17126,61.64000000000006,60.39000000000004,58.030000000000044,76.31578947368413,67.94541910331382,77.01865281065767,70.14631181311893,64.77094948801658,58.030000000000044,51.289050511983504,2.6912809562530597,2.044281803187334,0.6469991530657255
2021-06-24,2368,71852995,4762063337,67.8,67.8,64.3,66.6,-0.7,34207,63.100000000000044,61.350000000000044,58.70500000000004,79.48717948717939,72.18773429299743,73.2514261768959,68.20509364694149,66.01567028390627,58.70500000000004,51.39432971609381,3.001929543582577,2.2358113512663826,0.7661181923161942
2021-06-25,2368,56083832,3888845703,68.0,72.0,67.3,67.5,0.9,31428,64.96000000000005,61.950000000000045,59.45500000000004,85.87987355110631,80.56094750399001,75.07981418961477,69.37843932932233,67.1339257061122,59.45500000000004,51.77607429388788,3.2829000374324053,2.445229088499587,0.8376709489328182
2021-06-28,2368,36563509,2523712499,69.5,71.2,67.1,68.5,1.0,18647,66.22000000000006,62.93000000000004,60.225000000000044,77.88900597119765,81.08535300316117,77.10820597793422,70.67344494988562,68.27978118883368,60.225000000000044,52.17021881116641,3.5453937287685093,2.6652620165533714,0.880131712215138
2021-06-29,2368,24877389,1683774465,68.0,69.1,66.0,68.6,0.1,14014,67.70000000000005,63.83000000000004,60.89500000000004,73.97260273972591,79.24716075401001,77.32354489349811,70.80640360541705,69.38392808309685,60.89500000000004,52.40607191690323,3.7186250398863265,2.8759346212199626,0.842690418666364
2021-06-30,2368,19321487,1309041085,68.3,69.7,66.9,66.9,-1.7,10357,67.62000000000005,64.63000000000004,61.38500000000005,72.60273972602731,74.8214494789837,65.16567948840012,65.3797462537802,70.07022308291414,61.38500000000005,52.699776917085956,3.676357548142313,3.0360192066044327,0.6403383415378805
2021-07-01,2368,14880382,992344587,67.1,68.0,65.5,66.9,0.0,7751,67.68000000000004,65.39000000000004,61.86000000000005,68.94977168949764,71.84170471841702,65.16567948840012,65.3797462537802,70.65986363530637,61.86000000000005,53.06013636469373,3.6013461794181794,3.149084601167182,0.45226157825099733
2021-07-02,2368,10632750,713144378,66.9,67.8,66.3,67.3,0.4,5516,67.64000000000004,66.30000000000004,62.34500000000005,62.848021982462434,68.13351113266252,66.83569726939004,66.08896682258823,71.2211421800231,62.34500000000005,53.468857819976996,3.5334444383446453,3.2259565686026748,0.3074878697419705
2021-07-05,2368,20901511,1449060501,67.9,71.1,67.5,69.0,1.7,12125,67.74000000000004,66.98000000000003,63.01500000000006,65.23259833964151,65.6767973372006,73.20513438964919,68.99595366776119,71.7756563681028,63.01500000000006,54.25434363189732,3.5755904310836755,3.295883341098875,0.27970708998480065
2021-07-06,2368,16127696,1130181648,69.4,71.5,68.7,70.5,1.5,9485,68.12000000000005,67.91000000000003,63.68500000000006,70.38292746257336,66.15451592822585,77.62817327932024,71.331229246254,72.58225238486469,63.68500000000006,54.78774761513543,3.6875214461232773,3.3742109621037555,0.3133104840195218
2021-07-07,2368,37142792,2706568404,70.1,75.6,69.5,71.5,1.0,22289,69.04000000000005,68.33000000000003,64.36000000000006,70.71588111192061,68.77713563804524,80.17364140006296,72.80201660671266,73.47534969159048,64.36000000000006,55.24465030840964,3.812965729175687,3.461961915518142,0.3510038136575453
2021-07-08,2368,42301482,3210496807,72.0,78.4,71.0,77.9,6.4,24480,71.24000000000005,69.46000000000002,65.40500000000006,78.6831507070972,73.26065309386378,89.28048769033275,79.90684519679768,75.6301601454441,65.40500000000006,55.17983985455602,4.37833699676176,3.6452369317668656,0.7331000649948947
2021-07-09,2368,33885918,2642807293,76.0,80.4,75.4,77.1,-0.8,20644,73.20000000000005,70.42000000000003,66.18500000000006,77.79410686503319,75.73104622801706,83.67543341204387,77.19236943147344,77.4288916750376,66.18500000000006,54.941108324962514,4.707578451460108,3.857705235705514,0.8498732157545943
2021-07-12,2368,33418456,2684332613,78.0,83.2,78.0,80.0,2.9,19232,75.40000000000005,71.57000000000002,67.25000000000006,85.29909465194747,80.59211740802601,87.10038737259876,79.86286770522153,79.4505737569994,67.25000000000006,55.04942624300071,5.143222571791185,4.114808702922648,1.0284138688685367
2021-07-13,2368,29380256,2371053563,81.6,83.6,77.3,79.5,-0.5,18091,77.20000000000005,72.66000000000003,68.24500000000006,79.04043974881101,80.71121375526396,83.57343085503382,78.1635556868645,81.02004990205424,68.24500000000006,55.46995009794588,5.386040927357797,4.369055147809678,1.0169857795481194
2021-07-14,2368,15470650,1231619063,81.1,81.7,77.5,80.1,0.6,8972,78.92000000000004,73.98000000000003,69.30500000000005,79.6792521267707,81.33959550917646,84.45469730663172,78.74793560183419,82.3184507337593,69.30500000000005,56.29154926624079,5.562767092803341,4.607797536808411,0.9549695559949303
2021-07-15,2368,24486803,1902631035,80.9,80.9,75.7,77.9,-2.2,13616,78.92000000000004,75.08000000000003,70.23500000000006,73.90437523914512,77.54135570490901,68.69039940852788,71.22163732817067,82.90958480582213,70.23500000000006,57.56041519417797,5.4623358310549435,4.778705195657717,0.6836306353972263
2021-07-16,2368,16289100,1251292918,76.3,78.7,75.5,77.4,-0.5,9972,78.98000000000005,76.09000000000003,71.19500000000006,67.5847737213531,73.72280036242303,65.45102328061249,69.59367619040886,82.9533119536764,71.19500000000006,59.43668804632373,5.281515488305573,4.879267254187289,0.40224823411828403
2021-07-19,2368,12797994,978698376,77.0,78.4,75.5,75.5,-1.9,7366,78.08000000000004,76.74000000000004,71.86000000000006,55.17957550875113,65.55624148974984,54.1332751359863,63.640685432847654,82.99613936694284,71.86000000000006,60.72386063305727,4.928091966341768,4.889032196618184,0.03905976972358349
2021-07-20,2368,14508406,1075545091,74.5,75.6,73.1,74.9,-0.6,8266,77.16000000000004,77.18000000000004,72.54500000000006,43.96494472890296,55.57643131966912,50.89114638484451,61.841693817612374,82.60769844524663,72.54500000000006,62.48230155475349,4.547169355500131,4.820659628394574,-0.27349027289444283
2021-07-21,2368,10521188,788056144,75.5,76.7,73.5,74.0,-0.9,6125,75.94000000000003,77.43000000000004,72.88000000000007,27.359000337723668,42.16784019179264,46.063243574928755,59.141097847481575,82.66419133091586,72.88000000000007,63.09580866908428,4.125111248937586,4.681549952503176,-0.5564387035655907
2021-07-22,2368,15225328,1154033570,75.5,77.3,74.2,75.6,1.6,9192,75.48000000000005,77.20000000000003,73.33000000000007,21.11111111111103,30.811685392579275,54.931080428454884,62.29360049697906,82.73810289059195,73.33000000000007,63.92189710940819,3.8750644560588086,4.520252853214303,-0.6451883971554944
2021-07-23,2368,8956277,667553932,76.0,76.4,73.5,73.7,-1.9,5735,74.74000000000004,76.86000000000004,73.64000000000007,12.698412698412625,20.389508049082497,44.74020971262007,56.69907752175345,82.6598447880196,73.64000000000007,64.62015521198055,3.4834316188340324,4.312888606338249,-0.8294569875042166
2021-07-26,2368,10381942,778771293,74.2,76.2,72.5,75.8,2.1,6074,74.80000000000004,76.44000000000003,74.00500000000007,21.797791580400173,18.53577179664133,55.40776444533563,60.88084143303145,82.74993567729149,74.00500000000007,65.26006432270864,3.3044209159504163,4.111195068260683,-0.8067741523102665
2021-07-27,2368,11891506,879768201,75.8,77.3,72.0,73.0,-2.8,7439,74.42000000000004,75.79000000000003,74.22500000000007,17.606601995952158,17.367602091588378,42.61184466375872,53.46657563104247,82.62973081067834,74.22500000000007,65.82026918932179,2.9031513234808983,3.8695863193047257,-0.9664349958238274
2021-07-28,2368,11088855,791071895,72.5,73.7,68.3,72.2,-0.8,6414,74.06000000000004,75.00000000000003,74.49000000000007,28.20184009119024,22.535411222514245,39.56603892834677,51.53545133380679,82.26480546380215,74.49000000000007,66.71519453619798,2.4918643057514487,3.5940419165940702,-1.1021776108426216
2021-07-29,2368,10075227,731432253,73.6,74.5,70.9,72.5,0.3,5960,73.44000000000005,74.46000000000004,74.77000000000007,30.10670449067368,25.30504885927208,41.39859777845331,52.232204590856476,81.79882636006639,74.77000000000007,67.74117363993375,2.1651651972084096,3.308266572716938,-1.1431013755085284
2021-07-30,2368,6435418,468002418,72.7,74.2,71.5,71.5,-1.0,3969,73.00000000000006,73.87000000000003,74.98000000000006,38.21323799046562,32.1739275241099,37.031672762206654,49.668885462641825,81.3208516778088,74.98000000000006,68.63914832219132,1.8047580301481077,3.007564864203172,-1.2028068340550644
2021-08-02,2368,8675215,621647604,72.6,73.2,69.5,72.6,1.1,4955,72.36000000000006,73.58000000000004,75.16000000000005,41.63916391639152,36.65303546584366,44.53948611928683,52.43415161276697,80.99588896398583,75.16000000000005,69.32411103601427,1.5895699872359188,2.7239658888097216,-1.1343959015738028
2021-08-03,2368,5788975,423222530,72.6,74.0,72.4,72.8,0.2,3502,72.32000000000006,73.37000000000003,75.27500000000006,44.44444444444432,41.432282117100534,45.90756747203338,52.94040802970673,80.82256703429206,75.27500000000006,69.72743296570806,1.4188150249857898,2.462935716044935,-1.0441206910591454
2021-08-04,2368,26065016,1940867801,73.5,77.5,72.4,72.9,0.1,15560,72.46000000000006,73.26000000000003,75.34500000000006,49.25925925925915,45.11428920669838,46.67488762970865,53.20856945454003,80.7333114238108,75.34500000000006,69.95668857618931,1.2768410229381288,2.2257167774235738,-0.9488757544854449
2021-08-05,2368,8779090,634050915,72.2,73.2,71.6,71.6,0.0,5222,72.28000000000006,72.86000000000004,75.03000000000006,45.28985507246366,46.33118625872243,38.410977325753635,49.27738152770667,80.519663013334,75.03000000000006,69.54033698666612,1.04735323189864,1.990044068318587,-0.9426908364199469
2021-08-06,2368,5420012,390073440,72.0,73.0,70.6,72.0,0.4,3344,72.38000000000007,72.69000000000003,74.77500000000006,42.02898550724627,45.52603327965642,42.09148852818474,50.4894885236331,80.32977272262023,74.77500000000006,69.22022727737989,0.8875282875583252,1.7695409121665346,-0.8820126246082094
2021-08-09,2368,10622852,756598457,72.0,73.7,69.5,69.8,-2.2,5740,71.82000000000006,72.09000000000003,74.26500000000006,30.797101449275228,39.37198067632844,30.424907978680544,44.22918231858428,79.67841851328397,74.26500000000006,68.85158148671614,0.5766964560944388,1.5309720209521154,-0.9542755648576766
2021-08-10,2368,9246018,634362827,70.5,70.5,67.6,67.6,-2.2,5139,70.78000000000006,71.55000000000004,73.67000000000004,18.840579710144805,30.55555555555549,22.990524379598014,39.018973515776416,79.26396102953653,73.67000000000004,68.07603897046356,0.15109662852478323,1.254996942466649,-1.1039003139418657
2021-08-11,2368,9412697,630941538,68.1,69.0,65.1,66.7,-0.9,5227,69.54000000000006,71.00000000000003,73.00000000000006,9.735857877512752,19.791179678977652,20.589343828473066,37.093875106297226,78.56273314117865,73.00000000000006,67.43726685882146,-0.2558673005229366,0.9528240938687318,-1.2086913943916684
2021-08-12,2368,4497886,300253909,67.0,67.4,65.7,66.7,0.0,2788,68.56000000000007,70.42000000000004,72.44000000000005,8.602150537634325,12.392862708430684,20.589343828473066,37.09387510629722,78.16936296633156,72.44000000000005,66.71063703366855,-0.5717978170073508,0.6478997116935152,-1.219697528700866
2021-08-13,2368,10476953,668525305,67.0,67.2,61.7,63.0,-3.7,5473,66.76000000000008,69.57000000000004,71.72000000000006,11.344766571389593,9.894258328845615,12.994837073663923,30.029763021629847,78.32714764478372,71.72000000000006,65.11285235521639,-1.107962206651763,0.29672732802445956,-1.4046895346762225
2021-08-16,2368,6049972,374121013,62.5,63.6,60.8,61.8,-1.2,3374,65.16000000000007,68.49000000000004,71.03500000000005,9.039699286604304,9.662205465209466,11.403309105401286,28.15690644938896,78.69013553113017,71.03500000000005,63.37986446886994,-1.6111341676933648,-0.08484497111910533,-1.5262891965742595
2021-08-17,2368,7368695,441490172,62.6,62.6,58.4,58.4,-3.4,4262,63.32000000000007,67.05000000000004,70.21000000000005,4.738624017787078,8.37436329192705,8.117134479385166,23.65533566352876,79.41975569708417,70.21000000000005,61.00024430291593,-2.2582217819830106,-0.5195203332918863,-1.7387014486911243
2021-08-18,2368,15478679,949420896,57.1,64.2,56.5,64.2,5.8,8920,62.82000000000007,66.18000000000004,69.72000000000006,16.918488604186848,10.232270636192801,41.60714662212423,40.98762712463111,79.11203918219957,69.72000000000006,60.327960817800545,-2.2767864737258208,-0.8709735613786732,-1.4058129123471477
2021-08-19,2368,13346456,840969769,62.5,64.8,61.9,62.1,-2.1,8497,61.90000000000008,65.23000000000005,69.04500000000004,25.775193798449482,15.810768806807863,36.05584812137343,37.65437107305446,78.58889333553017,69.04500000000004,59.501106664469916,-2.4329065430545,-1.1833601577138386,-1.2495463853406614
2021-08-20,2368,33471323,2251106302,62.7,68.3,61.4,68.3,6.2,11978,62.96000000000008,64.86000000000004,68.77500000000005,53.87043189368757,32.18803809877469,56.18954720517818,50.463000831259016,78.07938068868496,68.77500000000005,59.47061931131513,-2.032910511411103,-1.3532702284532916,-0.6796402829578114
2021-08-23,2368,42300121,2883772159,69.4,69.5,66.9,68.4,0.1,22349,64.28000000000009,64.72000000000004,68.40500000000006,69.46077178635305,49.702132492830096,56.44758899409169,50.63914664045426,77.13322433258745,68.40500000000006,59.67677566741267,-1.688379027799769,-1.420291988322587,-0.26808703947718193
2021-08-24,2368,42428765,3028225251,69.2,73.7,68.1,71.9,3.5,25402,66.98000000000009,65.15000000000003,68.35000000000005,88.45301984836856,70.59474117613645,64.89143360161653,56.47298312287185,76.97496376803838,68.35000000000005,59.725036231961724,-1.120003887901433,-1.3602343682383562,0.2402304803369233
2021-08-25,2368,27828504,2023400752,72.1,74.0,71.5,73.6,1.7,16761,68.86000000000008,65.84000000000003,68.42000000000004,92.92921032455904,83.61433398642696,68.36678721186773,59.00720526471454,77.19031356337852,68.42000000000004,59.649686436621565,-0.5263196171787854,-1.193451418026442,0.6671318008476566
2021-08-26,2368,22008301,1583810984,73.4,74.4,70.6,71.0,-2.6,13325,70.64000000000007,66.27000000000002,68.34500000000006,89.41825200913142,90.26682739401974,58.10404364821673,53.84386100892454,76.9993572840492,68.34500000000006,59.690642715950915,-0.26259183108921036,-1.0072795006389956,0.7446876695497853
2021-08-27,2368,26499411,1808525577,70.0,70.6,66.9,67.0,-4.0,16333,70.38000000000008,66.67000000000003,68.12000000000005,79.12636339451966,87.15794190940345,45.7716292334723,47.02617469040171,76.66788862819227,68.12000000000005,59.57211137180783,-0.3720633168470755,-0.8802362638806116,0.5081729470335361
2021-08-30,2368,25129554,1747184394,67.3,70.5,67.3,70.2,3.2,13520,70.74000000000007,67.51000000000003,68.00000000000006,72.0670391061451,80.20388483659879,54.73792377197662,52.236573505193704,76.3582294775851,68.00000000000006,59.641770522415015,-0.19832088184999463,-0.7438531874744883,0.5455323056244936
2021-08-31,2368,33599383,2422988942,70.1,73.5,70.0,73.5,3.3,21254,71.06000000000006,69.02000000000004,68.03500000000005,76.0908179343932,75.76140681168606,62.24789636574633,56.940175166162796,76.47876101035405,68.03500000000005,59.59123898964606,0.2033100388098319,-0.5544205422176243,0.7577305810274562
2021-09-01,2368,24494971,1789138096,72.8,74.8,71.8,73.9,0.4,14684,71.12000000000005,69.99000000000004,68.08500000000006,87.63227267187898,78.59670990413916,63.1133930911946,57.486676035412465,76.65431152426905,68.08500000000006,59.51568847573108,0.5475700474315204,-0.3340224242877953,0.8815924717193158
2021-09-02,2368,23404217,1709420794,74.1,75.0,71.2,71.8,-2.1,15482,71.28000000000006,70.96000000000002,68.09500000000006,82.28477744232289,82.00262268286508,55.3422143556124,53.63780315817862,76.68114581753512,68.09500000000006,59.50885418246499,0.6435279453837666,-0.13851235035348292,0.7820402957372494
2021-09-03,2368,15389709,1105882608,71.6,72.8,70.5,72.8,1.0,9139,72.44000000000005,71.41000000000003,68.13500000000006,75.53897180762836,81.81867397394346,58.2014754519845,55.17678933713661,76.80062750180123,68.13500000000006,59.469372498198894,0.7911470626354173,0.047419532244297125,0.7437275303911202
2021-09-06,2368,11455452,817167651,72.8,72.8,70.3,71.0,-1.8,6481,72.60000000000005,71.67000000000003,68.19500000000006,61.316872427983334,73.04687389264491,51.303482149104305,51.840980834089336,76.92230771773148,68.19500000000006,59.46769228226864,0.7541974016487103,0.18877510612517975,0.5654222955235305
2021-09-07,2368,18823303,1300314709,71.5,72.4,67.5,67.5,-3.5,11237,71.40000000000006,71.23000000000003,68.19000000000007,43.621399176954526,60.159081137522115,40.43263975970521,46.01553243576877,76.91877998347825,68.19000000000007,59.4612200165219,0.4374511156716778,0.23851030803447937,0.19894080763719846
2021-09-08,2368,21258631,1376029344,66.7,67.0,63.3,63.4,-4.1,12056,69.30000000000004,70.21000000000002,68.02500000000006,19.62646407090833,41.52157855861544,31.353171155583016,40.302247184838826,76.9819805180081,68.02500000000006,59.06801948199203,-0.1427626538621496,0.16225571565515357,-0.30501836951730316
2021-09-09,2368,28008785,1893289888,65.0,69.6,64.6,69.0,5.6,16145,68.74000000000004,70.01000000000002,68.14000000000007,18.993352326685493,27.41373852484949,49.44380167008732,49.5211594353689,77.08503214080143,68.14000000000007,59.19496785919871,-0.14899551997712024,0.1000054685286988,-0.24900098850581903
2021-09-10,2368,22500048,1582463756,68.0,71.5,68.0,71.4,2.4,13690,68.46000000000004,70.45000000000002,68.56000000000007,39.60113960113947,26.073651999577805,55.32981186313592,52.87960647850419,77.28637381734069,68.56000000000007,59.83362618265945,0.03927212645676548,0.08785880011431213,-0.04858667365754665
2021-09-13,2368,33509937,2277633554,70.5,70.5,66.8,66.8,-4.6,20296,67.62000000000003,70.11000000000001,68.81000000000007,49.28774928774916,35.96074707185809,43.90072208549692,46.49457957150113,77.01850778156229,68.81000000000007,60.601492218437855,-0.18062384430251655,0.034162271230946395,-0.21478611553346294
2021-09-14,2368,17223455,1150930878,65.8,68.0,65.6,67.1,0.3,10126,67.54000000000003,69.47000000000001,69.24500000000006,43.87464387464373,44.25451092117749,44.76877724245737,46.94451779544044,75.99288114892205,69.24500000000006,62.49711885107808,-0.32691699695664056,-0.038053582406571,-0.2888634145500696
2021-09-15,2368,10086214,680814339,66.6,68.4,66.1,67.9,0.8,6290,68.44000000000003,68.87000000000002,69.43000000000006,36.93807167491365,43.36682161243556,47.305488046860226,48.19556997577101,75.80717805929689,69.43000000000006,63.05282194070324,-0.3739909257089238,-0.10524105106704157,-0.2687498746418822
2021-09-16,2368,9863235,668345463,67.8,68.5,66.8,68.1,0.2,5714,68.26000000000003,68.50000000000003,69.73000000000006,43.80866696656157,41.54046083870636,48.002049322152764,48.52237472131571,75.19958864997882,69.73000000000006,64.2604113500213,-0.39065578811361945,-0.16232399847635715,-0.2283317896372623
2021-09-17,2368,70673383,5135711111,68.9,74.9,68.5,74.0,5.9,37782,68.78000000000004,68.62000000000003,70.01500000000007,63.72958257713234,48.15877373953589,64.26132495314931,57.11677526033887,75.74466840226995,70.01500000000007,64.28533159773019,0.07139488422588158,-0.11558022193590939,0.18697510616179097
2021-09-22,2368,29061594,2108021432,72.6,74.0,71.2,74.0,0.0,18100,70.22000000000004,68.92000000000003,70.29500000000006,78.33635813672093,61.95820256013832,64.26132495314933,57.11677526033886,76.22542157017355,70.29500000000006,64.36457842982657,0.43258677982832694,-0.0059468215830621035,0.43853360141138903
2021-09-23,2368,75870558,5799626958,75.7,78.9,74.0,75.2,1.2,40872,71.84000000000005,69.69000000000003,70.46000000000006,86.20287758218775,76.08960609868039,67.10854398660466,58.74160556457062,76.73356358061147,70.46000000000006,64.18643641938866,0.8063686150743763,0.1565162657484256,0.6498523493259507
2021-09-24,2368,39548221,2957520516,76.0,77.2,73.0,73.2,-2.0,22922,72.90000000000003,70.67000000000004,70.44000000000007,74.50337019302522,79.68086863731135,58.10718995256695,55.00113969727126,76.67583194128684,70.44000000000007,64.2041680587133,0.9304840858218455,0.3113098297631096,0.6191742560587359
2021-09-27,2368,47061454,3211509071,69.0,69.3,66.8,67.8,-5.4,26357,72.84000000000005,70.55000000000004,70.28000000000006,49.270028217396515,69.99209199753655,40.848252275422595,46.40851234043039,76.61359297713213,70.28000000000006,63.94640702286798,0.5863525134921304,0.36631836650891375,0.2200341469832166
2021-09-28,2368,45827866,3049300238,66.3,68.3,65.3,68.3,0.5,24091,71.70000000000005,70.24000000000004,70.34500000000006,31.914344685242394,51.89591436522142,42.68715677264588,47.23056131420186,76.568335118727,70.34500000000006,64.1216648812731,0.3499377202025613,0.3630422372476433,-0.013104517045081976
2021-09-29,2368,28621199,1888529686,66.5,67.8,64.4,64.4,-3.9,15981,69.78000000000004,70.00000000000003,70.05500000000006,12.866725637623341,31.350366180087466,33.27395426966497,41.83957280350777,76.79724739979012,70.05500000000006,63.312752600210004,-0.15038655055369077,0.26035647968737646,-0.41074303024106723
2021-09-30,2368,18133240,1181700955,65.1,66.4,64.0,65.0,0.6,10442,67.74000000000004,69.79000000000003,69.63000000000007,9.590077641794842,18.123715988220244,35.81440725297481,42.91903620737494,76.52002177064614,69.63000000000007,62.73997822935399,-0.4928014458692189,0.10972489457605736,-0.6025263404452763
2021-10-01,2368,20738896,1308407921,64.4,66.0,60.9,62.0,-3.0,11515,65.50000000000004,69.20000000000003,69.03500000000005,4.274173502361298,8.910325593926544,29.305823514269807,39.0194692560489,76.38708133796027,69.03500000000005,61.68291866203984,-0.9947754926734831,-0.11117518287385075,-0.8836003097996323
2021-10-04,2368,13773981,855398473,63.0,63.4,61.1,61.1,-0.9,7519,64.16000000000005,68.50000000000003,68.50000000000006,4.644543872731673,6.169598338962654,27.553275185235876,37.90674177204073,76.49824980855065,68.50000000000006,60.50175019144945,-1.448518401221861,-0.3786438265434528,-1.0698745746784082
2021-10-05,2368,20698343,1317709911,59.6,65.9,59.1,65.3,4.2,12102,63.560000000000045,67.63000000000002,68.12500000000006,12.845117845117718,7.2546117400702785,45.34751865449789,45.69027094936072,75.98372127002727,68.12500000000006,60.26627872997283,-1.4524649147429898,-0.5934080441833602,-0.8590568705596295
2021-10-06,2368,19649629,1251306612,65.0,65.7,61.7,61.9,-3.4,11029,63.060000000000045,66.42000000000003,67.67000000000006,15.96461856130351,11.151426759717685,36.80886154717992,41.18906997246079,75.85708739418227,67.67000000000006,59.48291260581784,-1.7102296770203083,-0.8167723707507498,-0.8934573062695584
2021-10-07,2368,18487906,1210213760,63.4,66.3,63.4,66.2,4.3,9663,63.30000000000005,65.52000000000002,67.60500000000006,38.796862570018114,22.5355329921465,50.54791914801192,48.14661471323907,75.81705820729371,67.60500000000006,59.39294179270641,-1.5496723861889166,-0.9633523738383831,-0.5863200123505334
2021-10-08,2368,23231369,1564927138,66.9,68.9,65.5,67.2,1.0,13666,64.34000000000005,64.92000000000003,67.79500000000006,55.910172540470946,36.890551223930906,53.30260304997234,49.63875830347942,75.78185795541542,67.79500000000006,59.8081420445847,-1.32644747301687,-1.0359713936740804,-0.29047607934278963
2021-10-12,2368,7901128,526893919,66.7,67.7,65.9,66.5,-0.7,5326,65.42000000000004,64.79000000000003,67.67000000000006,75.92370281445899,56.876912641649405,50.98328736460548,48.5848161145634,75.65576233054684,67.67000000000006,59.68423766945329,-1.1922804045998419,-1.0672331958592327,-0.12504720874060915
2021-10-13,2368,9306784,601924987,67.0,67.4,63.2,63.5,-3.0,6459,65.06000000000003,64.31000000000003,67.27500000000006,67.68707482993183,66.50698339495398,41.87328509758509,44.248669166394215,75.26521276312329,67.27500000000006,59.284787236876845,-1.3128927537933208,-1.1163651074460503,-0.1965276463472705
2021-10-14,2368,7200125,463338840,64.9,65.7,63.4,63.6,0.1,4813,65.40000000000005,64.23000000000005,67.11500000000005,55.44217687074815,66.35098483837972,42.27441453208853,44.42671545393284,75.26344156878999,67.11500000000005,58.96655843121012,-1.3844506598133677,-1.1699822179195138,-0.21446844189385383
2021-10-15,2368,10025781,661712412,65.5,66.7,65.3,65.4,1.8,5788,65.24000000000005,64.27000000000004,67.03000000000006,51.70068027210872,58.27664399092962,49.58111470578086,47.666489627884516,75.2126890445612,67.03000000000006,58.847310955438914,-1.2811475872101141,-1.1922152917776339,-0.08893229543248027
2021-10-18,2368,7138327,462167073,66.0,66.4,63.6,64.0,-1.4,4517,64.60000000000005,64.47000000000004,66.83500000000006,53.40136054421757,53.51473922902486,44.47309446483437,45.44728752478114,75.11081415934277,66.83500000000006,58.55918584065737,-1.2972930706439172,-1.2132308475508906,-0.08406222309302658
2021-10-19,2368,14051984,929102767,64.2,67.5,64.2,65.2,1.2,7944,64.34000000000006,64.88000000000004,66.69000000000007,54.298941798941684,53.13366087175604,49.659363321839244,47.69511924590866,74.97369482779115,66.69000000000007,58.40630517220899,-1.1994322035832994,-1.2104711187573725,0.011038915174073072
2021-10-20,2368,8160731,534776469,66.0,66.7,64.5,65.6,0.4,5173,64.76000000000006,64.91000000000005,66.27000000000007,46.905458089668436,51.53525347760928,51.42377863968986,48.457507663595756,73.85052768611634,66.27000000000007,58.6894723138838,-1.0771830091217538,-1.1838134968302487,0.10663048770849493
2021-10-21,2368,9578185,626321026,65.6,66.7,64.2,65.4,-0.2,5384,65.12000000000005,65.26000000000005,65.84000000000006,43.10428849902519,48.10289612921182,50.39345644155274,48.08014879233014,72.54265618989797,65.84000000000006,59.137343810102145,-0.9850825518185786,-1.1440673078279147,0.15898475600933604
2021-10-22,2368,33750183,2317031470,65.6,70.9,65.2,69.5,4.1,18242,65.94000000000005,65.59000000000005,65.55500000000006,54.173312068048745,48.06101955224751,66.46376025984944,55.696845846391575,71.01008020105807,65.55500000000006,60.09991979894206,-0.5746325348224275,-1.0301803532268172,0.45554781840438974
2021-10-25,2368,30262806,2024105050,68.9,68.9,65.6,67.6,-1.9,15322,66.66000000000005,65.63000000000004,65.27500000000006,59.185843396369556,52.15448132114789,56.55784697075802,51.89729392300656,69.58678617280283,65.27500000000006,60.96321382719729,-0.3980733188303276,-0.9037589463475193,0.5056856275171917
2021-10-26,2368,19130032,1287281910,67.8,69.0,66.0,66.1,-1.5,11170,66.84000000000006,65.59000000000005,65.19000000000005,58.320346320346125,57.22650059492153,49.73098499222584,49.05228664767884,69.36415859784663,65.19000000000005,61.015841402153484,-0.3748651203313216,-0.7979801811442797,0.42311506081295813
2021-10-27,2368,19935588,1325172370,66.5,67.7,65.6,66.5,0.4,12402,67.02000000000005,65.89000000000004,65.10000000000005,44.28962818003895,53.93193929891827,51.55040887962533,49.84193343248472,69.07492138286757,65.10000000000005,61.12507861713253,-0.3205012597371564,-0.702484396862855,0.38198313712569865
2021-10-28,2368,13489345,894924617,66.3,67.2,65.7,66.1,-0.4,8829,67.16000000000005,66.14000000000004,65.18500000000004,36.65753424657516,46.42250291565347,49.461831823296585,49.02365974262324,69.1691059222841,65.18500000000004,61.20089407771599,-0.30616488736581005,-0.623220494963446,0.31705560759763596
2021-10-29,2368,11746918,783496204,66.5,67.5,66.0,66.4,0.3,6515,66.54000000000005,66.24000000000004,65.25500000000005,35.602807878415994,38.84999010167676,51.1921120951463,49.690769553370345,69.27269834606548,65.25500000000005,61.23730165393462,-0.2675120043128629,-0.5520787968333294,0.28456679252046646
2021-11-01,2368,9429696,629047590,67.0,67.3,66.0,66.8,0.4,5792,66.38000000000005,66.52000000000004,65.49500000000005,35.29612212908046,35.85215475135726,53.660070602532706,50.61869829860611,69.2725521174408,65.49500000000005,61.71744788255929,-0.2022710047207994,-0.4821172384108234,0.279846233690024
2021-11-02,2368,33781752,2315313398,67.4,70.1,66.9,68.7,1.9,18903,66.90000000000006,66.87000000000003,65.87500000000006,46.26865671641777,39.0558622413048,63.80295282083709,54.876164908711765,69.32224527702553,65.87500000000006,62.42775472297458,0.0027157727911628626,-0.3851506361704261,0.38786640896158897
2021-11-03,2368,12963068,888463797,68.0,69.8,67.3,69.2,0.5,8427,67.44000000000005,67.23000000000005,66.07000000000006,58.715195950074026,46.759991598524145,66.08222683416622,55.95241186623034,69.7951040253894,66.07000000000006,62.344895974610715,0.2031730398128957,-0.26748590097376174,0.47065894078665743
2021-11-04,2368,27137803,1928222243,70.0,72.4,69.6,70.5,1.3,16149,68.32000000000005,67.74000000000004,66.50000000000006,69.79948041012672,58.26111102553957,71.52170793827378,58.70987766364073,70.18564783992957,66.50000000000006,62.81435216007054,0.4616147955727854,-0.12166576166445228,0.5832805572372377
2021-11-05,2368,12240558,864543636,70.7,72.0,69.7,69.8,-0.7,7725,69.00000000000006,67.77000000000004,66.68000000000005,67.99965600275182,65.50477745431759,64.97561705019925,56.653265866395564,70.63150604200185,66.68000000000005,62.728493957998246,0.60299662933825,0.023266716536088194,0.5797299128021618
2021-11-08,2368,10049830,699407574,70.4,71.0,68.5,68.9,-0.9,5619,69.42000000000004,67.90000000000003,66.76500000000006,60.78431372549009,66.19448337945627,57.13202447623736,54.03251646914524,70.82912352174192,66.76500000000006,62.700876478258195,0.6350992440623315,0.14563322204133686,0.48946602202099465
2021-11-09,2368,21136273,1510467099,69.8,72.5,69.7,71.4,2.5,11620,69.96000000000006,68.43000000000004,67.01000000000006,64.7058823529411,64.4966173603944,69.186532214898,59.620370542652665,71.54426951117509,67.01000000000006,62.475730488825036,0.8524434664921614,0.2869952709315018,0.5654481955606596
2021-11-10,2368,15755516,1097630083,70.9,71.0,69.0,69.3,-2.1,9633,69.98000000000006,68.71000000000002,67.30000000000005,61.040723981900385,62.17697335344392,54.23941126963214,53.71369243103244,71.63681911082068,67.30000000000005,62.96318088917942,0.8454915784643475,0.39869453243807096,0.44679704602627657
2021-11-11,2368,10473296,737881473,69.3,71.3,69.3,70.3,1.0,5271,69.94000000000007,69.13000000000002,67.63500000000006,66.9155354449471,64.22071392659626,59.14316045746204,55.951609880399864,71.8088591255545,67.63500000000006,63.46114087444562,0.9101817906537804,0.5009919840812128,0.40918980657256754
2021-11-12,2368,26577398,1938704425,70.0,74.5,70.0,72.9,2.6,14975,70.56000000000006,69.78000000000002,68.01000000000006,65.29014844804307,64.41546929163025,69.16592813709109,61.20378197936706,72.63640249005347,68.01000000000006,63.383597509946654,1.1578999706807878,0.6323735814011278,0.52552638927966
2021-11-15,2368,34436631,2620722583,73.8,77.6,73.8,77.1,4.2,22335,72.20000000000007,70.81000000000003,68.66500000000005,80.0822818809532,70.76265525798118,78.91432398655346,67.86873836858771,74.40931022838942,68.66500000000005,62.92068977161068,1.6738284596400632,0.8406645570489149,0.8331639025911484
2021-11-16,2368,19676812,1499045977,77.1,77.8,74.5,76.1,-1.0,13237,73.14000000000007,71.55000000000003,69.21000000000005,85.27114319884679,76.88119117594773,72.54346394526664,65.00527321934031,75.57110053371125,69.21000000000005,62.84889946628885,1.9791988887717906,1.06837142339349,0.9108274653783006
2021-11-17,2368,15663881,1191260279,76.5,76.9,74.9,76.6,0.5,10121,74.60000000000007,72.29000000000002,69.76000000000005,87.98761178967868,84.44701228982628,73.77832867709813,65.78263533492414,76.6570718424547,69.76000000000005,62.862928157545404,2.235780291780742,1.3018531970709404,0.9339270947098015
2021-11-18,2368,27612772,2116851969,77.5,80.0,74.3,74.3,-2.3,16702,75.40000000000006,72.67000000000002,70.20500000000004,73.08399563659016,82.11425020837193,59.43312206096749,59.261328121917664,77.0677909774367,70.20500000000004,63.342209022563374,2.2278508463685966,1.4870527269304716,0.740798119438125
2021-11-19,2368,29032705,2110611868,74.4,75.8,71.0,72.0,-2.3,16378,75.22000000000007,72.89000000000001,70.33000000000004,54.93476135832364,72.00212292819755,48.44396322967894,53.54488287225089,77.22785473897419,70.33000000000004,63.4321452610259,2.012773920802175,1.5921969657048123,0.4205769550973628
2021-11-22,2368,14822622,1060031892,72.8,73.2,70.8,71.2,-0.8,9066,74.04000000000006,73.12000000000003,70.51000000000005,32.5691699604742,53.52930898512938,45.062822577414316,51.67762603997951,77.3005522603089,70.51000000000005,63.7194477396912,1.7575110996797463,1.6252597924997991,0.13225130717994715
2021-11-23,2368,10581261,745343559,71.1,71.9,69.5,69.5,-1.7,6366,72.72000000000007,72.93000000000004,70.68000000000005,16.380628717077222,34.62818667862507,38.415643120988356,47.858298078505186,77.18464449451167,70.68000000000005,64.17535550548843,1.4018777087755012,1.5805833757549395,-0.17870566697943824
2021-11-24,2368,12403146,875067585,69.9,71.9,69.1,71.7,2.2,7146,71.74000000000007,73.17000000000004,70.94000000000005,15.240789962559589,21.39686288003705,49.632896673007096,52.72743521111713,77.16523895123544,70.94000000000005,64.71476104876467,1.2827703203602,1.5210207646759915,-0.23825044431579157
2021-11-25,2368,8247757,585804359,71.2,72.2,70.3,70.6,-1.1,5241,71.00000000000007,73.20000000000005,71.16500000000005,13.161279259195664,14.927565979610876,44.86585579290898,50.20307232154854,76.98643453110822,71.16500000000005,65.34356546889188,1.0870848129651876,1.4342335743338306,-0.34714876136864303
2021-11-26,2368,11011895,763711210,71.0,71.6,68.2,68.6,-2.0,6865,70.32000000000008,72.77000000000005,71.27500000000005,13.668169802518932,14.023413008091445,37.272236683212384,45.90026112173604,76.80812750621008,71.27500000000005,65.74187249379001,0.7618373662828901,1.2997543327236425,-0.5379169664407524
2021-11-29,2368,8326370,575960773,67.5,70.2,67.3,70.2,1.6,5496,70.12000000000008,72.08000000000006,71.44500000000005,13.328648022557934,13.386032361424228,45.82945879172299,49.62033799478285,76.61470985645933,71.44500000000005,66.27529014354077,0.6259672884972503,1.164996923878364,-0.5390296353811137
2021-11-30,2368,21764121,1580891323,71.4,74.3,71.0,71.9,1.7,13036,70.60000000000007,71.66000000000005,71.60500000000005,20.814982872903496,15.937266899326838,53.66482868914568,53.29512821383576,76.6207651460148,71.60500000000005,66.58923485398529,0.6479953781125118,1.0615966147251936,-0.4136012366126818
2021-12-01,2368,23191528,1712404159,71.5,75.0,71.2,74.8,2.9,13724,71.22000000000007,71.48000000000005,71.88500000000005,49.09680407596102,27.746811657140867,64.0217787749808,58.81411623730688,76.95738602631695,71.88500000000005,66.81261397368314,0.8892083215078088,1.0271189560817167,-0.13791063457390784
2021-12-02,2368,26302731,1964885197,74.8,76.4,73.0,73.4,-1.4,18798,71.78000000000006,71.39000000000004,72.03000000000006,63.82957786385291,44.58045493757253,56.8631644929086,55.410031328220136,77.10152836923606,72.03000000000006,66.95847163076405,0.956378481472683,1.01297086115991,-0.05659237968722697
2021-12-03,2368,8882294,651768146,74.5,74.5,72.8,73.1,-0.3,6574,72.68000000000006,71.50000000000004,72.19500000000005,73.00150829562581,61.975963411813304,55.31684705627475,54.67969518115038,77.17956617971667,72.19500000000005,67.21043382028343,0.9741741511719653,1.005211519162321,-0.031037367990355724
2021-12-06,2368,7098593,511320680,73.5,73.5,71.5,71.5,-1.6,4595,72.94000000000007,71.53000000000004,72.32500000000005,58.974358974358836,65.26848171127925,47.311504752587865,50.83155234034129,77.08981898921402,72.32500000000005,67.56018101078607,0.8493796000683176,0.9740451353435203,-0.12466553527520274
2021-12-07,2368,7781045,559553090,72.3,73.4,71.1,71.4,-0.1,4458,72.84000000000006,71.72000000000004,72.32500000000005,51.648351648351515,61.20807297277878,46.817470296945245,50.59190597783213,77.08981898921402,72.32500000000005,67.56018101078607,0.7339493437897602,0.9260259770327683,-0.19207663324300817
2021-12-08,2368,6419147,462882897,72.5,73.0,71.5,71.7,0.3,3922,72.22000000000006,71.72000000000004,72.44500000000005,46.520146520146426,52.380952380952316,48.69263005967469,51.33317595745845,77.01598457665021,72.44500000000005,67.87401542334989,0.6590800621607968,0.872636794058374,-0.21355673189757718
2021-12-09,2368,28111849,2074867975,73.4,75.2,71.8,71.8,0.1,16107,71.90000000000006,71.84000000000003,72.52000000000005,47.619047619047514,48.59584859584854,49.386631010123985,51.59387656542399,76.9959803395426,72.52000000000005,68.04401966045751,0.6008881171562166,0.8182870586779425,-0.2173989415217259
2021-12-10,2368,8244879,594505333,72.6,72.8,71.7,71.8,0.0,6649,71.64000000000007,72.16000000000003,72.46500000000005,37.53900420567073,43.89273278162161,49.38663101012399,51.59387656542399,76.94797892031377,72.46500000000005,67.98202107968632,0.5484484096209314,0.7643193288665403,-0.21587091924560886
2021-12-13,2368,7921799,565213350,72.0,72.5,70.8,70.8,-1.0,4696,71.50000000000007,72.22000000000001,72.15000000000005,21.421788088454605,35.526613304391,41.7078587749828,48.57600861995052,76.14474655015479,72.15000000000005,68.1552534498453,0.42134096457623116,0.6957236560084785,-0.27438269143224736
2021-12-14,2368,6760119,474111404,70.7,71.4,69.6,69.7,-1.1,4480,71.16000000000007,72.00000000000003,71.83000000000006,5.428467683369548,21.463086659165015,34.76998541602747,45.42822271292973,75.52166629043974,71.83000000000006,68.13833370956037,0.22920446530103789,0.6024198178669904,-0.3732153525659525
2021-12-15,2368,3483844,246220197,70.1,71.3,69.8,71.2,1.5,2445,71.06000000000007,71.64000000000003,71.56000000000006,10.014005602240859,12.28808712468839,48.42005119184395,50.170163026940074,74.53751574302616,71.56000000000006,68.58248425697396,0.19571627395663427,0.5210791090849192,-0.3253628351282849
2021-12-16,2368,9570506,693147509,72.0,73.0,71.3,72.9,1.7,6104,71.28000000000006,71.59000000000003,71.49000000000007,29.65686274509804,15.033112010236202,59.59865459119615,54.9481300969133,74.26553598426767,71.49000000000007,68.71446401573246,0.3028612377300277,0.47743553481394085,-0.17457429708391314
2021-12-17,2368,8607983,621036437,72.5,73.4,71.5,71.8,-1.1,5430,71.28000000000006,71.46000000000002,71.48000000000006,42.26190476190472,27.310924369747926,51.218963974576816,51.50664869960424,74.24954869969218,71.48000000000006,68.71045130030794,0.29560602430200333,0.44106963271155336,-0.14546360840955003
2021-12-20,2368,3219278,231906025,72.2,72.8,71.4,72.1,0.3,2431,71.54000000000005,71.52000000000002,71.52500000000006,47.619047619047514,39.84593837535015,53.307831655337125,52.38258312251873,74.30411856529506,71.52500000000006,68.74588143470507,0.31048463458715503,0.4149526330866737,-0.10446799849951866
2021-12-21,2368,23179665,1726419783,73.1,75.3,73.1,74.8,2.7,14248,72.56000000000006,71.86000000000003,71.79000000000005,58.38554720133654,49.42216652742965,67.79014591457,59.47702047735981,74.75101334005338,71.79000000000005,68.82898665994672,0.533987994387914,0.43875970534692177,0.09522828904099223
2021-12-22,2368,30683026,2342158407,75.3,77.5,74.8,76.8,2.0,20761,73.68000000000006,72.37000000000002,72.04500000000004,75.67005594154148,60.558216920641904,74.59879887901691,63.781613874118115,75.7227574688899,72.04500000000004,68.3672425311102,0.8625562905920674,0.5235190223959509,0.33903726819611646
2021-12-23,2368,27542157,2132848598,77.8,78.8,76.0,76.1,-0.7,19835,74.32000000000008,72.80000000000003,72.32000000000005,84.33982819827027,72.79847711371616,68.67141227300183,61.32617367642145,76.33178264615285,72.32000000000005,68.30821735384725,1.0543114367281703,0.6296775052623949,0.42463393146577544
2021-12-24,2368,44716674,3539236580,77.4,80.7,76.9,79.5,3.4,28039,75.86000000000007,73.57000000000002,72.86500000000005,83.6602012028538,81.22336178088858,78.39788479240764,67.80862103122784,77.60304812132269,72.86500000000005,68.12695187867742,1.463757076159851,0.7964934194418861,0.667263656717965
2021-12-27,2368,66975864,5352451531,81.6,84.2,76.7,76.8,-2.7,43656,76.80000000000008,74.17000000000003,73.19500000000005,69.48415807111446,79.16139582407958,60.88503748888705,59.30707532360332,78.06222713667367,73.19500000000005,68.32777286332643,1.5524822115988002,0.947691177873269,0.6047910337255312
2021-12-28,2368,18956774,1437545631,77.7,77.7,75.2,75.3,-1.5,10959,76.90000000000008,74.73000000000002,73.36500000000004,56.26935074609482,69.80457000668777,53.18464340204445,55.16880606293698,78.27673085581648,73.36500000000004,68.4532691441836,1.484645981967219,1.055082138692059,0.42956384327516006
2021-12-29,2368,9466171,722258986,76.0,77.0,75.5,77.0,1.7,6627,76.94000000000008,75.31000000000002,73.47500000000005,41.12295434969841,55.62548772230264,59.89182052933339,58.6871608054556,78.60408373883426,73.47500000000005,68.34591626116584,1.5501914318915624,1.1541039973319598,0.3960874345596026
2021-12-30,2368,8730454,666272371,76.6,77.5,75.8,76.0,-1.0,5472,76.92000000000007,75.62000000000002,73.60500000000005,36.89841731266137,44.76357413615161,54.530308747260115,55.907662477413545,78.85036938641854,73.60500000000005,68.35963061358156,1.5041066256284097,1.2241045229912497,0.28000210263715997
2022-01-03,2368,20953171,1643911020,76.8,79.5,76.7,78.4,2.4,13011,76.70000000000007,76.28000000000002,73.87000000000005,42.478415915915825,40.16659585942528,63.6433215548544,60.71639457925409,79.5074107531716,73.87000000000005,68.2325892468285,1.6423124711415653,1.3077461126213128,0.3345663585202525
2022-01-04,2368,27614137,2198512899,79.4,80.9,78.1,79.8,1.4,23354,77.30000000000007,77.05000000000001,74.28500000000005,45.6255790364832,41.66747075502021,68.00705114612717,63.23523541965562,80.36785294906669,74.28500000000005,68.20214705093342,1.8435585042798834,1.414908590953027,0.4286499133268564
2022-01-05,2368,14180720,1106133553,79.9,80.3,76.8,76.9,-2.9,9615,77.62000000000008,77.26000000000002,74.56000000000004,39.94270866611285,42.68223453950404,52.71612304005284,55.32219419065956,80.5933738488488,74.56000000000004,68.52662615115129,1.7488816527013,1.4817032033026816,0.26717844939861846
2022-01-06,2368,8874446,673227077,76.0,76.6,75.4,75.7,-1.2,5360,77.36000000000007,77.15000000000002,74.76000000000005,25.878644602048766,37.14897743488168,47.554336220098754,52.400162931047156,80.66470998440842,74.76000000000005,68.85529001559168,1.5590478612627976,1.4971721348947047,0.06187572636809291
2022-01-07,2368,13507703,996156109,75.7,75.9,72.5,73.8,-1.9,8597,76.92000000000007,76.92000000000002,74.86000000000004,11.851851851851762,25.89106837333787,40.2704631318022,48.070801329436854,80.62694026325741,74.86000000000004,69.09305973674267,1.2409838040245091,1.4459344687206657,-0.20495066469615653
2022-01-10,2368,4634309,342059488,73.0,74.5,72.5,74.4,0.6,3163,76.12000000000008,76.41000000000001,74.99000000000005,13.095238095238011,16.941911516379587,43.46100723680276,49.49002456769717,80.58996428559783,74.99000000000005,69.39003571440227,1.025509299874571,1.3618494349514467,-0.33634013507687577
2022-01-11,2368,6869938,502292014,74.0,74.3,72.4,73.0,-1.4,4056,74.76000000000008,76.03000000000002,75.10000000000005,13.596327419856726,12.847805788982242,37.943570348885835,46.3096925664074,80.4471487729417,75.10000000000005,69.7528512270584,0.7333226165676479,1.236144071274687,-0.5028214547070391
2022-01-12,2368,5740595,419730585,74.0,74.1,72.6,73.1,0.1,2643,74.00000000000007,75.81000000000003,75.27000000000005,12.637721755368672,13.10976242348788,38.59321031377299,46.573790982402066,80.1119417592499,75.27000000000005,70.4280582407502,0.5040216810244118,1.089719593224632,-0.5856979122002202
2022-01-13,2368,4708732,346804476,73.3,74.4,73.1,73.4,0.3,2818,73.54000000000008,75.45000000000002,75.38000000000005,9.019607843137095,11.751219006120907,40.76362378320032,47.40955314357534,79.93877176440846,75.38000000000005,70.82122823559165,0.34255773800879297,0.9402872221814642,-0.5977294841726712
2022-01-14,2368,10385468,755586422,73.4,74.8,71.0,74.6,1.2,5873,73.70000000000007,75.31000000000003,75.46500000000005,18.787878787878622,13.481736128794873,49.15082023350776,50.72970668512674,79.89727932332484,75.46500000000005,71.03272067667525,0.30787735259188764,0.8138052482635489,-0.5059278956716613
2022-01-17,2368,59931128,4815499127,75.2,82.0,75.0,81.9,7.3,28349,75.20000000000007,75.66000000000003,75.97000000000006,49.07308377896603,25.626856803327325,74.63736928489224,65.14545103374631,80.89142255856639,75.97000000000006,71.04857744143372,0.8595337189736085,0.8229509424055609,0.03658277656804765
2022-01-18,2368,107650713,9124383052,83.0,86.7,81.3,86.5,4.6,64002,77.90000000000006,76.33000000000003,76.69000000000005,78.06022003474222,48.64039420052902,81.46650989305847,70.91942219457404,83.1186546026341,76.69000000000005,70.26134539736601,1.6488994337288148,0.9881406406702117,0.6607587930586031
2022-01-19,2368,49471136,4228395511,84.6,88.7,83.0,88.5,2.0,30172,80.98000000000006,77.49000000000004,77.37500000000006,98.8956934125885,75.34299907543232,83.69364968815165,73.0127203911796,85.53781201547383,77.37500000000006,69.21218798452628,2.4081016383520932,1.272132840206588,1.1359687981455053
2022-01-20,2368,30707828,2621133118,86.6,87.5,84.1,84.2,-4.3,25977,83.14000000000007,78.34000000000003,77.74500000000006,90.72414744443235,89.2266869639211,64.30936640864644,62.58228108860819,86.42451035485081,77.74500000000006,69.06548964514931,2.6324554837025005,1.5441973689057704,1.08825811479673
2022-01-21,2368,31437283,2539810051,82.7,83.5,79.4,79.8,-4.4,17414,84.18000000000008,78.94000000000003,77.93000000000006,74.3879472693031,88.00259604210805,50.37962178820875,54.070281315685584,86.61909661587221,77.93000000000006,69.24090338412792,2.4272346447752824,1.7208048240796727,0.7064298206956097
2022-01-24,2368,23510153,1850855389,79.7,81.2,77.5,78.4,-1.4,16901,83.48000000000006,79.34000000000003,77.87500000000007,55.36723163841799,73.49310878405122,46.630247530899865,51.662507229053055,86.53753427121397,77.87500000000007,69.21246572878617,2.1271073818576696,1.802065335635272,0.3250420462223975
2022-01-25,2368,27998857,2154249795,78.7,79.5,74.6,74.6,-3.8,18917,81.10000000000007,79.50000000000003,77.76500000000007,37.28813559322023,55.681104833647176,37.736780710346906,45.71232020551651,86.53455529088869,77.76500000000007,68.99544470911145,1.5645904963027562,1.754570367768769,-0.1899798714660128
2022-01-26,2368,17863743,1343297769,74.8,76.2,73.8,75.3,0.7,10177,78.46000000000006,79.72000000000003,77.76500000000007,28.813559322033793,40.48964218455741,40.188383687096696,46.92499488294064,86.53455529088869,77.76500000000007,68.99544470911145,1.1618825033887532,1.6360327948927658,-0.47415029150401256
2022-02-07,2368,21888741,1717247091,76.5,80.0,76.3,79.2,3.9,13822,77.46000000000006,80.30000000000004,77.87500000000007,26.95812636661221,31.019940427288816,52.37687193285575,53.197784099700954,86.65859265904092,77.87500000000007,69.09140734095922,1.1442408279901741,1.5376744015122474,-0.3934335735220733
2022-02-08,2368,26994391,2192705891,78.3,82.5,78.3,82.3,3.1,18534,77.96000000000006,81.07000000000002,78.19000000000007,39.194125304920334,31.65527033118885,59.94612050337792,57.49774397315062,87.13246051151233,78.19000000000007,69.2475394884878,1.3646726683133323,1.5030740548724644,-0.13840138655913203
2022-02-09,2368,18456549,1513975509,81.5,82.8,80.8,82.0,-0.3,12057,78.68000000000006,81.08000000000003,78.37000000000006,49.44071588366881,38.53098918506719,58.889356506843825,56.95242021912513,87.46573526439497,78.37000000000006,69.27426473560516,1.4978922279019855,1.5020376894783687,-0.00414546157638318
2022-02-10,2368,23718487,1929471696,82.3,84.2,79.6,80.3,-1.7,17131,79.82000000000006,80.46000000000002,78.39500000000007,53.17526412906796,47.270035105885775,52.742512434081114,53.836456257256884,87.50904959389398,78.39500000000007,69.28095040610616,1.4495839942132989,1.4915469504253547,-0.04196295621205581
2022-02-11,2368,12286613,994426703,79.7,81.9,79.5,80.5,0.2,7533,80.86000000000006,79.66000000000003,78.57500000000006,55.63396314816968,52.74998105363556,53.40998906328443,54.15424981064915,87.70601856311568,78.57500000000006,69.44398143688444,1.4111706032126108,1.475471680982806,-0.06430107777019511
2022-02-14,2368,10665054,857161274,79.0,81.1,78.7,80.9,0.4,7491,81.20000000000007,79.33000000000001,78.83500000000006,60.04585438892,56.28502722205261,54.89644816266289,54.82408442321574,87.91977297459646,78.83500000000006,69.75022702540367,1.396901757235284,1.4597576962333014,-0.06285593899801745
2022-02-15,2368,11099249,892937521,81.4,81.6,79.4,79.7,-1.2,11546,80.68000000000006,79.32000000000002,79.13000000000007,63.14102564102557,59.60694772603849,49.38205925263624,52.352845524131,87.92001706482723,79.13000000000007,70.3399829351729,1.2740768578828465,1.4226215285632104,-0.14854467068036392
2022-02-16,2368,16808459,1382058079,81.4,83.0,81.1,82.2,2.5,11864,80.72000000000006,79.70000000000003,79.52000000000007,68.58974358974352,63.9255412065631,59.315278944764074,56.72891835416357,88.12618382327207,79.52000000000007,70.91381617672806,1.3627573286707388,1.410648688584716,-0.047891359913977194
2022-02-17,2368,16808943,1390814224,82.3,84.0,81.0,81.7,-0.5,13181,81.00000000000006,80.41000000000004,79.95500000000007,68.61814345991554,66.78297089689495,56.71820205045933,55.62849558979684,88.06412449034733,79.95500000000007,71.84587550965281,1.3768202920667107,1.403883009281115,-0.02706271721440423
2022-02-18,2368,8692755,711654948,81.5,82.8,80.8,82.3,0.6,9343,81.36000000000006,81.11000000000004,80.41500000000006,72.30675710615628,69.83821471860519,59.21805358409551,56.71360227222705,87.93916772805844,80.41500000000006,72.89083227194169,1.4200112714559623,1.4071086617160844,0.01290260973987789
2022-02-21,2368,23425267,1935399783,83.0,84.0,81.5,81.5,-0.8,16198,81.48000000000006,81.34000000000003,80.82000000000006,62.35337715277631,67.75942590628279,54.33621070205443,54.78966739191296,87.62811280752257,80.82000000000006,74.01188719247756,1.373850229422402,1.400456975257348,-0.026606745834945933
2022-02-22,2368,15523784,1237717938,81.5,82.0,78.1,79.1,-2.4,11312,81.36000000000006,81.02000000000004,81.04500000000006,45.03304790051095,59.89772738648126,42.169000283056306,49.377871166209246,87.2901501182883,81.04500000000006,74.79984988171182,1.1305747665252,1.3464805335109182,-0.21590576698571828
2022-02-23,2368,12342489,1001540470,79.9,82.7,79.3,82.6,3.5,8172,81.44000000000005,81.08000000000004,81.08000000000006,47.857906657573096,51.74811057028686,58.123299123413844,56.176093253598935,87.35171427920284,81.08000000000006,74.80828572079727,1.2062925689102855,1.3184429405907916,-0.11215037168050612
2022-02-24,2368,15479067,1265527589,81.2,83.1,80.2,80.9,-1.7,10532,81.28000000000006,81.14000000000004,80.80000000000005,46.70741872742422,46.5327910951695,50.26528447523898,52.48896286890421,86.55777734893933,80.80000000000005,75.04222265106078,1.1162561739822365,1.2780055872690805,-0.161749413286844
2022-02-25,2368,19476263,1590826099,82.5,83.5,80.5,80.7,-0.2,14721,80.96000000000006,81.16000000000005,80.41000000000005,55.93220338983048,50.16584292494267,49.349541568378534,52.0560762613663,84.95836234264175,80.41000000000005,75.86163765735836,1.0170395548906725,1.225812380793399,-0.2087728259027264
2022-03-01,2368,18829427,1568310498,81.7,84.5,81.2,83.0,2.3,11903,81.26000000000006,81.37000000000005,80.35000000000005,56.02930790960452,52.88964334228648,59.29818424435573,56.49917695832405,84.72515714003055,80.35000000000005,75.97484285996956,1.1111913256321486,1.2028881697611489,-0.09169684412900025
2022-03-02,2368,13204154,1080345650,82.2,83.6,80.7,82.0,-1.0,13584,81.84000000000006,81.60000000000005,80.46000000000006,60.52259887005646,57.49470338983056,53.925474475485466,54.14952218123131,84.88465817888314,80.46000000000006,76.03534182111699,1.0925217291973155,1.180814881648382,-0.08829315245106661
2022-03-03,2368,9896779,810419759,83.0,83.3,81.1,81.2,-0.8,8538,81.56000000000004,81.50000000000004,80.60000000000005,61.97916666666662,59.51035781544261,49.720849171986984,52.27649920944676,84.93128156553763,80.60000000000005,76.26871843446247,1.001626498609383,1.1449772050405822,-0.14335070643119918
2022-03-04,2368,9341880,754450622,81.0,82.0,79.8,79.9,-1.3,9678,81.36000000000004,81.32000000000004,80.86500000000007,45.833333333333336,56.11169962335222,43.31763257386589,49.2927030029967,84.23799570114625,80.86500000000007,77.49200429885389,0.8152940359138796,1.0790405712152418,-0.26374653530136216
2022-03-07,2368,14950302,1141298257,79.1,79.3,74.8,75.9,-4.0,13165,80.40000000000005,80.68000000000004,80.89500000000007,29.30090206185569,45.70446735395196,29.622962521067052,41.452691231314844,84.074606893934,80.89500000000007,77.71539310606613,0.34092764450386426,0.9314179858729663,-0.5904903413691021
2022-03-08,2368,14921064,1115151521,74.7,77.6,73.0,73.0,-2.9,12997,78.40000000000005,79.83000000000004,80.58500000000006,13.155068728522325,29.429768041237192,23.372901187580826,36.87366551225714,85.23441931857654,80.58500000000006,75.93558068142359,-0.26595118232170023,0.691944152234033,-0.9578953345557333
2022-03-09,2368,10118542,751589202,75.0,75.3,73.3,74.5,1.5,9233,76.90000000000005,79.37000000000003,80.19500000000008,8.127894815478797,16.861288535285677,32.02718435221501,40.53277947774265,85.47002606628155,80.19500000000008,74.91997393371861,-0.6187371442810843,0.42980789293100957,-1.048545037212094
2022-03-10,2368,10669845,824765499,76.5,78.3,76.3,77.4,2.9,8542,76.14000000000006,78.85000000000004,79.96500000000007,17.101449275362246,12.794804273121196,45.827300056906566,46.936767209205996,85.30588943903062,79.96500000000007,74.62411056096953,-0.6567462353400657,0.2124970672767945,-0.8692433026168602
2022-03-11,2368,6132169,474678972,77.5,78.0,76.8,77.5,0.1,5869,75.66000000000005,78.51000000000003,79.82500000000007,30.14492753623181,18.45809054235769,46.26617823733022,47.1481258118442,85.26921711543059,79.82500000000007,74.38078288456956,-0.6710639421772697,0.035784865385981635,-0.7068488075632513
2022-03-14,2368,5484803,421019072,78.1,78.5,75.9,76.2,-1.3,3681,75.72000000000006,78.06000000000003,79.61000000000008,35.85999453103631,27.70212378087686,41.203422837297346,44.657824908142175,85.26611173863671,79.61000000000008,73.95388826136346,-0.7783377701303209,-0.12703966171727887,-0.651298108413042
2022-03-15,2368,7153527,530910812,75.8,76.0,73.3,73.7,-2.5,5182,75.86000000000006,77.13000000000004,79.25000000000009,25.371743510915294,30.458888526061212,33.081603615753394,40.25447772844826,85.42462549471165,79.25000000000009,73.07537450528852,-1.0529444698641441,-0.3122206233466519,-0.7407238465174922
2022-03-16,2368,12277527,892266685,74.9,75.4,71.4,72.7,-1.0,9885,75.50000000000006,76.20000000000005,78.90000000000008,16.416315564511134,25.882684535487655,30.294867407351177,38.614346035545125,85.6952924881825,78.90000000000008,72.10470751181765,-1.3358648816799388,-0.5169494750133092,-0.8189154066666295
2022-03-17,2368,15303047,1165064947,74.8,78.0,73.8,78.0,5.3,8822,75.62000000000005,75.88000000000004,78.69000000000008,34.2015237485729,25.32986094133319,54.16768790934214,50.196404968359964,85.32201326898145,78.69000000000008,72.05798673101872,-1.119510618781419,-0.6374617037669312,-0.48204891501448777
2022-03-18,2368,17088813,1354759572,78.0,80.2,76.7,80.2,2.2,11213,76.16000000000005,75.91000000000005,78.61500000000008,65.26948491362144,38.629108075568574,60.687862615780006,54.07026823145785,85.14225822991148,78.61500000000008,72.08774177008868,-0.7617457618805332,-0.6623185153896516,-0.09942724649088164
2022-03-21,2368,12116069,983099108,81.0,81.9,80.2,81.1,0.9,7997,77.14000000000006,76.43000000000005,78.55500000000008,91.9750853928068,63.81536468500045,63.18735117002207,55.592037988732024,84.96670024252172,78.55500000000008,72.14329975747843,-0.40096992514187946,-0.6100487973400972,0.20907887219821775
2022-03-22,2368,30508254,2524126814,80.0,84.1,79.2,83.2,2.1,20106,79.04000000000005,77.45000000000006,78.64000000000007,95.09811273590792,84.1142276807788,68.61882052047434,59.0051156769339,85.24769248678817,78.64000000000007,72.03230751321198,0.05378003156380373,-0.477283031559317,0.5310630631231208
2022-03-23,2368,29853531,2513862697,84.0,85.9,82.8,84.0,0.8,20114,81.30000000000005,78.40000000000006,78.88500000000008,90.73029664395388,92.60116492422293,70.55000170353732,60.25822221878244,85.89393001819474,78.88500000000008,71.87606998180541,0.4732703961444571,-0.2871723460185622,0.7604427421630193
2022-03-24,2368,10361942,873086559,83.1,85.0,83.1,84.6,0.6,7882,82.62000000000005,79.12000000000006,78.98500000000008,90.28147343650998,92.03662760545733,72.05476956319463,61.215767844095424,86.25528885258016,78.98500000000008,71.71471114742,0.844400791230214,-0.060857718568806896,0.9052585097990209
2022-03-25,2368,13821685,1167019902,85.6,86.2,82.8,84.3,-0.3,12700,83.44000000000005,79.80000000000005,79.15500000000007,88.36439888164011,89.79205632070138,69.96927808494863,60.43173913391301,86.74827992371935,79.15500000000007,71.56172007628079,1.1016180433204283,0.17163743380904015,0.9299806095113882
2022-03-28,2368,8391824,707188657,83.1,85.1,83.0,84.1,-0.2,7296,84.04000000000005,80.59000000000006,79.32500000000007,88.00248524386438,88.8827858540049,68.42885336517514,59.881119114304006,87.19618161396099,79.32500000000007,71.45381838603916,1.2746330636951484,0.3922365597862618,0.8823965039088866
2022-03-29,2368,10401752,884223159,84.7,86.0,84.3,84.9,0.8,6822,84.38000000000007,81.71000000000005,79.42000000000007,87.49636733507687,87.95441715352717,71.37027353351858,61.39628666727093,87.50915323133118,79.42000000000007,71.33084676866896,1.459478073234365,0.6056848624758825,0.8537932107584826
2022-03-30,2368,22980866,2002871606,86.0,88.5,85.4,87.5,2.6,15038,85.08000000000007,83.19000000000004,79.69500000000008,88.95078785729402,88.14988014541181,78.84391378978496,65.90333117908457,88.46186374936632,79.69500000000008,70.92813625063384,1.795074840557291,0.8435628580921642,0.9515119824651267
2022-03-31,2368,14090685,1216989432,88.0,88.5,84.5,85.0,-2.5,13163,85.16000000000005,83.89000000000004,79.88500000000008,81.13571471964025,85.8609566373371,60.98511360844158,58.79519200782738,88.93425963822203,79.88500000000008,70.83574036177812,1.838119887997678,1.042474264073267,0.795645623924411
2022-04-01,2368,28601410,2533642843,84.1,91.1,84.0,88.1,3.1,19958,85.92000000000004,84.68000000000004,80.29500000000006,76.2269770310164,82.10449320265029,70.61428372786614,63.98277619933294,90.02710665786003,80.29500000000006,70.56289334214009,2.09819085236839,1.2536175817322914,0.8445732706360984
2022-04-06,2368,14157002,1242142793,88.7,90.5,86.5,86.5,-1.6,14133,86.40000000000005,85.22000000000004,80.82500000000006,60.577940205749236,72.64687731880203,61.477748276561606,59.79822821869229,90.69553696614135,80.82500000000006,70.95446303385877,2.1504038204381146,1.4329748294734561,0.7174289909646585
2022-04-07,2368,9188372,781226575,86.0,86.9,83.7,83.7,-2.8,7282,86.16000000000005,85.27000000000004,81.36000000000006,43.40386757112475,60.06959493596352,48.63114485664868,53.23650725172423,90.61686772077717,81.36000000000006,72.10313227922295,1.943443566698562,1.5350685769184773,0.4083749897800848
2022-04-08,2368,13150564,1122539036,85.4,87.2,83.7,84.3,0.6,9257,85.52000000000005,85.30000000000004,81.85000000000005,24.497991967871403,42.82659991491519,51.181467316823756,54.39143224215229,90.6275850893035,81.85000000000005,73.07241491069661,1.8070109625812734,1.5894570540510364,0.21755390853023693
2022-04-11,2368,11762729,957458892,84.6,84.6,80.2,80.6,-3.7,7377,84.64000000000006,84.90000000000003,82.01000000000005,10.861795807081414,26.254551782025924,37.71150600143449,46.727456268993684,90.57128495028459,82.01000000000005,73.4487150497155,1.384369908499849,1.548439624940799,-0.16406971644094992
2022-04-12,2368,8424624,685883931,80.3,82.4,79.6,81.5,0.9,5120,83.32000000000005,84.62000000000003,82.21000000000005,12.754584352567699,16.038124042506904,42.04030371975945,48.62377484749994,90.52381982003256,82.21000000000005,73.89618017996754,1.109259454065679,1.460603590765775,-0.351344136700096
2022-04-13,2368,6621742,540721440,81.5,82.7,80.7,82.7,1.2,4438,82.56000000000004,84.48000000000005,82.53500000000005,15.715995213402365,13.110791791017226,47.694752201002736,51.12207188866387,90.37853874217284,82.53500000000005,74.69146125782727,0.9768024375823217,1.3638433601290845,-0.3870409225467628
2022-04-14,2368,7955743,666709413,83.5,84.7,82.5,84.7,2.0,5084,82.76000000000005,84.46000000000005,83.08500000000005,29.27536231884052,19.248647294936926,56.03480327897441,55.04568934071978,89.84052366585803,83.08500000000005,76.32947633414207,1.021438080649986,1.2953623042332647,-0.2739242235832786
2022-04-15,2368,11907911,969055543,83.8,83.9,80.4,80.4,-4.3,7749,81.98000000000005,83.75000000000004,83.47000000000006,26.086956521739094,23.692771351327394,40.026210137848246,46.418185315134934,88.46163299932621,83.47000000000006,78.4783670006739,0.7017487630460124,1.1766395959958142,-0.47489083294980183
2022-04-18,2368,8857630,699132319,79.0,80.6,77.0,79.0,-1.4,5103,81.66000000000004,83.15000000000005,83.52000000000005,22.039720880300525,25.800679906960113,36.10785842176799,44.00016247156753,88.3073165761168,83.52000000000005,78.7326834238833,0.33160187588568135,1.0076320519737876,-0.6760301760881062
2022-04-19,2368,7328927,597528465,80.6,82.3,80.4,81.9,2.9,4477,81.74000000000004,82.53000000000004,83.60500000000005,23.27018408007318,23.798953827370998,48.331521476852004,49.83017482062331,88.21042071910504,83.60500000000005,78.99957928089505,0.26916084604911816,0.8599378107888537,-0.5907769647397355
2022-04-20,2368,9726893,812453857,82.5,84.2,81.9,83.9,2.0,5922,81.98000000000005,82.27000000000004,83.74500000000006,43.50036310820615,29.603422689526685,55.22403554594067,53.43095585685678,88.2052578400752,83.74500000000006,79.28474215992492,0.37671661075211205,0.7632935707815054,-0.38657696002939335
2022-04-21,2368,23158326,2019197201,84.9,88.6,84.5,88.6,4.7,14150,82.76000000000003,82.76000000000003,84.01500000000006,71.89542483660121,46.221990674960246,67.21475159486549,60.58941502137537,88.9401497439123,84.01500000000006,79.08985025608781,0.8316196559096909,0.7769587878071424,0.05466086810254844
2022-04-22,2368,19998300,1693132357,87.0,87.4,83.2,83.2,-5.4,12965,83.32000000000004,82.65000000000005,83.97500000000005,73.69844489519936,63.03141094666898,49.46053028070993,50.907063246209916,88.91296516795701,83.97500000000005,79.03703483204309,0.7477787977749273,0.7711227898006994,-0.023343992025772087
2022-04-25,2368,16816227,1343052507,80.2,82.0,78.2,78.2,-5.0,10010,83.16000000000004,82.41000000000005,83.65500000000006,54.597701149425184,66.73052362707531,38.48055440521077,43.91010195800278,89.18364359494724,83.65500000000006,78.12635640505287,0.27470942119896335,0.6718401160803522,-0.39713069488138886
2022-04-26,2368,9102207,722799407,80.0,80.3,78.2,78.9,0.7,5611,82.56000000000003,82.15000000000005,83.38500000000008,26.724137931034402,51.67342799188637,40.633145225078394,45.04883275969433,89.27678241281362,83.38500000000008,77.49321758718654,-0.04321911510639609,0.5288282698430026,-0.5720473849493987
2022-04-27,2368,16865764,1348748699,77.0,82.5,76.1,82.2,3.3,10779,82.22000000000004,82.10000000000005,83.29000000000008,25.174712643678088,35.49885057471261,50.21427266012864,50.18347758492207,89.19386314203997,83.29000000000008,77.38613685796018,-0.028568035401406178,0.41734900879412085,-0.445917044195527
2022-04-28,2368,17470241,1462300322,82.8,85.2,81.3,84.4,2.2,11361,81.38000000000004,82.07000000000004,83.26500000000007,43.85977011494248,31.919540229885047,55.76663824330116,53.31532942761825,89.14556970028741,83.26500000000007,77.38443029971273,0.15873486790478353,0.3656261806162534,-0.20689131271146988
2022-04-29,2368,17017908,1437007192,85.9,87.0,82.7,83.0,-1.4,10349,81.34000000000005,82.33000000000004,83.04000000000008,56.79999999999995,41.94482758620689,51.502297090892654,51.113160766390266,88.59027927224703,83.04000000000008,77.48972072775312,0.19199230077539653,0.33089940464808204,-0.1389071038726855
2022-05-03,2368,5113787,428327803,83.5,84.7,82.8,83.6,0.6,3858,82.42000000000004,82.79000000000005,82.97000000000007,60.53333333333325,53.731034482758616,53.28826432000526,52.02768879718659,88.4545601464418,82.97000000000007,77.48543985355833,0.2637239954657531,0.31746432281161624,-0.05374032734586315
2022-05-04,2368,8562938,725285297,84.2,85.5,83.6,84.7,1.1,5579,83.58000000000006,83.07000000000005,82.80000000000008,61.33333333333325,59.55555555555554,56.69893013437148,53.736407353825,87.82991053597685,82.80000000000008,77.77008946402331,0.4046679272548914,0.3349050437002713,0.06976288355462013
2022-05-05,2368,17533363,1513028940,86.5,87.8,85.0,85.0,0.3,11855,84.14000000000006,83.18000000000005,82.72500000000008,68.2894586894586,63.385375118708424,57.682064760436305,54.21538223601144,87.5734533616331,82.72500000000008,77.87654663836706,0.5344141082605773,0.3748068566123325,0.15960725164824485
2022-05-06,2368,12195440,1003058798,83.7,84.3,81.3,81.8,-3.2,8440,83.62000000000006,82.50000000000004,82.63000000000008,64.52877492877484,64.71718898385562,44.974639375474425,48.45293596788511,87.47276780363602,82.63000000000008,77.78723219636414,0.37470625453840967,0.37478673619754793,-8.04816591382651e-05
2022-05-09,2368,13822186,1147868462,81.4,84.1,80.6,83.5,1.7,7893,83.72000000000006,82.53000000000004,82.59000000000007,62.67806267806258,65.1654320987654,51.585231511832816,51.40778109007916,87.38995833314613,82.59000000000007,77.79004166685402,0.38092139758185795,0.3760136684744099,0.004907729107448022
2022-05-10,2368,16923918,1375196127,81.9,82.3,80.2,82.0,-1.5,11034,83.40000000000006,82.91000000000004,82.66000000000008,54.131054131054036,60.44596391263054,45.907786394236425,48.752243721419774,87.38203346027291,82.66000000000008,77.93796653972726,0.26179170740128654,0.3531692762597852,-0.09137756885849868
2022-05-11,2368,12611253,1042162958,82.5,83.5,81.2,82.2,0.2,7482,82.90000000000006,83.24000000000004,82.69500000000008,46.663667716299194,54.49092817513866,46.818277044131214,49.12956597647952,87.39243547054525,82.69500000000008,77.9975645294549,0.18142751472532836,0.31882092395289385,-0.1373934092275655
2022-05-12,2368,12352029,1026262256,81.5,84.4,81.4,82.2,0.0,7463,82.34000000000006,83.24000000000004,82.67000000000009,34.35297645823952,45.04923276853097,46.81827704413121,49.12956597647952,87.37238237491698,82.67000000000009,77.9676176250832,0.11639656587978209,0.2783360523382715,-0.16193948645848943
2022-05-13,2368,27303325,2330935048,83.9,87.2,83.2,85.5,3.3,16977,83.08000000000007,83.35000000000005,82.71000000000008,40.78947368421042,40.60203928624976,61.40723211452331,55.41175823929232,87.49368059133683,82.71000000000008,77.92631940866333,0.327367798939477,0.2881424016585126,0.03922539728096436
2022-05-16,2368,20435535,1775063329,87.0,87.9,85.9,86.1,0.6,12143,83.60000000000007,83.66000000000005,82.99500000000008,57.558669400774505,44.2337065144082,63.52944180847715,56.464475054257925,87.87248910813085,82.99500000000008,78.1175108918693,0.5367912117476266,0.33787216367633544,0.19891904807129113
2022-05-17,2368,10996257,942353502,86.0,87.1,84.2,87.1,1.0,7920,84.62000000000008,84.01000000000005,83.40000000000006,78.65686944634292,59.001670843776004,67.05235750596933,58.23435511758488,88.22825020063627,83.40000000000006,78.57174979936386,0.7745241851813915,0.4252025679773467,0.34932161720404487
2022-05-18,2368,17798899,1543816426,87.6,88.8,85.4,85.4,-1.7,13310,85.26000000000008,84.08000000000004,83.57500000000007,75.56629417094514,70.59394433935425,56.271692958499585,54.20035602871689,88.42675226077489,83.57500000000007,78.72324773922526,0.8163431907470766,0.5034306925312927,0.31291249821578393
2022-05-19,2368,11645213,967718935,83.8,84.0,82.6,82.6,-2.8,8159,85.34000000000007,83.84000000000005,83.51000000000006,59.32749421121497,71.18355260950106,42.989967539173406,48.26943022466881,88.37740177095998,83.51000000000006,78.64259822904015,0.6164424892301952,0.5260330518710732,0.09040943735912199
2022-05-20,2368,9265262,762635021,83.2,83.3,81.6,81.6,-1.0,5902,84.56000000000009,83.82000000000005,83.16000000000005,34.8837209302324,56.59250310413089,39.140669612254236,46.31996614652824,87.49008083064882,83.16000000000005,78.82991916935129,0.37302806508758124,0.4954320545143748,-0.12240398942679354
2022-05-23,2368,5061933,417269271,82.5,83.3,81.8,81.9,0.3,3693,83.72000000000007,83.66000000000005,83.09500000000006,17.79885760913896,37.33669091686217,40.989973417261595,47.011369839981256,87.45961911281557,83.09500000000006,78.73038088718454,0.20199935027399363,0.43674551366629855,-0.23474616339230492
2022-05-24,2368,12866195,1035808057,82.2,82.3,79.4,79.4,-2.5,8373,82.18000000000006,83.40000000000005,83.15500000000006,8.496532027743635,20.393036855705056,31.642114737238174,42.14034405477124,87.27493931993592,83.15500000000006,79.03506068006419,-0.13372969238935184,0.3226504724551685,-0.4563801648445203
2022-05-25,2368,8216301,655370749,79.8,80.4,79.1,79.8,0.4,5310,81.06000000000007,83.16000000000004,83.20000000000006,5.4756737203833294,10.590354452422032,34.43327494968139,43.155219585930574,87.14917712947324,83.20000000000006,79.25082287052687,-0.36333245011830684,0.18545388794047343,-0.5487863380587803
2022-05-26,2368,22957128,1790049705,80.1,81.1,75.7,76.1,-3.7,16235,79.76000000000008,82.55000000000004,82.89500000000005,3.423309986621407,5.798505244916182,23.901361023965126,36.73633989733493,87.90557880887619,82.89500000000005,77.88442119112392,-0.834236805032802,-0.01848425065418166,-0.8157525543786203
2022-05-27,2368,13934273,1076465565,77.1,78.3,76.2,77.6,1.5,9852,78.96000000000008,81.76000000000003,82.55500000000004,8.257915584585765,5.718966430530226,33.51889104199171,40.594054005362096,88.01374527707321,82.55500000000004,77.09625472292686,-1.0740138716463576,-0.22959017485261687,-0.8444236967937407
2022-05-30,2368,12652165,1011936164,79.3,80.9,78.3,80.9,3.3,8029,78.76000000000008,81.24000000000004,82.45000000000005,19.083969465648696,10.255065012285348,49.802147686668974,48.093132656399554,87.95109080091933,82.45000000000005,76.94890919908076,-0.9863860592023173,-0.38094935172255695,-0.6054367074797603
2022-05-31,2368,10176380,826518140,80.9,81.8,80.0,81.3,0.4,6757,79.14000000000009,80.66000000000003,82.33500000000005,40.556117600171525,22.632667550135384,51.48262685361693,48.93459656752548,87.83128056052095,82.33500000000005,76.83871943947915,-0.8745820915130764,-0.4796758996806608,-0.3949061918324156
2022-06-01,2368,11509953,945324726,82.3,83.1,81.0,81.0,-0.3,7907,79.38000000000008,80.22000000000003,82.15000000000005,58.967126037294896,39.53573770103843,50.01749081693572,48.302151086117476,87.56387107345248,82.15000000000005,76.73612892654762,-0.8009512667820502,-0.5439309731009387,-0.25702029368111146
2022-06-02,2368,5372195,436609693,80.6,81.9,80.4,81.1,0.1,3605,80.38000000000008,80.07000000000002,81.95500000000004,69.41978440076079,56.31434267940913,50.56460851666993,48.54089523514313,87.22319703503615,81.95500000000004,76.68680296496393,-0.7261584409468327,-0.5803764666701176,-0.14578197427671513
2022-06-06,2368,6084679,487060117,81.5,81.5,79.5,79.7,-1.4,5040,80.80000000000008,79.88000000000002,81.85000000000005,64.94784257942142,64.44491767249242,42.89543427913005,45.38117440161589,87.20929099788007,81.85000000000005,76.49070900212003,-0.770965674939788,-0.6184943083240516,-0.15247136661573635
2022-06-07,2368,2922468,233926027,80.0,80.4,79.5,80.3,0.6,1922,80.68000000000008,79.72000000000003,81.69000000000004,62.422949265054406,65.59685874841226,46.92072232941039,46.97424738078063,87.03374400584154,81.69000000000004,76.34625599415854,-0.7494218762169993,-0.6446798219026412,-0.10474205431435812
2022-06-08,2368,5149295,412840514,80.7,81.1,79.4,79.8,-0.5,3257,80.38000000000008,79.76000000000002,81.58000000000004,57.2072072072071,61.52599968389436,43.9113983753783,45.77603198674859,86.98392449983987,81.58000000000004,76.17607550016021,-0.7638884512778787,-0.6685215477776887,-0.09536690350019006
2022-06-09,2368,26541943,2202215044,81.4,84.5,81.2,84.5,4.7,15639,81.08000000000007,80.23000000000003,81.69500000000004,72.5225225225224,64.05089299826136,67.07182506856321,56.904177075275584,87.24278334111672,81.69500000000004,76.14721665888335,-0.39158860608309,-0.613134959438769,0.22154635335567896
2022-06-10,2368,84120812,7558915846,83.9,92.9,83.5,92.9,8.4,42955,83.44000000000008,81.91000000000003,82.23000000000005,85.135135135135,71.62162162162156,82.30613658634955,69.10694704067741,89.6254310219194,82.23000000000005,74.8345689780807,0.5746473251217452,-0.37557850252666614,0.9502258276484113
2022-06-13,2368,57340736,5334457687,91.9,94.2,91.2,93.7,0.8,31856,86.24000000000008,83.52000000000002,82.64000000000004,98.87387387387376,85.51051051051046,83.17123384909296,69.97880669622175,91.48271451534936,82.64000000000004,73.79728548465073,1.3889387546968095,-0.022675051081970987,1.4116138057787806
2022-06-14,2368,39014083,3528228102,93.3,93.5,87.8,91.0,-2.7,27294,88.38000000000008,84.53000000000003,82.88500000000005,91.66666666666656,91.89189189189183,69.7444372827384,63.468486414411004,92.34740455698072,82.88500000000005,73.42259544301938,1.795703393199247,0.34100063777427264,1.4547027554249743
2022-06-15,2368,22494362,2005251665,90.4,91.8,87.6,87.6,-3.4,14263,89.94000000000008,85.16000000000004,82.91000000000005,76.80180180180166,89.11411411411406,56.374138183500555,56.35811746562707,92.41934277434395,82.91000000000005,73.40065722565616,1.8227047094823519,0.6373414521158884,1.1853632573664634
2022-06-16,2368,21962466,1891288030,89.0,89.5,83.1,83.1,-4.5,13293,89.66000000000008,85.37000000000003,82.79500000000004,52.92792792792776,73.79879879879873,43.498100779560964,48.59796338396645,92.23649882168964,82.79500000000004,73.35350117831045,1.4641136642969599,0.8026958945521028,0.6614177697448571
2022-06-17,2368,27229644,2186276406,82.0,82.5,78.8,79.7,-3.4,14541,87.02000000000008,85.23000000000005,82.65000000000005,28.749853749853603,52.826527826527744,36.20818847276523,43.70171507657767,92.18760976345585,82.65000000000005,73.11239023654424,0.895256136994476,0.8212079430405774,0.07404819395389861
2022-06-20,2368,18224877,1446147343,80.3,80.7,77.6,78.0,-1.7,11352,83.88000000000008,85.06000000000003,82.47000000000006,11.08459813279079,30.920793270190785,32.98365031599052,41.452893972657954,92.21373644963595,82.47000000000006,72.72626355036417,0.303755155352988,0.7177173855030595,-0.4139622301500715
2022-06-21,2368,13434217,1077947000,80.0,81.6,78.7,80.9,2.9,7942,81.86000000000008,85.12000000000003,82.42000000000004,9.377770823553886,16.404074235399495,43.073231136393254,46.509582191052814,92.18516256904988,82.42000000000004,72.65483743095021,0.06820589446176939,0.5878150872948015,-0.5196091928330321
2022-06-22,2368,9313829,740235707,81.0,81.2,78.1,78.6,-2.3,6123,80.06000000000009,85.00000000000004,82.38000000000004,9.43775100401598,9.96670665345362,37.806560587321876,43.314318178094545,92.20071280508597,82.38000000000004,72.5592871949141,-0.3005943058884668,0.41013320865814784,-0.7107275145466146
2022-06-23,2368,10835201,870486767,79.9,81.7,79.5,79.5,0.9,5844,79.34000000000007,84.50000000000004,82.36500000000004,12.449799196787064,10.421773674785712,41.09465922106984,44.909250815628745,92.20233195536173,82.36500000000004,72.52766804463835,-0.5143198838735401,0.22524259015181025,-0.7395624740253504
2022-06-24,2368,20452480,1710519967,81.5,86.0,81.3,83.0,3.5,12949,80.00000000000009,83.51000000000005,82.71000000000005,17.1440478896718,13.010532696825015,52.49064123712297,50.716622851597805,92.1189106702092,82.71000000000005,73.3010893297909,-0.39670522407411113,0.10085302730662597,-0.4975582513807371
2022-06-27,2368,17888564,1514295645,82.8,86.5,81.6,85.5,0.0,10341,81.50000000000009,82.69000000000004,83.10500000000005,33.680616700124894,21.09148792886132,59.08664546878196,54.41317599815723,92.28312072267407,83.10500000000005,73.92687927732602,-0.10060592965491821,0.06056123591431713,-0.16116716556923533
2022-06-28,2368,10596647,903290345,86.0,86.5,84.1,84.5,-1.0,6183,82.22000000000007,82.04000000000005,83.28500000000005,49.193086748385156,33.33925044606068,55.491355901762105,52.71009627421909,92.42420674894569,83.28500000000005,74.14579325105441,0.05275512357556522,0.059000013446566746,-0.006244889871001524
2022-06-29,2368,9258067,783741479,83.8,85.7,83.3,84.5,0.0,5756,83.40000000000006,81.73000000000005,83.44500000000005,63.7150286606175,48.86291070304259,55.491355901762105,52.71009627421909,92.55158552916375,83.44500000000005,74.33841447083636,0.1723085969205158,0.08166173014135655,0.09064686677915926
2022-06-30,2368,27718846,2176090856,84.0,84.2,76.1,76.1,-8.4,16775,82.72000000000007,81.03000000000004,83.20000000000005,45.170427721650356,52.69284771021774,32.72489056857806,40.3934927169469,92.80645616239282,83.20000000000005,73.59354383760727,-0.40607325270289607,-0.01588526642749398,-0.3901879862754021
2022-07-01,2368,34844051,2494659239,75.8,76.2,68.5,68.5,-7.6,19465,79.82000000000008,79.91000000000004,82.57000000000005,25.842696629213375,44.90938433716048,22.83562134021443,32.90242039545742,94.1039672272803,82.57000000000005,71.0360327727198,-1.4608616163371693,-0.3048805364094291,-1.1559810799277401
2022-07-04,2368,29719373,1969500605,67.2,68.8,63.5,67.8,-0.7,15895,76.28000000000007,78.89000000000003,81.97500000000005,6.231884057970896,25.748336136278287,22.117411208670312,32.30811008065484,95.15071629931276,81.97500000000005,68.79928370068734,-2.3264552161493555,-0.7091954723574143,-1.6172597437919412
2022-07-05,2368,32086673,2137089996,68.6,69.9,63.2,66.7,-1.1,18346,72.72000000000007,77.47000000000004,81.29500000000004,11.2390371337935,14.43787260699267,20.911631302413,31.34981398733183,96.05487466071392,81.29500000000004,66.53512533928617,-3.065863817527571,-1.1805291413914456,-1.8853346761361256
2022-07-06,2368,21013767,1406826963,66.9,68.2,65.6,67.8,1.1,12642,69.38000000000008,76.39000000000003,80.69500000000005,17.819866890588916,11.763596027451184,25.641111678785915,33.474814036040236,96.5817838154858,80.69500000000005,64.8082161845143,-3.522484644048646,-1.6489202419228857,-1.8735644021257603
2022-07-07,2368,36891135,2499601709,68.0,70.4,64.0,69.6,1.8,20974,68.08000000000008,75.40000000000003,79.95000000000005,20.743919885550657,16.600941303311103,33.26034663676733,36.91594597336577,96.4392085922882,79.95000000000005,63.460791407711895,-3.6965039851230017,-2.058436990562909,-1.6380669945600927
2022-07-08,2368,28139544,2011146981,69.8,73.4,68.8,72.0,2.4,17672,68.78000000000009,74.30000000000004,78.90500000000004,28.326180257510597,22.296655677883468,42.43559855910941,41.27751801630382,94.60932742908737,78.90500000000004,63.200672570912715,-3.5992655317183164,-2.3666026987939905,-1.2326628329243259
2022-07-11,2368,13807761,996592440,71.8,73.2,71.0,73.0,1.0,8654,69.82000000000008,73.05000000000004,77.87000000000003,36.263869019233695,28.44465638743173,46.0416215279373,43.04450175375417,92.20654072640937,77.87000000000003,63.533459273590694,-3.402292207464299,-2.573740600528052,-0.8285516069362471
2022-07-12,2368,10855673,762823677,71.6,71.8,69.2,69.3,-3.7,7080,70.34000000000009,71.53000000000003,76.78500000000004,36.790471648840615,33.79350697519505,36.24154063499432,38.43606647691159,90.2400027870674,76.78500000000004,63.32999721293268,-3.5043525123084294,-2.7598629828841275,-0.7444895294243019
2022-07-13,2368,17552130,1294060658,73.9,75.5,72.4,72.8,3.5,10241,71.34000000000009,70.36000000000003,76.04500000000004,48.816442816442674,40.623594494839075,48.36974327064823,44.49025629141979,88.6398362434764,76.04500000000004,63.4501637565237,-3.265176369239768,-2.8609256601552557,-0.4042507090845122
2022-07-14,2368,27753667,2107044902,72.8,78.0,72.0,78.0,5.2,17697,73.0200000000001,70.55000000000003,75.79000000000005,67.6312576312575,51.079390698847014,61.171982439776386,52.03694584927578,88.00391010282891,75.79000000000005,63.57608989717119,-2.625762851231684,-2.8138930983705412,0.18813024713885707
2022-07-15,2368,20098413,1574820117,78.0,79.5,76.6,78.1,0.1,13002,74.2400000000001,71.51000000000002,75.71000000000004,88.41906559697956,68.28892201489333,61.38679562827563,52.17161073222457,87.8411005271572,75.71000000000004,63.578899472842885,-2.0868974128922275,-2.6684939612748786,0.5815965483826511
2022-07-18,2368,12368396,969014512,79.0,79.3,76.9,78.6,0.5,8851,75.3600000000001,72.59000000000003,75.74000000000004,95.20153044396052,83.75061789073261,62.593981118490206,52.88392447763701,87.89654556195944,75.74000000000004,63.58345443804063,-1.6010410448155312,-2.455003377983009,0.8539623331674777
2022-07-19,2368,14665581,1171748750,79.5,80.9,78.9,79.3,0.7,9392,77.3600000000001,73.85000000000002,75.66000000000003,92.04571190352658,91.88876931482231,64.4112760084364,53.91864608756005,87.70016611181107,75.66000000000003,63.61983388818898,-1.1462984083472918,-2.1932623840558656,1.0469639757085738
2022-07-20,2368,17220108,1418440490,82.0,83.5,81.3,82.0,2.7,11971,79.2000000000001,75.27000000000002,75.83000000000003,91.50733704438049,92.91819313062263,70.79595949585494,57.77091413068425,88.12473057858534,75.83000000000003,63.53526942141472,-0.5615707198511188,-1.8669240512149163,1.3053533313637975
2022-07-21,2368,10771107,889029140,82.2,83.3,81.5,82.7,0.7,7335,80.1400000000001,76.58000000000003,75.99000000000004,91.57801905054639,91.71035599948459,72.29910762613714,58.73408146062794,88.55199028816664,75.99000000000004,63.42800971183344,-0.04121061382303992,-1.5017813637365411,1.4605707499135012
2022-07-22,2368,9074246,754646208,83.3,84.2,82.2,83.2,0.5,6672,81.1600000000001,77.70000000000003,76.00000000000003,92.51161536875811,91.86565715456176,73.43839153492533,59.44559753709453,88.58459375585879,76.00000000000003,63.415406244141266,0.40683460444765274,-1.1200581700997023,1.526892774547355
2022-07-25,2368,9997302,830311754,83.5,84.9,82.0,82.0,-1.2,8103,81.8400000000001,78.60000000000004,75.82500000000003,88.41943586129621,90.83635676020033,65.85466319066356,56.909455591880665,87.96581957694785,75.82500000000003,63.68418042305221,0.6575043953497897,-0.7645456570098039,1.4220500523595936
2022-07-26,2368,7275001,589190639,82.0,82.0,80.3,80.6,-1.4,4993,82.1000000000001,79.73000000000005,75.63000000000002,79.17312661498693,86.70139261501384,57.73902566240247,54.01415968066042,87.32428920456503,75.63000000000002,63.935710795435014,0.7347242669073069,-0.46469167222638175,1.1994159391336887
2022-07-27,2368,5514306,448318256,80.8,82.2,80.2,82.0,1.4,3670,82.1000000000001,80.65000000000005,75.50500000000002,69.74876249182762,79.11377498937036,63.05131675167662,56.40280546709921,86.8660694919098,75.50500000000002,64.14393050809025,0.8985321518380402,-0.19204690741349734,1.0905790592515376
2022-07-28,2368,11246938,914980366,82.8,83.0,79.6,81.3,-0.7,8455,81.82000000000009,80.98000000000005,75.76500000000003,62.24230254350718,70.38806388344067,58.7438534647031,54.8681783940322,87.40326017925369,75.76500000000003,64.12673982074637,0.9607915243411753,0.03852077893743722,0.9222707454037381
2022-07-29,2368,6413151,526228354,82.5,83.0,81.0,81.3,0.0,5263,81.4400000000001,81.30000000000004,76.40500000000003,53.35341365461827,61.781492896651116,58.7438534647031,54.8681783940322,87.7796164770512,76.40500000000003,65.03038352294885,0.9986210438311929,0.23054083191618835,0.7680802119150045
2022-08-01,2368,3584336,290409580,81.4,81.6,80.4,81.1,-0.2,2679,81.2600000000001,81.55000000000004,77.07000000000002,41.1006289308174,52.23211504298104,57.22355862620413,54.377918853410854,87.89646756795624,77.07000000000002,66.2435324320438,1.0009248435019344,0.3846176342333376,0.6163072092685968
2022-08-02,2368,5351286,428487910,80.1,81.0,79.0,80.4,-0.7,3696,81.2200000000001,81.66000000000004,77.75500000000002,30.67690011725814,41.71031423423137,51.75432048281973,52.606198560472514,87.55530101578543,77.75500000000002,67.95469898421462,0.9354828079903825,0.4947906689847466,0.4406921390056359
2022-08-03,2368,6523695,523669428,80.2,81.4,79.4,79.9,-0.5,4558,80.8000000000001,81.45000000000003,78.36000000000004,22.428312546636743,31.401947198237522,47.93632458012058,51.31997730983691,87.05951722798417,78.36000000000004,69.66048277201591,0.8336637453190434,0.562565284251606,0.2710984610674374
2022-08-04,2368,24135071,1792540999,79.0,79.0,72.0,72.0,-7.9,15549,78.94000000000008,80.38000000000002,78.48000000000005,12.994350282485819,22.03318764879366,20.313246730775717,36.2422549442684,86.74839766822986,78.48000000000005,70.21160233177024,0.11419110367832275,0.47289044813694936,-0.3586993444586266
2022-08-05,2368,30767632,2214847838,71.2,73.7,70.2,72.0,0.0,19049,77.08000000000008,79.26000000000002,78.48000000000005,9.772245762711776,15.06496953061154,20.31324673077571,36.2422549442684,86.74839766822986,78.48000000000005,70.21160233177024,-0.45079961103937194,0.2881524363016851,-0.738952047341057
2022-08-08,2368,17131147,1232863382,70.8,73.9,69.6,73.9,1.9,9407,75.64000000000007,78.45000000000002,78.52500000000005,15.384017412935231,12.716871152711036,32.95956843211341,41.07141064276427,86.68266510712412,78.52500000000005,70.36733489287597,-0.7367518848376875,0.08317157207381054,-0.819923456911498
2022-08-09,2368,27737954,2109795006,73.0,77.7,72.6,77.5,3.6,15717,75.06000000000009,78.14000000000001,78.93500000000004,35.035758706467576,20.064007294038287,50.3702528880184,48.959735045843104,85.93964845656008,78.93500000000004,71.93035154344001,-0.6652130465333812,-0.0665053516476278,-0.5987076948857534
2022-08-10,2368,29877409,2351778872,76.1,80.6,75.8,79.3,1.8,17534,74.94000000000008,77.87000000000002,79.26000000000005,54.477611940298424,34.9657960199005,56.89969636787051,52.39135530762001,85.6741718093603,79.26000000000005,72.84582819063979,-0.4579935800951489,-0.14480299733713203,-0.31319058275801687
2022-08-11,2368,16381129,1308073413,80.9,81.2,78.4,79.0,-0.3,10233,76.34000000000009,77.64000000000001,79.31000000000004,69.8922056384742,53.13519209508016,55.48041231244451,51.76665767261106,85.69964787762129,79.31000000000004,72.9203521223788,-0.3143544701495813,-0.17871329189962187,-0.13564117824995942
2022-08-12,2368,12807786,1014947335,80.0,80.5,78.2,78.6,-0.4,7472,77.66000000000008,77.37000000000003,79.33500000000005,75.66419315850115,66.67800357909135,53.40811459783308,50.89527067199525,85.70940977659777,79.33500000000005,72.96059022340233,-0.2301431507318199,-0.18899926366606148,-0.04114388706575842
2022-08-15,2368,11223087,901580619,79.3,81.0,79.0,80.5,1.9,6762,78.98000000000009,77.31000000000003,79.43000000000005,82.32580037664769,75.96073305787444,61.39833722141105,54.78831985759162,85.8143872063017,79.43000000000005,73.0456127936984,-0.009975955738070752,-0.15319460208046334,0.1432186463423926
2022-08-16,2368,12001479,982889360,80.5,82.7,80.1,82.3,1.8,7402,79.94000000000008,77.50000000000003,79.58000000000006,88.53021089403528,82.1734014763948,67.54924355216386,58.17162486165839,86.08495195985223,79.58000000000006,73.07504804014788,0.3062231395503545,-0.061311053754299766,0.3675341933046543
2022-08-17,2368,11523346,952912400,83.0,83.7,81.7,82.7,0.4,7173,80.62000000000009,77.78000000000003,79.61500000000005,94.07574921995588,88.31058683021304,68.83663814111904,58.907535136644896,86.17892413118756,79.61500000000005,73.05107586881255,0.5823765829865835,0.06742647359387688,0.5149501093927066
2022-08-18,2368,8574797,704512757,81.8,83.4,80.7,83.0,0.3,5614,81.42000000000009,78.88000000000002,79.63000000000005,94.96327576561441,92.52307862653528,69.88212652530879,59.48328526418531,86.22336029653988,79.63000000000005,73.03663970346022,0.8160309721974528,0.21714737331459208,0.5988835988828607
2022-08-19,2368,9501627,794472641,83.0,84.5,82.9,83.1,0.1,6347,82.32000000000009,79.99000000000004,79.62500000000004,92.05951884299805,93.69951460952286,70.27000464855514,59.68604916646966,86.20766663290748,79.62500000000004,73.04233336709261,0.9977712375655301,0.37327214616477966,0.6244990914007504
2022-08-22,2368,17172757,1432810458,83.1,85.6,81.8,82.1,-1.0,10606,82.6400000000001,80.81000000000003,79.63000000000004,82.51882313208957,89.84720591356744,61.09101074703902,56.63382120981713,86.22002276172047,79.63000000000004,73.0399772382796,1.0490176421978958,0.5084212453714029,0.540596396826493
2022-08-23,2368,6989087,573153326,81.4,82.8,81.3,82.3,0.2,4124,82.6400000000001,81.29000000000003,79.71500000000005,69.30880460292211,81.29571552600333,62.24184466496423,57.10626772441777,86.3961002087969,79.71500000000005,73.0338997912032,1.0931677581668708,0.6253705479304965,0.46779721023637433
2022-08-24,2368,8724309,709100176,82.6,83.3,80.1,80.3,-2.0,10299,82.16000000000011,81.39000000000003,79.63000000000004,49.35649935649922,67.06137569717039,46.27399353053178,51.10986354430111,86.23548257131846,79.63000000000004,73.02451742868162,0.9557563930922299,0.6914477169628432,0.2643086761293867
2022-08-25,2368,14900421,1248462244,81.8,85.2,81.3,83.8,3.5,9712,82.3200000000001,81.87000000000003,79.75500000000004,52.17035217035204,56.94521870992455,64.7416236366921,59.18654902808556,86.57335024034334,79.75500000000004,72.93664975965673,1.116408384636685,0.7764398504976116,0.33996853413907346
2022-08-26,2368,10260314,856382056,84.3,84.7,82.3,83.4,-0.4,7087,82.38000000000011,82.35000000000002,79.86000000000004,53.701883701883645,51.74291174291174,61.90444189434486,58.007125207602904,86.83320586244155,79.86000000000004,72.88679413755854,1.197643894996176,0.8606806593973244,0.33696323559885166
2022-08-29,2368,8764854,705131997,81.4,81.6,79.2,80.5,-2.9,6512,82.0600000000001,82.35000000000002,79.83000000000006,51.01325757575753,52.29516448266451,45.163610590502664,50.197166006817575,86.78675211574942,79.83000000000006,72.87324788425069,1.0163025553063534,0.8918050385791302,0.1244975167272232
2022-08-30,2368,7708169,634365360,81.1,83.7,81.0,82.1,1.6,5506,82.0200000000001,82.33000000000003,79.91500000000005,41.874999999999915,48.86338042588047,53.29376576813336,53.88613979396348,86.93875255828293,79.91500000000005,72.89124744171717,0.9902795392495847,0.9114999387132211,0.07877960053636357
2022-08-31,2368,7280656,604952186,82.1,83.6,81.8,83.6,1.5,5314,82.68000000000009,82.42000000000003,80.10000000000004,44.791666666666494,45.89330808080808,59.810895656592564,57.09475652097989,87.30499826509327,80.10000000000004,72.8950017349068,1.0782640190997057,0.944852754790518,0.1334112643091877
2022-09-01,2368,8152495,666719759,83.0,83.2,80.8,81.0,-2.6,7136,82.12000000000009,82.22000000000003,80.55000000000004,47.395833333333165,44.687499999999964,46.648189294562094,50.53155419187877,86.72592098395022,80.55000000000004,74.37407901604986,0.9275024119270086,0.9413826862178161,-0.013880274290807515
2022-09-02,2368,3923120,318484783,82.5,82.5,80.1,80.1,-0.9,2866,81.46000000000008,81.92000000000003,80.95500000000003,37.29166666666648,43.15972222222215,42.84071042113206,48.455143316733086,85.74101086501122,80.95500000000003,76.16898913498883,0.7270196437782914,0.8985100777299111,-0.17149043395161967
2022-09-05,2368,4918096,390470797,81.0,81.3,78.6,78.6,-1.5,3927,81.08000000000008,81.57000000000002,81.19000000000003,14.374999999999824,33.020833333333265,36.972833618468584,45.126867855125575,84.91016128682658,81.19000000000003,77.46983871317347,0.4420030061258444,0.8072086634090978,-0.3652056572832534
2022-09-06,2368,4914775,385502927,79.9,80.3,77.3,77.7,-0.9,3625,80.20000000000007,81.11000000000004,81.20000000000002,6.687763713080019,19.451476793248883,33.73806967274335,43.20912325459763,84.88130411675188,81.20000000000002,77.51869588324816,0.14186742954770182,0.6741404166368186,-0.5322729870891167
2022-09-19,2368,10515657,944445242,88.0,91.3,88.0,88.1,0.0,8345,81.1000000000001,81.89000000000004,81.64000000000001,27.402049427365768,16.15493771348198,69.59762835846497,62.85381764751402,86.2851695340445,81.64000000000001,76.99483046595553,0.7347313803249591,0.6862586093744467,0.04847277095051239
2022-09-20,2368,13900539,1262195689,89.8,92.2,88.8,91.1,3.0,10979,83.12000000000009,82.62000000000005,82.24500000000002,58.27453264884226,30.788115263096127,74.2816479144518,66.45816112640166,88.29627259343096,82.24500000000002,76.19372740656908,1.43016916078777,0.8350407196571114,0.5951284411306587
2022-09-21,2368,21121409,1930348024,91.7,93.7,88.1,93.7,2.6,15033,85.84000000000009,83.65000000000006,83.00000000000003,89.92010226909541,58.532228115101255,77.74804486902794,69.24354488945337,90.61078182580496,83.00000000000003,75.3892181741951,2.1661370040473855,1.1012599765351663,1.0648770275122192
2022-09-22,2368,13674896,1281584744,92.8,95.0,91.1,95.0,1.3,9153,89.12000000000009,85.10000000000005,83.72500000000002,97.53914988814303,81.91126160202701,79.37004273760175,70.55995534603139,92.85579952687634,83.72500000000002,74.5942004731237,2.821768368378443,1.4453616549038215,1.3764067134746214
2022-09-23,2368,34717422,3460181648,95.2,104.0,94.7,102.0,7.0,22705,93.9800000000001,87.09000000000006,84.71000000000002,97.5031210986266,94.98745775195512,85.84967128055787,76.41392094162688,96.78806275857217,84.71000000000002,72.63193724142788,3.8616873191406285,1.928626787751183,1.9330605313894456
2022-09-26,2368,22084343,2153517787,100.0,101.0,95.7,97.0,-5.0,13847,95.7600000000001,88.43000000000005,85.42500000000003,88.76404494382011,94.60210531019669,68.0406845651487,66.27649120610448,98.58689576011005,85.42500000000003,72.26310423989,4.233570402283192,2.3896155106575847,1.8439548916256072
2022-09-27,2368,19719143,1882592852,97.5,99.2,93.2,94.0,-3.0,13253,96.3400000000001,89.73000000000005,85.97500000000002,76.27965043695369,87.51560549313358,59.41324568161719,61.043713881478766,99.59687578859838,85.97500000000002,72.35312421140166,4.237369736343226,2.759166355794713,1.4782033805485129
2022-09-28,2368,15148982,1379279934,94.0,95.0,88.6,89.2,-4.8,9036,95.4400000000001,90.64000000000006,86.28000000000003,60.299625468164685,75.1144402829796,48.04214766567014,53.733611742017274,99.90389078053718,86.28000000000003,72.65610921946288,3.809151325862132,2.9691633498081966,0.8399879760539353
2022-09-29,2368,17942288,1577276176,90.5,91.3,85.5,86.0,-3.2,11125,93.6400000000001,91.38000000000005,86.47500000000004,36.60626919053874,57.72851503188582,41.8172760934202,49.4795691785284,99.96497776128629,86.47500000000004,72.98502223871378,3.174972784022387,3.0103252366510347,0.16464754737135223
2022-09-30,2368,31888886,2887930654,84.9,94.6,84.1,92.8,6.8,19649,91.8000000000001,92.89000000000004,87.00000000000003,30.33019468567986,42.41202978146121,55.96315417490953,57.22868298196706,100.6158730898905,87.00000000000003,73.38412691010956,3.1843773705123652,3.045135663423301,0.13924170708906436
2022-10-03,2368,22047983,2075002807,91.1,95.9,91.1,93.8,1.0,13948,91.16000000000011,93.46000000000004,87.67500000000004,31.721671420163762,32.886045098794234,57.726517347082186,58.24303726248363,101.23374256706704,87.67500000000004,74.11625743293304,3.235228515249389,3.0831542337885187,0.15207428146087043
2022-10-04,2368,19385683,1813849991,96.2,97.0,91.5,92.9,-0.9,12360,90.9400000000001,93.64000000000003,88.13000000000004,45.5611390284756,35.87100171143985,55.397333747453956,56.934341966718335,101.74867834997197,88.13000000000004,74.51132165002811,3.16640558288951,3.099804503608717,0.06660107928079295
2022-10-05,2368,25898174,2452680282,94.0,97.5,91.7,94.6,1.7,16134,92.0200000000001,93.73000000000003,88.69000000000003,48.57621440536002,41.95300828466657,59.039400275215414,58.81671879202809,102.40537823029334,88.69000000000003,74.97462176970672,3.2120126235432878,3.1222461275956315,0.08976649594765629
2022-10-06,2368,23008499,2193362382,96.5,97.8,93.8,94.8,0.2,13626,93.7800000000001,93.71000000000002,89.40500000000003,53.432844696856954,49.19006604356431,59.49338461707384,59.04352960740973,102.82580101931347,89.40500000000003,75.98419898068659,3.227094918943905,3.143215885865286,0.08387903307861899
2022-10-07,2368,16325554,1525159796,94.4,96.3,90.5,91.5,-3.3,10589,93.5200000000001,92.66000000000003,89.87500000000003,55.02801702649631,52.345692042904545,49.03208456884296,53.78049487250208,102.89189287042053,89.87500000000003,76.85810712957952,2.9388876584293655,3.102350240378102,-0.1634625819487363
2022-10-11,2368,14874073,1277973707,88.8,88.8,83.9,85.1,-6.4,8997,91.78000000000009,91.47000000000003,89.95000000000003,40.317775169730446,49.592878964361354,35.0765454083512,45.33953715995963,102.83805648653073,89.95000000000003,77.06194351346933,2.1690513414059467,2.915690460583671,-0.7466391191777242
2022-10-12,2368,18876236,1658896687,85.2,90.7,84.1,90.5,5.4,12909,91.3000000000001,91.12000000000003,90.42500000000004,35.040576810074974,43.4621230021007,49.285419739796154,52.16196198821077,102.64136197891993,90.42500000000004,78.20863802108015,1.9719539267419606,2.726943153815329,-0.7549892270733682
2022-10-13,2368,28616331,2580318913,90.3,93.9,86.2,88.8,-1.7,19017,90.14000000000009,91.08000000000001,90.86000000000004,30.455635491606547,35.27132915713744,45.618503123709644,50.04428466944907,102.15998230087104,90.86000000000004,79.56001769912905,1.659447930332945,2.513444109118852,-0.853996178785907
2022-10-14,2368,26426736,2390772133,92.3,92.9,88.0,88.0,-0.8,17757,88.78000000000009,91.28000000000002,91.33000000000004,37.41007194244589,34.302094748042585,43.82820991933399,49.03540042011183,101.24868942955648,91.33000000000004,81.4113105704436,1.3318782986126791,2.2771309470176173,-0.9452526484049382
2022-10-17,2368,23342458,1965279343,87.8,88.4,80.4,84.6,-3.4,15443,87.40000000000009,90.46000000000002,91.67500000000004,29.628710824443726,32.498139419498834,36.68893704547978,44.893113339980374,100.03008827003019,91.67500000000004,83.31991172996989,0.7888322532636067,1.979471208266815,-1.1906389550032084
2022-10-18,2368,13162407,1105118088,85.8,85.9,82.8,83.0,-1.6,8908,86.98000000000009,89.38000000000002,91.42000000000004,22.85895421593743,29.965912327609132,33.67715525676845,43.050092255489524,100.47772598393213,91.42000000000004,82.36227401606796,0.22674395843725392,1.628925758300903,-1.402181799863649
2022-10-19,2368,12457273,1050608645,83.9,85.8,83.0,83.0,0.0,8603,85.48000000000009,88.39000000000003,91.01500000000004,18.007662835248876,23.498442625210128,33.67715525676845,43.05009225548952,100.78971738721876,91.01500000000004,81.24028261278133,-0.21622258546871365,1.2598960895469795,-1.4761186750156932
2022-10-20,2368,16962553,1373870699,82.5,82.8,79.0,82.3,-0.7,11222,84.18000000000009,87.16000000000003,90.44500000000004,16.32006732664481,19.06222812594382,32.10763016916937,42.17163934375895,100.83701135488245,90.44500000000004,80.05298864511762,-0.6166525263013938,0.8845863663773048,-1.5012388926786986
2022-10-21,2368,10291803,835659347,82.0,83.3,79.9,79.9,-2.4,7145,82.56000000000009,85.67000000000003,89.69000000000004,13.352647233559383,15.893459131817805,27.062613658767926,39.21692295997602,100.81670661067359,89.69000000000004,78.56329338932649,-1.1148053001583094,0.48470803307018195,-1.5995133332284914
2022-10-24,2368,10831977,876779578,81.5,82.7,79.6,80.0,0.1,6840,81.64000000000007,84.52000000000002,88.59000000000005,10.60894078700638,13.427218449070304,27.6154995017443,39.40741998742809,98.95511456762547,88.59000000000005,78.22488543237462,-1.4844143930643554,0.09088354784327446,-1.57529794090763
2022-10-25,2368,10433119,824513257,80.5,80.6,78.1,78.4,-1.6,6678,80.72000000000007,83.85000000000002,87.66000000000005,4.8834706765212985,9.615019565695802,24.19232075365824,37.388371551980505,98.17653935474966,87.66000000000005,77.14346064525044,-1.8847130910042438,-0.30423577992622924,-1.5804773110780146
2022-10-26,2368,11501307,890097366,78.6,79.0,76.0,76.9,-1.5,7451,79.50000000000007,82.49000000000002,86.80500000000005,4.645195786723433,6.712535750083817,21.3039386640698,35.54947263391875,97.88606041856993,86.80500000000005,75.72393958143017,-2.296517334791872,-0.7026920908993579,-1.5938252438925142
2022-10-27,2368,16482488,1315451325,77.3,81.5,77.3,81.5,4.6,9533,79.34000000000006,81.76000000000002,86.42000000000004,17.193005557958184,8.907224007067752,44.85827308293962,44.555460261516714,97.67514993236438,86.42000000000004,75.16485006763571,-2.22603328266203,-1.0073603292518922,-1.2186729534101377
2022-10-28,2368,12790350,1050383239,80.8,83.5,80.4,82.1,0.6,8309,79.78000000000006,81.17000000000003,86.22500000000005,37.0988147042736,19.645672016318517,47.260394339966766,45.622793093761445,97.63655116537615,86.22500000000005,74.81344883462396,-2.0975795861766926,-1.2254041806368523,-0.8721754055398403
2022-10-31,2368,12992998,1099963226,83.7,85.6,83.5,85.6,3.5,8941,80.90000000000006,81.27000000000002,85.86500000000004,67.9767279997693,40.75618275400047,59.32055655693335,51.48930625286145,96.87123005392858,85.86500000000004,74.85876994607149,-1.6938329056120836,-1.3190899256318986,-0.3747429799801849
2022-11-01,2368,14171005,1220999934,85.0,87.4,84.5,86.5,0.9,9219,82.52000000000007,81.62000000000003,85.50000000000004,83.89353614917505,62.989692951072755,61.932095447404535,52.89656790612983,95.89673025522919,85.50000000000004,75.1032697447709,-1.2864093478408165,-1.3125538100736822,0.026144462232865706
2022-11-02,2368,8857150,775566715,86.5,88.4,86.0,88.2,1.7,6052,84.78000000000007,82.14000000000003,85.26500000000004,96.15051453518572,82.67359289471013,66.65020352090156,55.52127470318926,95.18352307553896,85.26500000000004,75.34647692446113,-0.8169303855090249,-1.2134291251607507,0.3964987396517259
2022-11-03,2368,9397953,823251065,87.5,88.4,86.6,87.8,-0.4,5910,86.04000000000008,82.69000000000003,84.92500000000004,95.2178834182228,91.75397803419463,64.45720547171865,54.74824847995059,93.96775953456665,84.92500000000004,75.88224046543343,-0.47170407159654815,-1.0650841144479102,0.593380042851362
2022-11-04,2368,6162800,537385432,87.0,88.4,86.0,88.1,0.3,4217,87.24000000000008,83.51000000000003,84.59000000000005,97.04301075268798,96.13713623536562,65.45185382268328,55.25147035857108,92.57971839303416,84.59000000000005,76.60028160696594,-0.17192044592042066,-0.8864513807424123,0.7145309348219916
2022-11-07,2368,7773836,688791931,89.5,90.2,87.5,87.6,-0.5,5398,87.64000000000007,84.27000000000004,84.39500000000004,91.47735877631358,94.5794176490749,62.07412970645593,54.170239798721056,91.87469919181218,84.39500000000004,76.9153008081879,0.025025932554257224,-0.7041559180830783,0.7291818506373355
2022-11-08,2368,21312272,1941816363,88.4,93.4,88.3,89.2,1.6,13639,88.18000000000008,85.35000000000005,84.60000000000005,84.39460982820701,90.97165978573629,68.2006897091068,57.06567452017022,92.36504990325164,84.60000000000005,76.83495009674846,0.3066787825551671,-0.5019889779554292,0.8086677605105963
2022-11-09,2368,14926599,1368434059,92.0,92.8,89.8,92.0,2.8,10047,88.94000000000008,86.86000000000004,84.67500000000004,81.61131785136665,85.82776215196253,76.08735746972522,61.63379705638343,92.69145183357313,84.67500000000004,76.65854816642695,0.7472138783387265,-0.252148406696598,0.9993622850353245
2022-11-10,2368,15752799,1471311507,91.0,94.5,90.3,94.0,2.0,10904,90.18000000000008,88.11000000000004,84.93500000000004,86.19945272119168,84.06846013358857,80.1830817841356,64.53630694360423,93.76569079970479,84.93500000000004,76.1043092002953,1.2433913593276884,0.04695954650825929,1.1964318128194291
2022-11-11,2368,25443228,2438794237,97.0,99.8,93.4,94.0,0.0,14922,91.36000000000008,89.30000000000004,85.23500000000004,82.25893931776268,83.35656996344045,80.1830817841356,64.53630694360425,94.83589058369037,85.23500000000004,75.63410941630971,1.617964697887956,0.36116057678419866,1.2568041211037575
2022-11-14,2368,14742158,1429562769,95.0,98.5,94.6,97.3,3.3,9970,93.30000000000008,90.47000000000004,85.87000000000005,79.81003556451111,82.7561425344886,85.68827577653748,69.02111609088792,96.80601389903983,85.87000000000005,74.93398610096027,2.1562433568979884,0.7201771328069566,1.4360662240910318
2022-11-15,2368,9466943,908477537,97.1,97.8,94.8,95.6,-1.7,6237,94.58000000000008,91.38000000000004,86.50000000000004,71.18025954343074,77.74974480856828,73.42849006794232,64.49616817258111,98.1316808759522,86.50000000000004,74.86831912404789,2.4177865415138484,1.059699014548335,1.3580875269655135
2022-11-16,2368,10670652,1032772139,96.7,98.2,95.2,96.8,1.2,7191,95.54000000000009,92.24000000000004,87.19000000000004,76.57004830917857,75.85344780570692,76.22929378412547,66.18156481243365,99.52529894246544,87.19000000000004,74.85470105753464,2.6908726657398034,1.3859337447866287,1.3049389209531748
2022-11-17,2368,8136891,797569413,96.8,98.8,96.8,98.7,1.9,5467,96.48000000000009,93.33000000000004,88.01000000000005,79.62766584187567,75.79265789816178,80.10334721124613,68.71397645814223,101.09371506874035,88.01000000000005,74.92628493125974,3.0257307668770608,1.7138931492047151,1.3118376176723456
2022-11-18,2368,17309773,1708285932,100.5,101.5,96.3,97.1,-1.6,11136,97.1000000000001,94.23000000000005,88.87000000000003,78.66148226699643,78.286398806017,69.0476618758586,64.34436918060267,101.96948090574554,88.87000000000003,75.77051909425452,3.125967390082863,1.9963079973803448,1.1296593927025183
2022-11-21,2368,14215999,1411595722,97.1,101.0,96.7,98.5,1.4,8425,97.34000000000009,95.32000000000004,89.79500000000004,77.3608505315821,78.54999954681819,72.87008130831104,66.36015351586391,102.87115769253272,89.79500000000004,76.71884230746737,3.2805577086619593,2.253157939636668,1.0273997690252914
2022-11-22,2368,9104672,882099024,97.9,98.2,95.9,97.1,-1.4,6067,97.6400000000001,96.11000000000004,90.73000000000003,67.24664224664207,74.42299168174031,63.693391655900946,62.55177370733435,103.06662838866411,90.73000000000003,78.39337161133595,3.252609294914393,2.453048210692213,0.7995610842221801
2022-11-23,2368,7199174,709363909,97.9,99.2,97.6,98.7,1.6,5197,98.0200000000001,96.78000000000004,91.82000000000002,66.83511961289723,70.4808707970406,68.91316901186116,65.02235988447039,102.8603985435308,91.82000000000002,80.77960145646924,3.3212809446003178,2.626694757473834,0.6945861871264838
2022-11-24,2368,8114324,813956006,99.3,101.5,99.2,100.5,1.8,5259,98.3800000000001,97.43000000000004,92.77000000000002,70.55121028550964,68.21099071501642,73.8479831298173,67.61117565050044,103.35529168232944,92.77000000000002,82.18470831767061,3.4808239072362994,2.797520587426327,0.6833033198099723
2022-11-25,2368,13516572,1354070517,103.0,103.0,98.0,100.0,-0.5,8498,98.96000000000011,98.03000000000004,93.66500000000003,71.45132642952824,69.61255210931182,70.2347919955313,66.14663781257612,103.48992239155027,93.66500000000003,83.8400776084498,3.5262684060851655,2.943270151158095,0.5829982549270705
2022-11-28,2368,5898433,598138032,99.5,103.0,99.0,102.5,2.5,3514,99.7600000000001,98.55000000000004,94.51000000000003,80.83720803763207,74.27991491755677,76.8438012454023,69.68275413135063,104.32201304524175,94.51000000000003,84.69798695475832,3.7211178749144977,3.0988396959093754,0.6222781790051224
2022-11-29,2368,14758297,1460493196,101.0,103.5,97.3,97.5,-5.0,9842,99.8400000000001,98.74000000000004,95.06000000000003,59.352336438343976,70.54695696850155,50.61877808358085,56.88491787333497,104.22632969077554,95.06000000000003,85.89367030922452,3.4325114145965756,3.1655740396468155,0.2669373749497601
2022-11-30,2368,6041850,590248752,97.7,98.5,97.0,97.5,0.0,4384,99.60000000000011,98.81000000000004,95.52500000000003,45.231668915879254,61.807071130618546,50.61877808358085,56.88491787333497,104.18152932762275,95.52500000000003,86.86847067237731,3.1672783027851352,3.1659148922744795,0.0013634105106556937
2022-12-01,2368,10226642,1027385020,99.1,102.0,98.8,100.5,3.0,6955,99.60000000000011,98.99000000000004,96.16000000000004,34.210526315789274,46.26484389000428,61.381987471512424,61.77064123271396,104.30478974559763,96.16000000000004,88.01521025440245,3.1626964823882986,3.1652712102972433,-0.0025747279089447517
2022-12-02,2368,5616605,558742611,100.5,101.0,98.6,99.1,-1.4,3727,99.4200000000001,99.19000000000004,96.71000000000004,41.228070175438376,40.22342180236908,54.87060405882279,58.44236835092159,104.04918251578404,96.71000000000004,89.37081748421603,3.0113837002268014,3.1344937082831548,-0.12311000805635341
2022-12-05,2368,6152315,611167012,99.9,101.0,98.1,98.3,-0.8,3707,98.5800000000001,99.17000000000004,97.24500000000003,40.877192982455924,38.771929824561305,51.24646403935619,56.566749140458995,103.2969335753123,97.24500000000003,91.19306642468777,2.7946983728897266,3.066534641204469,-0.2718362683147424
2022-12-06,2368,4907754,484385519,98.3,99.8,97.9,97.9,-0.4,3498,98.66000000000011,99.25000000000003,97.68000000000004,25.31713900134935,35.807467386414665,49.345265335035286,55.60581904613571,102.4769156757225,97.68000000000004,92.88308432427758,2.5611734198719063,2.9654623969379563,-0.40428897706605005
2022-12-07,2368,7251869,693120221,97.1,97.6,94.0,95.5,-2.4,5206,98.2600000000001,98.93000000000004,97.85500000000005,16.54520917678799,27.579847053531207,39.172427336334444,50.10591052190466,102.02464027225214,97.85500000000005,93.68535972774795,2.157572121412116,2.8038843418327883,-0.6463122204206724
2022-12-08,2368,2801541,266737503,94.8,95.9,94.3,95.2,-0.3,2069,97.2000000000001,98.40000000000003,97.91500000000005,14.08906882591082,18.65047233468284,38.02910280455478,49.447533666315465,101.89106589482331,97.91500000000005,93.93893410517678,1.792840937474537,2.601675660961138,-0.8088347234866009
2022-12-09,2368,2946382,282855228,96.3,96.8,95.4,95.5,0.3,2032,96.4800000000001,97.95000000000003,97.99000000000004,14.736842105263017,15.123706702654061,40.06981357548708,50.15289271293154,101.7166070358967,97.99000000000004,94.26339296410337,1.51058327555792,2.3834571838804943,-0.8728739083225743
2022-12-12,2368,2315393,220128510,95.0,95.9,93.7,95.5,0.0,1556,95.9200000000001,97.25000000000003,97.90000000000005,16.70259987317677,15.176170268116989,40.069813575487075,50.15289271293153,101.77298334620559,97.90000000000005,94.0270166537945,1.272226608522871,2.16121106880897,-0.8889844602860988
2022-12-13,2368,3053546,293328591,96.1,97.0,95.0,95.0,-0.5,2183,95.3400000000001,97.00000000000003,97.87000000000005,17.71295709152382,16.384133023321322,37.28455830712455,48.835776469577105,101.82226517328805,97.87000000000005,93.91773482671205,1.0310955832558335,1.9351879716983427,-0.9040923884425092
2022-12-14,2368,3600757,347122268,95.3,97.1,95.2,97.0,2.0,2400,95.6400000000001,96.95000000000003,97.88000000000005,27.518292347471903,20.64461643739095,52.64544333365519,54.03566220980054,101.82238506490478,97.88000000000005,93.93761493509533,0.9899690468414235,1.746144186726959,-0.7561751398855354
2022-12-15,2368,2341662,226662813,97.0,97.3,96.4,96.6,-0.4,1863,95.9200000000001,96.56000000000003,97.77500000000005,33.531385817241365,26.254211752079147,49.799392930020765,52.87816887304463,101.7362498027752,97.77500000000005,93.81375019722489,0.9145568710541596,1.579826723592399,-0.6652698525382394
2022-12-16,2368,10270001,965376718,95.7,95.8,92.2,95.7,-0.9,6444,95.9600000000001,96.22000000000004,97.70500000000006,43.6613794760873,34.90368588026698,43.61063472355768,50.26898126623413,101.75986127999268,97.70500000000006,93.65013872000743,0.7732560852259098,1.4185125959191012,-0.6452565106931913
2022-12-19,2368,2017904,192063357,94.5,95.7,94.4,95.1,-0.6,1307,95.88000000000008,95.90000000000005,97.53500000000005,46.49412089330358,41.228962062210876,39.76687314697082,48.549080718589906,101.7251193300411,97.53500000000005,93.34488066995901,0.6058750583208621,1.2559850883994534,-0.6501100300785914
2022-12-20,2368,4000916,374543514,94.8,95.8,91.8,91.8,-3.3,2862,95.2400000000001,95.29000000000005,97.27000000000005,33.25211176088353,41.1358707100916,25.40116269362427,40.36835744354398,102.15020491372799,97.27000000000005,92.38979508627212,0.2045836548104063,1.045704801681644,-0.8411211468712376
2022-12-21,2368,3838318,350454169,92.6,93.5,90.2,90.2,-1.6,3142,93.88000000000008,94.76000000000005,96.84500000000006,17.90123456790106,32.549155740696186,21.091313085008494,37.10383113942394,102.56180855022993,96.84500000000006,91.12819144977018,-0.2397852072540303,0.788606799894509,-1.0283920071485393
2022-12-22,2368,5283914,475317470,91.5,92.2,89.0,89.4,-0.8,3716,92.44000000000008,94.18000000000004,96.29000000000005,1.6064257028111166,17.5865906771987,19.191805041753483,35.55557952000358,102.60376274498678,96.29000000000005,89.97623725501332,-0.6490225184754053,0.5010809362205262,-1.1501034546959314
2022-12-23,2368,3685355,323470013,88.5,88.6,86.9,88.4,-1.0,2948,90.98000000000009,93.47000000000004,95.71000000000006,6.414118010503429,8.640592760405333,16.963794126379423,33.66458302405524,102.65374538703485,95.71000000000006,88.76625461296528,-1.0420258532673756,0.1924595783229458,-1.2344854315903215
2022-12-26,2368,1873773,166847574,88.9,89.6,88.1,89.0,0.6,1498,89.76000000000008,92.82000000000004,95.03500000000005,13.144887241272647,7.055143651529195,23.204521113101055,35.868475783937406,101.83037342608776,95.03500000000005,88.23962657391235,-1.2901962625400785,-0.10407158984965909,-1.1861246726904193
2022-12-27,2368,2311272,207351975,89.1,90.1,89.1,89.7,0.7,1792,89.34000000000007,92.29000000000005,94.64500000000007,20.51282051282035,13.357275254865607,30.331384681980428,38.438207158220024,101.71931268746032,94.64500000000007,87.57068731253982,-1.4140882212290649,-0.3660749161255402,-1.0480133051035248
2022-12-28,2368,7072483,613267407,89.7,89.7,85.1,85.8,-3.9,5093,88.46000000000008,91.17000000000004,94.06000000000006,17.8858135633835,17.181173772492297,18.91903403024267,30.98810214749712,101.97792902216044,94.06000000000006,86.14207097783968,-1.8061507162562833,-0.6540900761516888,-1.1520606401045945
2022-12-29,2368,2937293,253102935,85.3,87.2,84.6,87.0,1.2,2176,87.98000000000009,90.21000000000004,93.38500000000006,18.297901475471438,18.898845183891893,28.56718447619022,35.15287500109381,101.2935460104856,93.38500000000006,85.47645398951452,-1.9970127768473418,-0.9226746162908195,-1.0743381605565223
2022-12-30,2368,3812132,333620683,88.1,88.9,86.8,86.8,-0.2,2688,87.6600000000001,89.32000000000002,92.77000000000007,15.871161548731521,17.351625529195616,27.92115247346585,34.776186177874784,100.7181066927892,92.77000000000007,84.82189330721093,-2.1397450148962065,-1.1660886960118968,-0.9736563188843097
2023-01-03,2368,5622403,497853567,86.9,89.9,86.8,89.2,2.4,3887,87.70000000000009,88.73000000000003,92.31500000000007,30.918940609951743,21.696001211385028,45.25391224810299,42.70975339431195,99.98162246363835,92.31500000000007,84.64837753636179,-2.035734716901473,-1.340017900189812,-0.695716816711661
2023-01-04,2368,8766689,768842834,89.0,90.1,86.0,87.0,-2.2,6291,87.1600000000001,88.25000000000003,91.77000000000007,34.302399256568286,27.030833805083983,35.9966901675104,38.13109996391291,99.31986092586936,91.77000000000007,84.22013907413077,-2.10654448665602,-1.4933232174830535,-0.6132212691729664
2023-01-05,2368,9045776,778506362,87.7,88.1,85.2,85.2,-1.8,6311,87.04000000000009,87.75000000000003,91.25500000000007,31.391143845312914,32.20416123727778,30.11611151863856,34.84012263295207,99.11565518897554,91.25500000000007,83.3943448110246,-2.281605765105809,-1.6509797270076045,-0.6306260380982043
2023-01-06,2368,7235159,629264084,85.1,87.9,84.7,87.2,2.0,5294,87.08000000000008,87.53000000000004,90.85500000000006,29.920255183413047,31.87126609509821,42.32902003920623,40.93949168317668,98.68608549308256,90.85500000000006,83.02391450691756,-2.2332166725510234,-1.7674271161162882,-0.4657895564347352
2023-01-09,2368,10911277,981284824,88.2,91.1,88.1,91.0,3.8,7591,87.92000000000009,87.79000000000005,90.63000000000007,52.214452214452194,37.84195041439285,58.4318746467186,50.43316212251284,98.1674000822543,90.63000000000007,83.09259991774583,-1.8667213245659156,-1.7872859578062137,-0.07943536675970186
2023-01-10,2368,7300548,669497491,91.0,92.5,90.5,91.8,0.8,5307,88.44000000000008,88.07000000000004,90.44500000000006,78.95783541353153,53.69751427046572,61.09966709339215,52.176065640558825,97.67036504267858,90.44500000000006,83.21963495732155,-1.494490253357469,-1.7287268169164647,0.23423656355899558
2023-01-11,2368,6596958,608880589,92.5,93.7,90.8,90.9,-0.9,4880,89.2200000000001,88.19000000000003,90.24000000000007,86.27718273287883,72.48315678695431,56.35280666193031,50.04413757077685,97.16312068361978,90.24000000000007,83.31687931638035,-1.2576198670447667,-1.634505426942125,0.3768855598973584
2023-01-12,2368,7426343,661948018,91.4,91.5,88.1,88.6,-2.3,5663,89.90000000000009,88.47000000000004,89.82000000000006,67.9011143568104,77.71204416774037,45.754558113521355,44.98539302682285,96.03469226912843,89.82000000000006,83.6053077308717,-1.2411815886853077,-1.5558406592907617,0.31465907060545395
2023-01-13,2368,4204044,374458194,89.2,89.7,88.5,89.3,0.7,3301,90.32000000000009,88.70000000000003,89.45500000000007,54.55840455840438,69.57890054936466,49.15022132752597,46.74966986120612,94.83551112813241,89.45500000000007,84.07448887186773,-1.1583176202990018,-1.4763360514924098,0.318018431193408
2023-01-16,2368,6216929,551082503,89.2,89.8,87.2,88.7,-0.6,4089,89.8600000000001,88.89000000000004,89.10500000000006,46.2962962962961,56.25193840383708,46.25475986419841,45.405557355560006,93.66283940041379,89.10500000000006,84.54716059958633,-1.1280587548077534,-1.4066805921554786,0.27862183734772517
2023-01-17,2368,3652669,321622431,88.7,89.1,87.6,88.0,-0.7,2834,89.1000000000001,88.77000000000004,88.75000000000007,44.0740740740739,48.309591642924914,42.82119926507114,43.82253853549569,92.40047942056353,88.75000000000007,85.09952057943661,-1.1473367518752013,-1.3548118240994231,0.2074750722242218
2023-01-30,2368,5350088,473886983,89.6,89.9,88.0,88.0,0.0,3927,88.5200000000001,88.87000000000003,88.56000000000007,39.25925925925909,43.209876543209816,42.82119926507114,43.82253853549569,91.94136067285895,88.56000000000007,85.1786393271412,-1.1493655330320252,-1.3137225658859435,0.16435703285391834
2023-01-31,2368,8428794,733408811,88.0,88.8,85.9,87.3,-0.7,6459,88.26000000000009,89.08000000000003,88.41500000000006,30.42735042735022,37.92022792022785,38.89168701179855,42.1194805300868,91.75103057539435,88.41500000000006,85.07896942460577,-1.1936973070662162,-1.289717514121998,0.09602020705578185
2023-02-01,2368,12199062,1082957247,88.0,89.7,87.7,89.1,1.8,9366,88.2200000000001,89.27000000000002,88.40000000000006,31.880341880341643,33.855650522317106,52.08306361291489,47.74331948498347,91.72084326639467,88.40000000000006,85.07915673360546,-1.0712370467560675,-1.246021420648812,0.1747843738927446
2023-02-02,2368,17660124,1623419193,89.8,93.5,89.8,93.5,4.4,11851,89.18000000000009,89.52000000000002,88.65500000000006,52.1367521367519,38.148148148148046,70.34156207801179,58.38704891846452,92.65123572877829,88.65500000000006,84.65876427122183,-0.6120874177751148,-1.1192346200740726,0.5071472022989578
2023-02-03,2368,11740080,1098295461,93.7,94.7,92.1,93.4,-0.1,7496,90.2600000000001,89.68000000000004,88.87500000000006,74.56293706293688,52.86001036001026,69.63797755277508,58.09742070447451,93.37561106961789,88.87500000000006,84.37438893038222,-0.2533566552655344,-0.946059027112365,0.6927023718468306
2023-02-06,2368,14727227,1327518011,92.7,93.1,89.0,89.5,-3.9,9787,90.5600000000001,89.54000000000003,88.86500000000005,74.52408702408687,67.07459207459199,47.857559371169195,48.0803402128742,93.35911837849972,88.86500000000005,84.37088162150039,-0.28052364583193423,-0.8129519508562788,0.5324283050243446
2023-02-07,2368,11904102,1046936942,89.0,89.0,87.5,88.0,-1.5,8000,90.7000000000001,89.48000000000003,88.97500000000005,49.99999999999984,66.3623413623413,41.96765541235768,44.87550987496392,93.26679449647521,88.97500000000005,84.68320550352489,-0.4182695940439771,-0.7340154794938185,0.3157458854498414
2023-02-08,2368,9200791,807868476,88.5,88.8,87.2,87.8,-0.2,6752,90.44000000000011,89.33000000000003,89.01500000000006,28.787878787878583,51.10398860398853,41.17929982377796,44.450074669216036,93.24691446037943,89.01500000000006,84.78308553962069,-0.5373780196341187,-0.6946879875218785,0.15730996788775986
2023-02-09,2368,12974374,1124112562,87.5,87.5,86.3,86.9,-0.9,7895,89.12000000000012,89.15000000000002,89.02000000000007,18.939393939393753,32.57575757575749,37.482737380750386,42.49759904012646,93.2416584418881,89.02000000000007,84.79834155811203,-0.6963674924510741,-0.6950238885077177,-0.0013436039433564195
2023-02-10,2368,12110926,1040722794,86.7,87.7,85.0,85.1,-1.8,9005,87.46000000000012,88.86000000000003,88.81500000000005,11.328491096532147,19.68525460793493,30.991364311871006,38.824491975101836,93.3670434971531,88.81500000000005,84.262956502847,-0.9565858259407065,-0.7473362759943154,-0.2092495499463911
2023-02-13,2368,6998795,602288278,85.1,86.6,85.0,86.5,1.4,5572,86.86000000000013,88.71000000000002,88.79000000000005,9.28616057482021,13.184681870248804,40.36314882344999,42.95432178331135,93.38691200698639,88.79000000000005,84.1930879930137,-1.0378784139916633,-0.805444703593785,-0.2324337103978783
2023-02-14,2368,4844130,420537002,86.7,87.3,86.2,86.5,0.0,3645,86.56000000000013,88.63000000000002,88.85500000000005,10.652920962199152,10.422524211183939,40.36314882344998,42.95432178331136,93.28059600505703,88.85500000000005,84.42940399494306,-1.0897415138721414,-0.8623040656494563,-0.22743744822268508
2023-02-15,2368,5891026,512417850,86.5,87.6,86.3,87.1,0.6,4012,86.42000000000012,88.43000000000004,88.85000000000005,17.525773195876127,12.488284910965264,44.74079147396315,44.80630324300471,93.2832832077337,88.85000000000005,84.4167167922664,-1.0700930421104289,-0.9038618609416508,-0.1662311811687781
2023-02-16,2368,7723184,678980649,87.7,88.6,87.3,88.1,1.0,5125,86.66000000000012,87.89000000000003,88.70500000000004,25.128335666708917,17.769009941594835,51.64289452020432,47.8453696594307,93.03603913627927,88.70500000000004,84.37396086372081,-0.9627320680280462,-0.9156359023589299,-0.04709616566911634
2023-02-17,2368,7033766,611268096,87.5,87.7,86.3,87.7,-0.4,4919,87.18000000000012,87.32000000000004,88.50000000000004,42.473696491451214,28.37593511801219,48.79849876917904,46.736821522386165,92.60804089560735,88.50000000000004,84.39195910439274,-0.8995548710344252,-0.912419696094029,0.012864825059603735
2023-02-20,2368,15130610,1347990199,88.5,90.0,88.3,88.5,0.8,9670,87.58000000000013,87.22000000000004,88.38000000000004,58.590534979423744,42.06418904586139,54.629341325412895,49.268491532907824,92.33808034279089,88.38000000000004,84.42191965720919,-0.7759880657427374,-0.8851333700237707,0.1091453042810333
2023-02-21,2368,12647470,1128782822,89.9,90.5,88.5,88.6,0.1,8816,88.00000000000011,87.28000000000004,88.38000000000004,67.651515151515,56.23858220746342,55.37052727616386,49.59103075283709,92.33808034279089,88.38000000000004,84.42191965720919,-0.6623560893376492,-0.8405779138865463,0.17822182454889712
2023-02-22,2368,7823731,680602982,87.5,87.6,86.2,87.1,-1.5,5034,88.00000000000011,87.21000000000005,88.27000000000004,57.87878787878767,61.37361266990891,43.06027524123651,44.972269611447494,92.2419516613358,88.27000000000004,84.29804833866427,-0.6854380897115675,-0.8095499490515505,0.12411185933998303
2023-02-23,2368,9166057,812412656,87.6,89.4,87.4,89.0,1.9,5451,88.1800000000001,87.42000000000004,88.28500000000004,58.78787878787858,61.43939393939385,57.14135243608983,51.17536422797354,92.26559040846807,88.28500000000004,84.304409591532,-0.5441440661901567,-0.7564687724792718,0.21232470628911515
2023-02-24,2368,26274351,2397724693,90.0,92.5,89.3,92.1,3.1,15552,89.0600000000001,88.12000000000005,88.49000000000004,68.18662818662798,61.617764951098174,70.859004480144,59.247273176036266,92.7994779266158,88.49000000000004,84.18052207338428,-0.17994910113844753,-0.6411648382111069,0.4612157370726594
2023-03-01,2368,14069129,1287810405,92.1,93.4,89.8,90.8,-1.3,8953,89.52000000000011,88.55000000000004,88.63000000000002,76.75565175565156,67.9100529100528,61.265338272586845,55.13104175920185,93.04728423355344,88.63000000000002,84.2127157664466,0.0037358327469405594,-0.5121847040194974,0.515920536766438
2023-03-02,2368,7230365,649884929,91.0,91.0,89.0,89.9,-0.9,4716,89.78000000000011,88.89000000000004,88.76000000000003,69.64285714285695,71.52837902837892,55.22612864804818,52.4159844356212,93.16608669910079,88.76000000000003,84.35391330089928,0.07581108484806975,-0.394585546245984,0.4703966310940538
2023-03-03,2368,6322163,574778456,90.7,91.8,90.1,90.4,0.5,3923,90.4400000000001,89.22000000000004,88.82500000000005,57.87037037037023,68.08962642295967,57.91498173068186,53.77788316173513,93.28723038401066,88.82500000000005,84.36276961598944,0.1713023953563919,-0.2814079579255088,0.45271035328190073
2023-03-06,2368,4786130,437307729,91.4,92.2,90.9,90.9,0.5,3637,90.82000000000009,89.50000000000003,88.69500000000005,58.33333333333323,61.94885361552023,60.67052577078436,55.1599668246334,92.7365219905357,88.69500000000005,84.6534780094644,0.2840514005084174,-0.16831608623872357,0.45236748674714095
2023-03-07,2368,11930839,1105419641,91.9,93.3,91.4,93.0,2.1,8009,91.00000000000009,90.03000000000003,88.67500000000004,72.68518518518505,62.96296296296293,70.22368250387841,60.50185915467814,92.62613907626549,88.67500000000004,84.72386092373459,0.5366718301801257,-0.02731850295495372,0.5639903331350794
2023-03-08,2368,6706270,621494685,93.2,93.3,91.9,92.5,-0.5,4796,91.34000000000009,90.43000000000004,88.82500000000005,82.40740740740723,71.14197530864193,65.78500900656793,58.70850677904964,93.10419384931195,88.82500000000005,84.54580615068814,0.6885918610604733,0.1158635698481317,0.5727282912123416
2023-03-09,2368,17975928,1606710208,91.2,91.4,88.7,89.4,-3.1,12910,91.24000000000008,90.51000000000002,88.89500000000005,71.75925925925908,75.61728395061722,45.14474384132223,49.009009783945615,93.16371174946015,88.89500000000005,84.62628825053996,0.5524768782908325,0.20318623153667187,0.3492906467541606
2023-03-10,2368,6675500,585480184,87.5,88.8,87.1,87.7,-1.7,5081,90.70000000000007,90.57000000000002,88.89000000000006,43.45238095238084,65.87301587301583,37.5976022162334,44.652251629297176,93.16406130044733,88.89000000000006,84.61593869955279,0.3039255171090218,0.22333408865114185,0.08059142845787998
2023-03-13,2368,6414736,565914070,87.7,89.3,86.6,89.3,1.6,4317,90.38000000000008,90.60000000000002,89.01000000000005,27.521008403361247,47.577549538333834,47.27596311825391,49.227085843618454,93.18751122080957,89.01000000000005,84.83248877919053,0.23336333365195117,0.22533993765130372,0.008023396000647443
2023-03-14,2368,4646809,413307441,88.5,89.8,88.1,88.1,-1.2,3122,89.40000000000006,90.20000000000002,89.16000000000005,23.87258385941431,31.615324405052238,41.62682863872396,46.14632178138127,92.96389274296462,89.16000000000005,85.35610725703549,0.07969366474794981,0.19621068307063294,-0.11651701832268313
2023-03-15,2368,3170856,281191251,89.2,89.3,88.0,88.2,0.1,2060,88.54000000000006,89.94000000000003,89.24500000000005,28.658179689786255,26.683923984187377,42.297182463107184,46.44709611620536,92.87954261221135,89.24500000000005,85.61045738778874,-0.03363378142753959,0.15024179017099842,-0.183875571598538
2023-03-16,2368,4872282,425018830,87.8,88.4,86.2,86.8,-1.4,3359,88.02000000000007,89.63000000000002,89.26000000000005,18.239786980589887,23.590183509930256,35.61655132725036,42.839771168227344,92.85132287604146,89.26000000000005,85.66867712395863,-0.23372071183365506,0.07344928977006772,-0.30717000160372276
2023-03-17,2368,5342032,474215861,87.6,89.5,87.6,89.5,2.7,3957,88.38000000000007,89.54000000000003,89.38000000000005,26.270058159904583,24.38934161009368,52.49773487461066,50.77930261097229,92.83230357876789,89.38000000000005,85.92769642123221,-0.1724358771166976,0.02427225639271465,-0.19670813350941227
2023-03-20,2368,5521763,495433176,89.6,90.2,88.9,90.2,0.7,3752,88.56000000000006,89.47000000000004,89.48500000000006,37.08920187793413,27.199682339476308,55.98816685748026,52.61687140192289,92.9027624259121,89.48500000000006,86.06723757408801,-0.06661515616048064,0.006094773882075591,-0.07270993004255623
2023-03-21,2368,12476675,1147601849,91.2,92.8,90.8,92.5,2.3,7765,89.44000000000005,89.42000000000004,89.72500000000005,66.09048228766528,43.149914108501434,65.66057240434873,58.145894312066794,93.27908215999265,89.72500000000005,86.17091784000745,0.20052774665319362,0.0449813684362992,0.15554637821689443
2023-03-22,2368,38065992,3636470139,93.4,98.0,93.1,95.4,2.9,23393,90.88000000000007,89.71000000000004,90.07000000000006,76.58622510615818,59.92196975725263,74.04981056486233,63.87045307032692,94.34742913441832,90.07000000000006,85.79257086558181,0.638881556588089,0.16376140606665718,0.4751201505214318
2023-03-23,2368,16767756,1583743606,95.3,96.8,92.4,93.2,-2.2,10378,92.16000000000005,90.09000000000005,90.30000000000007,77.5808936825885,73.41920035880408,60.88508372491328,57.45082873209029,94.72854377871201,90.30000000000007,85.87145622128813,0.7995418742682716,0.29091749970698005,0.5086243745612915
2023-03-24,2368,9799316,918181247,93.2,94.5,92.4,94.0,0.8,5918,93.06000000000006,90.72000000000004,90.64500000000007,67.79661016949142,73.98790965274613,63.62833258474555,59.06216605845799,95.09762843722308,90.64500000000007,86.19237156277705,0.9801214180431401,0.42875828337421207,0.5513631346689281
2023-03-27,2368,12757507,1231461858,94.3,98.8,93.7,98.0,4.0,8176,94.62000000000006,91.59000000000005,91.09500000000007,73.02484082145088,72.8007815578437,74.18819003113839,65.9960877989763,96.50738394794395,91.09500000000007,85.68261605205619,1.4295199618206738,0.6289106190635044,0.8006093427571693
2023-03-28,2368,15838265,1549451054,96.8,99.4,96.5,97.7,-0.3,10461,95.66000000000005,92.55000000000004,91.37500000000009,82.29123356241988,74.37089485112082,72.35020213915116,65.10541713488371,97.49901012408937,91.37500000000009,85.2509898759108,1.7413903882923023,0.851406572909264,0.8899838153830383
2023-03-29,2368,11722328,1143427900,98.8,99.8,96.0,96.7,-1.0,7956,95.92000000000006,93.40000000000005,91.67000000000009,85.12072323547723,80.14559920644943,65.99212866137262,62.09703335931035,98.20914367482084,91.67000000000009,85.13085632517934,1.8861163305331132,1.0583485244340338,0.8277678060990794
2023-03-30,2368,8762409,856584089,97.9,98.4,96.9,97.8,1.1,5853,96.84000000000006,94.50000000000004,92.06500000000008,81.120917400809,82.8442913995688,69.43877003770113,64.0641125965708,99.06679262760252,92.06500000000008,85.06320737239764,2.065760686071826,1.2598309567615922,0.8059297293102339
2023-03-31,2368,6071015,594141808,98.7,98.8,97.3,97.3,-0.5,3634,97.50000000000007,95.28000000000004,92.41000000000007,76.15458743447904,80.7987426902552,65.8971080296552,62.47691773291423,99.72270127927858,92.41000000000007,85.09729872072155,2.143080216068583,1.4364808086229903,0.7065994074455926
2023-04-06,2368,10439007,985637111,97.7,97.7,93.3,94.1,-3.2,7114,96.72000000000007,95.67000000000004,92.57000000000006,58.94885711399456,72.07478731642765,47.72280336388179,53.36451942540501,99.88357641649874,92.57000000000006,85.25642358350139,1.9239649735752238,1.533977641613437,0.3899873319617868
2023-04-07,2368,8715258,828158960,95.0,96.3,93.8,95.3,1.2,4966,96.24000000000008,95.95000000000003,92.68500000000006,44.79479479479462,59.96607978108952,53.351492445386626,55.95863781956207,100.09371783778894,92.68500000000006,85.27628216221117,1.8260944562533723,1.592401004541424,0.23369345171194822
2023-04-10,2368,8640381,846872585,95.8,99.8,95.6,98.8,3.5,5864,96.66000000000008,96.29000000000003,93.00000000000006,49.54954954954936,51.09773381944629,65.85971709676295,62.50908383414681,100.8717215397886,93.00000000000006,85.12827846021152,2.007807361984078,1.6754822760299548,0.33232508595412313
2023-04-11,2368,18441813,1898660351,100.0,106.0,99.0,103.0,4.2,12144,97.70000000000007,97.27000000000002,93.68000000000005,67.35120947719358,53.898517940512626,75.17779461988627,68.5534301334913,102.4846805734212,93.68000000000005,84.8753194265789,2.4623367626336687,1.8328531733506976,0.6294835892829711
2023-04-12,2368,13866358,1416527196,103.0,104.0,100.5,102.5,-0.5,7262,98.74000000000008,98.12000000000003,94.42000000000004,78.43512804142712,65.1119623560568,72.43206618513337,67.16516389781115,103.57086881121027,94.42000000000004,85.26913118878981,2.750502683226557,2.0163830753258694,0.7341196079006878
2023-04-13,2368,10222104,1025304880,100.5,101.5,99.3,99.3,0.0,5730,99.78000000000007,98.25000000000003,94.92000000000004,65.3543307086613,70.38022274242745,56.91185841182944,58.93877338745547,103.9896416687749,94.92000000000004,85.8503583312252,2.6896582884406257,2.1510381179488207,0.538620170491805
2023-04-14,2368,7938794,799043146,101.5,103.0,98.8,99.2,-0.1,5497,100.56000000000007,98.40000000000002,95.47500000000005,55.380577427821414,66.39001205930339,56.470707987868465,58.69682953489729,104.15759753760264,95.47500000000005,86.79240246239746,2.603359594081951,2.241502413175447,0.3618571809065041
2023-04-17,2368,11997725,1231611919,101.0,104.5,100.5,102.5,3.3,7480,101.30000000000007,98.98000000000002,96.19000000000005,55.380577427821414,58.70516185476816,66.47548062154611,63.955237637259756,104.71218281897227,96.19000000000005,87.66781718102784,2.769326604552134,2.347067251450784,0.4222593531013499
2023-04-18,2368,7134328,723935202,103.0,103.0,100.0,101.5,-1.0,3852,101.00000000000007,99.35000000000002,96.92500000000005,61.15485564304453,57.3053368328959,61.47983989579953,61.404071109509964,104.57166594013273,96.92500000000005,89.27833405986738,2.7880263807945624,2.43525907731954,0.3527673034750225
2023-04-19,2368,6694230,686830164,103.0,104.5,101.0,101.5,0.0,4482,100.80000000000007,99.77000000000002,97.52500000000006,66.70754270470279,61.080991925189686,61.47983989579953,61.404071109509964,104.6095959658953,97.52500000000006,90.44040403410483,2.7709048222290136,2.5023882263014348,0.2685165959275788
2023-04-20,2368,5457506,546383201,102.0,102.0,99.0,100.0,-1.5,3938,100.94000000000007,100.36000000000003,98.01500000000006,56.663125179970315,61.50850784257265,53.30168244950724,57.41949020519205,104.31778509866669,98.01500000000006,91.71221490133343,2.606255113128043,2.5231616036667566,0.08309350946128635
2023-04-21,2368,8416647,830531360,101.0,101.0,97.2,98.2,-1.8,5460,100.74000000000007,100.65000000000003,98.30000000000005,38.92869425656301,54.099787380412145,44.93366433124822,52.97688395996868,104.07269434492935,98.30000000000005,92.52730565507076,2.303965396731229,2.479322362279651,-0.17535696554842195
2023-04-24,2368,8208697,829404881,98.6,102.5,98.0,101.5,3.3,4639,100.54000000000006,100.92000000000004,98.60500000000005,37.525146086789825,44.372321841107826,58.77625463875448,59.2081713709085,104.3771659712787,98.60500000000005,92.8328340287214,2.3041205716712625,2.4442820041579734,-0.14016143248671087
2023-04-25,2368,10330845,1008441200,100.5,101.5,95.6,96.4,-5.1,7198,99.52000000000007,100.26000000000003,98.76500000000006,26.418836665873695,34.29089233640895,40.44480066131643,48.509414249992595,104.08901164536387,98.76500000000006,93.44098835463625,1.8711467563488213,2.329654954596143,-0.4585081982473218
2023-04-26,2368,8764668,846511505,96.0,99.0,94.8,98.4,2.0,5360,98.90000000000006,99.85000000000004,98.98500000000006,35.002091898613486,32.98202488375912,47.88169927914479,52.16019368805931,103.8468000781574,98.98500000000006,94.12319992184271,1.6701428069497837,2.1977525250668712,-0.5276097181170876
2023-04-27,2368,5068361,497894108,98.4,99.0,96.7,98.5,0.1,3161,98.60000000000007,99.77000000000004,99.01000000000006,28.08216533456887,29.834364633018794,48.25860015497841,52.34214155736583,103.85640072630936,99.01000000000006,94.16359927369076,1.5016053217288743,2.0585230843992717,-0.5569177626703974
2023-04-28,2368,7848867,778499069,100.0,101.0,98.2,98.6,0.1,4799,98.68000000000006,99.71000000000004,99.05500000000005,38.14432989690713,33.7428623766966,48.69148574364341,52.53654394878702,103.86851223120625,99.05500000000005,94.24148776879385,1.3604251800688587,1.9189035035331892,-0.5584783234643305
2023-05-02,2368,3703008,364708501,99.0,99.7,97.8,98.2,-0.4,2430,98.02000000000007,99.28000000000004,99.13000000000005,37.45704467353942,34.561179968338585,46.861864077123826,51.629333028113024,103.84003184702287,99.13000000000005,94.41996815297723,1.202401705206242,1.7756031438677997,-0.5732014386615578
2023-05-03,2368,5695517,554450519,98.5,98.5,96.7,96.7,-1.5,3092,98.08000000000006,98.80000000000004,99.07500000000006,32.967376266345255,36.189583612264045,40.245705966158354,48.263579938421636,103.87077939442273,99.07500000000006,94.2792206055774,0.9452334362374444,1.6095292023417287,-0.6642957661042843
2023-05-04,2368,7212909,694850139,96.5,97.4,95.3,96.7,0.0,4439,97.74000000000004,98.32000000000005,99.04500000000006,28.134065247467262,32.85282872911743,40.24570596615836,48.26357993842164,103.89205064961833,99.04500000000006,94.19794935038179,0.7329764342107552,1.434218648715534,-0.7012422145047787
2023-05-05,2368,7338074,720620521,96.8,99.0,96.8,98.1,1.4,4944,97.66000000000004,98.13000000000005,99.24500000000006,30.735930735930655,30.61245741658117,49.3331291816391,51.67374223076426,103.56030995410175,99.24500000000006,94.92969004589837,0.6700061171333118,1.2813761423990895,-0.6113700252657777
2023-05-08,2368,6429156,630901481,99.1,99.8,96.9,97.2,-0.9,4658,97.38000000000002,98.03000000000006,99.34000000000006,34.451121018285114,31.107039000561127,44.28229596278578,49.41862815212114,103.37851457840189,99.34000000000006,95.30148542159823,0.5412401294842226,1.133348939816116,-0.5921088103318934
2023-05-09,2368,5815167,567783683,97.9,98.7,96.8,97.3,0.1,3426,97.20000000000003,97.61000000000004,99.26500000000007,39.666873008230624,34.95130825414891,45.012082615798384,49.68139427586573,103.39550844327465,99.26500000000007,95.1344915567255,0.4421643257194461,0.9951120169967821,-0.552947691277336
2023-05-10,2368,5796655,559293605,98.2,98.5,95.8,96.2,-1.1,4070,97.10000000000004,97.59000000000006,98.92500000000007,30.644316617253228,34.92077021458977,38.53476882288604,46.80125407175134,102.88574487943328,98.92500000000007,94.96425512056686,0.271752635297247,0.8504401406568751,-0.5786875053596281
2023-05-11,2368,4742083,453353662,96.8,97.0,95.0,95.0,-1.2,3188,96.76000000000003,97.25000000000006,98.55000000000007,18.70401810979052,29.671735911758237,32.569706040704475,43.81700036809556,102.50600808896523,98.55000000000007,94.5939919110349,0.03941581077505418,0.6882352746805109,-0.6488194639054568
2023-05-12,2368,9839804,925604986,93.6,95.9,91.5,95.5,0.5,6543,96.24000000000004,96.95000000000006,98.36000000000007,21.32741492284922,23.558583216631103,37.288641300984395,45.37980587210645,102.51374529791616,98.36000000000007,94.20625470208398,-0.1031776079904887,0.529952698146311,-0.6331303061367997
2023-05-15,2368,6973947,668748834,95.6,96.8,94.8,96.7,1.2,4475,96.14000000000003,96.76000000000006,98.23500000000007,36.94779116465855,25.659741399099545,47.56359565711982,49.043313612519526,102.43036649173395,98.23500000000007,94.03963350826619,-0.1179937895533385,0.4003634006063811,-0.5183571901597196
2023-05-16,2368,7921285,758988120,97.1,97.5,95.0,95.1,-1.6,5692,95.70000000000002,96.45000000000006,97.86500000000007,51.40562248995973,36.56027619248928,37.90319680301721,44.73493279719558,101.78687455178806,97.86500000000007,93.94312544821207,-0.2558925780763417,0.26911220486983656,-0.5250047829461783
2023-05-17,2368,14704405,1420705545,95.1,98.5,94.0,97.9,2.8,8301,96.04000000000003,96.57000000000005,97.68500000000007,61.04417670682722,49.79919678714862,56.105173509192866,52.58499054067428,101.23592945578454,97.68500000000007,94.1340705442156,-0.13765496135702904,0.18775877162446342,-0.32541373298149245
2023-05-18,2368,29306819,2977387137,99.7,104.5,99.0,103.5,5.6,17231,97.74000000000004,97.25000000000004,97.78500000000007,70.92987333951179,61.1265575120997,73.93345708182758,63.69282279880355,101.83729564567588,97.78500000000007,93.73270435432426,0.4032737122704333,0.2308617597536574,0.1724119525167759
2023-05-19,2368,52268879,5796936768,106.5,113.5,106.0,113.5,10.0,25808,101.34000000000003,98.79000000000005,98.46000000000006,89.80537534754394,73.92647513129442,85.88070642394898,74.96947321669418,106.39785865331258,98.46000000000006,90.52214134668755,1.620203314545293,0.5087300707119845,1.1114732438333084
2023-05-22,2368,37148556,4269528400,115.0,118.5,112.0,113.5,0.0,20235,104.70000000000005,100.42000000000004,99.22500000000007,91.26305792972448,83.99943553892685,85.88070642394896,74.9694732166942,109.51555392094959,99.22500000000007,88.93444607905055,2.555174332686036,0.9180189231067948,1.6371554095792413
2023-05-23,2368,22121817,2467480362,114.5,115.0,109.5,110.5,-3.0,11440,107.78000000000004,101.74000000000004,99.67500000000007,83.9506172839505,88.33968352040642,72.34166741083943,67.65811370386798,111.05373015762184,99.67500000000007,88.2962698423783,3.019266448520682,1.3382684281895723,1.6809980203311097
2023-05-24,2368,15835902,1741844334,110.5,112.0,108.0,111.5,1.0,9549,110.50000000000004,103.27000000000002,100.43000000000006,75.30864197530853,83.50743906299464,73.93939335554177,68.75206608124324,112.79997978979647,100.43000000000006,88.06002021020366,3.428235867496312,1.7562619160509203,1.6719739514453917
2023-05-25,2368,41157372,4926776360,117.0,122.5,115.0,122.5,11.0,20622,114.30000000000004,106.02000000000002,101.63500000000006,81.48148148148137,80.24691358024693,85.03414083056661,77.69107076604853,117.249131419966,101.63500000000006,86.02086858003412,4.587078165924552,2.3224251660256465,2.264652999898906
2023-05-26,2368,32322317,4007350133,125.5,127.5,119.0,121.5,-1.0,18624,115.90000000000005,108.62000000000003,102.78500000000005,85.38787543762658,80.72599963147228,81.36046826799674,75.57448888388996,120.5464498282089,102.78500000000005,85.0235501717912,5.362956568785151,2.9305314465775476,2.4324251222076034
2023-05-29,2368,14512338,1762885848,124.5,125.0,119.0,121.5,0.0,9265,117.50000000000004,111.10000000000002,103.93000000000006,88.05970149253722,84.97635280388182,81.36046826799674,75.57448888388996,123.340625955903,103.93000000000006,84.51937404409713,5.909722194174108,3.5263695960968597,2.3833525980772485
2023-05-30,2368,18845321,2331217312,124.0,126.0,120.0,125.0,3.5,11533,120.40000000000005,114.09,105.27000000000007,85.13572488435008,86.19443393817141,84.54191363423392,78.00665213255317,126.525879186709,105.27000000000007,84.01412081329113,6.549954838633553,4.131086644604198,2.418868194029355
2023-05-31,2368,14529746,1791652281,124.5,125.5,121.0,122.0,-3.0,9010,122.50000000000004,116.5,106.53500000000008,82.5787423551357,85.25805624400779,72.21590833330055,71.44021614350183,128.59630322533005,106.53500000000008,84.4736967746701,6.737602012057522,4.652389718094863,2.085212293962659
2023-06-01,2368,9554678,1180222804,122.5,125.0,121.5,125.0,3.0,5761,123.00000000000004,118.65,107.95000000000009,84.27538733536277,83.99661819161632,76.25488499051134,73.8140538775085,130.91819540146648,107.95000000000009,84.98180459853369,7.047153478277934,5.131342470131477,1.9158110081464574
2023-06-02,2368,28127106,3592778414,126.0,131.0,124.0,128.0,3.0,13773,124.30000000000004,120.1,109.44500000000009,82.85153785659338,83.23522251569742,79.69806252215878,75.96543367587532,133.51975648890235,109.44500000000009,85.37024351109783,7.448686353769389,5.594811246859059,1.8538751069103299
2023-06-05,2368,25540778,3374381369,129.0,137.0,126.0,133.0,5.0,15575,126.60000000000005,122.05,111.2350000000001,86.78096849011382,84.63596456069013,84.16330646501473,79.05416372846177,136.68607266894546,111.2350000000001,85.78392733105474,8.077252722273869,6.091299541942021,1.9859531803318475
2023-06-06,2368,14539563,1895530344,133.0,134.0,128.0,130.0,-3.0,8810,127.60000000000005,124.0,112.87000000000009,80.44841215755748,83.36030616808836,72.93438444225194,72.99293820917099,138.72831394348736,112.87000000000009,87.01168605651281,8.238354546916696,6.520710542936956,1.71764400397974
2023-06-07,2368,20243045,2734732748,131.0,138.0,130.0,134.5,4.5,13776,130.10000000000005,126.3,114.78500000000011,78.65588736732103,81.96175600499758,78.05755050243157,75.96925327539905,141.0904576086395,114.78500000000011,88.47954239136072,8.629663901871439,6.942501214723853,1.6871626871475858
2023-06-08,2368,15481125,2082577680,134.5,137.0,132.5,133.0,-1.5,8800,131.70000000000005,127.35,116.6850000000001,74.48165869218491,77.86198607235461,72.70557895003374,73.0782208742238,142.48432363454384,116.6850000000001,90.88567636545635,8.718243437498401,7.297649659278763,1.4205937782196383
2023-06-09,2368,20155804,2794140120,135.0,143.0,133.0,139.0,6.0,12843,133.90000000000003,129.1,118.8600000000001,79.29061784897014,77.47605463615884,79.3218967580512,76.86994282250546,144.48252134353547,118.8600000000001,93.23747865646473,9.16692263563921,7.671504254550852,1.4954183810883581
2023-06-12,2368,13818360,1878604564,139.5,140.5,133.0,135.0,-4.0,8105,134.30000000000004,130.45,120.77500000000012,73.309756604951,75.69401104870217,66.73907158401926,69.81084729542077,145.1826115177195,120.77500000000012,96.36738848228075,9.09489724802144,7.95618285324497,1.1387143947764695
2023-06-13,2368,13563606,1849833595,137.0,139.0,134.0,136.0,1.0,8030,135.50000000000006,131.55,122.82000000000012,71.22897325121784,74.6097825683798,68.2099056730873,70.53923271964415,145.03536405283302,122.82000000000012,100.60463594716722,9.014593628115549,8.167865008219085,0.8467286198964636
2023-06-14,2368,7061141,955115276,135.5,138.0,133.5,134.5,-1.5,5105,135.50000000000006,132.8,124.65000000000012,62.11379399873882,68.8841746183027,63.310503030022204,67.89309835292511,144.225750304903,124.65000000000012,105.07424969509725,8.729289155219305,8.28014983761913,0.4491393176001761
2023-06-15,2368,24052806,3311869980,137.5,142.0,134.0,138.0,3.5,14245,136.50000000000006,134.1,126.37500000000011,64.43108455132348,65.92461726709352,69.31117075072699,70.6588883086942,144.1931789192923,126.37500000000011,108.55682108070793,8.685483210298102,8.361216512154924,0.32426669814317854
2023-06-16,2368,16290650,2291969098,138.5,144.0,138.0,139.5,1.5,10350,136.60000000000005,135.25,127.67500000000011,65.90879772961806,64.15122542656026,71.63107818305606,71.78083657097774,145.33930015596184,127.67500000000011,110.01069984403838,8.671840567293742,8.423341323182687,0.24849924411105562
2023-06-19,2368,13658856,1898710356,141.0,142.0,136.0,140.0,0.5,8387,137.60000000000005,135.95,129.0000000000001,71.29726890756291,67.21238372950162,72.44124683578303,72.16294184408898,146.1813852759291,129.0000000000001,111.81861472407111,8.602213532833986,8.459115765112946,0.14309776772103966
2023-06-20,2368,28240055,4029027946,145.5,148.0,138.5,142.0,2.0,15540,138.80000000000004,137.15,130.5750000000001,68.19796466973875,68.46801043564004,75.68214016432937,73.69715698350375,146.40621915709332,130.5750000000001,114.74378084290689,8.609175673552613,8.489127746800879,0.12004792675173448
2023-06-21,2368,8002383,1140900890,141.0,145.0,140.0,142.0,0.0,5219,140.30000000000004,137.9,132.1000000000001,64.23963133640542,67.9116216379025,75.68214016432937,73.69715698350373,146.05206077968072,132.1000000000001,118.1479392203195,8.51652007812072,8.494606213064847,0.02191386505587367
2023-06-26,2368,10147470,1409691231,140.0,141.5,137.0,138.5,-3.5,6955,140.40000000000003,138.45,132.90000000000012,52.65232974910384,61.69664191841614,59.12134738716317,66.28283537132145,146.38554781979218,132.90000000000012,119.41445218020804,8.067670023829407,8.409218975217758,-0.34154895138835073
2023-06-27,2368,9262071,1259569251,137.0,139.0,134.0,135.0,-3.5,6308,139.50000000000006,138.05,133.5750000000001,35.67049808429109,50.85415305660026,47.09774464975688,59.80347965147165,146.02198758736048,133.5750000000001,121.12801241263972,7.344865337147269,8.19634824760366,-0.8514829104563919
2023-06-28,2368,12433437,1719692136,136.0,141.0,135.5,138.0,3.0,6993,139.10000000000005,138.35,134.40000000000012,26.015325670497987,38.11271783463111,56.03830474756326,63.13036249314493,145.66765281679787,134.40000000000012,123.13234718320238,6.9341794391809515,7.943914485919119,-1.0097350467381672
2023-06-29,2368,9169354,1272699305,139.0,141.0,136.5,139.0,1.0,6316,138.50000000000006,138.65,135.1000000000001,25.697865353037667,29.12789636927572,58.74940918264735,64.19417754328155,145.66219674120458,135.1000000000001,124.53780325879563,6.613167075370541,7.677765003809403,-1.0645979284388627
2023-06-30,2368,27262797,3935168180,138.5,148.0,138.5,146.0,7.0,16824,139.30000000000004,139.8,136.30000000000013,50.821018062397265,34.178069695311116,72.56610333690308,70.5909509562218,146.0590983189991,136.30000000000013,126.54090168100115,6.844702493178659,7.511152501683254,-0.6664500085045955
2023-07-03,2368,23636657,3593027410,147.5,156.0,146.0,153.0,7.0,15759,142.20000000000005,141.3,137.7000000000001,69.26406926406916,48.59431755983484,80.27430507876824,75.33613564202811,148.54619749036038,137.7000000000001,126.85380250963982,7.506507136838252,7.510223428714253,-0.0037162918760014207
2023-07-04,2368,21670578,3367384119,153.0,161.0,150.5,155.5,2.5,14662,146.30000000000004,142.9,139.0750000000001,83.90251723585045,67.9958681874391,82.34161382822299,76.77729371822754,151.50993063912713,139.0750000000001,126.64006936087306,8.138901007091931,7.635958944389789,0.5029420627021421
2023-07-05,2368,9215205,1429322016,155.5,157.5,153.0,154.5,-1.0,6538,149.60000000000005,144.35,140.15000000000012,80.63973063973053,77.93543904655019,78.50222768878949,74.8922050236983,153.9416641490392,140.15000000000012,126.35833585096104,8.461843201654318,7.801135795842695,0.6607074058116229
2023-07-06,2368,13801917,2067647247,150.5,153.0,147.0,149.0,-5.5,10006,151.60000000000005,145.05,141.1000000000001,70.37037037037025,78.30420608198388,60.423823229258375,65.3836309046174,154.57813043414794,141.1000000000001,127.6218695658523,8.179682890252707,7.876845214724698,0.3028376755280089
2023-07-07,2368,11859873,1765270478,148.0,152.0,145.0,148.5,-0.5,7937,152.10000000000005,145.7,141.80000000000013,61.72839506172827,70.91283202394315,58.98316716852954,64.58089107880676,155.2885136319718,141.80000000000013,128.31148636802845,7.825515319892418,7.866579235758242,-0.04106391586582436
2023-07-10,2368,12850606,1962787290,148.5,155.5,147.0,155.0,6.5,8800,152.50000000000006,147.35,142.90000000000012,61.90994916485101,64.66957153231665,69.876258842978,69.7759090955676,156.9164189435067,142.90000000000012,128.88358105649354,7.977372461976046,7.888737881001803,0.08863458097424282
2023-07-11,2368,24383793,3949653546,158.5,165.5,157.0,163.5,8.5,16678,154.10000000000005,150.2,144.1250000000001,74.42591340495318,66.02141921051096,78.56226727530317,74.95013187319579,160.62613632450484,144.1250000000001,127.62386367549539,8.683501305922192,8.047690565985882,0.6358107399363107
2023-07-12,2368,19715854,3309848676,165.0,170.0,163.5,170.0,6.5,13205,157.20000000000005,153.4,145.8750000000001,89.85801217038528,75.39795824672997,82.94868861257409,78.04538903274931,165.29888992966892,145.8750000000001,126.45111007033131,9.6562973938467,8.369411931558044,1.2868854622886552
2023-07-13,2368,24680198,4487288954,178.0,186.5,177.5,180.0,10.0,16160,163.40000000000003,157.5,148.0750000000001,92.4802658911507,85.58806382216319,87.52877786546793,81.77618798777776,171.9774580325937,148.0750000000001,124.17254196740652,11.106137093572784,8.916756963960992,2.1893801296117914
2023-07-14,2368,17751891,3193824502,183.5,185.0,173.0,182.0,2.0,13531,170.10000000000005,161.1,150.4500000000001,91.16465863453804,91.16764556535816,88.26430987062017,82.41964340215989,177.69132889563025,150.4500000000001,123.20867110436994,12.275029882890095,9.588411547746812,2.686618335143283
2023-07-17,2368,9439359,1678577200,180.0,182.0,174.5,176.5,-5.5,8240,174.40000000000003,163.45,152.3750000000001,83.13253012048182,88.92581821539034,74.22020148438851,74.61711979419883,181.2191935231318,152.3750000000001,123.53080647686843,12.612196257621434,10.193168489721737,2.4190277678996974
2023-07-18,2368,15997485,2847810890,177.0,183.0,172.0,178.0,1.5,11961,177.30000000000004,165.7,154.30000000000013,81.52610441767058,85.27443105756363,75.46246936545757,75.30378956702936,184.55458642916597,154.30000000000013,124.04541357083428,12.85228733460329,10.724992258698048,2.1272950759052414
2023-07-19,2368,12038817,2088446564,180.5,181.0,170.0,171.5,-6.5,9931,177.60000000000005,167.4,155.8750000000001,73.09236947791153,79.25033467202145,60.679912153615675,66.86271359088056,186.26722762483675,155.8750000000001,125.48277237516348,12.37540954779874,11.055075716518186,1.3203338312805535
2023-07-20,2368,12111487,2104349814,170.0,178.0,168.0,175.5,4.0,8353,176.70000000000005,170.05,157.55000000000013,71.84179757002683,75.48675715520312,65.52807810631212,69.15415603206858,188.38812575368163,157.55000000000013,126.71187424631862,12.179845361011132,11.280029645416775,0.8998157155943574
2023-07-21,2368,17158618,3064237622,168.5,185.0,168.0,181.0,5.5,12582,176.50000000000006,173.3,159.5000000000001,72.4544175414379,72.46286152979224,71.22048522504396,72.0192492438407,191.08164023605937,159.5000000000001,127.91835976394084,12.326570338758614,11.489337784085143,0.8372325546734718
2023-07-24,2368,22853169,4242623537,180.0,193.0,179.0,188.5,7.5,17660,178.90000000000003,176.65,162.0000000000001,79.41786454981037,74.57135988709184,77.20812728502476,75.37780200238745,194.44071515857635,162.0000000000001,129.55928484142387,12.899342667891148,11.771338760846344,1.1280039070448034
2023-07-25,2368,21460581,3972357620,190.5,194.5,177.0,177.0,-11.5,17807,178.70000000000005,178.0,164.1000000000001,66.6879863553991,72.85342281554928,56.266668503817094,62.90894907369995,194.66075915287277,164.1000000000001,133.53924084712745,12.283715943788252,11.873814197434726,0.40990174635352616
2023-07-26,2368,12400167,2184917618,177.5,180.5,173.5,174.5,-2.5,9436,179.30000000000004,178.45,165.92500000000013,47.74544291653331,64.61709794058108,52.64514586793808,60.563526815210786,194.3156234521166,165.92500000000013,137.53437654788365,11.461971747482124,11.791445707444206,-0.3294739599620815
2023-07-27,2368,17355920,3113379307,176.0,186.0,174.0,176.0,1.5,12246,179.40000000000003,178.05,167.77500000000012,29.55974842767284,47.99772589986856,54.68671274755151,61.49121987444423,193.6138757495342,167.77500000000012,141.93612425046604,10.807192428467573,11.594595051648879,-0.7874026231813058
2023-07-28,2368,7933800,1403419761,176.5,179.0,174.5,178.5,2.5,5866,178.90000000000003,177.7,169.40000000000012,31.446540880503026,36.25057740823654,58.1914819310662,63.05127218533174,193.59214748632021,169.40000000000012,145.20785251368002,10.37045999985537,11.349768041290178,-0.9793080414348072
2023-07-31,2368,16694927,2891378901,182.5,183.0,166.5,169.5,-9.0,12208,175.10000000000005,177.0,170.2250000000001,26.84186882300078,29.282719377059028,43.92306525774935,54.49263880792993,193.21951021439435,170.2250000000001,147.23048978560587,9.192160119890218,10.918246457010186,-1.726086337119968
2023-08-01,2368,14729426,2446309833,170.0,173.5,163.0,165.0,-4.5,8870,172.70000000000005,175.7,170.7000000000001,18.895377857641893,25.727929187048712,38.42680336825233,50.78099363643721,192.83458831783167,170.7000000000001,148.56541168216853,7.805262377810493,10.295649641170247,-2.4903872633597537
2023-08-02,2368,14417855,2305535903,166.5,167.0,155.0,157.5,-7.5,9927,169.30000000000004,174.3,170.8500000000001,7.797535329180782,17.844927336607963,30.90671193395787,45.249120773448844,192.58039346169048,170.8500000000001,149.11960653830974,6.031422125436819,9.442804138023561,-3.411382012586742
2023-08-04,2368,13895208,2196953889,159.0,161.0,156.0,158.5,1.0,9082,165.80000000000004,172.6,171.3250000000001,7.179693255642506,11.290868814155205,32.94791711691277,46.09234840357104,191.48256681744817,171.3250000000001,151.16743318255203,4.652699168443917,8.484783144107633,-3.832083975663716
2023-08-07,2368,16675338,2774614157,159.0,171.0,157.0,168.0,9.5,11640,163.70000000000005,171.3,172.30000000000013,16.033755274261484,10.33699461969507,49.48737110603363,53.43016304559784,189.6360895244531,172.30000000000013,154.96391047554715,4.277315664606789,7.643289648207464,-3.365973983600675
2023-08-08,2368,15129776,2577948555,169.5,173.5,166.0,172.0,4.0,10849,164.20000000000005,169.65,173.15000000000012,32.203620525384395,18.47235635176294,54.946469249887485,56.13743226434115,188.57108945567305,173.15000000000012,157.7289105443272,4.253555760864259,6.965342870738823,-2.711787109874564
2023-08-09,2368,20879754,3707462792,170.0,181.5,168.0,179.0,7.0,15344,167.00000000000006,169.85,173.92500000000013,55.05648564039732,34.43128714668121,63.09056953142912,60.46848002744017,188.8791800176359,173.92500000000013,158.97081998236436,4.744871440144436,6.521248584619945,-1.776377144475509
2023-08-10,2368,20550879,3464866906,176.5,176.5,163.5,166.5,-12.5,14679,168.80000000000004,169.05,173.7500000000001,57.77649769585241,48.345534620544846,45.83093021024441,50.81866796881719,188.96348086401892,173.7500000000001,158.5365191359813,4.078581770746922,6.032715221845341,-1.9541334510984187
2023-08-11,2368,24482994,4309365775,170.0,179.5,170.0,178.5,12.0,16719,172.80000000000004,169.3,173.67500000000013,67.47311827956976,60.102033871939966,58.5355394157724,57.78373811577677,188.77889022735025,173.67500000000013,158.57110977265,4.4673453429198275,5.719641246060238,-1.2522959031404106
2023-08-14,2368,15965293,2791352967,175.0,180.0,170.0,173.5,-5.0,11490,173.90000000000003,168.8,173.2500000000001,64.93710691823885,63.39557429788715,52.54486445032448,54.331129252568786,187.8633500608129,173.2500000000001,158.63664993918732,4.322161869916613,5.440145370831513,-1.1179835009149004
2023-08-15,2368,24340431,4389038785,179.0,184.0,176.0,180.0,6.5,15936,175.50000000000006,169.85,173.42500000000013,79.98226291167072,70.79749603649326,58.92110924331049,57.85646694603016,188.27180100223106,173.42500000000013,158.5781989977692,4.677677247251239,5.287651746115459,-0.6099744988642195
2023-08-16,2368,17269103,3170898094,177.5,188.0,177.0,188.0,8.0,12927,177.30000000000004,172.15,173.92500000000013,85.33940576881359,76.75292519957453,65.5647792791078,61.76817794722432,189.97889360871224,173.92500000000013,157.871106391288,5.541084711006249,5.3383383390936165,0.20274637191263256
2023-08-17,2368,45372446,8984878023,188.0,206.5,185.5,206.5,18.5,30511,185.30000000000004,177.05,175.67500000000013,95.4022988505746,86.90798917701979,76.02559774681174,68.94636389532805,197.04150415954507,175.67500000000013,154.30849584045518,7.630180761401135,5.7967068235551205,1.8334739378460148
2023-08-18,2368,49021039,10171681509,207.5,213.0,199.0,203.5,-3.0,34759,190.30000000000004,181.55,177.0750000000001,93.60269360269349,91.44813274069405,71.89369657906911,66.75747450357782,201.64179669798008,177.0750000000001,152.50820330202012,8.940667060013652,6.425498870846827,2.5151681891668254
2023-08-21,2368,14172823,2885376433,209.0,210.5,199.0,201.5,-2.0,10833,195.90000000000003,184.9,178.1000000000001,85.85858585858576,91.6211927706181,68.97791057496809,65.2697657190283,204.8499532709851,178.1000000000001,151.3500467290151,9.70596923630535,7.0815929439385314,2.6243762923668186
2023-08-22,2368,11275981,2300656356,207.5,207.5,201.0,201.5,0.0,8434,200.20000000000005,187.85,178.7500000000001,78.11447811447802,85.8585858585859,68.97791057496809,65.2697657190283,207.06519026953333,178.7500000000001,150.4348097304669,10.194955622444922,7.70426547963981,2.4906901428051125
2023-08-23,2368,19387426,4022442351,203.0,212.5,201.5,209.0,7.5,13926,204.40000000000003,190.85,180.3500000000001,81.41100931798597,81.79469109701672,74.29838229378372,68.33844115366135,211.55753114233613,180.3500000000001,149.14246885766408,11.060173382270023,8.375447060165852,2.6847263221041704
2023-08-24,2368,26387423,5762532531,219.0,225.5,212.0,216.5,7.5,19421,206.40000000000003,195.85,182.4500000000001,83.74971165668829,81.09173302971759,78.58359557832246,71.08940542878776,217.24640786058052,182.4500000000001,147.6535921394197,12.210299280910533,9.142417504314789,3.067881776595744
2023-08-25,2368,13037332,2708773251,209.0,212.0,204.5,207.0,-9.5,10705,207.10000000000005,198.7,184.0000000000001,79.03590694288359,81.39887597251943,63.049018197073416,63.556544346695254,220.24086091692436,184.0000000000001,147.75913908307587,12.214411602854994,9.75681632402283,2.457595278832164
2023-08-28,2368,9697276,1969359835,208.0,209.5,199.0,202.0,-5.0,7592,207.20000000000005,201.55,185.17500000000013,65.98547938754115,76.25703266237116,56.22429903103362,59.95560388662041,222.14292528665715,185.17500000000013,148.2070747133431,11.67957753483023,10.14136856618431,1.53820896864592
2023-08-29,2368,9373768,1897049185,205.0,208.0,198.0,201.0,-1.0,6858,207.10000000000005,203.65,186.7500000000001,50.97421812627989,65.33186815223502,54.839220134314225,59.2327800596445,223.59630239250416,186.7500000000001,149.90369760749607,11.04767531589539,10.322629916126527,0.7250453997688631
2023-08-30,2368,14686541,3060602764,206.5,212.0,203.5,208.5,7.5,11055,207.00000000000006,205.7,188.92500000000013,42.826069978131734,53.261922497317734,62.84761099148598,62.85024688577916,225.51362528163423,188.92500000000013,152.33637471836602,11.024986394326532,10.463101211766528,0.5618851825600046
2023-08-31,2368,12560406,2665240125,206.0,215.5,205.5,215.5,7.0,9797,206.80000000000004,206.6,191.8250000000001,46.85606060606051,46.885449570157526,68.86045174907856,65.8923036179435,227.16375351508418,191.8250000000001,156.48624648491602,11.439973861538078,10.658475741720839,0.7814981198172397
2023-09-01,2368,17472191,3592741111,216.5,216.5,199.5,201.0,-14.5,14180,205.60000000000005,206.35,193.9500000000001,37.57575757575748,42.41929605331672,49.50001855789158,55.7148924725547,225.97327278714468,193.9500000000001,161.92672721285552,10.478041263352964,10.622388846047263,-0.1443475826942997
2023-09-04,2368,8017781,1637575651,203.0,207.0,201.0,206.0,5.0,6480,206.40000000000003,206.8,195.8500000000001,34.54545454545445,39.65909090909096,54.63156000350424,58.11718127065342,225.940031571932,195.8500000000001,165.75996842806822,10.003842888554345,10.49867965454868,-0.494836765994334
2023-09-05,2368,9470331,1974829474,205.0,211.0,205.0,208.0,2.0,7171,207.80000000000004,207.45,197.65000000000012,25.454545454545354,32.525252525252576,56.68554044265033,59.07353040790775,226.07903445423048,197.65000000000012,169.22096554576976,9.677860197318353,10.334515763102614,-0.656655565784261
2023-09-06,2368,22090559,4805853327,214.5,223.0,213.0,216.5,8.5,16503,209.40000000000003,208.2,199.52500000000012,46.484848484848385,35.494949494949545,64.62624951590823,62.94601019316035,227.7322242519505,199.52500000000012,171.31777574804974,9.990234325867704,10.265659475655632,-0.2754251497879281
2023-09-07,2368,7096079,1500261322,214.5,216.5,209.0,209.5,-7.0,6475,208.20000000000005,207.5,201.67500000000013,52.12121212121202,41.3535353535354,54.947860470404905,58.07273481920993,225.73591228527758,201.67500000000013,177.61408771472267,9.562718508339515,10.125071282192408,-0.5623527738528935
2023-09-08,2368,6153254,1277051001,208.0,211.5,203.5,208.5,-1.0,5040,209.70000000000005,207.65,203.17500000000013,53.99999999999991,50.86868686868692,53.60976597668826,57.38918613104356,224.89659064156712,203.17500000000013,181.45340935843313,9.039021289383356,9.907861283630599,-0.8688399942472422
2023-09-11,2368,10576497,2124007992,209.0,209.0,196.5,199.0,-9.5,8510,208.30000000000004,207.35,204.4500000000001,32.47798742138355,46.19973318086531,42.215665771629155,51.22105011378616,221.55818517551936,204.4500000000001,187.34181482448085,7.767873653000237,9.479863757504527,-1.7119901045042898
2023-09-12,2368,6080901,1220207629,200.0,204.0,196.5,200.0,1.0,4655,206.70000000000005,207.25,205.4500000000001,21.54716981132066,36.00838574423486,43.68553688661814,51.80821218305568,218.60636727975674,205.4500000000001,192.29363272024347,6.763209565771291,8.93653291915788,-2.173323353386589
2023-09-13,2368,10644363,2065554496,199.0,200.0,191.0,194.0,-6.0,8658,202.20000000000005,205.8,205.75000000000009,10.672169811320662,21.565775681341776,37.08259726301954,48.06942770386834,217.49946807306074,205.75000000000009,194.00053192693943,5.420373490981973,8.233301033522698,-2.8129275425407254
2023-09-14,2368,8413763,1669253530,197.0,201.5,196.0,199.5,5.5,6520,200.20000000000005,204.2,205.4000000000001,16.381682389937016,16.2003406708596,45.837591174547605,51.52296386130442,217.45238565595483,205.4000000000001,193.34761434404535,4.745269745879455,7.53569477599405,-2.790425030114595
2023-09-15,2368,8927488,1812766586,199.0,205.5,198.0,203.5,4.0,6408,199.20000000000005,204.45,205.4000000000001,24.999999999999904,17.351284067086013,51.55710651328948,53.92294378483601,217.45238565595483,205.4000000000001,193.34761434404535,4.481353481244923,6.924826517044225,-2.4434730357993013
2023-09-18,2368,9970321,1929821395,201.0,201.0,190.0,193.0,-10.5,8099,198.00000000000006,203.15,204.97500000000008,24.905303030302935,22.095661806746772,38.958125800723494,47.30273358024601,218.09930950564305,204.97500000000008,191.8506904943571,3.3859050860897355,6.217042230853327,-2.8311371447635914
2023-09-19,2368,8469853,1621854471,195.0,196.0,188.5,190.0,-3.0,6356,196.00000000000006,201.35,204.4000000000001,17.836850649350556,22.58071789321795,36.023757447104835,45.58087498533016,219.0068477092038,204.4000000000001,189.79315229079637,2.249745744175101,5.4235829335176815,-3.1738371893425805
2023-09-20,2368,7352864,1426765246,190.5,196.0,190.0,193.5,3.5,5311,195.90000000000003,199.05,203.62500000000009,12.062394127611425,18.268182602421792,41.972734069377246,47.960852689988066,218.80681477952734,203.62500000000009,188.44318522047283,1.613156564678718,4.661497659749889,-3.048341095071171
2023-09-21,2368,7925962,1526014674,192.0,196.0,187.5,195.0,1.5,6207,195.00000000000006,197.6,202.5500000000001,20.65999807405258,16.85308095033834,44.55077051513855,48.99048096577184,216.95798389782146,202.5500000000001,188.14201610217873,1.2156789275840936,3.97233391331673,-2.7566549857326366
2023-09-22,2368,8072225,1597611570,192.5,201.0,190.5,201.0,6.0,6291,194.50000000000006,196.85,202.25000000000009,43.874283788338296,25.532225330000927,54.072875770312045,52.99660329864413,216.5241024236162,202.25000000000009,187.97589757638397,1.369043412167116,3.4516758130868075,-2.0826324009196915
2023-09-25,2368,23875976,5125744122,211.0,220.0,209.0,211.0,10.0,17572,198.10000000000005,198.05,202.7000000000001,60.730471079308195,41.754917647233185,65.56961896164336,58.80376522301387,217.47294825009038,202.7000000000001,187.92705174990982,2.271319935277262,3.2156046375248986,-0.9442847022476366
2023-09-26,2368,12012813,2503107850,211.5,214.0,203.5,204.0,-7.0,9609,200.90000000000003,198.45,202.85000000000008,66.02564102564094,56.87679863109597,54.44025046743262,53.79364245485938,217.61177496102312,202.85000000000008,188.08822503897704,2.3939431948618335,3.0512723489922857,-0.6573291541304522
2023-09-27,2368,9783000,2043844841,205.5,211.5,205.0,211.5,7.5,7569,204.50000000000006,200.2,203.00000000000009,65.64102564102555,64.1323792486584,62.414627024403025,57.92952810826446,218.04659429903924,203.00000000000009,187.95340570096093,3.0610247435977556,3.0532228279133795,0.007801915684376048
2023-09-28,2368,17406961,3800679634,212.0,222.5,212.0,219.5,8.0,13953,209.40000000000003,202.2,203.2000000000001,72.01465201465193,67.89377289377298,69.13708209839623,61.851935543686196,218.9936696179153,203.2000000000001,187.40633038208492,4.186960147950998,3.279970291920903,0.9069898560300951
2023-10-02,2368,23017869,5139204997,230.0,233.0,215.5,215.5,-4.0,16567,212.30000000000004,203.4,203.9250000000001,75.6043956043955,71.08669108669118,62.60522848533233,58.895216682244744,220.55712253441783,203.9250000000001,187.29287746558236,4.702300306370773,3.564436294810877,1.1378640115598961
2023-10-03,2368,19136929,4239526390,217.5,227.0,216.0,219.0,3.5,13227,213.90000000000003,206.0,204.5750000000001,74.06593406593397,73.89499389499399,65.89453409747138,60.66698414020717,222.45033216474184,204.5750000000001,186.69966783525837,5.33167165206865,3.9178833662624317,1.413788285806218
2023-10-04,2368,11131894,2418473978,214.0,221.5,212.0,221.0,2.0,7590,217.30000000000004,209.1,205.22500000000008,68.13186813186803,72.60073260073268,67.78373141510376,61.683346479442925,224.44601714269814,205.22500000000008,186.00398285730202,5.923553228873885,4.319017338784723,1.6045358900891626
2023-10-05,2368,9897800,2195300973,225.0,225.0,218.5,222.5,1.5,7598,219.50000000000006,212.0,205.5250000000001,72.71708683473379,71.63829634417878,69.27302786160675,62.46669331101551,225.60851313888736,205.5250000000001,185.44148686111282,6.439431350543259,4.74310014113643,1.6963312094068295
2023-10-06,2368,7871712,1752766090,223.0,227.0,219.0,221.0,-1.5,6342,219.80000000000004,214.6,206.10000000000008,69.41417505724574,70.08771000794938,65.72812801977517,61.121013460987804,227.2366979445678,206.10000000000008,184.96330205543237,6.650567413383413,5.124593595585827,1.5259738177975866
2023-10-11,2368,6843288,1509210129,224.0,226.5,217.0,218.0,-3.0,5306,220.30000000000004,216.3,206.5750000000001,61.25623130608165,67.79583106602058,58.71710751627942,58.410814505065254,228.32419538741274,206.5750000000001,184.82580461258746,6.500881224288008,5.399851121326263,1.1010301029617455
2023-10-12,2368,7825308,1752554383,221.5,227.0,221.5,223.5,5.5,6171,221.20000000000005,217.55,207.8000000000001,58.1820016142049,62.95080265917762,66.3860825987121,61.7586914716183,230.44597094407425,207.8000000000001,185.15402905592595,6.748268042241335,5.669534505509278,1.0787335367320576
2023-10-13,2368,8524386,1891261658,222.0,225.0,218.5,223.0,-0.5,5779,221.60000000000005,219.45,208.9500000000001,55.86830777508734,58.435513565124815,65.10338325951496,61.27577735368253,232.2220862837833,208.9500000000001,185.6779137162169,6.825300243860141,5.9006876531794505,0.9246125906806908
2023-10-16,2368,10840345,2320587934,218.5,219.0,209.0,215.0,-8.0,7999,220.10000000000005,219.8,210.00000000000009,47.81746031746022,53.95592323558434,47.84642948855585,54.00013521300141,232.35620719173707,210.00000000000009,187.6437928082631,6.169695270839412,5.9544891767114425,0.21520609412796965
2023-10-17,2368,8540986,1803659355,217.5,217.5,207.0,207.5,-7.5,6819,217.40000000000003,218.6,210.4000000000001,26.626984126984027,43.43758407317739,37.0925467591834,48.21967116516534,232.27144256787543,210.4000000000001,188.52855743212476,4.98744413504437,5.761080168378028,-0.7736360333336574
2023-10-18,2368,9184911,1851599872,205.0,207.0,198.5,198.5,-9.0,6748,213.50000000000006,216.9,210.1500000000001,9.166666666666567,27.870370370370466,28.214519781358362,42.359804507357914,232.4414781923472,210.1500000000001,187.85852180765298,3.2863933120135584,5.266142797105134,-1.9797494850915758
2023-10-19,2368,7124590,1410969856,198.5,200.5,194.5,197.5,-1.0,5003,208.30000000000004,214.75,210.37500000000009,3.9102564102563107,13.23463573463583,27.365462709569403,41.75266311176589,232.05188861437153,210.37500000000009,188.69811138562864,1.836437330299816,4.580201703744071,-2.7437643734442547
2023-10-20,2368,9278749,1780660502,196.5,196.5,188.5,192.5,-5.0,7119,202.20000000000005,211.9,210.50000000000009,6.54012654012644,6.539016539016635,23.27901765105924,38.761173480903366,231.72969618246736,210.50000000000009,189.2703038175328,0.28064347191670436,3.7202900573785973,-3.439646585461893
2023-10-23,2368,4920623,949366667,191.5,196.0,189.0,192.5,0.0,3722,197.70000000000005,208.9,210.4500000000001,10.003330003329904,6.817904317904414,23.27901765105924,38.76117348090336,231.8436906586933,210.4500000000001,189.0563093413069,-0.9414815564110199,2.7879357346206737,-3.7294172910316936
2023-10-24,2368,6589950,1300990091,194.0,201.5,191.5,201.5,9.0,5027,196.50000000000006,206.95,210.7750000000001,18.181818181818084,11.57509157509167,43.82933449575803,46.728938907041226,231.40380267974547,210.7750000000001,190.14619732025471,-1.170309067990729,1.996286774098393,-3.166595842089122
2023-10-25,2368,4695630,945267606,203.0,203.5,199.0,200.5,-1.0,3701,196.90000000000003,205.2,210.75000000000009,25.67751882820366,17.954222337784078,42.3585477435739,46.012583615240175,231.42728221986332,210.75000000000009,190.07271778013686,-1.4160251062028522,1.3138243980381439,-2.7298495042409963
2023-10-26,2368,7063485,1346752519,195.5,196.0,187.0,187.0,-13.5,7053,194.80000000000004,201.55,209.5500000000001,22.214315365000193,22.024550791674173,27.712044350925176,37.62656884796093,232.67120239087612,209.5500000000001,186.42879760912408,-2.6693237104294383,0.5171947763446274,-3.186518486774066
2023-10-27,2368,5039987,944875211,189.5,190.0,185.0,186.5,-0.5,4207,193.60000000000005,197.9,208.6750000000001,12.497365648050476,20.129733280418304,27.304097350894104,37.35501942207951,233.80720046076073,208.6750000000001,183.54279953923947,-3.660719212767276,-0.31838802147775336,-3.3423311912895226
2023-10-30,2368,4172142,779028647,186.5,189.0,185.0,185.5,-1.0,3338,192.20000000000005,194.95,207.37500000000009,2.2960372960371913,12.33590610302948,26.397378261082615,36.78325243196964,234.4062319364081,207.37500000000009,180.34376806359208,-4.475508062601591,-1.149812029702521,-3.32569603289907
2023-10-31,2368,9720181,1742505797,187.5,189.0,174.0,176.0,-9.5,7583,187.10000000000005,191.8,205.2000000000001,4.555924301686908,6.449775748591718,19.29552218600181,31.803048248384723,234.8519813840467,205.2000000000001,175.5480186159535,-5.82070721204326,-2.0839910661706686,-3.7367161458725913
2023-11-01,2368,6682602,1177019685,180.0,180.0,174.0,177.0,1.0,4792,182.40000000000003,189.65,203.2750000000001,6.407293271699946,4.419751623141541,21.876682232859736,32.833928094880775,234.93329275245094,203.2750000000001,171.61670724754924,-6.728533244089675,-3.01289950175447,-3.7156337423352053
2023-11-02,2368,7940213,1454726410,182.0,186.0,179.5,184.0,7.0,5779,181.80000000000004,188.3,201.5250000000001,16.949152542372776,9.304123371920069,38.05603466244381,39.704753099342994,233.38167120086297,201.5250000000001,169.6683287991372,-6.804709955874273,-3.7712615925784307,-3.033448363295842
2023-11-03,2368,11531685,2194664848,187.0,193.0,185.0,189.0,5.0,7983,182.30000000000004,187.95,199.9250000000001,31.638418079095942,18.33162129772308,47.17308691771031,44.10322983508692,230.91092422374817,199.9250000000001,168.93907577625203,-6.3879856137582465,-4.294606396814394,-2.0933792169438528
2023-11-06,2368,8286035,1620589645,193.0,198.0,192.0,197.5,8.5,4763,184.70000000000005,188.45,198.6750000000001,54.80225988700554,34.46327683615828,59.109494316561154,50.688867103689006,227.88334640988535,198.6750000000001,169.46665359011484,-5.310631948410844,-4.497811507133684,-0.81282044127716
2023-11-07,2368,10371459,2070061266,198.5,203.5,196.5,200.0,2.5,6682,189.50000000000006,188.3,197.62500000000009,72.88135593220328,53.107344632768445,62.0517350031625,52.46285224927678,224.99994292231256,197.62500000000009,170.25005707768761,-4.206601219737962,-4.43956944965454,0.23296822991657784
2023-11-08,2368,9884813,2034445049,201.0,209.0,200.5,209.0,9.0,7073,195.90000000000003,189.15,197.1750000000001,89.26553672316373,72.31638418079105,70.85850779583924,58.28148590172299,223.47000903213154,197.1750000000001,170.87999096786865,-2.5757326862222953,-4.066802096968091,1.491069410745796
2023-11-09,2368,9314642,1958270506,209.0,215.0,205.5,215.0,6.0,6898,202.10000000000005,191.95,196.75000000000009,96.04519774011288,86.06403013182683,75.31430795643129,61.651485604937264,221.56229533920396,196.75000000000009,171.93770466079621,-0.790001126502375,-3.411441902874948,2.621440776372573
2023-11-10,2368,29950599,6665917218,214.0,231.5,209.0,220.5,5.5,21247,208.40000000000003,195.35,196.62500000000009,93.623188405797,92.9779742896914,78.78362047266765,64.48369241052525,220.92700609003055,196.62500000000009,172.32299390996963,1.0568256069135487,-2.5177884009172486,3.5746140078307973
2023-11-13,2368,8953271,1961827768,225.0,227.0,215.5,217.0,-3.5,7087,212.30000000000004,198.5,196.72500000000008,85.21739130434771,91.62859248341938,71.3400132867474,61.377177999823196,221.34303200907624,196.72500000000008,172.10696799092392,2.212523752958333,-1.5717259701421322,3.7842497231004653
2023-11-14,2368,19092145,4410674000,223.0,236.0,223.0,232.0,15.0,14394,218.70000000000005,204.1,197.9500000000001,82.85750929844802,87.23269633619776,80.53529935694584,68.40273637381591,226.68482208053257,197.9500000000001,169.21517791946764,4.289352514070828,-0.39951027329954014,4.688862787370368
2023-11-15,2368,8947385,2065564178,234.5,236.0,227.0,229.0,-3.0,6915,222.70000000000005,209.3,199.47500000000008,84.6591574939581,84.24468603225147,74.92612045723298,65.82383516632014,231.24208201896909,199.47500000000008,167.70791798103107,5.628299805380408,0.8060517424364497,4.822248062943958
2023-11-16,2368,11094428,2461665463,230.5,230.5,216.5,220.5,-8.5,8613,223.80000000000004,212.95,200.62500000000009,81.32253035298312,82.94639904846326,60.904272992022015,59.032786147455255,233.66266789590145,200.62500000000009,167.58733210409872,5.935129736686974,1.8318673412865547,4.10326239540042
2023-11-17,2368,4387935,971036245,221.0,222.5,218.0,221.5,1.0,3652,224.00000000000006,216.2,202.0750000000001,71.44612543905161,79.14260442866447,61.883345007284106,59.561372381731424,236.09010693794534,202.0750000000001,168.05989306205487,6.187658831167198,2.7030256392626835,3.4846331919045146
2023-11-20,2368,3710376,827445836,222.5,224.5,219.0,223.5,2.0,3059,225.30000000000004,218.8,203.62500000000009,64.2841996358665,72.35095180930061,63.98767245848354,60.654789752945995,238.56620060902134,203.62500000000009,168.68379939097883,6.4745387903050755,3.457328269471162,3.0172105208339137
2023-11-21,2368,7948934,1798560952,230.5,231.0,222.5,225.0,1.5,5858,223.90000000000003,221.3,204.8000000000001,64.00476595479348,66.57836367657073,65.64714265987088,61.49569070647275,240.93640823324708,204.8000000000001,168.66359176675311,6.745176492874009,4.114897914151731,2.6302785787222778
2023-11-22,2368,3217724,712623062,222.5,223.5,220.0,221.0,-4.0,2552,222.30000000000004,222.5,205.8250000000001,57.72253435610619,62.00383331558891,57.4158907086978,57.93953016049852,242.57316321940257,205.8250000000001,169.07683678059763,6.561258151663054,4.604169961653996,1.957088190009058
2023-11-23,2368,3680652,804845022,222.0,222.5,215.5,215.5,-5.5,3650,221.30000000000004,222.55,207.25000000000009,36.12629022465078,52.617863511850345,47.801144036345256,53.369518174934406,243.1686581041091,207.25000000000009,171.33134189589106,5.90364397377229,4.864064764077655,1.0395792096946348
2023-11-24,2368,4830463,1050307517,217.0,221.0,214.0,217.5,2.0,3530,220.50000000000006,222.25,208.8000000000001,20.117845117845018,37.98888989953419,51.26351828870532,54.76669907879064,243.66316107297018,208.8000000000001,173.93683892703,5.480685356065607,4.987388882475246,0.49329647359036066
2023-11-27,2368,4207913,896931094,217.0,217.5,211.0,211.5,-6.0,3471,218.10000000000005,221.7,210.10000000000008,5.969696969696872,20.737944104064418,41.604709599788166,49.933033224904314,243.28975745617788,210.10000000000008,176.91024254382228,4.608217090271864,4.911554524034569,-0.30333743376270483
2023-11-28,2368,5196701,1125944064,210.0,221.0,209.5,217.5,6.0,4066,216.60000000000005,220.25,212.1750000000001,18.372797744890672,14.820113277477716,52.127840315577735,54.27876296904404,241.54722327301542,212.1750000000001,182.80277672698477,4.350776516327784,4.7993989224932125,-0.4486224061654287
2023-11-29,2368,7596791,1704190264,218.0,226.5,218.0,225.0,7.5,6030,217.40000000000003,219.85,214.5750000000001,37.100775193798356,20.48108996946216,62.09044016551216,59.06210698698137,239.5775498699605,214.5750000000001,189.5724501300397,4.697787160487536,4.779076570092077,-0.08128940960454134
2023-11-30,2368,9210575,2110419198,225.0,232.5,223.0,228.0,3.0,6698,219.90000000000003,220.6,216.7750000000001,63.24570273003024,39.573091889573284,65.44620979788434,60.827493017330816,238.10215405298752,216.7750000000001,195.44784594701267,5.155441800094337,4.854349616092529,0.30109218400180815
2023-12-01,2368,4318821,979493144,227.5,231.0,221.5,229.5,1.5,3692,222.30000000000004,221.4,218.8000000000001,79.82810920121325,60.058195708347476,67.14285122096871,61.71645068770388,236.5915710379906,218.8000000000001,201.0084289620096,5.574909773574348,4.9984616475888926,0.576448125985455
2023-12-04,2368,6672533,1522444099,233.0,235.0,223.0,224.0,-5.5,5189,224.80000000000004,221.45,220.12500000000009,74.75134981528834,72.60838724884412,55.487890628284994,56.64086991435868,235.09789217218525,220.12500000000009,205.15210782781492,5.401274598681795,5.079024237807473,0.3222503608743219
2023-12-05,2368,8653720,1857563300,222.0,222.5,211.0,212.0,-12.0,7867,223.70000000000005,220.15,220.72500000000008,51.20772946859895,68.5957294950337,38.483775181422956,47.46828779695617,233.17279096867657,220.72500000000008,208.2772090313236,4.24641769984936,4.91250293021585,-0.6660852303664901
2023-12-06,2368,6491722,1433710630,213.0,225.5,212.5,223.5,11.5,5392,223.40000000000003,220.4,221.4500000000001,40.52287581699338,55.49398503362708,54.18212914253837,54.99082024581069,232.7145461515252,221.4500000000001,210.185453848475,4.21060197911342,4.772122739995364,-0.5615207608819439
2023-12-07,2368,8712313,1975427045,226.5,230.5,223.5,224.5,1.0,6635,222.70000000000005,221.3,221.9250000000001,41.17647058823521,44.302358624609376,55.338369088032955,55.5864073172218,232.85786330289798,221.9250000000001,210.9921366971022,4.214329240883103,4.660564040172912,-0.446234799289809
2023-12-08,2368,16944640,4047183169,234.0,243.5,233.5,238.0,13.5,13005,224.40000000000003,223.35,222.8000000000001,65.84967320261428,49.18300653594781,68.04085612549954,62.75218620032875,235.75144779551215,222.8000000000001,209.84855220448804,5.246145993085747,4.777680430755479,0.4684655623302678
2023-12-11,2368,12659719,2879452053,239.5,240.0,220.5,220.5,-17.5,11376,223.70000000000005,224.25,222.97500000000008,57.29260935143279,54.772917714094284,47.57651130720191,51.21643660881144,235.70085949945602,222.97500000000008,210.24914050054414,4.598752895887429,4.741894923781869,-0.14314202789443975
2023-12-12,2368,9712020,2140317133,223.0,224.0,217.5,219.5,-1.0,6693,225.20000000000005,224.45,222.35000000000008,46.40271493212661,56.514999162058075,46.64130482580002,50.64352513226148,234.45413152604905,222.35000000000008,210.2458684739511,3.959356561662105,4.585387251357917,-0.6260306896958117
2023-12-13,2368,5874439,1313692891,220.5,227.0,219.0,223.5,4.0,4731,225.20000000000005,224.3,222.0750000000001,31.282051282051196,44.99245852187038,51.12473888507405,52.91249394647946,233.80647475809667,222.0750000000001,210.34352524190354,3.732372464344138,4.414784293955161,-0.6824118296110226
2023-12-14,2368,8844156,1976430457,226.5,231.0,219.0,220.0,-3.5,6672,224.30000000000004,223.5,222.0500000000001,30.769230769230685,36.15133232780301,47.085944747889755,50.71555343031986,233.79691448848791,222.0500000000001,210.30308551151228,3.232799482521301,4.178387331668389,-0.9455878491470875
2023-12-15,2368,8486743,1832534204,221.0,221.0,213.5,215.5,-4.5,7030,219.80000000000004,222.1,221.75000000000009,26.666666666666583,29.57264957264967,42.097469062328784,47.95844220136584,233.83925142429752,221.75000000000009,209.66074857570266,2.4455807704661083,3.8318260194279326,-1.3862452489618242
2023-12-18,2368,2932266,631874255,215.0,218.0,213.0,216.0,0.5,2528,218.90000000000003,221.3,221.37500000000009,17.609594706368814,25.015164047422207,42.88189980397863,48.294790776102545,233.6870875565389,221.37500000000009,209.06291244346127,1.8408301468278125,3.4336268449079084,-1.5927966980800958
2023-12-19,2368,4891957,1044273021,216.0,218.0,211.0,213.5,-2.5,4031,217.70000000000005,221.45,220.8000000000001,10.942928039702148,18.406396470912693,39.741277735541956,46.6705987865891,233.45069168068943,220.8000000000001,208.14930831931076,1.146614357403763,2.9762243474070793,-1.8296099900033163
2023-12-20,2368,5064171,1081106052,215.0,217.5,212.0,213.5,0.0,4369,215.70000000000005,220.45,220.4250000000001,8.891645988420096,12.481389578163865,39.74127773554195,46.67059878658909,233.4682932957846,220.4250000000001,207.3817067042156,0.5896462675997043,2.498908731445604,-1.9092624638459
2023-12-21,2368,6585679,1380276615,210.0,212.5,207.0,210.5,-3.0,5089,213.80000000000004,219.05,220.1750000000001,8.663558663558577,9.499377563893788,35.495215959154116,44.583872549455336,233.76644951798244,220.1750000000001,206.58355048201776,-0.0927605978319832,1.9805748655900866,-2.0733354634220698
2023-12-22,2368,4647894,1005338447,212.5,218.5,212.0,217.0,6.5,3950,214.10000000000005,216.95,220.1500000000001,19.988344988344902,12.514516546774706,49.21180562691675,49.81911943312599,233.76286156544077,220.1500000000001,206.5371384345594,-0.10783423202681774,1.5628930460667056,-1.6707272780935234
2023-12-25,2368,4044002,870937851,219.5,220.0,213.0,213.5,-3.5,3343,213.60000000000005,216.25,220.25000000000009,26.45202020202012,18.367974617974713,43.412564811476564,47.23165986127693,233.63469274955088,220.25000000000009,206.8653072504493,-0.3976174584526575,1.170790945162833,-1.5684084036154906
2023-12-26,2368,4266303,910834370,214.0,216.0,211.0,215.5,2.0,3543,214.00000000000006,215.85,220.1500000000001,34.722222222222136,27.0541958041959,47.53435253197744,48.865968933298824,233.64481381864317,220.1500000000001,206.655186181357,-0.46058018618285246,0.844516718893696,-1.3050969050765484
2023-12-27,2368,3791436,820111309,216.0,218.5,213.0,217.0,1.5,2722,214.70000000000005,215.2,219.75000000000009,44.64285714285705,35.27236652236662,50.67786734316312,50.11388783743843,233.11974195711667,219.75000000000009,206.3802580428835,-0.38500306191238565,0.5986127627324797,-0.9836158246448653
2023-12-28,2368,5929010,1285519503,218.0,222.0,214.0,214.5,-2.5,4408,215.50000000000006,214.65,219.0750000000001,52.28174603174594,43.88227513227522,45.38982938725369,48.010840377571355,232.06836369074006,219.0750000000001,206.08163630926015,-0.5208329154108924,0.37472362710380525,-0.8955565425146976
2023-12-29,2368,2887629,628867108,214.5,219.5,214.5,218.0,3.5,2466,215.70000000000005,214.9,218.50000000000009,64.92063492063482,53.948412698412774,53.34186684104053,51.10450039182346,230.58304597358983,218.50000000000009,206.41695402641034,-0.34211461925829667,0.23135597783138487,-0.5734705970896815
2024-01-02,2368,5498701,1202000763,219.0,221.0,215.5,218.0,0.0,3967,216.60000000000005,215.1,218.2000000000001,65.55555555555547,60.91931216931224,53.34186684104054,51.10450039182347,230.01693699737248,218.2000000000001,206.38306300262772,-0.1981944200589112,0.14544589825332566,-0.34364031831223685
2024-01-03,2368,7506787,1625729303,215.0,219.5,210.5,218.5,0.5,5260,217.20000000000005,215.6,218.5250000000001,74.44444444444436,68.30687830687839,54.626567818719515,51.581852976349566,229.99441585259999,218.5250000000001,207.0555841474002,-0.04329176347749808,0.1076983659071609,-0.150990129384659
2024-01-04,2368,4597050,989522854,216.5,218.5,213.0,213.0,-5.5,3637,216.40000000000003,215.55,218.00000000000009,57.24637681159411,65.74879227053148,40.363741654903826,46.234775112412215,229.47170431975525,218.00000000000009,206.52829568024492,-0.36018236856639874,0.014122219012448964,-0.3743045875788477
2024-01-05,2368,5621029,1171505847,214.0,214.5,205.5,205.5,-7.5,5542,214.60000000000005,215.05,217.0500000000001,32.80193236714967,54.83091787439622,28.517925888961155,40.12631057929034,229.32965797568747,217.0500000000001,204.77034202431273,-1.2026444395783358,-0.229231112705708,-0.9734133268726277
2024-01-08,2368,5956051,1224294865,206.0,210.5,203.0,204.5,-1.0,4844,211.90000000000003,213.8,215.37500000000009,9.87795575896253,33.30875497923561,27.272867044766873,39.379252790011364,224.50119855141727,215.37500000000009,206.2488014485829,-1.9287598007463203,-0.5691368503138305,-1.3596229504324897
2024-01-09,2368,12332599,2451046333,203.0,207.0,195.5,195.5,-9.0,9712,207.40000000000003,212.0,214.12500000000009,2.6315789473683266,15.103822357827015,18.700314562459873,33.359581761375615,226.4045561809005,214.12500000000009,201.84544381909967,-3.1936221515104535,-1.0940339105531551,-2.0995882409572983
2024-01-10,2368,6594735,1310650029,195.5,201.0,195.0,200.0,4.5,4770,203.70000000000005,210.45,213.1500000000001,8.804418453541166,7.104651053290849,31.29738159926464,38.427685042603244,226.6077115439391,213.1500000000001,199.69228845606108,-3.789242259356854,-1.633075580313895,-2.156166679042959
2024-01-11,2368,5937500,1209970906,200.5,208.0,198.0,206.0,6.0,4612,202.30000000000004,209.35,212.2750000000001,20.27540360873685,10.57046700321562,44.64052279387253,44.489545638074176,225.19194623352828,212.2750000000001,199.3580537664719,-3.734081463403413,-2.0532767569317985,-1.6808047064716147
2024-01-12,2368,5203177,1082032737,206.5,210.0,205.0,208.0,2.0,4348,202.80000000000004,208.7,211.6750000000001,36.942070275403516,22.00729744589402,48.528112484843916,46.384396737143426,224.21005085748993,211.6750000000001,199.13994914251026,-3.488766521121903,-2.3403747097698195,-1.1483918113520835
2024-01-15,2368,6501317,1396052689,209.5,217.5,209.5,216.0,8.0,5803,205.10000000000005,208.5,211.7000000000001,59.34065934065925,38.85271107493338,61.23270459264399,53.25755585631974,224.2674181914926,211.7000000000001,199.1325818085076,-2.61863354331021,-2.3960264764778976,-0.22260706683231257
2024-01-16,2368,5333679,1150792277,214.0,218.5,213.0,214.5,-1.5,4280,208.90000000000003,208.15,211.62500000000009,72.89766970618025,56.39346644074785,58.095922529726415,51.913758961571574,224.1064862896969,211.62500000000009,199.14351371030327,-2.0267215687476323,-2.3221654949318444,0.2954439261842121
2024-01-17,2368,5572406,1186157598,216.0,217.5,208.5,210.5,-4.0,4241,211.00000000000006,207.35,211.47500000000008,78.21681864235047,70.15171589639682,50.109750423655356,48.40618623405917,223.9348354724243,211.47500000000008,199.01516452757585,-1.8589646477228712,-2.22952532549005,0.3705606777671786
2024-01-18,2368,8643026,1748078303,209.5,210.0,197.0,200.5,-10.0,7393,209.90000000000003,206.1,210.8250000000001,57.44680851063821,69.52043228638982,35.768652753119135,40.95601007828044,224.12265016835087,210.8250000000001,197.52734983164933,-2.5040671780000707,-2.284433695992054,-0.21963348200801658
2024-01-19,2368,6375089,1301368521,204.0,207.0,202.0,204.0,3.5,5192,209.10000000000005,205.95,210.50000000000009,42.553191489361616,59.405606214116936,42.48947376373351,44.19346309861226,224.1271787248817,210.50000000000009,196.87282127511847,-2.701750731032064,-2.367897103000056,-0.3338536280320077
2024-01-22,2368,14512192,3170935904,213.0,223.5,211.0,222.0,18.0,10592,210.30000000000004,207.7,210.75000000000009,52.1463232549458,50.71544108498205,64.66994792306595,57.193088009640256,225.01359001092882,210.75000000000009,196.48640998907135,-1.389944389606626,-2.17230656032137,0.7823621707147441
2024-01-23,2368,8115904,1793265176,222.0,224.5,216.0,221.5,-0.5,6381,211.70000000000005,210.3,211.1500000000001,74.04187451219917,56.24712975216903,63.87163019419677,56.797306345296995,226.1303204238047,211.1500000000001,196.16967957619548,-0.3862221062720721,-1.8150896695115104,1.4288675632394383
2024-01-24,2368,5950940,1306979285,223.0,223.0,216.5,216.5,-5.0,4275,212.90000000000003,211.95,211.2000000000001,84.9122807017543,70.36682615629992,55.83091308244414,52.85810316258108,226.2446003602573,211.2000000000001,196.1553996397429,0.005710988719613397,-1.4509295378652856,1.456640526584899
2024-01-25,2368,10832982,2422209007,219.5,227.0,219.0,222.5,6.0,8331,217.30000000000004,213.6,211.47500000000008,81.66666666666657,80.20694062687352,62.44904998596946,56.735811449242476,227.12260365039612,211.47500000000008,195.82739634960404,0.7913484735282452,-1.0024739355865795,1.7938224091148247
2024-01-26,2368,5613350,1230402893,220.5,223.0,216.5,216.5,-6.0,3804,219.80000000000004,214.45,211.5750000000001,73.63636363636355,80.07177033492832,53.15676250247942,52.11893456032178,227.32388884968887,211.5750000000001,195.82611115031133,0.9192257226116283,-0.6181340039469378,1.5373597265585661
2024-01-29,2368,6018216,1339140856,216.5,225.0,216.5,224.5,8.0,4817,220.30000000000004,215.3,211.9000000000001,80.55555555555547,78.61952861952871,61.96132381332765,57.12832512982714,228.41544731455576,211.9000000000001,195.38455268544442,1.6471155818922227,-0.1650840867791057,1.8121996686713284
2024-01-30,2368,21484715,5009796012,223.5,240.5,223.5,234.0,9.5,15703,222.80000000000004,217.25,212.7000000000001,80.57471264367807,78.25554394519922,69.820158904746,62.187449560718655,231.68525743833516,212.7000000000001,193.71474256166505,2.95646386956912,0.45922550449053956,2.4972383650785805
2024-01-31,2368,10551612,2456831674,232.5,238.0,229.0,229.0,-5.0,8603,225.30000000000004,219.1,213.22500000000008,82.28466935363478,81.13831251762296,61.95990277918103,58.288741871887986,233.36817502281886,213.22500000000008,193.0818249771813,3.549754250289567,1.0773312536503452,2.4724229966392217
2024-02-01,2368,4359544,1004544458,229.0,232.5,226.5,231.5,2.5,3757,227.10000000000005,222.2,214.1500000000001,74.89295560598883,79.25077920110074,64.30408403663196,59.650836111180816,235.80894734283902,214.1500000000001,192.49105265716116,4.1735600556940256,1.6965770140590815,2.476983041634944
2024-02-02,2368,15669344,3771139385,239.5,246.0,235.0,241.0,9.5,11761,232.00000000000006,225.9,215.9250000000001,74.31824296231066,77.1652893073116,71.96361217892515,64.40728914804326,240.12680778371458,215.9250000000001,191.7231922162856,5.372569617698133,2.4317755347868917,2.9407940829112413
2024-02-05,2368,16298411,4036208497,244.0,254.5,240.0,248.5,7.5,12701,236.80000000000004,228.55,218.12500000000009,79.01179502428378,76.07433119752794,76.59024293214131,67.64957299228918,245.5565056094243,218.12500000000009,190.69349439057586,6.849029307385706,3.3152262893066546,3.5338030180790514
2024-02-15,2368,16717195,4548413842,268.0,273.0,265.5,273.0,24.5,6021,244.60000000000005,233.7,222.00000000000009,89.18128654970751,80.8371081787675,85.62865078382244,75.5007156472065,256.5296973632825,222.00000000000009,187.4703026367177,9.882164057911467,4.628613843027617,5.25355021488385
2024-02-16,2368,20146421,5489628059,276.0,278.0,262.0,275.0,2.0,14805,253.80000000000004,239.55,225.75000000000009,93.11082584510045,87.10130247303077,86.13835757531244,76.01249934205025,265.76312284738447,225.75000000000009,185.73687715261573,12.305478588290214,6.163986792080136,6.141491796210078
2024-02-19,2368,15461189,4180105925,273.0,284.0,260.5,265.0,-10.0,12725,260.50000000000006,243.8,228.7000000000001,88.99126769045456,90.42779336175435,71.37216459376802,68.32687277677407,271.0832514090157,228.7000000000001,186.3167485909845,13.26613266664063,7.584415966992235,5.681716699648395
2024-02-20,2368,11834908,3060636368,264.0,265.0,253.0,261.5,-3.5,9734,264.6,248.3,231.37500000000009,76.59457347557854,86.23222233704469,66.70307062933362,65.81848388935948,274.9317159000752,231.37500000000009,187.818284099925,13.588398595073102,8.785212492608409,4.803186102464693
2024-02-21,2368,7007443,1819429929,256.5,264.5,255.0,259.5,-2.0,5921,266.80000000000007,251.8,233.5500000000001,64.0176911850165,76.53451078368337,63.915544298705086,64.36437963072734,278.15033632160004,233.5500000000001,188.94966367840016,13.526488441052123,9.733467682297151,3.793020758754972
2024-02-22,2368,13811578,3573399282,270.0,270.0,252.0,255.5,-4.0,11273,263.30000000000007,253.95,235.60000000000008,56.878668103964436,65.83031092152,58.23685806454972,61.440772460215086,280.27840641741676,235.60000000000008,190.92159358258343,13.004746999114872,10.387723545660695,2.617023453454177
2024-02-23,2368,15501620,4084130261,261.0,267.5,258.0,262.0,6.5,11598,260.70000000000005,257.25,238.1750000000001,54.30937592428265,58.40191173775469,64.2573061721353,64.28013766414365,282.706196929791,238.1750000000001,193.64380307020917,12.966291487635658,10.903437134055688,2.0628543535799704
2024-02-26,2368,5741940,1498585449,262.0,265.5,258.0,261.5,-0.5,4887,260.00000000000006,260.25,241.22500000000008,51.46681992955274,54.218287985933436,63.43661625092935,63.89040223790802,283.3052507121792,241.22500000000008,199.14474928782096,12.748512480207353,11.27245220328602,1.4760602769213325
2024-02-27,2368,8852202,2240900827,262.5,264.0,247.0,252.5,-9.0,7600,258.20000000000005,261.4,243.6500000000001,39.610180681609144,48.462125511815,50.020570746995254,57.17106336091984,282.3218243686513,243.6500000000001,204.97817563134888,11.714656990282549,11.360893160685325,0.35376382959722363
2024-02-29,2368,5996206,1526044992,252.5,258.5,249.5,257.0,4.5,4422,257.70000000000005,262.25,245.4000000000001,30.251842751842645,40.44294778766834,55.509285796644036,59.466472019732684,283.15129136863806,245.4000000000001,207.64870863136213,11.130130244725706,11.314740577493401,-0.18461033276769534
2024-03-01,2368,7111166,1872759837,261.0,267.0,260.0,261.5,4.5,6072,258.90000000000003,261.1,247.4000000000001,27.027027027026918,32.29635015349306,60.56216842131271,61.678303977677515,284.0982288400927,247.4000000000001,210.70177115990748,10.904302962654384,11.232653054525597,-0.3283500918712132
2024-03-04,2368,7399053,1936856886,266.0,267.5,258.5,259.0,-2.5,5429,258.30000000000007,259.5,249.5250000000001,39.46337641989805,32.247415399589364,56.40977508749575,59.7283236624927,283.651932179729,249.5250000000001,215.39806782027117,10.403676995645185,11.066857842749515,-0.6631808471043303
2024-03-05,2368,6521164,1717078479,260.0,267.0,257.0,265.5,6.5,5645,259.1,259.55,251.6750000000001,57.26596161378759,41.25212168690434,63.914716807579964,63.003373829309574,284.0960965267957,251.6750000000001,219.25390347320447,10.41140677083007,10.935767628365626,-0.524360857535557
2024-03-06,2368,8916182,2398958444,263.0,274.5,260.5,274.5,9.0,7648,263.50000000000006,260.85,254.5750000000001,77.53623188405784,58.088523305914656,71.76693253351988,67.0045374063258,284.1423383989802,254.5750000000001,225.00766160101998,11.016763070238966,10.951966716740294,0.06479635349867152
2024-03-07,2368,20128317,5281514867,277.5,280.0,251.5,252.5,-22.0,19167,262.6,260.15,255.97500000000008,65.70048309178732,66.83422552987774,44.28506069730089,52.15574346038926,282.17323467334893,255.97500000000008,229.77676532665123,9.61051215871899,10.683675805136033,-1.0731636464170435
2024-03-08,2368,9525753,2390261967,254.0,258.5,244.0,249.5,-3.0,8836,260.20000000000005,259.55,256.7500000000001,43.98148148148136,62.406065485775656,41.74208931694846,50.51188727515411,281.1579904949132,256.7500000000001,232.34200950508705,8.159910878653818,10.17892281983959,-2.019011941185772
2024-03-11,2368,5728922,1434429323,249.5,256.0,247.5,248.0,-1.5,4984,258.00000000000006,258.15,257.7000000000001,14.35185185185174,41.34460547504029,40.389187925612056,49.668938381807315,278.99413064672456,257.7000000000001,236.40586935327565,6.810751347222094,9.505288525316091,-2.694537178093997
2024-03-12,2368,10101828,2450608330,246.0,247.5,239.0,242.5,-5.5,9431,253.40000000000003,256.25,258.2500000000001,11.641824751580737,23.32505269497143,35.47121389010736,46.598265757416804,277.25394695845563,258.2500000000001,239.2460530415446,5.237355687585023,8.651701957769877,-3.414346270184854
2024-03-13,2368,14080675,3288924503,245.0,245.5,228.5,229.0,-13.5,11972,244.30000000000004,253.9,257.6500000000001,6.872856754457401,10.955511119296775,26.30050251354677,40.05284237577558,279.35967526242223,257.6500000000001,235.94032473757795,2.868030248409724,7.494967615897846,-4.6269373674881225
2024-03-14,2368,12182991,2717101567,231.5,232.0,220.0,220.5,-8.5,10380,237.90000000000003,250.25,256.2500000000001,3.446930828531475,7.3205374448566864,22.10284420669594,36.56978786529661,283.1340101175359,256.2500000000001,229.3659898824643,0.30097436018508006,6.056168964755293,-5.755194604570213
2024-03-15,2368,14410298,3333546855,223.0,238.0,222.5,232.5,12.0,11137,234.50000000000006,247.35,254.22500000000008,7.545846817691367,5.955211466893563,38.31768864261538,43.97678175957112,281.8483144282116,254.22500000000008,226.60168557178852,-0.7564167130414603,4.693651829195942,-5.4500685422374024
2024-03-18,2368,8643873,2043268105,239.0,241.0,231.0,238.0,5.5,7162,232.50000000000006,245.25,252.37500000000009,17.22222222222211,9.404999956148467,44.49566602937469,47.02989414120884,279.1273363465666,252.37500000000009,225.62266365343353,-1.1374904403495236,3.527423375286849,-4.664913815636373
2024-03-19,2368,9989417,2330169152,238.5,240.5,226.5,229.5,-8.5,10044,229.90000000000003,241.65,250.60000000000008,22.22222222222211,15.663430420712013,37.68941321148432,43.118931666409395,278.4542635874626,250.60000000000008,222.74573641253755,-2.1011523014558406,2.401708239938311,-4.502860541394152
2024-03-20,2368,5733145,1325198059,232.0,234.0,229.0,229.5,0.0,4756,230.00000000000006,237.15,249.00000000000009,23.50288600288589,20.982443482443518,37.68941321148432,43.11893166640939,277.8253360778296,249.00000000000009,220.17466392217057,-2.8322132775197133,1.3549239364467063,-4.18713721396642
2024-03-21,2368,6584963,1546386695,234.0,237.5,230.5,233.5,4.0,5596,232.60000000000005,235.25,247.7000000000001,26.00288600288589,23.909331409331443,43.24965311788283,45.588444142251554,276.8571603555591,247.7000000000001,218.5428396444411,-3.0536175946350568,0.4732156302303536,-3.5268332248654106
2024-03-22,2368,14924651,3654485069,238.0,250.0,236.5,247.5,14.0,12715,235.60000000000005,235.05,247.3000000000001,51.28066378066367,33.59547859547863,58.40555684349519,53.24031731203234,276.23682774596807,247.3000000000001,218.36317225403212,-2.075474337735301,-0.036522363362777366,-2.0389519743725235
2024-03-25,2368,7667678,1919469512,250.0,253.5,247.5,247.5,0.0,6358,237.50000000000006,235.0,246.5750000000001,70.41873963515744,49.23409647290248,58.40555684349518,53.240317312032346,274.7179831396714,246.5750000000001,218.43201686032882,-1.285470653979246,-0.2863120214860711,-0.9991586324931749
2024-03-26,2368,6005305,1481462536,249.5,253.0,240.5,242.0,-5.5,5326,240.00000000000006,234.95,245.60000000000008,79.80928689883903,67.1695634382202,51.10722140080172,50.034420683070735,272.9470290890957,245.60000000000008,218.25297091090448,-1.0906190994241456,-0.447173437073686,-0.6434456623504596
2024-03-27,2368,14127989,3554087860,248.0,257.5,244.0,251.0,9.0,11336,244.30000000000004,237.15,245.5250000000001,76.39658848614062,75.54153834004585,60.52447342079045,54.82782821544756,272.8040670661557,245.5250000000001,218.24593293384444,-0.20758019942317674,-0.3992547895435842,0.19167459012040744
2024-03-28,2368,7986815,1965352751,246.0,250.0,242.0,244.5,-6.5,6376,246.50000000000006,239.55,244.9000000000001,68.38824311621605,74.86470616706538,52.073380400562016,51.02088054553392,271.6667704439632,244.9000000000001,218.13322955603698,-0.031893537605611755,-0.3257825391559897,0.29388900155037795
2024-03-29,2368,6770969,1681165288,244.5,252.0,242.5,245.5,1.0,5004,246.10000000000005,240.85,244.10000000000008,66.92780337941618,70.57087832725774,53.24514930749036,51.577925927441996,269.76826834829035,244.10000000000008,218.4317316517098,0.18588824629824785,-0.2234483820651422,0.40933662836339
2024-04-01,2368,3800369,937049976,245.5,249.0,244.5,245.0,-0.5,3401,245.60000000000005,241.55,243.4000000000001,58.4983965289567,64.60481434152977,52.49644240216077,51.26398592052125,268.15196961859465,243.4000000000001,218.6480303814055,0.3145105756098303,-0.1158565905301477,0.430367166139978
2024-04-02,2368,9661059,2292382981,245.5,247.5,233.0,234.0,-11.0,9602,244.00000000000006,242.0,241.8250000000001,43.46454547360026,56.29691512732452,38.57445918570229,44.80302009874374,264.6882346792795,241.8250000000001,218.9617653207207,-0.4657939877569959,-0.18584406997551733,-0.27994991778147854
2024-04-03,2368,7064139,1683383768,234.0,241.0,233.0,241.0,7.0,6088,242.00000000000006,243.15,240.1500000000001,33.918791688215144,45.2939112302575,48.679037032419394,49.1914755465022,257.41586227212076,240.1500000000001,222.88413772787942,-0.5134309648933311,-0.2513614489590801,-0.262069515934251
2024-04-08,2368,8094228,1986788603,241.0,251.0,240.0,242.5,1.5,6367,241.60000000000005,244.05,239.6500000000001,28.130511463844687,35.171282875220164,50.70625751627584,50.106883978142946,256.0118458616334,239.6500000000001,223.2881541383668,-0.4252441980925141,-0.2861379987857669,-0.13910619930674722
2024-04-09,2368,5995468,1426310027,242.5,242.5,234.0,237.0,-5.5,5670,239.90000000000003,243.0,239.0250000000001,29.251700680272,30.43366794411074,43.376654365782464,46.778876978939216,254.77769818157668,239.0250000000001,223.2723018184235,-0.7900523528999202,-0.38692086960859756,-0.4031314832913226
2024-04-10,2368,6425944,1510499324,238.0,241.0,230.5,230.5,-6.5,5753,237.00000000000006,241.3,238.1500000000001,18.367346938775402,25.24985302763083,36.168184744240094,43.132769007392234,253.7548069517004,238.1500000000001,222.54519304829978,-1.5853857807074405,-0.6266138518283662,-0.9587719288790744
2024-04-11,2368,4923132,1131486600,230.5,233.0,228.0,229.5,-1.0,4507,236.10000000000005,240.05,237.50000000000009,7.525510204081523,18.38151927437644,35.120615891919506,42.582866183152326,253.40597372058147,237.50000000000009,221.5940262794187,-2.270215266531494,-0.9553341347689918,-1.3148811317625024
2024-04-12,2368,4135733,950190635,230.0,232.5,227.5,229.5,0.0,4115,233.80000000000004,237.9,237.5250000000001,4.804421768707373,10.2324263038549,35.1206158919195,42.58286618315232,253.37894272727866,237.5250000000001,221.67105727272153,-2.780891185436019,-1.3204455449023973,-1.4604456405336217
2024-04-15,2368,13931619,3009468264,227.5,227.5,211.0,212.5,-17.0,12953,227.80000000000004,234.7,237.12500000000009,6.054421768707374,6.128117913832225,21.027908324124496,34.029257595977455,254.9572040140813,237.12500000000009,219.29279598591887,-4.505427689587037,-1.9574419738393254,-2.547985715747712
2024-04-16,2368,12981649,2636631053,210.5,211.0,200.0,201.5,-11.0,11379,220.70000000000005,230.3,235.5750000000001,4.951480592236785,5.270108043217312,16.139107148295846,29.850944268945746,259.195488987314,235.5750000000001,211.95451101268623,-6.68270925050777,-2.9024954291730145,-3.7802138213347556
2024-04-17,2368,7778420,1571133637,206.5,207.0,200.0,201.5,0.0,7691,214.90000000000003,225.95,233.75000000000009,3.2107843137253806,4.738895558223314,16.139107148295842,29.850944268945746,261.60049371195873,233.75000000000009,205.89950628804144,-8.312400396522492,-3.98447642264291,-4.327923973879582
2024-04-18,2368,6926532,1414610409,201.0,208.5,200.0,205.0,3.5,6111,210.00000000000006,223.05,232.5250000000001,5.228758169934531,4.463674358632367,23.810438032515105,32.891619349732984,263.04298649976494,232.5250000000001,202.00701350023525,-9.215293455120673,-5.030639829138463,-4.18465362598221
2024-04-19,2368,7881603,1555459522,202.0,205.0,190.5,196.0,-9.0,7934,203.30000000000004,218.55,230.85000000000008,7.774007038712813,5.40451650745771,18.683197489979023,29.36660364874834,265.27542664949624,230.85000000000008,196.42457335050392,-10.535619430317297,-6.1316357493742295,-4.4039836809430675
2024-04-22,2368,14710373,2735724530,196.5,197.0,181.5,182.0,-14.0,11467,197.20000000000005,212.5,228.2750000000001,7.0737269266679945,6.6921640451052475,13.4334693634306,24.896790448614485,268.7033007310454,228.2750000000001,187.84669926895484,-12.56680793589507,-7.418670186678398,-5.148137749216673
2024-04-23,2368,10902414,2019980211,186.0,188.5,182.0,188.0,6.0,7690,194.50000000000006,207.6,225.3000000000001,8.012872811559168,7.620202258980126,24.097291353167865,29.826450744881132,268.30627861138237,225.3000000000001,182.29372138861785,-13.536350976608219,-8.642206344664363,-4.894144631943856
2024-04-24,2368,8844493,1734158255,193.0,199.5,193.0,196.5,8.5,7160,193.50000000000006,204.2,222.75000000000009,14.291153354545592,9.792584364257719,36.936921329496194,36.214026218456006,266.2339050684258,222.75000000000009,179.26609493157437,-13.46364138199192,-9.606493352129874,-3.8571480298620457
2024-04-25,2368,7905490,1505933986,194.0,196.0,186.0,187.0,-9.5,6751,189.90000000000003,199.95,220.00000000000009,17.996548556104475,13.433524907403212,30.26202293791012,32.63818694215543,265.18960057358186,220.00000000000009,174.81039942641834,-14.011078122597468,-10.487410306223392,-3.5236678163740756
2024-04-26,2368,5880395,1138077714,191.0,197.0,191.0,192.5,5.5,4812,189.20000000000005,196.25,217.0750000000001,26.218807346077597,19.50216975224269,37.848208942368714,36.54473022939592,261.425056369748,217.0750000000001,172.7249436302522,-13.841564707144869,-11.158241186407688,-2.683323520737181
2024-04-29,2368,5885847,1160437128,196.5,199.5,194.5,198.0,5.5,4542,192.40000000000003,194.8,214.75000000000009,36.78525614782052,27.000204016667663,44.847672777357225,40.27483406553066,257.9663163631499,214.75000000000009,171.5336836368503,-13.112269983275809,-11.549046945781312,-1.563223037494497
2024-04-30,2368,5683160,1130136623,199.0,203.5,196.0,197.0,-1.0,5174,194.20000000000005,194.35,212.3250000000001,51.9355513705795,38.313204954826006,43.801309898333216,39.81654573279905,253.7740952856613,212.3250000000001,170.8759047143389,-12.471229729722808,-11.73348350256961,-0.7377462271531972
2024-05-02,2368,3801233,743844837,194.0,198.0,192.0,196.5,-0.5,3443,194.20000000000005,193.85,209.9000000000001,60.782768584186904,49.8345253675291,43.213177093870605,39.574068798032,249.02876179998364,209.9000000000001,170.77123820001654,-11.866753978594716,-11.760137597774632,-0.10661638082008373
2024-05-03,2368,5394046,1048103886,199.5,199.5,192.0,192.0,-4.5,4894,195.20000000000005,192.55,207.8000000000001,56.321489122907444,56.34660302589142,37.873521001036785,37.368408395530764,246.02747702896255,207.8000000000001,169.57252297103764,-11.616902561288128,-11.731490590477332,0.11458802918920341
2024-05-06,2368,6407646,1228545859,196.5,196.5,189.5,190.5,-1.5,4534,194.80000000000004,192.0,205.2750000000001,50.36398122741505,55.822746311503266,36.13702029676565,36.63542753455025,240.98560766774852,205.2750000000001,169.56439233225166,-11.408421792044663,-11.666876830790798,0.25845503874613485
2024-05-07,2368,3611084,688807071,191.0,193.0,188.0,192.0,1.5,2712,193.60000000000005,193.0,202.75000000000009,40.51595691130563,49.067142420542844,39.37970070369161,37.946240758068896,234.49665336692777,202.75000000000009,171.0033466330724,-10.995413533611242,-11.532584171354888,0.537170637743646
2024-05-08,2368,6050228,1179055960,194.0,196.5,192.0,196.5,4.5,3844,193.50000000000006,193.85,200.72500000000008,44.60686600221472,45.1622680469786,48.527171790251,41.83374894390312,228.3772603054412,200.72500000000008,173.07273969455895,-10.187553347845892,-11.263578006653088,1.0760246588071958
2024-05-09,2368,10046880,1994782123,196.0,201.5,195.0,198.5,2.0,6323,193.90000000000003,194.05,199.12500000000009,54.00921658986164,46.37734650112747,52.2623256668867,43.52709421825209,223.16845025157272,199.12500000000009,175.08154974842745,-9.278972822270816,-10.866656969776633,1.5876841475058168
2024-05-10,2368,13048091,2514962840,202.0,203.0,188.5,193.0,-5.5,9648,194.10000000000005,194.65,197.3000000000001,53.33333333333322,50.64980530847,42.39269360996263,40.07219812963699,216.99111474751618,197.3000000000001,177.60888525248401,-8.900125141865601,-10.473350604194426,1.5732254623288249
2024-05-13,2368,5727415,1075021848,189.5,191.0,186.0,187.5,-5.5,5529,193.50000000000006,194.15,195.2000000000001,36.190476190476076,47.84434203789044,34.73892403678704,36.91659997577075,208.6885136319707,195.2000000000001,181.7114863680295,-8.940627669845952,-10.166806017324731,1.226178347478779
2024-05-14,2368,4783741,912335489,188.0,194.5,188.0,190.5,3.0,3947,193.20000000000005,193.4,194.10000000000008,22.433360440950455,37.31905665492005,41.46421630712662,39.705662827107815,205.12995920209408,194.10000000000008,183.07004079790607,-8.631156685558807,-9.859676150971547,1.2285194654127398
2024-05-15,2368,10352618,2020616242,193.5,200.0,189.0,195.5,5.0,7871,193.00000000000006,193.25,193.8000000000001,30.308123249299598,29.643986626908838,51.235586696924095,44.138570506360665,204.32330746485377,193.8000000000001,183.27669253514642,-7.891472504871643,-9.466035421751567,1.5745629168799233
2024-05-16,2368,22369364,4658012654,206.5,215.0,201.0,203.5,8.0,15344,194.00000000000006,193.95,193.9000000000001,47.565922920892376,33.43580220371427,62.820735268324135,50.419548923451295,204.7471194332809,193.9000000000001,183.0528805667193,-6.583839913109642,-8.889596320023182,2.30575640691354
2024-05-17,2368,7933341,1633759794,203.5,208.0,202.0,206.5,3.0,6655,196.70000000000005,195.4,193.97500000000008,62.30561189993227,46.72655269004154,66.32125522770322,52.57310364760185,205.14404203590814,193.97500000000008,182.80595796409202,-5.244995689784901,-8.160676193975526,2.9156805041906253
2024-05-20,2368,5262770,1087916681,209.0,209.0,204.5,206.5,0.0,4205,200.50000000000006,197.0,194.50000000000009,67.24137931034471,59.03763804372324,66.32125522770322,52.57310364760185,206.917729261015,194.50000000000009,182.08227073898516,-4.136271632310695,-7.35579528164256,3.2195236493318644
2024-05-21,2368,3568781,730986605,209.0,209.0,202.5,203.5,-3.0,3652,203.10000000000005,198.15,195.5750000000001,67.24137931034471,65.59612350687402,58.78751804180804,50.05174830088467,207.17359905332768,195.5750000000001,183.97640094667253,-3.4597924233800654,-6.576594709990061,3.116802286609995
2024-05-22,2368,3684012,751866852,206.0,206.0,201.5,205.5,2.0,3598,205.10000000000005,199.05,196.4500000000001,66.09195402298839,66.85823754789273,62.13310947327875,51.71432678571399,208.26905241547982,196.4500000000001,184.63094758452038,-2.730815351729234,-5.807438838337895,3.0766234866086615
2024-05-23,2368,7732654,1562032197,208.0,209.0,199.0,201.5,-4.0,6658,204.70000000000005,199.35,196.7000000000001,60.34482758620678,64.55938697318008,52.23825177753931,48.25479727960358,208.7224789457015,196.7000000000001,184.6775210542987,-2.4476473856013286,-5.135480547790582,2.6878331621892535
2024-05-24,2368,7741288,1565350676,202.0,204.0,199.0,203.0,1.5,5714,204.00000000000006,200.35,197.50000000000009,58.74840357598967,61.728395061728406,55.34920658312764,49.615975431753064,208.94989082916786,197.50000000000009,186.05010917083231,-2.0782406043261688,-4.5240325590977,2.445791954771531
2024-05-27,2368,6041550,1236204400,205.0,207.0,202.0,203.5,0.5,5123,203.40000000000003,201.95,198.0500000000001,54.92435406228498,58.00586174149394,56.45228006251821,50.08729923748037,209.54304137292755,198.0500000000001,186.55695862707265,-1.725249643448734,-3.9642759759679067,2.2390263325191726
2024-05-28,2368,7055145,1438738949,204.5,207.5,202.0,202.5,-1.0,5998,203.20000000000005,203.15,198.2750000000001,44.39992877492866,52.690895471067904,53.37551639954549,49.09805062658161,209.93036357218685,198.2750000000001,186.61963642781333,-1.5088008889898106,-3.4731809585722875,1.964380069582477
2024-05-29,2368,5707044,1151285619,203.5,203.5,200.0,201.0,-1.5,5170,202.30000000000004,203.7,198.47500000000008,32.54807692307681,43.95745325343029,48.727918378230626,47.58002723708903,210.17318361968472,198.47500000000008,186.77681638031544,-1.441682339040625,-3.066881234665955,1.62519889562533
2024-05-30,2368,5818540,1188862620,200.0,207.0,199.0,204.0,3.0,4992,202.80000000000004,203.75,198.85000000000008,30.624999999999886,35.85766856600193,57.38589858694735,50.85288352067957,210.7499999999946,198.85000000000008,186.95000000000556,-1.1333509128520518,-2.6801751703031744,1.5468242574511226
2024-05-31,2368,5759529,1163603834,206.5,206.5,199.0,199.0,-5.0,5437,202.00000000000006,203.0,199.2000000000001,23.33333333333322,28.83547008547011,43.2010309168137,45.728405492483155,210.67780466813312,199.2000000000001,187.72219533186708,-1.2777254260905977,-2.399685221460659,1.1219597953700613
2024-06-03,2368,3975594,807524888,202.0,206.5,201.0,202.0,3.0,3341,201.70000000000005,202.55,199.7750000000001,26.666666666666554,26.875000000000025,51.57921614767047,49.0461790530714,210.5846022128398,199.7750000000001,188.96539778716038,-1.1369621481311754,-2.1471406067947623,1.010178458663587
2024-06-04,2368,5132297,1029884137,203.0,204.5,198.0,198.0,-4.0,4894,200.80000000000004,202.0,200.0750000000001,9.999999999999886,20.000000000000025,41.9529559422873,45.0883090239634,210.32329254070277,200.0750000000001,189.82670745929744,-1.3328090141386895,-1.9842742882635478,0.6514652741248583
2024-06-05,2368,4332042,849292468,199.5,200.5,194.0,195.5,-2.5,4735,199.70000000000005,201.0,200.0250000000001,13.70370370370359,16.79012345679015,36.927661916890365,42.76549442298574,210.35202764593222,200.0250000000001,189.69797235406796,-1.6704917836415518,-1.9215177873391487,0.25102600369759687
2024-06-06,2368,2827001,558570128,197.5,200.5,195.5,196.5,1.0,2875,198.20000000000005,200.5,199.9250000000001,9.87654320987643,11.193415637860108,40.26670602794333,44.00806411739382,210.3474517269129,199.9250000000001,189.50254827308729,-1.8362490328686647,-1.9044640364450518,0.0682150035763871
2024-06-07,2368,4786914,923408648,197.0,197.5,190.5,192.0,-4.5,5448,196.80000000000004,199.4,199.87500000000009,12.817719680464664,12.132655531348368,31.509208501782172,39.81870883844035,210.43849847351012,199.87500000000009,189.31150152649005,-2.304164267643557,-1.9844040826847529,-0.3197601849588043
2024-06-11,2368,4734055,901012247,194.5,195.0,187.5,187.5,-4.5,5408,193.90000000000003,197.8,199.87500000000009,9.114015976760962,10.602759622367492,25.132267694291134,36.11615703390261,210.43849847351012,199.87500000000009,189.31150152649005,-3.0034805995310876,-2.18821938605402,-0.8152612134770676
2024-06-12,2368,7086746,1362901981,189.5,194.5,189.0,194.5,7.0,4776,193.20000000000005,197.0,200.0750000000001,14.90698843640009,12.279574697875377,45.24364243609904,44.726168848007866,210.05635762308063,200.0750000000001,190.09364237691958,-2.958745753009566,-2.3423246594451292,-0.616421093564437
2024-06-13,2368,11304274,2149096814,196.0,196.0,188.0,188.5,-6.0,11644,191.80000000000004,195.75,199.72500000000008,13.720197930724135,12.580400781295202,35.66351606934414,39.77750304909823,210.75892495895516,199.72500000000008,188.691075041045,-3.3686116623957503,-2.5475820600352534,-0.8210296023604968
2024-06-14,2368,7033134,1341247707,189.5,192.5,188.5,192.0,3.5,5188,190.90000000000003,194.55,199.1500000000001,21.6149347728294,16.747373713318016,43.766946802083936,43.691343091867864,210.5302460430285,199.1500000000001,187.76975395697167,-3.3721406607764095,-2.7124937801834847,-0.6596468805929248
2024-06-17,2368,4971404,948813636,193.0,194.0,188.5,189.0,-3.0,6520,190.30000000000004,193.55,198.2750000000001,12.590299277605668,15.975143993719874,38.87099374302535,41.21861908372482,209.94751044119707,198.2750000000001,186.60248955880311,-3.575792831464639,-2.8851535904397156,-0.6906392410249236
2024-06-18,2368,5456472,1041727051,191.0,195.0,188.5,191.0,2.0,5493,191.00000000000006,192.45,197.50000000000009,19.81027228705236,18.005168779162616,43.763846353754936,43.513795478431575,208.94115378796434,197.50000000000009,186.05884621203583,-3.5350554400498595,-3.0151339603617444,-0.5199214796881151
2024-06-19,2368,5089138,966732862,192.5,193.0,188.5,189.5,-1.5,5502,190.00000000000006,191.6,196.8000000000001,17.043740573152224,16.481437379270222,40.89940558051034,42.18345032973564,208.39913789899214,196.8000000000001,185.20086210100806,-3.582511267972194,-3.1286094218838345,-0.4539018460883595
2024-06-20,2368,7385828,1430371673,191.0,195.5,191.0,195.5,6.0,6912,191.40000000000003,191.6,196.3000000000001,40.76923076923066,25.87441454314522,54.72758010839341,48.91171904832393,207.19678851771693,196.3000000000001,185.40321148228327,-3.100232942065503,-3.1229341259201684,0.022701183854665352
2024-06-21,2368,11034188,2186147911,196.5,202.5,192.0,200.0,4.5,9573,193.00000000000006,191.95,196.22500000000008,59.57264957264946,39.12854030501092,62.42110056914149,53.301104440276234,206.9975345207092,196.22500000000008,185.45246547929096,-2.328074903909936,-2.963962281518122,0.6358873776081859
2024-06-24,2368,18068735,3729288176,201.0,210.5,200.0,204.5,4.5,16810,196.10000000000005,193.2,196.3000000000001,78.88888888888879,59.74358974358978,68.63881364332218,57.25606042916471,207.2790709989432,196.3000000000001,185.32092900105698,-1.3376026528887905,-2.6386903557922556,1.301087702903465
2024-06-25,2368,7469755,1494950196,203.5,204.0,197.5,200.0,-4.5,7167,197.90000000000003,194.45,196.12500000000009,69.99999999999989,69.48717948717952,57.532998958814055,52.470478521987104,206.7451459500264,196.12500000000009,185.50485404997377,-0.9053226539076604,-2.2920168154153364,1.386694161507676
2024-06-26,2368,5561556,1118875715,202.0,204.0,199.0,201.0,1.0,4846,200.20000000000005,195.1,196.0500000000001,61.161616161616045,70.01683501683506,59.24270060320856,53.4025466193569,206.5089674442481,196.0500000000001,185.5910325557521,-0.47655259597195254,-1.9289239715266597,1.4523713755547072
2024-06-27,2368,7426925,1446433028,195.5,197.0,193.0,193.0,0.0,7774,199.70000000000005,195.55,195.6500000000001,43.535353535353416,58.23232323232327,43.061935336089306,45.684190608264906,205.93153685009435,195.6500000000001,185.36846314990584,-0.7733674782619744,-1.6978126728737226,0.9244451946117482
2024-06-28,2368,15067147,3068464779,195.5,207.0,195.5,207.0,14.0,12755,201.10000000000005,197.05,195.8000000000001,53.787878787878675,52.82828282828286,63.44579411317374,57.3118626947169,206.63697374730873,195.8000000000001,184.96302625269146,0.11970767069328758,-1.3343086041603205,1.454016274853608
2024-07-01,2368,11293419,2324439170,210.0,210.5,203.0,203.5,-3.5,10436,200.90000000000003,198.5,196.0250000000001,57.57575757575747,51.63299663299667,57.447326467372676,54.18866371833195,207.29653494426876,196.0250000000001,184.75346505573143,0.5388439535420844,-0.9596780926198395,1.498522046161924
2024-07-02,2368,20569900,4385150869,204.5,219.5,203.5,213.5,10.0,17285,203.60000000000005,200.75,196.60000000000008,77.07336523125987,62.81233386496549,67.64422388240452,60.767093614642484,210.00373082391093,196.60000000000008,183.19626917608923,1.6588072070157125,-0.43598103269272903,2.0947882397084414
2024-07-03,2368,13573284,2922966838,214.5,218.0,213.5,215.0,1.5,10756,206.40000000000003,203.3,197.4500000000001,76.92185007974471,70.52365762892083,68.94646180283299,61.656533512083136,213.07337991600582,197.4500000000001,181.82662008399438,2.6370256283182414,0.17862029950946512,2.458405328808776
2024-07-04,2368,7807914,1694364852,219.0,219.0,214.5,217.0,2.0,6822,211.20000000000005,205.45,198.5250000000001,84.38325659775501,79.45949063625334,70.7760880934789,62.86537292555874,216.2773942047229,198.5250000000001,180.7726057952773,3.5329286577909613,0.8494819711657644,2.6834466866251967
2024-07-05,2368,21601684,4915299900,218.0,233.0,217.5,229.0,12.0,17825,215.60000000000005,208.35,200.1500000000001,88.06746712407079,83.12419126719031,79.30946686743069,69.14986569677565,222.27487288098777,200.1500000000001,178.0251271190124,5.151850647744908,1.7099557064815931,3.441894941263315
2024-07-08,2368,10952850,2494857679,230.0,231.0,223.0,227.5,-1.5,10864,220.40000000000003,210.65,201.9250000000001,88.93867924528291,87.12980098903637,76.0701477392011,67.60960491116023,226.68843069931626,201.9250000000001,177.16156930068394,6.241868153859883,2.616338195957251,3.625529957902632
2024-07-09,2368,12890434,2858641897,227.0,229.5,215.0,224.0,-3.5,11799,222.50000000000006,213.05,203.75000000000009,84.58333333333323,87.1964932342291,68.45848457840007,64.02599504967166,229.357616054601,203.75000000000009,178.14238394539916,6.745535793649566,3.4421777154957143,3.3033580781538516
2024-07-10,2368,5297179,1174864860,225.0,225.5,219.5,220.0,-4.0,5417,223.50000000000006,214.95,205.0250000000001,76.36111111111101,83.29437456324251,60.40020303966222,60.10497234597874,231.19650167643937,205.0250000000001,178.8534983235608,6.7441866704802464,4.102579506492621,2.6416071639876257
2024-07-11,2368,7741523,1719376942,222.5,226.0,218.5,220.0,0.0,6582,224.10000000000005,217.65,206.60000000000008,66.4999999999999,75.81481481481484,60.40020303966222,60.104972345978744,232.39263460757485,206.60000000000008,180.8073653924253,6.666272836994523,4.6153181725930015,2.0509546644015213
2024-07-12,2368,7346060,1600443447,218.0,222.0,215.0,215.0,-5.0,6066,221.30000000000004,218.45,207.75000000000009,53.66101694915245,65.5073760200879,50.322124944505184,55.20388914559617,232.8786688863511,207.75000000000009,182.62133111364906,6.130399915180959,4.918334521110593,1.2120653940703665
2024-07-15,2368,9888738,2201182515,215.0,225.5,214.0,223.5,8.5,8349,220.50000000000006,220.45,209.47500000000008,48.977256265391766,56.37942440484816,62.67429049348885,61.02261594307984,233.94636081217985,209.47500000000008,185.0036391878203,6.318757028686804,5.198419022625835,1.120338006060969
2024-07-16,2368,11342690,2564752135,226.5,231.0,222.0,223.5,0.0,9703,220.40000000000003,221.45,211.10000000000008,46.75503404316955,49.79776908590471,62.67429049348884,61.02261594307983,234.7507927985485,211.10000000000008,187.44920720145166,6.394321638656493,5.437599545831967,0.9567220928245259
2024-07-17,2368,5132031,1153255166,224.5,227.5,220.0,224.0,0.5,4554,221.20000000000005,222.35,212.8250000000001,51.30454340980648,49.012277906122726,63.40286149302461,61.36498084282769,234.9027603030708,212.8250000000001,190.7472396969294,6.420540958277684,5.63418782832111,0.7863531299565736
2024-07-18,2368,7210501,1551228166,219.0,220.0,212.0,215.0,-9.0,7071,220.20000000000005,222.15,213.8000000000001,39.47368421052622,45.84442055450088,44.96960168949757,52.436678164928594,234.40436846884265,213.8000000000001,193.19563153115755,5.649965884382283,5.637343439533344,0.012622444848938486
2024-07-19,2368,6722707,1403913874,213.0,214.0,205.0,205.5,-9.5,6733,218.30000000000004,219.8,214.0750000000001,23.448043184885197,38.07542360173942,33.11381475642488,44.99489041015773,234.07318741785915,214.0750000000001,194.07681258214106,4.224017141194935,5.354678179865663,-1.1306610386707279
2024-07-22,2368,5188587,1039079679,206.0,206.0,196.0,200.0,-5.5,4764,213.60000000000005,217.05,213.85000000000008,9.713707345286203,24.211811580232663,28.10846579909798,41.33720009362535,234.36852821232233,213.85000000000008,193.33147178767783,2.619937446205455,4.8077300331336215,-2.1877925869281665
2024-07-23,2368,6341500,1335123839,205.0,214.0,204.5,212.0,12.0,5685,211.30000000000004,215.85,214.4500000000001,19.688644688644597,17.61679840627212,48.08377789536673,50.74516779949412,233.9920060382716,214.4500000000001,194.9079939617286,2.2905879706871417,4.304301620644326,-2.013713649957184
2024-07-26,2368,5315940,1105182104,204.0,212.0,202.5,210.0,-2.0,6416,208.50000000000006,214.85,214.9000000000001,32.380952380952294,20.594434804961153,45.61911128593918,49.325337216906526,233.57779430232176,214.9000000000001,196.22220569767842,1.84690290615643,3.812821877746747,-1.965918971590317
2024-07-29,2368,4846450,1014751874,213.0,216.5,204.0,204.0,-6.0,4534,206.30000000000004,213.25,215.4500000000001,36.190476190476105,29.420024420024458,38.679861052644284,45.236180977244075,232.04789143234223,215.4500000000001,198.85210856765798,0.9996065974083592,3.2501788216790692,-2.25057222427071
2024-07-30,2368,5930609,1247396160,204.5,215.0,201.5,215.0,11.0,5593,208.20000000000005,213.25,215.85000000000008,39.04761904761896,35.87301587301591,53.732953515592165,52.93901854380103,231.99341971206448,215.85000000000008,199.70658028793568,1.201871807393104,2.840517418821876,-1.638645611428772
2024-07-31,2368,9328148,2052352570,212.0,223.0,212.0,219.5,4.5,8385,212.10000000000005,212.85,216.6500000000001,50.5820105820105,41.94003527336864,58.5852193181119,55.68508739734964,231.82267280342685,216.6500000000001,201.47732719657333,1.705619515416572,2.6135378381408154,-0.9079183227242433
2024-08-01,2368,14706810,3360816724,226.0,232.5,223.0,228.0,8.5,11653,215.30000000000004,213.3,217.37500000000009,72.18670725520032,53.93877896161005,66.35991054554785,60.38704567059434,233.24596405389002,217.37500000000009,201.50403594611015,2.758919064262102,2.6426140833650726,0.11630498089702934
2024-08-02,2368,13469468,2868404951,215.5,220.5,205.5,207.5,-20.5,11474,214.80000000000004,211.65,217.00000000000009,64.59375226498507,62.454156700732085,43.42319308506351,47.340834556356434,233.42254547869692,217.00000000000009,200.57745452130325,1.9173854451039176,2.4975683557128416,-0.580182910608924
2024-08-05,2368,6652907,1260755010,197.5,197.5,187.0,187.0,-20.5,7022,211.40000000000003,208.85,215.50000000000009,39.7260273972602,58.835495639148654,30.944773782702377,38.405368007725684,236.49285592766904,215.50000000000009,194.50714407233113,-0.3991139481978223,1.9182318949307087,-2.317345843128531
2024-08-06,2368,10591125,1966394810,193.5,194.0,171.5,188.5,1.5,8557,206.10000000000005,207.15,213.47500000000008,19.791900591361554,41.37056008453573,32.598232261699124,39.30804942162703,236.57581167404902,213.47500000000008,190.37418832595114,-2.08982869852602,1.116619776239363,-3.206448474765383
2024-08-07,2368,9884282,2012428698,194.0,207.0,191.5,207.0,18.5,5777,203.60000000000005,207.85,212.4500000000001,28.688524590163862,29.402150859595327,49.86955382816155,49.196922631675974,234.7768896176745,212.4500000000001,190.1231103823257,-1.9148635747258709,0.5103231060463163,-2.425186680772187
2024-08-08,2368,15381991,3258550937,206.5,217.5,205.5,209.0,2.0,11872,199.80000000000004,207.55,211.7000000000001,49.18032786885238,32.55358435012605,51.43900187834131,50.14269679859068,233.4241800765836,211.7000000000001,189.9758199234166,-1.5964166706120864,0.08897515071463569,-1.685391821326722
2024-08-09,2368,12810833,2738655856,222.0,223.0,207.5,208.0,-1.0,10030,199.90000000000003,207.35,211.10000000000008,59.83606557377041,45.90163934426234,50.516441249149494,49.645042225450034,232.53501807789883,211.10000000000008,189.66498192210133,-1.4085005301170952,-0.21051998545171052,-1.1979805446653846
2024-08-12,2368,6672748,1394537497,209.5,213.0,207.0,207.0,-1.0,5258,203.90000000000003,207.65,210.4500000000001,59.83606557377041,56.284153005464525,49.48108831932858,49.12003693510235,231.5518956494396,210.4500000000001,189.34810435056062,-1.3249935763946041,-0.4334147036402892,-0.8915788727543149
2024-08-13,2368,6047373,1262130698,210.0,213.0,206.5,207.5,0.5,4389,207.70000000000005,206.9,210.0750000000001,59.01639344262287,59.56284153005469,50.07793801653331,49.408123675410046,231.10658339259894,210.0750000000001,189.04341660740127,-1.2045822186189241,-0.5876482066360162,-0.6169340119829079
2024-08-14,2368,5748048,1188748227,210.5,211.0,203.5,206.5,-1.0,5019,207.60000000000005,205.6,209.22500000000008,61.72475993421394,60.1924063168692,48.73447995654017,48.812838287592044,229.37313887186275,209.22500000000008,189.0768611281374,-1.1762874828274903,-0.705376061874311,-0.4709114209531793
2024-08-15,2368,3170853,656652918,207.0,209.5,205.0,206.5,0.0,2834,207.10000000000005,203.45,208.37500000000009,64.9795745132367,61.90690929669129,48.73447995654018,48.81283828759205,227.44821420211767,208.37500000000009,189.3017857978825,-1.140714256975798,-0.7924437008946084,-0.3482705560811896
2024-08-16,2368,10438054,2235975869,211.0,220.0,209.0,217.0,10.5,8515,208.90000000000003,204.4,208.0250000000001,74.75728155339799,67.153872000283,62.94257353274959,55.36205970809714,226.17293376668158,208.0250000000001,189.8770662333186,-0.2622370657019246,-0.6864023738560716,0.424165308154147
2024-08-19,2368,10555322,2318799627,217.5,221.5,216.0,221.0,4.0,7653,211.70000000000005,207.8,208.3250000000001,83.3204910874813,74.35244905137212,67.00658723628895,57.58828851759055,227.11136473615426,208.3250000000001,189.53863526384595,0.7481053156744792,-0.39950083594996144,1.1476061516244407
2024-08-20,2368,7610559,1653102424,222.5,223.5,213.5,213.5,-7.5,6820,212.90000000000003,210.3,208.72500000000008,77.33343607130007,78.47040290405992,54.041983420136205,52.319451226253,227.59422096960742,208.72500000000008,189.85577903039274,0.9328680895087018,-0.1330270508582288,1.0658951403669306
2024-08-21,2368,3435138,731198186,213.0,214.5,211.5,213.5,0.0,3281,214.30000000000004,210.95,209.4000000000001,64.55026455026447,75.06806390301541,54.041983420136205,52.319451226253,227.93537159055236,209.4000000000001,190.86462840944782,1.0669942731166202,0.106977213936741,0.9600170591798792
2024-08-22,2368,3085915,654735512,214.5,215.5,210.0,211.5,-2.0,2796,215.30000000000004,211.2,209.37500000000009,46.66666666666659,62.850122429410504,50.49581431094994,50.879778019296594,227.89762130476817,209.37500000000009,190.852378695232,1.0003752514633675,0.2856568214420663,0.7147184300213012
2024-08-23,2368,2959293,630085982,209.5,217.0,209.0,216.0,4.5,2852,215.10000000000005,212.0,209.6750000000001,50.83333333333326,54.01675485008823,57.76991667784149,53.95018426251619,228.4213996543296,209.6750000000001,190.9286003456706,1.295754932487597,0.48767644365117246,0.8080784888364245
2024-08-26,2368,4478152,957889003,217.0,218.0,210.0,210.0,-6.0,4393,212.90000000000003,212.3,209.97500000000008,44.99999999999992,47.50000000000005,47.02200362816845,49.50670683920184,228.53968421492402,209.97500000000008,191.41031578507614,1.0337788428913086,0.5968969234991996,0.43688191939210896
2024-08-27,2368,2562813,537856386,208.5,212.0,208.5,211.0,1.0,2645,212.40000000000003,212.65,209.7750000000001,42.4774774774774,46.10360360360365,48.87161306970956,50.24227678863073,228.20452793752054,209.7750000000001,191.34547206247964,0.896518045140482,0.6568211478274562,0.2396968973130258
2024-08-28,2368,3787018,790193750,212.0,212.0,207.0,209.0,-2.0,3857,211.50000000000006,212.9,209.25000000000009,25.68454818454811,37.72067522067527,45.190270517607814,48.713806407955076,227.13155474224368,209.25000000000009,191.3684452577565,0.6192166446788576,0.6493002471977365,-0.03008360251887887
2024-08-29,2368,3266494,689594172,206.0,214.0,205.0,213.5,4.5,3040,211.90000000000003,213.6,208.5250000000001,30.166530166530094,32.77618527618532,54.238769793769826,52.23480968614581,224.36632254579263,208.5250000000001,192.68367745420755,0.7538754717282359,0.6702152921038363,0.08366017962439953
2024-08-30,2368,2093569,444325850,214.5,215.0,210.5,211.0,-2.5,2098,210.90000000000003,213.0,208.7000000000001,30.166530166530094,28.672536172536223,48.996076124047455,50.17391349309188,224.56946753989638,208.7000000000001,192.83053246010383,0.6513560288555027,0.6664434394541696,-0.015087410598666917
2024-09-02,2368,4220213,897184992,213.5,216.0,209.0,209.0,-2.0,3728,210.70000000000005,211.8,209.8000000000001,36.38253638253631,32.23853223853229,44.94164100582638,48.52449156399331,222.16284756841455,209.8000000000001,197.43715243158564,0.40406750775741784,0.6139682531148193,-0.20990074535740144
2024-09-03,2368,15209543,3329456998,209.5,222.0,209.5,220.0,11.0,12105,212.50000000000006,212.45,211.37500000000009,50.478985773103346,39.009350774056706,64.03719008874481,56.91401329780086,219.91827220682126,211.37500000000009,202.8317277931789,1.0832110595152358,0.7078168143949026,0.37539424512033315
2024-09-04,2368,11210098,2379617219,210.0,218.0,203.5,210.5,-9.5,9430,212.80000000000004,212.15,211.5500000000001,52.28078757490514,46.38076991018172,47.45424491855346,49.42239039064189,219.86805265671174,211.5500000000001,203.23194734328845,0.8451245424079445,0.735278359997511,0.10984618241043353
2024-09-05,2368,8234798,1723164838,214.0,215.5,203.5,206.0,-4.5,7222,211.30000000000004,211.6,211.4000000000001,46.52888182299939,49.76288505700274,41.513337960036,46.31261116808605,219.99999999999116,211.4000000000001,202.80000000000902,0.28998411399160773,0.6462195107963303,-0.3562353968047226
2024-09-06,2368,5345045,1096143760,206.5,209.0,202.5,204.5,-1.5,5034,210.00000000000006,210.45,211.22500000000008,20.535920535920457,39.78186331127511,39.58605516719155,45.28962914064781,220.22763850211936,211.22500000000008,202.2223614978808,-0.26791775002681106,0.4633920586317021,-0.7313098086585131
2024-09-09,2368,4649233,940897874,200.0,205.5,199.0,203.5,-1.0,4226,208.90000000000003,209.8,211.0500000000001,14.445047053742627,27.169949804220938,38.20646473579491,44.58261564299325,220.49933860118603,211.0500000000001,201.60066139881417,-0.7817392360808242,0.21436579968919683,-0.996105035770021
2024-09-10,2368,7864132,1562476882,206.0,207.0,192.0,196.5,-7.0,7684,204.20000000000005,208.35,210.50000000000009,14.940542549238122,16.640503379633852,29.741644253744305,39.88844599469077,221.80928821809096,210.50000000000009,199.19071178190922,-1.7338017765951292,-0.1752677155676684,-1.5585340610274607
2024-09-11,2368,2411564,477617414,197.5,199.5,196.0,198.5,2.0,2115,201.80000000000004,207.3,210.10000000000008,18.743961352656925,16.043183651879342,34.5734934901123,41.77479017936471,222.46365641709085,210.10000000000008,197.7363435829093,-2.3004171370938593,-0.6002975998729065,-1.7001195372209528
2024-09-12,2368,4008583,822489185,203.5,207.5,203.0,205.0,6.5,3530,201.60000000000005,206.45,210.0250000000001,26.66666666666659,20.11705685618733,48.10561560377257,47.53694117463624,222.49285867740994,210.0250000000001,197.55714132259024,-2.1996124521616025,-0.9201605703306457,-1.2794518818309568
2024-09-13,2368,3528098,713747438,207.0,207.5,200.0,202.5,-2.5,3336,201.20000000000005,205.6,209.3000000000001,33.33333333333326,26.247987117552373,44.02018806523426,45.66509865575643,221.74748970675734,209.3000000000001,196.85251029324286,-2.29499781351484,-1.1951280189674844,-1.0998697945473555
2024-09-16,2368,2566900,525899314,203.5,206.5,203.0,205.5,3.0,2330,201.60000000000005,205.25,208.5250000000001,43.41880341880334,34.47293447293452,49.968739434754866,48.29613595723803,219.84080752751842,208.5250000000001,197.20919247248176,-2.10425987368032,-1.3769543899100516,-0.7273054837702684
2024-09-18,2368,3017467,605407475,204.0,205.5,198.5,199.0,-6.5,3508,202.10000000000005,203.15,207.8000000000001,38.90343698854329,38.551857913560085,39.388641741419335,43.393297726790934,219.59576195079578,207.8000000000001,196.00423804920442,-2.449359665847794,-1.5914354450976,-0.857924220750194
2024-09-19,2368,2504078,508909507,199.0,205.5,199.0,205.0,6.0,2541,203.40000000000003,202.6,207.37500000000009,52.726966400307994,45.01640226921833,50.64308412356786,48.58215392949683,218.92867906771886,207.37500000000009,195.8213209322813,-2.2131915865961105,-1.7157866733973022,-0.4974049131988083
2024-09-20,2368,4451403,912468133,207.5,209.0,203.0,203.5,-1.5,3464,203.10000000000005,202.35,206.97500000000008,57.96829370045882,49.866232363103485,48.041298546618535,47.4120690145892,218.48358375300216,206.97500000000008,195.466416246998,-2.122596178788143,-1.7971485744754703,-0.32544760431267283
2024-09-23,2368,2816092,571504212,204.5,205.5,201.5,202.0,-1.5,2638,203.00000000000006,202.1,206.2750000000001,67.64705882352932,59.44743964143216,45.32465503221798,46.213416301606124,217.19047067239194,206.2750000000001,195.35952932760824,-2.1470858600920053,-1.8671360315987773,-0.279949828493228
2024-09-24,2368,2501052,499793096,203.0,203.0,198.0,201.0,-1.0,2865,202.10000000000005,201.85,205.8250000000001,54.97737556561077,60.19757602986642,43.41517550408298,45.389555539641094,216.83079392864641,205.8250000000001,194.8192060713538,-2.2215767971808873,-1.9380241847151993,-0.28355261246568797
2024-09-25,2368,4137165,854165833,203.5,209.0,203.0,207.0,6.0,3779,203.70000000000005,202.9,205.62500000000009,59.70108323049491,60.77517253987845,56.30186676332808,51.03044787017302,216.3901056659871,205.62500000000009,194.85989433401306,-1.7759890493481976,-1.905617157641799,0.1296281082936015
2024-09-26,2368,2637000,538755476,206.0,208.0,202.0,203.0,-4.0,2779,203.30000000000004,203.35,205.3250000000001,55.24475524475516,56.64107134695373,47.82969764153662,47.50733775517933,216.03142330565302,205.3250000000001,194.61857669434718,-1.725730967150497,-1.8696399195435387,0.1439089523930417
2024-09-27,2368,4050185,831955025,206.0,208.0,203.0,204.0,1.0,2977,203.40000000000003,203.25,204.85000000000008,60.60606060606053,58.51729969377032,50.02314658226285,48.46524129106432,214.88543721019906,204.85000000000008,194.8145627898011,-1.5869164472844943,-1.8130952250917298,0.2261787778072355
2024-09-30,2368,3126435,623503936,202.5,203.0,197.0,198.0,-6.0,3379,202.60000000000005,202.8,204.2000000000001,36.111111111111036,50.65397565397569,38.648561780851566,43.35334828153401,214.24191216849778,204.2000000000001,194.15808783150243,-1.938706593289396,-1.8382174987312632,-0.10048909455813293
2024-10-01,2368,3374185,666809563,200.5,201.5,196.5,197.0,-1.0,3124,201.80000000000004,201.95,203.60000000000008,22.292929292929216,39.67003367003371,37.01210741338248,42.547853985347224,213.85475499462856,203.60000000000008,193.3452450053716,-2.2720042108910548,-1.9249748411632215,-0.34702936972783327
2024-10-04,2368,8108725,1541351735,196.0,196.5,187.5,187.5,-9.5,8247,197.90000000000003,200.8,201.97500000000008,4.1111111111110334,20.838383838383876,25.190477540893845,35.751941935583645,211.60035713622497,201.97500000000008,192.3496428637752,-3.265077794927805,-2.192995431916138,-1.072082363011667
2024-10-07,2368,2875799,554561826,190.5,195.0,190.0,193.5,6.0,2853,196.00000000000006,199.65,201.12500000000009,10.635658914728603,12.346566439589731,39.44248454976374,42.04776622276965,210.59006735315972,201.12500000000009,191.65993264684045,-3.5272855568377395,-2.4598534569004586,-1.0674320999372808
2024-10-08,2368,4513117,852455744,189.5,192.0,187.5,190.0,-3.5,4257,193.20000000000005,198.3,200.3250000000001,13.178294573643333,9.308354866494438,34.91557398700346,39.60943490331296,210.67040961005668,200.3250000000001,189.97959038994352,-3.971724281333138,-2.7622276217869945,-1.2094966595461436
2024-10-09,2368,6081485,1143131988,190.5,191.5,185.0,185.0,-5.0,6349,190.60000000000005,196.6,199.35000000000008,13.178294573643333,12.330749354005205,29.30911006624522,36.36513059689904,211.4623903503758,199.35000000000008,187.23760964962435,-4.673529842902667,-3.144488066010129,-1.5290417768925382
2024-10-11,2368,4367659,817371864,185.0,191.0,185.0,187.0,2.0,4187,188.60000000000005,195.2,198.5250000000001,6.774519716885664,11.043702954724225,34.23697091190657,38.5338512428199,211.60351291240224,198.5250000000001,185.44648708759794,-5.010573746207513,-3.517705202049606,-1.4928685441579068
2024-10-14,2368,3918704,736524032,186.5,190.5,185.0,190.5,3.5,3145,189.20000000000005,193.55,198.22500000000008,10.869565217391226,10.274126502640188,42.43052118231404,42.2434941027423,211.74341336843506,198.22500000000008,184.7065866315651,-4.938336647700396,-3.801831491179764,-1.136505156520632
2024-10-15,2368,4314350,814839959,192.0,192.5,187.0,188.5,-2.0,4422,188.20000000000005,192.1,197.72500000000008,17.351046698872707,11.665043877716647,39.17647016354546,40.73075110448164,211.8900097070167,197.72500000000008,183.55999029298346,-4.985007449181154,-4.038466682780042,-0.9465407664011121
2024-10-16,2368,2556328,479836005,186.5,189.5,185.5,189.5,1.0,2380,188.10000000000005,190.65,196.9500000000001,23.543405065144114,17.25467232713613,41.780989609978356,41.85198166101449,211.13414607933206,196.9500000000001,182.76585392066815,-4.884991610464567,-4.207771668316947,-0.6772199421476204
2024-10-17,2368,3563572,681447536,190.0,193.0,189.0,193.0,3.5,3315,189.70000000000005,190.15,196.47500000000008,38.76079636949194,26.55174937783637,50.445667943038686,45.72224158384869,210.51948290254518,196.47500000000008,182.43051709745498,-4.4717599236015815,-4.260569319373873,-0.21119060422770808
2024-10-18,2368,3906445,752522993,196.0,196.5,189.0,191.5,-1.5,3256,190.60000000000005,189.6,195.7750000000001,51.11989459815538,37.808032010930596,46.95177461282658,44.35954187102647,209.33772465251235,195.7750000000001,182.21227534748783,-4.2167007965881,-4.251795614816719,0.03509481822861904
2024-10-21,2368,7094464,1396063593,192.5,199.5,192.5,198.0,6.5,5684,192.10000000000005,190.65,195.72500000000008,71.91404297851066,53.93157798205277,60.7093960888759,51.15336288583335,209.24711152150022,195.72500000000008,182.20288847849994,-3.450296058368565,-4.091495703527088,0.6411996451585233
2024-10-22,2368,6021626,1212431382,201.0,203.0,198.0,203.0,5.0,4819,195.00000000000006,191.6,195.62500000000009,82.05897051474254,68.3643026971363,68.12748823189338,55.64033145528374,208.8985639524529,195.62500000000009,182.35143604754728,-2.411656493571286,-3.7555278615359278,1.343871367964642
2024-10-23,2368,2911228,585443550,204.0,204.0,199.5,200.5,-2.5,2827,197.20000000000005,192.65,195.47500000000008,90.41137326073796,81.46146225133049,61.36872246211207,53.01794935822024,208.4537326037597,195.47500000000008,182.49626739624046,-1.7698544813389958,-3.358393185496541,1.5885387041575454
2024-10-24,2368,2229890,442331658,201.0,201.0,196.5,198.0,-2.5,2273,198.20000000000005,193.95,195.2750000000001,83.33333333333324,85.26789236960468,55.0025994909167,50.456936129623955,207.96544916462267,195.2750000000001,182.5845508353775,-1.4462790645605423,-2.9759703613093413,1.529691296748799
2024-10-25,2368,2519250,497654824,199.0,200.0,195.5,198.0,0.0,2250,199.50000000000006,195.05,195.12500000000009,72.52252252252242,82.08907637219797,55.0025994909167,50.456936129623955,207.61049158022496,195.12500000000009,182.6395084197752,-1.1762837486849946,-2.616033038784472,1.4397492900994773
2024-10-28,2368,3291930,646672353,197.5,201.5,194.5,195.0,-3.0,2882,198.90000000000003,195.5,194.5250000000001,62.44665718349919,72.76750434645172,47.03348720596022,47.278570569989064,205.76099127802502,194.5250000000001,183.28900872197516,-1.1906602533558726,-2.330958481698752,1.1402982283428793
2024-10-29,2368,2456902,474517421,195.0,195.5,190.5,194.0,-1.0,2322,197.10000000000005,196.05,194.0750000000001,50.750750750750655,61.906643485590855,44.524757739633856,46.233129185584474,204.61670289848038,194.0750000000001,183.53329710151982,-1.2681271985726141,-2.1183922250735243,0.8502650265009102
2024-10-30,2368,3446479,654691357,194.0,195.0,188.0,188.5,-5.5,3721,194.70000000000005,195.95,193.3000000000001,29.2698948948948,47.48910094304832,33.171485520640616,40.87906386785993,203.05909831899686,193.3000000000001,183.54090168100333,-1.7531155209096596,-2.0453368842407516,0.29222136333109194
2024-11-01,2368,4379884,815699694,185.0,188.5,183.0,188.0,-0.5,5192,192.70000000000005,195.45,192.8000000000001,20.08928571428562,33.36997711997713,32.29801270863076,40.42078783105114,202.56933979344714,192.8000000000001,183.03066020655305,-2.1529996421605233,-2.0668694358247057,-0.08613020633581758
2024-11-04,2368,2281975,430929427,188.0,190.5,186.0,189.0,1.0,1904,190.90000000000003,195.2,192.4000000000001,18.50198412698403,22.620388245388256,36.2169349041463,41.82545641854746,202.10360757655934,192.4000000000001,182.69639242344084,-2.3619914791273118,-2.125893844485227,-0.23609763464208466
2024-11-05,2368,1685940,319437759,189.0,191.5,187.0,190.0,1.0,1481,189.90000000000003,194.4,192.5250000000001,28.57142857142848,22.38756613756615,40.25186806776444,43.26593789333334,202.03538905617776,192.5250000000001,183.01461094382242,-2.4190421607494272,-2.184523507738067,-0.2345186530113601
2024-11-06,2368,4354427,824431466,190.0,193.0,187.5,188.5,-1.5,3852,188.80000000000004,192.95,192.2750000000001,30.54483054483045,25.872747747747756,36.239912214202,41.60189782932952,201.93147451194704,192.2750000000001,182.61852548805314,-2.5558306758579192,-2.2587849413620376,-0.2970457344958817
2024-11-07,2368,4165721,784478912,188.5,189.5,187.0,188.5,0.0,3598,188.80000000000004,191.75,192.2000000000001,30.93093093093084,30.01573001573003,36.23991221420201,41.601897829329516,201.94884608555472,192.2000000000001,182.45115391444548,-2.6338748893946615,-2.333802930968562,-0.30007195842609935
2024-11-08,2368,11968389,2192378582,189.5,190.0,181.0,181.5,-7.0,11739,187.50000000000006,190.1,192.0250000000001,20.632827949901024,27.36952980855421,22.190908092569096,34.4341438174414,202.39068859265345,192.0250000000001,181.65931140734673,-3.2234095308904784,-2.5117242509529456,-0.7116852799375328
2024-11-11,2368,5455689,980453808,182.0,183.5,177.5,180.0,-1.5,5144,185.70000000000005,188.3,191.6750000000001,15.352547669620742,22.305435516817642,20.23025907494896,33.11739184238973,203.1129849623892,191.6750000000001,180.237015037611,-3.7682197539326125,-2.763023351548879,-1.0051964023837336
2024-11-12,2368,8333257,1450819514,176.5,178.0,172.5,172.5,-7.5,7824,182.20000000000005,186.05,190.7750000000001,5.442637759710833,13.80933779307764,13.349811304366971,27.462660403779417,204.94706759791458,190.7750000000001,176.6029324020856,-4.75041329330827,-3.1605013399007573,-1.5899119534075128
2024-11-13,2368,6391900,1116339591,172.0,179.0,171.0,177.5,5.0,5720,180.00000000000006,184.4,190.22500000000008,14.47811447811438,11.757766635815427,31.476230985407355,35.383849204637166,205.51707310994362,190.22500000000008,174.93292689005654,-5.06694198320875,-3.5417894685623557,-1.5251525146463942
2024-11-14,2368,6944584,1232689913,176.0,180.5,173.0,180.0,2.5,5823,178.30000000000004,183.55,189.75000000000009,23.484848484848385,14.468533574224642,38.92864338115087,38.97232681689878,205.67953232207043,189.75000000000009,173.82046767792974,-5.05776141850734,-3.8449838585513527,-1.2127775599559873
2024-11-15,2368,8744397,1604678797,181.5,186.5,180.5,182.0,2.0,6133,178.40000000000003,182.95,189.2000000000001,40.15151515151505,26.038159371492714,44.55650032532403,41.75891802516941,205.39999999999569,189.2000000000001,173.00000000000452,-4.833386202077378,-4.042664327256558,-0.7907218748208198
2024-11-18,2368,3510056,625337011,181.5,183.5,176.0,176.5,-5.5,3448,177.70000000000005,181.7,188.4500000000001,38.636363636363534,34.0909090909091,34.38917494997456,36.7846371487543,205.52014938422752,188.4500000000001,171.37985061577268,-5.041258768098601,-4.242383215424967,-0.7988755526736337
2024-11-19,2368,1981392,350577660,176.5,178.0,175.5,177.5,1.0,1771,178.70000000000005,180.45,187.4250000000001,36.40350877192972,38.39712918660288,37.41836589075675,38.22546646174118,204.54012488998774,187.4250000000001,170.30987511001246,-5.066899567481613,-4.407286485836297,-0.6596130816453165
2024-11-20,2368,2573958,454019258,179.0,179.0,174.5,175.5,-2.0,2274,178.30000000000004,179.15,186.0500000000001,27.631578947368315,34.223817118553974,33.77938576391285,36.43673936720543,202.33772543972503,186.0500000000001,169.76227456027516,-5.188790227197842,-4.5635872341086055,-0.6252029930892364
2024-11-21,2368,10251858,1908607125,175.0,192.0,175.0,188.5,13.0,8630,180.00000000000006,179.15,185.4500000000001,47.07602339181276,37.037037037037045,61.88715507648291,52.12019350426347,200.39289128649023,185.4500000000001,170.50710871350998,-4.188120057719715,-4.488493798830827,0.3003737411111125
2024-11-22,2368,13446388,2613426510,192.5,199.0,191.0,191.0,2.5,10798,181.80000000000004,180.1,185.10000000000008,59.48203842940674,44.729880256196054,65.2010780635011,54.447885086807446,199.1520461143521,185.10000000000008,171.04795388564807,-3.1569611493511616,-4.222187268934894,1.0652261195837323
2024-11-25,2368,5795085,1123108345,192.5,196.5,191.5,193.0,2.0,7559,185.10000000000005,181.4,184.85000000000008,77.77777777777767,61.445279866332505,67.81315647101336,56.27908986929576,198.13194262899404,184.85000000000008,171.56805737100612,-2.153552190950137,-3.8084602533379424,1.6549080623878054
2024-11-26,2368,5632876,1085173461,192.5,196.5,190.0,191.0,-2.0,6271,187.80000000000004,183.25,184.6500000000001,73.07692307692297,70.11224642803592,62.35277487113685,53.94372890845857,197.42536692231883,184.6500000000001,171.87463307768135,-1.502407825354453,-3.3472497677412445,1.8448419423867914
2024-11-27,2368,2820261,531111650,190.5,192.5,186.5,186.5,-4.5,2740,190.00000000000006,184.15,184.2750000000001,65.59392987964407,72.14954357811503,51.47304312674997,49.01532762648924,196.35173382996783,184.2750000000001,172.19826617003235,-1.334104885638709,-2.9446207913207374,1.6105159056820284
2024-11-28,2368,3582657,657575029,186.0,187.0,180.5,183.5,-3.0,3172,189.00000000000006,184.5,184.0250000000001,51.64835164835156,63.43973486830632,45.32227152349597,45.99816298337469,195.9475626439905,184.0250000000001,172.1024373560097,-1.4263563729196846,-2.640967907640527,1.2146115347208424
2024-11-29,2368,2463540,455176983,182.0,187.0,180.5,185.5,2.0,2120,187.90000000000003,184.85,183.9000000000001,43.5374149659863,53.593232164660755,49.971910219104196,48.2836985421884,195.70508365069352,183.9000000000001,172.09491634930666,-1.322834246169208,-2.377341175346263,1.0545069291770552
2024-12-02,2368,4255597,810840519,187.0,193.0,185.0,191.5,6.0,3485,187.60000000000005,186.35,184.0250000000001,50.34013605442167,48.50863422291996,61.44656983167928,54.50459436270597,196.09345060477432,184.0250000000001,171.95654939522586,-0.7480196540294344,-2.0514768710828974,1.303457217053463
2024-12-03,2368,4673292,899836016,195.0,196.5,190.0,192.0,0.5,3883,187.80000000000004,187.8,184.12500000000009,61.70634920634911,51.8613000755858,62.28753186755633,54.99047914474294,196.4208326273533,184.12500000000009,171.82916737264688,-0.24925586071162797,-1.6910326690086435,1.4417768082970155
2024-12-04,2368,5881431,1153805661,192.0,198.5,190.5,197.0,5.0,4875,189.90000000000003,189.95,184.5500000000001,76.47009254152103,62.83885926743071,69.93785980527116,59.633220991764205,197.95857934308722,184.5500000000001,171.14142065691297,0.5432144145169957,-1.2441832523035157,1.7873976668205114
2024-12-05,2368,8518378,1705603550,201.0,206.0,196.0,197.0,0.0,6591,192.60000000000005,190.8,184.97500000000008,74.90946829182114,71.0286366798972,69.93785980527116,59.63322099176421,199.3606699531129,184.97500000000008,170.58933004688726,1.1579052066246902,-0.7637655605178746,1.9216707671425648
2024-12-06,2368,3506140,688654750,197.0,200.0,193.5,194.5,-2.5,3430,194.40000000000003,191.15,185.62500000000009,69.59901077548126,73.65952386960792,61.453736474229196,56.26758024911213,200.49064832087302,185.62500000000009,170.75935167912715,1.4268748562062115,-0.32563747717305735,1.752512333379269
2024-12-09,2368,9735015,1963761310,197.0,204.5,197.0,204.0,9.5,8163,196.90000000000003,192.25,186.8250000000001,70.58823529411755,71.69890478714011,74.93423563815547,64.47308445241181,203.4511089855639,186.8250000000001,170.1988910144363,2.3791801388560714,0.2153260460327684,2.163854092823303
2024-12-10,2368,3911700,789946622,203.0,203.5,199.0,203.0,-1.0,3302,199.10000000000005,193.45,188.35000000000008,78.43137254901951,72.87287287287289,71.8484600690725,63.1303169793893,205.0356225535597,188.35000000000008,171.66437744644045,3.018403022540639,0.7759414413343425,2.2424615812062965
2024-12-11,2368,23085916,4929160635,200.5,219.5,200.5,218.0,15.0,18326,203.30000000000004,196.6,190.37500000000009,92.18200100553032,80.40053628288923,83.6389724591786,72.41186873625755,210.7290536503148,190.37500000000009,170.02094634968537,4.681402113489639,1.557033575765402,3.124368537724237
2024-12-12,2368,34558276,7795612544,224.5,231.0,218.5,220.5,2.5,25811,208.00000000000006,200.3,192.4000000000001,87.18768443832373,85.93368599762464,84.87104162745858,73.60452186872637,216.0190600998398,192.4000000000001,168.78093990016038,6.130402516785949,2.4717073639695113,3.658695152816438
2024-12-13,2368,31375990,7138327640,224.5,232.0,222.5,232.0,11.5,21487,215.50000000000006,204.95,194.9000000000001,91.1092530657747,90.15964616987635,89.22544371552482,78.26026163785987,223.62037604210371,194.9000000000001,166.17962395789647,8.113176023450762,3.6000010958657613,4.513174927585001
2024-12-16,2368,47110820,11406498431,236.0,250.5,233.5,240.5,8.5,34499,222.80000000000004,209.85,198.10000000000008,86.83574879227042,88.37756209878972,91.36786786968312,80.93673117790388,231.74609932815224,198.10000000000008,164.45390067184792,10.252235881681571,4.930448053028924,5.321787828652647
2024-12-17,2368,25335092,5970942242,240.5,242.0,230.5,234.0,-6.5,17844,229.00000000000006,214.05,200.9250000000001,84.7953216374268,87.58010783182408,77.60155309837536,73.48611183098004,236.60451092713936,200.9250000000001,165.24548907286083,11.292784364549789,6.2029153153330965,5.089869049216692
2024-12-18,2368,15732304,3667333038,233.0,238.5,226.0,236.5,2.5,11194,232.70000000000005,218.0,203.97500000000008,76.60818713450283,82.7464191880668,79.0199695535481,74.45993488345026,240.84839827029617,203.97500000000008,167.101601729704,12.178766402528595,7.398085532772196,4.780680869756399
2024-12-19,2368,14501014,3323793237,227.0,233.0,225.0,230.5,-6.0,10448,234.70000000000005,221.35,206.0750000000001,69.70268350002722,77.03539742398573,67.11883660492418,68.00430039596905,243.95411693796262,206.0750000000001,168.19588306203758,12.25549003453446,8.36956643312465,3.885923601409811
2024-12-20,2368,13017715,3046076984,231.0,240.0,228.0,230.5,0.0,10079,234.40000000000003,224.95,208.0500000000001,66.40682248827454,70.90589770760164,67.11883660492418,68.00430039596905,246.69052277078856,208.0500000000001,169.40947722921163,12.175937438134127,9.130840634126546,3.0450968040075814
2024-12-23,2368,9812242,2260877255,233.5,234.0,227.0,231.0,0.5,6868,232.50000000000006,227.65,209.9500000000001,61.59395699119852,65.9011543265002,67.67111056668841,68.27017209945483,249.1761392441295,209.9500000000001,170.7238607558707,12.014738823425773,9.707620271986391,2.307118551439382
2024-12-24,2368,8999663,2064752017,235.5,237.0,225.0,225.5,-5.5,7741,230.80000000000004,229.9,211.6750000000001,48.013349514563004,58.67137633134547,55.67121271222265,62.15211163852846,250.4477675050391,211.6750000000001,172.90223249496108,11.312777073173635,10.02865163222384,1.2841254409497953
2024-12-25,2368,11491402,2660440781,227.5,235.0,227.0,233.5,8.0,8171,230.20000000000005,231.45,214.0250000000001,40.72023809523799,50.10918153366662,65.924998061265,66.81106219051415,252.100549897537,214.0250000000001,175.94945010246317,11.272063142655014,10.277333934310075,0.994729208344939
2024-12-26,2368,11454371,2701418267,236.0,238.0,232.0,235.5,2.0,9134,231.20000000000005,232.95,216.62500000000009,34.112394957983085,40.94866085592814,68.07860774136248,67.8757069439206,253.07479423810037,216.62500000000009,180.1752057618998,11.271252363557466,10.476117620159553,0.795134743397913
2024-12-27,2368,19820596,4830998954,235.5,248.0,235.0,244.5,9.0,16818,234.00000000000006,234.2,219.5750000000001,55.08159785653381,43.30474363658507,76.03158477824263,72.19774498110058,255.00701236170227,219.5750000000001,184.14298763829794,11.86011853533509,10.75291780319466,1.1072007321404307
2024-12-30,2368,13104693,3186728269,244.5,249.5,237.5,240.5,-4.0,10305,235.90000000000003,234.2,222.0250000000001,63.07479513544538,50.75626264998754,67.33315007316445,67.82979482188775,256.1035489714547,222.0250000000001,187.94645102854548,11.86723455555591,10.97578115366691,0.8914534018890006
2024-12-31,2368,4850304,1164392537,238.5,242.5,237.0,241.5,1.0,4139,239.10000000000005,234.95,224.50000000000009,71.79828453120368,63.318225841061064,68.38798862242345,68.3453980057846,256.63098193332803,224.50000000000009,192.3690180666721,11.81734272461145,11.144093467855818,0.6732492567556321
2025-01-02,2368,9779255,2338603569,242.0,243.5,235.0,238.0,-3.5,7772,240.00000000000006,235.1,226.5500000000001,61.22448979591826,65.36585648752255,60.42120613776012,64.45181329571557,256.56316377857956,226.5500000000001,196.53683622142066,11.364380831710662,11.188150940626787,0.17622989108387443
2025-01-03,2368,5778824,1374015525,240.0,240.5,236.0,237.0,-1.0,4530,240.30000000000004,235.75,228.5500000000001,56.4625850340135,63.16178645371192,58.162674177999506,63.341500519583484,255.60531371098514,228.5500000000001,201.49468628901505,10.800215464546682,11.110563845410766,-0.31034838086408456
2025-01-06,2368,9229501,2172739452,242.0,242.0,231.5,236.0,-1.0,7390,238.60000000000005,236.3,230.62500000000009,48.979591836734585,55.55555555555555,55.732206353368355,62.18778178184803,252.85082956831639,230.62500000000009,208.39917043168379,10.155354103212574,10.919521896971128,-0.7641677937585545
2025-01-07,2368,4490753,1056736425,237.5,238.0,233.0,235.0,-1.0,4061,237.50000000000006,236.7,232.1750000000001,43.14436885865447,49.528848576467624,53.14145495992221,60.99141325649933,250.78756296160793,232.1750000000001,213.56243703839226,9.454618232045249,10.626541163985951,-1.1719229319407027
2025-01-08,2368,4336557,1022985447,235.0,240.0,233.0,233.5,-1.5,3678,235.90000000000003,237.5,233.7000000000001,30.52154195011327,40.88183421516755,49.14362140151307,59.15312526496883,246.63213052825475,233.7000000000001,220.76786947174546,8.678205589597411,10.236874049108243,-1.558668459510832
2025-01-09,2368,16426012,3900948089,235.0,245.0,231.5,231.5,-2.0,11798,234.60000000000005,237.3,234.37500000000009,15.555555555555445,29.740488788107836,43.99511505480454,56.69928734336792,245.19569775937995,234.37500000000009,223.55430224062022,7.811463996914938,9.751792038669581,-1.9403280417546434
2025-01-10,2368,15821191,3589283696,228.0,232.5,222.5,226.0,-5.5,11185,232.40000000000003,236.35,234.6500000000001,8.024691358024581,18.033929621231206,32.92753257058671,50.49573750429167,244.25780932366087,234.6500000000001,225.04219067633932,6.604626977042159,9.122359026344096,-2.5177320493019373
2025-01-13,2368,20656491,4220552344,206.0,209.5,203.5,203.5,-22.5,11724,225.90000000000003,232.25,233.22500000000008,4.320987654320877,9.300411522633743,14.96266762592585,34.07218323072968,249.8637349278682,233.22500000000008,216.58626507213197,3.7889611982011786,8.055679460715513,-4.266718262514335
2025-01-14,2368,16686269,3430606620,203.5,210.5,198.5,208.5,5.0,11569,220.60000000000005,229.05,231.62500000000009,11.489446435682884,7.945041816009556,25.500523734937993,38.83320660536962,251.07461439206094,231.62500000000009,212.17538560793923,1.9386365999844486,6.8322708885693,-4.893634288584852
2025-01-15,2368,10227653,2103845270,207.0,211.0,201.0,204.0,-4.5,7882,214.70000000000005,225.3,230.12500000000009,11.111111111111,8.973848400371695,22.56451143914557,36.29293090284927,252.9457690492644,230.12500000000009,207.30423095073576,0.10788500195155848,5.487393711245752,-5.379508709294194
2025-01-16,2368,6793846,1405488901,209.5,211.5,204.0,204.5,0.5,5434,209.30000000000004,221.95,228.5250000000001,15.412186379928206,12.670914642240804,23.703237241634824,36.787721253362285,253.69934209666374,228.5250000000001,203.35065790333644,-1.2878079594924543,4.132353377098111,-5.420161336590565
2025-01-17,2368,11997353,2510714540,207.0,213.5,202.5,212.0,7.5,8605,206.50000000000006,219.45,227.60000000000008,17.92114695340491,14.814814814814815,39.31919143703541,43.83433466741374,253.75645235883226,227.60000000000008,201.4435476411679,-1.768333123478584,2.952216076982772,-4.720549200461356
2025-01-20,2368,6873750,1486004461,210.5,220.0,210.0,220.0,8.0,5413,209.80000000000004,217.85,227.0750000000001,29.39068100358412,20.908004778972522,51.637400362501474,50.210117396110086,253.39851610252364,227.0750000000001,200.75148389747656,-1.4864843702087,2.0644759875444776,-3.5509603577531776
2025-01-21,2368,5970502,1306972911,220.0,222.0,217.0,219.0,-1.0,4660,211.90000000000003,216.25,226.47500000000008,39.78494623655903,29.032258064516128,50.15267173274166,49.45439517505722,252.9598541623296,226.47500000000008,199.99014583767055,-1.3284947843680754,1.385881833161967,-2.7143766175300423
2025-01-22,2368,7452882,1653960286,222.0,224.5,217.5,223.0,4.0,6048,215.70000000000005,215.2,226.35000000000008,54.12713472485757,41.100920655000344,56.04991703666524,52.532024688097344,252.87564796569245,226.35000000000008,199.8243520343077,-0.8704859090300658,0.9346082847235604,-1.8050941937536262
2025-02-03,2368,9360675,1996369672,204.0,221.5,204.0,214.0,-9.0,6736,217.60000000000005,213.45,225.37500000000009,58.58674321672413,50.83294139271368,42.768121499262165,45.7780770730214,252.2094461466946,225.37500000000009,198.54055385330557,-1.2196756971951004,0.5037514883398282,-1.7234271855349286
2025-02-04,2368,5762420,1248557959,216.0,221.0,212.0,216.0,2.0,4162,218.40000000000003,212.45,224.4000000000001,66.32730015082944,59.68039269747049,46.08065802391216,47.39660244964502,251.10880004792085,224.4000000000001,197.69119995207933,-1.3198138423706212,0.13903842219773832,-1.4588522645683595
2025-02-05,2368,5843066,1281919360,219.0,223.0,217.0,218.0,2.0,4378,218.00000000000006,213.9,223.0750000000001,66.42116748499716,63.77840361751701,49.49129648596446,49.03493428220101,248.24894486368416,223.0750000000001,197.90105513631605,-1.2236848809853882,-0.13350623843888698,-1.0901786425465012
2025-02-06,2368,3505793,772573928,221.5,224.0,218.0,218.5,0.5,2919,217.90000000000003,214.9,221.97500000000008,70.79179685562654,67.84675483048449,50.40626203744907,49.45873227695683,245.89878523561566,221.97500000000008,198.0512147643845,-1.0945390009144944,-0.3257127909340085,-0.7688262099804859
2025-02-07,2368,9774800,2214363981,221.0,229.5,221.0,228.0,9.5,7678,218.90000000000003,217.3,221.3000000000001,79.83738090121058,72.35011508061153,64.61506087184952,56.807766293500364,243.69508874730818,221.3000000000001,198.90491125269202,-0.2230481945807412,-0.30517987166335503,0.08213167708261382
2025-02-10,2368,3968470,889300258,226.0,227.5,222.0,222.0,-6.0,5288,220.50000000000006,219.05,220.50000000000009,79.2533174886115,76.62749841514965,53.35201647854031,51.69511727196658,241.55469068877161,220.50000000000009,199.44530931122856,-0.01634687116163036,-0.2474132715630101,0.23106640040137974
2025-02-11,2368,5049793,1123841662,224.0,227.0,220.0,220.5,-1.5,3840,221.40000000000003,219.9,219.6750000000001,76.57952069716765,78.55673969566334,50.7708089698157,50.47215019503493,239.32512722604696,219.6750000000001,200.02487277395323,0.0261267796215634,-0.1927052613260954,0.2188320409476588
2025-02-12,2368,3545981,783805248,222.0,225.0,218.5,220.5,0.0,2647,221.90000000000003,219.95,218.9000000000001,66.66666666666656,74.16650161748201,50.7708089698157,50.47215019503493,237.08130908377683,218.9000000000001,200.71869091622335,0.05910611536768329,-0.14234298598733966,0.20144910135502295
2025-02-13,2368,4172595,944586566,223.0,229.0,221.5,226.5,6.0,3836,223.50000000000006,220.7,218.47500000000008,72.54901960784302,71.93173565722584,61.03454368456133,55.37016283141608,235.49109532177908,218.47500000000008,201.45890467822107,0.5629035309480628,-0.0012936826002591661,0.564197213548322
2025-02-14,2368,3440270,778496036,228.0,228.5,224.5,226.0,-0.5,2778,223.10000000000005,221.0,218.10000000000008,77.64705882352929,72.28758169934639,59.821967716104055,54.883069418534234,234.07372843139197,218.10000000000008,202.1262715686082,0.9113157108934047,0.18122819609847363,0.7300875147949311
2025-02-17,2368,5672604,1291834782,229.0,233.0,223.5,225.0,-1.0,4800,223.70000000000005,222.1,217.7750000000001,72.74509803921558,74.31372549019606,57.171691834780724,53.86251132027954,232.88617136425339,217.7750000000001,202.6638286357468,1.0941307725498177,0.3638087113887425,0.7303220611610752
2025-02-18,2368,14619726,3462513215,233.0,241.0,231.5,236.5,11.5,11161,226.90000000000003,224.15,218.3000000000001,70.14492753623176,73.51236146632563,73.1382042424358,62.498798046660454,235.14755175091696,218.3000000000001,201.45244824908323,2.142272136838443,0.7195013964786826,1.4227707403597605
2025-02-19,2368,10646462,2561231825,235.5,244.0,235.5,240.5,4.0,9179,230.90000000000003,226.4,220.1500000000001,72.23643080420561,71.70881879321774,76.66793276080752,64.95596169477078,238.1752600535979,220.1500000000001,202.1247399464023,3.2581404748214027,1.2272292121472268,2.030911262674176
2025-02-20,2368,6890927,1608173834,240.0,240.5,230.0,232.0,-8.5,6526,232.00000000000006,227.75,221.3250000000001,73.21682296106836,71.86606043383534,57.82895512421645,56.486137588461375,239.22269538236176,221.3250000000001,203.42730461763844,3.4172038111348684,1.6652241319447552,1.7519796791901132
2025-02-21,2368,3538684,826867284,231.0,235.5,229.0,235.0,3.0,3382,233.80000000000004,228.45,222.87500000000009,67.9738562091502,71.14236999147482,61.703751853526576,58.540902905031444,239.84814054616444,222.87500000000009,205.90185945383573,3.742199828917393,2.0806192713392826,1.6615805575781102
2025-02-24,2368,7791754,1752885441,231.0,232.0,223.0,223.5,-11.5,7437,233.50000000000006,228.6,223.8250000000001,45.75163398692798,62.31410438571561,43.73297182061896,48.99075691274069,238.5568532438996,223.8250000000001,209.0931467561006,3.036801269300639,2.271855670931554,0.7649455983690854
2025-02-25,2368,6843975,1494125924,219.5,223.0,216.0,216.5,-7.0,6739,229.50000000000006,228.2,224.0500000000001,28.699813258636667,47.475101151571714,36.23804916181302,44.25787139403574,238.17763249804628,224.0500000000001,209.92236750195391,1.891126599865288,2.1957098567183007,-0.3045832568530127
2025-02-26,2368,6016974,1321939672,215.5,223.0,215.0,222.0,5.5,4851,225.80000000000004,228.35,224.1500000000001,15.17716281915053,29.876203354905154,44.89492523471347,48.47017665722466,238.18958688850364,224.1500000000001,210.11041311149654,1.4107133790841715,2.0387105611914746,-0.6279971821073032
2025-02-27,2368,4013673,891894125,222.5,225.5,220.5,222.0,0.0,3178,223.80000000000004,227.9,224.3000000000001,16.68719211822648,20.18805606533799,44.894925234713476,48.470176657224656,238.17948125831228,224.3000000000001,210.4205187416879,1.0182447487959791,1.8346173987123755,-0.8163726499163964
2025-03-03,2368,3663117,798941120,217.5,221.0,216.0,217.0,-5.0,3211,220.20000000000005,227.0,224.00000000000009,18.39080459770103,16.751719845026113,38.43754780126471,44.89337219788908,238.23376267892164,224.00000000000009,209.76623732107853,0.3002907535696693,1.5277520696838343,-1.227461316114165
2025-03-04,2368,3459130,754437368,215.0,223.0,211.0,222.5,5.5,3204,220.00000000000006,226.75,224.4250000000001,21.960989202368392,19.01299530609873,48.03040027560758,49.32339044996584,237.9278700652792,224.4250000000001,210.922129934721,0.17311550655682595,1.2568247570584326,-1.0837092505016066
2025-03-05,2368,3083954,688465935,221.0,225.5,221.0,224.0,1.5,2346,221.50000000000006,225.5,224.8250000000001,28.604277727597303,22.985357175889007,50.48534098017321,50.492317818846914,237.76824147962265,224.8250000000001,211.88175852037756,0.19116207363728677,1.0436922203742034,-0.8525301467369166
2025-03-06,2368,9259545,2127351129,226.0,233.0,225.5,228.0,4.0,7386,222.70000000000005,224.25,225.3250000000001,49.434678853564925,33.33331526117697,56.829756962995724,53.56806194231511,237.9435379501671,225.3250000000001,212.7064620498331,0.5222109558383465,0.939395967467032,-0.4171850116286855
2025-03-07,2368,6184497,1415821274,227.0,232.5,225.5,228.0,0.0,3919,223.90000000000003,223.85,225.8000000000001,63.57609299497907,47.20501652538053,56.829756962995724,53.56806194231511,238.06539848516263,225.8000000000001,213.53460151483756,0.7756286161857702,0.9066424972107796,-0.13101388102500944
2025-03-10,2368,7262562,1641321525,231.0,233.0,220.0,220.0,-8.0,6265,224.50000000000006,222.35,225.4000000000001,62.52319109461954,58.51132098105461,42.1334439776084,46.820959821845435,237.87236946212926,225.4000000000001,212.92763053787093,0.3271595054472982,0.7907458988580833,-0.4635863934107851
2025-03-11,2368,9232091,1933667871,212.0,215.0,205.0,209.0,-11.0,8046,221.80000000000004,220.9,224.75000000000009,44.15584415584403,56.751709415147644,29.779623534700256,39.46112320388952,239.08003838096266,224.75000000000009,210.4199616190375,-0.905426373398484,0.4515114444067698,-1.3569378178052538
2025-03-12,2368,12551268,2755305871,216.0,226.5,214.5,217.0,8.0,9542,220.40000000000003,220.95,224.5750000000001,32.683982683982556,46.45433931148214,43.76889336521282,46.097332901404386,239.19100150519392,224.5750000000001,209.95899849480628,-1.222632673082245,0.11668262090896686,-1.3393152939912119
2025-03-13,2368,4633541,1015555971,218.0,222.5,216.5,217.0,0.0,4009,218.20000000000005,220.45,224.4000000000001,33.33333333333321,36.7243867243867,43.76889336521282,46.09733290140438,239.28825040089774,224.4000000000001,209.51174959910244,-1.4572229913748629,-0.19809850154779912,-1.2591244898270637
2025-03-14,2368,8045436,1764182997,225.0,225.5,214.5,216.5,-0.5,6126,215.90000000000003,219.9,223.9000000000001,42.26190476190464,36.09307359307357,43.03948199990171,45.733942237994796,239.14007873994873,223.9000000000001,208.65992126005145,-1.6642983348647817,-0.49133846821119564,-1.172959866653586
2025-03-17,2368,4110800,905676754,220.5,221.5,218.5,221.0,4.5,3104,216.10000000000005,220.3,223.6500000000001,47.023809523809405,40.87301587301585,51.52226868674048,49.58586424812832,238.9081125962504,223.6500000000001,208.3918874037498,-1.4485961300792383,-0.6827900005848042,-0.765806129494434
2025-03-18,2368,8726429,1969295019,223.0,230.5,222.0,223.0,2.0,6116,218.90000000000003,220.35,223.5500000000001,54.16666666666654,47.8174603174603,54.99736489009127,51.242373751752915,238.79762276552705,223.5500000000001,208.30237723447314,-1.103546298636644,-0.7669412601951722,-0.3366050384414718
2025-03-19,2368,6084145,1333270077,224.5,225.0,216.0,216.0,-7.0,4465,218.70000000000005,219.55,222.5250000000001,53.57142857142845,51.58730158730157,42.54419996231913,45.59540469667526,236.882837580912,222.5250000000001,208.16716241908819,-1.3790366438182389,-0.8893603369197856,-0.4896763068984533
2025-03-20,2368,3983941,870519955,219.5,221.0,216.5,219.5,3.5,3131,219.20000000000005,218.7,221.47500000000008,51.785714285714164,53.174603174603156,49.247819502537354,48.64288875948002,233.2625994163301,221.47500000000008,209.68740058367007,-1.2999588613386663,-0.9714800418035617,-0.3284788195351046
2025-03-21,2368,3295985,727252130,219.5,222.5,218.0,222.5,3.0,2442,220.40000000000003,218.15,221.00000000000009,53.23295985060679,52.8633675692499,54.55059984453206,51.16782171222617,231.7749709976344,221.00000000000009,210.22502900236577,-0.9838727484405752,-0.9739585831309644,-0.009914165309610756
2025-03-24,2368,4675749,1024834189,225.0,228.0,214.0,214.0,-8.5,4141,219.00000000000006,217.55,219.9500000000001,40.137721755368695,48.385465297229985,40.546702153432605,44.49321867906047,229.02138357693062,219.9500000000001,210.8786164230696,-1.4030773865011383,-1.0597823438049991,-0.3432950426961392
2025-03-25,2368,2469099,537049790,218.0,220.0,215.0,216.5,2.5,2018,217.70000000000005,218.3,219.60000000000008,27.92632204396899,40.4323345499816,45.359849511671385,46.695623488961786,228.63659227805812,219.60000000000008,210.56340772194204,-1.516094383426065,-1.1510447517292124,-0.36504963169685256
2025-03-26,2368,1643782,360269533,218.0,220.5,217.5,219.0,2.5,1424,218.30000000000004,218.5,219.72500000000008,15.151515151515037,27.738519650284346,50.07522334051485,48.8799958177447,228.65514557551296,219.72500000000008,210.7948544244872,-1.3879328353367555,-1.198422368450721,-0.18951046688603457
2025-03-27,2368,2129199,461284732,216.0,219.0,214.0,218.0,-1.0,1618,218.00000000000006,218.6,219.5250000000001,23.232323232323115,22.103386809269153,48.13663004778973,48.03210469107874,228.4214880711334,219.5250000000001,210.62851192886677,-1.3514765473996988,-1.2290332042405165,-0.12244334315918226
2025-03-28,2368,7051353,1490990132,216.0,217.5,207.0,211.5,-6.5,5199,215.80000000000004,218.1,219.00000000000009,24.564796905222323,20.98287842968693,37.21199551823476,42.83132475687449,228.47100839403427,219.00000000000009,209.5289916059659,-1.826031005028483,-1.3484327643981098,-0.47759824063037315
2025-03-31,2368,6548713,1319188449,202.5,207.0,196.5,201.0,-10.5,4985,213.20000000000005,216.1,218.2000000000001,19.225691566116986,22.340937234554247,26.064031503535062,36.04226591778227,230.49390092687597,218.2000000000001,205.90609907312424,-3.0146302979851782,-1.6816722711155234,-1.3329580268696548
2025-04-01,2368,10236963,2008643479,205.5,205.5,191.5,199.0,-2.0,8265,209.70000000000005,213.7,217.0250000000001,17.994198553802054,20.594895675047226,24.437168553327115,34.907282576895774,231.70994126647497,217.0250000000001,202.3400587335252,-4.071058458586776,-2.159549508609774,-1.9115089499770024
2025-04-02,2368,5463727,1071301850,198.0,201.0,193.0,195.0,-4.0,4180,204.90000000000003,211.6,215.5750000000001,14.80756686236127,17.342485660760207,21.33054822518962,32.690067147192906,232.73680351827352,215.5750000000001,198.4131964817267,-5.171438829900438,-2.761927372867907,-2.4095114570325316
2025-04-07,2368,228094,40030401,175.5,175.5,175.5,175.5,-19.5,668,196.40000000000003,207.2,212.9500000000001,10.045662100456509,14.282475838873383,12.379644589121327,24.51511684005426,236.55699049010352,212.9500000000001,189.3430095098967,-7.530181983153,-3.715578294924925,-3.8146036882280745
2025-04-08,2368,1089069,172074933,158.0,158.0,158.0,158.0,-17.5,1461,185.70000000000005,200.75,209.4500000000001,3.196347031963357,9.349858664927151,8.600830778102697,19.743358325393753,242.1132821375906,209.4500000000001,176.7867178624096,-10.68839747948303,-5.110142131836546,-5.578255347646484
2025-04-09,2368,8507963,1215979987,142.5,146.0,142.5,142.5,-15.5,4623,174.00000000000006,193.6,205.5750000000001,-1.1368683772161603e-13,4.414003044140023,6.538472703027157,16.65176058859291,248.94581391903847,205.5750000000001,162.20418608096173,-14.277444976841508,-6.9436027008375385,-7.33384227600397
2025-04-10,2368,2304465,360648750,156.5,156.5,156.5,156.5,14.0,626,165.50000000000006,187.6,202.9500000000001,6.100217864923633,3.0988549656290645,25.390599288903125,27.668882359364567,251.24896479221727,202.9500000000001,154.65103520778294,-15.80986173429514,-8.716854507529058,-7.0930072267660815
2025-04-11,2368,18051072,2915553197,153.0,172.0,148.0,171.0,14.5,11928,160.70000000000005,182.8,200.6500000000001,18.7668845315903,8.289034132171379,40.01171937621783,36.96269674815429,250.41253610900333,200.6500000000001,150.88746389099686,-15.673608632763973,-10.108205332576041,-5.565403300187931
2025-04-14,2368,11737668,2108158632,178.0,185.0,174.5,180.5,9.5,8977,161.70000000000005,179.05,198.8250000000001,38.405127425647144,21.090743274053796,47.82685473138749,42.202535166746394,248.73218886092306,198.8250000000001,148.91781113907714,-14.630406246860474,-11.012645515432927,-3.6177607314275466
2025-04-15,2368,9233060,1719430904,180.0,192.0,176.5,192.0,11.5,8313,168.50000000000006,177.1,197.60000000000008,58.49538575119959,38.55579923614578,55.93442239187931,47.853285725216196,246.9108507328751,197.60000000000008,148.28914926712505,-12.728975246544508,-11.355911461655243,-1.3730637848892648
2025-04-16,2368,7500355,1391271539,186.0,188.5,183.0,183.0,-9.0,6015,176.60000000000005,175.3,195.7000000000001,68.905642161456,55.26871844610102,48.98430735760442,44.21035663352051,244.17927392195406,195.7000000000001,147.22072607804614,-11.812139274826364,-11.447157024289467,-0.36498225053689737
2025-04-17,2368,4688043,858870459,182.0,186.0,180.5,183.5,0.5,3892,182.00000000000006,173.75,193.72500000000008,76.87682687682677,68.09261826316089,49.391882140296964,44.46330458570839,240.79247815636498,193.72500000000008,146.65752184363518,-10.919323179892473,-11.341590255410068,0.42226707551759546
2025-04-18,2368,5384507,994494105,182.0,187.5,181.0,184.5,1.0,3936,184.70000000000005,172.7,192.1500000000001,78.96917896917886,74.91721600248731,50.31802745496859,45.00040042647755,238.22830292013677,192.1500000000001,146.0716970798634,-10.015614579247483,-11.076395120177551,1.0607805409300681
2025-04-21,2368,4607326,854699654,184.5,187.5,182.5,185.0,0.5,3120,185.60000000000005,173.65,190.4250000000001,84.5117845117844,80.11926345259678,50.842790165106464,45.28532523462481,234.83139030589916,190.4250000000001,146.01860969410103,-9.15355667755415,-10.691827431652872,1.538270754098722
2025-04-22,2368,6423860,1168183095,179.5,186.5,177.0,178.0,-7.0,5120,182.80000000000004,175.65,188.2000000000001,79.62962962962952,81.03686437019769,43.36198834729167,42.00452677588791,230.3573243932754,188.2000000000001,146.0426756067248,-8.932245709816613,-10.33991108728562,1.4076653774690069
2025-04-23,2368,6755532,1287361540,184.0,195.0,184.0,193.5,15.5,5749,184.90000000000003,180.75,187.1750000000001,83.61630489290053,82.58590634477157,58.96097159793443,50.54782891451778,227.74010199666566,187.1750000000001,146.60989800333454,-7.42059471560836,-9.756047812950168,2.3354530973418086
2025-04-24,2368,6865695,1316051218,193.0,195.0,189.5,189.5,-4.0,5103,186.10000000000005,184.05,185.8250000000001,79.38702017581095,80.87765156611376,54.446246405266685,48.55980510780307,224.13071106244925,185.8250000000001,147.51928893755095,-6.470775905723173,-9.09899343150477,2.628217525781597
2025-04-25,2368,10447274,2062345618,196.5,202.5,193.0,195.0,5.5,8199,188.20000000000005,186.45,184.62500000000009,80.37769616648693,81.12700707839957,59.429638450696956,51.390712797715466,220.09734838574823,184.62500000000009,149.15265161425194,-5.214128394779237,-8.322020424159664,3.1078920293804266
2025-04-28,2368,5826146,1135118577,198.5,200.0,192.0,192.5,-2.5,4600,189.70000000000005,187.65,183.35000000000008,68.36963052888436,76.04478229039418,56.17099309959131,50.0426038099636,215.62088471052294,183.35000000000008,151.07911528947722,-4.369585434412556,-7.531533426210243,3.1619479917976863
2025-04-29,2368,5719682,1128433787,193.0,199.5,192.5,198.5,6.0,4474,193.80000000000004,188.3,182.7000000000001,72.08396178984403,73.61042949507187,62.00443582322494,53.21469560900856,213.14897371012438,182.7000000000001,152.25102628987582,-3.1794781528214457,-6.661122371532484,3.481644218711038
2025-04-30,2368,4417980,853181669,197.5,198.0,190.5,191.5,-7.0,4109,193.40000000000003,189.15,182.22500000000008,67.3202614379084,69.25795125221237,52.49462783705299,49.283044647347445,211.80113057855755,182.22500000000008,152.6488694214426,-2.7692291070982265,-5.882743718645632,3.113514611547406
2025-05-02,2368,11415036,2324840963,195.5,210.0,195.0,209.5,18.0,11325,197.40000000000003,191.75,182.75000000000009,79.88710635769449,73.09710986181574,67.46472748829015,57.89721319122398,213.83295352761516,182.75000000000009,151.667046472385,-0.980353312219961,-4.9022656373604985,3.9219123251405374
2025-05-05,2368,12013303,2535193421,208.5,216.5,204.0,216.0,6.5,10985,201.60000000000005,194.9,183.8000000000001,84.69392359935908,77.30043046498743,71.2778949154328,60.50587749069468,217.7534976107007,183.8000000000001,149.8465023892995,0.9508781887498401,-3.7316368721384308,4.682515060888271
2025-05-06,2368,10825444,2355243179,208.5,224.5,208.5,221.0,5.0,8859,207.30000000000004,198.5,186.0750000000001,96.19235013046536,86.92446002917308,74.01138782331718,62.43403805848815,223.42640559603967,186.0750000000001,148.72359440396053,2.851975482230472,-2.4149144012646504,5.266889883495122
2025-05-07,2368,7511539,1628026738,219.0,222.5,214.0,214.5,-6.5,6168,210.50000000000006,202.15,188.9000000000001,87.17359111170634,89.35328828051036,64.6759508937079,58.439683443875076,225.8751267746287,188.9000000000001,151.92487322537147,3.790419510088725,-1.1738476189939753,4.9642671290827005
2025-05-08,2368,9069329,2008425729,216.5,224.0,216.5,224.0,9.5,7253,217.00000000000006,205.2,192.97500000000008,87.10533596154501,90.15709240123898,70.92854110133293,62.241847579235944,226.3897796640933,192.97500000000008,159.56022033590685,5.240306773965273,0.10898325959787436,5.1313235143673985
2025-05-09,2368,7611361,1713175943,225.0,227.0,222.0,226.0,2.0,5647,220.30000000000004,208.85,196.4500000000001,89.0727523886266,87.78389315395941,72.13977304591094,63.00909951277765,228.39197864879176,196.4500000000001,164.50802135120844,6.476083897811947,1.382403387240689,5.093680510571257
2025-05-12,2368,16299557,3757667340,235.0,240.0,225.0,230.0,4.0,11008,223.10000000000005,212.35,199.4000000000001,91.86255517842937,89.34688117620043,74.60825430712644,64.56017694898904,232.27947688148123,199.4000000000001,166.52052311851895,7.689572141306513,2.6438371380538537,5.045735003252659
2025-05-13,2368,13366105,3027926640,236.5,236.5,222.0,224.0,-6.0,10204,223.70000000000005,215.5,201.5750000000001,81.57834048244997,87.50454934983541,64.59286607594036,60.4645945855187,234.9175778847383,201.5750000000001,168.2324221152619,8.074047863231812,3.729879283089445,4.344168580142366
2025-05-14,2368,9569547,2148756527,226.5,227.0,222.0,226.0,2.0,5801,226.00000000000006,218.25,203.2750000000001,72.12121212121203,81.85403592736388,66.34956420279305,61.34487583927418,237.93257492958577,203.2750000000001,168.6174250704144,8.442807498777483,4.672464926227053,3.7703425725504305
2025-05-15,2368,10149662,2324267938,226.0,232.5,224.5,229.5,3.5,6296,227.10000000000005,222.05,205.60000000000008,69.13299663299654,74.2775164122196,69.44468736020922,62.90160516875619,240.74057483877968,205.60000000000008,170.45942516122048,8.914709691882763,5.520913879358195,3.3937958125245675
2025-05-16,2368,4434315,1008700786,230.0,231.5,225.5,225.5,-4.0,3564,227.00000000000006,223.65,207.7000000000001,64.56349206349198,68.60590027256694,61.858472018434355,59.93107000829906,242.32282484142252,207.7000000000001,173.0771751585777,8.863753180020694,6.189481739490695,2.674271440529999
2025-05-19,2368,4927238,1099430396,222.0,226.5,220.0,220.5,-5.0,3856,225.10000000000005,224.1,209.50000000000009,49.933862433862345,61.21011704345039,53.35800941128978,56.34884637645011,242.83016651623353,209.50000000000009,176.16983348376664,8.323958155855024,6.616377022763561,1.7075811330914634
2025-05-20,2368,3974260,881577523,224.0,225.0,219.5,222.0,1.5,3432,224.70000000000005,224.2,211.35000000000008,34.124169762467545,49.54050808660739,55.498371835993076,57.17582747051077,243.10547196940854,211.35000000000008,179.59452803059162,7.925840024034557,6.87826962301776,1.047570401016797
2025-05-21,2368,25266033,6017472911,225.5,244.0,225.0,244.0,22.0,20648,228.30000000000004,227.15,214.6500000000001,49.46808510638289,44.50870576757103,75.07211498765813,67.03899492432723,245.5629422734208,214.6500000000001,183.7370577265794,9.278586900539494,7.358333078522106,1.9202538220173881
2025-05-22,2368,36426960,9069422416,244.0,255.5,243.0,250.0,6.0,26642,232.40000000000003,229.75,217.47500000000008,69.37549251379029,50.98924912754702,78.13247782335331,69.12739615065358,250.40139518683836,217.47500000000008,184.5486048131618,10.711324916028673,8.02893144602342,2.6823934700052536
2025-05-23,2368,13465177,3301420789,248.5,251.5,241.5,243.5,-6.5,10058,236.00000000000006,231.5,220.1750000000001,83.7962962962962,67.54662463882323,67.63744970323023,64.36924026329255,252.32974304048815,220.1750000000001,188.02025695951204,11.19325555590163,8.661796267999062,2.5314592879025675
2025-05-26,2368,16818279,4126561474,241.5,250.5,241.5,243.0,-0.5,11541,240.50000000000006,232.8,222.5750000000001,72.22222222222213,75.13133701076964,66.83181401607258,64.00428565339068,254.01267644085385,222.5750000000001,191.13732355914635,11.40339203379753,9.210115421158756,2.1932766126387744
2025-05-27,2368,12043183,2947599382,241.0,249.5,241.0,243.5,0.5,9001,244.80000000000004,234.75,225.12500000000009,66.20370370370362,74.07407407407409,67.28641090147397,64.22273577071911,254.6035939284737,225.12500000000009,195.64640607152646,11.47796172976956,9.663684682880916,1.8142770468886447
2025-05-28,2368,15341379,3775809426,248.5,250.0,242.5,246.5,3.0,11238,245.30000000000004,236.8,227.5250000000001,68.9814814814814,69.13580246913584,70.15021907354546,65.57275420744789,255.73045160070686,227.5250000000001,199.31954839929332,11.644898537385615,10.059927453781857,1.584971083603758
2025-05-29,2368,29753986,7591818276,250.0,262.5,246.0,260.0,13.5,23108,247.30000000000004,239.85,230.9500000000001,78.61757105943144,71.26758541487227,79.549267706627,70.89502532681566,257.4073241277311,230.9500000000001,204.4926758722691,12.719907164009157,10.591923395827317,2.1279837681818403
2025-06-02,2368,15918835,4098401184,256.5,263.0,253.5,255.0,-5.0,12294,249.60000000000005,242.8,233.22500000000008,83.59841397130883,77.06582217074067,70.02215608896756,66.77741507352482,259.73815711113707,233.22500000000008,206.7118428888631,13.018333784138605,11.077205473489574,1.941128310649031
2025-06-03,2368,23933500,6307378866,259.0,268.5,257.5,268.5,13.5,18857,254.70000000000005,247.6,235.85000000000008,91.93174730464216,84.71591077846092,78.23363701502947,71.5774175099159,265.2593522539996,235.85000000000008,206.44064774600054,14.180709810916511,11.697906340974962,2.4828034699415493
2025-06-04,2368,17428848,4696019774,272.0,275.0,265.0,268.0,-0.5,13959,259.6,252.2,238.2000000000001,87.00698670272698,87.51238265955944,77.31849704680417,71.16729893483355,269.9086738921672,238.2000000000001,206.491326107833,14.889913708695019,12.336307814518973,2.553605894176046
2025-06-05,2368,14648244,4026460070,270.5,279.0,268.0,279.0,11.0,12690,266.1,255.7,241.4250000000001,93.1372549019607,90.69199630311006,82.55586338261234,74.61352093208717,275.8405124907333,241.4250000000001,207.00948750926685,16.15336503933409,13.099719259481997,3.0536457798520935
2025-06-06,2368,12510020,3400505140,276.0,277.0,268.5,270.5,-8.5,10232,268.20000000000005,257.75,243.75000000000009,85.68111455108351,88.60845205192385,68.33143847569826,67.86350028963786,279.4031906005595,243.75000000000009,208.09680939944064,16.281101950355207,13.735995797656638,2.545106152698569
2025-06-09,2368,14979575,4129203638,272.0,281.0,270.0,278.5,8.0,12047,272.90000000000003,261.25,246.37500000000009,90.46052631578941,89.75963192294466,73.36969996227793,70.5627356758276,284.08557543978645,246.37500000000009,208.66442456021372,16.83381774160702,14.355560186446715,2.4782575551603063
2025-06-10,2368,12356910,3463613181,277.5,285.5,277.0,281.5,3.0,11063,275.50000000000006,265.1,248.9500000000001,87.35975112199095,87.8337973296214,75.10264069893493,71.52849425286593,288.80837427692967,248.9500000000001,209.09162572307056,17.31433503969197,14.947315157095765,2.367019882596203
2025-06-11,2368,10621429,3013045403,283.5,290.0,279.5,282.5,1.0,9348,278.40000000000003,269.0,251.87500000000009,89.13407329104996,88.98478357627688,75.71715604837264,71.85990011757455,292.5577666217506,251.87500000000009,211.19223337824954,17.573266426628123,15.472505411002237,2.1007610156258867
2025-06-12,2368,7648866,2137874276,282.5,285.0,275.5,278.5,-4.0,7274,278.30000000000007,272.2,254.50000000000009,80.71512351936046,85.73631597746724,67.89665452128611,68.42880028752131,294.94007912949513,254.50000000000009,214.05992087050504,17.256779434323107,15.82936021566641,1.4274192186566967
2025-06-13,2368,10426046,2882697424,276.5,280.5,273.0,278.0,-0.5,7172,279.80000000000007,274.0,256.92500000000007,71.5082064054666,80.45246773862578,66.8891367722779,67.99178374536925,296.89157978861715,256.92500000000007,216.95842021138296,16.772275045088975,16.017943181550923,0.7543318635380523
2025-06-16,2368,5414420,1504743081,276.0,280.5,273.5,279.5,1.5,4476,280.00000000000006,276.45,259.6250000000001,63.19002458728477,71.80445150403739,68.52389438376312,68.63886184922515,297.9993078113443,259.6250000000001,221.25069218865593,16.321198671243565,16.07859427948945,0.24260439175411364
2025-06-17,2368,13015921,3556611571,281.0,284.0,267.0,269.0,-10.5,11336,277.50000000000006,276.5,262.05000000000007,43.257525083611945,59.31858535878788,48.83378653487762,59.56179139710244,296.1159654200476,262.05000000000007,227.98403457995255,14.944187852176697,15.8517129940269,-0.9075251418502042
2025-06-18,2368,13653320,3618450579,268.5,272.0,260.0,263.5,-5.5,11820,273.70000000000005,276.05,264.1250000000001,26.120772946859816,44.189440872585614,41.539433088774565,55.426986927974774,292.8110157568071,264.1250000000001,235.43898424319312,13.2562826480397,15.33262692482946,-2.0763442767897597
2025-06-19,2368,9425114,2514498592,263.5,273.0,262.0,264.0,0.5,9051,270.80000000000007,274.55,265.1250000000001,11.231884057970928,26.87006069614767,42.45114410239189,55.72787817955464,292.28908474437867,265.1250000000001,237.9609152556216,11.822667087555828,14.630634957374735,-2.8079678698189063
2025-06-20,2368,7424003,1955697730,267.5,267.5,257.5,266.5,2.5,5591,268.50000000000006,274.15,265.9500000000001,17.564102564102477,18.305586522977848,47.24995672834699,57.280681915646966,292.21385348725147,265.9500000000001,239.68614651274876,10.764162963671822,13.857340558634153,-3.093177594962331
2025-06-23,2368,6637177,1787885783,262.0,273.0,262.0,269.5,3.0,6179,266.50000000000006,273.25,267.2500000000001,25.982905982905894,18.25963086832654,52.76431924259928,59.13303815385904,291.4316045786828,267.2500000000001,243.06839542131743,10.051498331413143,13.096172113189951,-3.044673781776808
2025-06-24,2368,9903457,2704761009,270.0,277.5,268.5,274.0,0.0,7970,267.50000000000006,272.5,268.80000000000007,41.538461538461455,28.361823361823383,60.06927709353099,61.80817817541687,290.40185177247315,268.80000000000007,247.198148227527,9.737570219741428,12.424451734500247,-2.6868815147588183
2025-06-25,2368,7485239,2048058503,277.5,278.5,270.0,272.0,-2.0,6103,269.20000000000005,271.45,270.2250000000001,50.546686018384044,39.3560178465839,55.60999769394554,59.93048711236709,288.46088495247255,270.2250000000001,251.98911504752763,9.22110152575658,11.783781692751514,-2.5626801669949337
2025-06-26,2368,5467117,1478877244,274.5,277.0,267.0,269.5,-2.5,5077,270.30000000000007,270.55,271.3750000000001,53.33333333333325,48.472826963393025,50.17774209256818,57.575905908503714,286.03063031738134,271.3750000000001,256.7193696826189,8.51194683359455,11.12941472092012,-2.617467887325571
2025-06-27,2368,6735165,1849461957,270.5,277.0,269.0,276.0,6.5,6407,272.20000000000005,270.35,272.17500000000007,56.603773584905575,53.49459764554106,61.566116290151285,61.780367620634,285.9817918069271,272.17500000000007,258.36820819307303,8.377857580947989,10.579103292925694,-2.2012457119777054
2025-06-30,2368,26899628,7923331994,276.0,303.5,275.0,295.0,19.0,23590,277.30000000000007,271.9,274.17500000000007,65.53869291769202,58.49193327864373,78.40206484498134,70.86867473870255,289.0015808600581,274.17500000000007,259.34841913994205,9.692997253877934,10.401882085116142,-0.7088848312382083
2025-07-01,2368,12850352,3790092911,296.0,300.5,291.0,294.5,-0.5,11443,281.40000000000003,274.45,275.4750000000001,77.25594749794904,66.46613800018231,77.36163653770085,70.39428533461405,292.482277853902,275.4750000000001,258.46772214609814,10.573029792454065,10.436111626583727,0.13691816587033756
2025-07-02,2368,8977890,2613640730,292.0,298.5,287.0,290.5,-4.0,8794,285.1,277.15,276.6000000000001,77.89855072463759,73.56439704675965,68.83582099877923,66.55595575042659,294.43704011319875,276.6000000000001,258.7629598868014,10.82293528800568,10.513476358868118,0.3094589291375627
2025-07-03,2368,7580902,2200865094,293.5,293.5,287.0,290.0,-0.5,6222,289.20000000000005,279.75,277.1500000000001,73.21459752051676,76.1230319143679,67.74699835468904,66.07099077466123,295.90393292085133,277.1500000000001,258.39606707914885,10.85550585816145,10.581882258726784,0.2736235994346661
2025-07-04,2368,19594679,5858605956,292.0,305.5,291.5,300.5,10.5,17333,294.1,283.15,278.6500000000001,75.40733232194724,75.50682685570064,76.75514688265554,70.87110373433646,299.69542705672194,278.6500000000001,257.60457294327824,11.594921480270273,10.784490103035482,0.8104313772347904
2025-07-07,2368,8693519,2594078350,299.5,303.0,294.0,298.0,-2.5,7632,294.70000000000005,286.0,279.6250000000001,78.33411568351319,75.65201517532584,71.22903162347511,68.39020201901714,302.2962924201458,279.6250000000001,256.95370757985444,11.842669657361,10.996126013900586,0.8465436434604143
2025-07-08,2368,24115431,7546801129,297.5,319.5,297.0,315.5,17.5,21660,298.90000000000003,290.15,281.3250000000001,86.63780663780658,80.12641821442246,81.88195178815072,74.99007377787474,308.8772685091405,281.3250000000001,253.7727314908597,13.297826552148763,11.456466121550221,1.8413604305985416
2025-07-09,2368,19154002,6135398850,315.0,323.5,315.0,323.0,7.5,16040,305.40000000000003,295.25,283.3500000000001,90.66100056925738,85.21097429685916,84.71222565137523,77.18833204968725,316.36227044599974,283.3500000000001,250.33772955400042,14.8846551557329,12.142103928386756,2.7425512273461443
2025-07-10,2368,13881309,4409960431,318.0,324.5,313.5,314.0,-9.0,12943,310.20000000000005,299.7,285.1250000000001,90.08379999205681,89.12753573304038,69.51042510732394,69.3149854345742,320.6269365668943,285.1250000000001,249.62306343310593,15.240322521438657,12.761747646997136,2.47857487444152
2025-07-11,2368,11320519,3485655308,315.5,315.5,302.0,310.5,-3.5,11033,312.20000000000005,303.15,286.7500000000001,80.1790380872949,86.9746128828698,64.27710198561559,66.47524980138229,323.742566820914,286.7500000000001,249.75743317908623,15.066098121106279,13.222617741818965,1.843480379287314
2025-07-14,2368,12679766,3941679807,312.0,319.0,305.5,310.0,-0.5,11125,314.6,304.65,288.2750000000001,67.59595959595954,79.28626589177053,63.48054472584847,66.05889009786827,326.44236171128193,288.2750000000001,250.10763828871825,14.718018056787628,13.521697804812698,1.1963202519749299
2025-07-15,2368,12100479,3809393455,311.0,320.0,307.5,320.0,10.0,9942,315.50000000000006,307.2,290.8250000000001,70.66666666666661,72.81388811664046,71.6718880311406,70.0933971186977,330.29305670412157,290.8250000000001,251.35694329587864,15.07529985190223,13.832418214230604,1.2428816376716263
2025-07-16,2368,9858334,3142519842,320.0,322.5,314.5,317.5,-2.5,8906,314.40000000000003,309.9,293.5250000000001,76.04040404040398,71.43434343434349,67.27095054482307,67.91976859180751,332.53201859921904,293.5250000000001,254.51798140078117,14.983992997910548,14.062733170966592,0.921259826943956
2025-07-17,2368,6433490,2049826563,319.5,321.0,316.0,319.5,2.0,5791,315.50000000000006,312.85,296.30000000000007,83.46481205497594,76.7239609206823,69.04499311136561,68.7545442008233,334.3964565281313,296.30000000000007,258.20354347186884,14.901242693524864,14.230435075478246,0.6708076180466183
2025-07-18,2368,13043645,4235014883,321.5,330.0,317.0,330.0,10.5,12401,319.40000000000003,315.8,299.4750000000001,87.46481205497594,82.3233427167854,76.76048737469948,72.76186100238195,337.69211004249036,299.4750000000001,261.2578899575098,15.504201940020153,14.485188448386626,1.019013491633526
2025-07-21,2368,10818111,3606573849,330.5,339.5,327.5,332.5,2.5,10004,323.90000000000003,319.25,302.6250000000001,88.3132969034608,86.41430700447101,78.26530509014819,73.62907749446032,340.8256217226853,302.6250000000001,264.42437827731493,15.999350045507697,14.78802076781084,1.2113292776968567
2025-07-22,2368,18218534,6101819391,335.0,346.0,324.0,326.5,-6.0,17323,325.20000000000005,320.35,305.2500000000001,79.00505050505046,84.92771982116251,66.25313802195055,68.03083361112037,342.4232430654052,305.2500000000001,268.07675693459504,15.726325341311224,14.975681682510917,0.7506436588003069
2025-07-23,2368,7099636,2330536795,331.0,333.0,325.0,326.5,0.0,6981,327.00000000000006,320.7,307.9750000000001,64.2323232323232,77.18355688027827,66.25313802195053,68.03083361112037,342.92278247614297,307.9750000000001,273.0272175238572,15.333199714475654,15.047185288903865,0.28601442557178913
2025-07-24,2368,14480370,4852817784,327.5,345.0,325.0,331.0,4.5,12979,329.30000000000007,322.4,311.05000000000007,58.108866442199734,67.11541339319125,70.82431454114364,70.01396774199429,342.569676394276,311.05000000000007,279.53032360572416,15.20943234627714,15.07963470037852,0.12979764589861986
2025-07-25,2368,6313307,2112694873,334.0,338.0,330.0,337.5,6.5,6236,330.80000000000007,325.1,314.1250000000001,65.52228635561964,62.62115867671431,76.24645397400236,72.65284092758975,343.27783005129567,314.1250000000001,284.97216994870456,15.457655264682558,15.155238813239327,0.30241645144323037
2025-07-28,2368,9005897,3098118212,340.5,349.5,338.5,345.0,7.5,8822,333.30000000000007,328.6,316.6250000000001,76.00929934263263,66.54681738015078,80.99982671608598,75.34855870481077,347.32333057349746,316.6250000000001,285.92666942650277,16.074266892895537,15.339044429170569,0.735222463724968
2025-07-29,2368,8279832,2889843462,345.0,353.5,343.5,349.5,4.5,8847,337.90000000000003,331.55,319.3750000000001,84.79942279942276,75.44366949922512,83.33432881290157,76.82468585860946,351.4746495307928,319.3750000000001,287.2753504692074,16.733159001690353,15.617867343674526,1.1152916580158276
2025-07-30,2368,9535871,3352886325,353.0,358.0,346.0,353.5,4.0,8759,343.30000000000007,335.15,322.5250000000001,88.50019357336426,83.10297190514,85.2178425712441,78.08109877793935,355.0341910080787,322.5250000000001,290.01580899192146,17.377782061268192,15.969850287193259,1.4079317740749335
2025-07-31,2368,14847173,5499638377,354.0,380.0,354.0,374.5,21.0,14622,352.00000000000006,340.65,326.7500000000001,89.512098335269,87.60390490268544,91.26470145354808,83.2233745118267,363.0012068764578,326.7500000000001,290.49879312354244,19.36000489072353,16.647881207899314,2.712123682824217
2025-08-01,2368,15003505,5674451057,368.5,383.5,366.5,378.0,3.5,12411,360.1,345.45,330.6250000000001,89.98642139782737,89.33290443548698,91.90831684094377,83.90126833285933,371.1415089809048,330.6250000000001,290.1084910190954,20.97160391789538,17.512625749898525,3.458978167996854
2025-08-04,2368,9931924,3639867177,373.0,375.0,360.5,362.0,-16.0,11733,363.50000000000006,348.4,333.8250000000001,81.39424573248097,86.96425515519256,65.98062659527186,69.98029888440885,373.63237996904314,333.8250000000001,294.01762003095706,20.718906814763443,18.15388196287151,2.565024851891934
2025-08-05,2368,11336098,4200244281,369.0,378.5,363.0,366.5,4.5,11375,366.90000000000003,352.4,336.3750000000001,74.98144556968082,82.12070423332983,68.8628473028024,71.41674661652273,377.66649428150674,336.3750000000001,295.0835057184935,20.64378621470547,18.651862813238303,1.9919234014671687
2025-08-06,2368,7012677,2580480893,366.5,372.0,365.0,368.0,1.5,7037,369.80000000000007,356.55,338.6250000000001,68.40535719040385,74.92701616418866,69.85602504707825,71.89942964341786,381.62485465091373,338.6250000000001,295.6251453490865,20.46933234041842,19.015356718674326,1.4539756217440925
2025-08-07,2368,11090348,4077351120,370.5,373.5,360.5,372.0,4.0,9614,369.30000000000007,360.65,341.5250000000001,72.13755092259758,71.84145122756087,72.57730793888601,73.19915693872964,385.30681700203644,341.5250000000001,297.74318299796374,20.418471529049157,19.29597968074929,1.122491848299866
2025-08-08,2368,18306378,7400928057,380.5,409.0,380.5,409.0,37.0,11368,375.50000000000006,367.8,346.4500000000001,81.82416060920725,74.12235624073634,86.10968023027982,81.65265887569082,396.82747512529517,346.4500000000001,296.07252487470504,23.097501132346224,20.056283971068677,3.0412171612775474
2025-08-11,2368,20668538,8987378373,423.5,449.5,423.0,440.5,31.5,19912,391.20000000000005,377.35,352.9750000000001,88.58293075684374,80.8482140962163,90.67850880537239,85.76830732295299,415.19193901181404,352.9750000000001,290.7580609881861,27.446057076441093,21.53423859214316,5.911818484297932
2025-08-12,2368,13752580,6212068210,444.0,461.0,441.5,461.0,20.5,15600,410.1,388.5,360.0250000000001,97.10144927536226,89.16951354713785,92.54123712402037,87.70176978347504,436.10750455919396,360.0250000000001,283.9424954408062,32.17559740783804,23.662510355282137,8.513087052555903
2025-08-13,2368,21053529,9767623491,475.0,477.5,450.0,460.0,-1.0,23480,428.5,399.15,367.1500000000001,92.11569428960728,92.60002477393788,91.50064340563475,87.08028592108492,452.1371166707039,367.1500000000001,282.1628833292963,35.434632169954284,26.016934718216568,9.417697451737716
2025-08-14,2368,12148575,5654036285,469.0,475.0,455.5,466.0,6.0,12663,447.3,408.3,374.4750000000001,91.73789173789167,93.65167843428719,92.12083269436808,87.64596019597606,466.7157041386811,374.4750000000001,282.2342958613191,38.062825990188344,28.426112972610923,9.63671301757742
2025-08-15,2368,9728986,4490529186,460.0,467.0,455.5,465.5,-0.5,11749,458.6,417.05,381.2500000000001,88.31908831908827,90.72422478219586,91.47191216756929,87.30291943233969,479.1593968932486,381.2500000000001,283.34060310675164,39.64830176398783,30.670550730886305,8.977751033101526
2025-08-18,2368,11951824,5668740347,468.0,481.0,466.5,478.5,13.0,12992,466.2,428.7,388.55000000000007,92.61328037261642,90.89008680986558,92.97333507845033,88.55696439440277,492.42150716149115,388.55000000000007,284.678492838509,41.47568817634931,32.83157821997891,8.6441099563704
2025-08-19,2368,15169177,7268330033,485.0,492.0,467.5,468.0,-10.5,16843,467.6,438.85,395.6250000000001,89.80598345885562,90.24611738352023,79.74389261180767,81.55098176317267,500.89364442938233,395.6250000000001,290.3563555706179,41.59713692476532,34.58468996093619,7.0124469638291345
2025-08-20,2368,15073419,6805365816,450.0,463.0,443.0,443.5,-24.5,18437,464.3,446.4,401.4750000000001,78.7255342618145,87.04826603109564,57.47917345856657,68.02740142010651,503.68726687633836,401.4750000000001,299.2627331236618,39.263831677230655,35.52051830419508,3.7433133730355763
2025-08-21,2368,10383490,4696796356,449.0,460.0,445.0,449.0,5.5,10811,460.9,454.1,407.3750000000001,58.644150334137954,75.72522268493614,60.37661547542819,69.25979803512499,506.20054072707984,407.3750000000001,308.5494592729204,37.42703888583196,35.90182242052246,1.525216465309505
2025-08-22,2368,9334700,4294191866,453.5,466.0,452.0,459.0,10.0,10196,459.6,459.1,413.4500000000001,42.94562230643024,60.10510230079435,65.38060739571662,71.41705338063392,509.238256065134,413.4500000000001,317.6617439348662,36.35915805056709,35.993289546531386,0.3658685040357028
2025-08-25,2368,7520960,3507949670,474.0,480.0,458.0,465.5,6.5,8328,457.0,461.6,419.4750000000001,39.41766403792104,47.002478892829856,68.40630548847656,72.75541382661007,512.3994182117908,419.4750000000001,326.5505817882094,35.62666841552408,35.91996532032992,-0.2932969048058425
2025-08-26,2368,6309602,2894324430,467.5,470.5,450.0,458.0,-7.5,8583,455.0,461.3,424.9000000000001,37.06135919714415,39.80821518049859,61.205348467262354,68.75501696039773,513.4141796550123,424.9000000000001,336.3858203449879,34.04848800726501,35.54566985771694,-1.4971818504519305
2025-08-27,2368,12231982,5841897639,465.0,487.0,463.5,476.0,18.0,13835,461.5,462.9,431.0250000000001,47.95918367346934,41.47940230284496,70.03692907131523,72.6428259659531,515.8032253883607,431.0250000000001,346.2467746116394,33.85990235398782,35.20851635697112,-1.3486140029832967
2025-08-28,2368,7062569,3393419183,480.5,487.0,471.5,486.0,10.0,7828,468.9,464.9,436.6000000000001,61.90476190476185,48.97510159179189,73.88954183281027,74.53832585044152,520.435911159835,436.6000000000001,352.7640888401652,34.12400302616106,34.9916136908091,-0.8676106646480406
2025-08-29,2368,12164015,6139159289,494.0,514.0,492.0,505.0,19.0,14178,478.1,468.85,442.9500000000001,80.80866149276606,63.55753569033252,79.68083223682218,77.69986335181449,527.3069202851766,442.9500000000001,358.5930797148236,35.45771149551433,35.08483325175015,0.372878243764184
2025-09-01,2368,14523977,6839831404,499.5,499.5,454.5,456.5,-48.5,22038,476.3,466.65,447.67500000000007,64.69771006994341,69.13704448915722,47.985038787368936,57.92714679915167,523.5230553475154,447.67500000000007,371.8269446524847,32.22961743024399,34.51379008744892,-2.284172657204927
2025-09-02,2368,16843334,7411236999,466.0,466.0,428.5,435.0,-21.5,20838,471.7,463.35,451.1000000000001,37.980122450100154,61.16216467093665,39.797598528086034,51.65211926906779,517.5850359103435,451.1000000000001,384.6149640896566,27.618095100698895,33.13465109009891,-5.516555989400018
2025-09-03,2368,7602155,3336064135,437.0,445.0,433.0,442.0,7.0,8676,464.9,463.2,454.80000000000007,14.135299124179717,38.937710548074534,43.46188951105763,53.421272228984584,509.5808360651763,454.80000000000007,400.01916393482384,24.24874746244336,31.357470364567803,-7.108722902124441
2025-09-04,2368,8718267,3809894147,446.0,449.0,427.0,436.5,-5.5,9660,455.0,461.95,458.0250000000001,11.437117698460652,21.18417975758028,41.1651222602831,51.81688722370866,498.7085040280409,458.0250000000001,417.34149597195926,20.893859740591324,29.26474823977251,-8.370888499181184
2025-09-05,2368,7819841,3472377187,450.0,453.0,439.0,439.0,2.5,8363,441.8,459.95,459.5250000000001,13.500705787457088,13.024374203365925,42.76897329794573,52.51497976490212,494.70805700191056,459.5250000000001,424.3419429980896,18.226709989959772,27.05714058980996,-8.830430599850189
2025-09-08,2368,5083824,2266973285,443.5,451.5,434.5,449.0,10.0,5959,440.3,458.3,459.9500000000001,16.666666666666604,13.868163384194887,49.22790957603934,55.30448248580085,494.40126993304705,459.9500000000001,425.49873006695316,16.727071752399922,24.991126822327953,-8.26405506992803
2025-09-09,2368,14825630,6947854127,457.5,477.5,453.0,465.0,16.0,16588,446.3,459.0,460.1500000000001,27.586206896551662,19.251193116891887,58.062707557470475,59.41279930044969,494.66970451784954,460.1500000000001,425.63029548215064,16.63787288533854,23.32047603493007,-6.682603149591532
2025-09-10,2368,16005007,7814629346,475.0,501.0,472.0,489.0,24.0,18026,455.7,460.3,461.6000000000001,46.743295019157024,30.3320561941252,67.85221225916706,64.6601553698545,498.33771903643026,461.6000000000001,424.8622809635699,18.292912258605668,22.31496327966519,-4.0220510210595215
2025-09-11,2368,16275228,8115604866,499.0,512.0,483.0,493.5,4.5,18146,467.1,461.05,462.9750000000001,64.39260761775968,46.240703177822894,69.41403102443851,65.55925925654353,502.24009263964257,462.9750000000001,423.7099073603576,19.740103650668402,21.79999135386583,-2.059887703197429
2025-09-12,2368,9543480,4691744957,501.0,501.0,484.5,487.0,-6.5,10771,476.7,459.25,464.05000000000007,73.3626324092855,61.4995116820675,64.16113041238602,63.06346602962499,504.68606772314234,464.05000000000007,423.4139322768578,20.130466095724216,21.466086302237507,-1.3356202065132905
2025-09-15,2368,11261469,5233915575,483.5,483.5,449.0,469.0,-18.0,14251,480.7,460.5,463.5750000000001,66.07843137254896,67.94455713319815,51.5562395623684,56.633724439593,503.7437378442443,463.5750000000001,423.4062621557559,18.771001161272466,20.9270692740445,-2.156068112772033
2025-09-16,2368,7047704,3241055121,470.5,470.5,453.5,459.0,-10.0,8982,479.5,462.9,463.1250000000001,52.54901960784307,63.99669446322594,45.73292386273818,53.377699565653735,503.28701563666334,463.1250000000001,422.9629843633369,16.69425796577582,20.08050701239076,-3.3862490466149424
2025-09-17,2368,6976023,3147194275,456.0,457.0,448.0,448.0,-11.0,7929,471.3,463.5,463.3500000000001,34.82605945604042,51.151170145477586,39.943041866261815,49.97412581941092,503.1182033790789,463.3500000000001,423.58179662092124,13.999439132087275,18.864293436330065,-4.86485430424279
2025-09-18,2368,9118342,4027215108,448.0,450.0,436.0,443.5,-4.5,10467,461.3,464.2,463.0750000000001,22.226438962681783,36.53383934218853,37.66705857256228,48.608621344497664,503.3096554601835,463.0750000000001,422.8403445398167,11.369601708176504,17.365355090699353,-5.9957533825228495
2025-09-19,2368,11125400,4864841441,450.0,450.0,433.0,435.5,-8.0,9256,451.0,463.85,461.9000000000001,10.73227167551375,22.594923364745423,33.68597479793933,46.19216794700141,503.876898408526,461.9000000000001,419.92310159147416,8.541443023252896,15.600572677210062,-7.059129653957166
2025-09-22,2368,6611521,2952677068,444.0,454.0,437.5,449.5,14.0,8082,447.1,463.9,461.1000000000001,11.88784537906622,14.948852005754022,45.45586711486429,50.80151667924743,503.3807284705419,461.1000000000001,418.81927152945826,7.345119916566318,13.949482125081314,-6.604362208514996
2025-09-23,2368,8186129,3754336713,460.0,464.5,454.0,455.0,5.5,9923,446.3,462.9,460.9500000000001,17.299578059071663,13.306565037883983,49.5591454618795,52.52221165202252,503.29489343474165,460.9500000000001,418.60510656525855,6.762871101737005,12.512159920412453,-5.749288818675447
2025-09-24,2368,6558416,2983522570,455.0,462.0,440.5,459.0,4.0,7682,448.5,459.9,460.1000000000001,28.989823777612244,19.39241573858348,52.585620520452935,53.78807895722787,501.88109620390173,460.1000000000001,418.3189037960984,6.548711818303957,11.319470299990753,-4.770758481686796
2025-09-25,2368,5829223,2598762483,455.0,460.0,438.0,438.0,-21.0,9276,447.4,454.35,457.7000000000001,25.328128494159852,23.872510110281357,38.45375462700417,46.741979199318386,498.7626350834877,457.7000000000001,416.6373649165125,4.631080336203411,9.981792307233285,-5.350711971029874
2025-09-26,2368,10923659,4556016326,435.0,439.0,409.0,412.5,-25.5,15386,442.8,446.9,453.0750000000001,17.942447042408627,24.086799771393682,27.85060635181262,39.90592221033792,492.59369810608257,453.0750000000001,413.55630189391763,1.0416986298715756,8.193773571760943,-7.152074941889367
2025-09-30,2368,6661410,2864160805,422.5,436.5,420.0,435.5,23.0,7636,440.0,443.55,452.0250000000001,21.113264919108854,21.461280151892552,44.07697053779202,47.38096668492478,492.23379878832134,452.0250000000001,411.81620121167884,0.05239161061018649,6.565497179530792,-6.513105568920605
2025-10-01,2368,6315941,2760166208,438.5,445.5,432.0,435.0,-0.5,7143,436.0,441.15,452.0250000000001,33.42855050172117,24.161420821079655,43.82698259492131,47.24338836675078,492.23379878832134,452.0250000000001,411.81620121167884,-0.7631895766813273,5.099759828288368,-5.8629494049696955
2025-10-02,2368,8366444,3687004686,434.5,453.5,431.0,435.0,0.0,8993,431.2,439.85,451.67500000000007,47.14714714714709,33.89632085599248,43.82698259492132,47.24338836675078,492.3459663027536,451.67500000000007,411.00403369724654,-1.3934803692694686,3.801111788776801,-5.1945921580462695
2025-10-03,2368,3484607,1530588944,437.0,442.5,434.5,441.5,6.5,4138,431.9,439.65,451.92500000000007,50.75075075075069,43.77548279987309,48.950151932296635,49.45611331717285,492.2800182752993,451.92500000000007,411.5699817247008,-1.3528993051232305,2.770309569996795,-4.123208875120025
2025-10-07,2368,6997150,3041607273,443.5,450.5,428.0,431.0,-10.5,10541,435.6,439.2,451.5250000000001,48.34834834834829,48.748748748748795,41.77050037469491,46.09296652011079,492.53777240079785,451.5250000000001,410.51222759920233,-2.1432942058049775,1.7875888148364403,-3.930883020641418
2025-10-08,2368,4676620,2043075207,430.0,443.0,429.0,435.5,4.5,4873,435.6,437.8,450.8500000000001,49.39939939939935,49.49949949949956,45.749066182069505,47.733397673654764,492.44699508377636,450.8500000000001,409.2530049162238,-2.379150105703104,0.9542410307285313,-3.3333911364316355
2025-10-09,2368,4006260,1739530456,438.5,442.0,429.0,434.0,-1.5,4814,435.4,435.7,449.30000000000007,46.21974916092557,47.98916563622452,44.564928406774754,47.21759937306117,490.9826102829445,449.30000000000007,407.61738971705563,-2.656482789603899,0.23209626666204508,-2.8885790562659444
2025-10-13,2368,4212805,1777920615,415.0,427.5,411.5,425.5,-8.5,5933,433.5,432.35,446.1250000000001,45.36608650951012,46.9950783566118,38.05333617838235,44.29654423598549,484.7926544414018,446.1250000000001,407.45734555859843,-3.5215556013255878,-0.5186341069354815,-3.0029214943901064
2025-10-14,2368,6242950,2617880656,431.0,434.0,410.0,411.5,-14.0,8745,427.5,429.7,442.0250000000001,29.848845130199773,40.47822693354527,29.711307977018247,39.916467260767355,476.9369965054949,442.0250000000001,407.1130034945053,-5.275996629297538,-1.4701066114078927,-3.805890017889645
2025-10-15,2368,4395516,1826628469,413.5,424.0,409.0,413.0,1.5,4885,423.9,429.75,438.3250000000001,16.505230530801963,30.573387390170737,31.58601672519078,40.59424657720053,468.78854378596856,438.3250000000001,407.86145621403165,-6.470775250879058,-2.4702403393021255,-4.000534911576932
2025-10-16,2368,7375897,3055622560,415.0,421.0,406.0,416.0,3.0,7457,420.0,427.8,435.67500000000007,11.163223828653331,19.172433163218475,35.5942220436108,42.00337397672698,464.1605665206041,435.67500000000007,407.18943347939603,-7.09379809968641,-3.3949518913789825,-3.6988462083074274
2025-10-17,2368,7671825,3099413424,412.0,412.0,399.0,404.0,-12.0,10513,414.0,424.7,432.92500000000007,13.250044495989565,13.639499618481738,27.951929530729437,38.1093553192313,462.47203876871146,432.92500000000007,403.3779612312887,-8.458345367559048,-4.407630586614996,-4.050714780944052
2025-10-20,2368,5304866,2182411911,405.0,416.0,405.0,414.0,10.0,5986,411.7,422.6,431.2250000000001,19.962527678419296,14.791932001020848,40.3941663019945,42.863080896919584,461.0184137016847,431.2250000000001,401.43158629831544,-8.633322909424407,-5.2527690511768785,-3.380553858247529
2025-10-21,2368,3938080,1660883347,417.0,426.0,415.0,420.5,6.5,5050,413.5,420.5,430.0750000000001,29.23286260664896,20.815144927019393,47.296215563369095,45.77835777268679,459.65924411743003,430.0750000000001,400.49075588257017,-8.153509611348227,-5.832917163211148,-2.320592448137079
2025-10-22,2368,8294530,3356426670,421.5,421.5,398.5,400.5,-20.0,12771,411.0,417.45,428.3250000000001,27.529183701764833,25.57485799561115,33.40897704780352,39.157956274157904,460.45018482436524,428.3250000000001,396.19981517563497,-9.2801116187091,-6.522356054310738,-2.7577555643983613
2025-10-23,2368,7762219,3060502108,395.0,400.5,388.5,399.0,-1.5,9323,407.6,413.8,425.80000000000007,25.512753529994853,27.42493327946967,32.572134458087916,38.70584368063072,458.79757566852055,425.80000000000007,392.8024243314796,-10.176678870986564,-7.253220617645903,-2.9234582533406606
2025-10-27,2368,3591604,1467063111,411.0,413.0,404.0,408.0,9.0,4449,408.4,411.2,423.4500000000001,23.51058902783035,25.517508753196797,42.6311362392361,42.96117237134138,454.4272497165198,423.4500000000001,392.4727502834804,-10.045195335067376,-7.811615561130198,-2.233579773937178
2025-10-28,2368,5139434,2143329176,409.5,426.0,406.0,422.5,14.5,6934,410.1,410.9,421.6250000000001,52.20024420024415,33.74119558602323,55.194797078254545,49.09314847641607,447.9629479079076,421.6250000000001,395.2870520920926,-8.671010851540188,-7.9834946192121965,-0.687516232327992
2025-10-29,2368,7625182,3236010562,432.0,438.0,413.5,416.0,-6.5,9705,409.2,411.35,420.5250000000001,63.02645502645498,46.24576275150994,49.52278485237049,46.670966883684414,445.8537879694185,420.5250000000001,395.1962120305817,-8.014074166707871,-7.9896105287113315,-0.024463637996539944
2025-10-30,2368,7188447,3027465531,416.0,430.0,410.0,423.5,7.5,8345,413.8,412.4,421.0750000000001,72.30976430976426,62.51215451215458,55.65699728611102,49.751604424166494,446.1594075074476,421.0750000000001,395.9905924925526,-6.809761104042025,-7.75364064377747,0.9438795397354456
2025-10-31,2368,22391234,10287225260,447.5,465.5,443.0,465.5,42.0,19758,427.1,417.35,422.5750000000001,75.42087542087536,70.25236491903165,75.2820464576349,62.734167285352136,453.7731970632867,422.5750000000001,391.3768029367135,-2.438179518146626,-6.690548418651302,4.252368900504676
2025-11-03,2368,26925046,13081950600,480.0,499.5,468.0,493.0,27.5,27703,444.1,426.25,425.4750000000001,88.28373828373823,78.67145933812606,81.52725863757813,68.47708610521168,469.07256300528405,425.4750000000001,381.8774369947161,3.208366505197546,-4.710765433881532,7.919131939079078
2025-11-04,2368,17072907,8447360144,498.0,507.0,483.0,483.0,-10.0,19615,456.2,433.15,427.8750000000001,91.29699319572732,85.00053563344709,73.63447862536185,64.57973023567297,478.0884195210764,427.8750000000001,377.66158047892384,6.79801519579263,-2.4090093079466994,9.20702450373933
2025-11-05,2368,14484325,6697292479,461.0,473.0,446.0,464.5,-18.5,17420,465.9,437.55,429.0250000000001,79.34200022807612,86.30757723584735,60.90771485788938,58.00270577678616,481.4391917804684,429.0250000000001,376.6108082195318,8.05716428163447,-0.31577459003046515,8.372938871664935
2025-11-06,2368,15575992,7545697277,496.0,499.5,473.5,478.5,14.0,15650,476.9,445.35,431.4000000000001,72.07065120915429,80.9032148776527,66.08323792457035,61.2213084818008,488.0873883681348,431.4000000000001,374.7126116318654,10.06866667901329,1.761113663778286,8.307553015235005
2025-11-07,2368,8637992,4062110926,479.5,485.0,464.0,464.5,-14.0,10875,476.7,451.9,432.8500000000001,64.79530342121095,72.06931828614724,57.241793650004226,56.55372633101698,491.3376910127236,432.8500000000001,374.36230898727655,10.41307833873725,3.491506598770079,6.921571739967171
2025-11-10,2368,15674423,7592634281,473.0,493.0,470.0,482.0,17.5,15741,474.5,459.3,435.2500000000001,68.15923109676594,68.34172857571052,64.22249090033996,60.597677311962705,497.54486335164154,435.2500000000001,372.9551366483587,11.96026037027326,5.185257353070716,6.775003017202545
2025-11-11,2368,20960999,10438404642,486.0,508.0,483.0,498.5,16.5,21633,477.6,466.9,438.9000000000001,74.15123955063291,69.03525802287005,69.66943065945676,64.00007821673469,506.7856391293456,438.9000000000001,371.01436087065457,14.35238007737098,7.018681897930769,7.333698179440212
2025-11-12,2368,5759369,3144503212,540.0,548.0,539.0,548.0,49.5,5782,494.3,480.1,445.7250000000001,88.17764219089695,76.82937094609872,80.21304451939305,71.85258211607433,527.2881503805472,445.7250000000001,364.16184961945294,20.01170600085362,9.61728671851534,10.394419282338282
2025-11-13,2368,25916962,14629950883,560.0,576.0,545.0,567.0,19.0,27187,512.0,494.45,453.42500000000007,94.46101517530086,85.59663230561036,82.87836457192003,74.18059765181977,549.0426108256205,453.42500000000007,357.80738917437964,25.733266698729153,12.840482714558103,12.89278398417105
2025-11-14,2368,12361628,6803391164,553.0,567.0,539.0,544.0,-23.0,16511,527.9,502.3,459.8250000000001,89.48717948717945,90.7086122844592,69.63190824811721,66.96077239382019,561.508467191081,459.8250000000001,358.14153280891924,28.08795651388823,15.889977474424128,12.197979039464101
2025-11-17,2368,12112596,6698712779,565.0,574.0,533.0,537.0,-7.0,14918,538.9,506.7,466.4750000000001,79.48717948717945,87.81179138322004,65.89242962996184,64.89075463855897,570.0633560058743,466.4750000000001,362.8866439941258,29.054303730735,18.522842725686303,10.531461005048698
2025-11-18,2368,11809584,6096854226,530.0,540.0,500.0,507.0,-30.0,15389,540.6,509.1,471.1250000000001,61.25915750915746,76.74450549450556,51.94443457257025,56.78823838692604,573.2121563909953,471.1250000000001,369.03784360900494,27.08714780398259,20.23570374134556,6.851444062637029
2025-11-19,2368,14258003,7461296976,518.0,537.0,514.0,522.0,15.0,15023,535.4,514.85,476.2000000000001,53.39285714285709,64.71306471306478,57.22611104348558,59.51052542187223,577.8062990173328,476.2000000000001,374.59370098266743,26.4338245245728,21.475327897991008,4.958496626581791
2025-11-20,2368,15605248,8922700985,564.0,574.0,564.0,574.0,52.0,15766,536.8,524.4,484.8750000000001,62.76392632524702,59.13864699242063,70.38876572651009,67.22018510528805,588.7484205656074,484.8750000000001,381.0015794343928,29.768869539000264,23.13403622619286,6.634833312807405
2025-11-21,2368,17140179,9459348147,551.0,564.0,539.0,550.0,-24.0,19271,538.0,532.95,492.42500000000007,73.98064419519069,63.3791425544317,60.38332029256177,61.40835253245044,592.0996081005576,492.42500000000007,392.7503918994425,30.128020253562966,24.53283303166688,5.5951872218960865
2025-11-24,2368,45353940,24733230444,571.0,571.0,534.0,540.0,-10.0,20898,538.6,538.75,499.0250000000001,74.26259908240874,70.33572320094892,56.48059578943641,59.114930320960354,592.7690531447179,499.0250000000001,405.28094685528237,29.268346081171217,25.479935641567746,3.788410439603471
2025-11-25,2368,21699345,12734509069,556.0,594.0,555.0,594.0,54.0,20430,556.0,548.3,507.6000000000001,74.8915299000188,74.37825772587286,69.0734243327748,66.41021488280892,603.1335543146998,507.6000000000001,412.0664456853003,32.568962087631576,26.89774093078051,5.671221156851065
2025-11-26,2368,23847965,14319252314,600.0,614.0,582.0,610.0,16.0,26485,573.6,554.5,517.3000000000001,83.04093567251456,77.39835488498082,71.88559844002944,68.219666011376,613.056670785902,517.3000000000001,421.5433292140981,36.06011181249221,28.730215107122852,7.329896705369357
2025-11-27,2368,18674852,11720346669,621.0,638.0,613.0,627.0,17.0,22870,584.2,560.5,527.4750000000001,96.17340452580721,84.70195669944697,74.73353660136175,70.06483005225064,624.440702699457,527.4750000000001,430.50929730054327,39.740526989377486,30.932277483573777,8.808249505803708
2025-11-28,2368,10583556,6659993926,630.0,638.0,618.0,633.0,6.0,13003,600.8,569.4,535.8500000000001,94.9656750572082,91.39333841851011,75.74522793050355,70.71117664312835,638.7125782294004,535.8500000000001,432.98742177059984,42.64979213378183,33.27578041361539,9.374011720166443
2025-12-01,2368,17609699,10753626086,628.0,628.0,594.0,622.0,-11.0,23408,617.2,577.9,542.3000000000001,91.83419043166585,94.32442333822722,69.76992343269626,67.82004462240751,649.6845426493019,542.3000000000001,434.91545735069826,43.56560052744578,35.333744436381465,8.231856091064316
2025-12-02,2368,18231392,11196843426,620.0,640.0,596.0,600.0,-22.0,28672,618.4,587.2,548.1500000000001,81.91257891038246,89.57081479975231,58.92384736641356,62.33097825540601,654.7197424225078,548.1500000000001,441.5802575774924,42.031654391114785,36.67332642732813,5.358327963786657
2025-12-03,2368,11243508,6701566744,605.0,612.0,586.0,589.0,-11.0,18173,614.2,593.9,554.3750000000001,67.08257252992489,80.27644729065787,54.024771838406636,59.7279854652935,655.0546280287106,554.3750000000001,453.6953719712897,39.473358650215914,37.23333287190569,2.240025778310226
2025-12-04,2368,7637261,4511698019,592.0,603.0,582.0,582.0,-7.0,12191,605.2,594.7,559.5500000000001,53.14465408805027,67.37993517611935,50.88386350021159,58.06617206328916,654.5788903439358,559.5500000000001,464.52110965606437,36.46075248683121,37.07881679489079,-0.61806430805958
2025-12-05,2368,10012733,5886367175,582.0,598.0,575.0,596.0,14.0,13155,597.8,599.3,566.1250000000001,48.46836847946721,56.231865032480925,56.75086896056134,60.43704248676603,651.6608842825601,566.1250000000001,480.58911571744017,34.80175047863145,36.62340353163892,-1.8216530530074735
2025-12-08,2368,7528358,4464561149,597.0,602.0,586.0,588.0,-8.0,11336,591.0,604.1,571.4250000000001,37.83943766185715,46.48415340979168,52.56489219214134,58.40496749433619,648.1343703532996,571.4250000000001,494.71562964670056,32.467184797236996,35.79215978475854,-3.324974987521543
2025-12-09,2368,9092648,5395757976,587.0,601.0,586.0,596.0,8.0,10399,590.2,604.3,576.3000000000001,33.51432880844641,39.940711649923735,56.323435493965746,59.85846789324919,645.9163773834844,576.3000000000001,506.6836226165157,30.906289351161718,34.81498569803917,-3.9086963468774556
2025-12-10,2368,12942431,7902002035,596.0,622.0,588.0,616.0,20.0,17159,595.6,604.9,579.7,38.46153846153842,36.60510164394747,64.52242593073574,63.31024824716627,650.0934656058358,579.7,509.30653439416426,30.926598738411485,34.03730830611364,-3.110709567702152
2025-12-11,2368,9874279,6023780788,623.0,623.0,601.0,603.0,-13.0,14589,599.8,602.5,581.5000000000001,46.153846153846104,39.37657114127712,56.481950300444225,59.715766681502544,652.3420778916009,581.5000000000001,510.65792210839936,29.553033742799016,33.14045339345071,-3.5874196506516967
2025-12-12,2368,7432286,4565692151,609.0,620.0,607.0,618.0,15.0,9617,604.2,601.0,585.2,57.43589743589738,47.350427350427445,62.73345891483828,62.37051359834068,655.5494136436105,585.2,514.8505863563896,29.33667331896811,32.37969737855419,-3.043024059586081
2025-12-15,2368,6236566,3772585586,603.0,610.0,600.0,603.0,-15.0,10021,607.2,599.1,588.5000000000001,55.85470085470081,53.14814814814824,53.728763173718164,58.23742362353488,655.613336975593,588.5000000000001,521.3866630244072,27.636257906348874,31.431009484113126,-3.794751577764252
2025-12-16,2368,8739613,5230624269,603.0,611.0,585.0,594.0,-9.0,12082,606.8,598.5,592.8500000000001,54.6901709401709,55.99358974358984,48.823146449345835,55.84617408659689,648.5824860382113,592.8500000000001,537.117513961789,25.27113178072011,30.19903394343452,-4.92790216271441
2025-12-17,2368,7220545,4262236471,596.0,599.0,583.0,586.0,-8.0,11656,600.8,598.2,596.0500000000001,40.27777777777774,50.27421652421663,44.60017983940956,53.734119947691774,641.5537361103418,596.0500000000001,550.5462638896583,22.49194599248426,28.65761635324447,-6.16567036076021
2025-12-18,2368,4251938,2485218466,581.0,593.0,577.0,589.0,3.0,6355,598.0,598.9,596.8000000000001,29.528985507246343,41.49897807506514,46.62016046681532,54.43011397714369,641.3088755193791,596.8000000000001,552.2911244806211,20.29751899608891,26.985596881813358,-6.6880778857244465
2025-12-19,2368,9862253,6016798230,597.0,620.0,596.0,608.0,19.0,12148,596.0,600.1,599.7,38.79830917874392,36.20169082125614,57.9491826462223,58.67064587590245,638.8719287245337,599.7,560.5280712754663,19.862597343686957,25.56099697418808,-5.698399630501122
2025-12-22,2368,12059991,7707128254,626.0,651.0,625.0,650.0,42.0,18406,605.4,606.3,605.2,64.0423031727379,44.12319928624286,72.823812612486,66.16577328837886,639.9367240827327,605.2,570.4632759172674,22.645919726065017,24.977981524563468,-2.332061798498451
2025-12-23,2368,6220432,4032094233,656.0,657.0,640.0,651.0,1.0,9893,616.8,611.8,608.0500000000001,86.1799843321582,63.00686556121348,73.08824295139932,66.32237526805947,647.6554289207884,608.0500000000001,568.4445710792118,24.648284330765023,24.91204208580378,-0.26375775503875687
2025-12-24,2368,9860631,6533285534,656.0,670.0,651.0,668.0,17.0,13183,633.2,617.0,610.95,96.33270367141331,82.18499705876995,77.4416207481425,68.95319735101637,658.4156718060511,610.95,563.484328193949,27.292321735236328,25.38809801569029,1.9042237195460388
2025-12-26,2368,10017525,6938720388,672.0,703.0,668.0,697.0,29.0,15234,654.8,626.4,614.45,95.19585253456218,92.56951351271137,82.93544859733306,72.8495700888085,674.7276077826576,614.45,554.1723922173425,31.36622771611576,26.583723955775383,4.782503760340376
2025-12-29,2368,4449305,3087757850,701.0,702.0,687.0,697.0,0.0,8509,672.6,634.3,617.6500000000001,96.1085509472606,95.87903571774551,82.93544859733306,72.84957008880849,687.5535764464133,617.6500000000001,547.7464235535869,34.20058450778913,28.107096066178133,6.093488441610997
2025-12-30,2368,4228365,2914811815,696.0,696.0,683.0,692.0,-5.0,7624,681.0,643.2,621.1500000000001,93.9153439153439,95.07324913238904,78.45176012343819,71.06617354661981,698.2169189730562,621.1500000000001,544.083081026944,35.632623766133975,29.6122016061693,6.020422159964674
2025-12-31,2368,5219892,3579845000,696.0,698.0,676.0,687.0,-5.0,9762,688.2,652.5,625.5000000000001,91.26984126984125,93.7645787108154,73.79716711870448,69.24073474300302,706.9947851092293,625.5000000000001,544.005214890771,35.94966166066479,30.879693617068398,5.06996804359639
2026-01-02,2368,14169480,9258745775,684.0,687.0,636.0,643.0,-44.0,33125,683.2,658.2,628.2,74.1655540720961,86.4502464190939,45.86159231381445,55.68532975419447,708.2439879066493,628.2,548.1560120933508,32.278398909534644,31.15943467556165,1.1189642339729957
2026-01-05,2368,10686621,6801679582,649.0,654.0,626.0,634.0,-9.0,18122,670.6,662.7,630.8000000000001,47.58842749496953,71.00794094563578,42.06194012152904,53.38319923000705,707.9999999999976,630.8000000000001,553.6000000000025,28.316259729480635,30.590799686345445,-2.2745399568648104
2026-01-06,2368,7731396,5052166995,641.0,662.0,640.0,662.0,28.0,11951,663.6,668.1,634.1000000000001,34.072313978856016,51.94209851530737,55.45680629642622,59.05464740677871,710.707832497724,634.1000000000001,557.4921675022763,27.122945446196468,29.897228838315648,-2.7742833921191803
2026-01-07,2368,9058719,5871182059,667.0,667.0,640.0,643.0,-19.0,14661,653.8,667.4,636.8500000000001,26.78987678987677,36.150206087900926,46.87701474199746,54.233000651406456,710.5338516908514,636.8500000000001,563.1661483091489,24.36324969209977,28.790433009072473,-4.427183316972702
2026-01-08,2368,5563641,3550114620,644.0,648.0,632.0,632.0,-11.0,11087,642.8,665.5,638.6500000000001,25.541125541125524,28.801105436619594,42.44192114571984,51.605970678606575,709.9753811766864,638.6500000000001,567.3246188233138,21.045958150376123,27.241538037333203,-6.195579886957081
2026-01-09,2368,9211573,5897868855,631.0,653.0,628.0,637.0,5.0,11601,641.6,662.4,639.7,14.781271360218712,22.370757897073826,45.19179354424381,52.72689810739715,710.2750664186696,639.7,569.1249335813305,18.60596098064525,25.514422625995614,-6.908461645350364
2026-01-12,2368,10662290,7113039395,654.0,679.0,654.0,666.0,29.0,14806,648.0,659.3,642.8500000000001,25.940482519429874,22.087626473591527,58.581601251807946,58.70178479099578,712.2049565640367,642.8500000000001,573.4950434359636,18.7956388564329,24.17066587208307,-5.3750270156501685
2026-01-13,2368,7142432,4730779483,672.0,676.0,651.0,655.0,-11.0,11225,646.6,655.1,644.7,36.7690058479532,25.830253242534088,52.86618105056967,55.81985341460869,713.274339223938,644.7,576.1256607760621,17.852558686677526,22.90704443500196,-5.054485748324435
2026-01-14,2368,7522917,5065325180,662.0,683.0,661.0,678.0,23.0,11477,653.6,653.7,648.45,60.35974499089252,41.023077786092024,61.92731201182414,60.2177180216844,715.6823582808138,648.45,581.2176417191863,18.744988084314514,22.074633164864473,-3.329645080549959
2026-01-15,2368,9540116,6466308409,680.0,697.0,665.0,668.0,-10.0,12799,660.8,651.8,652.1500000000001,61.55953633152893,52.89609572345838,56.4250567288766,57.53601117999404,714.9903532771694,652.1500000000001,589.3096467228307,18.432846010277217,21.34627573394702,-2.913429723669804
2026-01-16,2368,6879545,4595430254,674.0,679.0,652.0,677.0,9.0,10153,668.8,655.2,656.7,71.80510799014407,64.57479643752201,60.14338882481859,59.2930554527358,712.5071679983828,656.7,600.8928320016173,18.69617804901975,20.816256196961568,-2.1200781479418183
2026-01-19,2368,15681144,9984844497,679.0,683.0,618.0,624.0,-53.0,35024,660.4,654.2,658.45,45.92145301331624,59.76203244499658,37.91517520062089,46.968154061350106,707.4335686735835,658.45,609.4664313264166,14.461510238359097,19.545307005241074,-5.083796766881978
2026-01-20,2368,7910123,4965614291,622.0,639.0,619.0,630.0,6.0,13150,655.4,651.0,659.5500000000001,31.26643429340181,49.664331765620865,40.804697697011214,48.278867382901716,704.7980938825015,659.5500000000001,614.3019061174987,11.457579500794736,17.927761504351807,-6.4701820035570705
2026-01-21,2368,14388370,8703455200,624.0,630.0,593.0,596.0,-34.0,28205,639.0,646.3,656.8500000000001,8.556475170399208,28.58145415903925,31.203618773471685,41.9514017387091,709.8378287911411,656.8500000000001,603.8621712088592,6.261251093861915,15.594459422253829,-9.333208328391914
2026-01-22,2368,8170982,5063045904,612.0,629.0,606.0,626.0,30.0,12100,630.6,645.7,655.6000000000001,16.601752677702034,18.808220713834515,44.61792523363171,48.38001918522893,710.2347874526778,655.6000000000001,600.9652125473225,4.511862728386177,13.377940083480299,-8.866077355094122
2026-01-23,2368,8955353,5777816443,639.0,653.0,633.0,646.0,20.0,14521,624.4,646.6,654.5000000000001,28.52564102564101,17.894622957914248,51.91090143440857,52.182006135274946,708.97751829883,654.5000000000001,600.0224817011702,4.685283664513349,11.639408799686908,-6.954125135173559
2026-01-26,2368,7808831,5098315911,654.0,668.0,636.0,666.0,20.0,12204,632.8,646.6,652.95,50.96153846153845,32.02964405496066,58.31505320839568,55.696145482606795,704.1690394287092,652.95,601.7309605712909,6.363202817723959,10.584167603294318,-4.220964785570359
2026-01-27,2368,9582990,6537704304,672.0,692.0,668.0,686.0,20.0,14751,644.0,649.7,652.4000000000001,70.19230769230768,49.89316239316255,63.92063456149953,58.94533347062709,701.9233278364812,652.4000000000001,602.876672163519,9.200738304510423,10.30748174353754,-1.1067434390271167
2026-01-28,2368,14158110,10182694667,703.0,734.0,696.0,720.0,34.0,21341,668.8,653.9,653.8000000000001,83.22876886706673,68.12753834030445,71.51723474853982,63.80508921680347,708.9818810842818,653.8000000000001,598.6181189157184,14.031277636841423,11.052240922198317,2.9790367146431063
2026-01-29,2368,10227310,7232947435,731.0,744.0,688.0,692.0,-28.0,17678,682.0,656.3,654.0500000000001,81.68563760539242,78.3689047215891,59.48390645769068,57.74309182737811,709.872844785981,654.0500000000001,598.2271552140191,15.422369391381949,11.926266616035043,3.4961027753469054
2026-01-30,2368,9300155,6486271190,693.0,709.0,682.0,701.0,9.0,13387,693.0,658.7,656.95,75.71900490034913,80.2111371242696,61.88860773211078,59.08856276960628,716.1022611571169,656.95,597.7977388428832,17.05445131426825,12.951903555681685,4.102547758586564
2026-02-02,2368,9794943,6930164866,703.0,726.0,685.0,706.0,5.0,14091,701.0,666.9,660.5500000000001,70.6401766004415,76.0149397020612,63.3003949434801,59.853345623380314,722.3803323620335,660.5500000000001,598.7196676379666,18.53765565482854,14.069053975511057,4.468601679317484
2026-02-03,2368,11296125,8323925750,728.0,765.0,715.0,755.0,49.0,19017,714.8,679.4,665.2,80.02276923931304,75.4606502467014,74.21935139258241,66.46871835186832,739.4983176121759,665.2,590.9016823878242,23.3972869113378,15.934700562676406,7.462586348661395
2026-02-04,2368,11067383,8586695122,760.0,800.0,745.0,797.0,42.0,17171,730.2,699.5,672.9000000000001,88.91624057478778,79.85972880484762,80.13086510642627,70.8956317833629,765.9524583232454,672.9000000000001,579.8475416767548,30.288481919584797,18.805456834058084,11.483025085526712
2026-02-05,2368,9322180,7259597269,797.0,805.0,758.0,760.0,-37.0,17805,743.8,712.9,679.3000000000001,88.42902190111981,85.78934390507372,64.8481169940162,63.00417274681098,777.6749968233783,679.3000000000001,580.9250031766219,32.390831491065114,21.52253176545949,10.868299725605624
2026-02-06,2368,10110364,7420752774,736.0,760.0,701.0,745.0,-15.0,15707,752.6,722.8,684.7,75.9269178138346,84.4240600965809,59.48241508722937,60.08424146645209,785.0316500412493,684.7,584.3683499587507,32.472263987340966,23.712478209835787,8.75978577750518
2026-02-09,2368,7356141,5868489611,806.0,808.0,783.0,797.0,52.0,13650,770.8,735.9,691.2500000000001,73.61566729899128,79.32386900464876,69.64174126220738,65.97184419145901,802.3677303583871,691.2500000000001,580.1322696416131,36.31415823385521,26.23281421463967,10.081344019215539
2026-02-10,2368,10837840,8959345806,801.0,846.0,796.0,846.0,49.0,16945,789.0,751.9,700.8000000000001,82.49140694396169,77.34466401892938,76.2017675683708,70.40213216921781,829.287509120536,700.8000000000001,572.3124908794641,42.8191846864363,29.550088308998998,13.269096377437304
2026-02-11,2368,11200192,9321042130,862.0,863.0,813.0,829.0,-17.0,20526,795.4,762.8,708.3500000000001,90.82843696103366,82.31183706799573,70.07292325620628,67.13633865582966,847.8638344394534,708.3500000000001,568.8361655605469,46.071622110123144,32.85439506922383,13.217227040899317
2026-02-23,2368,8530571,7070769373,845.0,857.0,812.0,818.0,-11.0,13422,807.0,775.4,715.8500000000001,85.31152357895174,86.21045582798253,66.06190019489021,65.0341446674872,861.8572258485833,715.8500000000001,569.842774151417,47.21730246075958,35.72697654753098,11.490325913228602
2026-02-24,2368,6121104,5081505467,820.0,840.0,819.0,833.0,15.0,9513,824.6,788.6,723.6500000000001,79.1386840727789,85.09288153758827,68.89451346707305,66.5713004260787,877.0048499396075,723.6500000000001,570.2951500603926,48.773407550736806,38.336262748172146,10.43714480256466
2026-02-25,2368,7582416,6355810921,842.0,858.0,822.0,845.0,12.0,11129,834.2,802.5,734.7,81.69649049798863,82.04889938323993,71.1425073903689,67.79119690224469,889.5820196149298,734.7,579.8179803850703,50.39402085427173,40.74781436939206,9.64620648487967
2026-02-26,2368,8963475,7400370440,847.0,856.0,812.0,826.0,-19.0,17254,830.2,809.6,744.5000000000001,82.51028806584362,81.11515421220389,62.76363856278731,63.82003519376952,896.4177408994735,744.5000000000001,592.5822591005267,49.57377178035449,42.513005851584545,7.060765928769946
2026-03-02,2368,7950948,6318608799,784.0,806.0,781.0,787.0,-39.0,23076,821.8,808.6,754.0500000000001,73.04526748971195,79.08401535118156,48.95598671957352,56.50335316846068,890.6698741032935,754.0500000000001,617.4301258967066,45.255072115258486,43.061419104319334,2.193653010939151
2026-03-03,2368,7741612,6023314211,781.0,804.0,760.0,766.0,-21.0,16494,811.4,809.2,761.0500000000001,45.35738543289785,66.97098032948463,43.01169938401681,52.98112345527643,884.4120281934416,761.0500000000001,637.6879718065585,39.680534518784384,42.38524218721234,-2.7047076684279574
2026-03-04,2368,9464246,6791559017,748.0,759.0,697.0,709.0,-57.0,21136,786.6,805.6,764.2,22.046859378061225,46.81650410022383,31.06659414526119,44.81514062174181,878.5373954574795,764.2,649.8626045425206,30.313810937287258,39.97095593722732,-9.657144999940066
2026-03-05,2368,7982705,5905229315,743.0,761.0,722.0,736.0,27.0,12144,764.8,799.5,767.7,12.182711428237235,26.528985413065598,40.23851790701466,48.837772885184705,873.7869454739836,767.7,661.6130545260165,24.783599459620973,36.93348464170605,-12.149885182085079
2026-03-06,2368,12156649,9495957419,730.0,809.0,729.0,792.0,56.0,20558,758.0,794.1,773.0000000000001,29.909700915463105,21.37975724058735,54.79327084089649,56.001474114357144,872.6252979920225,773.0000000000001,673.3747020079777,24.63561497473006,34.473910708310854,-9.838295733580793
2026-03-09,2368,11468216,8626295898,733.0,768.0,720.0,761.0,-31.0,16731,752.8,787.3,775.0500000000001,40.75057995958992,27.61433076776358,47.346146986845774,51.68700154262289,871.8765975855791,775.0500000000001,678.223402414421,21.76599049255367,31.932326665159415,-10.166336172605746
2026-03-10,2368,13502808,11007111031,793.0,832.0,787.0,817.0,56.0,20738,763.0,787.2,781.3000000000001,57.76397515527952,42.80808534344434,59.07012282696207,57.984257081344126,871.8076792322048,781.3000000000001,690.7923207677953,23.736900194636974,30.293241371054926,-6.556341176417952
2026-03-11,2368,9954146,8862793186,866.0,898.0,865.0,898.0,81.0,14775,800.8,793.7,791.1500000000001,71.42857142857144,56.64770884781379,70.24884888174341,65.07518559607264,887.2630064039176,791.1500000000001,695.0369935960825,31.472092694051184,30.52901163565418,0.9430810583970057
2026-03-12,2368,15841662,14513838518,898.0,935.0,891.0,911.0,13.0,23368,835.8,800.3,801.4000000000001,88.15004262574598,72.44752973653247,71.69628827283817,66.06506236542977,902.5936756917113,801.4000000000001,700.2063243082889,38.210809407905,32.065371190104344,6.14543821780066
2026-03-13,2368,12446530,11607875564,900.0,965.0,893.0,935.0,24.0,19617,864.4,811.2,810.4000000000001,92.90731217860281,84.16197541097357,74.38086463007882,67.875312189759,924.6600542621936,810.4000000000001,696.1399457378066,44.96950985997967,34.64619892407941,10.32331093590026
2026-03-16,2368,7395861,6848125247,956.0,956.0,907.0,909.0,-26.0,18026,894.0,823.4,816.0000000000001,85.94213804924958,88.99983095119961,66.4186920992638,63.89855318564266,937.8129713946713,816.0000000000001,694.1870286053289,47.67824087103543,37.25260731347061,10.425633557564815
2026-03-17,2368,6437561,5910254480,916.0,935.0,905.0,917.0,8.0,11838,914.0,838.5,823.85,82.77287034216674,87.20744019000654,67.66136127210729,64.58608483958818,950.3605133971092,823.85,697.3394866028908,49.895300884016024,39.781146027579695,10.114154856436329
2026-03-18,2368,6664207,6142762422,926.0,938.0,912.0,917.0,0.0,10960,917.8,859.3,832.45,79.97360138085087,82.89620325742256,67.6613612721073,64.58608483958818,959.7331096414594,832.45,705.1668903585407,51.06370629721721,42.037658081507196,9.026048215710013
2026-03-19,2368,12942040,12628302244,908.0,1005.0,907.0,1005.0,88.0,23806,936.6,886.2,842.85,86.9387755102041,83.2284157444074,79.19065310899933,71.50834374421856,989.382283132421,842.85,696.3177168675791,58.417144084799816,45.31355528216572,13.103588802634093
2026-03-20,2368,25449507,25100965419,1030.0,1040.0,934.0,988.0,-17.0,26866,947.2,905.8,849.95,86.6182678605039,84.51021491718645,73.300822753218,68.71406040659284,1009.580166322032,849.95,690.3198336779681,62.156536720828285,48.68215156989824,13.474385150930047
2026-03-23,2368,10072083,9661948252,940.0,981.0,936.0,962.0,-26.0,18228,957.8,925.9,856.6,78.291737248259,83.94959353965582,64.71285093401372,64.55897946437491,1023.1177468019541,856.6,690.0822531980459,62.30384962118296,51.406491180155186,10.897358441027777
2026-03-24,2368,12664717,11804977347,991.0,997.0,888.0,888.0,-74.0,32380,952.0,933.0,860.1,44.95840391492567,69.95613634122968,46.588404222002715,54.464372082821214,1026.1673357406564,860.1,694.0326642593437,55.80611642777217,52.28641622967858,3.519700198093588
2026-03-25,2368,8660995,8052826293,919.0,950.0,913.0,922.0,34.0,14637,953.0,935.4,864.55,25.932330827067677,49.7274906634176,53.560393947370855,57.73440163934349,1032.235986295815,864.55,696.8640137041848,52.79158339672074,52.38744966308701,0.40413373363372784
2026-03-26,2368,7064041,6614455616,935.0,953.0,918.0,918.0,-4.0,11527,935.6,936.1,868.2,14.035087719298254,28.30860748709735,52.617678269084244,57.21384588948153,1037.1977514643308,868.2,699.2022485356691,49.509067963313214,51.81177332313225,-2.3027053598190363
2026-03-27,2368,4937362,4542490265,890.0,935.0,890.0,924.0,6.0,8550,922.8,935.0,873.1,21.929824561403517,20.632414369256637,54.03352491803456,57.82807716253296,1042.601504418103,873.1,703.5984955818969,46.8517231882696,50.81976329615972,-3.9680401078901184
2026-03-30,2368,6234652,5568577602,894.0,911.0,875.0,898.0,-26.0,14606,910.0,933.9,878.65,19.12014885699097,18.361687045897735,46.94213160032589,54.19719413959181,1043.7224386443725,878.65,713.5775613556274,42.16176106322666,49.08816284957311,-6.926401786346446
2026-03-31,2368,8418167,7378850401,890.0,914.0,854.0,860.0,-38.0,16262,904.4,928.2,883.35,13.61647030577422,18.22214790805639,38.358243882807635,49.32284578426284,1040.4872330162393,883.35,726.2127669837607,34.97547437194544,46.26562515404758,-11.290150782102138
2026-04-01,2368,7499563,6997637375,905.0,946.0,904.0,946.0,86.0,17111,909.2,931.1,895.2,22.209188660801573,18.315269274522407,58.42929931886653,58.434071140280544,1032.4437248110087,895.2,757.9562751889914,35.80701073208752,44.173902269655564,-8.366891537568044
2026-04-02,2368,10146068,9468613609,977.0,980.0,900.0,905.0,-41.0,18571,906.6,921.1,903.65,29.450835902448816,21.75883162300836,49.47008266790352,53.49601429961475,1019.8416950560571,903.65,787.4583049439428,32.77978696032312,41.895079207789074,-9.115292247465952
2026-04-07,2368,5759089,5381911008,927.0,955.0,918.0,927.0,22.0,9887,907.2,915.0,910.4,45.39188410156154,32.35063622160413,53.89563070811182,55.66121060983764,1014.9665338432911,910.4,805.8334661567088,31.789457373210553,39.87395484087337,-8.084497467662814
2026-04-08,2368,8015709,7952646786,983.0,1015.0,974.0,998.0,71.0,16807,927.2,918.6,922.25,58.7180935007022,44.52027116823768,65.3288627246232,61.836724412091336,1008.523692398088,922.25,835.976307601912,36.31510276936797,39.16218442657229,-2.8470816572043205
2026-04-09,2368,9838380,10450128450,1010.0,1095.0,1000.0,1095.0,97.0,20307,974.2,939.3,936.15,80.16331494592366,61.424430849395954,75.15083828469746,68.32716616570028,1038.2446129822727,936.15,834.0553870177272,47.184880754740675,40.766723692205964,6.418157062534711
2026-04-10,2368,9042307,9787092340,1130.0,1130.0,1040.0,1090.0,-5.0,16420,1003.0,956.1,945.75,91.64941338854385,76.84360727839005,73.89199059383536,67.68813197437963,1066.1557722868793,945.75,825.3442277131207,54.76450874037744,43.566280701840256,11.19822803853718
2026-04-13,2368,4989390,5338861430,1090.0,1100.0,1050.0,1055.0,-35.0,10900,1033.0,969.8,952.95,86.11111111111114,85.97461314852637,65.00002611740369,63.230156578089556,1081.152145067856,952.95,824.7478549321442,57.28684395715402,46.310393352903006,10.976450604251013
2026-04-14,2368,7030618,8018629515,1110.0,1160.0,1110.0,1150.0,95.0,15286,1077.6,992.4,963.7,85.02178649237476,87.59410366401006,74.65731670626043,69.16614687209142,1117.5663056032731,963.7,809.8336943967269,66.18853856907697,50.286022396137795,15.902516172939173
2026-04-15,2368,9300414,10916878880,1185.0,1210.0,1130.0,1165.0,15.0,15613,1111.0,1019.1,976.5,85.01399468935153,85.38229743094597,75.88312634207543,69.98994450055112,1151.2151968204253,976.5,801.7848031795749,73.6050965861782,54.949837234145875,18.65525935203233
2026-04-16,2368,4307343,5030870050,1195.0,1200.0,1145.0,1165.0,0.0,8877,1125.0,1049.6,988.9,89.23325602642494,86.42301240271723,75.88312634207541,69.98994450055113,1179.4485764837939,988.9,798.3514235162061,78.57698566981958,59.67526692128062,18.90171874853896
2026-04-17,2368,3836017,4520334720,1165.0,1200.0,1160.0,1175.0,10.0,7545,1142.0,1072.5,1001.8,86.32714685520698,86.85813252366131,76.89712813804543,70.59732067668367,1205.6034347109987,1001.8,797.9965652890012,82.37459693854339,64.21513292473317,18.159464013810222
2026-04-20,2368,5889970,7026288110,1190.0,1230.0,1145.0,1210.0,35.0,12353,1173.0,1103.0,1012.05,88.56168986595965,88.04069758253068,80.28235376809356,72.6813459466102,1235.1710209729245,1012.05,788.9289790270755,87.20321434921277,68.81274920962909,18.390465139583682
2026-04-21,2368,4412657,5378641355,1215.0,1240.0,1195.0,1225.0,15.0,9177,1188.0,1132.8,1023.9,91.31706621004567,88.7353009770709,81.62833837492894,73.5467192874523,1265.095273585533,1023.9,782.7047264144669,91.1891315302305,73.28802567374937,17.901105856481124
2026-04-22,2368,4021743,5018462510,1235.0,1275.0,1225.0,1250.0,25.0,9031,1205.0,1158.0,1038.3,91.76640070921987,90.5483855950752,83.7811263223233,74.96983855080488,1296.764001361893,1038.3,779.835998638107,95.26711072868875,77.68384268473724,17.583268043951506
2026-04-23,2368,8411514,10882103030,1375.0,1375.0,1225.0,1265.0,15.0,17896,1225.0,1175.0,1057.15,83.08851609383525,88.7239943377004,85.01064152089764,75.81069354348084,1323.876282919399,1057.15,790.4237170806011,98.57302479325085,81.86167910643996,16.711345686810887
2026-04-24,2368,8735359,12001744990,1315.0,1390.0,1300.0,1390.0,125.0,17923,1268.0,1205.0,1080.55,85.1718494271686,86.67558874340806,91.37064277720583,81.41402429631393,1376.2819563388434,1080.55,784.8180436611565,110.01129906271422,87.49160309769482,22.519695965019395
2026-04-27,2368,10113037,14450344535,1420.0,1470.0,1385.0,1420.0,30.0,17359,1310.0,1241.5,1105.65,83.81598793363501,84.02545115154645,92.28698248113174,82.46393169354347,1426.1154583570583,1105.65,785.1845416429419,120.11238233294648,94.01575894474516,26.096623388201323
2026-04-28,2368,5537197,7725233475,1410.0,1425.0,1370.0,1390.0,-30.0,13440,1343.0,1265.5,1128.95,86.89291101055808,85.29358279045404,82.11413008937024,77.73496021696714,1460.7604730113253,1128.95,797.1395269886747,124.2643719910152,100.06548155399916,24.198890437016033
2026-04-29,2368,5672136,7663072420,1325.0,1390.0,1300.0,1360.0,-30.0,13326,1365.0,1285.0,1152.05,75.61085972850681,82.10658622423345,72.75735884474823,73.2135020026829,1480.6424375270985,1152.05,823.4575624729014,123.70807474886374,104.79400019297208,18.91407455589166
2026-04-30,2368,4979385,6848070865,1360.0,1410.0,1320.0,1390.0,30.0,10765,1390.0,1307.5,1178.55,72.30769230769234,78.27048768225255,75.95402508752431,74.7924829646989,1493.8742616735994,1178.55,863.2257383264005,124.25561309476939,108.68632277333154,15.569290321437848
2026-05-04,2368,4541472,6530525725,1430.0,1480.0,1400.0,1440.0,50.0,9806,1400.0,1334.0,1203.25,75.83445793972112,74.58433665864023,80.42117266930015,77.20431487779031,1519.231565918013,1203.25,887.2684340819869,127.25718173506857,112.40049456567894,14.85668716938963
2026-05-05,2368,3705312,5399805060,1450.0,1490.0,1420.0,1480.0,40.0,8561,1412.0,1361.0,1232.0,85.85864758655227,78.00026594465538,83.31430891592511,78.9402919489631,1538.7011574806975,1232.0,925.2988425193025,131.3494969747892,116.190295047501,15.159201927288194
2026-05-06,2368,6284760,9194356730,1510.0,1520.0,1405.0,1445.0,-35.0,13575,1423.0,1383.0,1257.9,85.58919952049403,82.4274350155893,72.39389725955878,73.65480328586301,1543.9964173141623,1257.9,971.8035826858379,130.2668437070513,119.00560477941106,11.261238927640235
2026-05-07,2368,4092588,5947969610,1460.0,1470.0,1435.0,1450.0,5.0,7411,1441.0,1403.0,1280.5,79.66150148753285,83.7031161981932,72.98408188868407,73.92341428242908,1551.9387592073026,1280.5,1009.0612407926974,128.33294905333037,120.87107363419491,7.461875419135453
2026-05-08,2368,7086129,9570314935,1460.0,1460.0,1305.0,1330.0,-120.0,28713,1429.0,1409.5,1292.25,52.131484334874166,72.46072844763384,45.6548373857199,58.50579962360821,1550.5806989112984,1292.25,1033.9193010887016,115.78265610180165,119.85339012771627,-4.070734025914618
2026-05-11,2368,5404968,7402355415,1310.0,1410.0,1305.0,1400.0,70.0,11878,1421.0,1410.5,1307.75,42.42424242424243,58.07240941554998,56.691468327954865,63.31257548859103,1552.5248965886822,1307.75,1062.9751034113178,110.21439061440105,117.92559022505323,-7.711199610652173
2026-05-12,2368,4642474,6596395625,1400.0,1465.0,1390.0,1390.0,-10.0,10287,1403.0,1407.5,1324.5,33.333333333333336,42.62968669748347,54.83543541381288,62.203984560484,1542.1442050687315,1324.5,1106.8557949312685,103.79806419989154,115.10008502002088,-11.302020820129343
2026-05-13,2368,9273875,12560073745,1390.0,1440.0,1310.0,1350.0,-40.0,20421,1384.0,1403.5,1334.5,35.764622973925306,37.174066243833856,47.56787719261919,57.84120428365412,1537.0067900096192,1334.5,1131.9932099903808,94.3972607218584,110.9595201603884,-16.562259438529992
2026-05-14,2368,7002469,10087000345,1400.0,1480.0,1375.0,1430.0,80.0,16636,1380.0,1410.5,1347.75,39.99295278365046,36.36363636363652,59.95242670048035,63.37405169760581,1538.4978702371275,1347.75,1157.0021297628725,92.3379729744322,107.23521072319716,-14.897237748764951
2026-05-15,2368,7370631,9846594245,1450.0,1455.0,1290.0,1290.0,-140.0,33663,1372.0,1400.5,1354.0,26.356589147286826,34.03805496828769,40.44704635007357,50.80761755713108,1527.8275007011262,1354.0,1180.1724992988738,78.50419513272323,101.48900760510237,-22.984812472379147
2026-05-18,2368,7982652,9919379185,1220.0,1270.0,1215.0,1250.0,-40.0,16873,1342.0,1381.5,1357.75,23.204981573262174,29.85150783473331,36.489760560845916,47.88598465486123,1518.7305888919532,1357.75,1196.7694111080468,63.58024730650982,93.90725554538386,-30.327008238874043
2026-05-19,2368,6451905,8340096370,1260.0,1325.0,1245.0,1285.0,35.0,10307,1321.0,1362.0,1361.5,12.630168058562743,20.730579593037408,42.25696144429317,50.56470094143862,1511.66990377569,1361.5,1211.33009622431,53.95515715997226,85.91683586830155,-31.961678708329288
2026-05-20,2368,5873749,7318594370,1305.0,1305.0,1220.0,1235.0,-50.0,12095,1298.0,1341.0,1362.0,15.145891329002994,16.99368032027613,36.7022359523128,46.859146493448684,1510.4048516727132,1362.0,1213.5951483272868,41.81065454191594,77.09559960302443,-35.28494506110849
2026-05-21,2368,5210531,6678755810,1280.0,1305.0,1260.0,1285.0,50.0,9708,1269.0,1324.5,1363.75,20.12578616352202,15.967281850362744,45.118798187411414,50.746280161512836,1507.585843933284,1363.75,1219.914156066716,35.80786013128022,68.83805170867558,-33.03019157739536
2026-05-22,2368,5646399,7536327845,1325.0,1365.0,1305.0,1330.0,45.0,11437,1277.0,1324.5,1367.0,25.786163522012583,20.35261367151269,51.84237987505244,54.00704483644155,1504.5645303121412,1367.0,1229.4354696878588,34.286492884984,61.92773994393726,-27.64124705895326
2026-05-25,2368,6665391,9454795880,1400.0,1455.0,1360.0,1425.0,95.0,14669,1312.0,1327.0,1368.75,49.68553459119497,31.86582809224335,63.0052337796218,60.02398504120763,1508.3162924921344,1368.75,1229.1837075078656,40.28215680443873,57.59862331603755,-17.316466511598826
2026-05-26,2368,5681233,8268692910,1465.0,1495.0,1425.0,1445.0,20.0,11649,1344.0,1332.5,1370.0,68.26145552560648,47.91105121293817,64.99799961766207,61.17553023618908,1511.8097316829844,1370.0,1228.1902683170156,46.11599996863333,55.30209864655671,-9.186098677923376
2026-05-27,2368,5687897,8012579530,1450.0,1470.0,1370.0,1375.0,-70.0,18409,1372.0,1335.0,1369.25,72.84366576819407,63.596885294998664,53.27908093157549,55.18388005596025,1510.787097610485,1369.25,1227.712902389515,44.577090767149,53.157097070675164,-8.580006303526162
2026-05-28,2368,5166050,6902832985,1395.0,1420.0,1290.0,1305.0,-70.0,21305,1376.0,1322.5,1366.5,57.142857142857146,66.08265947888606,44.01970939641643,49.918662387419516,1510.7601816164115,1366.5,1222.2398183835885,37.27934605638893,49.98154686781792,-12.702200811428987
2026-05-29,2368,6593515,8648234955,1335.0,1360.0,1275.0,1320.0,15.0,14128,1374.0,1325.5,1363.0,41.883116883116884,57.28987993138952,46.350639980963024,50.997607334340046,1508.2033057474932,1363.0,1217.7966942525068,32.33348514560657,46.45193452337565,-14.118449377769075
2026-06-01,2368,4844214,6427001700,1345.0,1350.0,1300.0,1325.0,5.0,11410,1354.0,1333.0,1357.25,35.56277056277057,44.86291486291501,47.2055259599362,51.37366833915552,1498.8647944248764,1357.25,1215.6352055751236,28.488910527237522,42.859329724148026,-14.370419196910504
2026-06-02,2368,7260097,9233736190,1330.0,1330.0,1235.0,1275.0,-50.0,22111,1320.0,1332.0,1347.0,29.976689976689983,35.80752580752596,39.80549599916321,47.45192193782481,1481.0671473553457,1347.0,1212.9328526446543,21.163515478347335,38.520166874987886,-17.35665139664055
2026-06-03,2368,7490127,10392032110,1360.0,1400.0,1350.0,1385.0,110.0,16773,1322.0,1347.0,1344.0,37.08624708624709,34.208569208569365,57.07614978901755,55.50022165407126,1471.694948999559,1344.0,1216.305051000441,23.957994964506497,35.60773249289161,-11.64973752838511
2026-06-04,2368,4195749,5648250635,1350.0,1370.0,1315.0,1350.0,-35.0,9439,1331.0,1353.5,1339.0,39.10256410256411,35.388500388500546,51.58232276240559,52.732722232640924,1457.1778321006102,1339.0,1220.8221678993898,23.082353593667904,33.10265671304687,-10.020303119378966
2026-06-05,2368,5359587,7024663220,1290.0,1350.0,1270.0,1315.0,-35.0,10218,1330.0,1352.0,1338.25,44.23076923076923,40.139860139860296,46.37460622419793,50.04527124823414,1456.8364663441828,1338.25,1219.6635336558172,19.341240227983462,30.350373416034188,-11.009133188050725
2026-06-08,2368,5888790,7709870810,1185.0,1365.0,1185.0,1360.0,45.0,13335,1337.0,1345.5,1336.25,45.46783625730995,42.93372319688125,53.42749872985486,53.3379780930676,1451.9165465897552,1336.25,1220.5834534102448,19.779499098424594,28.23619855251227,-8.456699454087676
2026-06-09,2368,12023156,17612051400,1410.0,1495.0,1350.0,1495.0,135.0,26574,1381.0,1350.5,1341.5,64.05757984705353,51.25206177837773,68.10813160210232,61.53020964406228,1474.657801123329,1341.5,1208.342198876671,30.66668768240652,28.72229637849112,1.944391303915399
2026-06-10,2368,9767166,14626725630,1500.0,1580.0,1415.0,1420.0,-75.0,20800,1388.0,1355.0,1345.0,73.63239321933526,61.052603107899735,56.55365720683283,55.68147917664857,1482.4772708486753,1345.0,1207.5227291513247,32.86415238287759,29.550667579368415,3.3134848035091764
2026-06-11,2368,7917874,10672246580,1415.0,1440.0,1285.0,1345.0,-75.0,17378,1387.0,1359.0,1340.75,66.66666666666667,68.11887991101865,47.20972842267622,50.51085884736188,1472.5936574128616,1340.75,1208.9063425871384,28.228386522758,29.28621136804633,-1.05782484528833
2026-06-12,2368,6276215,8444389725,1425.0,1450.0,1305.0,1320.0,-25.0,15159,1388.0,1359.0,1342.25,44.72573839662447,61.67493276087563,44.35949176542779,48.88141614479138,1472.4220015978858,1342.25,1212.0779984021142,22.2803832246841,27.885045739373886,-5.604662514689785
2026-06-15,2368,5263369,7027043645,1380.0,1400.0,1305.0,1320.0,0.0,12297,1380.0,1358.5,1345.75,36.28691983122363,49.22644163150508,44.3594917654278,48.88141614479138,1469.4138589079282,1345.75,1222.0861410920718,17.366359179473193,25.781308427393746,-8.414949247920553
2026-06-16,2368,4085591,5491965210,1330.0,1370.0,1320.0,1345.0,25.0,7965,1350.0,1365.5,1348.75,36.28691983122363,39.099859353024065,48.584585423292374,50.72494862304631,1469.243775772859,1348.75,1228.256224227141,15.312735107818298,23.687593763478656,-8.374858655660358
2026-06-17,2368,3261807,4428558575,1345.0,1375.0,1340.0,1370.0,25.0,6496,1340.0,1364.0,1355.5,40.50632911392405,37.69338959212393,52.768862603685264,52.56714501818509,1464.3071688814666,1355.5,1246.6928311185334,15.523568269822817,22.054788664747488,-6.53122039492467
2026-06-18,2368,3589052,4883241335,1380.0,1390.0,1340.0,1355.0,-15.0,10245,1342.0,1364.5,1359.0,43.459915611814345,40.08438818565417,49.924785589825944,51.327228096265245,1462.9038016628842,1359.0,1255.0961983371158,14.315262989116036,20.5068835296212,-6.191620540505163
2026-06-22,2368,5223186,7146829175,1390.0,1400.0,1335.0,1395.0,40.0,13214,1357.0,1372.5,1362.25,42.38718443824644,42.117809721328435,57.115605657946624,54.415055668968314,1466.3881294243372,1362.25,1258.1118705756628,16.396331353358846,19.68477309436873,-3.2884417410098834
2026-06-23,2368,9347906,12015364370,1390.0,1390.0,1250.0,1265.0,0.0,39424,1346.0,1363.0,1354.25,28.2905216074064,38.04587388582255,36.98036129107429,44.5279773676598,1462.3830199337833,1354.25,1246.1169800662167,7.4695748711747,17.241733449729924,-9.772158578555224
2026-06-24,2368,7064225,8689031260,1230.0,1265.0,1200.0,1255.0,-10.0,24374,1328.0,1339.0,1344.75,21.2778633795583,30.651856475070534,35.84626617323597,43.867686998341604,1452.7071674322738,1344.75,1236.7928325677262,-0.407166815678238,13.711953396648292,-14.11912021232653
2026-06-25,2368,6146688,7711367690,1270.0,1305.0,1230.0,1240.0,-15.0,14697,1302.0,1321.0,1338.0,14.181818181818187,21.250067722927785,34.0204524585365,42.84146285269092,1454.1206269359582,1338.0,1221.8793730640418,-7.770344298931377,9.415493857532358,-17.185838156463735
2026-06-26,2368,5855085,7099424945,1240.0,1260.0,1180.0,1190.0,-50.0,16535,1269.0,1305.5,1332.25,14.181818181818187,16.547166581065046,28.395837940223835,39.52247928734542,1464.5933035706755,1332.25,1199.9066964293245,-17.439268602916627,4.04454136544256,-21.48380996835919
2026-06-29,2368,5167061,6022786860,1190.0,1205.0,1145.0,1155.0,-35.0,15334,1221.0,1289.0,1324.0,8.155674390968514,12.173103584868452,25.017922656731585,37.341671982178426,1477.2840500508778,1324.0,1170.7159499491222,-27.607921335635638,-2.2859511747730803,-25.321970160862556
2026-06-30,2368,5372923,6480993410,1205.0,1235.0,1185.0,1200.0,45.0,10223,1208.0,1277.0,1317.75,10.011883541295312,10.783125371360827,36.371595080231124,41.7890776600702,1480.2761517418044,1317.75,1155.2238482581956,-31.670450726390982,-8.16285108509666,-23.50759964129432
2026-07-01,2368,4405709,5383220970,1245.0,1245.0,1185.0,1220.0,20.0,8867,1201.0,1264.5,1315.0,18.300653594771248,12.156070509011847,41.003596663889304,43.701683671429095,1482.1227094083865,1315.0,1147.8772905916135,-32.89698571087001,-13.109678010251331,-19.787307700618683
