date,stock_id,Trading_Volume,Trading_money,open,max,min,close,spread,Trading_turnover,SMA5,SMA10,SMA20,K,D,RSI_7,RSI_14,BB_Upper,BB_Middle,BB_Lower,MACD,MACD_Signal,MACD_Hist
2020-01-02,2382,8212565,524953530,64.3,64.3,63.5,64.0,-0.3,4818,,,,,,,,,,,,,
2020-01-03,2382,7229367,462658609,64.0,64.2,63.5,64.2,0.2,3753,,,,,,,,,,,,,
2020-01-06,2382,14527954,908791002,62.4,63.3,61.5,63.0,-1.2,5388,,,,,,,,,,,,,
2020-01-07,2382,13139415,819100237,62.5,62.7,61.7,62.6,-0.4,4066,,,,,,,,,,,,,
2020-01-08,2382,6632136,413549450,61.8,62.6,61.8,62.4,-0.2,2355,63.239999999999995,,,,,,,,,,,,
2020-01-09,2382,4931541,310887011,62.5,63.5,62.4,63.1,0.7,2171,63.06,,,,,,,,,,,,
2020-01-10,2382,7789946,496953846,63.1,64.1,63.1,64.0,0.9,3252,63.02,,,,,,,,,,,,
2020-01-13,2382,5858080,373447320,64.0,64.1,63.0,64.1,0.1,2974,63.24000000000001,,,,,51.35135135135128,,,,,,,
2020-01-14,2382,7456035,480425233,64.3,64.6,63.9,64.6,0.5,3758,63.64000000000001,,,,,57.97665369649798,,,,,,,
2020-01-15,2382,8788837,568909250,64.6,65.0,64.4,64.6,0.0,3939,64.08000000000001,63.660000000000004,,,,57.97665369649798,,,,,,,
2020-01-16,2382,7655506,496429026,64.8,65.0,64.4,65.0,0.4,3999,64.46000000000001,63.760000000000005,,,,63.40361445783134,,,,,,,
2020-01-17,2382,6270195,407251114,65.0,65.2,64.7,65.0,0.0,3665,64.66,63.839999999999996,,,,63.40361445783134,,,,,,,
2020-01-20,2382,3718133,241444606,65.0,65.1,64.8,65.0,0.0,1575,64.84,64.03999999999999,,96.13445378151255,95.53688141923429,63.40361445783134,,,,,,,
2020-01-30,2382,22651696,1412886605,63.5,63.5,61.3,61.6,-3.4,8104,64.24000000000001,63.94,,65.36522301228182,85.26179702650285,23.11375171767402,,,,,,,
2020-01-31,2382,12648920,787447440,61.6,62.8,61.6,62.0,0.4,3446,63.720000000000006,63.9,,39.91955756661641,67.1397447868036,29.28170945559333,38.0952380952381,,,,,,
2020-02-03,2382,12538606,761101305,60.0,61.9,59.7,61.1,-0.9,5721,62.94000000000001,63.7,,17.031857031857072,40.77221253691844,24.18811802305607,34.15435139573073,,,,,,
2020-02-04,2382,7625538,471909564,61.0,62.3,60.8,61.8,0.7,2687,62.30000000000001,63.48,,27.195027195027166,28.04881393116689,34.523272348201004,39.40485877019643,,,,,,
2020-02-05,2382,10940429,680943875,61.9,62.8,61.5,62.2,0.4,4357,61.74000000000001,63.29,,36.36363636363632,26.86350686350686,39.97829728808474,42.239211775635646,,,,,,
2020-02-06,2382,7356149,465425754,62.8,63.7,62.4,63.5,1.3,3023,62.120000000000005,63.17999999999999,,50.90909090909086,38.15591815591812,54.387092804773616,50.365107847804595,,,,,,
2020-02-07,2382,6313054,400248523,63.4,63.7,62.8,63.7,0.2,2910,62.46,63.089999999999996,63.375000000000014,62.424242424242415,49.89898989898987,56.271261352836554,51.49565867091216,65.77822699718331,63.375000000000014,60.97177300281672,,,
2020-02-10,2382,5635808,356461098,62.8,63.6,62.2,63.5,-0.2,2660,62.94000000000001,62.94,63.35000000000001,70.72951739618408,61.35428357650579,53.6840946137289,50.262741602405015,65.73704838660491,63.35000000000001,60.96295161339511,,,
2020-02-11,2382,6193506,395741467,63.5,64.4,63.3,63.8,0.3,2808,63.34000000000001,62.81999999999999,63.330000000000005,76.77722855027817,69.97699612356824,57.13312956977514,52.11474177845366,65.69482557496234,63.330000000000005,60.965174425037674,,,
2020-02-12,2382,5625421,362030844,63.6,64.5,63.6,64.3,0.5,3230,63.76000000000001,62.749999999999986,63.395,84.47924875229835,77.32866489958688,62.55508372357171,55.11458047341227,65.79122619967295,63.395,60.99877380032705,,,
2020-02-13,2382,6336760,409953561,64.2,65.0,64.2,64.8,0.5,3256,64.02000000000001,63.06999999999998,63.50500000000001,93.09793032695472,84.7848025431771,67.37008875117552,57.95140358254377,65.9467002272992,63.50500000000001,61.06329977270081,,,
2020-02-14,2382,8473400,544736900,64.0,64.9,63.9,64.0,-0.8,3297,64.08000000000001,63.26999999999998,63.585,89.41674153938301,88.99797353954538,54.32927813390979,52.26021678543815,65.98105926470969,63.585,61.188940735290316,,,
2020-02-17,2382,6061111,383838339,63.0,63.8,62.7,63.6,-0.4,2490,64.10000000000002,63.51999999999998,63.61,77.47229709493861,86.66232298709213,48.81706584433693,49.63547978650375,65.99570744224893,63.61,61.22429255775107,,,
2020-02-18,2382,8384820,526703021,63.0,63.4,62.1,63.1,-0.5,3239,63.96000000000002,63.64999999999999,63.565,56.89107827038865,74.5933723015701,42.52500168393158,46.49215701664501,65.95353511592415,63.565,61.176464884075834,,,
2020-02-19,2382,4328961,273480019,63.0,63.5,62.5,63.3,0.2,2047,63.760000000000026,63.75999999999998,63.525,45.28735632183907,59.88357722905545,45.7859229963575,47.913078622624056,65.90312951707904,63.525,61.14687048292096,,,
2020-02-20,2382,4264077,269423466,63.5,63.5,63.0,63.2,-0.1,1806,63.44000000000002,63.72999999999998,63.455000000000005,37.931034482758626,46.70315635832878,44.31912821900196,47.23762518300848,65.78435613421397,63.455000000000005,61.12564386578605,,,
2020-02-21,2382,5153796,324637848,63.0,63.3,62.7,63.0,-0.2,1945,63.24000000000002,63.65999999999998,63.375000000000014,36.78160919540228,39.99999999999999,41.236666332766085,45.84557950487239,65.65085148900248,63.375000000000014,61.09914851099755,,,
2020-02-24,2382,7615282,476234366,62.0,63.0,62.0,63.0,0.0,3058,63.120000000000026,63.60999999999998,63.27500000000001,34.099616858237574,36.270753512132835,41.236666332766085,45.84557950487238,65.42894986013968,63.27500000000001,61.12105013986035,,,
2020-02-25,2382,5280276,331634348,62.2,63.1,62.2,62.8,-0.2,2343,63.060000000000024,63.50999999999998,63.165000000000006,30.344827586206872,33.74201787994891,37.670500940431054,44.33049324134632,65.17524874082751,63.165000000000006,61.15475125917251,,,
2020-02-26,2382,8620941,539073259,62.1,62.9,62.1,62.6,-0.2,2245,62.92000000000003,63.33999999999999,63.045,26.896551724137918,30.446998722860794,34.21810442642905,42.80700393584458,64.88181790060928,63.045,61.20818209939072,,,
2020-02-27,2382,7586203,472057317,62.3,62.7,62.0,62.0,-0.6,2550,62.68000000000003,63.05999999999999,63.06500000000001,15.785440613026806,24.342273307790535,25.90778666017724,38.52909449317002,64.84631973547552,63.06500000000001,61.283680264524506,-0.33723954440904436,-0.28287846007841705,-0.05436108433062731
2020-03-02,2382,14853195,912642795,60.2,62.0,60.2,61.6,-0.4,6058,62.400000000000034,62.81999999999999,63.045,21.037965865552085,21.23998606757227,21.791510143414214,35.94976826757337,64.88181790060928,63.045,61.20818209939072,-0.41257087850367924,-0.30881694376346946,-0.10375393474020977
2020-03-03,2382,8387190,517508190,61.6,62.0,61.3,61.6,0.0,3266,62.12000000000004,62.61999999999999,63.07000000000001,28.28282828282829,21.702078253802394,21.791510143414218,35.949768267573376,64.81137876408168,63.07000000000001,61.32862123591834,-0.46688949207066344,-0.34043145342490827,-0.12645803864575517
2020-03-04,2382,4778934,295202186,61.3,62.1,61.3,62.1,0.5,1954,61.98000000000004,62.519999999999996,63.085,47.47474747474748,32.26518054104262,38.43401383416645,41.615956774111105,64.78708695429948,63.085,61.38291304570051,-0.46424009253401977,-0.36519318124673056,-0.09904691128728921
2020-03-05,2382,8314156,517099408,62.1,62.7,61.8,62.3,0.2,3134,61.92000000000004,62.419999999999995,63.089999999999996,55.91397849462364,43.89051808406648,43.9955420043224,43.75917631714243,64.78221748011264,63.089999999999996,61.39778251988736,-0.4409194508168923,-0.38033843516076293,-0.06058101565612939
2020-03-06,2382,7209058,445920070,62.0,62.1,61.6,61.8,-0.5,3090,61.88000000000004,62.27999999999999,63.004999999999995,60.1633689509106,54.51736497342725,34.821051078446146,39.823357829892004,64.77528246333762,63.004999999999995,61.23471753666237,-0.45750960957621345,-0.395772670043853,-0.061736939532360424
2020-03-09,2382,9009696,547808471,60.7,61.6,60.2,60.5,-1.3,3983,61.66000000000004,62.02999999999999,62.84499999999999,44.419725621060344,53.49902435553153,21.329267203416396,31.811870356755286,64.89192452230198,62.84499999999999,60.798075477698006,-0.5689975161873448,-0.4304176392725514,-0.13857987691479345
2020-03-10,2382,8958447,540445969,60.0,61.4,59.8,60.5,0.0,4117,61.44000000000003,61.77999999999999,62.69499999999999,29.36596218020018,44.64968558405704,21.3292672034164,31.811870356755286,64.95639337577566,62.69499999999999,60.43360662422432,-0.6498612889888093,-0.474306369215803,-0.17555491977300636
2020-03-11,2382,5650159,343875932,60.4,61.4,60.3,60.7,0.2,2806,61.16000000000004,61.56999999999999,62.54,21.31998516870603,31.701890989988843,27.233194887652402,34.17465655664469,64.89999999999938,62.54,60.18000000000062,-0.6898558541296751,-0.5174162661985774,-0.1724395879310977
2020-03-12,2382,12769619,749840921,60.2,60.2,57.8,58.8,-1.9,6605,60.460000000000036,61.18999999999998,62.265,24.67443039507246,25.12012591465955,14.867225650762608,25.230341857649208,64.99357105459931,62.265,59.536428945400694,-0.8648959737798805,-0.586912207714838,-0.2779837660650425
2020-03-13,2382,23301672,1334878642,56.2,61.2,54.5,60.6,1.8,9611,60.22000000000004,61.04999999999999,62.05499999999999,41.94429664212199,29.312904068633486,43.31565937843962,40.987861378654024,64.61193175505353,62.05499999999999,59.49806824494645,-0.8485895606992173,-0.6392476783117138,-0.2093418823875035
2020-03-16,2382,16417272,971519009,60.0,60.3,57.3,57.3,-3.3,7484,59.58000000000004,60.61999999999998,61.71999999999999,42.98158287705325,36.533436638082556,25.260732393106373,28.944364671724788,64.85917186531736,61.71999999999999,58.58082813468262,-1.0893912078787622,-0.7292763842251235,-0.36011482365363867
2020-03-17,2382,15429722,869672901,54.7,57.3,54.7,56.2,-1.1,5628,58.72000000000004,60.079999999999984,61.35,43.08943089430895,42.67177013782805,21.73718831102986,26.1826755330716,65.18327536187995,61.35,57.51672463812005,-1.3533880401946021,-0.8540987154190193,-0.49928932477558285
2020-03-18,2382,12345681,686311678,55.4,56.3,55.0,55.0,-1.2,6079,57.58000000000004,59.36999999999998,60.94500000000001,20.48566538296963,35.518893051443925,18.460003709140977,23.543572322757576,65.5807200088005,60.94500000000001,56.30927999119952,-1.6405264354255849,-1.0113842594203324,-0.6291421760052525
2020-03-19,2382,16602828,871325956,53.3,54.1,50.7,51.7,-3.3,8665,56.16000000000004,58.30999999999999,60.36500000000001,12.1616555373666,25.245583938215045,12.44186207908553,18.131213317786433,66.37574870544368,60.36500000000001,54.354251294556335,-2.1100448198894526,-1.2311163715141564,-0.8789284483752962
2020-03-20,2382,17879218,970698928,52.4,56.0,52.4,54.8,3.1,7591,55.000000000000036,57.60999999999999,59.94500000000001,18.023672101457453,16.890331007264546,35.49063975054948,33.57859077576636,66.27033793563554,59.94500000000001,53.619662064364476,-2.206561561906568,-1.4262054095926389,-0.7803561523139293
2020-03-23,2382,7673021,409989519,52.0,54.9,52.0,52.6,-2.2,3726,54.06000000000004,56.81999999999999,59.425,21.749692760581897,17.311673466468633,29.139625054261835,29.34664126056836,66.342477864077,59.425,52.507522135923004,-2.432532666770051,-1.6274708610281212,-0.8050618057419296
2020-03-24,2382,11018118,625219517,54.9,57.4,54.8,57.3,4.7,5251,54.280000000000044,56.499999999999986,59.14,39.64396973742766,26.472444866488985,50.99616202041418,45.228249932088076,65.91300524139703,59.14,52.366994758602964,-2.2069256102753982,-1.7433618108775766,-0.46356379939782166
2020-03-25,2382,10533388,631554304,60.5,60.6,58.6,59.6,2.3,6290,55.200000000000045,56.389999999999986,58.98,55.125352321613995,38.83967160654117,58.33354554012284,51.0293721101316,65.5476784330533,58.98,52.41232156694669,-1.821542012049953,-1.7589978511120519,-0.06254416093790116
2020-03-26,2382,8167624,490700440,60.3,60.6,58.9,60.1,0.5,3683,56.88000000000005,56.51999999999998,58.855,80.85618085618084,58.541834305074154,59.85794803671454,52.214268788875984,65.23480407222638,58.855,52.47519592777361,-1.458958942077885,-1.6989900693052185,0.24003112722733344
2020-03-27,2382,7426101,449302160,61.2,61.5,59.3,60.2,0.1,4241,57.96000000000005,56.47999999999998,58.765,89.22478755812091,75.06877357863857,60.19772799099632,52.46201116181063,65.01424795475359,58.765,52.515752045246415,-1.150280366549019,-1.5892481287539786,0.4389677622049595
2020-03-30,2382,7054744,419115307,59.1,60.0,58.6,59.6,-0.6,3023,59.36000000000005,56.70999999999998,58.665,88.43995510662178,86.17364117364116,56.83046209227477,50.76152670604468,64.79240565002776,58.665,52.53759434997224,-0.9431928174418047,-1.4600370664915439,0.5168442490497391
2020-03-31,2382,10606723,645957721,61.0,62.0,59.8,60.2,0.6,4997,59.94000000000004,57.10999999999998,58.595000000000006,84.81372227684913,87.49282164719726,59.47509905475508,52.422320342463856,64.61778174932407,58.595000000000006,52.57221825067594,-0.7223328536974876,-1.3124962239327327,0.5901633702352451
2020-04-01,2382,6061251,362965260,60.2,60.5,59.6,59.7,-0.5,2749,59.96000000000005,57.579999999999984,58.47500000000001,81.15940128919482,84.80435955755523,56.131887542574276,50.88211134926269,64.30625200964494,58.47500000000001,52.64374799035508,-0.5809487470180699,-1.1661867285498002,0.5852379815317303
2020-04-06,2382,15563075,975558286,63.9,64.0,61.9,62.8,3.1,6840,60.50000000000004,58.689999999999976,58.500000000000014,83.69026548672566,83.22112968425652,68.81265551531503,58.93747946770367,64.40050845266613,58.500000000000014,52.59949154733389,-0.2162637774314291,-0.976202138326126,0.7599383608946969
2020-04-07,2382,11580295,728628007,63.4,63.7,62.3,62.8,0.0,6072,61.02000000000005,59.489999999999974,58.55000000000001,84.65217391304347,83.16728022965462,68.81265551531503,58.93747946770367,64.57710544125356,58.55000000000001,52.52289455874646,0.07192260930946048,-0.7665771887990087,0.8384997981084692
2020-04-08,2382,7034523,440225673,62.6,63.0,62.3,62.5,-0.3,2441,61.600000000000044,60.479999999999976,58.65000000000001,83.05958132045087,83.80067357340664,66.28865770904939,57.872245605046515,64.8665907055223,58.65000000000001,52.43340929447773,0.2729584096413902,-0.558670069110929,0.8316284787523192
2020-04-09,2382,12000739,750143533,64.5,64.5,61.5,61.8,-0.7,6556,61.92000000000005,60.92999999999997,58.71500000000001,71.13867736564859,79.61681086638096,60.27068318933658,55.35806885926296,65.03394769720312,58.71500000000001,52.3960523027969,0.37151399782576533,-0.3726332557235901,0.7441472535493554
2020-04-10,2382,3689074,228263588,62.1,62.4,61.7,61.8,0.0,1813,62.34000000000005,61.14999999999996,58.77,60.23226616446951,71.4768416168563,60.27068318933658,55.35806885926294,65.17565375274006,58.77,52.364346247259945,0.44449613674143507,-0.20920737723058502,0.6537035139720201
2020-04-13,2382,3715114,230105839,62.0,62.4,61.7,61.9,0.1,2054,62.160000000000046,61.32999999999996,58.92500000000001,54.8022598870056,62.05773447237454,60.959840304466084,55.67709408410111,65.47446562705599,58.92500000000001,52.37553437294403,0.5045876001455412,-0.06644838175535978,0.571035981900901
2020-04-14,2382,11259024,711982904,62.6,63.8,62.4,63.7,1.8,5335,62.340000000000046,61.679999999999964,59.08000000000002,64.61432030439293,59.88294878528933,71.38389994963735,61.07000871091427,65.92093560852487,59.08000000000002,52.23906439147517,0.6895072640644813,0.08474274740860846,0.6047645166558728
2020-04-15,2382,14624256,928305014,63.7,63.9,63.1,63.4,-0.3,5385,62.52000000000004,62.05999999999996,59.385000000000026,72.38556439524962,63.934048195549366,67.86068545853453,59.76481688474537,66.42240719299252,59.385000000000026,52.34759280700753,0.8025980860629147,0.22831381513946972,0.574284270923445
2020-04-16,2382,11116449,703132421,62.8,63.7,62.6,63.1,-0.3,4357,62.780000000000044,62.34999999999995,59.73000000000002,71.51927437641724,69.50638635868658,64.16589463986556,58.42021354117699,66.78552265958982,59.73000000000002,52.67447734041022,0.8581239655652482,0.3542758452246254,0.5038481203406228
2020-04-17,2382,11505227,727197044,63.6,64.0,62.2,62.8,-0.3,5182,62.98000000000004,62.65999999999995,60.12000000000002,58.072562358276606,67.32580037664779,60.33344441520322,57.038241040694594,66.94513003539016,60.12000000000002,53.294869964609866,0.8679163330891271,0.45700394279752576,0.4109123902916013
2020-04-20,2382,8380004,528111330,62.7,63.3,62.6,63.1,0.3,3925,63.22000000000004,62.689999999999955,60.69000000000001,50.0,59.86394557823126,62.91742331115473,58.10551952326007,66.4240735956201,60.69000000000001,54.95592640437992,0.8896292554159331,0.5435290053212072,0.3461002500947259
2020-04-21,2382,7052376,440182912,62.6,63.2,61.7,62.2,-0.9,4554,62.92000000000004,62.62999999999996,61.06000000000002,40.000000000000014,49.35752078609218,51.23573778920918,53.788435051399254,66.14425019053813,61.06000000000002,55.9757498094619,0.8247077073196607,0.5997647457208979,0.22494296159876281
2020-04-22,2382,5995944,371318610,62.0,62.4,61.7,62.0,-0.2,4032,62.64000000000003,62.57999999999996,61.530000000000015,29.903381642512088,39.96779388083734,48.88272511230908,52.84875482773387,64.82065343054958,61.530000000000015,58.239346569450454,0.7484904521750622,0.6295098870117307,0.11898056516333144
2020-04-23,2382,5613054,351572582,62.3,63.3,61.9,62.9,0.9,3206,62.60000000000004,62.68999999999996,61.810000000000024,29.516908212560338,33.140096618357454,58.813174378718145,56.52908792636006,64.51399704141566,61.810000000000024,59.106002958584384,0.7520411445583548,0.6540161385210556,0.09802500603729924
2020-04-24,2382,5987810,374181193,63.0,63.1,62.2,62.4,-0.5,3250,62.520000000000024,62.749999999999964,61.95000000000003,31.88405797101436,30.43478260869557,52.235918685267876,54.00702235846461,64.46515407082371,61.95000000000003,59.434845929176355,0.7063667167155359,0.6644862541599517,0.0418804625555842
2020-04-27,2382,8624648,540299152,63.2,63.2,62.0,62.5,0.1,2910,62.40000000000002,62.80999999999997,62.070000000000036,39.130434782608575,33.510466988727735,53.45059625719972,54.44478348050479,64.44579460391242,62.070000000000036,59.694205396087646,0.6705093534003268,0.6656908740080267,0.004818479392300068
2020-04-28,2382,10079757,633925404,63.0,63.2,62.7,62.8,0.3,3742,62.520000000000024,62.719999999999956,62.20000000000003,37.68115942028971,36.23188405797086,57.255211958504816,55.80383580614606,64.43248740197618,62.20000000000003,59.96751259802389,0.6587064692827127,0.6642939930629639,-0.00558752378025118
2020-04-29,2382,12204298,776606255,63.5,64.2,63.1,63.2,0.4,5078,62.760000000000026,62.69999999999997,62.38000000000004,47.536231884057884,41.4492753623187,62.076771187492106,57.619307699488566,64.30416215532378,62.38000000000004,60.455837844676296,0.6738614008796517,0.6662074746263015,0.007653926253350263
2020-04-30,2382,14997987,964049528,63.6,64.9,63.4,64.9,1.7,7061,63.160000000000025,62.87999999999996,62.615000000000045,69.27536231884052,51.49758454106268,75.6792291761198,64.32628586603141,64.56464099258692,62.615000000000045,60.66535900741317,0.8136681261948624,0.6956996049400137,0.11796852125484869
2020-05-04,2382,10448965,665564860,64.0,64.3,63.0,64.0,-0.9,4965,63.48000000000002,62.999999999999964,62.83000000000004,77.29166666666661,64.70108695652165,61.95394279256846,59.00264671011464,64.34670695916462,62.83000000000004,61.31329304083547,0.8421358668128249,0.7249868573145759,0.11714900949824902
2020-05-05,2382,10354755,664327780,63.9,64.7,63.8,64.0,0.0,4820,63.780000000000015,63.08999999999996,62.89000000000004,81.24999999999989,75.93900966183566,61.95394279256846,59.00264671011465,64.48987499511018,62.89000000000004,61.2901250048899,0.8548426622620795,0.7509580183040766,0.1038846439580029
2020-05-06,2382,8366864,538689816,64.0,64.7,63.3,64.5,0.5,3882,64.12000000000002,63.31999999999996,62.975000000000044,76.80555555555539,78.44907407407395,66.54234321361868,61.078091220150455,64.72070902500357,62.975000000000044,61.22929097499652,0.8949423719472591,0.7797548890327131,0.11518748291454606
2020-05-07,2382,6470523,417834426,64.5,64.8,64.3,64.5,0.0,2661,64.38000000000002,63.56999999999996,63.075000000000045,81.5828544061301,79.87946998722843,66.54234321361868,61.07809122015044,64.92635085815145,63.075000000000045,61.22364914184864,0.9161607499405164,0.8070360612142737,0.1091246887262427
2020-05-08,2382,10388422,678378772,65.0,66.2,64.8,64.9,0.4,5110,64.38000000000002,63.76999999999996,63.230000000000054,80.64039408866988,79.6762680167851,70.4260351470475,62.82421415759679,65.14635069858588,63.230000000000054,61.31364930141423,0.9542530888247995,0.8364794667363789,0.11777362208842068
2020-05-11,2382,12186129,804205572,65.8,66.4,65.1,65.9,1.0,5707,64.76000000000002,64.11999999999996,63.43500000000006,80.58033402860987,80.93452750780325,77.90613950570582,66.83051951991162,65.56128784504061,63.43500000000006,61.30871215495951,1.0529949145737447,0.879782556303852,0.17321235826989267
2020-05-12,2382,11313889,740015802,65.0,66.0,64.8,65.6,-0.3,5447,65.08000000000001,64.42999999999996,63.62000000000005,77.33489792313316,79.51854201347095,71.57036943689175,64.5819767002714,65.82236236799767,63.62000000000005,61.41763763200243,1.0944251778861727,0.9227110806203161,0.1717140972658565
2020-05-13,2382,6963950,455190100,65.3,65.6,65.1,65.5,-0.1,3807,65.28000000000002,64.69999999999996,63.71000000000005,78.82882882882869,78.91468692685721,69.37623131650096,63.811273493841604,66.06023403089347,63.71000000000005,61.35976596910663,1.10643549611801,0.959455963719855,0.1469795323981551
2020-05-14,2382,8347048,543358120,65.5,66.2,64.5,65.0,-0.5,4887,65.38000000000002,64.87999999999997,63.79000000000004,69.60784313725472,75.25718996307218,58.85162300168345,59.95843496465457,66.20072603171236,63.79000000000004,61.37927396828772,1.0633502981957434,0.9802348306150327,0.08311546758071076
2020-05-15,2382,13727025,896227617,65.5,65.9,64.4,65.2,0.2,6982,65.44000000000003,64.90999999999997,63.89500000000005,64.54775458570516,70.99480885059619,61.57212113236835,60.9734858920584,66.35871670448729,63.89500000000005,61.431283295512806,1.0334305528356111,0.9908739750591484,0.04255657777646271
2020-05-18,2382,13618500,902871670,65.2,67.0,65.2,66.5,1.3,7591,65.56000000000002,65.15999999999997,64.08000000000006,68.86677949296542,67.67412573864175,74.40474231617613,66.8550426594587,66.73525893275357,64.08000000000006,61.424741067246536,1.1019158742447814,1.013082354896275,0.08883351934850636
2020-05-19,2382,21077776,1442012512,68.0,69.3,67.5,68.3,1.8,10475,66.10000000000001,65.58999999999996,64.34000000000006,75.92560302237722,69.78004570034925,83.37368042851313,72.93675914508128,67.5258436873087,64.34000000000006,61.15415631269143,1.286604762821824,1.067786836481385,0.21881792634043906
2020-05-20,2382,10612733,727264558,69.0,69.2,67.7,68.3,0.0,6109,66.66000000000001,65.96999999999996,64.64500000000005,82.02610774039344,75.60616341857867,83.37368042851313,72.93675914508128,68.10879849297936,64.64500000000005,61.181201507020745,1.4166418719597118,1.1375578435770504,0.27908402838266144
2020-05-21,2382,16351331,1137733660,69.0,69.9,68.9,69.8,1.5,8515,67.62000000000002,66.49999999999996,65.03500000000005,85.92455163883727,81.29208746720263,88.10247525356037,77.01315374792934,68.94717330904052,65.03500000000005,61.122826690959585,1.6220368506636476,1.2344536449943697,0.38758320566927784
2020-05-22,2382,9504649,657515995,70.0,70.0,68.6,68.7,-1.1,5613,68.32000000000002,66.87999999999997,65.32500000000005,84.8531230674087,84.26792748221312,70.85986908737792,68.82596447310102,69.41688220748982,65.32500000000005,61.23311779251027,1.676724804341518,1.3229078768637994,0.35381692747771853
2020-05-25,2382,5751434,396165985,69.5,69.7,67.6,69.0,0.3,3512,68.82000000000002,67.18999999999997,65.65500000000004,85.70346320346313,85.49371263656968,72.56809803739266,69.76985874739074,69.8140744162581,65.65500000000004,61.495925583741986,1.7243951406493352,1.4032053296209066,0.3211898110284286
2020-05-26,2382,8795859,612135403,69.3,69.9,69.3,69.5,0.5,4765,69.06000000000002,67.57999999999996,66.00500000000004,83.33333333333331,84.6299732014017,75.37499485651269,71.32805077344274,70.22091034060007,66.00500000000004,61.789089659400005,1.7819785079486223,1.4789599652864498,0.30301854266217254
2020-05-27,2382,10711000,743181200,70.0,70.1,68.8,69.0,-0.5,4173,69.20000000000002,67.92999999999996,66.31500000000004,84.63868003341686,84.55849219007108,67.33661378308331,67.57690630770873,70.4537316897785,66.31500000000004,62.17626831022158,1.7669001944885423,1.5365480111268683,0.23035218336167396
2020-05-28,2382,13483389,932745143,69.6,69.8,68.9,69.5,0.5,5045,69.14000000000001,68.37999999999997,66.63000000000004,86.50942833273665,84.82714723316225,70.95088686266583,69.31477678097252,70.73126809657396,66.63000000000004,62.52873190342612,1.7748371261709508,1.5842058341356848,0.19063129203526596
2020-05-29,2382,24360965,1696564450,69.5,70.0,68.9,70.0,0.5,4057,69.4,68.85999999999996,66.88500000000003,88.20356752687591,86.4505586310098,74.27219576123808,70.98935348059702,71.15502341913715,66.88500000000003,62.614976580862916,1.8007154957093405,1.627507766450416,0.17320772925892447
2020-06-01,2382,9483498,664303691,70.1,70.5,69.5,69.9,-0.1,5404,69.58000000000001,69.19999999999996,67.18000000000004,87.73976434074973,87.48425340012075,72.34224963378551,70.16462940670742,71.42716375949598,67.18000000000004,62.93283624050408,1.7924923892712314,1.660504691014579,0.13198769825665235
2020-06-02,2382,7537887,527287901,70.0,70.3,69.5,69.9,0.0,3808,69.66000000000001,69.35999999999996,67.47500000000005,84.92484526967307,86.95605904576622,72.34224963378551,70.1646294067074,71.61595399635964,67.47500000000005,63.334046003640466,1.7656225208166347,1.6815282569749903,0.08409426384164442
2020-06-03,2382,10202967,715216290,70.3,70.5,69.8,70.1,0.2,4544,69.88000000000002,69.53999999999996,67.75500000000004,81.60919540229894,84.75793500424057,74.16941061933365,70.94751464500185,71.80986127999132,67.75500000000004,63.70013872000876,1.7404039911634044,1.693303403812673,0.047100587350731304
2020-06-04,2382,19806807,1412121333,70.6,72.0,70.5,71.5,1.4,8050,70.28000000000002,69.70999999999997,68.10500000000005,84.71786833855799,83.75063633684333,83.22162305944644,75.74534135439863,72.1839582003214,68.10500000000005,64.0260417996787,1.8124931318491946,1.7171413494199774,0.09535178242921716
2020-06-05,2382,7904958,567853954,71.9,72.0,71.5,72.0,0.5,3963,70.68000000000002,70.03999999999996,68.46000000000004,91.61442006269584,85.98049460118425,85.35942434262934,77.19390897176652,72.59685871162836,68.46000000000004,64.32314128837172,1.8882040753283746,1.751353894601657,0.13685018072671773
2020-06-08,2382,20925364,1461219765,70.0,70.8,69.0,70.8,-1.2,9676,70.86000000000003,70.21999999999996,68.70500000000003,83.71212121212118,86.68146987112499,62.9141944457896,66.87150959788771,72.78640907040453,68.70500000000003,64.62359092959552,1.8302772752014818,1.7671385707216218,0.06313870447985992
2020-06-09,2382,12637883,890253836,70.4,70.9,69.5,70.8,0.0,6980,71.04000000000002,70.34999999999995,68.96500000000003,74.5967741935483,83.30777182278842,62.91419444578958,66.87150959788772,72.8812609718934,68.96500000000003,65.04873902810667,1.7640351694017653,1.7665178904576506,-0.0024827210558853174
2020-06-10,2382,14046152,990575966,71.0,71.4,69.8,69.8,-1.0,7148,70.98000000000003,70.42999999999995,69.18000000000004,50.9408602150536,69.74991854024101,48.46065547523802,59.218330063911736,72.77032031996798,69.18000000000004,65.58967968003209,1.6122610389956975,1.73566652016526,-0.1234054811695624
2020-06-11,2382,10164157,710431370,70.2,70.5,69.5,69.7,-0.1,4773,70.62000000000003,70.44999999999996,69.41500000000003,37.8853046594981,54.47431302269998,47.1957013053875,58.49735263383666,72.4529433832729,69.41500000000003,66.37705661672717,1.4669991301134928,1.6819330421549066,-0.21493391204141377
2020-06-12,2382,14664068,996826597,68.9,69.0,67.5,67.8,-1.9,6670,69.78000000000003,70.22999999999995,69.54500000000003,19.67741935483863,36.16786140979676,29.896999769599574,46.830954202675485,72.0208634857307,69.54500000000003,67.06913651426936,1.1849050518711692,1.5825274440981592,-0.3976223922269899
2020-06-15,2382,8911957,599040019,67.2,67.8,66.7,67.0,-0.8,4762,69.02000000000002,69.93999999999996,69.57000000000002,11.886792452830164,23.149838822388944,25.33535705507251,42.94716079689413,71.92974574901238,69.57000000000002,67.21025425098766,0.8865703176143995,1.4433360188014073,-0.5567657011870077
2020-06-16,2382,7856143,533232524,68.0,68.1,67.6,68.0,1.0,4148,68.46000000000002,69.74999999999996,69.55500000000004,12.28511530398316,14.616442370550631,38.925150777458164,48.67685057210519,71.95039140851235,69.55500000000004,67.15960859148772,0.7225009922837273,1.2991690134978713,-0.576668021214144
2020-06-17,2382,6996531,475673498,68.5,68.9,67.6,68.1,0.1,4427,68.12000000000003,69.54999999999995,69.54500000000003,18.86792452830179,14.346610761705017,40.19508589435173,49.22598670683173,71.96282960523999,69.54500000000003,67.12717039476007,0.593700227511448,1.1580752563005867,-0.5643750287891387
2020-06-18,2382,7833057,536465606,68.5,68.8,68.2,68.8,0.7,5049,67.94000000000003,69.27999999999994,69.49500000000003,31.874749096748165,21.00926297634435,48.876398581266685,53.0156665117823,71.9309597697783,69.49500000000003,67.05904023022177,0.5418625887011217,1.0348327227806937,-0.492970134079572
2020-06-19,2382,19301217,1353174083,70.6,71.6,69.6,69.6,0.8,8364,68.30000000000003,69.03999999999995,69.54000000000002,43.42653962427992,31.3897377497766,57.16667567048527,56.96863021204111,71.9486510747687,69.54000000000002,67.13134892523134,0.5588916456024293,0.9396445073450408,-0.38075286174261147
2020-06-22,2382,7559976,528927120,70.1,70.2,69.7,70.0,0.4,3665,68.90000000000002,68.95999999999995,69.59000000000002,57.07048776957584,44.12392549686795,60.86830603101399,58.833581646782086,71.99324780245117,69.59000000000002,67.18675219754887,0.5977731956464396,0.8712702450053206,-0.273497049358881
2020-06-23,2382,7105249,498036895,70.1,70.5,69.7,70.0,0.0,2882,69.30000000000003,68.87999999999997,69.61500000000002,64.62585034013605,55.04095924466392,60.86830603101399,58.833581646782086,72.0243775129654,69.61500000000002,67.20562248703465,0.6214237183801146,0.8213009396802794,-0.19987722130016483
2020-06-24,2382,6660955,471631513,70.5,71.4,70.4,70.9,0.9,3346,69.86000000000001,68.98999999999997,69.71000000000002,73.46938775510213,65.05524195493798,69.05752394537326,63.01617866208271,72.16430234485941,69.71000000000002,67.25569765514064,0.704666450226938,0.7979740417896111,-0.0933075915626731
2020-06-29,2382,7515570,531288314,70.1,71.5,69.9,70.9,0.0,4095,70.28000000000002,69.10999999999996,69.78000000000003,79.59183673469401,72.56235827664405,69.05752394537326,63.01617866208271,72.28567356213405,69.78000000000003,67.27432643786601,0.7618547278821239,0.7907501790081136,-0.02889545112598968
2020-06-30,2382,8072316,572275189,71.4,71.4,70.7,71.0,0.1,3456,70.56000000000002,69.42999999999996,69.83000000000003,85.47619047619064,79.51247165532891,70.0067896747768,63.49413957966924,72.39054681659594,69.83000000000003,67.26945318340411,0.8059554613398063,0.7937912354744522,0.01216422586535415
2020-07-01,2382,7218199,515933576,71.0,71.7,70.9,71.6,0.6,2911,70.88000000000002,69.88999999999996,69.91500000000002,89.42508710801395,84.83103810629952,75.30912570319143,66.3076458929614,72.58952799573777,69.91500000000002,67.24047200426227,0.8791858882785704,0.8108701660352758,0.06831572224329452
2020-07-02,2382,11648718,846395585,71.9,73.1,71.8,72.6,1.0,4484,71.40000000000002,70.34999999999997,70.05000000000001,90.78563132570098,88.56230296996851,81.62536477179468,70.40196441485584,72.96924647811554,70.05000000000001,67.13075352188449,1.006313021768733,0.8499587371819672,0.1563542845867658
2020-07-03,2382,11031971,815748854,73.0,74.2,73.0,74.0,1.4,5677,72.02000000000002,70.93999999999997,70.24500000000002,94.33635596338206,91.51569146569898,87.04028767694972,74.98509156543149,73.63467550069119,70.24500000000002,66.85532449930885,1.2061270092978447,0.9211923916051428,0.2849346176927019
2020-07-06,2382,9586314,717711950,74.3,75.4,74.2,75.4,1.4,4151,72.92000000000003,71.59999999999997,70.44000000000003,95.14936409346342,93.42378379418214,90.3560039738501,78.56030733344538,74.4819797129601,70.44000000000003,66.39802028703996,1.4606123042645578,1.0290763741370257,0.4315359301275321
2020-07-07,2382,16760003,1266865800,75.5,76.2,74.9,75.8,0.4,5828,73.88000000000002,72.21999999999996,70.63000000000002,96.49944258639903,95.32838754774815,91.11383940438292,79.46343228286959,75.26167356362514,70.63000000000002,65.99832643637491,1.6752590475659446,1.1583129088228095,0.5169461387431351
2020-07-08,2382,19448784,1491531310,75.8,77.1,75.5,76.7,0.9,6259,74.90000000000003,72.88999999999996,70.92500000000003,96.09686609686607,95.91522425890948,92.63338914076449,81.36545332853375,76.26049435385147,70.92500000000003,65.58950564614858,1.8961331735420544,1.3058769617666584,0.590256211775396
2020-07-09,2382,15644715,1212609009,77.3,78.7,76.5,76.7,0.0,6468,75.72000000000004,73.55999999999997,71.22000000000003,88.52110852110849,93.70580573479117,92.63338914076449,81.36545332853375,77.11799966090024,71.22000000000003,65.32200033909982,2.047574347186682,1.454216438850663,0.593357908336019
2020-07-10,2382,10192024,779722723,77.0,77.3,75.0,77.0,0.3,5075,76.32000000000004,74.16999999999997,71.58000000000003,83.48905723905722,89.36901061901057,93.16377216415145,82.00958800213274,77.94760551541826,71.58000000000003,65.2123944845818,2.166822282695307,1.5967376076195918,0.5700846750757151
2020-07-13,2382,6935986,538173794,77.3,78.1,77.2,77.8,0.8,2739,76.80000000000004,74.85999999999997,71.98500000000003,81.49475524475515,84.5016403349736,94.41482156710386,83.63419606857079,78.83489780945565,71.98500000000003,65.1351021905444,2.299374684786727,1.7372650230530189,0.5621096617337082
2020-07-14,2382,6472204,500980248,77.6,77.9,76.6,77.5,-0.3,2686,77.14000000000003,75.50999999999996,72.47000000000003,83.27341137123737,82.75240795168322,87.41597019378429,80.69146190724133,79.43852925659215,72.47000000000003,65.5014707434079,2.3530909578237384,1.8604302100071628,0.49266074781657565
2020-07-15,2382,10257813,806167321,78.3,79.3,78.1,78.7,1.2,5018,77.54000000000003,76.21999999999997,73.05500000000004,87.18214152996757,83.98343604865335,90.65033733972419,83.2328503951528,80.05284966971846,73.05500000000004,66.05715033028162,2.4640870012820955,1.9811615682621493,0.48292543301994617
2020-07-16,2382,6483667,509336826,79.3,79.3,78.0,78.0,-0.7,2932,77.80000000000004,76.75999999999996,73.55500000000004,82.53156334997766,84.32903875039419,77.1546431373368,76.87637947884782,80.46513024479115,73.55500000000004,66.64486975520892,2.4671284940055216,2.0783549534108237,0.38877354059469793
2020-07-17,2382,6826458,536549024,79.5,79.8,77.7,78.0,0.0,3598,78.00000000000003,77.15999999999997,74.05000000000004,76.08376684006936,81.93249057333817,77.1546431373368,76.87637947884782,80.74103878332622,74.05000000000004,67.35896121667386,2.441396005466842,2.1509631638220275,0.29043284164481475
2020-07-20,2382,8673119,684970744,78.6,79.6,78.3,79.0,1.0,5472,78.24000000000004,77.51999999999997,74.56000000000003,73.70281445911696,77.4393815497213,82.28330487013717,79.47358187296487,81.12639931773751,74.56000000000003,67.99360068226255,2.4731851269198017,2.2154075564415825,0.25777757047821925
2020-07-21,2382,14055707,1124091084,79.4,80.2,79.4,79.9,0.9,5163,78.72000000000003,77.92999999999998,75.07500000000005,80.27646956218383,76.6876836204567,85.66284991730024,81.48875675537553,81.62018907289695,75.07500000000005,68.52981092710314,2.5417015596602255,2.280666357085311,0.2610352025749143
2020-07-22,2382,14392163,1170880302,79.7,82.0,79.7,82.0,2.1,7254,79.38000000000002,78.45999999999997,75.67500000000004,92.52136752136751,82.16688384755606,90.56317583550691,85.15175129996611,82.44548742705969,75.67500000000004,68.90451257294039,2.73393863306471,2.371320812281191,0.3626178207835191
2020-07-23,2382,9547855,783490185,82.0,82.8,80.7,82.0,0.0,4429,80.18000000000004,78.98999999999997,76.27500000000005,93.77584780810587,88.85789496388571,90.56317583550693,85.15175129996611,83.05434362604292,76.27500000000005,69.49565637395717,2.8533957289449887,2.4677357956139505,0.3856599333310382
2020-07-24,2382,13993761,1127083014,81.2,82.0,79.2,79.9,-2.1,6734,80.56000000000003,79.27999999999996,76.72500000000005,80.10752688172046,88.80158073706458,61.80870598642825,69.2575956578045,83.20570212245266,76.72500000000005,70.24429787754744,2.746948772965766,2.5235783910843135,0.2233703818814523
2020-07-27,2382,13449732,1082790341,79.8,81.8,79.7,79.8,-0.1,6506,80.72000000000004,79.47999999999996,77.17000000000004,60.49968374446555,78.12768614476394,60.737342109897966,68.60093754113376,83.19597709919036,77.17000000000004,71.14402290080973,2.624268693233148,2.54371645151408,0.08055224171906783
2020-07-28,2382,15522929,1238626738,78.9,80.9,78.9,79.7,-0.1,6619,80.68000000000004,79.69999999999996,77.60500000000005,44.53932110478602,61.71551057699066,59.5334292952843,67.90755218459849,83.01072844304674,77.60500000000005,72.19927155695335,2.4902684177362886,2.533026844758522,-0.0427584270222332
2020-07-29,2382,13760755,1108939961,80.0,81.3,79.9,80.6,0.9,8168,80.40000000000002,79.88999999999996,78.05500000000004,45.751633986928034,50.26354627872652,66.50470634668756,70.77097893365318,82.85019551217388,78.05500000000004,73.25980448782619,2.4286981914326304,2.5121611140933435,-0.08346292266071309
2020-07-30,2382,20279862,1663365384,82.0,82.5,81.0,82.1,1.5,8707,80.42000000000003,80.29999999999997,78.53000000000004,60.174291938997754,50.15508234357059,74.9094092555066,74.80574362293105,82.93595052173407,78.53000000000004,74.12404947826602,2.4724400575316707,2.504216902781009,-0.031776845249338326
2020-07-31,2382,21467875,1768703648,82.7,82.8,81.8,81.8,-0.3,7191,80.80000000000004,80.67999999999996,78.92000000000004,71.8887213004859,59.271549075470546,70.76616061970607,72.64586416280775,83.02346195303042,78.92000000000004,74.81653804696967,2.454603171341091,2.4942941564930257,-0.03969098515193448
2020-08-03,2382,36948928,2762518815,74.7,76.2,73.5,73.6,0.0,14312,79.56000000000003,80.13999999999996,78.83000000000003,53.29289587354094,61.78530303767485,25.604860908430894,39.26999031796923,83.30083884746257,78.83000000000003,74.35916115253748,1.7585246631138176,2.347140257817184,-0.5886155947033664
2020-08-04,2382,16174435,1204281571,74.5,75.3,73.3,75.3,1.7,8047,78.68000000000004,79.67999999999996,78.80500000000004,32.162291585041935,52.447969586356244,35.552672865175424,44.91983767698044,83.34833577891548,78.80500000000004,74.26166422108459,1.3287363770313334,2.143459481660014,-0.8147231046286807
2020-08-05,2382,16250900,1246999815,75.7,77.9,75.3,77.4,2.1,8777,78.04000000000003,79.21999999999996,78.84000000000003,21.761931710997903,35.73903972319358,45.965553243984566,50.98593213772522,83.32838501022079,78.84000000000003,74.35161498977928,1.1443867354905706,1.9436449324261253,-0.7992581969355548
2020-08-06,2382,11131499,852375757,77.5,77.8,75.9,76.2,-1.2,6433,76.86000000000003,78.63999999999996,78.81500000000003,31.57894736842107,28.501056888153624,41.49584363558667,47.74975880895496,83.3560461349758,78.81500000000003,74.27395386502425,0.8911853156453446,1.7331530090699692,-0.8419676934246245
2020-08-07,2382,9316727,712939202,76.2,77.3,76.0,76.0,-0.2,5592,75.70000000000002,78.24999999999997,78.76500000000003,34.03508771929827,29.125322266239067,40.725805839309345,47.2119024044126,83.40580811928011,78.76500000000003,74.12419188071995,0.6666977608874447,1.5198619594334644,-0.8531641985460197
2020-08-10,2382,10840768,831464342,76.3,77.6,76.3,76.3,0.3,5560,76.24000000000002,77.89999999999996,78.69000000000003,30.175438596491222,31.929824561403507,42.59017419012948,48.155258836926485,83.43801010950685,78.69000000000003,73.9419898904932,0.5071511266938131,1.317319792885534,-0.8101686661917209
2020-08-11,2382,7943289,602029729,76.5,76.5,75.3,75.3,-1.0,3952,76.24000000000002,77.45999999999995,78.58000000000003,27.0175438596491,30.409356725146182,37.948389918525486,45.25228107583874,83.5307979154857,78.58000000000003,73.62920208451435,0.2965986226766404,1.1131755588437553,-0.8165769361671149
2020-08-12,2382,5835317,434307467,75.8,75.8,73.8,74.2,-1.1,3536,75.60000000000001,76.81999999999996,78.35500000000003,20.7017543859649,25.964912280701725,33.29194773186505,42.23607566279411,83.65989396689261,78.35500000000003,73.05010603310745,0.04050650559565838,0.8986417481941359,-0.8581352425984775
2020-08-13,2382,5731191,428769388,75.2,75.4,74.2,75.0,0.8,3441,75.36000000000001,76.10999999999996,78.20500000000003,22.49427917620136,23.40452580727177,39.58222356796032,45.1019637917349,83.70753577907308,78.20500000000003,72.70246422092697,-0.09677941525805522,0.6995575155036977,-0.7963369307617529
2020-08-14,2382,44662142,3580953412,77.0,82.0,76.8,81.0,6.0,20073,76.36000000000001,76.02999999999996,78.35500000000003,44.97865102536449,29.391561529176908,66.89593817403647,60.80746613972619,83.9889950301696,78.35500000000003,72.72100496983046,0.2753957682925403,0.6147251660614662,-0.3393293977689259
2020-08-17,2382,26052630,2175717578,82.2,84.6,82.0,84.3,3.3,15524,77.96000000000001,77.09999999999995,78.62000000000003,74.22816369592978,47.23369796583186,74.33963050595021,66.48636272970478,84.8205161075488,78.62000000000003,72.41948389245127,0.8270954617490816,0.6571992251989893,0.16989623655009223
2020-08-18,2382,16306372,1347883893,84.6,85.0,81.9,82.2,-2.1,8841,79.34,77.78999999999996,78.73500000000003,86.90932311621964,68.70537927917128,63.70478199021268,60.48061790166987,85.1090960143365,78.73500000000003,72.36090398566355,1.0823918544942472,0.7422377510580409,0.34015410343620633
2020-08-19,2382,10396615,858613011,83.0,84.3,81.5,81.5,-0.7,6046,80.80000000000001,78.19999999999996,78.71000000000002,80.32407407407403,80.48718696207447,60.34744209239899,58.58104974906991,85.03642078903881,78.71000000000002,72.38357921096123,1.2142349900695706,0.8366371988603468,0.37759779120922377
2020-08-20,2382,15395597,1212648446,81.5,81.5,76.1,78.9,-2.6,8317,81.58000000000001,78.46999999999996,78.55500000000004,63.095238095238074,76.77621176184391,49.12793273611852,52.04282942190536,84.70072208938659,78.55500000000004,72.40927791061348,1.0962860508186765,0.8885669692520127,0.20771908156666374
2020-08-21,2382,21554895,1691490624,80.0,80.2,77.0,77.9,-1.0,12980,80.96000000000001,78.65999999999995,78.45500000000003,50.29761904761904,64.5723104056437,45.34508661122988,49.74325263095093,84.57495915018904,78.45500000000003,72.33504084981101,0.911610545128454,0.893175684427301,0.018434860701152966
2020-08-24,2382,9335394,726251964,78.3,78.6,77.4,77.6,-0.3,5278,79.62,78.78999999999996,78.34500000000003,38.69047619047617,50.69444444444442,44.15510792969099,49.043134738784644,84.44335223646382,78.34500000000003,72.24664776353623,0.7326014105263852,0.8610608296471178,-0.12845941912073267
2020-08-25,2382,13014794,1025797576,78.8,79.3,78.4,78.9,1.3,5943,78.96000000000001,79.14999999999996,78.30500000000004,38.0180776014109,42.33539094650203,50.69630589223657,52.1837809070543,84.37771767827041,78.30500000000004,72.23228232172966,0.687707058225314,0.8263900753627571,-0.13868301713744313
2020-08-26,2382,13695958,1082048354,79.9,80.0,78.4,79.1,0.2,6402,78.48000000000002,79.63999999999996,78.23000000000003,37.0516517052097,37.920068499032254,51.71150434175941,52.66711850325883,84.2240303636184,78.23000000000003,72.23596963638167,0.6606507188643604,0.7932422040630778,-0.13259148519871733
2020-08-27,2382,12578055,983559616,79.1,79.2,77.5,78.5,-0.6,5742,78.40000000000002,79.98999999999997,78.05000000000004,34.73089194062974,36.60020708241677,48.235305852013674,51.00154198286416,83.77869967793515,78.05000000000004,72.32130032206493,0.5840607012013521,0.7514059034907327,-0.16734520228938055
2020-08-28,2382,16321210,1261610965,78.8,78.8,76.3,77.2,-1.3,10015,78.26000000000002,79.60999999999997,77.82000000000004,24.344569288389497,32.0423709780763,41.22941373432229,47.496723965089764,83.2915994005389,77.82000000000004,72.34840059946117,0.41369461099583305,0.6838636449917528,-0.27016903399591974
2020-08-31,2382,15953639,1234012216,78.1,78.6,76.8,77.0,-0.2,7701,78.14000000000003,78.87999999999997,77.99000000000004,16.767150817575605,25.28087068219827,40.18189392484351,46.96203599888702,83.12766483920223,77.99000000000004,72.85233516079785,0.25954802053857406,0.599000520101117,-0.339452499562543
2020-09-01,2382,16370592,1271034576,77.7,78.8,77.0,77.9,0.9,9033,77.94000000000003,78.44999999999996,78.12000000000005,18.889497883742937,20.000405996569338,47.221830009740096,49.70583056640979,83.10822613761344,78.12000000000005,73.13177386238665,0.20761495940494967,0.5207234079618835,-0.31310844855693387
2020-09-02,2382,12238780,951561840,78.3,78.6,77.2,77.8,-0.1,7086,77.68000000000004,78.07999999999996,78.14000000000004,27.590160516989794,21.082269739436104,46.51223983782605,49.400032904990724,83.11971886756402,78.14000000000004,73.16028113243607,0.15658347322441557,0.44789542101438995,-0.2913119477899744
2020-09-03,2382,13719137,1072106969,78.3,78.7,77.5,77.8,0.0,6741,77.54000000000003,77.96999999999996,78.22000000000004,37.44513744513742,27.97493194862338,46.51223983782606,49.400032904990724,83.12330500784658,78.22000000000004,73.3166949921535,0.11481711256190863,0.3812797593238937,-0.26646264676198506
2020-09-04,2382,17930539,1365213401,76.2,77.2,75.1,76.8,-1.0,7839,77.46000000000004,77.85999999999996,78.26000000000003,37.89865218436639,34.31131671549787,38.614410172336235,46.110063128596735,83.1028916981468,78.26000000000003,73.41710830185326,0.0010136435236063335,0.3052265361638362,-0.3042128926402299
2020-09-07,2382,9884373,749848766,76.8,76.8,75.5,75.6,-1.2,5481,77.18000000000004,77.65999999999995,78.22500000000004,28.479499908071265,34.607763179191686,31.19797850944416,42.45604936338956,83.13371673657973,78.22500000000004,73.31628326342035,-0.1838866657630689,0.2074038957784552,-0.3912905615415241
2020-09-08,2382,11086323,830538601,76.5,76.5,74.4,74.9,-0.7,6098,76.58000000000004,77.25999999999996,78.20500000000004,18.438208616779985,28.27212023640588,27.591491625852598,40.44271351418091,83.1642237295745,78.20500000000004,73.24577627042558,-0.38249646174820384,0.08942382427312338,-0.47192028602132724
2020-09-09,2382,13942749,1026314006,74.1,74.4,72.7,74.4,-0.5,7203,75.90000000000005,76.78999999999995,78.21500000000005,16.163200252778665,21.026969592543303,25.167064071833817,39.01935791764398,83.14258561569167,78.21500000000005,73.28741438430842,-0.5736295331126513,-0.043186847204031556,-0.5304426859086198
2020-09-10,2382,11524031,872445147,75.7,76.4,75.1,75.9,1.5,6009,75.52000000000005,76.52999999999994,78.26000000000005,30.248178506375222,21.61652912531129,42.76816231763675,45.245240684671884,83.08468651831107,78.26000000000005,73.43531348168902,-0.5971824575934903,-0.15398596928192332,-0.443196488311567
2020-09-11,2382,7365656,559338975,75.9,76.4,75.2,76.4,0.5,3213,75.44000000000005,76.44999999999995,78.03000000000006,46.99453551912571,31.135304759426532,47.56438039790779,47.18104811924563,82.74766891589121,78.03000000000006,73.3123310841089,-0.5689440655759768,-0.23697758854073403,-0.33196647703524274
2020-09-14,2382,8796455,678304963,76.8,78.1,76.2,78.1,1.7,4159,75.94000000000005,76.55999999999995,77.72000000000006,67.70491803278684,48.315877352762584,60.646323338314964,53.234825407029454,81.46304688722529,77.72000000000006,73.97695311277482,-0.40472374059844185,-0.2705268189522756,-0.13419692164616626
2020-09-15,2382,8749597,682833817,78.2,78.5,77.6,78.3,0.2,5401,76.62000000000006,76.59999999999994,77.52500000000005,81.32969034608368,65.34304796599874,61.94929919950161,53.90419172157983,80.6732534840717,77.52500000000005,74.3767465159284,-0.2554944405094943,-0.2675203432637193,0.012025902754224993
2020-09-16,2382,10763554,846313637,78.6,79.3,78.0,78.8,0.5,5204,77.50000000000006,76.69999999999995,77.39000000000004,91.91919191919176,80.31793343268743,65.30022290833503,55.61462401689931,80.03643155966195,77.39000000000004,74.74356844033814,-0.09577924026305595,-0.23317212266358664,0.13739288240053069
2020-09-17,2382,7201912,568563268,78.8,79.5,78.5,78.6,-0.2,4049,78.04000000000005,76.77999999999994,77.37500000000003,90.84076054664276,88.02988093730606,62.722523999118295,54.73965795603017,79.99024377448524,77.37500000000003,74.75975622551482,0.01449083674212659,-0.183639530782444,0.19813036752457058
2020-09-18,2382,10013346,781793204,78.3,78.7,77.7,78.1,-0.5,3507,78.38000000000007,76.90999999999995,77.38500000000002,86.20023767082576,89.65339671222007,56.24661531983182,52.51526036043836,80.00970950773404,77.38500000000002,74.760290492266,0.06083359409100808,-0.13474490580775358,0.19557849989876167
2020-09-21,2382,6363307,489897675,78.0,78.1,76.3,76.3,-1.8,3617,78.02000000000007,76.97999999999995,77.32000000000002,73.03921568627435,83.36007130124761,39.233508547904336,45.36789261346157,79.98428226732675,77.32000000000002,74.6557177326733,-0.04714098170791203,-0.11722412098778527,0.07008313927987324
2020-09-22,2382,7007505,530862512,75.5,76.2,75.2,75.6,-0.7,3985,77.48000000000006,77.04999999999995,77.15500000000002,47.90552584670218,69.04832640126743,34.49908473816806,42.92139576988056,79.81618394704196,77.15500000000002,74.49381605295807,-0.1870396837531274,-0.1311872335408537,-0.0558524502122737
2020-09-23,2382,5435354,410405716,75.6,76.2,75.0,75.4,-0.2,3433,76.80000000000007,77.14999999999995,76.97000000000003,24.397900574371107,48.447547369115874,33.165043364135514,42.22084500195738,79.57852448713568,76.97000000000003,74.36147551286437,-0.3104698385321001,-0.16704375453910297,-0.1434260839929971
2020-09-24,2382,13664963,1004355070,74.5,74.9,72.7,73.0,-2.4,7331,75.68000000000006,76.85999999999996,76.69500000000002,8.221429986135822,26.84161880240303,21.516678041111508,34.866555084792296,79.72582497020029,76.69500000000002,73.66417502979975,-0.5950892493870725,-0.2526528535086969,-0.34243639587837565
2020-09-25,2382,7114338,520381967,74.0,74.1,72.4,73.4,0.4,4455,74.74000000000005,76.55999999999996,76.50500000000002,9.128386879008216,13.915905813171706,26.533939188050816,36.841165245180676,79.84594298065507,76.50500000000002,73.16405701934498,-0.7793911895225847,-0.3580005207114744,-0.42139066881111026
2020-09-28,2382,8221454,606782660,73.7,74.4,73.4,74.2,0.8,4787,74.32000000000005,76.16999999999996,76.36500000000004,14.616128141397317,10.655315002180444,36.07003453105709,40.71245321602189,79.84308855551166,76.36500000000004,72.88691144448842,-0.8510876817709487,-0.45661795292336926,-0.39446972884757947
2020-09-29,2382,7153188,533122795,75.0,75.3,74.1,74.5,0.3,3368,74.10000000000005,75.78999999999996,76.19500000000002,23.004694835680656,15.583069952028723,39.50544155346682,42.14457969060617,79.68869431976955,76.19500000000002,72.70130568023049,-0.8736295183556138,-0.5400202660098181,-0.33360925234579564
2020-09-30,2382,7021849,527834676,74.9,75.6,74.5,75.6,1.1,3311,74.14000000000006,75.46999999999997,76.08500000000002,35.24107608614636,24.287299687741438,50.812437803678755,47.18250586930057,79.50744064959352,76.08500000000002,72.66255935040653,-0.793585321738405,-0.5907332771555355,-0.20285204458286954
2020-10-05,2382,9349746,694786894,75.6,75.8,73.7,74.0,-1.6,4478,74.34000000000006,75.00999999999996,75.89500000000002,36.147097006993064,31.464289309606688,38.57670137378537,41.51921507702039,79.3373683707573,75.89500000000002,72.45263162924275,-0.849464252346138,-0.642479472193656,-0.206984780152482
2020-10-06,2382,8615949,642392757,74.7,75.1,74.0,74.9,0.9,5295,74.64000000000006,74.68999999999997,75.80000000000004,48.21776663881914,39.86864657731952,46.958632880264,45.4831441094777,79.24209238690368,75.80000000000004,72.3579076130964,-0.8117686651887084,-0.6763373107926665,-0.13543135439604193
2020-10-07,2382,8629674,640305108,74.9,75.0,73.8,74.2,-0.7,5408,74.64000000000006,74.47999999999998,75.73000000000005,47.076023391812775,43.81362901254166,41.78459621632765,43.03959502273814,79.24175169964657,75.73000000000005,72.21824830035352,-0.8288246163880046,-0.706834771911734,-0.12198984447627059
2020-10-08,2382,7270324,541100846,74.5,74.9,74.1,74.9,0.7,4537,74.72000000000006,74.40999999999997,75.73000000000005,62.229102167182646,52.507630732604845,48.41559938478307,46.154906045000146,79.24175169964657,75.73000000000005,72.21824830035352,-0.7769017905026772,-0.7208481756299226,-0.05605361487275451
2020-10-12,2382,12446272,915616506,74.8,75.0,73.1,73.3,-1.6,6326,74.26000000000005,74.19999999999996,75.67500000000004,49.12280701754377,52.809310858846395,37.13577087166889,40.67845267469313,79.30094815186008,75.67500000000004,72.04905184814,-0.8550032597890862,-0.7476791924617554,-0.1073240673273308
2020-10-13,2382,6437497,473472978,73.2,73.9,72.8,73.9,0.6,3143,74.24000000000005,74.28999999999996,75.57500000000003,45.55555555555558,52.30248824676065,42.950713799655276,43.39103357558888,79.28006410200727,75.57500000000003,71.86993589799279,-0.8585869948734199,-0.7698607529440883,-0.08872624192933165
2020-10-14,2382,5799510,428225340,73.9,74.2,73.5,73.9,0.0,2416,74.04000000000005,74.33999999999996,75.45000000000003,33.26797385620921,42.64877880976951,42.95071379965527,43.391033575588885,79.20366487582233,75.45000000000003,71.69633512417774,-0.8516102973483441,-0.7862106618249395,-0.06539963552340466
2020-10-15,2382,6439276,474827137,73.6,74.2,73.2,74.1,0.2,2704,74.02000000000005,74.32999999999996,75.25000000000003,38.88888888888898,39.23747276688457,45.24850300444185,44.374350326354175,78.84026461420117,75.25000000000003,71.65973538579888,-0.8204848471808646,-0.7930654988961245,-0.02741934828474002
2020-10-16,2382,5874286,431077483,73.8,74.0,73.2,73.2,-0.9,2899,73.68000000000005,74.19999999999996,74.99500000000003,31.11111111111117,34.42265795206978,37.3505240393127,40.92897691450959,78.40233033326462,74.99500000000003,71.58766966673545,-0.8585434278510036,-0.8061610846871003,-0.05238234316390322
2020-10-19,2382,3650878,267617027,73.4,73.5,73.0,73.2,0.0,1843,73.66000000000005,73.95999999999997,74.71500000000005,24.685990338164306,31.56199677938814,37.35052403931271,40.92897691450959,77.72250727346987,74.71500000000005,71.70749272653022,-0.8785774334717615,-0.8206443544440326,-0.05793307902772893
2020-10-20,2382,3610012,265157476,73.9,73.9,73.1,73.2,0.0,1934,73.52000000000004,73.87999999999997,74.44500000000005,16.302151954326032,24.033084467867155,37.35052403931271,40.92897691450959,76.93375470867926,74.44500000000005,71.95624529132084,-0.8842613132775199,-0.8333677462107301,-0.050893567066789824
2020-10-21,2382,15597770,1123411049,73.7,73.7,71.2,71.2,-2.0,8867,72.98000000000003,73.50999999999998,74.10000000000005,11.857707509881521,17.615283267457272,23.11378181514148,33.67256364271037,76.36980175345182,74.10000000000005,71.83019824654828,-1.0381816030025135,-0.8743305175690868,-0.16385108543342675
2020-10-22,2382,10713441,768133824,70.9,72.2,70.8,72.1,0.9,5220,72.58000000000004,73.29999999999998,73.89000000000006,16.378066378066357,14.845975280757955,35.93413328214732,38.920446930267104,76.08262399876752,73.89000000000006,71.6973760012326,-1.0751484214138003,-0.9144940983380294,-0.16065432307577088
2020-10-23,2382,5340975,382784500,72.1,72.2,71.4,71.7,-0.4,2849,72.28000000000004,72.97999999999999,73.69500000000006,19.140989729224966,15.7922545390576,33.074508195430774,37.50031706347814,75.93774385518392,73.69500000000006,71.4522561448162,-1.1237674566771858,-0.9563487700058607,-0.1674186866713251
2020-10-26,2382,4142928,299330801,72.1,72.4,72.0,72.2,0.5,2321,72.08000000000004,72.86999999999999,73.53500000000005,32.86647992530343,22.795178677531567,40.03380299583915,40.426478044975944,75.72431496134607,73.53500000000005,71.34568503865404,-1.1091667867932102,-0.9869123733633306,-0.12225441342987964
2020-10-27,2382,6821980,491876467,71.9,72.5,71.3,72.3,0.1,2516,71.90000000000005,72.71,73.50000000000006,37.25490196078429,29.754123871770876,41.45431637792016,41.02122310267041,75.74410338442051,73.50000000000006,71.2558966155796,-1.0771102301970075,-1.0049519447300659,-0.07215828546694159
2020-10-28,2382,6793493,495266948,72.3,73.2,72.3,73.1,0.8,3266,72.28000000000004,72.63,73.48500000000004,52.38970588235282,40.83702925614683,52.054701135401515,45.69226661831178,75.73557770360816,73.48500000000004,71.23442229639193,-0.975902270126511,-0.9991420098093549,0.023239739682843874
2020-10-29,2382,7248648,521875226,71.8,72.6,71.2,72.0,-1.1,3820,72.26000000000003,72.41999999999999,73.37500000000004,51.56744149272597,47.070683111954345,40.338308476501666,40.89616756022997,75.68919532450833,73.37500000000004,71.06080467549175,-0.9732361786738295,-0.9939608435822498,0.020724664908420287
2020-10-30,2382,7806738,561520926,71.5,72.4,71.3,72.0,0.0,3874,72.32000000000004,72.29999999999998,73.25000000000004,49.764784946236425,51.24064410710506,40.33830847650167,40.89616756022997,75.57765976894738,73.25000000000004,70.9223402310527,-0.96005635000094,-0.9871799448659878,0.027123594865047784
2020-11-02,2382,4399273,318476564,72.0,72.8,71.6,72.8,0.8,2122,72.44000000000004,72.25999999999998,73.11000000000004,48.794957360029535,50.04239459966397,51.20915125517204,45.70329449358809,75.17775240296783,73.11000000000004,71.04224759703226,-0.874971796482285,-0.9647383151892472,0.08976651870696228
2020-11-03,2382,5495176,401417624,72.8,73.4,72.4,73.3,0.5,2908,72.64000000000004,72.26999999999997,73.07500000000005,67.94301360485987,55.500918637041934,56.93126603415277,48.52142539003654,75.10465514311555,73.07500000000005,71.04534485688454,-0.7584528808026363,-0.923481228311925,0.16502834750928874
2020-11-04,2382,6602507,481175500,73.0,73.3,72.3,72.7,-0.6,3889,72.56000000000004,72.41999999999997,72.96500000000005,77.76706052568096,64.83501049685678,48.9020476202072,45.471475800879375,74.81786265005614,72.96500000000005,71.11213734994395,-0.7063830422410575,-0.8800615910977515,0.17367854885669398
2020-11-05,2382,7422466,542841441,72.8,73.9,72.7,72.7,0.0,3581,72.70000000000005,72.47999999999998,72.89000000000004,73.29707329707306,73.00238247587129,48.9020476202072,45.471475800879375,74.65623894192618,72.89000000000004,71.12376105807391,-0.6575376354792439,-0.83555679997405,0.17801916449480604
2020-11-06,2382,7522344,552944999,72.9,73.8,72.8,73.8,1.1,3331,73.06000000000004,72.68999999999997,72.83500000000004,73.34455667788978,74.80289683354793,62.2037257750883,51.90004838454075,74.40506369296902,72.83500000000004,71.26493630703105,-0.5240258480108082,-0.7732506095814016,0.24922476157059337
2020-11-09,2382,6824948,504784271,74.3,74.4,73.5,74.0,0.2,4006,73.30000000000004,72.86999999999996,72.87000000000003,79.78395061728371,75.47519353074885,64.18157647681265,52.98533915436607,74.50963410552008,72.87000000000003,71.23036589447999,-0.397496375230574,-0.6980997627112361,0.30060338748066207
2020-11-10,2382,11671463,848543600,73.0,73.3,72.0,72.1,-1.9,6088,73.06000000000003,72.84999999999997,72.78000000000003,70.64043209876512,74.58964646464621,40.62170018167577,43.04813709438917,74.38074982429623,72.78000000000003,71.17925017570383,-0.44540067575624676,-0.6475599453202382,0.20215926956399144
2020-11-11,2382,14146843,1015796264,71.8,72.5,71.3,71.6,-0.5,7700,72.84000000000003,72.69999999999996,72.66500000000002,41.76747311827931,64.06395194477606,36.50730849189713,40.87556946176309,74.25782767429088,72.66500000000002,71.07217232570916,-0.5177427838518014,-0.6215965130265508,0.10385372917474944
2020-11-12,2382,11220394,803751156,72.2,72.3,71.1,71.1,-0.5,5569,72.52000000000002,72.60999999999997,72.51500000000001,12.600806451612703,41.66957055621906,32.64926009758639,38.768482645345124,74.10405632373285,72.51500000000001,70.92594367626718,-0.6084069108913184,-0.6189585925995044,0.01055168170818599
2020-11-13,2382,9467522,674784323,70.8,71.8,70.8,71.5,0.4,4967,72.06000000000003,72.55999999999997,72.43000000000002,9.70728793309429,21.35852250099545,38.69590059858639,41.37221747308856,74.04505417865361,72.43000000000002,70.81494582134643,-0.6405978148579834,-0.6232864370512001,-0.017311377806783268
2020-11-16,2382,23047292,1729901621,73.3,76.3,73.2,76.1,4.6,12333,72.48000000000002,72.88999999999997,72.57500000000002,38.602693602693535,20.30359599580019,72.1917175114022,61.59655909977608,74.83320725354999,72.57500000000002,70.31679274645005,-0.2915667816141081,-0.5569425059637817,0.2653757243496736
2020-11-17,2382,21292393,1607355010,76.6,77.0,74.9,75.6,-0.5,8436,73.18000000000002,73.11999999999998,72.69500000000001,64.40914521559672,37.573042250461526,67.51379986814452,59.20582001782972,75.30151107804853,72.69500000000001,70.08848892195148,-0.054672760906072426,-0.45648855695223983,0.4018157960461674
2020-11-18,2382,13741403,1045081842,75.5,76.5,75.2,76.3,0.7,7373,74.12000000000002,73.47999999999998,72.95,87.4975562072335,63.50313167517459,70.62299215669897,61.46103768285948,75.89720206297334,72.95,70.00279793702667,0.18739147481568352,-0.3277125505986551,0.5151040254143386
2020-11-19,2382,9145884,699409732,76.2,76.8,75.6,76.5,0.2,4216,75.20000000000002,73.85999999999997,73.17,86.02150537634397,79.30940226639142,71.53122295116502,62.10562483727591,76.46672564827523,73.17,69.87327435172477,0.39086184212114006,-0.18399767205469608,0.5748595141758361
2020-11-20,2382,5415399,413150498,76.8,76.9,76.0,76.5,0.0,2687,76.20000000000002,74.12999999999997,73.41,90.86021505376335,88.1264255457803,71.53122295116502,62.10562483727591,76.93471275425364,73.41,69.88528724574635,0.5458216815528232,-0.03803380133319223,0.5838554828860154
2020-11-23,2382,9962430,769504739,77.4,77.5,76.5,77.5,1.0,5079,76.48000000000002,74.47999999999998,73.675,94.62365591397842,90.50179211469526,76.47992163950794,65.45600130255875,77.57314058238,73.675,69.77685941761999,0.7407808528277542,0.11772912949899705,0.6230517233287571
2020-11-24,2382,8475548,656268339,77.6,77.9,77.0,77.4,-0.1,4438,76.84,75.00999999999996,73.93,94.96441011661359,93.48276036145181,74.95973458391182,64.83864276611214,78.09321990771471,73.93,69.7667800922853,0.8771074872701803,0.2696048010532337,0.6075026862169466
2020-11-25,2382,6889417,533320503,77.5,77.7,77.1,77.5,0.1,3442,77.08000000000001,75.59999999999997,74.15,95.77464788732385,95.12090463930531,75.5272519105522,65.19219155230303,78.57153819388593,74.15,69.72846180611408,0.9818977850553381,0.4120633978536546,0.5698343872016836
2020-11-26,2382,6624674,514496458,77.8,78.3,77.3,77.7,0.2,4050,77.32000000000001,76.25999999999996,74.43500000000002,91.8530792598729,94.1973790879368,76.7564434542879,65.93004474735113,78.99801435456763,74.43500000000002,69.8719856454324,1.0687631433194156,0.5434033469468068,0.5253597963726088
2020-11-27,2382,8149042,630183428,77.4,77.7,77.0,77.7,0.0,3639,77.56,76.87999999999997,74.72000000000001,88.31814415907206,91.98195710208962,76.7564434542879,65.93004474735112,79.35059391439076,74.72000000000001,70.08940608560927,1.124640410981371,0.6596507597537197,0.46498965122765135
2020-11-30,2382,19139610,1470803739,77.8,77.9,76.0,77.0,-0.7,5544,77.46000000000001,76.96999999999997,74.93000000000002,76.21758380771665,85.46293574222057,61.936539623104146,60.706493708005794,79.57417915244295,74.93000000000002,70.28582084755709,1.0997620262609047,0.7476730130551567,0.35208901320574804
2020-12-01,2382,6088410,468121010,76.5,77.5,76.0,77.5,0.5,3580,77.47999999999999,77.15999999999997,75.14000000000001,70.2626092252911,78.26611239735996,67.21204035887786,62.9636777634531,79.8497345997405,75.14000000000001,70.43026540025953,1.1076235536022807,0.8196631211645815,0.2879604324376992
2020-12-02,2382,10090786,783743458,77.4,78.1,77.1,77.8,0.3,4670,77.53999999999999,77.30999999999997,75.39500000000001,68.89858535487332,71.79292612929372,70.1117465604441,64.28918435912304,80.1009430510787,75.39500000000001,70.68905694892132,1.1250920031876603,0.8807488975691973,0.24434310561846306
2020-12-03,2382,7797247,606806542,78.0,78.3,77.3,77.4,-0.4,3930,77.47999999999999,77.39999999999996,75.63000000000002,69.83360171765977,69.66493209927475,61.63288354581928,61.14685582178878,80.24263482187655,75.63000000000002,71.0173651781235,1.094047717213968,0.9234086614981514,0.1706390557158166
2020-12-04,2382,9510631,746930791,77.8,79.0,77.6,79.0,1.6,4751,77.74,77.64999999999996,75.89000000000001,79.71014492753626,72.81411066668981,75.47418773837121,67.9045922090447,80.64474499841918,75.89000000000001,71.13525500158084,1.1848928183204634,0.9757054928626138,0.20918732545784968
2020-12-07,2382,16949268,1372599319,80.0,81.5,79.8,81.4,2.4,7955,78.62,78.03999999999996,76.26000000000002,86.35046113306991,78.63140259275535,84.96574957821153,74.94433703921155,81.49618181502453,76.26000000000002,71.02381818497551,1.4340176944771628,1.0673679331855235,0.3666497612916393
2020-12-08,2382,13941288,1140679907,82.0,83.4,80.9,81.9,0.5,6815,79.5,78.48999999999997,76.75000000000003,92.63718263718262,86.2325962325963,86.25833483069827,76.11950718614703,82.16830231714532,76.75000000000003,71.33169768285474,1.6527449599050357,1.184443338529426,0.4683016213756097
2020-12-09,2382,7167349,586032057,82.0,82.0,81.2,81.9,0.0,3900,80.32000000000001,78.92999999999996,77.26500000000004,85.88042588042588,88.28935655022617,86.25833483069829,76.11950718614702,82.58450185637513,77.26500000000004,71.94549814362496,1.8052777751558722,1.3086102258547152,0.496667549301157
2020-12-10,2382,11336322,912623969,81.0,81.2,79.9,80.6,-1.3,4868,80.96000000000001,79.21999999999996,77.74000000000004,73.87387387387379,84.13049413049413,66.13586154979431,66.68792085737957,82.43229155104174,77.74000000000004,73.04770844895833,1.8005068722879543,1.406989555141363,0.39351731714659133
2020-12-11,2382,8760837,708415387,80.7,81.9,79.9,81.1,0.5,4225,81.38000000000002,79.55999999999996,78.22000000000004,70.27027027027013,76.67485667485664,69.34477657480063,68.31409206650724,82.16542773346244,78.22000000000004,74.27457226653765,1.8161364284764545,1.4888189298083812,0.32731749866807336
2020-12-14,2382,8501194,681782537,81.0,81.0,79.9,79.9,-1.2,4410,81.08000000000001,79.84999999999995,78.41000000000005,58.50850850850839,67.5508842175508,54.80397689140081,60.66048234633483,82.29427599430966,78.41000000000005,74.52572400569045,1.7119586000945048,1.5334468638656058,0.17851173622889904
2020-12-15,2382,11954883,934890579,79.8,80.0,77.3,77.6,-2.3,6278,80.22000000000003,79.85999999999996,78.51000000000005,39.427132050082776,56.06863694295381,37.309873346576836,49.26727871132352,82.19776354990022,78.51000000000005,74.82223645009988,1.4273525111901932,1.5122279933305234,-0.08487548214033014
2020-12-16,2382,11133142,871575130,78.0,79.4,77.6,78.9,1.3,5827,79.62000000000003,79.96999999999996,78.64000000000006,25.19732847601698,41.044323011536086,48.21116721402585,54.47222902406945,82.1876189197779,78.64000000000006,75.09238108022221,1.2918081109239523,1.4681440168492093,-0.17633590592525694
2020-12-17,2382,6399802,499263396,78.9,78.9,77.7,77.7,-1.2,2891,79.04000000000002,79.99999999999997,78.70000000000006,12.568306010928936,25.730922179009607,40.6068107809422,49.43085278893823,82.13976743399408,78.70000000000006,75.26023256600604,1.075164400049573,1.389548093489282,-0.31438369343970907
2020-12-18,2382,10477549,828253146,78.2,79.8,78.0,78.9,1.2,4217,78.60000000000002,79.98999999999997,78.82000000000006,19.67213114754101,19.14592187816235,49.83761941219396,54.01419648540112,82.10852550544516,78.82000000000006,75.53147449455497,0.9889032089081127,1.3094191165730482,-0.32051590766493554
2020-12-21,2382,6387076,505088330,78.9,79.5,78.0,79.5,0.6,3728,78.52000000000002,79.79999999999997,78.92000000000006,26.531798628066507,19.59074526217886,54.00735293391319,56.15403554533973,82.16320828809506,78.92000000000006,75.67679171190505,0.9579133502199682,1.2391179633024323,-0.28120461308246414
2020-12-22,2382,6908485,542293134,79.5,79.5,77.9,78.3,-1.2,3435,78.66000000000003,79.43999999999997,78.96500000000006,31.59238308993389,25.932104288513845,45.23389271677085,51.03872689806924,82.14699622877978,78.96500000000006,75.78300377122034,0.8269906592224885,1.1566925024864436,-0.32970184326395513
2020-12-23,2382,6481704,508148657,78.0,79.0,77.0,79.0,0.7,3198,78.68000000000002,79.14999999999996,79.04000000000005,36.454655867897486,31.526279195299338,50.685858030819176,53.68891848723718,82.15024114820326,79.04000000000005,75.92975885179683,0.7708319621820436,1.0795203944255636,-0.30868843224351994
2020-12-24,2382,3662009,288132009,79.1,79.1,78.3,78.8,-0.2,1879,78.90000000000002,78.96999999999996,79.09500000000006,35.85181898846483,34.632952648765446,49.057951860443985,52.809385121615925,82.1468682802461,79.09500000000006,76.04313171975402,0.7020941572394435,1.0040351469883395,-0.30194098974889605
2020-12-25,2382,4628739,368515288,79.2,80.0,78.9,79.8,1.0,2566,79.08000000000003,78.83999999999995,79.20000000000005,59.71655328798172,44.00767604811472,57.09610197018341,56.634679902124454,82.19666481275006,79.20000000000005,76.20333518725003,0.7200107584127409,0.9472302692732197,-0.22721951086047887
2020-12-28,2382,6729287,541732411,80.5,81.0,80.0,80.9,1.1,4010,79.36000000000004,78.93999999999996,79.39500000000005,78.61111111111103,58.05982779585256,64.3210018919092,60.43402316312595,82.299806361872,79.39500000000005,76.4901936381281,0.8135920184953847,0.9205026191176527,-0.10691060062226809
2020-12-29,2382,3972175,318810925,80.8,80.9,80.0,80.4,-0.5,2480,79.78000000000004,79.21999999999994,79.54000000000005,91.94444444444441,76.75736961451243,59.047928018679755,57.948761408033974,82.33957139576353,79.54000000000005,76.74042860423657,0.8377529257567602,0.9039526804454743,-0.06619975468871409
2020-12-30,2382,4209798,339779904,80.7,81.0,80.0,81.0,0.6,2644,80.18000000000004,79.42999999999995,79.70000000000006,94.16666666666667,88.24074074074075,63.26419977660373,60.07077165466591,82.44881792775878,79.70000000000006,76.95118207224134,0.8949986174771425,0.902161867851808,-0.007163250374665475
2020-12-31,2382,4113407,332507704,80.7,81.2,80.4,80.9,-0.1,1729,80.60000000000005,79.74999999999994,79.87500000000006,92.61904761904759,92.91005291005293,62.02255348156572,59.531572168764725,82.45637560226518,79.87500000000006,77.29362439773493,0.9216726082269844,0.9060640159268433,0.015608592300141111
2021-01-04,2382,9164248,742458321,80.4,81.5,80.2,81.1,0.2,4971,80.86000000000004,79.96999999999994,79.98000000000005,94.65608465608454,93.81393298059965,63.685567553957334,60.299112409525904,82.58123047805749,79.98000000000005,77.3787695219426,0.9480220584358108,0.9144556244286368,0.03356643400717396
2021-01-05,2382,17034217,1423013007,81.3,84.8,81.2,84.7,3.6,9167,81.62000000000003,80.48999999999995,80.14500000000005,94.22873422873414,93.83462216795546,81.08209357683201,70.97159012052933,83.41759835604206,80.14500000000005,76.87240164395804,1.245042031580212,0.9805729058589518,0.26446912572126013
2021-01-06,2382,14793018,1249111185,84.0,85.8,83.1,83.9,-0.8,8015,82.32000000000002,81.04999999999995,80.24500000000005,88.16524216524209,92.3500203500203,72.12433473699674,66.68172130375905,83.8330217390609,80.24500000000005,76.6569782609392,1.3997438107494133,1.064407086837044,0.33533672391236924
2021-01-07,2382,8899811,749583199,83.8,84.9,83.8,83.9,0.0,5208,82.90000000000002,81.53999999999995,80.34500000000006,81.94946116685247,88.11447918694294,72.12433473699674,66.68172130375906,84.21254444059392,80.34500000000006,76.4774555594062,1.504997411970308,1.152525151863697,0.35247226010661104
2021-01-08,2382,9496651,800499780,85.0,85.0,83.7,84.6,0.7,5419,83.64000000000003,82.11999999999996,80.54500000000004,75.48025987006493,81.8649877340532,75.36562281240698,68.60731793494395,84.83520978507812,80.54500000000004,76.25479021492197,1.6261505478331628,1.2472502310575901,0.3789003167755727
2021-01-11,2382,7992515,673655120,84.6,85.0,83.6,84.9,0.3,5147,84.40000000000002,82.62999999999997,80.73500000000006,78.75229052140593,78.72733718610782,76.71913304667534,69.4229352771695,85.42468015966666,80.73500000000006,76.04531984033345,1.7264710896307491,1.343094402772222,0.3833766868585271
2021-01-12,2382,8368077,706271175,84.9,85.0,83.8,84.9,0.0,4770,84.44000000000003,83.02999999999996,80.98500000000006,82.75862068965515,78.99705702704203,76.71913304667534,69.4229352771695,85.9923046641854,80.98500000000006,75.97769533581472,1.7853949205020143,1.4315545063181805,0.35384041418383383
2021-01-13,2382,14484656,1246281355,85.0,86.9,84.9,86.1,1.2,7500,84.88000000000004,83.59999999999997,81.41000000000005,85.67507291130549,82.3953280407889,82.07977675794767,72.71190993842838,86.63413629224732,81.41000000000005,76.18586370775279,1.906940429925342,1.5266316910396127,0.38030873888572936
2021-01-14,2382,10914911,937824409,86.0,86.9,85.0,85.6,-0.5,5794,85.22000000000006,84.05999999999997,81.74500000000005,84.37982501286655,84.27117287127577,73.81727865471585,69.36401073866669,87.13887615727153,81.74500000000005,76.35112384272857,1.940550838391772,1.6094155205100447,0.33113531788172734
2021-01-15,2382,10879035,932317196,86.2,86.7,85.0,85.0,-0.6,6396,85.30000000000004,84.46999999999997,82.11000000000004,78.44112769485882,82.83200853967698,64.69922174380032,65.46849377609523,87.34522683367024,82.11000000000004,76.87477316632985,1.8969059921658413,1.666913614841204,0.2299923773246373
2021-01-18,2382,10239064,849553513,84.2,84.2,81.8,83.2,-1.8,5604,84.96000000000005,84.67999999999998,82.32500000000005,58.23822066139874,73.68639112304139,45.170707421759246,55.41407579980356,87.36479166235848,82.32500000000005,77.2852083376416,1.697504406180684,1.6730317731091,0.024472633071584093
2021-01-19,2382,7981616,662575828,83.5,83.9,82.6,82.6,-0.6,4466,84.50000000000004,84.46999999999997,82.48000000000005,36.60130718954236,57.760218515266665,40.42554026751212,52.51871868923812,87.35056464898896,82.48000000000005,77.60943535101113,1.4740700649537786,1.6332394314780356,-0.15916936652425706
2021-01-20,2382,12708997,1032913190,82.6,83.0,80.2,81.2,-1.4,6615,83.52000000000004,84.19999999999997,82.62500000000004,19.35420934542962,38.06457906545693,31.43587128810456,46.4235980195571,87.149544175934,82.62500000000004,78.10045582406609,1.1705352384659875,1.540698592875626,-0.37016335440963855
2021-01-21,2382,7772804,633556559,82.0,82.5,81.0,81.4,0.2,4819,82.68000000000004,83.94999999999997,82.74500000000005,16.17403180177533,24.043182778915792,33.88622387227902,47.363413399029184,86.99775205014038,82.74500000000005,78.49224794985972,0.9353380355087069,1.4196264814022421,-0.48428844589353526
2021-01-22,2382,7952261,653179443,81.5,82.9,81.3,82.4,1.0,4614,82.16000000000004,83.72999999999998,82.92500000000005,21.890547263681526,19.13959613696218,45.291443839161126,51.90610870710314,86.78083972695593,82.92500000000005,79.06916027304418,0.8201796795107299,1.2997371210239397,-0.4795574415132098
2021-01-25,2382,9672896,810641040,82.6,84.5,82.6,84.3,1.9,5513,82.38000000000004,83.66999999999997,83.15000000000006,37.3134328358208,25.126003967092572,60.4247989545984,59.12431398799175,86.76801050302016,83.15000000000006,79.53198949697996,0.872176070913909,1.2142249110019336,-0.3420488400880246
2021-01-26,2382,7038219,586707295,84.3,84.3,83.0,83.0,-1.3,4469,82.46000000000004,83.47999999999998,83.25500000000005,45.27363184079589,34.8258706467661,49.49570776133355,53.23687644976385,86.72456769640984,83.25500000000005,79.78543230359027,0.7992709522592634,1.1312341192533997,-0.3319631669941363
2021-01-27,2382,8460254,710726612,83.2,84.9,83.2,84.1,1.1,4869,83.04000000000003,83.27999999999997,83.44000000000004,54.328358208955045,45.638474295190605,57.14717040190116,57.12712066612815,86.66701100090754,83.44000000000004,80.21298899909254,0.820792344170755,1.0691457642368707,-0.24835342006611572
2021-01-28,2382,10868856,902237142,83.1,85.0,82.1,82.8,-1.3,6505,83.32000000000004,82.99999999999997,83.53000000000004,51.98590381426185,50.52929795467096,47.27250768424593,51.657672184194105,86.57506157572763,83.53000000000004,80.48493842427246,0.7245963709484755,1.0002358855791917,-0.27563951463071623
2021-01-29,2382,10521892,859952641,82.3,83.1,80.7,80.7,-2.1,5278,82.98000000000003,82.56999999999996,83.52000000000004,41.52777777777762,49.280679933664864,35.65988713320715,44.282182731553156,86.60064928220939,83.52000000000004,80.43935071779069,0.47345027943872253,0.8948787643510979,-0.4214284849123754
2021-02-01,2382,8213090,675437279,80.9,82.9,80.9,82.5,1.8,5412,82.62000000000003,82.49999999999997,83.59000000000005,37.49999999999988,43.671227197346475,48.34827449559329,50.77033176475682,86.50677904544928,83.59000000000005,80.67322095455081,0.4148776974360544,0.7988785509680892,-0.38400085353203484
2021-02-02,2382,14744356,1246681324,82.8,85.1,82.8,84.6,2.1,8120,82.94000000000003,82.69999999999996,83.58500000000004,48.98989898989888,42.672558922558814,59.27875466479898,57.05359192044524,86.49448449041745,83.58500000000004,80.67551550958262,0.5317809144147532,0.745459023657422,-0.21367810924266883
2021-02-03,2382,11066314,946863902,85.6,86.1,84.3,85.5,0.9,6486,83.22000000000003,83.12999999999997,83.66500000000003,75.14730639730631,53.87906846240171,63.175169329091176,59.44269620313969,86.69040906324834,83.66500000000003,80.63959093675173,0.6891064443619968,0.734188507798337,-0.04508206343634025
2021-02-04,2382,5613781,477071972,85.5,85.7,84.5,84.5,-1.0,3537,83.56000000000003,83.43999999999997,83.69500000000002,82.63187429854092,68.92302656191539,56.20385731532435,55.73280370215472,86.74096454345644,83.69500000000002,80.6490354565436,0.724742042533066,0.7322992147452828,-0.007557172212216856
2021-02-05,2382,7622177,647594723,84.5,85.8,84.0,85.1,0.6,4272,84.44000000000003,83.70999999999997,83.72000000000003,80.24691358024687,79.34203142536472,59.344277966584556,57.4487780666446,86.80324504377957,83.72000000000003,80.63675495622049,0.792265750017151,0.7442925217996564,0.04797322821749461
2021-02-17,2382,20498811,1802466381,87.0,88.9,86.1,88.7,3.6,10114,85.68000000000004,84.14999999999998,83.91000000000003,83.13760915386922,82.00546567755237,72.93115672869122,65.97195825173718,87.6574791527097,83.91000000000003,80.16252084729035,1.1233197573050404,0.8200979689007333,0.30322178840430714
2021-02-18,2382,12100517,1073546728,88.2,89.3,87.8,88.9,0.2,6297,86.54000000000003,84.73999999999998,84.11000000000003,91.46376476684655,84.94942916698757,73.50505553289706,66.37492120672582,88.43060180993184,84.11000000000003,79.78939819006821,1.3858456062365292,0.9332474963678925,0.4525981098686367
2021-02-19,2382,9312710,815410675,88.2,88.4,86.8,88.2,-0.7,5592,87.08000000000003,85.14999999999998,84.21500000000003,93.37303838154655,89.32480410075414,67.64854515235905,63.538830540615834,88.81685832028572,84.21500000000003,79.61314167971435,1.5198946832485376,1.0505769337440216,0.469317749504516
2021-02-22,2382,10562617,927917666,88.3,89.6,87.3,87.3,-0.9,6401,87.64000000000003,85.59999999999998,84.30000000000004,85.3737859752294,90.07019637454086,60.42679400016367,59.9897002972082,89.06109231164237,84.30000000000004,79.53890768835771,1.535803279958813,1.1476222029869798,0.38818107697183324
2021-02-23,2382,8224180,710709998,87.1,87.1,86.1,86.7,-0.6,5034,87.96000000000002,86.19999999999997,84.38500000000003,72.70848729761882,83.81843721813162,55.79415663044123,57.67669559802172,89.25255585484027,84.38500000000003,79.5174441451598,1.4829020006867069,1.2146781625269252,0.2682238381597817
2021-02-24,2382,10133155,870868210,86.6,87.3,85.2,85.5,-1.2,5807,87.32000000000002,86.49999999999997,84.50000000000003,52.56729128432977,70.21652151905936,47.32787776829086,53.2541909967039,89.35880643779898,84.50000000000003,79.64119356220108,1.3288294656366304,1.2375084231488662,0.09132104248776418
2021-02-25,2382,9479690,819399016,86.3,87.0,85.8,87.0,1.5,4880,86.94000000000003,86.73999999999998,84.72000000000004,45.90336134453778,57.05971330882881,56.87171174894814,57.62783356996285,89.61309717867755,84.72000000000004,79.82690282132253,1.3126321294505487,1.2525331644092028,0.06009896504134593
2021-02-26,2382,15174234,1291097739,86.0,86.1,84.8,85.0,-2.0,5801,86.30000000000004,86.68999999999997,84.91000000000004,32.73809523809517,43.7362492889876,44.36668633974449,50.80270461017531,89.52904752086232,84.91000000000004,80.29095247913776,1.12543897854178,1.2271143272357183,-0.10167534869393835
2021-03-02,2382,7971211,686365844,85.8,86.5,85.7,86.0,1.0,4821,86.04000000000003,86.83999999999997,85.14000000000003,32.14285714285709,36.92810457516337,50.69123060305502,53.75205069225437,89.48713698886903,85.14000000000003,80.79286301113103,1.0457242423193378,1.1908363102524422,-0.14511206793310438
2021-03-03,2382,10840540,928462283,86.5,86.8,85.3,85.6,-0.4,5327,85.82000000000002,86.88999999999997,85.30000000000003,19.84126984126975,28.24074074074069,48.13744673055316,52.39888423933717,89.46365224292191,85.30000000000003,81.13634775707814,0.9394437596115068,1.1405578001242551,-0.20111404051274828
2021-03-04,2382,12142698,1036259911,85.6,85.9,85.0,85.2,-0.4,6393,85.76000000000002,86.53999999999998,85.34500000000003,16.66666666666661,22.88359788359784,45.465196242017406,51.01580949683304,89.48382833661809,85.34500000000003,81.20617166338197,0.8135608314545237,1.0751584063903088,-0.26159757493578506
2021-03-05,2382,10411271,885580710,84.8,85.5,84.5,85.5,0.3,4695,85.46000000000002,86.19999999999997,85.47000000000003,14.869281045751558,17.12573918456266,47.99144966913955,52.03831116426774,89.46654851090229,85.47000000000003,81.47345148909777,0.7295948811155313,1.0060457013353532,-0.2764508202198219
2021-03-08,2382,9537788,815663373,86.6,86.6,84.6,85.0,-0.5,4762,85.46000000000002,85.87999999999997,85.51500000000003,15.266106442576978,15.600684718331737,44.02587026993563,50.159034626225484,89.46887152042046,85.51500000000003,81.5611284795796,0.6156090809226811,0.9279583772528188,-0.31234929633013775
2021-03-09,2382,11337222,960990556,85.8,85.8,83.8,85.5,0.5,6795,85.36000000000003,85.69999999999997,85.65000000000003,28.678804855275377,19.604730781201326,48.94747568340324,52.02484940284484,89.40313202538742,85.65000000000003,81.89686797461265,0.559174518595853,0.8542016055214257,-0.29502708692557267
2021-03-10,2382,8565621,735128997,86.5,86.5,85.5,85.7,0.2,5258,85.38000000000002,85.59999999999998,85.90000000000003,41.93452380952378,28.626478369125397,50.9597131198283,52.78621901356261,88.8893143026438,85.90000000000003,82.91068569735627,0.5245414624298519,0.788269576903111,-0.26372811447325906
2021-03-11,2382,6787293,587134337,85.8,86.9,85.8,86.8,1.1,4104,85.70000000000003,85.72999999999998,86.11500000000004,68.24020737327176,46.28451201269032,60.85899071544265,56.842967982494116,88.68426059402029,86.11500000000004,83.54573940597979,0.5791789088818007,0.7464514432988489,-0.16727253441704826
2021-03-12,2382,10532083,925837126,86.8,88.7,86.8,88.5,1.7,6895,86.30000000000004,85.87999999999997,86.31000000000003,84.02252029844179,64.73241716041245,71.30340156351734,62.24247153681799,88.97975654320558,86.31000000000003,83.64024345679448,0.750998231214453,0.7473608008819698,0.0036374303324832047
2021-03-15,2382,8239033,731615355,88.0,89.2,87.8,88.9,0.4,4258,87.08000000000004,86.26999999999997,86.48000000000005,95.71233511325659,82.65835426165673,73.26197185540157,63.402709180597014,89.34747275487966,86.48000000000005,83.61252724512043,0.9089649569028211,0.77968163208614,0.12928332481668103
2021-03-16,2382,8394078,749909223,89.1,89.7,88.6,89.5,0.6,4446,87.88000000000004,86.61999999999998,86.73000000000005,95.65766042763609,91.79750527977818,76.1148003677507,65.13343586104735,89.73206595530112,86.73000000000005,83.72793404469897,1.0702327339304247,0.837791852454997,0.23244088147542774
2021-03-17,2382,8274823,734648799,88.9,89.3,88.3,88.6,-0.9,5266,88.46000000000004,86.91999999999997,86.90500000000004,90.8035153797864,94.0578369735597,64.13895409360917,60.5108128100262,89.91463452930329,86.90500000000004,83.8953654706968,1.112590875659393,0.8927516570958762,0.21983921856351674
2021-03-18,2382,15978734,1464630784,88.6,93.7,88.6,91.5,2.9,9158,89.40000000000003,87.54999999999997,87.04500000000004,85.24795982423082,90.56971187721778,77.46684409276807,68.31428916311538,90.58871274230498,87.04500000000004,83.50128725769511,1.3644373869779969,0.9870888030723004,0.3773485839056965
2021-03-19,2382,13318088,1197722083,91.0,91.4,89.4,89.4,-2.1,5036,89.58000000000004,87.93999999999997,87.07000000000004,71.89978884894124,82.65042135098616,58.95573006669866,59.192453463613795,90.67227705763702,87.07000000000004,83.46772294236305,1.3786825182164648,1.0654075461011332,0.3132749721153316
2021-03-22,2382,5538561,500589098,89.6,91.0,89.3,90.8,1.4,3720,89.96000000000005,88.51999999999995,87.20000000000003,66.32586022829912,74.49120296715707,65.3884328626517,62.76228063504057,91.12886752130778,87.20000000000003,83.27113247869228,1.4858126635660796,1.1494885695941224,0.33632409397195717
2021-03-23,2382,14293688,1336735968,90.7,94.9,90.7,93.4,2.6,8512,90.74000000000005,89.30999999999996,87.50500000000004,68.23876214120105,68.82147040614716,74.16223742940008,68.30722256922365,92.27468552422286,87.50500000000004,82.73531447577722,1.7602216074888162,1.2716351771730612,0.488586430315755
2021-03-24,2382,7464333,693189619,93.5,94.5,93.3,93.7,0.3,3765,91.76000000000005,90.10999999999996,87.85500000000005,77.77860501437723,70.78107579462582,75.0148340890567,68.88298646325048,93.31447799702265,87.85500000000005,82.39552200297744,1.9790864882546089,1.4131254393893706,0.5659610488652382
2021-03-25,2382,7336495,683283589,92.8,94.3,92.5,93.0,-0.7,3878,92.06000000000004,90.72999999999996,88.23000000000005,80.64703510712887,75.55480075423573,68.83180281442709,65.87572623341487,94.01172984494883,88.23000000000005,82.44827015505126,2.0721676741736275,1.544933886346222,0.5272337878274054
2021-03-26,2382,5528698,519136960,93.2,94.3,93.2,94.0,1.0,3334,92.98000000000005,91.27999999999996,88.58000000000004,81.59608605617979,80.00724205922864,72.59634014417533,68.0234447565369,94.84852454728973,88.58000000000004,82.31147545271035,2.2012521625811416,1.676197541593206,0.5250546209879356
2021-03-29,2382,13944622,1359863987,94.9,98.4,94.9,98.0,4.0,7190,94.42000000000004,92.18999999999997,89.23000000000005,85.21422564791673,82.48578227040848,82.47451561448345,74.84375877222965,96.49556260725687,89.23000000000005,81.96443739274322,2.5963895576288394,1.8602359448003327,0.7361536128285067
2021-03-30,2382,14419124,1416169148,98.0,99.4,96.6,99.0,1.0,7338,95.54000000000003,93.13999999999996,89.88000000000004,92.89984554010938,86.5700524147353,84.14179713180559,76.2098942168097,98.1324178275203,89.88000000000004,81.62758217247978,2.956153732579267,2.0794195023561195,0.8767342302231476
2021-03-31,2382,22848397,2275752240,100.0,102.0,98.0,98.0,-1.0,10737,96.40000000000003,94.07999999999996,90.50000000000004,86.94661242152198,88.35356120318271,75.73584050620317,71.99913900308243,99.22284357305432,90.50000000000004,81.77715642694577,3.1245598100181695,2.2884475638885293,0.8361122461296402
2021-04-01,2382,8830130,876899781,100.0,100.5,98.9,99.0,1.0,4880,97.60000000000004,94.82999999999996,91.19000000000004,80.39272868669181,86.74639554944106,78.2686830730102,73.57168307510508,100.30128970014552,91.19000000000004,82.07871029985456,3.3006664540512816,2.49089134192108,0.8097751121302017
2021-04-06,2382,5555522,554299401,100.0,100.5,99.2,99.3,0.3,3489,98.66000000000004,95.81999999999996,91.88000000000004,73.66269481801488,80.33401197540957,79.03465525371413,74.04265779963772,101.24965314192457,91.88000000000004,82.51034685807551,3.424958936367247,2.677704860810313,0.7472540755569339
2021-04-07,2382,7849363,777116567,100.0,100.5,98.5,99.0,-0.3,4610,98.86000000000004,96.63999999999996,92.58000000000004,73.63506669258318,75.8968300657633,75.91296578154777,72.64841338970145,101.88066664277225,92.58000000000004,83.27933335722783,3.4593765913285495,2.8340392069139604,0.6253373844145891
2021-04-08,2382,6926191,685490415,98.9,99.5,98.8,98.8,-0.2,3714,98.82000000000004,97.17999999999996,93.24500000000003,70.28101226517607,72.52625792525805,73.65039210366739,71.67936715369865,102.32497246691737,93.24500000000003,84.1650275330827,3.430964479502464,2.9534242614316613,0.4775402180708026
2021-04-09,2382,9469680,927413813,98.8,99.0,97.6,97.9,-0.9,5366,98.80000000000004,97.59999999999995,93.85500000000005,62.71531100478458,68.87712998751462,63.685221493223985,67.32719483543868,102.45185407576339,93.85500000000005,85.2581459242367,3.2978100958267333,3.0223014283106755,0.27550866751605785
2021-04-12,2382,5578597,545805280,98.0,99.0,97.4,97.4,-0.5,3614,98.48000000000005,98.03999999999995,94.38500000000005,51.64538266280288,61.54723531092119,58.550525268091924,64.967162270248,102.46838419227842,94.38500000000005,86.30161580772167,3.1160189394331894,3.041044930535178,0.07497400889801131
2021-04-13,2382,12167213,1168251278,97.0,97.4,95.2,95.9,-1.5,7995,97.80000000000004,98.22999999999995,94.75500000000005,32.971492053927776,49.11072857383842,45.664410578777776,58.35817226206199,102.3921395168589,94.75500000000005,87.1178604831412,2.8184216637467046,2.9965202771774835,-0.17809861343077893
2021-04-14,2382,12176617,1167776476,96.9,97.3,95.0,96.0,0.1,7288,97.20000000000005,98.02999999999994,95.11000000000004,19.930366512802216,34.8490804098443,46.578860392403996,58.660100711330266,102.27069828997003,95.11000000000004,87.94930171003006,2.561119847596359,2.9094401912612584,-0.3483203436648994
2021-04-15,2382,8881682,850973532,95.9,96.0,95.2,95.9,-0.1,4293,96.62000000000005,97.71999999999994,95.43000000000005,13.64782276546976,22.183227110733256,45.68191382329102,58.20561127738153,102.11553662767412,95.43000000000005,88.74446337232598,2.3223663466512647,2.7920254223392598,-0.46965907568799503
2021-04-16,2382,9335558,905995321,96.2,97.9,96.0,97.9,2.0,4759,96.62000000000005,97.70999999999995,95.89500000000007,27.792207792207748,20.456799023493247,62.521641409051455,64.18268594029888,101.87178006956599,95.89500000000007,89.91821993043415,2.268387206632724,2.6872977791979524,-0.41891057256522846
2021-04-19,2382,6502782,631928879,97.3,97.8,96.8,97.3,-0.6,3728,96.60000000000005,97.53999999999994,96.18500000000006,36.969696969696905,26.136575842458143,56.401654538497645,61.348174055098845,101.83452210368013,96.18500000000006,90.53547789631999,2.1523820432947502,2.580314632017312,-0.42793258872256157
2021-04-20,2382,7745333,757435671,97.5,98.5,97.4,98.0,0.7,4414,97.02000000000005,97.40999999999994,96.61500000000005,53.73737373737364,39.49975949975944,61.52748540061294,63.38010507991317,101.3720053605159,96.61500000000005,91.8579946394842,2.0928066926077946,2.4828130441354084,-0.39000635152761376
2021-04-21,2382,8079002,789781853,97.5,98.5,97.5,97.8,-0.2,4503,97.38000000000005,97.28999999999994,96.96500000000006,59.49494949494933,50.06734006733996,59.20716851385727,62.37122428651274,100.92190535645734,96.96500000000006,93.00809464354278,2.0063267831794747,2.387515791944222,-0.38118900876474715
2021-04-22,2382,12605560,1226576624,98.2,98.4,96.8,97.2,-0.6,6274,97.64000000000004,97.12999999999995,97.15500000000006,63.888888888888765,59.04040404040392,52.30354212137471,59.320535536327846,100.7580403827827,97.15500000000006,93.55195961721742,1.8678444976367103,2.2835815330827196,-0.41573703544600926
2021-04-23,2382,9901846,966388488,98.0,98.7,97.0,97.6,0.4,5589,97.58000000000004,97.09999999999995,97.35000000000005,65.0900900900899,62.82464282464267,56.269457001571425,60.700580361224034,100.58759169753809,97.35000000000005,94.11240830246201,1.7699698352013655,2.180859193506449,-0.41088935830508344
2021-04-26,2382,6132075,603381576,97.6,98.8,97.5,98.8,1.2,3534,97.88000000000004,97.23999999999995,97.64000000000004,75.09009009008992,68.02302302302287,66.12718086524116,64.5824618651242,100.24415053327961,97.64000000000004,95.03584946672048,1.7688433066813474,2.0984560161414287,-0.32961270946008137
2021-04-27,2382,11003092,1075961200,99.4,99.4,97.0,97.4,-1.4,6628,97.76000000000003,97.38999999999996,97.81000000000004,74.21707421707403,71.46575146575128,50.601552144031324,57.45236366651098,99.81688813838231,97.81000000000004,95.80311186161778,1.6361220287049036,2.0059892186541237,-0.3698671899492201
2021-04-28,2382,7973552,776403251,98.0,98.4,96.9,97.6,0.2,3583,97.72000000000003,97.54999999999995,97.79000000000005,66.47992530345452,71.92902987020615,52.46175819608992,58.16296892348745,99.7968881383805,97.79000000000005,95.7831118616196,1.5294472721284365,1.9106808293489863,-0.38123355722054986
2021-04-29,2382,7763796,762512788,97.9,98.5,97.7,98.4,0.8,3431,97.96000000000004,97.79999999999995,97.76000000000005,53.65941248294174,64.78547066782343,59.56716189315764,60.97089846479206,99.71079470984796,97.76000000000005,95.80920529015214,1.4922582489174943,1.8269963132626879,-0.3347380643451936
2021-05-03,2382,11342742,1097789826,97.1,98.0,96.2,96.2,-2.2,4055,97.68000000000004,97.62999999999997,97.67000000000004,36.19909502262427,52.112810936340175,40.2605871718592,50.86137232640877,99.73116471927462,97.67000000000004,95.60883528072547,1.2706171823115682,1.7157204870724638,-0.44510330476089566
2021-05-04,2382,12358292,1169852079,96.2,96.2,93.4,94.3,-1.9,6489,96.78000000000003,97.32999999999996,97.43500000000004,25.512820512820383,38.45710933946213,30.34939202940386,44.06580775357917,99.87325757457566,97.43500000000004,94.99674242542443,0.9309198545455359,1.5587603605670783,-0.6278405060215424
2021-05-05,2382,7757239,731279841,93.8,94.9,93.7,94.1,-0.2,4390,96.12000000000003,96.93999999999997,97.17500000000004,8.888888888888657,23.533601474777768,29.458789341029036,43.40834407323328,99.85893368025025,97.17500000000004,94.49106631974983,0.6382120353038232,1.3746506955144273,-0.7364386602106041
2021-05-06,2382,13935757,1295561764,93.7,94.2,92.3,93.0,-1.1,7382,95.20000000000002,96.45999999999997,96.87500000000004,12.175273865414487,15.525661089041174,24.79076226908061,39.883718065112646,99.98361705585837,96.87500000000004,93.76638294414171,0.3138601879172569,1.1624925939949933,-0.8486324060777364
2021-05-07,2382,10552187,1000208790,93.0,95.4,93.0,95.4,2.4,5107,94.60000000000002,96.27999999999996,96.70500000000006,21.729264475743193,14.264475743348777,46.407417735907536,49.51539720089948,99.74504934170025,96.70500000000006,93.66495065829986,0.24761460733897422,0.9795169966637894,-0.7319023893248152
2021-05-10,2382,6954805,660207919,95.4,96.0,94.3,94.5,-0.9,3732,94.26000000000002,95.96999999999996,96.53500000000005,28.16901408450695,20.69118414188821,41.22368945325699,46.50629077883592,99.6675867904929,96.53500000000005,93.4024132095072,0.12109610851167929,0.8078328190333675,-0.6867367105216882
2021-05-11,2382,12120406,1113501556,93.0,93.4,90.6,91.5,-3.0,6480,93.70000000000002,95.23999999999997,96.24000000000004,28.680097462411524,26.19279200755389,28.73951567556916,38.177716590051304,100.03283535102433,96.24000000000004,92.44716464897574,-0.21872432343008086,0.6025213905406778,-0.8212457139707586
2021-05-12,2382,23909836,2102393416,90.1,91.3,84.0,87.9,-3.6,11788,92.46000000000001,94.28999999999996,95.84000000000005,23.09162409346219,26.64691188012689,20.18258832275096,31.00267996082074,101.09676706731236,95.84000000000005,90.58323293268774,-0.7696523048838202,0.32808665145577814,-1.0977389563395983
2021-05-13,2382,15607414,1374081134,87.0,89.8,85.2,88.1,0.2,8235,91.48000000000002,93.33999999999996,95.44500000000004,22.524890357714355,24.765537304529357,21.693743785506722,31.7698692913577,101.68886899285896,95.44500000000004,89.20113100714111,-1.1765656544001786,0.027156190284586768,-1.2037218446847653
2021-05-14,2382,14976538,1368311330,90.0,93.0,89.4,90.3,2.2,9088,90.46000000000002,92.52999999999996,95.16500000000003,35.9405367573823,27.18568373618628,37.00063942910759,39.7110555227268,101.79260137606201,95.16500000000003,88.53739862393806,-1.306465678614984,-0.23956818349532738,-1.0668974951196566
2021-05-17,2382,16275691,1434631727,88.4,89.5,87.0,88.3,-2.0,10540,89.22000000000003,91.73999999999995,94.68500000000003,38.919463960447416,32.46163035851469,30.646876783850452,35.64897756117336,101.82174295459686,94.68500000000003,87.5482570454032,-1.552894863642365,-0.5022335195247349,-1.05066134411763
2021-05-18,2382,15650771,1391931696,87.6,90.3,86.5,90.0,1.7,7282,88.92000000000003,91.30999999999996,94.32000000000002,45.824225865209335,40.228075527679685,40.73848184630009,41.15861845802885,101.62906286742623,94.32000000000002,87.01093713257382,-1.592656819277579,-0.7203181794753037,-0.8723386398022752
2021-05-19,2382,9828634,883361717,89.6,90.9,88.9,89.5,-0.5,4941,89.24000000000004,90.84999999999995,93.89500000000002,43.888888888888765,42.877526238181844,38.80113863522821,40.07190852748104,101.28674539604687,93.89500000000002,86.50325460395318,-1.6455454532450347,-0.9053636342292499,-0.7401818190157847
2021-05-20,2382,11987595,1066945985,89.4,90.5,88.3,88.4,-1.1,6938,89.30000000000003,90.38999999999996,93.42500000000004,44.166666666666565,44.62659380692156,34.580289584199406,37.71279453630353,100.95782815415137,93.42500000000004,85.89217184584871,-1.7559790501910868,-1.0754867174216174,-0.6804923327694694
2021-05-21,2382,10779059,960122353,88.7,90.8,88.4,88.8,0.4,5823,89.00000000000003,89.72999999999995,93.00500000000002,44.52127659574455,44.19227738376663,37.46620902634441,39.116451059519285,100.58562662317446,93.00500000000002,85.42437337682559,-1.790581109904494,-1.2185055959181927,-0.5720755139863012
2021-05-24,2382,7664809,674568498,88.3,88.6,87.5,87.9,-0.9,4550,88.92000000000003,89.06999999999995,92.52000000000004,43.68794326241124,44.12529550827412,33.57791883841839,37.091106168748006,100.10382489249183,92.52000000000004,84.93617510750825,-1.8690803748092435,-1.348620551696403,-0.5204598231128406
2021-05-25,2382,11984689,1056199556,87.9,88.6,87.8,87.9,0.0,5880,88.50000000000003,88.70999999999995,91.97500000000005,43.00418257865056,43.73780081226878,33.577918838418384,37.091106168748006,99.23499311294222,91.97500000000005,84.71500688705788,-1.9092825866313774,-1.4607529586833978,-0.44852962794797957
2021-05-26,2382,14479032,1262412139,87.8,88.1,86.5,87.2,-0.7,7901,88.04000000000002,88.63999999999996,91.46500000000005,29.5726495726495,38.75492513790376,30.253997109436803,35.43606088930165,98.56014622823021,91.46500000000005,84.36985377176988,-1.9748622957611843,-1.563574826098955,-0.4112874696622293
2021-05-27,2382,37550450,3276443469,86.6,87.9,86.1,87.4,0.2,7339,87.84,88.56999999999995,90.95500000000006,24.15598290598287,32.24427168576097,32.48189858128612,36.31049006697478,97.66900774500306,90.95500000000006,84.24099225499705,-1.9877824405693048,-1.648416348993025,-0.3393660915762797
2021-05-28,2382,12941525,1136305165,86.8,88.8,86.8,87.9,0.5,6517,87.66000000000001,88.32999999999996,90.43000000000005,25.117521367521366,26.282051282051242,38.23625885907656,38.551135687248546,96.32545587719612,90.43000000000005,84.53454412280398,-1.9353662299139103,-1.705806325177202,-0.2295599047367083
2021-05-31,2382,10804715,962328662,88.1,89.8,88.0,89.7,1.8,6277,88.02000000000001,88.46999999999996,90.10500000000005,46.527777777777764,31.933760683760664,54.517028970892035,45.92640218351593,95.37585382077381,90.10500000000005,84.83414617922628,-1.7286541990025484,-1.7103758999422713,-0.018278299060277003
2021-06-01,2382,9083486,818428395,90.4,90.7,89.8,89.9,0.2,6110,88.42,88.45999999999995,89.88500000000006,64.45035460992906,45.36521791840939,56.01983351336963,46.69199606146956,94.79184216171285,89.88500000000006,84.97815783828727,-1.5310461497243892,-1.6745099498986948,0.1434638001743056
2021-06-02,2382,14666308,1304104979,89.9,90.3,88.2,88.4,-1.5,8980,88.66000000000001,88.34999999999995,89.60000000000007,68.26241134751774,59.74684791174152,43.4562400796293,41.90042869396701,94.14312667663582,89.60000000000007,85.05687332336431,-1.4784353287830925,-1.6352950256755743,0.1568596968924818
2021-06-03,2382,12673182,1112196741,88.2,88.6,87.4,87.8,-0.6,8667,88.74000000000002,88.28999999999995,89.34000000000006,55.58125192722789,62.76467262822489,39.33903462704652,40.12659796661176,93.66499710982119,89.34000000000006,85.01500289017893,-1.4682310066349942,-1.6018822218674582,0.13365121523246404
2021-06-04,2382,8901069,775300307,87.3,87.5,86.8,87.1,-0.7,5823,88.58000000000001,88.11999999999996,88.92500000000005,35.877274128892935,53.24031246787951,34.84547636511292,38.10007729953652,92.34194307824482,88.92500000000005,85.50805692175528,-1.4993446459020277,-1.5813747066743722,0.08203006077234454
2021-06-07,2382,8730017,756766694,87.1,87.2,86.0,87.0,-0.1,4597,88.04000000000002,88.02999999999996,88.55000000000005,26.657415972864488,39.37198067632843,34.19449049017782,37.806332699487,90.92444730410318,88.55000000000005,86.17555269589693,-1.5146120881095158,-1.568022182961401,0.05341009485188519
2021-06-08,2382,7695881,668988169,87.2,87.7,86.6,86.7,-0.3,4459,87.4,87.90999999999997,88.31000000000006,19.30311440024656,27.279268167334653,32.09583168621092,36.887514959753695,90.39604889683,88.31000000000006,86.22395110317012,-1.5332448466696889,-1.5610667157030584,0.027821869033369584
2021-06-09,2382,15149999,1296374347,86.5,86.7,85.1,85.1,-1.6,9875,86.74000000000001,87.69999999999996,88.17000000000004,12.056737588652373,19.3390893205878,23.226143934667885,32.36916625837971,90.68005976024048,88.17000000000004,85.6599402397596,-1.6580056136707384,-1.5804544952965944,-0.07755111837414397
2021-06-10,2382,11685068,996827839,85.1,86.2,85.0,85.1,0.0,6255,86.2,87.46999999999997,88.02000000000005,5.549334328729486,12.303062105876132,23.22614393466788,32.369166258379714,90.86506590432921,88.02000000000005,85.17493409567089,-1.7368580024758842,-1.6117351967324525,-0.1251228057434317
2021-06-11,2382,7623619,655584766,85.3,86.4,85.2,86.0,0.9,3812,85.97999999999999,87.27999999999997,87.80500000000005,6.432748538011537,8.01294015179779,36.633305839789934,37.373543907645114,90.57734557730072,87.80500000000005,85.03265442269938,-1.7070488141895908,-1.63079792022388,-0.07625089396571072
2021-06-15,2382,11879535,1035352687,86.7,87.8,86.3,87.1,1.1,6005,86.0,87.01999999999997,87.74500000000005,19.64029570782283,10.540792858187944,49.2665493439886,42.93175119731802,90.5238306893343,87.74500000000005,84.96616931066579,-1.5764912015528694,-1.6199365764896778,0.043445374936808445
2021-06-16,2382,12962370,1140032549,87.1,88.3,87.0,88.3,1.2,7571,86.32000000000001,86.85999999999997,87.66000000000005,49.61105594174102,25.228033395858457,59.534317178745766,48.32028101809714,90.25568873326114,87.66000000000005,85.06431126673897,-1.3605102662784816,-1.5680513144474386,0.20754104816895702
2021-06-17,2382,13638623,1191086950,87.5,87.8,86.7,87.6,-0.7,7751,86.82000000000001,86.77999999999997,87.56500000000004,70.02572898799298,46.425693545852276,52.32703758135149,45.61457354622501,90.01960791166088,87.56500000000004,85.1103920883392,-1.2316304991401097,-1.5007671513859728,0.26913665224586314
2021-06-18,2382,13643334,1189338187,87.7,87.8,87.0,87.0,-0.6,4984,87.2,86.69999999999997,87.49500000000003,77.02020202020189,65.55232898331197,46.67635482023752,43.37272636157682,89.93013859974994,87.49500000000003,85.05986140025013,-1.1644838952665708,-1.4335105001620925,0.26902660489552166
2021-06-21,2382,9566797,833857636,87.0,87.6,86.5,87.1,0.1,4755,87.42,86.69999999999997,87.41000000000004,67.67676767676748,71.57423289498745,47.772998176441476,43.867888238951515,89.77465642324398,87.41000000000004,85.0453435767561,-1.0906284774708723,-1.3649340956238485,0.27430561815297616
2021-06-22,2382,16602957,1432908390,87.0,87.2,85.7,86.2,-0.9,8284,87.24,86.61999999999998,87.32500000000003,53.535353535353416,66.07744107744092,39.288915016971615,40.440485774239015,89.73487551545549,87.32500000000003,84.91512448454458,-1.0921306033862521,-1.3103733971763292,0.21824279379007705
2021-06-23,2382,10363576,900967354,86.2,87.4,86.2,87.0,0.8,5863,86.97999999999999,86.64999999999998,87.28000000000003,53.535353535353416,58.24915824915809,48.73106660347251,44.58503764884112,89.67883304962945,87.28000000000003,84.88116695037061,-1.0170438860448883,-1.251707494950041,0.2346636089051528
2021-06-24,2382,13207462,1145291497,87.0,87.3,86.3,86.8,-0.2,6432,86.82,86.81999999999996,87.26000000000002,49.52753339850104,52.199413489735946,46.61646242705501,43.76510329549595,89.66782059132281,87.26000000000002,84.85217940867723,-0.9625794335860434,-1.1938818826772415,0.23130244909119813
2021-06-25,2382,9910494,865092818,86.6,87.8,86.5,87.3,0.5,5341,86.88,87.03999999999996,87.25500000000002,57.919141790109364,53.66067624132126,52.613841127795055,46.41807692775435,89.66205213902754,87.25500000000002,84.84794786097251,-0.8690522479435145,-1.1289159557304962,0.25986370778698165
2021-06-28,2382,7124430,623642256,87.5,87.8,87.0,87.7,0.4,4709,86.99999999999999,87.20999999999997,87.24500000000002,63.35814722911484,56.93494080590841,57.110986783285945,48.51082817158463,89.64289491012484,87.24500000000002,84.8471050898752,-0.7539634016658283,-1.0539254449175626,0.29996204325173426
2021-06-29,2382,8384419,729956560,87.9,88.0,86.6,86.9,-0.8,4790,87.13999999999999,87.18999999999997,87.10500000000002,63.545150501672204,61.607479840298794,46.756975305729526,44.746615251706984,89.22393841345155,87.10500000000002,84.98606158654849,-0.7190195659592007,-0.9869442691258902,0.2679247031666895
2021-06-30,2382,7895005,691077339,87.2,87.8,87.1,87.5,0.6,3913,87.23999999999998,87.10999999999997,86.98500000000001,69.11928651059084,65.34086141379261,54.04673778874333,48.00528706174858,88.68826157709344,86.98500000000001,85.28173842290659,-0.6355847138704291,-0.916672358074798,0.2810876442043688
2021-07-01,2382,10942463,965635541,87.4,88.8,87.1,88.2,0.7,6198,87.51999999999998,87.16999999999997,86.97500000000001,70.35998129967273,67.67480610397858,61.26521217084336,51.59225935661445,88.64697488019523,86.97500000000001,85.30302511980479,-0.5071319412781463,-0.8347642747154677,0.32763233343732134
2021-07-02,2382,9686283,860999257,88.0,89.4,87.8,88.9,0.7,4758,87.83999999999999,87.35999999999997,87.03000000000002,81.79750578067541,73.75892453031298,67.26444328496461,54.9399490790567,88.87076071231331,87.03000000000002,85.18923928768672,-0.3448725674092259,-0.7367859332542193,0.39191336584499337
2021-07-05,2382,9811694,885763324,89.3,90.6,89.2,90.2,1.3,6902,88.33999999999999,87.66999999999997,87.18500000000003,86.01357956196665,79.39035554743826,75.48949692156161,60.41503176472398,89.48741177898086,87.18500000000003,84.8825882210192,-0.1101124019289017,-0.6114512269891558,0.5013388250602541
2021-07-06,2382,10355258,935012485,90.2,90.9,89.5,89.5,-0.7,6750,88.85999999999999,87.99999999999997,87.31000000000003,82.3202649289605,83.37711675720085,65.1984868850286,56.43841974885775,89.82069711434663,87.31000000000003,84.79930288565343,0.01923088899646075,-0.48531480379203246,0.5045456927884933
2021-07-07,2382,5906141,529289702,89.4,89.9,89.4,89.5,0.0,4091,89.25999999999999,88.24999999999997,87.45000000000002,76.21870882740437,81.51751777277718,65.19848688502859,56.43841974885775,90.11645832519343,87.45000000000002,84.7835416748066,0.1203490697613887,-0.3641820290813482,0.48453109884273693
2021-07-08,2382,8000741,726678593,90.1,91.4,90.1,90.6,1.1,4948,89.73999999999998,88.62999999999997,87.72500000000002,73.69345630215172,77.41081001950555,73.05511265562943,61.10430218225854,90.49763412659975,87.72500000000002,84.9523658734003,0.2859505040386239,-0.2341555224573538,0.5201060264959777
2021-07-09,2382,9957646,901252330,90.6,91.0,90.0,90.5,-0.1,6106,90.05999999999999,88.94999999999997,87.99500000000003,77.58838383838359,75.83351632264657,71.3468031278542,60.47019375631821,90.7441635091384,87.99500000000003,85.24583649086166,0.40445931432375914,-0.1064325551011312,0.5108918694248903
2021-07-12,2382,10439226,949955973,91.0,91.5,90.5,91.3,0.8,5070,90.28,89.30999999999997,88.26000000000002,86.67929292929269,79.32037768994267,76.48002058171673,63.71434691777454,91.20373911887407,88.26000000000002,85.31626088112597,0.5565165381731134,0.026157263553717724,0.5303592746193957
2021-07-13,2382,8580315,785563169,91.4,91.8,91.0,91.8,0.5,3914,90.74,89.79999999999997,88.49500000000003,92.23484848484831,85.50084175084153,79.19745933808656,65.61378747880315,91.7633176100217,88.49500000000003,85.22668238997836,0.7091936618365793,0.16276454321029005,0.5464291186262893
2021-07-14,2382,10899815,986467947,91.6,91.8,89.7,89.9,-1.9,5554,90.82000000000001,90.03999999999996,88.57500000000003,82.65151515151507,87.18855218855202,52.3717873575953,54.037829526846906,91.8981761915345,88.57500000000003,85.25182380846556,0.6691635602984292,0.26404434662791787,0.4051192136705113
2021-07-15,2382,10340217,926458510,90.0,90.5,89.0,89.4,-0.5,5960,90.58,90.15999999999995,88.66500000000005,55.59523809523811,76.8272005772005,47.438529960713666,51.46463952702095,91.97515105394959,88.66500000000005,85.35484894605051,0.5902891096882144,0.3292932992399772,0.26099581044823716
2021-07-16,2382,8541420,772003633,89.5,91.4,89.1,91.4,2.0,4465,90.75999999999999,90.40999999999995,88.88500000000005,50.83333333333345,63.026695526695555,63.488464321788065,59.72587097808785,92.30627169338584,88.88500000000005,85.46372830661426,0.6813101058233713,0.399696660556656,0.2816134452667153
2021-07-19,2382,8372195,756717848,90.3,91.0,89.8,90.7,-0.7,5204,90.63999999999999,90.45999999999995,89.06500000000005,53.57142857142867,53.33333333333342,56.44990454360615,56.12509309511776,92.4704515119079,89.06500000000005,85.65954848809221,0.6890181785124696,0.4575609641478187,0.2314572143646509
2021-07-20,2382,10299591,936130980,91.2,91.2,90.0,91.0,0.3,4553,90.47999999999999,90.60999999999996,89.30500000000005,72.61904761904766,59.0079365079366,58.73717711057004,57.312880161528234,92.5413405259579,89.30500000000005,86.06865947404219,0.7111368317188891,0.5082761376620328,0.20286069405685625
2021-07-21,2382,16521769,1495384634,91.8,92.0,89.8,90.3,-0.7,5229,90.55999999999997,90.68999999999996,89.47000000000006,58.492063492063416,61.560846560846585,51.389844680807386,53.6623688948915,92.55227188936243,89.47000000000006,86.38772811063768,0.6645216815903581,0.5395252464476978,0.12499643514266023
2021-07-22,2382,12946842,1164989498,89.9,90.8,89.7,90.0,-0.3,5191,90.67999999999998,90.62999999999995,89.63000000000005,49.36507936507925,60.158730158730116,48.364903402455994,52.129884296583384,92.46344313512016,89.63000000000005,86.79655686487995,0.5964953197336342,0.5509192611048851,0.04557605862874914
2021-07-23,2382,19302957,1729657303,90.3,90.7,89.1,89.4,-0.6,10608,90.27999999999997,90.51999999999995,89.73500000000006,29.99999999999992,45.95238095238087,42.52434866009819,49.10920996827535,92.36351669196787,89.73500000000006,87.10648330803224,0.48853739725633716,0.5384428883351755,-0.04990549107883835
2021-07-26,2382,37911465,3116062988,82.5,82.5,80.6,80.9,0.0,18631,88.31999999999998,89.47999999999995,89.39500000000007,16.432748538011676,31.932609301030293,14.19419333927018,26.06597419815102,94.00259156175376,89.39500000000007,84.78740843824637,-0.27967507644815726,0.37481929537850894,-0.6544943718266663
2021-07-27,2382,16566243,1324946039,81.0,81.0,79.6,80.4,-0.5,8733,86.19999999999997,88.33999999999995,89.07000000000006,7.472175061309197,17.968307866440274,13.573603976096438,25.313538930614214,95.04866205767966,89.07000000000006,83.09133794232046,-0.9182498056873101,0.11620547516534513,-1.0344552808526553
2021-07-28,2382,12198455,960991176,79.2,79.5,78.3,79.0,-1.4,7292,83.93999999999997,87.24999999999996,88.64500000000007,4.730893633896325,9.54527241107241,11.877257352215999,23.286585762319714,96.04837085387051,88.64500000000007,81.24162914612963,-1.519774168416717,-0.21099045355106733,-1.3087837148656496
2021-07-29,2382,8971733,703874374,79.0,79.1,78.2,78.4,-0.6,5500,81.61999999999998,86.14999999999995,88.15500000000006,4.3367924388797725,5.513287044695109,11.178732301939988,22.456651403072822,96.80380916658176,88.15500000000006,79.50619083341836,-2.021597823906518,-0.5731119276221575,-1.4484858962843605
2021-07-30,2382,13206850,1023647518,78.4,78.4,77.1,77.3,-1.1,7509,79.19999999999999,84.73999999999995,87.57500000000006,2.633682097536024,3.900456056770718,9.92965784620828,20.980344468977606,97.4193638697454,87.57500000000006,77.73063613025472,-2.479475641467971,-0.9543846703913201,-1.525090971076651
2021-08-02,2382,8740583,679177667,77.3,78.4,77.3,78.0,0.7,4863,78.61999999999998,83.46999999999994,86.96500000000006,2.943941899296346,3.304805478570725,16.829178313349942,24.38692455309514,97.56599523629498,86.96500000000006,76.36400476370514,-2.7541152348113513,-1.3143307832753264,-1.439784451536025
2021-08-03,2382,10969679,845811960,78.0,78.1,76.5,77.4,-0.6,6832,78.01999999999998,82.10999999999994,86.36000000000006,4.558752209758837,3.378792068863747,15.63176236287022,23.45360374574988,97.6705968012282,86.36000000000006,75.04940319877191,-2.985766024640938,-1.6486178315484488,-1.3371481930924893
2021-08-04,2382,15819238,1209501135,77.4,77.4,76.1,76.2,-1.2,10186,77.45999999999998,80.69999999999996,85.69500000000006,4.339635418977079,3.947443176010765,13.406090835553044,21.667535272399626,97.72969567541898,85.69500000000006,73.66030432458115,-3.2289594807793236,-1.9646861613946238,-1.2642733193846998
2021-08-05,2382,7314423,558714527,76.1,76.9,76.1,76.4,0.2,5254,77.05999999999997,79.33999999999995,84.98500000000007,3.8887126001851784,4.262366742973708,15.738882106953062,22.72378784656934,97.4463442292533,84.98500000000007,72.52365577074684,-3.3667439893688993,-2.2450977269894787,-1.1216462623794206
2021-08-06,2382,5748237,441589670,76.9,77.5,76.2,77.1,0.7,3779,77.01999999999995,78.10999999999996,84.31500000000007,8.593531590718433,5.607293203293575,24.089268058622217,26.461398695168683,96.95782800642121,84.31500000000007,71.67217199357893,-3.380486906476179,-2.472175562886819,-0.9083113435893599
2021-08-09,2382,8235083,634715028,77.2,77.5,76.2,77.5,0.4,4433,76.91999999999996,77.76999999999995,83.62500000000007,22.09071128451377,11.524318491805806,28.79369291640638,28.586954182552578,96.1736055002118,83.62500000000007,71.07639449978834,-3.32082125000494,-2.641904700310443,-0.6789165496944967
2021-08-10,2382,5757466,443311265,77.8,77.8,76.8,77.1,-0.4,3115,76.85999999999997,77.43999999999997,82.89000000000007,31.639322395624827,20.774521756952353,26.852224140067527,27.72398088968605,95.15603440399349,82.89000000000007,70.62396559600666,-3.268139368154209,-2.7671516338791964,-0.5009877342750126
2021-08-11,2382,7846094,599861625,77.0,77.0,76.2,76.4,-0.7,5156,76.89999999999998,77.17999999999996,82.21500000000006,29.184427394146123,27.638153691428247,23.602964386895323,26.231608765613462,94.3487998994527,82.21500000000006,70.08120010054742,-3.245461091853443,-2.8628135254740457,-0.3826475663793971
2021-08-12,2382,6542450,496735239,76.5,76.6,75.6,76.0,-0.4,3945,76.81999999999998,76.93999999999997,81.54500000000006,20.22084195997247,27.01486391658115,21.84104391918543,25.39052387034961,93.49631373531611,81.54500000000006,69.59368626468401,-3.222616731881587,-2.934774166755554,-0.287842565126033
2021-08-13,2382,14009399,1037001644,75.9,75.9,73.3,73.7,-2.3,8928,76.13999999999997,76.57999999999997,80.66000000000005,11.887508626639177,20.43092599358593,14.553269116240386,21.184387515559987,92.17458205928307,80.66000000000005,69.14541794071704,-3.3514695355289064,-3.0181132405102242,-0.33335629501868214
2021-08-16,2382,12243945,894721126,73.6,73.7,72.5,73.2,-0.5,6315,75.27999999999997,76.09999999999998,79.78500000000005,11.94219826295297,14.683516283188212,13.417760230833519,20.393472677808212,90.76193490916116,79.78500000000005,68.80806509083895,-3.454115241685315,-3.1053136407452424,-0.34880160094007273
2021-08-17,2382,9699155,713370949,73.9,74.6,73.2,73.7,0.5,4605,74.59999999999997,75.72999999999999,78.92000000000006,14.727463312368938,12.852390067320366,20.64162385940512,23.47047287532849,88.9075122027439,78.92000000000006,68.93248779725621,-3.4552864901932026,-3.1753082106348343,-0.2799782795583683
2021-08-18,2382,12292183,918630004,73.8,75.5,73.5,75.2,1.5,6462,74.35999999999996,75.62999999999998,78.16500000000006,28.930817610062842,18.533493061794925,38.57793663552324,31.966355773149424,86.78689654310222,78.16500000000006,69.54310345689791,-3.2971695311587155,-3.1996804747396106,-0.09748905641910488
2021-08-19,2382,6795159,506654187,75.0,75.3,74.1,74.9,-0.3,3768,74.13999999999996,75.47999999999999,77.41000000000007,39.62264150943394,27.76030747728858,36.64536232836632,31.21986375169334,84.20526305597895,77.41000000000007,70.61473694402119,-3.1596457651783254,-3.1916735328273536,0.03202776764902815
2021-08-20,2382,6821731,516383698,75.9,76.5,74.8,75.6,0.7,4082,74.51999999999995,75.32999999999998,76.72000000000006,51.57232704402509,40.04192872117397,44.2482609525466,35.032203916888975,80.74174091656342,76.72000000000006,72.6982590834367,-2.9600514098925146,-3.145349108240386,0.18529769834787135
2021-08-23,2382,5707842,434606771,76.4,76.6,75.5,75.9,0.3,3208,75.05999999999997,75.16999999999999,76.47000000000006,59.77638015373859,50.323782902399216,47.40415373261801,36.65276052115854,80.01462974088354,76.47000000000006,72.92537025911658,-2.7460096624760837,-3.0654812190875256,0.3194715566114419
2021-08-24,2382,5987629,458869057,76.3,77.0,76.2,76.7,0.8,3247,75.65999999999997,75.12999999999998,76.28500000000005,75.79315164220817,62.38061961332395,55.27975186952484,40.88724628751591,79.34262980099942,76.28500000000005,73.22737019900069,-2.4832019154976734,-2.949025358369555,0.4658234428718817
2021-08-25,2382,5528017,425833626,76.8,77.2,76.8,77.0,0.3,3265,76.01999999999997,75.18999999999998,76.18500000000006,88.21118991331751,74.5935739030881,58.02927055154596,42.441069656891344,79.0022859279732,76.18500000000006,73.36771407202691,-2.2250681887710186,-2.8042339244498478,0.5791657356788291
2021-08-26,2382,4700085,358721231,77.0,77.2,76.0,76.3,-0.7,2797,76.29999999999997,75.21999999999998,76.08000000000006,89.97635933806133,84.66023363119568,49.70943286610924,39.81146712643568,78.70952467186785,76.08000000000006,73.45047532813226,-2.053310218386656,-2.6540491832372095,0.6007389648505534
2021-08-27,2382,4123327,316034001,76.1,76.9,76.0,76.8,0.5,1949,76.53999999999998,75.52999999999997,76.05500000000005,88.86524822695014,89.01759915944301,55.07675449726468,42.54959382028354,78.64689120141327,76.05500000000005,73.46310879858683,-1.855456421437239,-2.4943306308772155,0.6388742094399764
2021-08-30,2382,4785918,369361218,76.9,77.5,76.7,77.5,0.7,2781,76.85999999999997,75.95999999999997,76.03000000000006,90.28368794326222,89.70843183609124,61.74529469590054,46.2371193154155,78.55515346067547,76.03000000000006,73.50484653932465,-1.6234575044946666,-2.3201560056007056,0.6966985011060389
2021-08-31,2382,9530056,744013870,77.5,78.4,77.2,78.4,0.9,3360,77.19999999999997,76.42999999999996,76.08000000000006,96.66666666666652,91.93853427895964,68.7120166748021,50.625216943386874,78.7472832620407,76.08000000000006,73.41271673795941,-1.351396159260517,-2.126404036332668,0.7750078770721509
2021-09-01,2382,4495398,350853780,78.2,78.3,77.8,78.0,-0.4,2922,77.39999999999998,76.70999999999995,76.17000000000004,96.29629629629615,94.41555030207496,62.78340810655199,48.72186196272619,78.96578253803246,76.17000000000004,73.37421746196763,-1.154750989527102,-1.9320734269715547,0.7773224374444527
2021-09-02,2382,2629349,203699256,77.8,78.0,77.0,77.1,-0.9,1973,77.55999999999997,76.92999999999996,76.20500000000004,81.35376756066387,91.43891017454217,51.18949077829509,44.653877601298355,79.0288094836536,76.20500000000004,73.38119051634648,-1.0593195774621336,-1.7575226570696705,0.6982030796075369
2021-09-03,2382,3470331,268158370,77.3,77.8,77.0,77.4,0.3,1979,77.67999999999998,77.10999999999996,76.22000000000006,67.46487867177501,81.70498084291167,54.459919168895574,46.264450981658406,79.06576878891438,76.22000000000006,73.37423121108573,-0.948547735217943,-1.595727672699325,0.647179937481382
2021-09-06,2382,2925553,226155959,77.9,77.9,76.8,76.8,-0.6,1948,77.53999999999998,77.19999999999996,76.18500000000004,48.94636015325647,65.92166879523178,47.09683428621231,43.5357613517936,78.98376758591479,76.18500000000004,73.3862324140853,-0.8988142663916676,-1.4563449914377935,0.5575307250461259
2021-09-07,2382,2782830,214498976,76.6,77.5,76.5,76.9,0.1,1350,77.23999999999997,77.21999999999994,76.17500000000005,43.055555555555465,53.155598126862316,48.45199321520752,44.127241636209774,78.96202350186755,76.17500000000005,73.38797649813256,-0.8416291923381181,-1.3334018316178584,0.49177263927974035
2021-09-08,2382,4655196,355655572,76.9,77.2,76.0,76.2,-0.7,2744,76.87999999999997,77.13999999999996,76.16500000000005,26.3888888888888,39.46360153256691,40.06959397952791,40.897648193680155,78.95015708712569,76.16500000000005,73.37984291287441,-0.8430753116142569,-1.2353365276171382,0.39226121600288133
2021-09-09,2382,3630957,275467873,75.7,76.5,75.2,76.0,-0.2,2108,76.65999999999997,77.10999999999996,76.16500000000005,23.611111111111054,31.018518518518437,37.88484781274729,39.996939258062895,78.95015708712569,76.16500000000005,73.37984291287441,-0.8505550311426759,-1.1583802283222457,0.3078251971795698
2021-09-10,2382,7942232,591529625,75.4,75.5,73.8,74.9,-1.1,5161,76.15999999999997,76.91999999999996,76.22500000000005,19.08212560386467,23.027375201288176,28.06574012725423,35.3815309249466,78.84177282161828,76.22500000000005,73.60822717838182,-0.9344715631818445,-1.1135984952941655,0.179126932112321
2021-09-13,2382,4536907,340063204,74.9,75.5,74.5,75.2,0.3,2639,75.83999999999996,76.68999999999997,76.32500000000006,26.674718196457277,23.122651637144333,33.546021089937454,37.49978540122718,78.60260839477655,76.32500000000006,74.04739160522357,-0.9656372613529101,-1.0840062485059145,0.11836898715300448
2021-09-14,2382,3821256,288689677,75.0,76.1,74.9,75.7,0.5,2180,75.59999999999997,76.41999999999997,76.42500000000005,33.420749942489095,26.39253124760368,42.12014952452699,40.97280358720436,78.38650452458312,76.42500000000005,74.46349547541699,-0.9391643780242163,-1.055037874409575,0.11587349638535871
2021-09-15,2382,5171837,393519078,76.0,76.6,75.7,75.9,0.2,2737,75.53999999999996,76.20999999999997,76.46000000000006,42.52290618144277,34.206124773463046,45.407234070829205,42.3527084068781,78.35673403511244,76.46000000000006,74.56326596488769,-0.8917663711083037,-1.0223835737493208,0.13061720264101706
2021-09-16,2382,2901516,220102943,76.2,76.4,75.5,76.0,0.1,1746,75.53999999999996,76.09999999999997,76.51500000000006,50.038714672860955,41.99412359893094,47.15781048312629,43.06934314719585,78.28731487043281,76.51500000000006,74.7426851295673,-0.8364913927997293,-0.9852051375594024,0.14871374475967314
2021-09-17,2382,13285894,1027430838,76.0,77.9,75.9,77.9,1.9,4057,76.13999999999996,76.14999999999996,76.63000000000007,68.29268292682917,53.618101260377635,69.1125538796939,54.61396003469687,78.44780086916963,76.63000000000007,74.8121991308305,-0.6320851688508498,-0.9145811438176918,0.2824959749668421
2021-09-22,2382,12902109,993619146,76.9,78.4,75.8,78.4,0.5,7007,76.77999999999997,76.30999999999997,76.75500000000007,84.55284552845517,67.6280810427151,72.60680022049397,57.08050491202251,78.69456180617023,76.75500000000007,74.8154381938299,-0.4248485527216701,-0.8166346255984875,0.39178607287681744
2021-09-23,2382,13208307,1041847982,78.0,79.5,77.9,79.5,1.1,7697,77.53999999999998,76.56999999999996,76.89500000000007,99.99999999999989,84.28184281842807,78.77093202353144,61.976352303782924,79.17313520229906,76.89500000000007,74.61686479770107,-0.16989281583731497,-0.687286263646253,0.517393447808938
2021-09-24,2382,10158016,799949520,79.8,79.9,78.1,78.4,-1.1,6095,78.03999999999996,76.78999999999996,76.96500000000006,91.80327868852449,92.11870807232651,62.3914244195756,55.19581511315727,79.33588591036282,76.96500000000006,74.5941140896373,-0.0559543574140946,-0.5610198823998214,0.5050655249857268
2021-09-27,2382,6004804,470140537,78.4,78.7,77.8,78.2,-0.2,2132,78.47999999999996,77.00999999999996,77.06000000000007,81.30945152803066,91.03757673885167,59.755709904644114,54.038208426799784,79.4686510747612,77.06000000000007,74.65134892523895,0.017996906107399013,-0.4452165246983773,0.4632134308057763
2021-09-28,2382,5107750,396313445,77.7,78.2,77.2,77.5,-0.7,2318,78.39999999999995,77.26999999999997,77.09500000000007,65.30945152803062,79.47406058152858,50.96437190531503,50.07938112769609,79.50786137188858,77.09500000000007,74.68213862811156,0.01989038144637334,-0.35219514346942715,0.3720855249158005
2021-09-29,2382,5980481,457932843,76.8,77.1,76.3,76.7,-0.8,3755,78.05999999999996,77.41999999999997,77.05500000000008,49.263748597081786,65.29421721771435,42.6065892453827,45.93739527641654,79.46620301923062,77.05500000000008,74.64379698076954,-0.04267046131022312,-0.29029020703758635,0.24761974572736323
2021-09-30,2382,5821330,449600213,76.2,77.8,76.1,77.5,0.8,2992,77.65999999999995,77.59999999999997,77.01000000000008,41.575757575757414,52.04965256695659,51.82387500027137,50.35895276447351,79.35170877778287,77.01000000000008,74.66829122221728,-0.02738142972283697,-0.23770845157463646,0.2103270218517995
2021-10-01,2382,6102575,469640613,77.0,78.0,76.5,77.0,-0.5,3283,77.37999999999995,77.70999999999997,76.96000000000006,33.99852180339973,41.61267599207963,46.391315273158654,47.7314244435478,79.25730276627924,76.96000000000006,74.66269723372089,-0.05497684452218721,-0.2011621301641466,0.1461852856419594
2021-10-04,2382,4440404,344114943,77.5,78.4,77.2,77.3,0.3,2940,77.19999999999996,77.83999999999996,76.97000000000007,37.102734663710116,37.559004680955745,50.056152281430776,49.43612080584564,79.27139088378064,76.97000000000007,74.6686091162195,-0.05203904307414575,-0.17133751274614645,0.1192984696720007
2021-10-05,2382,4685734,361033377,77.4,77.4,76.6,77.1,-0.2,2595,77.11999999999996,77.75999999999996,76.95500000000007,30.723149336756364,33.941468601288726,47.5289872514318,48.30504354363324,79.24888317051116,76.95500000000007,74.66111682948898,-0.06509872520945237,-0.15008975523880763,0.08499103002935526
2021-10-06,2382,4490763,347071235,77.1,77.7,76.8,77.5,0.4,2223,77.27999999999996,77.66999999999997,76.99000000000007,33.247753530166726,33.69121251021105,53.058762269751966,50.732881668577534,79.2946908686316,76.99000000000007,74.68530913136853,-0.0426799721791582,-0.12860779862687774,0.08592782644771954
2021-10-07,2382,6555869,514982631,78.0,79.1,77.9,78.1,0.6,3569,77.39999999999995,77.52999999999997,77.05000000000005,43.27485380116946,35.74858555603084,60.36799951799736,54.20701475769453,79.4041452801299,77.05000000000005,74.69585471987021,0.023234207228384207,-0.09823939745582536,0.12147360468420956
2021-10-08,2382,3461939,272085685,78.2,79.1,78.1,78.5,0.4,2080,77.69999999999996,77.53999999999998,77.16500000000005,61.16959064327482,45.89739932487032,64.64925920675357,56.41366289806917,79.56606226490709,77.16500000000005,74.76393773509301,0.106520425200344,-0.057287432924591486,0.16380785812493548
2021-10-12,2382,5919223,455674622,77.6,77.6,76.3,76.9,-1.6,3354,77.61999999999996,77.40999999999997,77.21000000000006,57.77777777777786,54.074074074074026,42.981502480551896,46.71641838385598,79.55512259806437,77.21000000000006,74.86487740193576,0.04292392446384952,-0.037245161446903284,0.08016908591075281
2021-10-13,2382,4649788,360187323,77.8,78.1,76.8,77.4,0.5,2453,77.67999999999995,77.39999999999996,77.33500000000006,50.000000000000206,56.315789473684276,49.190126020322886,49.63027598175724,79.42715200211516,77.33500000000006,75.24284799788497,0.03249448457668791,-0.023297232242185044,0.055791716818872954
2021-10-14,2382,5922053,465161720,78.1,78.9,77.8,78.9,1.5,3205,77.95999999999995,77.61999999999996,77.52000000000007,54.28571428571456,54.02116402116419,63.21077792244248,57.193257401724075,79.47407267007988,77.52000000000007,75.56592732992026,0.14361108313146076,0.010084430832544122,0.13352665229891664
2021-10-15,2382,7568897,594787310,79.3,79.6,78.2,78.4,-0.5,3993,78.01999999999994,77.70999999999995,77.65500000000006,66.60894660894685,56.96488696488719,57.08491871411773,54.268213327676364,79.45441657210135,77.65500000000006,75.85558342789876,0.18914561381532735,0.04589666742910077,0.1432489463862266
2021-10-18,2382,6332664,500712599,78.9,79.4,78.5,78.9,0.5,3049,78.09999999999994,77.89999999999995,77.80500000000006,78.42712842712865,66.44059644059668,61.444177376696494,56.655508802583846,79.49079358165594,77.80500000000006,76.11920641834419,0.262551350233565,0.08922760398999363,0.17332374624357139
2021-10-19,2382,4340666,343405320,79.2,79.4,78.6,79.4,0.5,3141,78.59999999999994,78.10999999999996,77.97500000000007,78.787878787879,74.60798460798482,65.5292537036638,58.96253846237287,79.58232697356623,77.97500000000007,76.3676730264339,0.35695696879220407,0.1427734769504357,0.21418349184176835
2021-10-20,2382,6537175,515115351,79.7,79.7,78.2,78.4,-1.0,4233,78.79999999999993,78.23999999999995,78.00000000000007,78.16399286987537,78.459666694961,52.540171311356666,52.898307612145445,79.61740532951622,78.00000000000007,76.38259467048393,0.34708151930063025,0.18363508542047463,0.16344643388015562
2021-10-21,2382,6005775,467645564,78.7,78.7,77.6,77.9,-0.5,3123,78.59999999999994,78.27999999999994,77.97500000000007,67.587641117053,74.84650425826912,47.09473816751021,50.122514518229465,79.58232697356623,77.97500000000007,76.3676730264339,0.2955029589377034,0.20600866012392038,0.08949429881378301
2021-10-22,2382,5969690,467089440,78.5,78.8,77.9,78.3,0.4,2431,78.57999999999994,78.29999999999994,77.91500000000006,55.882352941176435,67.21132897603493,51.761067740838925,52.27986947264769,79.37277227300906,77.91500000000006,76.45722772699106,0.28363368276802703,0.2215336646527417,0.062100018115285316
2021-10-25,2382,3929551,307361732,78.3,78.7,77.8,77.9,-0.4,2096,78.37999999999992,78.23999999999994,77.89000000000007,47.937795807978354,57.135929955402595,46.931706659406125,49.9530445762282,79.3306942770586,77.89000000000007,76.44930572294155,0.23919326773174987,0.22506558526854334,0.014127682463206531
2021-10-26,2382,6535074,516950084,78.3,79.3,78.2,79.2,1.3,2972,78.33999999999993,78.46999999999994,77.94000000000007,57.64834669499981,53.8228318147182,60.79951998717071,56.69835104856481,79.4858331086995,77.94000000000007,76.39416689130064,0.30535313324200786,0.24112309486323624,0.06423003837877161
2021-10-27,2382,3040364,239278848,78.7,79.2,78.4,78.6,-0.6,1688,78.37999999999992,78.58999999999995,77.99500000000006,53.91351943076074,53.16655397791297,53.29967761249081,53.138545556796714,79.55253009600293,77.99500000000006,76.4374699039972,0.305844730057828,0.2540674219021546,0.051777308155673385
2021-10-28,2382,1951836,153723776,79.1,79.1,78.5,78.9,0.3,1238,78.57999999999993,78.58999999999995,78.10500000000006,61.90476190476187,57.822209343507474,56.43449018525045,54.670996905668126,79.59022725532404,78.10500000000006,76.61977274467608,0.32667609816071774,0.2685891571538672,0.05808694100685052
2021-10-29,2382,3824054,298922437,78.9,78.9,77.8,78.0,-0.9,1958,78.51999999999992,78.54999999999995,78.13000000000007,42.857142857142854,52.89180806422183,45.69810794872182,49.4468487020671,79.59027394688638,78.13000000000007,76.66972605311375,0.26747929427369854,0.2683671845778335,-0.0008878903041349417
2021-11-01,2382,3940805,309602198,78.1,78.9,78.1,78.5,0.5,2257,78.63999999999992,78.50999999999996,78.20500000000007,41.26984126984136,48.67724867724869,51.658902450585806,52.180694046171695,79.57682360380247,78.20500000000007,76.83317639619767,0.2579378747693397,0.26628132261613474,-0.008343447846795027
2021-11-02,2382,5517012,436906553,79.1,79.4,78.9,79.2,0.7,2859,78.63999999999992,78.48999999999997,78.30000000000007,50.26455026455022,44.797178130511476,59.008417705384,55.78566312795671,79.6711309200634,78.30000000000007,76.92886907993673,0.3033633965278142,0.27369773739847064,0.029665659129343547
2021-11-03,2382,2882424,227885901,79.5,79.5,78.7,79.1,-0.1,2243,78.73999999999992,78.55999999999997,78.40000000000006,69.4055399937751,53.64664384272222,57.55014953951586,55.14607626286103,79.6961481396649,78.40000000000006,77.10385186033523,0.3275188520761674,0.28446196033401,0.04305689174215738
2021-11-04,2382,5646943,448858618,79.0,79.8,79.0,79.7,0.6,3059,78.89999999999992,78.73999999999998,78.51000000000008,86.78649237472753,68.81886087768429,63.810566394285296,58.239759613230405,79.85447015584184,78.51000000000008,77.16552984415831,0.390574905829709,0.3056845494331498,0.08489035639655917
2021-11-05,2382,6535540,520660524,79.7,80.2,78.7,80.0,0.3,4401,79.29999999999993,78.90999999999998,78.60500000000008,87.71241830065345,81.30148355638535,66.67728010671286,59.735155340329314,80.08212558705928,78.60500000000008,77.12787441294087,0.45945842480094257,0.3364393245067084,0.12301910029423418
2021-11-08,2382,8317335,672282036,80.1,81.5,79.8,81.5,1.5,4732,79.89999999999992,79.26999999999998,78.75500000000008,95.55555555555553,90.01815541031216,77.2087248909828,66.24393597869795,80.69559269295343,78.75500000000008,76.81440730704674,0.6278491200086052,0.39472128360708775,0.2331278364015174
2021-11-09,2382,6319798,511349128,81.5,81.5,80.4,81.1,-0.4,4726,80.27999999999993,79.45999999999998,78.96500000000006,93.61861861861844,92.29553082494247,70.29680608392822,63.30516224909446,80.96527498108492,78.96500000000006,76.9647250189152,0.7207153442310243,0.4599200957318751,0.26079524849914926
2021-11-10,2382,13028699,1079259753,82.0,83.9,81.9,82.8,1.7,7968,81.01999999999992,79.87999999999997,79.23500000000006,90.38546743464758,93.18654720294052,79.42824634928158,69.4983822506019,81.71715632061274,79.23500000000006,76.75284367938737,0.9208730373485281,0.5521106840552057,0.3687623532933224
2021-11-11,2382,3917807,323417954,82.8,83.0,82.2,82.5,-0.3,2642,81.57999999999993,80.23999999999998,79.41500000000005,82.33949042315332,88.78119215880645,74.70024818102341,67.33849077145236,82.2682612919186,79.41500000000005,76.56173870808149,1.04326583922294,0.6503417150887525,0.3929241241341874
2021-11-12,2382,7161193,593796665,82.9,83.5,82.3,83.0,0.5,3671,82.17999999999992,80.73999999999998,79.64500000000005,80.17386325752616,84.29960703844236,77.32476663118652,69.06414128250891,82.8534108215684,79.64500000000005,76.4365891784317,1.1671546060564708,0.7537042932822962,0.41345031277417466
2021-11-15,2382,19612964,1680904464,85.0,86.3,83.9,86.0,3.0,10781,83.07999999999993,81.48999999999998,80.00000000000004,84.86900274559063,82.46078547542338,86.86375919596198,76.93748478319058,84.21378689541386,80.00000000000004,75.78621310458622,1.4902337868399371,0.9010101919938244,0.5892235948461128
2021-11-16,2382,17167420,1511708886,87.0,88.6,87.0,88.6,2.6,10150,84.57999999999993,82.42999999999998,80.46000000000004,92.9149797570849,85.9859485867339,90.78386922184961,81.36420212339937,86.08401991461338,80.46000000000004,74.8359800853867,1.9337831873188378,1.107564791058827,0.8262183962600107
2021-11-17,2382,8452216,745247013,89.1,89.2,87.3,88.5,-0.1,7078,85.71999999999993,83.36999999999998,80.96500000000003,96.46198830409348,91.41532360225632,89.58428040959195,80.72243024124427,87.49868961613323,80.96500000000003,74.43131038386683,2.2512787781519563,1.336307588477453,0.9149711896745034
2021-11-18,2382,5862445,516291125,88.5,88.6,87.5,88.3,-0.2,4546,86.87999999999992,84.22999999999996,81.48500000000003,94.58628841607553,94.65441882575129,86.90483781523878,79.37396404271463,88.590568239062,81.48500000000003,74.37943176093806,2.4584188703641985,1.560729844854802,0.8976890255093966
2021-11-19,2382,9752345,848335288,87.8,88.1,86.3,86.9,-1.4,9742,87.65999999999993,84.91999999999996,81.91500000000003,85.87416720395431,92.30748130804109,69.84443486011742,70.49636940198867,89.23518442390383,81.91500000000003,74.59481557609624,2.4810110352556762,1.7447860829349768,0.7362249523206994
2021-11-22,2382,6334256,547620498,86.9,87.2,85.8,86.5,-0.4,5279,87.75999999999992,85.41999999999996,82.34500000000003,75.76762230288885,85.40935930763955,65.5547235415948,68.15102684734674,89.68161366026366,82.34500000000003,75.00838633973639,2.4385289874042115,1.8835346638288237,0.5549943235753878
2021-11-23,2382,7326300,637751824,86.5,87.6,85.8,87.6,1.1,4655,87.55999999999992,86.06999999999996,82.76500000000001,71.34006404554333,77.66061785079548,71.22485647775102,71.00757441715952,90.29262246662073,82.76500000000001,75.2373775333793,2.4652051152994403,1.999868754122947,0.46533636117649335
2021-11-24,2382,3043424,265022188,87.9,88.0,86.6,87.0,-0.6,2677,87.25999999999992,86.48999999999997,83.18500000000003,69.42416593399304,72.17728409414173,64.47126041109699,67.45375461480698,90.67346446208876,83.18500000000003,75.6965355379113,2.4101484620515663,2.081924695708671,0.3282237663428953
2021-11-25,2382,3214098,281884842,87.6,88.0,87.2,88.0,1.0,2464,87.19999999999992,87.03999999999996,83.64000000000001,74.20576324595994,71.65666440849874,70.00208740410278,70.13641729000933,91.13757294062403,83.64000000000001,76.142427059376,2.419318907945083,2.1494035381559535,0.26991536978912967
2021-11-26,2382,4805424,418432490,87.5,87.8,86.5,86.6,-1.4,5195,87.13999999999992,87.39999999999996,84.07000000000002,56.3346147865762,66.65484798884303,55.81128064443479,62.38377822460245,91.20192821051737,84.07000000000002,76.93807178948268,2.287252232699899,2.1769732770647425,0.11027895563515644
2021-11-29,2382,5242250,452475015,85.2,87.2,85.1,86.6,0.0,5200,87.15999999999993,87.45999999999997,84.47500000000001,45.82442272813387,58.788266920223315,55.81128064443478,62.38377822460246,91.20430159823316,84.47500000000001,77.74569840176686,2.1577156383317373,2.1731217493181414,-0.015406110986404098
2021-11-30,2382,13579221,1176084997,86.5,87.8,85.9,85.9,-0.7,6655,86.81999999999991,87.18999999999997,84.81000000000002,27.65730682516904,43.27211477995968,49.044939606718835,58.62596359485309,91.10885703917572,84.81000000000002,78.51114296082432,1.975797045726111,2.1336568085997354,-0.15785976287362447
2021-12-01,2382,6686246,585237208,86.3,87.9,86.3,87.9,2.0,4921,86.99999999999991,87.12999999999997,85.25000000000003,50.925280681378354,41.4690034115604,63.71033075144602,65.09535645887556,91.10576638878025,85.25000000000003,79.3942336112198,1.9702961877504634,2.100984684429881,-0.13068849667941773
2021-12-02,2382,6898020,601781617,87.2,88.0,86.7,87.9,0.0,7060,86.9799999999999,87.08999999999996,85.66000000000003,70.91406677613594,49.832218094227756,63.71033075144602,65.09535645887556,91.03229932151694,85.66000000000003,80.2877006784831,1.9435328809290837,2.069494323729722,-0.12596144280063815
2021-12-03,2382,5822781,513121021,88.2,88.5,87.7,87.8,-0.1,5032,87.2199999999999,87.17999999999996,86.05000000000003,89.76560739238232,70.53498494996552,62.48640394835269,64.51042509641128,90.82095378304656,86.05000000000003,81.27904621695349,1.8924387473119992,2.0340832084461775,-0.14164446113417828
2021-12-06,2382,4424313,387564074,87.4,88.1,86.9,87.3,-0.5,3119,87.35999999999991,87.25999999999996,86.34000000000002,80.22312373225147,80.30093263358988,56.18962413795639,61.533151509455806,90.65249347825312,86.34000000000002,82.02750652174691,1.7909554375286802,1.985457654262678,-0.1945022167339978
2021-12-07,2382,6850128,599705335,87.1,88.0,87.0,87.9,0.6,3688,87.7599999999999,87.28999999999995,86.68000000000004,75.49019607843132,81.82630906768834,61.60617025640936,63.69827199293613,90.30358938070606,86.68000000000004,83.05641061929401,1.7388992211738952,1.9361459676449215,-0.19724674647102636
2021-12-08,2382,8206285,727048205,88.4,89.2,88.0,88.4,0.5,5642,87.8599999999999,87.42999999999995,86.96000000000004,75.84887613582019,77.1873986488343,65.72597064347336,65.44379256454714,90.18453097364062,86.96000000000004,83.73546902635945,1.71818396082557,1.8925535662810513,-0.1743696054554813
2021-12-09,2382,6043454,535954799,89.1,89.1,88.2,89.0,0.6,4067,88.0799999999999,87.52999999999994,87.28500000000004,85.98756575801052,79.10887932408734,70.20233123079541,67.465453677969,89.8982546756799,87.28500000000004,84.67174532432018,1.7302368598595024,1.8600902249967415,-0.1298533651372391
2021-12-10,2382,7185694,642426513,89.2,89.8,88.7,89.3,0.3,6463,88.37999999999991,87.79999999999994,87.60000000000004,87.59641442568265,83.14428543983779,72.31179240036681,68.4590539205682,89.48997354477787,87.60000000000004,85.7100264552222,1.7438938393321308,1.8368509478638193,-0.09295710853168848
2021-12-13,2382,6635793,591563126,89.7,89.9,88.7,88.7,-0.6,11544,88.6599999999999,88.00999999999995,87.73500000000004,82.9893683552219,85.52444951297169,62.06044567747979,64.23386924341526,89.53196967140812,87.73500000000004,85.93803032859196,1.6868570700946464,1.8068521723099846,-0.11999510221533827
2021-12-14,2382,7204980,641869789,88.4,89.5,87.9,89.3,0.6,5220,88.93999999999991,88.34999999999994,87.77000000000004,78.36538461538443,82.98372246542965,67.44485661835661,66.46294298368004,89.65796186401184,87.77000000000004,85.88203813598824,1.6708099480983947,1.7796437274676666,-0.10883377936927197
2021-12-15,2382,5745438,509652900,89.3,89.3,88.3,88.8,-0.5,8817,89.0199999999999,88.43999999999994,87.78500000000004,70.4166666666664,77.2571398790909,59.26724870818718,62.94248014291066,89.70048949356536,87.78500000000004,85.86951050643472,1.5993108075247164,1.7435771434790766,-0.14426633595436011
2021-12-16,2382,9453764,850315044,89.7,90.3,89.3,90.1,1.3,6205,89.2399999999999,88.65999999999994,87.87500000000003,79.566993464052,76.11634824870093,70.21998253693074,67.72871962069608,90.03266077036577,87.87500000000003,85.71733922963429,1.6287709018612873,1.7206158951555186,-0.09184499329423135
2021-12-17,2382,9375036,835883830,89.2,90.0,88.9,88.9,-1.2,11935,89.1599999999999,88.76999999999995,87.97500000000004,71.67557932263801,73.88641315111879,54.45196685937288,60.02229006323717,90.12802113319115,87.97500000000004,85.82197886680892,1.537564184867307,1.6840055530978764,-0.1464413682305694
2021-12-20,2382,9656032,852866634,88.4,89.3,87.8,87.8,-1.1,14438,88.9799999999999,88.81999999999995,88.04000000000003,50.56446821152699,67.26901366607233,43.90772243217661,53.961108010686246,90.08685124031253,88.04000000000003,85.99314875968754,1.3608345440900678,1.6193713512963146,-0.25853680720624683
2021-12-21,2382,7937373,705561617,87.8,89.5,87.8,89.3,1.5,6531,88.9799999999999,88.95999999999995,88.12500000000003,39.19191919191918,53.81065557536138,57.11824059746996,59.9067563373778,90.23201210247302,88.12500000000003,86.01798789752704,1.3265211840042923,1.56080131783791,-0.2342801338336178
2021-12-22,2382,5963243,535638503,90.1,90.3,89.3,90.0,0.7,4331,89.2199999999999,89.11999999999995,88.27500000000003,49.33333333333329,46.36324024559314,61.991813800511764,62.350338230328006,90.46577611817473,88.27500000000003,86.08422388182534,1.3403609026378973,1.5167132347979075,-0.17635233216001023
2021-12-23,2382,4120807,371343677,90.1,90.4,89.7,90.3,0.3,4494,89.2599999999999,89.24999999999994,88.39000000000003,81.38461538461524,56.636622636622555,64.03552100309378,63.38043213663342,90.74618335448876,88.39000000000003,86.0338166455113,1.3598608428478514,1.4853427564078963,-0.1254819135600449
2021-12-24,2382,4100041,370682570,90.5,90.5,90.1,90.5,0.2,3092,89.5799999999999,89.36999999999995,88.58500000000004,94.71794871794857,75.14529914529902,65.4792232113492,64.08589508698337,90.96178354083045,88.58500000000004,86.20821645916962,1.375596000073898,1.4633934051410966,-0.08779740506719858
2021-12-27,2382,5373306,490065322,90.8,91.8,90.7,91.4,0.9,7129,90.29999999999991,89.63999999999994,88.82500000000005,95.38461538461529,90.49572649572634,71.48805441717339,67.15251735084877,91.31809045161997,88.82500000000005,86.33190954838012,1.4440426788114138,1.45952325987516,-0.015480581063746168
2021-12-28,2382,20828467,1954851526,92.5,94.8,92.5,94.7,3.3,15090,91.37999999999991,90.17999999999995,89.26500000000004,96.19047619047622,95.43101343101334,83.65710434040186,75.43510817880276,92.52584344916455,89.26500000000004,86.00415655083553,1.7444605304854122,1.5165107139972105,0.22794981648820167
2021-12-29,2382,12772320,1208856297,95.0,96.0,93.5,94.6,-0.1,13298,92.29999999999991,90.75999999999996,89.60000000000004,90.4994192799071,94.02483695166619,82.41355980693118,74.81943633772941,93.53751190473943,89.60000000000004,85.66248809526064,1.9519735421332882,1.603603279624426,0.34837026250886227
2021-12-30,2382,8717995,828425601,94.6,95.5,94.3,94.7,0.1,4912,93.17999999999991,91.21999999999996,89.94000000000003,88.54819976771192,91.74603174603173,82.71334913246588,75.0388306595095,94.37459130021826,89.94000000000003,85.5054086997818,2.100287456761876,1.702940115051916,0.3973473417099602
2022-01-03,2382,7772801,731562040,95.3,95.8,93.3,93.7,-1.0,8743,93.81999999999991,91.69999999999996,90.23500000000004,79.67479674796742,86.24080526519548,68.9923442977639,68.60187381500073,94.84250474768689,90.23500000000004,85.6274952523132,2.1127808376616315,1.784908259573859,0.3278725780877725
2022-01-04,2382,8594808,801610755,93.7,94.5,92.8,93.5,-0.2,7110,94.2399999999999,92.26999999999997,90.54500000000004,72.92804271326293,80.38367974298075,66.42138601148554,67.35737532304675,95.15519522362774,90.54500000000004,85.93480477637235,2.082537408592657,1.8444340893776185,0.23810331921503836
2022-01-05,2382,5700952,531021036,92.9,93.7,92.7,93.5,0.0,4002,93.9999999999999,92.68999999999997,90.82500000000003,64.98508233127814,72.52930726416947,66.42138601148554,67.35737532304674,95.43883788184657,90.82500000000003,86.2111621181535,2.0351097942669014,1.882569230355475,0.15254056391142634
2022-01-06,2382,7515833,697285679,93.2,93.5,92.1,93.3,-0.2,5639,93.73999999999991,93.01999999999997,91.07000000000002,59.080438539077484,65.66452119453949,63.215055899241754,65.96943583140092,95.66308175411382,91.07000000000002,86.47691824588622,1.9588048566126304,1.897816355606906,0.06098850100572428
2022-01-07,2382,9386095,874117642,93.6,94.6,92.2,93.0,-0.3,6335,93.3999999999999,93.28999999999998,91.27000000000002,52.65032495604922,58.90528194213493,58.29082351878482,63.84431536538803,95.83337594330952,91.27000000000002,86.70662405669053,1.8527675994007353,1.888806604365672,-0.036039004964936616
2022-01-10,2382,8232529,761097070,93.5,93.6,91.9,92.5,-0.5,5359,93.15999999999991,93.48999999999998,91.43000000000004,37.422553630716884,49.71777237528118,50.62316372049301,60.35464111725627,95.92982221870686,91.43000000000004,86.93017778129321,1.708689775666059,1.8527832386257495,-0.1440934629596904
2022-01-11,2382,10866116,997170588,92.1,92.3,91.1,92.1,-0.4,5998,92.87999999999991,93.55999999999997,91.60000000000002,26.14617867395451,38.73968575357352,45.087660331205655,57.64030518211144,95.92804805887997,91.60000000000002,87.27195194112008,1.5444272097694665,1.791112032854493,-0.24668482308502648
2022-01-12,2382,5162013,474448887,92.5,92.8,91.5,91.9,-0.2,3208,92.5599999999999,93.27999999999997,91.73000000000003,17.354528734171378,26.97442034628091,42.384149553656,56.27747355149312,95.92814244636503,91.73000000000003,87.53185755363504,1.3821767412206327,1.7093249745277208,-0.3271482333070881
2022-01-13,2382,9380844,862494702,92.4,93.1,91.4,92.2,0.3,6524,92.33999999999989,93.03999999999998,91.90000000000003,20.27789839339998,21.259535267175274,47.85575573811658,57.885964903770095,95.87944719778692,91.90000000000003,87.92055280221315,1.2632377502923902,1.6201075296806546,-0.3568697793882645
2022-01-14,2382,8309532,763358746,92.2,92.5,91.1,92.5,0.3,4102,92.2399999999999,92.81999999999996,92.02000000000004,26.808510638298,21.480312588623104,53.056819255192714,59.490876130156565,95.91902551927605,92.02000000000004,88.12097448072403,1.179587683322481,1.5320035604090199,-0.3524158770865389
2022-01-17,2382,5053441,464232465,92.1,92.6,91.6,91.9,-0.6,7876,92.11999999999989,92.63999999999996,92.17000000000004,28.75379939209742,25.28006947459845,43.039906624671154,54.97824618544633,95.79882901222506,92.17000000000004,88.54117098777503,1.0527440390204532,1.4361516561313066,-0.38340761711085336
2022-01-18,2382,9448384,882922586,92.2,93.9,92.2,93.4,1.5,7606,92.37999999999988,92.62999999999997,92.45000000000005,42.85714285714306,32.80648429584614,63.26707187542352,62.6134325414013,95.5058141304667,92.45000000000005,89.39418586953339,1.0610261520143638,1.361126555307918,-0.30010040329355414
2022-01-19,2382,7374152,687202143,92.9,93.9,92.6,93.4,0.0,6999,92.67999999999988,92.61999999999996,92.65500000000006,51.42857142857169,41.01317122593738,63.26707187542352,62.6134325414013,95.36901915983542,92.65500000000006,89.9409808401647,1.0554235208612823,1.2999859484185907,-0.2445624275573084
2022-01-20,2382,8833365,820919962,93.1,93.6,92.5,92.8,-0.6,4400,92.79999999999988,92.56999999999996,92.79500000000004,64.04761904761915,52.77777777777795,53.01687858135735,58.04671415032193,95.22026287234124,92.79500000000004,90.36973712765885,0.991143128694489,1.2382173844737703,-0.24707425577928133
2022-01-21,2382,9359986,863993166,92.5,92.9,91.8,92.9,0.1,4744,92.87999999999988,92.55999999999996,92.92500000000005,63.57142857142861,59.682539682539804,54.451777451081625,58.58882451402309,95.06310663905118,92.92500000000005,90.78689336094892,0.9374631276670016,1.1780665331124165,-0.24060340544541492
2022-01-24,2382,7267867,677084552,92.2,94.0,91.9,94.0,1.1,3834,93.29999999999988,92.70999999999995,93.10000000000005,74.99999999999993,67.53968253968254,67.27715072037185,64.086255499315,94.97189743307622,93.10000000000005,91.22810256692388,0.9724720940680669,1.1369476453035465,-0.16447555123547963
2022-01-25,2382,9069851,839586989,92.4,93.4,91.9,93.0,-1.0,8027,93.21999999999989,92.79999999999995,93.18000000000005,76.60098522167488,71.72413793103446,51.80572216185851,56.71513973132534,94.88364315511284,93.18000000000005,91.47635684488726,0.9090463886094398,1.0913673939647253,-0.1823210053552855
2022-01-26,2382,4941814,458810996,93.0,93.5,92.4,92.9,-0.1,4104,93.11999999999989,92.89999999999995,93.09000000000006,75.86206896551728,75.82101806239734,50.45212608166939,56.0212257695246,94.64679157241783,93.09000000000006,91.5332084275823,0.8410171733514318,1.0412973498420666,-0.2002801764906348
2022-02-07,2382,6432136,599839279,92.9,93.8,92.5,93.7,0.8,5157,93.29999999999988,93.04999999999995,93.04500000000006,71.69540229885065,74.71948549534757,60.16617243749059,60.214961609779806,94.47114865983579,93.04500000000006,91.61885134016433,0.8419513531538172,1.0014281505044167,-0.1594767973505995
2022-02-08,2382,6246837,586976416,94.1,94.2,93.6,94.2,0.5,4773,93.55999999999989,93.21999999999996,93.02000000000007,83.18965517241385,76.91570881226056,65.14841119833812,62.61449035355595,94.34302683266304,93.02000000000007,91.69697316733709,0.8729744130770314,0.9757374030189396,-0.10276298994190824
2022-02-09,2382,12112190,1156030972,94.6,96.0,94.3,95.7,1.5,6934,93.89999999999989,93.59999999999997,93.12000000000006,93.45238095238095,82.77914614121512,75.75987669260937,68.7112647148554,94.8676841819841,93.12000000000006,91.37231581801602,1.0069899225544532,0.9819879069260423,0.025002015628410867
2022-02-10,2382,7411579,702779403,95.8,95.8,94.2,95.0,-0.7,7853,94.29999999999988,93.75999999999996,93.19500000000006,89.68253968253963,88.7748586024448,64.9869754109141,63.50644065260529,95.12111006953158,93.19500000000006,91.26888993046855,1.0446717043666212,0.994524666414158,0.050147037952463114
2022-02-11,2382,5199338,487243521,93.9,94.1,93.4,93.8,-1.2,9801,94.47999999999989,93.79999999999997,93.21000000000006,72.22222222222216,85.11904761904758,50.59730615315456,55.71499419778889,95.1499999999884,93.21000000000006,91.27000000001173,0.966562881520133,0.988932309435353,-0.022369427915220008
2022-02-14,2382,5539179,510844994,92.9,92.9,91.7,92.6,-1.2,7006,94.2599999999999,93.77999999999997,93.17500000000005,48.24658545588763,70.05044912021647,40.209954043332964,49.21275847048096,95.13242177365126,93.17500000000005,91.21757822634885,0.7986250530048409,0.9508708581492507,-0.15224580514440977
2022-02-15,2382,3450078,318533065,92.3,92.8,91.6,92.4,-0.2,2652,93.8999999999999,93.72999999999998,93.14500000000007,28.910366119668367,49.79305793259272,38.66645161636494,48.20304414184729,95.13042186951655,93.14500000000007,91.15957813048358,0.6419942750739978,0.8890955415342001,-0.24710126646020236
2022-02-16,2382,6020863,560192486,92.7,93.6,92.4,93.4,1.0,7391,93.43999999999991,93.66999999999997,93.19000000000007,26.67371388301621,34.610221819524064,49.88756688194951,53.35615880647507,95.15560423278787,93.19000000000007,91.22439576721227,0.5917337593153746,0.829623185090435,-0.23788942577506034
2022-02-17,2382,5420759,505453308,93.8,93.9,92.9,93.2,-0.2,4642,93.07999999999991,93.68999999999997,93.24500000000008,31.818181818181927,29.134087273622168,47.845112804342946,52.23683156001013,95.14602603873435,93.24500000000008,91.3439739612658,0.5296580417345069,0.7696301564192494,-0.23997211468474244
2022-02-18,2382,4577361,430033842,92.8,94.3,92.8,94.3,1.1,2851,93.17999999999992,93.82999999999997,93.36500000000007,46.21212121212124,34.90133897110646,58.695927187550865,57.515781304731604,95.21353996439029,93.36500000000007,91.51646003560984,0.5627365189377116,0.7282514289229418,-0.16551490998523022
2022-02-21,2382,4795516,452615591,93.4,95.0,93.2,94.7,0.4,3061,93.59999999999992,93.92999999999998,93.49000000000007,56.060606060606055,44.696969696969745,62.04589174161873,59.278294383897546,95.34461586317684,93.49000000000007,91.63538413682329,0.6141485849067436,0.7054308601197021,-0.09128227521295851
2022-02-22,2382,8072066,756739281,94.4,94.8,92.8,94.8,0.1,8280,94.07999999999991,93.98999999999997,93.60500000000006,69.33621933621929,57.202982202982206,62.92297143087537,59.7281068124612,95.48486701656228,93.60500000000006,91.72513298343785,0.6554070572767046,0.6954260995511026,-0.04001904227439801
2022-02-23,2382,4110587,387718555,94.8,94.8,94.0,94.3,-0.5,2919,94.2599999999999,93.84999999999995,93.72500000000005,75.35226211696794,66.91636250459777,55.44840336337804,56.375004768481595,95.45459532837972,93.72500000000005,91.99540467162038,0.6403770050619784,0.6844162806532778,-0.04403927559129939
2022-02-24,2382,14375963,1324148712,93.5,93.6,91.3,91.9,-2.4,9202,93.99999999999991,93.53999999999995,93.65000000000006,57.27281903752489,67.32043349690404,33.2979566708876,43.6948581398568,95.55105234013972,93.65000000000006,91.7489476598604,0.42985058802695164,0.6335031421280125,-0.20365255410106087
2022-02-25,2382,10923524,1008421147,92.6,93.3,91.5,92.9,1.0,6947,93.71999999999991,93.44999999999996,93.62500000000006,46.29040805511397,59.63849640320228,44.144574868872446,48.856647938645445,95.55152536966085,93.62500000000006,91.69847463033926,0.33978173607042095,0.5747588609164942,-0.23497712484607325
2022-03-01,2382,5994747,562261081,94.0,94.9,93.1,93.8,0.9,4006,93.53999999999992,93.56999999999995,93.67500000000005,42.34234234234238,48.63518981166043,52.290643632576106,53.030132275502375,95.56484126316332,93.67500000000005,91.78515873683679,0.3371376869754812,0.5272346261282916,-0.19009693915281045
2022-03-02,2382,5611028,522328959,93.4,93.5,92.4,93.2,-0.6,3706,93.21999999999991,93.64999999999995,93.69000000000005,54.054054054054056,47.562268150503485,46.96345274130185,50.095193274568786,95.55965237409292,93.69000000000005,91.82034762590719,0.28336086575322383,0.47845987405327806,-0.19509900830005422
2022-03-03,2382,2921013,273375763,93.7,93.9,93.4,93.6,0.4,1897,93.0799999999999,93.66999999999996,93.67000000000004,60.360360360360254,52.25225225225225,50.85738228372833,52.00236429295213,95.53451065965399,93.67000000000004,91.8054893403461,0.2699076768667936,0.43674943461598115,-0.16684175774918752
2022-03-04,2382,5243041,486687808,92.6,93.3,92.2,92.9,-0.7,5326,93.2799999999999,93.63999999999996,93.66500000000005,52.25225225225222,55.55555555555552,44.22770898589465,48.50863653500532,95.53719122953791,93.66500000000005,91.79280877046219,0.20045110236185337,0.38948976816515557,-0.1890386658033022
2022-03-07,2382,11743611,1064313029,91.6,91.9,90.0,90.9,-2.0,10404,92.87999999999991,93.29999999999995,93.56500000000005,41.25758411472693,51.29006557577981,30.830863280075967,40.1987489707433,95.77341572172162,93.56500000000005,91.35658427827849,-0.015794944356954943,0.3084328256607335,-0.32422777001768843
2022-03-08,2382,13820712,1239072681,89.3,90.8,88.8,89.6,-1.3,12276,92.03999999999989,92.78999999999995,93.36000000000004,24.908448093459782,39.47276148681299,25.07177926628531,35.89445890433683,96.16171376124649,93.36000000000004,90.5582862387536,-0.28874218957133735,0.1889978226143193,-0.47774001218565665
2022-03-09,2382,10601491,946771164,89.9,90.4,88.7,89.1,-0.5,12189,91.21999999999989,92.21999999999996,93.10500000000005,12.644571313453858,26.2702011738802,23.13281561940021,34.370120527102834,96.43334793853437,93.10500000000005,89.77665206146573,-0.5391852769664212,0.0433612026981712,-0.5825464796645924
2022-03-10,2382,10425878,963516811,91.1,93.3,90.9,92.6,3.5,6551,91.0199999999999,92.04999999999997,92.95000000000003,27.489864269345805,21.680961225419825,52.88792593853719,50.28557700698097,96.0622339243645,92.95000000000003,89.83776607563556,-0.45005453031620846,-0.05532194390470474,-0.3947325864115037
2022-03-11,2382,3695314,340954897,92.7,92.8,91.9,92.0,-0.6,3416,90.83999999999989,92.05999999999997,92.80000000000004,40.86021505376322,26.998216878854304,49.08758749023358,48.13077089002395,95.78931430263833,92.80000000000004,89.81068569736175,-0.42295717005958977,-0.12884898913568177,-0.294108180923908
2022-03-14,2382,5189816,476415359,92.0,92.5,91.4,92.0,0.0,3383,91.0599999999999,91.96999999999997,92.71000000000004,59.86352357320079,42.73786763210328,49.087587490233595,48.130770890023946,95.68180080085486,92.71000000000004,89.73819919914521,-0.3969070197723994,-0.1824605952630253,-0.2144464245093741
2022-03-15,2382,5714508,519785229,92.0,92.0,90.7,91.0,-1.0,3861,91.33999999999989,91.68999999999997,92.63000000000004,53.639371381306695,51.45437000275692,42.20744910198754,44.449093060363474,95.69404960794698,92.63000000000004,89.5659503920531,-0.4517462807180692,-0.23631773235403408,-0.21542854836403513
2022-03-16,2382,8939761,816651036,91.0,92.4,90.6,92.0,1.0,4788,91.91999999999989,91.56999999999996,92.61000000000004,59.81047937569664,57.77112477673472,50.32958197683961,48.676948399941885,95.6849959349498,92.61000000000004,89.53500406505029,-0.4097913281174641,-0.2710124515067201,-0.138778876610744
2022-03-17,2382,11975189,1106875612,93.4,93.6,91.4,92.4,0.4,7387,91.87999999999988,91.44999999999996,92.56000000000003,63.826701249061465,59.09218400202162,53.386717515719326,50.306155291571606,95.61443939209282,92.56000000000003,89.50556060790724,-0.3403418202039603,-0.28487832524616813,-0.05546349495779218
2022-03-18,2382,10271938,949189049,92.4,92.7,92.0,92.5,0.1,3137,91.97999999999988,91.40999999999997,92.52500000000003,74.93345164152619,66.19021075542811,54.208744786330996,50.72726487988681,95.5653124839345,92.52500000000003,89.48468751606556,-0.2740740653406277,-0.28271747326506,0.0086434079244323
2022-03-21,2382,5617141,517791343,92.5,92.7,91.9,92.0,-0.5,4031,91.97999999999988,91.51999999999997,92.41000000000004,73.46938775510208,70.74318021522993,49.15238542592941,48.513605618747086,95.34523423255598,92.41000000000004,89.4747657674441,-0.2589175728939779,-0.2779574931908436,0.019039920296865742
2022-03-22,2382,7350747,670487858,92.0,92.1,90.8,91.4,-0.6,8769,92.05999999999987,91.69999999999996,92.24500000000003,57.188208616780145,68.53034933780282,43.47514073206102,45.92376667444649,95.01301372828428,92.24500000000003,89.47698627171579,-0.29195544835151566,-0.280757084222978,-0.011198364128537641
2022-03-23,2382,4812851,442629309,91.4,92.7,91.2,92.7,1.3,3969,92.19999999999987,92.05999999999997,92.14000000000004,54.671201814059124,61.776266061980465,56.24894904832989,51.91352047913502,94.66063484066336,92.14000000000004,89.61936515933672,-0.2108089923897296,-0.2667674658563283,0.05595847346659871
2022-03-24,2382,4503994,412937010,91.9,91.9,91.3,91.8,-0.9,3376,92.07999999999987,91.97999999999996,92.01500000000004,45.555555555555735,52.471655328798356,47.56673997732754,47.95342202064108,94.33471981065871,92.01500000000004,89.69528018934137,-0.21662519934400848,-0.25673901255386433,0.04011381320985585
2022-03-25,2382,5049429,460625928,91.1,91.5,91.0,91.5,-0.3,5913,91.87999999999987,91.92999999999996,91.99500000000003,46.66666666666678,48.96447467876056,44.87317087779588,46.67528930993259,94.32521458238492,91.99500000000003,89.66478541761515,-0.2426450173356045,-0.2539202135102124,0.011275196174607871
2022-03-28,2382,5157892,469383384,90.6,91.8,90.4,91.8,0.3,7832,91.83999999999988,91.90999999999995,91.94000000000003,37.91666666666665,43.37962962962974,48.289430322531125,48.16320782102258,94.23381777828341,91.94000000000003,89.64618222171664,-0.23633410530810295,-0.2504029918697905,0.014068886561687532
2022-03-29,2382,6325705,575635116,91.0,91.5,90.8,91.3,-0.5,6096,91.81999999999988,91.93999999999996,91.81500000000003,33.95833333333322,39.51388888888891,43.09636257613946,45.866127677998435,93.9572184762457,91.81500000000003,89.67278152375435,-0.26858243229159484,-0.25403887995415136,-0.014543552337443477
2022-03-30,2382,14113717,1266866125,90.0,90.3,89.2,89.6,-1.7,9404,91.19999999999989,91.69999999999996,91.63500000000002,27.767857142856894,33.214285714285616,30.209625779557882,39.04722464832837,93.88379967982398,91.63500000000002,89.38620032017606,-0.42639998269415,-0.2885111005021511,-0.1378888821919989
2022-03-31,2382,15003621,1329327784,89.3,89.7,88.1,88.3,-1.3,10039,90.49999999999989,91.28999999999995,91.37000000000003,14.633799171842455,25.453329882677547,23.847683068314982,34.78799591591598,93.86567626104905,91.37000000000003,88.87432373895102,-0.6488906562836689,-0.3605870116584547,-0.28830364462521424
2022-04-01,2382,17886288,1547111669,87.2,87.3,86.2,86.5,-1.8,11894,89.49999999999989,90.68999999999996,91.05000000000003,6.797260710304035,16.399639008334486,17.79426774356795,29.9212915573251,94.22710560100988,91.05000000000003,87.87289439899017,-0.9594016893662456,-0.4803499472000129,-0.4790517421662327
2022-04-06,2382,11968308,1036489076,86.1,87.1,85.8,87.0,0.5,7840,88.53999999999988,90.18999999999996,90.85500000000002,8.78483835005568,10.071966077400747,24.04266041682714,32.73623024705906,94.49064299677158,90.85500000000002,87.21935700322845,-1.1518601718170771,-0.6146519921234257,-0.5372081796936514
2022-04-07,2382,10463241,901937416,86.2,86.7,85.7,86.0,-1.0,7318,87.47999999999988,89.64999999999995,90.67500000000003,8.948466213543256,8.176855091301013,20.420913045293045,30.129536662006345,94.85680583001731,90.67500000000003,86.49319416998274,-1.369292200269257,-0.765580033752592,-0.6037121665166649
2022-04-08,2382,10042688,859909497,86.0,86.3,85.3,85.9,-0.1,6238,86.73999999999987,88.96999999999994,90.51500000000003,10.486927752004853,9.406744105201286,20.068224486581986,29.873365550205815,95.1463173071991,90.51500000000003,85.88368269280096,-1.5320176675720205,-0.9188675605164777,-0.6131501070555428
2022-04-11,2382,8175208,702615553,85.9,87.8,85.3,85.6,-0.3,5182,86.19999999999986,88.34999999999995,90.16500000000003,6.228287841191005,8.554560602246395,18.92428329049237,29.07471086678583,95.15710376494282,90.16500000000003,85.17289623505725,-1.6659818636915986,-1.0682904211515019,-0.5976914425400968
2022-04-12,2382,6397989,548695983,85.5,86.3,85.2,85.7,0.1,4059,86.03999999999986,87.76999999999995,89.85000000000004,7.260887260887216,7.992034284694381,20.68256693162765,29.748914913416264,95.12617285538987,89.85000000000004,84.5738271446102,-1.7439768109227032,-1.2034276991057422,-0.540549111816961
2022-04-13,2382,5446692,474201482,86.8,87.7,86.3,87.7,2.0,3150,86.17999999999986,87.35999999999997,89.63500000000003,20.523833465009865,11.337669522362718,47.33337627460959,41.687813090669955,94.89362149236435,89.63500000000003,84.37637850763572,-1.625665424155926,-1.287875244115779,-0.33779018004014705
2022-04-14,2382,8686027,748446819,86.8,86.9,85.6,85.6,-2.1,5768,86.09999999999987,86.78999999999998,89.36500000000004,21.94833488951124,16.57768520513613,33.53166452609927,34.9680156517458,94.86455452740944,89.36500000000004,83.86544547259064,-1.6819665835363082,-1.3666935119998849,-0.31527307153642337
2022-04-15,2382,5771005,493532262,85.3,85.9,85.1,85.9,0.3,3798,86.09999999999987,86.41999999999997,89.06000000000003,29.179375453885267,23.88384793613548,36.6121572725851,36.541715983578506,94.61748144395953,89.06000000000003,83.50251855604053,-1.6829778442071301,-1.4299503784413339,-0.25302746576579627
2022-04-18,2382,8063347,685254693,85.3,85.6,84.4,85.2,-0.7,4828,86.01999999999985,86.10999999999999,88.70000000000003,20.68264342774145,23.936784590379343,32.510556670508535,34.44707839628842,94.27817174349758,88.70000000000003,83.12182825650248,-1.7204313636021311,-1.4880465754734933,-0.23238478812863783
2022-04-19,2382,5229569,445959102,85.0,85.7,85.0,85.0,-0.2,2652,85.87999999999985,85.95999999999998,88.32500000000003,23.60203340595498,24.48801742919392,31.34022513881243,33.85004875665344,93.83893688755657,88.32500000000003,82.81106311244349,-1.7461236495828132,-1.5396619902953572,-0.20646165928745597
2022-04-20,2382,13808449,1173512572,85.0,85.8,84.3,85.8,0.8,6969,85.49999999999986,85.83999999999997,88.01500000000003,28.01120448179259,24.09862710516303,41.21559573620528,38.44569514599437,93.36225163050689,88.01500000000003,82.66774836949317,-1.6825364246436578,-1.5682368771650173,-0.11429954747864057
2022-04-21,2382,8799100,747769744,85.7,85.7,84.6,84.6,-1.2,5172,85.29999999999987,85.69999999999997,87.67500000000003,23.025210084033464,24.879482657260365,32.92760557068029,34.566445400382364,92.98268311035656,87.67500000000003,82.36731688964349,-1.7092696652224504,-1.596443434776504,-0.11282623044594642
2022-04-22,2382,12042870,1015073125,84.1,84.9,83.6,84.5,-0.1,6324,85.01999999999987,85.55999999999997,87.26500000000001,24.459930313588774,25.165448293138294,32.29620541056653,34.256244390008014,92.21122077954155,87.26500000000001,82.31877922045848,-1.7187128632232458,-1.6208973204658523,-0.09781554275739346
2022-04-25,2382,9274794,773252806,83.6,84.0,83.0,83.2,-1.3,6909,84.61999999999986,85.31999999999998,86.83500000000002,11.592655744186567,19.692598713936285,25.019778915323787,30.43277140601755,91.62218079875475,86.83500000000002,82.04781920124529,-1.8102286125033658,-1.658763578873355,-0.15146503363001074
2022-04-26,2382,10971401,916022536,83.3,84.0,82.2,83.9,0.7,4998,84.39999999999986,85.13999999999997,86.45500000000003,20.792250475696232,18.94827884449054,34.316398926906835,34.66165543591039,90.89458331377641,86.45500000000003,82.01541668622365,-1.8054591441330672,-1.6881026919252975,-0.11735645220776969
2022-04-27,2382,5452921,452994577,83.2,83.8,82.7,83.0,-0.9,3068,83.83999999999986,84.66999999999997,86.01500000000003,20.68238451217167,17.68909691068484,28.935021717495623,31.97072362841832,89.9658353547018,86.01500000000003,82.06416464529826,-1.8529422199781749,-1.7210705975358729,-0.131871622442302
2022-04-28,2382,4729806,391078013,82.8,83.1,82.1,82.9,-0.1,3828,83.49999999999986,84.39999999999996,85.59500000000004,26.4711520030669,22.64859566364495,28.358547367432845,31.676462939908795,88.95027942203828,85.59500000000004,82.2397205779618,-1.8770051173499382,-1.7522575014986859,-0.12474761585125238
2022-04-29,2382,3520202,294467995,82.9,84.2,82.9,83.8,0.9,2839,83.35999999999987,84.18999999999997,85.30500000000004,29.729729729729737,25.62775541498945,40.75263387423887,37.272315106125006,88.19600328605127,85.30500000000004,82.4139967139488,-1.802672571218423,-1.7623405154426333,-0.0403320557757898
2022-05-03,2382,5113073,425532601,83.7,84.0,82.3,83.6,-0.2,2501,83.43999999999987,84.02999999999996,85.07000000000004,36.03603603603606,30.74563925627758,39.00324963938067,36.55580161417249,87.70142546919968,85.07000000000004,82.4385745308004,-1.739845960189811,-1.7578416043920688,0.017995644202257743
2022-05-04,2382,4371014,369628039,83.3,85.3,83.2,85.2,1.6,2528,83.69999999999987,84.04999999999997,85.00500000000004,57.53253253253248,41.09943276609943,56.451144861046075,45.570425529160104,87.5548823502185,85.00500000000004,82.45511764978157,-1.5431601998660938,-1.7149053234868739,0.1717451236207801
2022-05-05,2382,4217785,361499872,85.9,86.1,85.4,85.5,0.3,3578,84.19999999999987,84.01999999999997,84.93000000000004,70.55055055055053,54.706373039706364,59.01564380886812,47.088495414812506,87.32424309541811,84.93000000000004,82.53575690458196,-1.3475441745427759,-1.6414330936980543,0.2938889191552785
2022-05-06,2382,4985408,424607261,84.5,85.8,84.5,85.6,0.1,3193,84.73999999999987,84.11999999999998,84.91000000000004,86.2037037037037,71.42892892892891,59.93320682863194,47.61299341680352,87.27465642323551,84.91000000000004,82.54534357676457,-1.1709499190952357,-1.5473364587774907,0.376386539682255
2022-05-09,2382,4100933,347525014,84.0,85.6,83.7,84.9,-0.7,2370,84.95999999999988,84.15999999999997,84.86000000000004,80.83333333333341,79.19586252919589,50.6690594196035,44.302415199199324,87.18068955268703,84.86000000000004,82.53931044731306,-1.0750888936694452,-1.4528869457558815,0.37779805208643635
2022-05-10,2382,6623025,553397365,83.9,84.4,82.5,83.6,-1.3,4105,84.95999999999988,84.19999999999996,84.76000000000003,65.00000000000003,77.34567901234573,37.95686825247417,38.89377097241835,87.11660773145626,84.76000000000003,82.40339226854381,-1.0914360800888971,-1.3805967726224846,0.28916069253358745
2022-05-11,2382,6085644,505519434,82.6,83.5,82.5,83.0,-0.6,3321,84.51999999999988,84.10999999999997,84.62500000000003,43.33333333333341,63.05555555555563,33.43944006756488,36.66867469456275,87.05882415140547,84.62500000000003,82.19117584859458,-1.1396689346330504,-1.3324112050245978,0.19274227039154734
2022-05-12,2382,7082744,581753437,82.5,83.2,81.5,82.1,-0.9,5984,83.83999999999988,84.01999999999997,84.34500000000003,24.34782608695647,44.22705314009664,27.67533575269367,33.566601310953374,86.57970355975047,84.34500000000003,82.11029644024958,-1.236265399764406,-1.3131820439725594,0.07691664420815347
2022-05-13,2382,7371494,602084547,82.4,82.5,81.1,82.1,0.0,6013,83.13999999999987,83.93999999999997,84.17000000000003,18.514492753623134,28.731884057971012,27.67533575269367,33.566601310953374,86.52889804781026,84.17000000000003,81.8111019521898,-1.2978578963799805,-1.3101172144540436,0.012259318074063108
2022-05-16,2382,21604775,1666870715,80.5,80.6,76.0,76.4,-5.7,16183,81.43999999999987,83.19999999999997,83.69500000000002,12.334624766824428,18.39898120246802,11.13278336445907,20.70246513691828,87.71220051776922,83.69500000000002,79.67779948223082,-1.7860245772453993,-1.4052986870123148,-0.38072589023308456
2022-05-17,2382,16279793,1229002893,76.3,76.4,75.1,75.4,-1.0,9151,79.79999999999987,82.37999999999997,83.20500000000003,8.895889588958886,13.248335703135488,9.91922841625698,19.30466416856696,88.5422183766422,83.20500000000003,77.86778162335786,-2.227909873339442,-1.5698209242777401,-0.6580889490617019
2022-05-18,2382,15277593,1151590059,75.1,76.0,74.9,75.7,0.3,8780,78.33999999999986,81.42999999999998,82.74000000000004,4.675706102720348,8.635406819501226,13.229736465124589,21.027349389567533,88.92397930138499,82.74000000000004,76.55602069861509,-2.5247953916656627,-1.7608158177553246,-0.7639795739103381
2022-05-19,2382,11082298,825942469,74.8,75.2,74.1,75.1,-0.6,7422,76.93999999999987,80.38999999999997,82.20500000000003,6.25412481415669,6.608573501945313,12.184871229229207,20.103006333401055,89.05320414415078,82.20500000000003,75.35679585584927,-2.7764886565461495,-1.9639503855134897,-0.8125382710326599
2022-05-20,2382,9452407,707002199,75.2,75.6,74.5,74.5,-0.6,6110,75.41999999999987,79.27999999999997,81.70000000000003,6.639532286942786,5.85645440127328,11.156859997520971,19.194335841961323,89.22356298571094,81.70000000000003,74.17643701428912,-2.9899065859363247,-2.1691416255980567,-0.8207649603382681
2022-05-23,2382,8734070,660084087,75.4,76.2,75.0,75.5,1.0,4581,75.23999999999987,78.33999999999997,81.25000000000003,9.157588113606874,7.350415071568789,23.677463192086577,25.25810878765757,89.11854497349803,81.25000000000003,73.38145502650202,-3.043269276074639,-2.343967155693373,-0.6993021203812662
2022-05-24,2382,8842931,664697630,75.6,76.4,74.9,75.0,-0.5,4158,75.15999999999988,77.47999999999998,80.84000000000003,9.555740685672507,8.450953695407394,21.87883139060957,24.277144020558083,89.10399419167014,80.84000000000003,72.57600580832992,-3.090282560073902,-2.4932302365694787,-0.5970523235044234
2022-05-25,2382,5343612,404370093,75.6,76.2,75.0,75.7,0.7,2827,75.15999999999988,76.74999999999997,80.43000000000004,14.610448653001846,11.107925817427082,30.501776586016383,28.465839460232452,88.8580721401726,80.43000000000004,72.00192785982748,-3.0360589784770298,-2.601795984950989,-0.4342629935260409
2022-05-26,2382,6281393,480859171,76.3,76.8,76.1,76.7,1.0,3995,75.47999999999988,76.20999999999998,80.11500000000004,22.979242979243008,15.715144105972461,41.300450193278344,34.07607980167236,88.60600111882904,80.11500000000004,71.62399888117103,-2.8792050729127965,-2.6572778025433506,-0.22192727036944593
2022-05-27,2382,6036216,465867079,77.0,77.5,76.2,77.2,0.5,3348,76.01999999999987,75.71999999999998,79.83000000000003,50.074696545284816,29.221462725843235,46.17873762603345,36.74725307150216,88.31058960214203,79.83000000000003,71.34941039785802,-2.68361634265122,-2.6625455105649243,-0.021070832086295788
2022-05-30,2382,8577828,675924138,78.0,79.3,77.7,79.1,1.9,5248,76.73999999999987,75.98999999999998,79.59500000000003,75.77677224736047,49.61023725729611,60.669530095458725,45.74381490392916,87.8807649013207,79.59500000000003,71.30923509867935,-2.3482278349801646,-2.5996819754479725,0.2514541404678079
2022-05-31,2382,11052594,878040845,79.1,80.0,78.5,79.6,0.5,4180,77.65999999999988,76.41,79.39500000000002,93.51688524171067,73.12278467811866,63.672410470146914,47.84606949298681,87.4749690593444,79.39500000000002,71.31503094065565,-2.0188125901099028,-2.4835080983803586,0.4646955082704558
2022-06-01,2382,4590536,367251485,79.4,80.5,79.2,79.9,0.3,2903,78.49999999999989,76.82999999999998,79.13000000000002,93.12472837896557,87.47279528934558,65.51543730792318,49.11992374892058,86.76651753091397,79.13000000000002,71.49348246908608,-1.7137856878313755,-2.329563616270562,0.6157779284391864
2022-06-02,2382,6673503,530303579,79.4,80.2,78.9,79.1,-0.8,4445,78.97999999999988,77.22999999999999,78.81000000000003,86.07344632768348,90.9050199827866,56.58430389246103,45.90032413623119,85.86631631943705,78.81000000000003,71.75368368056301,-1.5190918391763404,-2.1674692608517176,0.6483774216753773
2022-06-06,2382,5790980,461285471,80.0,80.2,79.3,79.6,0.5,3647,79.45999999999988,77.73999999999998,78.51000000000002,82.97619047619034,87.39145506094648,60.509672748529184,48.1862084973508,84.86103141229536,78.51000000000002,72.15896858770468,-1.3093562957665341,-1.995846667834681,0.6864903720681468
2022-06-07,2382,5697497,454456398,79.5,80.2,78.8,80.0,0.4,3054,79.63999999999987,78.18999999999998,78.26500000000001,83.27922077922061,84.10961919436483,63.58277708143982,50.006123385175336,83.95473637350312,78.26500000000001,72.5752636264969,-1.0982033053939944,-1.8163179953465436,0.7181146899525492
2022-06-08,2382,4248224,342362260,80.1,81.3,80.1,80.2,0.2,2831,79.75999999999986,78.71,78.09500000000003,84.56127206127199,83.605561105561,65.16413425965757,50.934106563049276,83.32127018053579,78.09500000000003,72.86872981946426,-0.9043004974907944,-1.6339144957753937,0.7296139982845993
2022-06-09,2382,3914407,315074673,80.1,80.7,80.1,80.6,0.4,2172,79.89999999999986,79.19999999999999,77.97500000000002,85.34325151972206,84.39458145340491,68.36902021306081,52.8203288750771,82.84321322457868,77.97500000000002,73.10678677542137,-0.710168092467029,-1.4491652151137209,0.7389971226466918
2022-06-10,2382,3808540,305624625,79.6,80.9,79.1,80.4,-0.2,2638,80.15999999999985,79.56999999999998,77.89000000000003,80.04022121669182,83.31491493256198,64.88677800657933,51.74912806879281,82.52072348558613,77.89000000000003,73.25927651441393,-0.5659313866225659,-1.27251844941549,0.706587062792924
2022-06-13,2382,6720377,531395461,79.3,79.9,78.7,79.3,-1.1,3384,80.09999999999985,79.77999999999997,77.75000000000003,63.281979458449996,76.22181739828797,48.903966341292254,46.199607690008826,82.01825491271987,77.75000000000003,73.48174508728019,-0.5342253477230798,-1.124859829077008,0.5906344813539282
2022-06-14,2382,5337995,425299424,79.3,80.3,79.1,79.9,0.6,3422,80.07999999999986,79.85999999999997,77.92500000000004,49.908424908424955,64.4102085278556,55.827865211506044,49.38784397856412,82.24420131505238,77.92500000000004,73.6057986849477,-0.4554331480414646,-0.9909744928698994,0.5355413448284347
2022-06-15,2382,5238865,419612221,79.5,80.8,79.3,80.0,0.1,3500,80.03999999999986,79.89999999999996,78.15500000000003,41.575091575091555,51.58849864732218,56.96186381938676,49.920514119387846,82.40116297378637,78.15500000000003,73.90883702621369,-0.3805340383417217,-0.8688864019642638,0.4883523636225421
2022-06-16,2382,4913706,395684976,81.0,81.4,79.8,79.8,-0.2,3464,79.87999999999987,79.88999999999996,78.36000000000003,45.63152896486222,45.70501514945959,53.7425788611937,48.81398597229378,82.50699891487236,78.36000000000003,74.2130010851277,-0.3334702454049818,-0.7618031706524074,0.4283329252474256
2022-06-17,2382,10475203,841577356,78.5,81.0,78.5,81.0,1.2,3591,79.99999999999986,80.07999999999996,78.65500000000003,58.98254576415476,48.729722101369525,66.85518179742307,55.22665585301551,82.66971045032565,78.65500000000003,74.6402895496744,-0.19707017691715123,-0.6488565719053562,0.45178639498820494
2022-06-20,2382,5829329,461185407,80.0,80.2,78.5,78.9,-2.1,3487,79.91999999999987,80.00999999999996,78.87500000000003,46.91358024691343,50.509218325310144,42.34686104347972,44.677864336935215,82.40819968300052,78.87500000000003,75.34180031699954,-0.25547957993191517,-0.570181173510668,0.3147015935787528
2022-06-21,2382,6966376,559859720,80.8,80.8,79.1,80.6,1.7,2998,80.05999999999987,80.06999999999996,79.13000000000002,57.47126436781591,54.45579679296137,57.17412813911357,52.57509374495031,82.37659821966903,79.13000000000002,75.88340178033101,-0.16271794890437263,-0.4886885285894089,0.3259705796850363
2022-06-22,2382,5380335,428498394,80.4,80.8,79.0,79.4,-1.2,3041,79.93999999999987,79.98999999999995,79.35000000000004,39.080459770114864,47.821768128281406,47.18132369261917,47.42836822185107,81.98628526528333,79.35000000000004,76.71371473471675,-0.18391361748501822,-0.4277335463685308,0.24381992888351256
2022-06-23,2382,6760677,538950024,80.2,80.7,78.8,80.0,0.6,3255,79.97999999999988,79.92999999999995,79.56500000000003,51.72413793103431,49.4252873563217,52.06816960845434,50.06074297319858,81.61075169557677,79.56500000000003,77.51924830442329,-0.15056078098854186,-0.372298993292533,0.22173821230399116
2022-06-24,2382,3852531,309377798,80.7,80.7,79.8,80.4,0.4,2332,79.85999999999987,79.92999999999995,79.75000000000003,49.4252873563218,46.743295019156996,55.28584128216005,51.79372191431633,81.34561900212893,79.75000000000003,78.15438099787113,-0.09080501699855859,-0.31600019803373813,0.22519518103517955
2022-06-27,2382,4311357,348878690,80.9,81.2,80.4,80.8,0.4,2411,80.23999999999988,80.07999999999996,79.93000000000004,65.51724137931018,55.555555555555436,58.533441041828326,53.53034411351009,81.08602768130912,79.93000000000004,78.77397231869095,-0.011044176071948186,-0.25500899364138013,0.24396481756943195
2022-06-28,2382,3372385,273665542,81.3,81.8,80.6,80.9,0.1,2417,80.29999999999988,80.17999999999995,80.02000000000004,72.5182863113897,62.48693834900723,59.39363880366475,53.976723338634415,81.18378692205633,80.02000000000004,78.85621307794375,0.05954957879728795,-0.1920972791536465,0.25164685795093444
2022-06-29,2382,8156330,650181035,80.2,80.6,78.5,80.1,-0.8,3845,80.4399999999999,80.18999999999996,80.04500000000004,66.84082201323568,68.29211656797852,49.759496358542464,49.851149496395756,81.19299825781388,80.04500000000004,78.8970017421862,0.050361784705700074,-0.14360546638177718,0.19396725108747725
2022-06-30,2382,9191620,733225907,79.4,80.6,78.6,79.8,-0.3,5148,80.39999999999989,80.18999999999996,80.04000000000003,53.53535353535347,64.29815395332629,46.462249807916436,48.35847072246326,81.1913470371479,80.04000000000003,78.88865296285216,0.018657823127327333,-0.11115280847995627,0.12981063160728362
2022-07-01,2382,6833476,544164506,79.2,80.4,79.1,79.3,-0.5,4302,80.1799999999999,80.01999999999995,80.05000000000004,37.373737373737214,52.58330430744212,41.15906798103533,45.892077428945804,81.17160599140286,80.05000000000004,78.92839400859722,-0.04628012766059442,-0.0981782723160839,0.05189814465548949
2022-07-04,2382,6761595,538907026,79.5,80.4,79.1,79.2,-0.1,3855,79.85999999999989,80.04999999999995,80.03000000000004,28.282828282828202,39.73063973063963,40.09133277809642,45.39342560787517,81.19636186492156,80.03000000000004,78.86363813507853,-0.10460723864646582,-0.09946406558216028,-0.005143173064305534
2022-07-05,2382,5945681,475069772,80.5,81.2,79.2,79.5,0.3,3327,79.57999999999988,79.93999999999996,80.00500000000004,25.252525252525192,30.3030303030302,45.07802137533855,47.24536286966101,81.19407527093482,80.00500000000004,78.81592472906526,-0.12518138840864879,-0.10460753014745798,-0.020573858261190806
2022-07-06,2382,10783820,826570219,79.9,80.1,75.0,75.0,-4.5,7114,78.55999999999987,79.49999999999996,79.74500000000003,17.171717171717134,23.56902356902351,18.34925097892468,30.52332704815545,82.22409257591336,79.74500000000003,77.2659074240867,-0.49884852695839754,-0.1834557295096459,-0.31539279744875165
2022-07-07,2382,8552299,659167810,75.3,78.2,75.0,77.5,2.5,4642,78.09999999999988,79.24999999999996,79.59000000000005,22.355912061794346,21.59338482867889,41.017259489044974,42.664617596628084,82.21899220233561,79.59000000000005,76.96100779766448,-0.5864925981645257,-0.2640631032406219,-0.3224294949239038
2022-07-08,2382,10633960,816712770,76.8,78.2,75.8,76.2,-1.3,6195,77.47999999999988,78.82999999999996,79.38000000000004,18.137254901960727,19.221628045157402,35.10478074877867,38.86155047963904,82.36368899182618,79.38000000000004,76.3963110081739,-0.7521796328910995,-0.36168640917071737,-0.3904932237203821
2022-07-11,2382,4941384,383804628,77.4,78.5,76.8,78.0,1.8,3060,77.23999999999987,78.54999999999997,79.31500000000004,34.266287160025236,24.9198180412601,47.361686820722625,46.0344766664465,82.3588626775764,79.31500000000004,76.27113732242368,-0.7298298209772582,-0.4353150915320255,-0.2945147294452327
2022-07-12,2382,7534219,579361790,77.0,77.4,76.2,76.8,-1.2,4937,76.69999999999987,78.13999999999996,79.16000000000004,31.68880455407961,28.03078220535519,41.29537051067786,42.45815568605855,82.37956518802565,79.16000000000004,75.94043481197443,-0.7997286313470084,-0.5081977994950221,-0.29153083185198636
2022-07-13,2382,7898450,625252870,79.4,79.9,78.5,79.2,2.4,4238,77.53999999999988,78.04999999999997,79.12000000000003,48.38709677419345,38.11406282943276,54.803123192923955,50.706350856797876,82.31662321832756,79.12000000000003,75.9233767816725,-0.6539259485159477,-0.5373434292992072,-0.11658251921674045
2022-07-14,2382,6079396,487150840,79.3,80.7,79.1,80.3,1.1,3770,78.09999999999988,78.09999999999997,79.14500000000004,60.752688172042895,46.942863166771986,59.75480793194041,53.96354154318013,82.3701976683525,79.14500000000004,75.91980233164757,-0.4444916420412852,-0.5187730718476228,0.07428142980633756
2022-07-15,2382,5386866,431571576,80.1,80.7,79.7,79.7,-0.6,3477,78.79999999999987,78.13999999999997,79.08000000000004,76.34408602150528,61.827956989247205,55.86029507787119,51.94722901065414,82.20384378609822,79.08000000000004,75.95615621390186,-0.3232027507344526,-0.47965900762498875,0.15645625689053616
2022-07-18,2382,7850811,629724256,79.6,80.9,78.8,80.7,1.0,3301,79.33999999999988,78.28999999999998,79.17000000000004,85.9668306907234,74.35453496142385,60.82491264416571,54.96731090575142,82.3706874261542,79.17000000000004,75.96931257384588,-0.14472053958824915,-0.41267131401764084,0.2679507744293917
2022-07-19,2382,8415288,685638614,80.7,82.1,80.2,81.1,0.4,4755,80.19999999999986,78.44999999999997,79.19500000000004,86.11070468739162,82.80720713320676,62.77860339102006,56.15436716057343,82.44736836781284,79.19500000000004,75.94263163218723,0.028674019453234223,-0.32440224732346584,0.35307626677670007
2022-07-20,2382,8728693,710992596,81.5,82.0,80.8,81.1,0.0,4567,80.57999999999986,79.05999999999997,79.28000000000003,88.88421552541858,86.98725030117787,62.77860339102006,56.154367160573415,82.63654584356497,79.28000000000003,75.92345415643508,0.16419768799623569,-0.22668226025952554,0.3908799482557612
2022-07-21,2382,11261634,935615785,81.9,83.9,81.7,83.7,2.6,5904,81.25999999999985,79.67999999999998,79.46500000000003,89.14835816244256,88.04775945841759,74.17364468991929,63.422741610678344,83.3293369418252,79.46500000000003,75.60066305817486,0.4759134090712678,-0.08616312639336687,0.5620765354646347
2022-07-22,2382,8025295,665099271,83.3,83.6,82.4,83.0,-0.7,4138,81.91999999999986,80.35999999999999,79.59500000000003,89.94708994708981,89.32655454498365,67.66680111000795,60.514185043303215,83.74107042872575,79.59500000000003,75.4489295712743,0.6588711573885035,0.06284373036300722,0.5960274270254964
2022-07-25,2382,4717371,389155976,82.9,83.0,81.4,83.0,0.0,2287,82.37999999999985,80.85999999999999,79.70500000000003,89.68253968253953,89.59266259735729,67.66680111000795,60.51418504330323,84.08334443596591,79.70500000000003,75.32665556403414,0.7947056193762165,0.2092161081656491,0.5854895112105675
2022-07-26,2382,3817906,314797711,82.8,83.2,82.0,82.5,-0.5,2450,82.65999999999985,81.42999999999998,79.78500000000003,81.39801375095476,87.0092144601947,62.349183982512955,58.29936886431118,84.3039711218325,79.78500000000003,75.26602887816755,0.8521861167241269,0.33781010987734467,0.5143760068467822
2022-07-27,2382,6959785,578657011,82.5,83.6,82.2,83.4,0.9,2654,83.11999999999985,81.84999999999998,79.95000000000003,82.02614379084953,84.36889907478127,67.68251215183516,61.06193125103053,84.73602131210839,79.95000000000003,75.16397868789167,0.959304043515516,0.46210889660497895,0.49719514691053707
2022-07-28,2382,8329288,699336010,84.0,84.4,83.3,84.4,1.0,3764,83.25999999999985,82.25999999999998,80.18000000000004,87.58169934640512,83.66861896273646,72.69614145171144,63.92186345589924,85.34240254144828,80.18000000000004,75.01759745855179,1.1120681850926388,0.592100754302511,0.5199674307901279
2022-07-29,2382,12547087,1060733365,84.6,84.9,84.1,84.6,0.2,5117,83.57999999999986,82.74999999999997,80.44500000000004,94.60436656932261,88.07073656885909,73.64997468004583,64.48371750035788,85.93334219049353,80.44500000000004,74.95665780950654,1.2350364648457344,0.7206878964111556,0.5143485684345788
2022-08-01,2382,18807054,1470261779,78.8,78.9,77.0,78.4,0.0,8403,82.65999999999985,82.51999999999997,80.40500000000004,70.44618008797903,84.21074866790225,32.53886054997126,42.426089953415065,85.94051262305021,80.40500000000004,74.86948737694988,0.822717749953199,0.7410938671195643,0.08162388283363475
2022-08-02,2382,8200695,641817717,78.1,78.7,77.7,78.7,0.3,5284,81.89999999999985,82.27999999999997,80.36500000000004,44.28584253523642,69.77879639751269,34.59969347065457,43.434357310366565,85.93753084333807,80.36500000000004,74.79246915666201,0.5142319448384995,0.6957214826633513,-0.18148953782485178
2022-08-03,2382,7873306,615923290,78.9,78.9,77.8,78.5,-0.2,4427,80.91999999999985,82.01999999999997,80.54000000000005,19.40928270042188,44.713768441212444,33.79668749423959,42.89503249003173,85.62621666859997,80.54000000000005,75.45378333140013,0.25072617792710616,0.6067224217161022,-0.3559962437889961
2022-08-04,2382,6134676,481586493,78.7,79.3,78.0,78.3,-0.2,4289,79.69999999999985,81.47999999999996,80.58000000000004,18.987341772151805,27.560822335936706,32.90571429896742,42.32900213562346,85.58183966155957,80.58000000000004,75.57816033844051,0.025464096410459547,0.4904707566549737,-0.46500666024451415
2022-08-05,2382,6011115,474826193,79.2,79.3,78.6,79.1,0.8,3313,78.59999999999987,81.08999999999996,80.72500000000004,20.675105485231935,19.690576652601877,40.255809505582576,45.43087764755185,85.36563573230556,80.72500000000004,76.08436426769451,-0.08749581470839018,0.3748774423823009,-0.4623732570906911
2022-08-08,2382,5400404,426640963,78.9,79.7,78.4,79.7,0.6,3112,78.85999999999987,80.75999999999996,80.81000000000003,25.738396624472447,21.800281293952064,45.48167237276179,47.702788959971386,85.3079550909221,80.81000000000003,76.31204490907795,-0.12713681840881463,0.27447459022407783,-0.40161140863289246
2022-08-09,2382,4253137,340795631,79.6,80.6,79.0,80.5,0.8,3310,79.21999999999987,80.55999999999997,80.99500000000003,35.02109704641338,27.14486638537259,52.01127915047724,50.65284293887474,85.1057055355441,80.99500000000003,76.88429446445596,-0.09292806839167156,0.20099405850092794,-0.2939221268925995
2022-08-10,2382,5643952,458210042,79.9,81.6,79.9,81.5,1.0,3219,79.81999999999987,80.36999999999998,81.11000000000004,45.147679324894405,35.30239099859341,59.1468238671449,54.13559004986199,85.14132732483257,81.11000000000004,77.07867267516751,0.01470474792822074,0.1637361963863865,-0.14903144845816577
2022-08-11,2382,6219426,506364386,82.0,82.0,80.9,81.3,-0.2,4350,80.41999999999987,80.05999999999997,81.16000000000004,62.42194092826991,47.53023909985924,57.16354450127229,53.32499250288579,85.17467308755609,81.16000000000004,77.14532691244399,0.08291046159277471,0.14757104942766414,-0.06466058783488943
2022-08-12,2382,5036039,408463200,81.6,82.0,80.8,80.9,-0.4,3039,80.77999999999986,79.68999999999997,81.22000000000004,72.46020998920608,60.00994341412346,53.01560005036949,51.65896268214314,85.18111095526814,81.22000000000004,77.25888904473194,0.10349430606963494,0.1387557007560583,-0.035261394686423364
2022-08-15,2382,18091675,1413889832,80.8,80.8,77.7,77.8,-3.1,11551,80.39999999999986,79.62999999999997,81.07500000000003,54.24806201550376,63.04340431099325,32.012544849366726,40.974513080170624,85.3048345121239,81.07500000000003,76.84516548787616,-0.12885161983673754,0.08523423663749913,-0.21408585647423667
2022-08-16,2382,14420786,1121885862,77.2,78.5,76.0,78.4,0.6,8841,79.97999999999986,79.59999999999995,80.94000000000004,38.914728682170484,55.20766689562677,37.59510953458013,43.41395269314059,85.32743660922281,80.94000000000004,76.55256339077727,-0.26155738378234616,0.01587591255353006,-0.2774332963358762
2022-08-17,2382,9343208,727653168,78.2,78.3,77.7,77.8,-0.6,4947,79.23999999999987,79.52999999999994,80.77500000000005,24.108527131782832,39.09043927648569,34.308462788726665,41.56403307286835,85.36928993424887,80.77500000000005,76.18071006575123,-0.4104116730983378,-0.06938160457684352,-0.3410300685214943
2022-08-18,2382,5814292,455665641,78.0,79.0,77.6,79.0,1.2,3261,78.77999999999986,79.59999999999995,80.54000000000005,39.99999999999993,34.341085271317745,45.4382476337742,46.476324645349855,84.99034830096947,80.54000000000005,76.08965169903063,-0.4266318522137311,-0.14083165410422105,-0.2858001981095101
2022-08-19,2382,5660083,446995511,78.5,79.8,78.3,79.8,0.8,2986,78.55999999999986,79.66999999999994,80.38000000000004,47.77777777777766,37.29543496985347,51.79098799493802,49.5227663515202,84.69304996492612,80.38000000000004,76.06695003507396,-0.3706604044868982,-0.18679740418075647,-0.18386300030614172
2022-08-22,2382,5386416,426732641,78.8,79.6,78.5,79.5,-0.3,3204,78.89999999999986,79.64999999999995,80.20500000000004,57.222222222222115,48.33333333333323,49.28067705369703,48.41001504428912,84.35974427611943,80.20500000000004,76.05025572388065,-0.3465157043648759,-0.21874106421758036,-0.12777464014729553
2022-08-23,2382,4378156,344042778,79.2,79.2,78.2,78.3,-1.2,2353,78.87999999999987,79.42999999999994,79.99500000000003,53.33333333333321,52.77777777777766,40.189967899311625,44.137840640178744,84.08864141076742,79.99500000000003,75.90135858923264,-0.41937651533065434,-0.2588681544401952,-0.16050836089045917
2022-08-24,2382,3706460,290427623,78.4,78.8,78.1,78.4,0.1,2026,78.99999999999986,79.11999999999993,79.74500000000003,45.555555555555486,52.03703703703693,41.2437259098822,44.576784433702635,83.57878403146971,79.74500000000003,75.91121596853036,-0.4637047687616018,-0.2998354773044765,-0.1638692914571253
2022-08-25,2382,3216363,253101614,78.7,79.0,78.1,79.0,0.6,1659,78.99999999999986,78.88999999999994,79.47500000000004,46.94444444444438,48.61111111111102,47.69450553608121,47.25478223860076,82.66615966381322,79.47500000000004,76.28384033618686,-0.4452872491560811,-0.32892583167479744,-0.11636141748128365
2022-08-26,2382,6155425,486109584,79.0,79.2,78.7,79.0,0.0,3018,78.83999999999986,78.69999999999995,79.19500000000004,60.48245614035085,50.99415204678357,47.69450553608121,47.25478223860077,81.35414334863353,79.19500000000004,77.03585665136654,-0.4257830699875882,-0.3482972793373556,-0.07748579065023259
2022-08-29,2382,5700489,445649664,77.7,78.7,77.5,78.3,-0.7,2977,78.59999999999987,78.74999999999994,79.19000000000003,58.743325705568175,55.39007543012113,40.61386360792315,44.3549257197749,81.35693331691485,79.19000000000003,77.0230666830852,-0.4614902450551597,-0.3709358724809164,-0.09055437257424326
2022-08-30,2382,4788737,375364331,78.0,79.1,77.7,78.6,0.3,2912,78.65999999999985,78.76999999999995,79.18500000000003,53.85202135774202,57.69260106788701,44.71743920300917,45.887550473775974,81.35688857908293,79.18500000000003,77.01311142091713,-0.4602751799935021,-0.38880373398343354,-0.07147144601006855
2022-08-31,2382,7206876,568980564,78.4,79.3,78.2,79.3,0.7,2526,78.83999999999986,78.91999999999994,79.22500000000002,53.62318840579692,55.40617848970237,53.46998063241304,49.39026422872257,81.3743022123371,79.22500000000002,77.07569778766295,-0.3982374489053768,-0.3906904769678222,-0.007546971937554603
2022-09-01,2382,6050600,472003957,78.2,78.8,77.5,78.1,-1.2,3715,78.65999999999985,78.82999999999996,79.21500000000002,51.55279503105567,53.009334931531534,40.61070405168711,44.11806514694449,81.38320202009832,79.21500000000002,77.04679797990171,-0.44082056615650345,-0.4007164948055585,-0.04010407135094496
2022-09-02,2382,3274918,255590781,78.3,78.5,77.7,77.9,-0.2,1829,78.43999999999986,78.63999999999996,79.15500000000003,43.01817345295601,49.39805229660286,38.79646621785613,43.288676300803395,81.39774385518146,79.15500000000003,76.9122561448186,-0.4851142270665747,-0.41759604125776173,-0.06751818580881297
2022-09-05,2382,7508380,594286004,78.3,79.8,78.2,79.2,1.3,4307,78.61999999999985,78.60999999999996,79.13000000000002,41.568898090637255,45.37995552488297,54.28399478687791,49.883732377396406,81.35899080302231,79.13000000000002,76.90100919697774,-0.410585166787385,-0.4161938663636864,0.00560869957630139
2022-09-06,2382,6248078,496780550,79.7,80.0,79.1,79.5,0.3,3437,78.79999999999984,78.72999999999996,79.08000000000003,58.711755233494465,47.766275592362575,57.199910658858656,51.291452986667316,81.22718420261464,79.08000000000003,76.93281579738542,-0.3235827957220607,-0.3976716522353613,0.07408885651330055
2022-09-07,2382,5772890,456654912,79.0,79.6,78.2,79.3,-0.2,4008,78.79999999999984,78.81999999999996,78.97000000000003,75.3043478260869,58.52833371673953,54.49638828841087,50.27752968384068,80.81401735348632,78.97000000000003,77.12598264651373,-0.26768540761422344,-0.3716744033111337,0.10398899569691028
2022-09-08,2382,4121508,327687197,79.7,79.8,78.8,79.8,0.5,2558,79.13999999999984,78.89999999999995,78.89500000000002,81.33333333333316,71.78314546430484,60.009293129028165,52.79009807979145,80.45381365145279,78.89500000000002,77.33618634854726,-0.1809545718304264,-0.33353043701499224,0.15257586518456584
2022-09-12,2382,6667875,536596663,81.0,81.4,79.4,80.8,1.0,4007,79.71999999999983,79.07999999999996,78.89000000000001,82.87179487179463,79.8364920104049,68.82279642581413,57.4239797388555,80.42349274532415,78.89000000000001,77.35650725467588,-0.03116882217838679,-0.27305811404767116,0.24188929186928437
2022-09-13,2382,7129341,575759492,81.1,81.3,80.3,80.7,-0.1,3424,80.01999999999984,79.31999999999996,79.03500000000003,86.222222222222,83.47578347578326,67.09758173280437,56.82332738317923,80.67362747443062,79.03500000000003,77.39637252556943,0.07856267765929204,-0.2027339557062785,0.28129663336557054
2022-09-14,2382,7743621,615554300,79.5,80.0,79.1,79.2,-1.5,4837,79.95999999999984,79.37999999999997,79.07500000000002,70.08547008546991,79.72649572649551,46.638260353281,48.60980057971832,80.68853648857556,79.07500000000002,77.46146351142447,0.0439812296385611,-0.15339091863731058,0.19737214827587168
2022-09-15,2382,7980042,633678891,79.2,80.1,78.3,79.6,0.4,3543,80.01999999999983,79.40999999999997,79.16500000000002,58.997458997458786,71.76838376838357,51.26174922330651,50.65800427226653,80.68193770470783,79.16500000000002,77.6480622952922,0.04829512387145485,-0.11305371013555748,0.16134883400701233
2022-09-16,2382,12999036,1032880908,79.0,79.9,78.6,79.5,-0.1,4125,79.95999999999982,79.54999999999997,79.19000000000003,45.188698313698076,58.090542465542256,49.99823166978377,50.12019254921432,80.71170956491643,79.19000000000003,77.66829043508362,0.043147375776186436,-0.0818134929532087,0.12496086872939513
2022-09-19,2382,7073208,564918927,79.6,80.3,79.6,79.7,0.2,3885,79.73999999999981,79.72999999999998,79.18500000000003,46.28378378378354,50.1566470316468,52.71757703030071,51.235264120625025,80.69929851745256,79.18500000000003,77.6707014825475,0.05457694777247468,-0.05453540480807202,0.1091123525805467
2022-09-20,2382,8051458,639907602,79.8,80.1,79.2,79.3,-0.4,3357,79.45999999999982,79.73999999999997,79.17500000000003,40.62499999999977,44.032494032493794,46.78113121606444,48.88163319327668,80.68347605216769,79.17500000000003,77.66652394783236,0.03100094921944674,-0.03742813400256827,0.068429083222015
2022-09-21,2382,9914853,781052615,79.3,79.8,78.1,78.6,-0.7,4622,79.33999999999983,79.64999999999996,79.19000000000003,32.13383838383818,39.680874055873836,38.036255180299285,44.98689611774378,80.6690537515444,79.19000000000003,77.71094624845566,-0.04366401772915651,-0.03867531074788592,-0.004988706981270595
2022-09-22,2382,10970994,852150092,78.0,79.0,76.6,79.0,0.4,6664,79.21999999999983,79.61999999999998,79.22000000000001,33.17550505050486,35.31144781144761,44.90256028610138,47.55821837710514,80.6574978260751,79.22000000000001,77.78250217392493,-0.06975578365494073,-0.04489140532929688,-0.02486437832564385
2022-09-23,2382,4579413,354744122,78.3,78.4,77.1,77.3,-1.7,3071,78.77999999999983,79.36999999999998,79.13500000000002,26.68171072426381,30.66368471953562,28.979842890314618,39.177190863577756,80.79785898378684,79.13500000000002,77.4721410162132,-0.2250156483129757,-0.08091625392603265,-0.14409939438694308
2022-09-26,2382,6421782,492328609,76.3,77.2,76.1,76.5,-0.8,3325,78.13999999999983,78.93999999999997,79.01000000000002,24.80580884836199,28.221008207710224,24.257295574880754,35.96516186253401,81.03178139272342,79.01000000000002,76.98821860727662,-0.4079113753434882,-0.14631527820952378,-0.2615960971339644
2022-09-27,2382,6308996,483892242,76.3,77.6,75.9,77.0,0.5,3170,77.67999999999982,78.56999999999996,78.94500000000002,16.47247551502863,22.653331695884813,32.30155042026299,39.3140381611795,81.13084079931835,78.94500000000002,76.7591592006817,-0.5066711458050719,-0.2183864517286334,-0.2882846940764385
2022-09-28,2382,7276124,561380833,77.0,77.7,76.3,77.7,0.7,3341,77.49999999999983,78.41999999999997,78.90000000000002,25.144300144300058,22.140861502563563,42.309088260037456,43.74933953334865,81.14855509160168,78.90000000000002,76.65144490839836,-0.5224325483512757,-0.2791956710531619,-0.24323687729811383
2022-09-29,2382,8138613,629675275,78.0,78.3,76.7,78.2,0.5,4155,77.33999999999983,78.27999999999997,78.84500000000003,39.39393939393928,27.003571684422656,48.63644533719732,46.743428802987616,81.10550879227655,78.84500000000003,76.5844912077235,-0.488941538399132,-0.3211448445223559,-0.1677966938767761
2022-09-30,2382,7387932,568937176,78.2,78.2,76.4,77.0,-1.2,2811,77.27999999999983,78.02999999999997,78.79000000000003,39.79076479076468,34.77633477633467,37.2095672883947,41.09048908362129,81.17067217397884,78.79000000000003,76.40932782602123,-0.5528566555204009,-0.3674872067219649,-0.18536944879843598
2022-10-03,2382,6585205,493599286,76.2,76.3,74.1,74.2,-2.8,4203,76.81999999999982,77.47999999999998,78.60500000000003,26.739196476038515,35.30796688691416,22.694685367303855,31.51378912075613,81.70111046313893,78.60500000000003,75.50888953686113,-0.8199940645980774,-0.4579885782971874,-0.36200548630089
2022-10-04,2382,7456546,565046387,75.2,76.6,74.9,76.2,2.0,3525,76.65999999999983,77.16999999999999,78.45500000000003,23.60066833751041,30.04354320143787,41.65947318227427,41.925390182196374,81.70798324618569,78.45500000000003,75.20201675381436,-0.8604009342219143,-0.5384710494821328,-0.32192988473978157
2022-10-05,2382,7128108,546424018,77.4,77.4,76.2,76.2,0.0,4081,76.35999999999981,76.92999999999998,78.29000000000003,31.149579374793586,27.163148062780838,41.65947318227427,41.925390182196374,81.6473203600426,78.29000000000003,74.93267963995747,-0.8822535992067344,-0.6072275594270531,-0.2750260397796813
2022-10-06,2382,8804563,673590799,77.0,77.9,75.9,76.0,-0.2,3939,75.91999999999982,76.62999999999998,78.12500000000003,45.64414913252122,33.464798948275075,40.31336109545436,41.198999250379764,81.59018397779394,78.12500000000003,74.65981602220612,-0.9052748769104397,-0.6668370229237304,-0.23843785398670936
2022-10-07,2382,6417320,482307540,76.4,76.4,74.7,74.8,-1.2,3980,75.47999999999982,76.37999999999998,77.87500000000003,36.913990402362465,37.902572969892425,32.87703907582069,37.05108160553321,81.53662532217065,77.87500000000003,74.2133746778294,-1.008721463408662,-0.7352139110207168,-0.27350755238794533
2022-10-11,2382,10950620,801602142,74.5,74.6,72.6,73.0,-1.8,6961,75.23999999999982,76.02999999999999,77.48500000000004,22.974101921470325,35.17741381878467,24.85393555344736,31.868142040605647,81.46508793872127,77.48500000000004,73.50491206127882,-1.2218637011105784,-0.832543869038689,-0.38931983207188936
2022-10-12,2382,6588049,483214841,73.0,73.9,72.5,73.8,0.8,3095,74.75999999999983,75.70999999999998,77.14000000000003,15.366001209921293,25.084697844584696,33.2945711353692,36.14359271140001,81.14169963889827,77.14000000000003,73.13830036110178,-1.3111134463059813,-0.9282577844921475,-0.3828556618138338
2022-10-13,2382,6834417,497035960,73.8,73.9,72.2,72.5,-1.3,4454,74.01999999999984,75.18999999999997,76.80500000000004,11.47711232103237,16.60573848414133,27.449347963613597,32.56716337075168,81.16641032235634,76.80500000000004,72.44358967764373,-1.469800700276096,-1.0365663676489372,-0.4332343326271588
2022-10-14,2382,6071318,441855201,73.5,73.7,72.4,72.5,0.0,3754,73.31999999999984,74.61999999999998,76.45000000000003,10.892316999394893,12.578476843449522,27.44934796361359,32.56716337075168,80.99554727177713,76.45000000000003,71.90445272822294,-1.5773784553777404,-1.144728785194698,-0.43264967018304246
2022-10-17,2382,11638237,830733878,71.4,72.6,69.5,71.3,-1.2,5425,72.61999999999983,74.04999999999997,76.04000000000003,10.56390977443594,10.977779698287739,22.488839545840364,29.447718967845717,80.88082637572936,76.04000000000003,71.19917362427071,-1.7394136942137663,-1.2636657669985116,-0.4757479272152547
2022-10-18,2382,12864186,906375670,71.6,72.3,69.7,70.7,-0.6,8288,72.15999999999983,73.69999999999996,75.59000000000003,13.659147869674058,11.7051248811683,20.344212244276015,28.00340109490684,80.65434595974253,75.59000000000003,70.52565404025754,-1.8944052494931185,-1.389813663497433,-0.5045915859956855
2022-10-19,2382,8402703,596114104,70.6,71.5,70.1,70.6,-0.1,3788,71.51999999999983,73.13999999999996,75.15500000000003,16.269841269841134,13.497632971317046,19.97383710528543,27.75903055205014,80.3624849975743,75.15500000000003,69.94751500242576,-2.0022259238630653,-1.5122961155705594,-0.4899298082925059
2022-10-20,2382,11107761,772800154,69.6,70.3,68.7,70.0,-0.6,4553,71.01999999999983,72.51999999999995,74.72500000000004,14.75468975468962,14.894559631401606,17.716128855878278,26.2773467975576,80.13974837826821,74.72500000000004,69.31025162173187,-2.1117466696074416,-1.6321862263779359,-0.47956044322950575
2022-10-21,2382,5636405,391565919,70.1,70.2,68.8,68.8,-1.2,3461,70.27999999999983,71.79999999999995,74.21500000000003,10.557756744197247,13.860762589576003,14.018760515641427,23.56786551800599,79.84039776371075,74.21500000000003,68.58960223628931,-2.2692145283005374,-1.7595918867624563,-0.5096226415380811
2022-10-24,2382,4603601,319402906,69.5,69.8,69.0,69.3,0.5,2779,69.87999999999982,71.24999999999996,73.81500000000003,10.038831225271716,11.783759241386198,21.938258812563276,26.94782306855877,79.64021244247503,73.81500000000003,67.98978755752502,-2.3268407477518167,-1.8730416589603283,-0.45379908879148845
2022-10-25,2382,7199917,494063401,69.8,69.8,67.8,68.8,-0.5,3655,69.49999999999983,70.82999999999996,73.43000000000004,9.875606471883033,10.157398147117334,19.80955393965348,25.722816383137136,79.5068741964896,73.43000000000004,67.35312580351047,-2.3853588313931198,-1.9755050934468865,-0.40985373794623325
2022-10-26,2382,5854699,399374134,69.2,69.2,68.0,68.3,-0.5,3882,69.03999999999984,70.27999999999994,72.99500000000003,12.135493477532782,10.683310391562513,17.79508675208944,24.522319593071458,79.23085599576847,72.99500000000003,66.7591440042316,-2.4439087962813915,-2.0691858340137874,-0.37472296226760404
2022-10-27,2382,6179947,422652911,68.7,69.3,68.0,68.1,-0.2,3289,68.65999999999983,69.83999999999995,72.51500000000001,10.372672964712288,10.794590971376037,16.988861213925635,24.039033647534364,78.70604999172009,72.51500000000001,66.32395000827994,-2.477884879355898,-2.1509256430822097,-0.32695923627368817
2022-10-28,2382,4542266,308652285,68.5,68.6,67.5,67.7,-0.4,3007,68.43999999999983,69.35999999999996,71.99000000000002,6.297080979284265,9.60174914050978,15.364604697769577,23.060175187381773,77.93975629752751,71.99000000000002,66.04024370247254,-2.5081751452478187,-2.2223755435153314,-0.2857996017324873
2022-10-31,2382,4897543,332836980,68.0,68.4,66.8,68.4,0.7,2472,68.25999999999983,69.06999999999996,71.56000000000003,14.81973995271863,10.496497965571729,29.187129743663725,28.54377431303258,77.23605496801818,71.56000000000003,65.88394503198188,-2.447483186670283,-2.2673970721463217,-0.18008611452396117
2022-11-01,2382,10158750,682115183,67.8,68.0,66.7,67.0,-1.4,7915,67.89999999999984,68.69999999999996,71.20000000000002,15.514184397163072,12.21033510972199,21.133608592645903,24.745203596955673,77.07060473886388,71.20000000000002,65.32939526113616,-2.4837218722671395,-2.310662032170485,-0.17305984009665432
2022-11-02,2382,7886709,528637477,67.1,67.5,66.3,67.3,0.3,4982,67.69999999999983,68.36999999999995,70.75500000000002,22.672304055282698,17.668742801721468,26.22288558414368,26.987454508475572,76.38650956671178,70.75500000000002,65.12349043328827,-2.4598778581647736,-2.340505197369343,-0.11937266079543063
2022-11-03,2382,6090812,406781930,66.8,67.1,66.6,66.8,-0.5,3575,67.43999999999984,68.04999999999994,70.28500000000001,16.08669108669095,18.09105984637891,23.29937943231354,25.6174579113222,75.57925159961013,70.28500000000001,64.99074840038989,-2.453049894316308,-2.363014136758736,-0.0900357575575721
2022-11-04,2382,5910638,392761242,66.5,66.8,66.2,66.7,-0.1,4027,67.23999999999984,67.83999999999995,69.82000000000002,17.938542938542835,18.899179360172166,22.708645990365486,25.340390436700567,74.63688696151046,69.82000000000002,65.00311303848959,-2.427722573417185,-2.375955824090426,-0.051766749326759065
2022-11-07,2382,7374108,497806694,67.3,67.9,66.9,67.9,1.2,4237,67.13999999999983,67.69999999999996,69.47500000000002,27.67110428400748,20.56544610308043,42.95658267688602,34.49592603754925,73.77656948101155,69.47500000000002,65.1734305189885,-2.284486380992888,-2.3576619354709183,0.07317555447803015
2022-11-08,2382,9783653,670171882,68.2,69.2,67.9,68.1,0.2,5785,67.35999999999983,67.62999999999997,69.23000000000002,43.33930704898438,29.649651423844904,45.72144599916993,35.90665763644287,73.2495024567693,69.23000000000002,65.21049754323073,-2.130275844124924,-2.3121847172017196,0.1819088730767957
2022-11-09,2382,6259813,431694685,68.7,69.2,68.6,69.1,1.0,4414,67.71999999999983,67.70999999999997,68.99500000000002,70.93189964157688,47.31410365818959,57.685409266722644,42.56694116618321,72.4245626543296,68.99500000000002,65.56543734567043,-1.9054068953637113,-2.2308291528341178,0.32542225747040643
2022-11-10,2382,6711300,458419133,69.1,69.1,67.8,68.1,-1.0,4131,67.97999999999982,67.70999999999997,68.775,73.76344086021471,62.67821585025866,45.88570765627703,38.2827609394904,71.81991379187996,68.775,65.73008620812006,-1.7872855606321139,-2.142120434393717,0.35483487376160294
2022-11-11,2382,11502960,807073421,69.4,70.7,69.4,70.5,2.4,6887,68.73999999999981,67.98999999999997,68.67500000000001,85.18518518518488,76.62684189565883,65.59250739788504,51.02313541273944,71.33046606078406,68.67500000000001,66.01953393921596,-1.4829194372882029,-2.010280234972614,0.5273607976844112
2022-11-14,2382,20385015,1483800519,71.5,73.8,70.8,73.0,2.5,11877,69.7599999999998,68.44999999999996,68.76000000000002,82.78752436647153,80.57871680395705,76.14843758884876,60.232289551574034,71.82359266221357,68.76000000000002,65.69640733778647,-1.0281263841009292,-1.813849464798277,0.7857230806973479
2022-11-15,2382,10825098,782835419,73.0,73.0,71.7,72.4,-0.6,7055,70.6199999999998,68.98999999999997,68.84500000000001,88.8693957115009,85.6140350877191,70.12461713557914,57.44074384202855,72.19968329354214,68.84500000000001,65.49031670645789,-0.7079537483091798,-1.5926703215004576,0.8847165731912778
2022-11-16,2382,9364622,670463017,72.1,72.2,71.3,71.3,-1.1,5526,71.0599999999998,69.38999999999996,68.88000000000002,79.38596491228064,83.68096166341769,59.97660206152625,52.6253025201501,72.3206976036798,68.88000000000002,65.43930239632024,-0.5367876804004368,-1.3814937932804534,0.8447061128800166
2022-11-17,2382,10391365,732031011,71.0,71.1,69.7,70.9,-0.4,5897,71.6199999999998,69.79999999999997,68.92500000000003,68.88507500635644,79.04681187671265,56.5073967962379,50.95254157034441,72.44572435728253,68.92500000000003,65.40427564271752,-0.4284748046269158,-1.1908899955497458,0.76241519092283
2022-11-18,2382,7940854,566578968,71.1,72.1,70.8,71.5,0.6,4534,71.8199999999998,70.27999999999996,69.06000000000003,62.247648105771624,70.17289600813623,60.50523924924517,53.347983457206126,72.75399512722473,69.06000000000003,65.36600487277533,-0.2908681378000608,-1.0108856239998087,0.7200174861997479
2022-11-21,2382,4660302,329449805,71.6,71.6,70.3,70.5,-1.0,3630,71.3199999999998,70.53999999999996,69.12000000000003,54.87922705314008,62.00398338842272,51.33072265573412,49.04839065880926,72.86625145978711,69.12000000000003,65.37374854021296,-0.259513989855364,-0.8606112971709198,0.6010973073155558
2022-11-22,2382,5309787,372565294,70.6,70.7,69.6,70.6,0.1,3480,70.95999999999981,70.78999999999996,69.21000000000002,51.11111111111105,56.07932875667425,52.17673408249131,49.486819100555905,73.00731484077431,69.21000000000002,65.41268515922573,-0.22401414186616364,-0.7332918661099685,0.5092777242438049
2022-11-23,2382,4796290,340044179,70.9,71.2,70.6,70.7,0.1,3071,70.8399999999998,70.94999999999996,69.33000000000003,40.40404040404032,48.79812618943049,53.12731255625185,49.95061218326909,73.15627756441741,69.33000000000003,65.50372243558265,-0.18567079495876726,-0.6237676518797283,0.438096856920961
2022-11-24,2382,7414391,533502725,71.4,72.3,71.3,72.1,1.4,4779,71.07999999999981,71.34999999999997,69.53000000000003,45.24531024531013,45.5868205868205,64.61520284969528,56.03650721097221,73.49388698122993,69.53000000000003,65.56611301877012,-0.04183289302325477,-0.5073807001084336,0.46554780708517884
2022-11-25,2382,7441387,530684351,72.3,72.3,71.0,71.0,-1.1,4342,70.97999999999982,71.39999999999996,69.69500000000002,43.415244885833054,43.02153184506117,52.7616122813902,50.808770507552346,73.61493622396694,69.69500000000002,65.77506377603311,-0.01641193973446775,-0.4091869480336404,0.39277500829917267
2022-11-28,2382,6094169,430201498,70.3,71.0,70.3,70.5,-0.5,3563,70.97999999999982,71.14999999999996,69.80000000000003,44.67787114845938,44.446142093200855,48.083846023953996,48.58980863668085,73.68793004051842,69.80000000000003,65.91206995948163,-0.03619424767363455,-0.33458840796163924,0.2983941602880047
2022-11-29,2382,3951175,281636068,71.0,71.6,70.5,71.5,1.0,2858,71.15999999999981,71.05999999999997,70.02500000000002,48.29339143064639,45.46216915497961,56.982807163111524,53.0099088919454,73.7564206409854,70.02500000000002,66.29357935901464,0.028491342945812903,-0.2619724577801488,0.29046380072596173
2022-11-30,2382,8518130,609845072,71.5,71.9,71.1,71.6,0.1,3208,71.3399999999998,71.08999999999997,70.24000000000002,59.25925925925926,50.74350727945501,57.82619317277016,53.44100212627645,73.8106582026246,70.24000000000002,66.66934179737545,0.0868234570442894,-0.19221327481526118,0.2790367318595506
2022-12-01,2382,6534912,471565480,72.3,72.5,71.8,72.2,0.6,3990,71.3599999999998,71.21999999999998,70.51000000000002,78.0332056194125,61.861952103106056,62.91566651644028,56.04652035570186,73.80539072038009,70.51000000000002,67.21460927961995,0.17939906259671545,-0.11789080733286585,0.2972898699295813
2022-12-02,2382,6231962,447296651,71.5,72.2,71.4,72.1,-0.1,3468,71.57999999999979,71.27999999999999,70.78000000000002,83.31204767986365,73.53483751951181,61.47318163480989,55.48916508146961,73.63839115587248,70.78000000000002,67.92160884412755,0.24190816594865794,-0.04593101267656109,0.287839178625219
2022-12-05,2382,8719389,635532076,71.9,73.6,71.7,73.6,1.5,6041,72.19999999999979,71.58999999999999,71.06500000000001,91.95402298850564,84.43309209592726,72.50494812249528,61.649819103898196,73.85374523755225,71.06500000000001,68.27625476244778,0.40778386611385997,0.04481196308152312,0.36297190303233684
2022-12-06,2382,7221486,523924246,73.0,73.0,72.2,72.5,-1.1,4426,72.39999999999979,71.77999999999999,71.28500000000001,84.2911877394635,86.51908613594428,58.2378548523657,55.57508435747434,73.78241866733822,71.28500000000001,68.7875813326618,0.4453470629257623,0.12491898305037095,0.32042807987539135
2022-12-07,2382,6673430,478005789,71.9,72.1,71.3,71.5,-1.0,4498,72.3799999999998,71.85999999999999,71.40500000000002,67.67676767676767,81.30732613491227,48.182233974580335,50.68550716019637,73.69277184176444,71.40500000000002,69.11722815823559,0.3899296580014493,0.17792111804058663,0.21200853996086266
2022-12-08,2382,6554530,468648794,71.3,72.3,70.7,71.9,0.4,4212,72.3199999999998,71.83999999999997,71.59500000000003,50.5050505050506,67.49100197376059,52.046200253190634,52.48626383456233,73.31369136262569,71.59500000000003,69.87630863737436,0.3739766523427903,0.21713222490102738,0.15684442744176294
2022-12-09,2382,5348306,387915465,72.4,72.7,72.0,72.5,0.6,3483,72.39999999999979,71.98999999999998,71.69500000000002,49.788204626914386,55.990007602910886,57.581577272841486,55.13284338301082,73.3796067790336,71.69500000000002,70.01039322096645,0.40507926440687925,0.25472163280219773,0.15035763160468152
2022-12-12,2382,5342810,385007030,72.3,72.6,71.3,72.5,0.0,3592,72.1799999999998,72.18999999999997,71.67000000000003,58.35664767811604,52.88330093669368,57.5815772728415,55.13284338301083,73.28999999998787,71.67000000000003,70.05000000001219,0.4248311198484629,0.28874353021145077,0.13608758963701212
2022-12-13,2382,5671665,408756619,72.5,72.6,71.7,72.1,-0.4,3265,72.0999999999998,72.24999999999997,71.65500000000002,58.28698553948823,55.47727928150622,52.122130222760596,52.85647736323767,73.25309261307657,71.65500000000002,70.05690738692346,0.4035560080736502,0.3117060257838907,0.09184998228975955
2022-12-14,2382,4633268,336403219,72.6,72.9,71.8,72.8,0.7,3018,72.3599999999998,72.36999999999998,71.73000000000002,60.91954022988494,59.18772448249641,59.88701357906753,56.260033231789365,73.39385095485387,71.73000000000002,70.06614904514616,0.4381290001808793,0.3369906206632884,0.10113837951759092
2022-12-15,2382,6080670,441638685,72.5,73.1,72.2,72.6,-0.2,3453,72.4999999999998,72.40999999999997,71.81500000000001,62.068965517241196,60.42516376220479,56.8155452523831,55.037429727479434,73.47424681707474,71.81500000000001,70.15575318292528,0.4442687632257929,0.35844624917578927,0.08582251405000363
2022-12-16,2382,30258948,2165806983,71.6,72.1,70.7,72.0,-0.6,13423,72.39999999999979,72.39999999999996,71.84,64.03256704980832,62.34035759897815,48.168891283037034,51.426814465164696,73.49456943038814,71.84,70.18543056961187,0.3961529791358913,0.36598759516780965,0.03016538396808166
2022-12-19,2382,22658217,1635379962,71.4,72.5,71.2,72.4,0.4,8979,72.3799999999998,72.27999999999996,71.93500000000002,63.50574712643678,63.202426564495426,53.65471658568619,53.611682039112665,73.4858384828754,71.93500000000002,70.38416151712464,0.38584969554254656,0.369960015242757,0.015889680299789544
2022-12-20,2382,26746532,1887651423,71.8,72.0,70.0,70.2,-2.2,11428,71.99999999999979,72.04999999999997,71.91500000000002,43.81720430107534,57.11850615910681,31.95363964766346,42.333069746048785,73.54260560332115,71.91500000000002,70.28739439667889,0.19788159933074212,0.33554433206035406,-0.13766273272961194
2022-12-21,2382,28422001,1995099347,69.8,70.5,69.3,70.5,0.3,12114,71.53999999999978,71.94999999999996,71.90500000000002,36.28796453499348,47.8703053208352,36.06741889775294,44.06126239369856,73.56448787279902,71.90500000000002,70.24551212720101,0.07228971085334024,0.2828934078189513,-0.21060369696561104
2022-12-22,2382,21467841,1539524601,70.9,71.9,70.7,71.9,1.4,7286,71.39999999999978,71.94999999999996,71.89500000000002,35.483870967741986,38.5296799346036,51.89953395588021,51.383451003891054,73.55207573754544,71.89500000000002,70.23792426245461,0.08474860494251857,0.24326444724366475,-0.15851584230114618
2022-12-23,2382,4353641,309296671,70.8,71.5,70.7,71.2,-0.7,2722,71.23999999999977,71.81999999999996,71.90500000000003,50.00000000000008,40.59061183424518,45.34867702217206,48.000259923560066,73.54265075640566,71.90500000000003,70.2673492435944,0.03770359484209962,0.20215227676335173,-0.16444868192125212
2022-12-26,2382,3186286,227810037,71.1,71.9,70.8,71.7,0.5,2181,71.09999999999977,71.73999999999998,71.96500000000003,60.52631578947379,48.67006225240528,50.55006376796377,50.506969129726265,73.47533108951534,71.96500000000003,70.45466891048473,0.04030133798460156,0.1697820890076017,-0.12948075102300013
2022-12-27,2382,3226126,231315682,71.9,71.9,71.3,71.7,0.0,1930,71.39999999999976,71.69999999999997,71.97500000000004,58.77192982456148,56.432748538011786,50.55006376796377,50.50696912972625,73.4754999166782,71.97500000000004,70.47450008332187,0.04187733232149071,0.1442011376703795,-0.1023238053488888
2022-12-28,2382,5406896,386712561,71.1,71.9,70.6,71.8,0.1,3454,71.65999999999977,71.59999999999998,71.98500000000004,68.1469298245614,62.48172514619889,51.79888178413313,51.05425855570756,73.47801707959074,71.98500000000004,70.49198292040934,0.05061205914017819,0.12548332196433926,-0.07487126282416107
2022-12-29,2382,5894461,421613158,71.1,72.0,71.0,71.7,-0.1,3341,71.61999999999976,71.50999999999998,71.96000000000004,72.094298245614,66.33771929824563,50.31639865879893,50.453432978031145,73.45452333536684,71.96000000000004,70.46547666463323,0.04890152249795676,0.11016696207106276,-0.061265439573106
2022-12-30,2382,6803399,492928686,71.6,72.9,71.5,72.3,0.6,3721,71.83999999999978,71.53999999999998,71.97000000000004,78.81944444444427,73.0202241715399,58.60872234949765,53.95479325459285,73.47079978676385,71.97000000000004,70.46920021323623,0.09486732401759923,0.10710703446037005,-0.012239710442770821
2023-01-03,2382,8341456,601942254,71.9,72.8,71.6,72.1,-0.2,4866,71.91999999999977,71.50999999999998,71.89500000000004,78.70370370370345,76.53914879792057,55.036491988711,52.61992955557271,73.19956889429146,71.89500000000004,70.59043110570862,0.11384489131626196,0.10845460583154844,0.005390285484713528
2023-01-04,2382,5772933,418743908,72.4,73.2,72.1,72.1,0.0,3213,71.99999999999977,71.69999999999997,71.87500000000003,72.9344729344726,76.81920702754012,55.036491988711,52.61992955557272,73.15386668576532,71.87500000000003,70.59613331423473,0.12741597804523508,0.11224688027428577,0.01516909777094931
2023-01-05,2382,6374794,456258050,72.3,72.6,71.1,71.2,-0.9,4900,71.87999999999977,71.76999999999998,71.86000000000004,52.84900284900266,68.1623931623929,40.075453457642475,46.60265988047056,73.16291979797388,71.86000000000004,70.5570802020262,0.06480169012012027,0.10275784224345266,-0.03795615212333239
2023-01-06,2382,3755689,269425077,71.6,72.0,71.2,71.8,0.6,1799,71.89999999999978,71.75999999999998,71.85500000000003,42.307692307692186,56.030389363722485,50.53403950786027,50.65396454511909,73.15803491893321,71.85500000000003,70.55196508106685,0.06286967889536754,0.09478020957383564,-0.031910530678468094
2023-01-09,2382,9534616,698165323,72.6,73.6,72.3,73.6,1.8,5689,72.15999999999977,71.99999999999997,71.91000000000003,56.41025641025635,50.52231718898374,69.29205837540526,60.3684944408072,73.39714491558784,71.91000000000003,70.4228550844122,0.20422927489995857,0.11667002263906022,0.08755925226089835
2023-01-10,2382,5276864,389180445,73.8,74.0,73.2,74.0,0.4,3507,72.53999999999976,72.22999999999998,71.98500000000003,82.05128205128192,60.25641025641016,72.04083238388849,62.15164769266893,73.71505780249093,71.98500000000003,70.25494219750912,0.3445625278961444,0.16224852369047704,0.18231400420566735
2023-01-11,2382,5051414,372272847,74.3,74.4,73.3,73.6,-0.4,4284,72.83999999999976,72.41999999999997,72.06000000000003,92.15686274509783,76.87280040221204,65.22883118803384,59.27930732035994,73.92804710860226,72.06000000000003,70.1919528913978,0.41867476283167093,0.21353377151871583,0.2051409913129551
2023-01-12,2382,4124872,303761033,74.0,74.0,73.3,73.5,-0.1,2181,73.29999999999976,72.58999999999997,72.09500000000003,83.0659536541887,85.75803281685616,63.478150047628745,58.55078863208606,74.04176654993766,72.09500000000003,70.14823345006239,0.46399147381727346,0.26362531197842737,0.2003661618388461
2023-01-13,2382,3632774,268793672,74.0,74.3,73.6,73.9,0.4,2467,73.71999999999976,72.80999999999997,72.16000000000004,78.01544860368367,84.41275500099007,67.54331687580499,60.63477552734056,74.25131537553654,72.16000000000004,70.06868462446354,0.5261171992468121,0.31612368943210434,0.20999350981470777
2023-01-16,2382,4836321,358747669,74.1,74.5,73.8,74.1,0.2,2777,73.81999999999975,72.98999999999998,72.26500000000003,81.93701723113469,81.00613982966904,69.52222511250841,61.67241120967597,74.5182421085979,72.26500000000003,70.01175789140215,0.5847499790078814,0.36984894734725976,0.21490103166062163
2023-01-17,2382,6016035,449851310,74.4,75.1,74.1,75.0,0.9,3650,74.01999999999975,73.27999999999997,72.39500000000002,90.19459298871054,83.38235294117631,76.91246313138642,66.01382917214102,74.9448823502192,72.39500000000002,69.84511764978085,0.6958183964388382,0.43504283716557546,0.2607755592732628
2023-01-30,2382,11733302,893503414,76.7,76.9,75.4,76.3,1.3,6675,74.55999999999975,73.69999999999996,72.70000000000002,91.73632610939096,87.95597877641207,83.60985375983067,71.10510620607087,75.56635657236983,72.70000000000002,69.83364342763021,0.8786119611332879,0.523756661959118,0.3548552991741699
2023-01-31,2382,9043483,682383049,76.3,76.4,74.7,74.7,-1.6,6337,74.79999999999976,74.04999999999997,72.91000000000003,79.71586575133476,87.2155949498121,59.02420813582573,59.325580521159715,75.7156371825242,72.91000000000003,70.10436281747585,0.8841782928895299,0.5958409881452004,0.2883373047443295
2023-02-01,2382,4128655,312867304,76.0,76.1,75.2,75.9,1.2,2226,75.19999999999975,74.45999999999997,73.11000000000003,71.54019007565904,80.9974606454616,67.40957749781803,64.12574239528635,76.15886864262163,73.11000000000003,70.06113135737843,0.9741897688479639,0.6715107442857531,0.30267902456221085
2023-02-02,2382,5435590,414746317,76.4,76.6,75.7,76.5,0.6,3272,75.67999999999975,74.74999999999997,73.37500000000003,71.34525830177991,74.20043804292457,70.8851488602689,66.26920441394941,76.6282291649924,73.37500000000003,70.12177083500765,1.0814729506519,0.7535031855589824,0.32796976509291764
2023-02-03,2382,3729219,283889178,76.5,76.8,75.5,76.1,-0.4,2745,75.89999999999975,74.95999999999997,73.59500000000001,79.87987987987965,74.25510941910619,65.45589076707145,63.54338764666553,76.95861412768538,73.59500000000001,70.23138587231465,1.1212934155905714,0.8270612315653002,0.2942321840252712
2023-02-06,2382,5381480,412029088,75.9,77.0,75.8,76.4,0.3,3125,75.91999999999976,75.23999999999997,73.83000000000001,83.00653594771224,78.07722470979058,67.62556945361439,64.7156190482379,77.28664577299561,73.83000000000001,70.37335422700441,1.1636451369460445,0.8943780126414491,0.26926712430459543
2023-02-07,2382,6063931,470368272,76.7,77.9,76.7,77.8,1.4,3919,76.53999999999976,75.66999999999996,74.13000000000002,85.89723152133463,82.92788244964215,75.87525969625256,69.62420264571675,77.86046913939231,74.13000000000002,70.39953086060774,1.2952466834559289,0.9745517468043451,0.3206949366515838
2023-02-08,2382,5842947,455096124,77.8,78.2,77.4,77.5,-0.3,4871,76.85999999999976,76.02999999999996,74.42000000000002,87.61358201817302,85.50578316240662,71.3310916531674,67.45855099777529,78.25019581744412,74.42000000000002,70.58980418255591,1.359661038317455,1.051573605106967,0.3080874332104879
2023-02-09,2382,2871704,222899866,77.7,78.0,77.5,77.5,0.0,2024,77.05999999999976,76.36999999999996,74.68000000000002,86.82926829268274,86.7800272773968,71.3310916531674,67.4585509977753,78.60407950989298,74.68000000000002,70.75592049010706,1.3946334127722935,1.1201855666400324,0.27444784613226103
2023-02-10,2382,6176751,479360450,77.1,78.2,76.8,77.6,0.1,4148,77.35999999999976,76.62999999999997,74.95500000000001,81.9279907084783,85.4569470064447,72.08948474988063,67.8452047474663,78.88817937551383,74.95500000000001,71.0218206244862,1.414117370960298,1.1789719275040855,0.23514544345621258
2023-02-13,2382,4968348,386954377,77.5,78.3,77.1,77.7,0.1,3146,77.61999999999976,76.76999999999997,75.23500000000003,81.16743471582167,83.30823123899425,72.92508228459904,68.25145518958071,79.11225418304721,75.23500000000003,71.35774581695284,1.4212444906693094,1.2274264401371302,0.19381805053217915
2023-02-14,2382,4142858,326448794,78.5,79.1,78.3,78.8,1.1,3138,77.81999999999977,77.17999999999996,75.61500000000002,85.05632360471061,82.71724967633686,80.44016740857978,72.38456840460516,79.32189897353072,75.61500000000002,71.90810102646932,1.4983811857043605,1.2816173892505762,0.2167637964537843
2023-02-15,2382,5043447,396362564,79.0,79.1,78.0,78.5,-0.3,3391,78.01999999999977,77.43999999999997,75.95000000000002,85.21505376344089,83.81293736132439,73.91247249619468,69.71883418632525,79.42073479251329,75.95000000000002,72.47926520748675,1.517808725282194,1.3288556564568998,0.18895306882529406
2023-02-16,2382,4613091,364618918,78.5,79.3,78.5,78.9,0.4,2682,78.29999999999977,77.67999999999996,76.21500000000003,87.85714285714293,86.04284007509814,76.83647093052033,71.23968932855512,79.7365195583662,76.21500000000003,72.69348044163387,1.5476415984525005,1.37261284485602,0.1750287535964805
2023-02-17,2382,1962642,154673840,78.5,79.0,78.3,78.9,0.0,1395,78.55999999999976,77.95999999999995,76.46000000000004,85.50671550671565,86.19297070909982,76.83647093052033,71.23968932855512,80.01268912233468,76.46000000000004,72.9073108776654,1.5533779908400192,1.4087658740528197,0.14461211678719943
2023-02-20,2382,3322823,264200879,78.7,79.9,78.6,79.6,0.7,2555,78.93999999999976,78.27999999999996,76.76000000000003,87.83646461065814,87.0667743248389,81.71750028109027,73.90017136270752,80.30930979205168,76.76000000000003,73.21069020794839,1.5960104579146872,1.4462147908251932,0.149795667089494
2023-02-21,2382,4515973,361510395,79.9,80.5,79.9,79.9,0.3,2806,79.15999999999977,78.48999999999997,77.08000000000004,86.24058301477652,86.5279210440501,83.4601433303554,74.96886965951344,80.54906327413465,77.08000000000004,73.61093672586543,1.6351554340225931,1.484002919464673,0.15115251455792
2023-02-22,2382,5937867,468627904,79.3,79.6,78.2,79.2,-0.7,7343,79.29999999999976,78.65999999999997,77.34500000000004,79.65707643126986,84.57804135223483,66.26579091608198,67.97484504745437,80.60535274164457,77.34500000000004,74.08464725835552,1.5913498690470504,1.5054723093811486,0.08587755966590183
2023-02-23,2382,5336997,426430831,79.5,80.4,78.5,80.1,0.9,3037,79.53999999999976,78.91999999999997,77.64500000000004,78.96131425543184,81.61965790049273,74.22957585012514,71.63842512832203,80.75657516379607,77.64500000000004,74.533424836204,1.6106891002594068,1.5265156675568003,0.08417343270260647
2023-02-24,2382,10583827,851183313,80.2,81.0,79.9,80.1,0.0,4560,79.77999999999977,79.16999999999997,77.90000000000003,74.36671966083713,77.6617034491796,74.22957585012514,71.63842512832203,80.93776233434284,77.90000000000003,74.86223766565723,1.6074854882433414,1.5427096316941085,0.0647758565492329
2023-03-01,2382,6528781,520094966,78.5,80.3,78.5,79.8,-0.3,4180,79.81999999999977,79.37999999999997,78.07500000000003,72.74509803921545,75.35771065182814,67.04818832623076,68.60443105309507,81.12713040349685,78.07500000000003,75.02286959650321,1.5627249889345336,1.5467127031421934,0.016012285792340153
2023-03-02,2382,4931194,395515729,80.0,80.8,79.2,80.5,0.7,3114,79.93999999999976,79.54999999999997,78.36500000000004,70.71428571428554,72.60870113811272,73.91738673705012,71.62422869961907,81.1716171808693,78.36500000000004,75.55838281913077,1.565687845727524,1.5505077316592595,0.015180114068264583
2023-03-03,2382,3645181,294316852,81.0,81.2,80.4,80.6,0.1,2131,80.21999999999976,79.75999999999996,78.60000000000002,74.04761904761882,72.50233426703994,74.79316435766735,72.038003750821,81.32763633938961,78.60000000000002,75.87236366061043,1.55814378371943,1.5520349420712936,0.00610884164813652
2023-03-06,2382,6338746,517342937,81.0,82.0,80.9,81.7,1.1,3979,80.53999999999975,80.03999999999998,78.86000000000003,84.7493734335838,76.50375939849606,82.38399913848153,76.15670479828835,81.72523995503951,78.86000000000003,75.99476004496054,1.622225857260446,1.566073125109124,0.056152732151321993
2023-03-07,2382,4399134,359998379,81.8,82.0,81.5,82.0,0.3,2901,80.91999999999976,80.34999999999998,79.15500000000003,90.70175438596476,83.16624895572245,83.92433528855466,77.1454361114311,82.03768971621177,79.15500000000003,76.27231028378829,1.6778773296101406,1.5884339660093274,0.08944336360081317
2023-03-08,2382,3721481,304645287,81.8,82.2,81.5,81.9,-0.1,2574,81.33999999999976,80.57999999999997,79.43000000000004,94.86842105263155,90.1065162907267,81.16439752232422,76.013899902108,82.25779065702412,79.43000000000004,76.60220934297595,1.6943805933643432,1.6096232914803306,0.08475730188401265
2023-03-09,2382,4812728,395053275,82.2,82.4,81.6,82.2,0.3,3066,81.67999999999975,80.80999999999997,79.65000000000003,95.79059829059821,93.78692457639818,83.10861436291232,77.09911641782725,82.6174905223016,79.65000000000003,76.68250947769847,1.7119329442445377,1.630085222033172,0.0818477222113656
2023-03-10,2382,7749238,630991707,81.5,82.0,80.9,81.5,-0.7,4112,81.85999999999976,81.03999999999998,79.85000000000004,88.09829059829049,92.91910331384008,64.87849453937588,69.22859119064366,82.74931026279562,79.85000000000004,76.95068973720446,1.6503351229199552,1.6341352022105287,0.016199920709426552
2023-03-13,2382,8197109,667242700,80.5,82.2,80.0,81.6,0.1,4249,81.83999999999976,81.18999999999997,80.05500000000004,83.76068376068355,89.21652421652408,66.11720955216332,69.70438709658082,82.8381457022497,80.05500000000004,77.27185429775037,1.59124469170645,1.6255571001097129,-0.034312408403262884
2023-03-14,2382,8635138,704086057,80.6,82.0,80.6,81.2,-0.4,3830,81.67999999999975,81.29999999999998,80.23500000000004,72.97008547008527,81.60968660968643,56.772919943466114,65.35153615023343,82.81823440669747,80.23500000000004,77.65176559330261,1.494906095266174,1.599426899141005,-0.10452080387483109
2023-03-15,2382,4277753,348356471,81.1,81.8,81.1,81.3,0.1,3401,81.55999999999975,81.44999999999997,80.41500000000003,65.38461538461513,74.03846153846132,58.4842412289067,65.92443952821854,82.75702903482313,80.41500000000003,78.07297096517694,1.4103683790207668,1.5616151951169575,-0.15124681609619062
2023-03-16,2382,12952243,1071498308,81.8,83.5,81.7,82.8,1.5,7592,81.67999999999975,81.67999999999998,80.61500000000004,65.55555555555536,67.97008547008527,75.47522978516189,73.10743467299832,83.05243717866723,80.61500000000004,78.17756282133284,1.4477206710903658,1.538836290311639,-0.0911156192212732
2023-03-17,2382,11751518,978701961,83.2,84.0,82.2,83.2,0.4,6611,82.01999999999975,81.93999999999997,80.85000000000004,71.38888888888873,67.44301994301975,78.24520670624372,74.64248517758473,83.33233760797147,80.85000000000004,78.3676623920286,1.4923958780270539,1.529548207854722,-0.03715232982766814
2023-03-20,2382,5477156,456185611,83.4,83.8,83.0,83.2,0.0,5707,82.33999999999975,82.08999999999997,81.06500000000003,79.99999999999994,72.31481481481468,78.24520670624372,74.64248517758472,83.57917978672121,81.06500000000003,78.55082021327884,1.5103904603503508,1.5257166583538477,-0.015326198003496883
2023-03-21,2382,6018567,505377757,83.6,84.4,83.2,83.8,0.6,4284,82.85999999999976,82.26999999999997,81.31000000000003,82.12121212121203,77.83670033670023,82.32177482254008,76.93304352199016,83.8867421291141,81.31000000000003,78.73325787088596,1.5551396007990945,1.531601246842897,0.023538353956197522
2023-03-22,2382,9880302,839372591,84.2,85.4,84.1,85.0,1.2,7127,83.59999999999975,82.57999999999997,81.58000000000003,86.31874298540951,82.81331836887382,87.69985057353593,80.68996711677734,84.49314263295686,81.58000000000003,78.66685736704319,1.6682035757854408,1.5589217126314057,0.1092818631540351
2023-03-23,2382,9999963,852501119,85.0,85.8,84.2,85.3,0.3,7181,84.09999999999975,82.88999999999996,81.85000000000002,90.11184643368536,86.18393384676897,88.70230555139676,81.50113695841034,85.07459299756691,81.85000000000002,78.62540700243314,1.7617072191418544,1.5994788139334954,0.1622284052083589
2023-03-24,2382,16907868,1471862965,85.8,87.5,85.8,87.5,2.2,8457,84.95999999999975,83.48999999999997,82.26500000000001,94.65730097913998,90.36263013274494,93.34361886193659,86.10938913508744,86.09763616848338,82.26500000000001,78.43236383151665,1.9903871993311668,1.6776604910130297,0.3127267083181371
2023-03-27,2382,9480480,829235964,87.5,87.8,86.9,87.5,0.0,8531,85.81999999999975,84.07999999999996,82.63500000000002,95.63389946817632,93.46768229366721,93.34361886193659,86.10938913508744,86.95762651636235,82.63500000000002,78.31237348363769,2.146869950769158,1.7715023829642553,0.3753675678049029
2023-03-28,2382,9370534,819620378,87.5,87.6,87.2,87.3,-0.2,7421,86.51999999999975,84.68999999999996,82.99500000000003,95.77522224940867,95.35547423224165,88.82815275995831,83.90565542199114,87.60302560756216,82.99500000000003,78.3869743924379,2.229050226673351,1.8630119517060746,0.3660382749672766
2023-03-29,2382,7700398,676455300,87.3,88.2,87.2,88.0,0.7,6543,87.11999999999975,85.35999999999996,83.40500000000003,94.66411113829754,95.35774428529417,90.67092397035583,85.32158156043216,88.2557628266027,83.40500000000003,78.55423717339735,2.323874656778642,1.9551844927205881,0.368690164058054
2023-03-30,2382,10703444,947922443,88.1,89.0,87.6,89.0,1.0,10085,87.85999999999976,85.97999999999996,83.83000000000003,96.15664845173036,95.53199394647885,92.68257796308515,87.07144420875711,89.06262840262471,83.83000000000003,78.59737159737534,2.4514564791485753,2.0544388900061854,0.39701758914238994
2023-03-31,2382,11113202,993282551,89.0,89.9,88.8,89.1,0.1,7414,88.17999999999975,86.56999999999996,84.25500000000002,94.90878938640122,95.24318299214303,92.86214602676417,87.23532168046408,89.74370658716235,84.25500000000002,78.7662934128377,2.531454129391122,2.149841937883173,0.3816121915079491
2023-04-06,2382,11603045,1039445326,89.1,90.3,88.9,89.9,0.8,7068,88.65999999999974,87.23999999999995,84.66500000000003,93.86936286310379,94.97826690041178,94.19232499714482,88.49205124201454,90.54046593896614,84.66500000000003,78.78953406103393,2.6290995348017674,2.2456934572668916,0.38340607753487577
2023-04-07,2382,11167940,1002059298,89.3,90.0,89.3,89.8,-0.1,4776,89.15999999999974,87.83999999999995,85.05500000000004,91.13712242594532,93.30509155848345,91.70020177215164,87.33457295310424,91.20039665114886,85.05500000000004,78.9096033488512,2.6676638890716333,2.33008754362784,0.33757634544379345
2023-04-10,2382,9854873,883218392,89.4,90.0,89.3,89.9,0.1,4785,89.53999999999974,88.32999999999996,85.45500000000003,92.15425896547004,92.38691475150638,91.94872414529033,87.51050228271377,91.76609340763973,85.45500000000003,79.14390659236032,2.6754546066440668,2.399160956231085,0.2762936504129816
2023-04-11,2382,12388788,1117935071,90.0,90.7,89.6,90.6,0.7,5612,89.85999999999974,88.85999999999996,85.87500000000003,93.42760361742238,92.23966166961259,93.53070066583811,88.69435204520902,92.37880657768618,85.87500000000003,79.37119342231388,2.706909389851589,2.4607106429551857,0.2461987468964031
2023-04-12,2382,19874146,1791271366,90.6,91.1,89.7,90.9,0.3,8009,90.21999999999973,89.19999999999996,86.34500000000003,94.45044234517923,93.34410164269055,94.10941441595656,89.16822209756336,92.87477028692058,86.34500000000003,79.81522971307948,2.7246371044460744,2.5134959352533635,0.21114116919271098
2023-04-13,2382,25297357,2262422601,89.6,90.4,89.0,89.3,-1.6,14460,90.09999999999974,89.37999999999995,86.73000000000003,82.02878992352673,89.96894529537612,60.45787427365107,71.86700156272309,92.99804594749779,86.73000000000003,80.46195405250228,2.5798410163996266,2.5267649514826163,0.053076064917010335
2023-04-14,2382,40229249,3291836211,81.9,83.2,81.1,81.8,0.0,19583,88.49999999999974,88.82999999999996,86.76000000000002,51.90598290598296,76.12840505822965,20.45599004872433,36.30612336082218,92.92681441264052,86.76000000000002,80.59318558735951,1.8387062919598236,2.389153219578058,-0.5504469276182342
2023-04-17,2382,15940357,1289881129,82.1,82.3,80.4,81.3,-0.5,11491,86.77999999999973,88.15999999999994,86.76000000000002,23.085789599808226,52.34018747643932,19.454814575129344,35.060589356963554,92.92681441264052,86.76000000000002,80.59318558735951,1.1972052253251064,2.1507636207274676,-0.9535583954023612
2023-04-18,2382,12185341,998431370,81.5,82.8,81.2,82.6,1.3,7890,85.17999999999975,87.51999999999995,86.75000000000003,11.990654205607393,28.994142237132873,29.86679873407379,40.751850713414186,92.94306063267206,86.75000000000003,80.556939367328,0.7846650138554594,1.877543899353066,-1.0928788854976066
2023-04-19,2382,28969102,2492634731,83.2,88.0,82.9,86.0,3.4,16539,84.19999999999975,87.20999999999995,86.89000000000001,27.102803738317665,20.72641584791111,49.70496029272411,52.48145951681109,92.87895650342875,86.89000000000001,80.90104349657128,0.7237327682441332,1.6467816731312794,-0.9230489048871462
2023-04-20,2382,12175369,1042086605,86.1,86.8,84.7,85.5,-0.5,14026,83.43999999999974,86.76999999999995,87.00500000000002,40.1869158878504,26.426791277258502,47.40439660942496,50.886010563085726,92.79100898719993,87.00500000000002,81.21899101280012,0.6278601226142371,1.442997363027871,-0.8151372404136339
2023-04-21,2382,10742018,905841590,86.4,86.4,83.5,84.3,-1.2,6824,83.93999999999974,86.21999999999994,87.03000000000002,45.482866043613654,37.590861889927254,41.96578648789263,47.17901707705377,92.76449213095276,87.03000000000002,81.29550786904727,0.4498646296265605,1.2443708163476088,-0.7945061867210483
2023-04-24,2382,10288104,870292507,84.3,85.0,83.5,85.0,0.7,6716,84.67999999999975,85.72999999999995,87.03000000000002,42.36760124610586,42.67912772585665,46.16885531751132,49.490537034461305,92.76449213095276,87.03000000000002,81.29550786904727,0.36112326469744005,1.067721306017575,-0.7065980413201349
2023-04-25,2382,11196420,934426280,85.0,85.0,82.5,83.7,-1.3,6589,84.89999999999974,85.03999999999995,86.95000000000002,37.47975077881613,41.77673935617856,39.906743846215306,45.5075860360235,92.82179699921237,86.95000000000002,81.07820300078767,0.18377748573932706,0.8909325419619254,-0.7071550562225983
2023-04-26,2382,11007790,911178589,82.5,83.4,82.3,83.1,-0.6,5915,84.31999999999974,84.25999999999996,86.73000000000002,37.17232333169363,39.00655845220522,37.190560404255,43.75723463677586,92.82822925118067,86.73000000000002,80.63177074881936,-0.005126215561062963,0.7117207904573277,-0.7168470060183907
2023-04-27,2382,11281153,959670252,83.6,85.7,83.5,85.3,2.2,6569,84.27999999999973,83.85999999999996,86.62000000000002,44.33333333333323,39.66180248128101,51.35423805851362,51.173024049423475,92.7380389014747,86.62000000000002,80.50196109852534,0.022429302970678577,0.5738624929599979,-0.5514331899893193
2023-04-28,2382,8866342,760281490,85.3,86.3,85.0,85.9,0.6,6410,84.59999999999972,84.26999999999995,86.55000000000003,56.37254901960777,45.95940189487822,54.61093755484255,52.99340696423344,92.66735236846367,86.55000000000003,80.43264763153638,0.09162602771240813,0.47741519991048,-0.38578917219807185
2023-05-02,2382,36958582,3295423897,86.8,90.0,86.7,89.6,3.7,20339,85.51999999999973,85.09999999999997,86.63000000000002,76.1321753581815,58.946019237040844,69.36583023259092,62.322168297082726,92.86188574991147,86.63000000000002,80.39811425008858,0.4399525097440886,0.4699226618772017,-0.029970152133113104
2023-05-03,2382,19424076,1723798825,89.1,89.4,87.9,89.3,-0.3,12561,86.63999999999973,85.76999999999995,86.64500000000001,84.94397759103636,72.48290065627522,67.29643603004915,61.260593448282386,92.90102909200061,86.64500000000001,80.38897090799941,0.6839125454128663,0.5127206385843346,0.1711919068285317
2023-05-04,2382,15931160,1419263302,89.5,90.2,88.5,89.0,-0.3,9459,87.81999999999974,86.06999999999996,86.64000000000001,90.17480409885464,83.75031901602419,65.03294967083754,60.15707534267336,92.8883277762897,86.64000000000001,80.39167222371033,0.8433238264022123,0.5788412761479101,0.2644825502543021
2023-05-05,2382,16081896,1441942695,89.0,90.1,88.6,89.6,0.6,8353,88.67999999999972,86.47999999999996,86.62500000000001,89.37476026083611,88.16451398357573,67.5774894367098,61.64517807217111,92.84331970872779,86.62500000000001,80.40668029127224,1.0064714245972652,0.6643673058377811,0.3421041187594841
2023-05-08,2382,13264682,1198918584,90.0,91.2,89.0,90.4,0.8,9753,89.57999999999973,87.08999999999996,86.65500000000002,89.40880860949123,89.65279098972736,70.87442376434699,63.597435582138914,92.93973547573415,86.65500000000002,80.37026452426588,1.186641520908509,0.7688221488519267,0.41781937205658237
2023-05-09,2382,18038114,1663742972,92.5,93.5,91.2,91.8,1.4,10804,90.01999999999973,87.76999999999995,86.75000000000001,89.41257593920791,89.3987149365118,75.88163924493176,66.78376228634687,93.28069674689823,86.75000000000001,80.2193032531018,1.4259583596605268,0.9002493910136466,0.5257089686468801
2023-05-10,2382,11910655,1090942325,92.8,92.8,90.3,91.7,-0.1,10311,90.49999999999972,88.56999999999996,86.80500000000002,85.94422150882822,88.25520201917583,74.80987457820663,66.33710799980273,93.4813687735137,86.80500000000002,80.12863122648635,1.5892298617065705,1.0380454851522314,0.5511843765543392
2023-05-11,2382,16676346,1546537563,92.5,93.3,91.9,92.3,0.6,11206,91.15999999999971,89.48999999999995,86.87500000000001,84.23459383753496,86.53046376185705,77.07631925552079,67.73159373069974,93.74809973737878,86.87500000000001,80.00190026262125,1.7469014959397384,1.1798166873097329,0.5670848086300055
2023-05-12,2382,72350266,7207513016,96.3,101.5,95.6,101.5,9.2,48254,93.53999999999971,91.10999999999996,87.48500000000001,89.29411764705878,86.49097766447402,91.21538722156282,80.83873693880267,96.83128803322263,87.48500000000001,78.1387119667774,2.5844288276501572,1.4607391153778178,1.1236897122723395
2023-05-15,2382,54095424,5346485579,102.0,102.0,96.6,97.6,-3.9,44555,94.97999999999972,92.27999999999996,88.275,84.89222639410367,86.1403126262325,69.89458541198078,68.19330347564475,98.21761032123702,88.275,78.332389678763,2.900047918561171,1.7486008760144884,1.1514470425466825
2023-05-16,2382,57179328,5749911209,99.9,102.0,98.1,101.0,3.4,27029,96.81999999999972,93.41999999999996,89.26000000000002,87.12897294457572,87.10510566191276,75.67704776136932,72.2663569875871,100.10571804907158,89.26000000000002,78.41428195092845,3.3855039251887717,2.0759814858493453,1.3095224393394265
2023-05-17,2382,36197978,3634670140,100.5,101.5,98.8,100.5,-0.5,22454,98.57999999999973,94.53999999999996,90.15500000000002,83.39762966099364,85.1396096665577,73.26275827206892,70.82989570859797,101.59274016141123,90.15500000000002,78.7172598385888,3.687379669125619,2.3982611225046,1.2891185466210189
2023-05-18,2382,34859571,3560520499,101.0,103.0,99.9,102.5,2.0,19300,100.61999999999972,95.88999999999996,90.98000000000002,92.60904472347254,87.711882443014,76.72752857894368,73.13059805984989,103.43497490964786,90.98000000000002,78.52502509035217,4.041414742932261,2.7268918465901324,1.3145228963421287
2023-05-19,2382,53026418,5714443403,104.5,110.0,103.5,109.0,6.5,23523,102.11999999999972,97.82999999999996,92.15500000000002,93.3861331486151,89.79760251102714,84.39499531267442,78.94332889079998,106.59597988364919,92.15500000000002,77.71402011635084,4.791255159812877,3.1397645092346815,1.6514906505781957
2023-05-22,2382,32874400,3493797554,109.0,109.5,104.5,106.0,-3.0,16987,103.79999999999973,99.38999999999996,93.24000000000002,90.34928692289093,92.11482159832623,71.67885921823569,71.27896399774521,108.40013192554585,93.24000000000002,78.0798680744542,5.084819530191567,3.5287755134260586,1.556044016765508
2023-05-23,2382,31882776,3369366562,105.5,107.5,104.0,107.0,1.0,14993,104.99999999999973,100.90999999999997,94.34000000000002,86.01490123491408,89.91677376880675,73.24649339185864,72.24623048920013,110.1285274804194,94.34000000000002,78.55147251958064,5.336645523733935,3.890349515487634,1.4462960082463012
2023-05-24,2382,22603251,2396564433,108.0,108.0,105.0,105.5,-1.5,10717,105.99999999999973,102.28999999999996,95.43000000000002,77.29028194557397,84.55149003445969,66.77796880734991,68.51861945975656,111.13962762130139,95.43000000000002,79.72037237869866,5.353470498461036,4.1829737120823145,1.1704967863787212
2023-05-25,2382,51496780,5793250366,111.5,115.0,109.5,113.5,8.0,24127,108.19999999999973,104.40999999999997,96.95000000000002,81.3410801505324,81.54875444367352,78.55944895128894,75.71529137195621,113.45605949340911,96.95000000000002,80.44394050659092,5.943820886085291,4.53514314688291,1.408677739202381
2023-05-26,2382,51451056,6001068004,119.0,119.5,114.5,115.5,2.0,33494,109.49999999999973,105.80999999999997,98.46000000000002,80.63541243396988,79.75559151002545,80.56923728345693,77.12327156072966,115.92440952336955,98.46000000000002,80.9955904766305,6.498154427544904,4.927745403015309,1.570409024529595
2023-05-29,2382,43921241,5027988228,116.5,117.0,113.0,114.0,-1.5,19286,111.09999999999972,107.44999999999996,99.86500000000002,82.19539633091028,81.3906296384709,74.46183970515811,73.67326811298356,117.58101253103978,99.86500000000002,82.14898746896027,6.738750171679428,5.289946356748133,1.4488038149312947
2023-05-30,2382,75068045,8782983163,122.0,123.5,113.0,115.0,1.0,39390,112.69999999999973,108.84999999999995,101.13500000000002,72.90713791774398,78.57931556087476,75.88368831868516,74.49247908585426,119.3598484218651,101.13500000000002,82.91015157813494,6.930228316836903,5.618002748765887,1.3122255680710158
2023-05-31,2382,63098915,7322180531,117.5,119.5,113.5,116.5,1.5,28806,114.89999999999972,110.44999999999996,102.49500000000003,67.47100084609289,74.19117836491577,78.02477895071395,75.71327671525691,121.04088633632671,102.49500000000003,83.94911366367336,7.1209279654151345,5.918587792095737,1.2023401733193975
2023-06-01,2382,30831661,3532254870,114.5,115.5,113.0,115.0,-1.5,14972,115.19999999999973,111.69999999999996,103.79500000000003,61.797769085904605,67.3919692832472,70.70159162375217,72.002151702123,122.01701690263604,103.79500000000003,85.57298309736402,7.06952822609135,6.14877587889486,0.9207523471964905
2023-06-02,2382,75414254,8955016209,116.5,121.5,115.5,118.0,3.0,33629,115.69999999999973,112.59999999999995,105.21500000000003,64.40170940170934,64.55682644456901,75.96521317476342,74.67568684194065,123.21591942096155,105.21500000000003,87.21408057903851,7.188009590141476,6.356622621144183,0.8313869689972933
2023-06-05,2382,32334300,3777142756,118.0,118.5,115.0,117.0,-1.0,17772,116.29999999999973,113.69999999999996,106.54500000000003,64.3566643566643,63.51871428142615,71.00441544532165,72.20073756111933,123.88967929942635,106.54500000000003,89.20032070057371,7.119150150691951,6.509128127053737,0.6100220236382139
2023-06-06,2382,28768221,3385003078,116.0,119.5,115.5,118.5,1.5,13993,116.99999999999973,114.84999999999995,107.88000000000002,66.98181698181692,65.24673024673025,73.97821622617884,73.61342487183985,124.57761659638761,107.88000000000002,91.18238340361243,7.103728650830462,6.628048231809082,0.4756804190213799
2023-06-07,2382,67800683,8352597959,120.0,126.0,119.0,125.0,6.5,34415,118.69999999999973,116.79999999999995,109.54500000000003,73.81942381942376,68.3859683859684,82.86349612531978,78.67144906270713,126.09739861772151,109.54500000000003,92.99260138227855,7.529210625003586,6.808280710447983,0.7209299145556027
2023-06-08,2382,40891602,4957542474,122.5,122.5,120.0,120.0,-5.0,22846,119.69999999999973,117.44999999999996,110.93000000000002,70.14652014652007,70.31592031592032,63.42721646335847,67.89068804204199,126.05257914510474,110.93000000000002,95.8074208548953,7.377902079127779,6.922204984183942,0.4556970949438366
2023-06-09,2382,76978597,9951386213,123.5,132.0,123.0,131.5,11.5,33682,122.39999999999972,119.04999999999995,112.43000000000002,81.17408906882584,75.04667767825663,77.55440287230057,76.02755366614228,129.35726794258167,112.43000000000002,95.50273205741836,8.09265575880768,7.15629513910869,0.9363606196989904
2023-06-12,2382,84886163,11190479440,132.0,137.0,128.0,129.0,-2.5,38931,124.79999999999973,120.54999999999995,114.00000000000003,72.62708052181729,74.6492299123878,70.63444928522257,71.76966857553549,130.95877354055833,114.00000000000003,97.04122645944173,8.360993761305522,7.397234863548056,0.963758897757466
2023-06-13,2382,68934626,9405435386,133.5,139.5,133.0,138.0,9.0,38615,128.69999999999973,122.84999999999995,115.85000000000002,86.1249034536025,79.97535768141528,78.63941070905472,76.80572804049758,134.69966843209596,115.85000000000002,97.00033156790408,9.193896825811734,7.756567256000792,1.4373295698109425
2023-06-14,2382,42443049,5903852975,140.0,141.0,137.5,140.0,2.0,22991,131.69999999999973,125.19999999999996,117.82500000000002,85.72004515400737,81.49067637647579,80.04938640465767,77.75539586452945,138.05437220973417,117.82500000000002,97.59562779026587,9.901226613378583,8.18549912747635,1.7157274859022333
2023-06-15,2382,59224837,8641293332,144.5,148.5,141.5,147.0,7.0,30066,137.09999999999974,128.39999999999995,120.05000000000003,95.33861895168563,89.06118918643192,84.28508667647246,80.72938442871869,142.69265885447098,120.05000000000003,97.40734114552907,10.900972439952298,8.728593789971539,2.172378649980759
2023-06-16,2382,59407738,8744336756,147.0,149.0,143.0,149.0,2.0,27799,140.59999999999974,131.49999999999994,122.05000000000003,97.22541140451581,92.76135850340302,85.3237232279347,81.4907951938171,147.34604712202974,122.05000000000003,96.7539528779703,11.719565638094636,9.326788159596159,2.392777478498477
2023-06-19,2382,35797309,5335222265,148.0,151.5,146.0,150.0,1.0,18606,144.79999999999973,134.79999999999995,124.25000000000003,96.96900114810558,96.51101050143575,85.8685460044507,81.87638273671553,151.18046601898953,124.25000000000003,97.31953398101051,12.307129361561195,9.922856399989167,2.3842729615720284
2023-06-20,2382,60198841,8748627493,148.5,149.0,142.5,145.0,-5.0,33199,146.19999999999973,137.44999999999996,126.15000000000002,91.58323158323155,95.25921471195106,70.5837142159208,73.6183602449114,153.3052941431308,126.15000000000002,98.99470585686925,12.228358724829164,10.383956864957167,1.8444018598719971
2023-06-21,2382,62385008,9386004851,146.0,153.0,146.0,151.5,6.5,31829,148.49999999999972,140.09999999999997,128.45000000000002,89.91656491656488,92.82293254930075,76.83703658266455,76.88261572472524,156.0088461296906,128.45000000000002,100.89115387030944,12.545807841636517,10.816327060293037,1.7294807813434794
2023-06-26,2382,52414780,7652867702,148.0,148.0,143.0,146.5,-5.0,29576,148.39999999999972,142.74999999999994,130.10000000000002,82.78835978835976,88.09605209605213,64.52679648541627,69.73480150306831,157.8319310542911,130.10000000000002,102.36806894570894,12.252688969144984,11.103599442063427,1.149089527081557
2023-06-27,2382,48036511,6779651400,141.0,143.5,138.0,141.5,-5.0,26898,146.89999999999972,143.74999999999994,131.40000000000003,70.49999999999996,81.06830823497494,54.36516547985053,63.38824013893889,158.70677571592685,131.40000000000003,104.09322428407322,11.484545248883592,11.17978860342746,0.30475664545613235
2023-06-28,2382,37926736,5512152454,144.5,148.0,143.0,144.0,2.5,20660,145.69999999999973,145.24999999999994,132.90000000000003,52.81182795698921,68.70006258178304,58.2046107739889,65.09859607481003,159.5056385001362,132.90000000000003,106.29436149986387,10.951275436725695,11.134085970087106,-0.18281053336141184
2023-06-29,2382,28092643,4089268500,145.5,147.0,144.0,146.5,2.5,14285,145.99999999999972,146.09999999999997,134.47500000000002,47.03405017921144,56.7819593787336,61.94040507517782,66.77036463382126,160.37572392810597,134.47500000000002,108.57427607189408,10.608100792593717,11.028888934588428,-0.42078814199471104
2023-06-30,2382,58848823,8838097312,146.5,152.0,145.0,152.0,5.5,26700,146.09999999999974,147.29999999999995,136.25000000000003,63.978494623655884,54.60812425328558,69.04254603190113,70.15710266899542,161.84394459632875,136.25000000000003,110.6560554036713,10.657088170637394,10.95452878179822,-0.29744061116082676
2023-07-03,2382,70996109,11389437672,155.0,164.5,155.0,160.5,8.5,35861,148.89999999999972,148.64999999999995,138.52500000000003,78.3018867924528,63.104810531773445,76.83615755006868,74.48513267825267,164.24750959762548,138.52500000000003,112.80249040237459,11.252082974852385,11.014039620409054,0.2380433544433309
2023-07-04,2382,101935439,17103477940,161.5,175.5,160.5,170.5,10.0,60015,154.69999999999973,150.79999999999995,141.15000000000003,88.3018867924528,76.86075606952056,82.78475509514497,78.44563497607368,168.61470462247757,141.15000000000003,113.6852953775225,12.387738927159262,11.288779481759097,1.0989594454001654
2023-07-05,2382,54130811,9060099015,168.5,171.5,162.0,169.5,-1.0,33069,159.79999999999973,152.74999999999994,143.77500000000003,85.19077568134169,83.9315164220825,80.37662179230392,77.15586990669587,171.53914054135177,143.77500000000003,116.0108594586483,13.056554970395041,11.642334579486285,1.4142203909087563
2023-07-06,2382,58575090,9815657616,166.5,172.5,163.5,165.0,-4.5,38330,163.49999999999972,154.74999999999994,146.10000000000002,80.88888888888886,84.79385045422784,69.72793055184242,71.46191922834002,172.77508200549636,146.10000000000002,119.42491799450369,13.072789135660742,11.928425490721176,1.144363644939565
2023-07-07,2382,51609806,8385275455,162.0,166.5,160.0,160.5,-4.5,33957,165.19999999999973,155.64999999999995,147.87500000000003,71.99999999999996,79.35988819007689,60.39320873531244,66.20063720838439,173.39729417587603,147.87500000000003,122.35270582412404,12.577556198069345,12.05825163219081,0.5193045658785351
2023-07-10,2382,35811122,5792204704,158.5,165.0,157.5,162.5,2.0,20068,165.59999999999974,157.24999999999994,150.00000000000003,63.999999999999964,72.29629629629632,62.96408931527571,67.35113850615629,172.81885185542768,150.00000000000003,127.18114814457239,12.20576337006392,12.087753979765433,0.11800939029848756
2023-07-11,2382,71422489,12218621476,167.0,174.0,166.0,173.0,10.5,39095,166.09999999999974,160.39999999999995,152.07500000000002,70.68783068783064,68.89594356261024,73.49986340255124,72.62039933309137,175.3306982264553,152.07500000000002,128.81930177354474,12.61298251199625,12.192799686211597,0.4201828257846536
2023-07-12,2382,97876207,17903612943,176.0,189.5,174.5,187.5,14.5,75866,169.69999999999973,164.74999999999994,155.00000000000003,82.52303668034001,72.40362245605694,81.82831300378905,77.92000949235145,180.51666122359956,155.00000000000003,129.4833387764005,13.944986312518779,12.543237011473034,1.4017493010457454
2023-07-13,2382,113871044,22859227526,196.5,206.0,189.5,195.0,7.5,67018,175.69999999999973,169.59999999999997,157.85000000000002,88.66682753001321,80.62589829939468,84.72520044009246,80.06895243454099,187.52844335540428,157.85000000000002,128.17155664459577,15.427952409081797,13.120180090994786,2.307772318087011
2023-07-14,2382,153028998,30310040948,203.5,205.5,189.5,198.0,3.0,89867,183.19999999999973,174.19999999999996,160.75000000000003,85.81404838857428,85.66797086630923,85.78288152152851,80.87093410062843,194.00432302723866,160.75000000000003,127.4956769727614,16.653319551299745,13.826807983055778,2.8265115682439674
2023-07-17,2382,62439680,12305938289,193.5,202.0,192.0,196.0,-2.0,43901,189.89999999999972,177.74999999999994,163.20000000000002,80.43932349572127,84.97339980476966,81.3990478156548,78.60027567652145,199.15191232744027,163.20000000000002,127.24808767255976,17.26403945416226,14.514254277277074,2.749785176885185
2023-07-18,2382,110282449,22273662944,202.5,208.5,193.0,201.5,5.5,66364,195.59999999999974,180.84999999999997,165.82500000000002,83.05370258068858,83.10235815499477,84.01922552234707,80.24311537731538,204.78687238827152,165.82500000000002,126.86312761172852,17.984528956927335,15.208309213207126,2.7762197437202083
2023-07-19,2382,76797727,15584985899,208.0,210.0,196.5,198.0,-3.5,50942,197.69999999999973,183.69999999999996,168.22500000000002,80.93293674858253,81.4753209416642,76.0644248612391,76.23244563388849,208.8691570216426,168.22500000000002,127.58084297835745,18.064860858444945,15.77961954225469,2.2852413161902554
2023-07-20,2382,92852527,19056553138,200.0,211.0,196.5,211.0,13.0,58298,200.89999999999972,188.29999999999995,171.52500000000003,87.80578898225951,83.93080943717695,83.02769850792981,80.1924819741985,214.7274015536165,171.52500000000003,128.32259844638358,18.958968634751386,16.41548936075403,2.543479273997356
2023-07-21,2382,136948872,29408063812,204.0,227.0,202.5,226.0,15.0,93992,206.49999999999972,194.84999999999997,175.25000000000003,91.83450429352064,86.8577433414543,87.80392077077258,83.58996161163508,223.46047603996385,175.25000000000003,127.03952396003619,20.64000499926783,17.26039248845679,3.3796125108110395
2023-07-24,2382,123367316,29519260653,231.0,248.5,230.5,248.5,22.5,80465,216.99999999999972,203.44999999999996,180.35000000000002,99.45355191256824,93.03128172944953,91.82827116017633,87.15032860792982,236.27861521618374,180.35000000000002,124.42138478381631,23.516714344695032,18.511656859704438,5.005057484990594
2023-07-25,2382,160270155,41345174785,255.0,266.5,246.5,248.5,0.0,107701,226.39999999999972,210.99999999999994,185.70000000000002,91.66134412036045,94.31646677548319,91.82827116017633,87.15032860792982,246.03688755645217,185.70000000000002,125.36311244354786,25.502549708266827,19.909835429416916,5.592714278849911
2023-07-26,2382,129313937,32759353102,250.0,258.5,244.0,258.5,10.0,83832,238.49999999999972,218.09999999999997,191.425,88.74458874458867,93.2864949258392,93.18802333543738,88.44280992528378,256.3990525132914,191.425,126.45094748670864,27.565497076213205,21.440967758776175,6.12452931743703
2023-07-27,2382,103274520,26859633507,265.5,266.5,251.0,252.5,-6.0,67258,246.79999999999973,223.84999999999997,196.72500000000002,82.48060664168038,87.62884650220991,83.4660642216079,83.04541908725736,263.44566771248594,196.72500000000002,130.0043322875141,28.38899718413458,22.830573643847856,5.558423540286725
2023-07-28,2382,93328483,23930196895,252.5,264.5,246.5,264.5,12.0,62532,254.49999999999972,230.49999999999994,202.35000000000002,89.36578495543013,86.8636601138998,86.70294042824855,85.01507589760733,271.9467671662985,202.35000000000002,132.75323283370153,29.667933198213888,24.198045554721062,5.469887643492825
2023-07-31,2382,128680484,32558935514,269.5,271.0,238.5,238.5,-26.0,96478,252.49999999999972,234.74999999999994,206.25,78.2876013940251,83.37799766371194,58.000427111591236,66.88469135920096,274.76240763540557,206.25,137.7375923645944,28.25777841496304,25.009992126769458,3.247786288193584
2023-08-01,2382,130080293,30177083017,230.0,240.5,222.0,237.0,-1.5,90419,250.19999999999973,238.29999999999995,209.575,69.33905553272757,78.99748062739434,56.73624001659703,66.0100624925553,277.27453840315314,209.575,141.87546159684683,26.71127220683246,25.350248142782057,1.3610240640504045
2023-08-02,2382,166914370,37297195646,238.0,242.0,213.5,213.5,-23.5,111496,241.19999999999973,239.84999999999997,211.775,42.26554973138027,63.29740221937772,40.57267389545658,54.078822241781445,276.9344007031984,211.775,146.61559929680163,23.320576206652305,24.944313755556106,-1.6237375489038008
2023-08-04,2382,140707799,30574044876,209.0,227.5,206.0,220.0,6.5,99556,234.69999999999973,240.74999999999994,214.525,30.653090602142612,47.4192319554169,45.57600595995244,56.424908278119844,276.09973101849477,214.525,152.95026898150525,20.916804967688876,24.13881199798266,-3.222007030293785
2023-08-07,2382,129125869,30207077855,226.0,242.0,221.0,242.0,22.0,81996,230.19999999999973,242.34999999999997,218.6,30.993823694553555,34.63748800935889,59.15501299997716,63.265571525701546,275.9782188639555,218.6,161.22178113604448,20.550126020151282,23.421074802416385,-2.8709487822651027
2023-08-08,2382,129644815,31280681082,241.0,249.0,233.5,240.0,-2.0,80018,230.49999999999972,241.49999999999994,222.475,43.07692307692301,34.907945791206465,57.629976801374994,62.3079468233817,274.3821045233692,222.475,170.5678954766308,19.86910831458593,22.710681504850292,-2.841573190264363
2023-08-09,2382,108629287,25600646641,227.0,243.5,226.0,233.5,-6.5,74272,229.79999999999973,239.99999999999994,225.5,49.999999999999936,41.35691559049224,52.49824948587498,59.173072949529434,272.3241390737723,225.5,178.6758609262277,18.590600330857114,21.886665270051658,-3.296064939194544
2023-08-10,2382,116106925,24954659777,220.5,225.0,210.5,210.5,-23.0,81640,229.19999999999973,235.19999999999996,226.65,33.846153846153776,42.30769230769232,38.38711646575784,49.65334926591653,270.73412412649225,226.65,182.56587587350776,15.542303758638155,20.617792967768956,-5.075489209130801
2023-08-11,2382,111247922,24660603322,216.0,228.0,214.0,223.5,13.0,64706,229.89999999999972,232.29999999999995,228.075,25.384615384615316,36.41025641025642,47.66359704802776,54.143880481915666,269.75146218190815,228.075,186.39853781809185,14.013953979735703,19.297025170162307,-5.283071190426604
2023-08-14,2382,155869025,36650084628,228.0,242.5,223.5,239.0,15.5,106882,229.29999999999973,229.74999999999994,230.125,36.863446630888426,32.03140528721925,56.72652646832091,58.85590633085451,269.66090140619025,230.125,190.58909859380978,13.89329299649603,18.21627873542905,-4.322985738933021
2023-08-15,2382,108044284,27038171303,250.0,255.5,246.0,246.5,7.5,101573,230.59999999999974,230.54999999999995,232.65,61.82848159592339,41.35884787047579,60.580043015288645,60.947025256913214,269.50525742685835,232.65,195.79474257314166,14.23872051109177,17.420767090561593,-3.182046579469823
2023-08-16,2382,133299459,34215427122,245.0,270.0,244.0,270.0,23.5,116829,237.89999999999972,233.84999999999997,236.075,86.18745595489774,61.62646139390327,70.26094837317505,66.66410932126088,273.4424657957968,236.075,198.7075342042032,16.221733857158625,17.180960443881,-0.959226586722373
2023-08-17,2382,148236127,40175987307,264.0,280.5,263.0,272.5,2.5,99891,250.29999999999973,239.74999999999994,239.8,90.12987012987007,79.38193589356382,71.14059086384167,67.21398675525315,276.08002205070943,239.8,203.5199779492906,17.78994392764224,17.302757140633247,0.4871867870089943
2023-08-18,2382,157529129,41123180819,271.0,275.0,247.0,256.0,-16.5,122090,256.7999999999997,243.34999999999997,242.05,84.52380952380946,86.94704520285917,57.94359089149837,60.16064485979291,276.43880631833514,242.05,207.66119368166486,17.499624821295896,17.342130676765777,0.15749414453011923
2023-08-21,2382,88998651,22749550072,261.5,263.5,250.5,250.5,-5.5,65718,259.09999999999974,244.19999999999996,243.275,70.23809523809517,81.63059163059165,54.044739259969255,57.976648963255286,277.0292219581488,243.275,209.5207780418512,16.633994469357333,17.200503435284087,-0.5665089659267544
2023-08-22,2382,114576691,30014984197,261.0,267.0,256.5,258.5,8.0,74651,261.4999999999997,246.04999999999995,243.775,63.5714285714285,72.77777777777779,58.75433568172408,60.23776132326001,278.1151732668896,243.775,209.4348267331104,16.404409498814516,17.041284647990175,-0.6368751491756584
2023-08-23,2382,66285272,17091386458,260.0,262.0,253.0,262.0,3.5,59494,259.89999999999975,248.89999999999995,244.45,65.96491228070168,66.59147869674187,60.80459350690508,61.220849548082626,279.65497123986916,244.45,209.24502876013082,16.316792675753163,16.896386253542772,-0.5795935777896091
2023-08-24,2382,160444175,43475430937,282.0,282.0,257.5,262.5,0.5,104000,257.89999999999975,254.09999999999997,244.65,69.13951545530485,66.22528543581176,61.12664914234471,61.36779555882036,280.21557324154884,244.65,209.08442675845117,16.10208670126633,16.737526343087485,-0.6354396418211543
2023-08-25,2382,123129883,30467255387,249.5,253.0,241.0,244.0,-18.5,94998,255.49999999999972,256.15,244.225,48.7213969884059,61.275274908137554,45.12236922177662,53.317437681888045,279.6078701492687,244.225,208.8421298507313,14.27458673035764,16.244938420541516,-1.9703516901838753
2023-08-28,2382,96951962,22982769691,245.0,245.5,229.5,238.0,-6.0,62107,252.99999999999972,256.04999999999995,242.9,30.058072009291447,49.306328151000805,41.05513361384639,50.98155026492901,277.1119862036683,242.9,208.6880137963317,12.20147892716301,15.436246521865815,-3.234767594702806
2023-08-29,2382,54567756,13295369989,242.0,247.0,240.0,244.5,6.5,39971,250.19999999999973,255.84999999999997,243.2,17.359659310878744,32.04637610285877,47.08359724642457,53.36518489351501,277.3575760264106,243.2,209.0424239735894,10.956719492441692,14.54034111598099,-3.5836216235392975
2023-08-30,2382,54186461,13614292310,252.0,254.0,248.0,248.5,4.0,36970,247.49999999999972,253.69999999999996,243.775,26.984126984126902,24.800619434765775,50.703292404445534,54.82113583062059,277.88288032112234,243.775,209.66711967887767,10.175706037974066,13.667414100379606,-3.4917080624055394
2023-08-31,2382,71738211,17878319652,246.0,253.5,240.0,253.5,5.0,49415,245.69999999999973,251.79999999999995,245.775,36.825396825396744,27.056394373467537,55.174863188782055,56.64329957447819,277.12699355702887,245.775,214.42300644297114,9.846698846719136,12.903271049647511,-3.0565722029283755
2023-09-01,2382,57414537,14185686807,255.0,255.0,240.5,240.5,-13.0,52098,244.99999999999972,250.24999999999994,246.8,34.2857142857142,32.69841269841269,43.269466444879725,50.895643965869574,275.97944481994085,246.8,217.62055518005917,8.439679550474182,12.010552749812845,-3.5708731993386635
2023-09-04,2382,44225644,10692711143,240.5,246.0,238.0,246.0,5.5,36951,246.59999999999974,249.79999999999995,247.0,32.69841269841262,34.6031746031746,48.72996559052231,53.06553576913551,276.09982817818667,247.0,217.9001718218133,7.679881759393652,11.144418551729007,-3.4645367923353554
2023-09-05,2382,27072676,6588572068,243.0,246.0,241.0,245.0,-1.0,20597,246.69999999999973,248.44999999999996,247.25,27.30158730158722,31.42857142857142,47.754935896970956,52.610326548342215,276.1904561125078,247.25,218.30954388749223,6.917306489921515,10.298996139367508,-3.3816896494459936
2023-09-06,2382,47917232,12056783548,246.0,254.0,246.0,254.0,9.0,33402,247.79999999999973,247.64999999999995,248.275,52.34360410830991,37.44786803610332,56.82557000717002,56.24799914842584,276.6413092417742,248.275,219.90869075822584,6.958966247572448,9.630990161008496,-2.672023913436048
2023-09-07,2382,33303597,8356669809,250.0,253.0,248.5,252.0,-2.0,29087,247.49999999999972,246.59999999999997,250.35,71.27917833800178,50.30812324929972,54.37792036581804,55.233355616387,272.81797721202327,250.35,227.88202278797672,6.752757040631479,9.055343536933092,-2.302586496301613
2023-09-08,2382,48197771,11881922048,249.0,252.5,241.5,242.0,-10.0,36190,247.79999999999973,246.39999999999995,251.275,69.28104575163391,64.30127606598195,43.45855239017883,50.343413073426504,270.5401888129858,251.275,232.00981118701424,5.716521826753137,8.387579194897102,-2.6710573681439644
2023-09-11,2382,98692923,22516015020,241.0,242.5,219.0,228.0,-14.0,68985,244.19999999999973,245.39999999999995,250.725,45.58823529411757,62.04948646125118,32.72526227097073,44.41492465212652,271.89449456175134,250.725,229.55550543824862,3.722701966002262,7.454603749118133,-3.7319017831158714
2023-09-12,2382,56578685,12709972837,228.0,228.0,221.5,224.0,-4.0,34788,239.99999999999972,243.34999999999997,249.6,20.80610021786484,45.2251270878722,30.236052756422605,42.861861940715414,273.73213625023726,249.6,225.46786374976273,1.7990801153740676,6.323499022369321,-4.524418906995253
2023-09-13,2382,36463042,8236781102,225.0,229.0,221.5,228.5,4.5,23512,234.89999999999972,241.34999999999997,247.525,21.759259259259178,29.384531590413957,36.56864622890929,45.18408501696966,271.4195077371351,247.525,223.6304922628649,0.6304410003192231,5.184887417959301,-4.554446417640078
2023-09-14,2382,48231676,11286591324,232.0,237.0,230.5,235.0,6.5,30045,231.49999999999972,239.49999999999994,245.65,28.66402116402108,23.743126880381794,44.98424923884121,48.44355045555805,267.17928238469665,245.65,224.12071761530336,0.22617455974557288,4.193144846316555,-3.966970286570982
2023-09-15,2382,42678099,10019163628,236.0,237.5,232.0,233.0,-2.0,21649,229.69999999999973,238.74999999999994,244.5,37.36772486772478,29.263668430335105,42.93922306549354,47.50749164426999,266.1517897643587,244.5,222.8482102356413,-0.25268005392035775,3.3039798662691724,-3.55665992018953
2023-09-18,2382,46055003,10295390935,227.0,227.5,220.5,222.5,-10.5,35882,228.59999999999974,236.39999999999995,243.1,31.904761904761823,32.64550264550265,33.58698577725605,42.82858011214545,266.5640150016999,243.1,219.6359849983001,-1.4625783403660932,2.3506682249421194,-3.8132465653082126
2023-09-19,2382,40486226,8965132793,224.0,227.0,217.0,219.0,-3.5,28138,227.59999999999974,233.79999999999995,241.125,18.518518518518437,29.263668430335105,30.96428955799182,41.36609749464885,265.6950529099959,241.125,216.55494709000405,-2.6730390680330913,1.3459267663470773,-4.018965834380168
2023-09-20,2382,55454721,12302396841,217.0,229.5,215.0,218.5,-0.5,37985,225.59999999999974,230.24999999999994,238.95,8.296296296296214,19.573192239858916,30.566483684965025,41.149918912806136,263.4446933028364,238.95,214.45530669716356,-3.630829791213415,0.3505754548349789,-3.9814052460483937
2023-09-21,2382,52610458,11384198894,213.5,222.0,211.0,219.0,0.5,34370,222.39999999999972,226.94999999999996,236.775,13.428571428571345,13.414462081128756,31.59181664343419,41.47927258605255,260.22169486302914,236.775,213.32830513697084,-4.299972610899232,-0.5795341583118633,-3.7204384525873686
2023-09-22,2382,49929815,11081228278,216.5,227.5,214.5,227.5,8.5,33022,221.29999999999973,225.49999999999994,235.95,32.33143655785157,18.0187680942398,47.0885768173099,46.91798904415446,259.4827431465184,235.95,212.4172568534816,-4.09716459087079,-1.2830602448236488,-2.814104346047141
2023-09-25,2382,39076310,8832349891,227.5,228.0,222.5,226.0,-1.5,28693,221.99999999999972,225.29999999999995,235.35,48.088249975042345,31.28275265382184,44.990262681618816,46.10369832740144,259.25209195865494,235.35,211.44790804134504,-4.011236203773052,-1.8286954366135295,-2.1825407671595225
2023-09-26,2382,46419427,10484099720,227.0,231.5,221.5,221.5,-4.5,32412,222.49999999999972,225.04999999999995,234.2,52.830188679245204,44.41662507071313,38.920141073732545,43.65582877900725,258.4412870945427,234.2,209.95871290545728,-4.257175658852873,-2.3143914810613984,-1.9427841777914745
2023-09-27,2382,37580439,8510836891,223.0,230.0,221.5,230.0,8.5,26948,224.79999999999973,225.19999999999996,233.275,55.97484276729551,52.29776047386111,52.91862995236447,49.14808640527617,256.6597706852131,233.275,209.89022931478686,-3.723285765723375,-2.5961703379937937,-1.1271154277295814
2023-09-28,2382,87510142,20947446178,235.0,244.0,235.0,239.5,9.5,67173,228.89999999999972,225.64999999999995,232.575,65.89479702687241,58.23327615780446,63.75113717391433,54.48781248017105,254.27355986004633,232.575,210.87644013995364,-2.5047305985623893,-2.5778823901075127,0.07315179154512341
2023-10-02,2382,97943823,24753091520,245.0,259.0,244.5,254.5,15.0,70758,234.29999999999973,227.79999999999995,233.275,82.89558319039442,68.25507432818755,74.54134473414108,61.38295238944721,256.77920175202746,233.275,209.77079824797258,-0.324896999236131,-2.1272853119332362,1.8023883126971052
2023-10-03,2382,48415023,12197966270,257.0,257.5,248.0,248.5,-6.0,49635,238.79999999999973,230.39999999999995,233.4,85.0378787878787,77.94275300171527,65.44956404545154,57.62240205682924,257.19831926838503,233.4,209.60168073161498,0.9080198891162183,-1.5202242717233454,2.4282441608395637
2023-10-04,2382,49285046,12134003896,240.0,251.5,239.5,250.5,2.0,42029,244.59999999999974,233.54999999999995,233.675,83.68055555555547,83.87133917794296,67.01416896996405,58.534320188902896,258.12142100594633,233.675,209.2285789940537,2.023176768718571,-0.8115440636349621,2.834720832353533
2023-10-05,2382,40064025,10024676016,252.0,252.5,248.0,249.5,-1.0,27813,248.49999999999972,236.64999999999995,233.45,79.68945068664162,82.8026283433587,65.28947853390206,57.863846862024225,257.21741466798636,233.45,209.68258533201362,2.79404695337891,-0.09042586023218768,2.8844728136110973
2023-10-06,2382,58042777,14766338630,252.0,258.0,251.0,254.5,5.0,35291,251.49999999999972,240.19999999999996,233.575,82.98111735330828,82.1170411985019,69.82029348372015,60.31171461374649,257.7540715289076,233.575,209.39592847109236,3.7650244832024953,0.680664208454749,3.0843602747477465
2023-10-11,2382,79041637,19665071061,262.0,262.0,238.0,238.0,-16.5,60139,248.19999999999973,241.24999999999994,233.375,69.13080871133296,77.26712558376106,46.46798723514883,49.990729241124995,257.33720983131565,233.375,209.41279016868435,3.1666162859622204,1.1778546239562433,1.9887616620059771
2023-10-12,2382,65964588,15774826929,235.0,244.0,234.5,238.0,0.0,45460,246.09999999999974,242.44999999999996,233.875,56.49382716049374,69.53525107504508,46.46798723514883,49.99072924112499,257.78498745294524,233.875,209.96501254705473,2.661691159509445,1.4746219310668836,1.1870692284425615
2023-10-13,2382,81323569,18515409412,238.0,240.0,222.0,226.0,-12.0,64126,241.19999999999973,242.89999999999995,233.975,30.493827160493737,52.03948767744024,34.90986750315065,43.68521344689361,257.7352083324203,233.975,210.2147916675797,1.2784969304138656,1.43539693093628,-0.15690000052241437
2023-10-16,2382,41180087,9196959731,221.5,227.0,221.0,221.5,-4.5,27637,235.59999999999974,242.04999999999995,233.625,17.32008431195414,34.76924621098064,31.48378139959097,41.56780709838907,257.89818479310037,233.625,209.3518152068996,-0.1787463764890731,1.1125682694512093,-1.2913146459402824
2023-10-17,2382,44852365,9973199069,224.5,226.5,218.0,221.5,0.0,31292,228.99999999999972,240.24999999999994,232.95,6.391352549889045,18.068421340779075,31.483781399590978,41.56780709838907,257.7772028227113,232.95,208.1227971772887,-1.3184242223362332,0.6263697710937208,-1.944793993429954
2023-10-18,2382,91161788,19315774041,217.0,218.0,208.0,209.5,-12.0,59957,223.29999999999973,235.74999999999994,231.775,3.9839451424816374,9.231794001441708,23.21444457797251,36.14899517572542,258.623603315629,231.775,204.926396684371,-3.1535743953237727,-0.12961906218977792,-3.023955333133995
2023-10-19,2382,49450199,10273963630,207.0,211.0,203.5,208.5,-1.0,32023,217.39999999999972,231.74999999999994,231.075,6.426443926443835,5.60058053960494,22.63640601591749,35.730976879385395,259.53598206316894,231.075,202.61401793683103,-4.635204024925713,-1.030736054736965,-3.6044679701887476
2023-10-20,2382,87100779,17654079304,206.0,207.5,199.0,204.5,-4.0,49163,213.09999999999974,227.14999999999995,230.35,6.684981684981594,5.698456917969122,20.279887594245714,34.035559502524954,260.68166662087674,230.35,200.01833337912325,-6.062290440996463,-2.037046931988865,-4.025243509007598
2023-10-23,2382,43526151,8829034969,201.5,207.5,200.0,200.5,-4.0,25878,208.89999999999972,222.24999999999994,229.45,6.552706552706461,6.554710721377397,18.08357367646519,32.3809119573238,262.11328213759316,229.45,196.78671786240682,-7.430380477051926,-3.115713641001477,-4.314666836050449
2023-10-24,2382,54659258,11208513474,204.0,209.0,200.5,209.0,8.5,31841,206.39999999999972,217.69999999999996,228.95,11.11111111111102,8.116266449599792,35.42229923194273,39.15065424182024,262.5310958725297,228.95,195.36890412747027,-7.739506511260004,-4.040472215053183,-3.699034296206821
2023-10-25,2382,42224803,8875792872,210.0,214.0,207.0,210.5,1.5,26381,206.59999999999974,214.94999999999996,228.1,17.55065169699307,11.738156453603617,38.11893968066238,40.28679008401062,262.63201413181673,228.1,193.56798586818326,-7.773841649044016,-4.7871461018513495,-2.9866955471926664
2023-10-26,2382,43216214,8785109515,202.0,206.0,201.0,202.5,-8.0,24565,205.39999999999972,211.39999999999995,226.925,20.923667570008945,16.528476792704446,30.257256606576316,36.38486824404491,263.2172512390731,226.925,190.63274876092692,-8.35032824817344,-5.499782531115768,-2.8505457170576722
2023-10-27,2382,36587320,7455797459,206.0,206.5,201.5,203.0,0.5,22143,205.09999999999974,209.09999999999997,226.0,18.364745011086388,18.9463547593629,31.290536749363753,36.79688896414377,263.7133928465736,226.0,188.28660715342642,-8.666945062326988,-6.133215037358012,-2.5337300249689765
2023-10-30,2382,24975381,5139034957,204.0,208.0,203.5,206.0,3.0,13706,206.19999999999973,207.54999999999995,224.8,21.295853269537393,20.19475528354434,37.74676695743526,39.33568525865446,263.44375758127006,224.8,186.15624241872996,-8.57692182484243,-6.621956394854895,-1.954965429987534
2023-10-31,2382,71459209,14056251660,207.0,208.0,189.0,189.0,-17.0,50057,202.19999999999973,204.29999999999995,222.275,17.12918660287073,18.929928294498268,23.283114416371927,31.591553514328886,263.2743597510983,222.275,181.2756402489017,-9.764773455589932,-7.250519807001902,-2.5142536485880296
2023-11-01,2382,45440918,8647495028,193.0,194.0,188.0,191.0,2.0,26338,198.29999999999973,202.44999999999996,219.1,16.126855600539724,18.183965157649382,27.116271909584615,33.25635214200638,259.45542094935945,219.1,178.74457905064057,-10.424602813519272,-7.885336408305376,-2.539266405213896
2023-11-02,2382,49455245,9946775080,199.5,204.0,198.0,201.0,10.0,29353,197.99999999999972,201.69999999999996,216.725,20.512820512820426,17.922954238743728,43.564961921994595,40.98917962380374,255.43736882444668,216.725,178.0126311755533,-10.025043446500774,-8.313277815944456,-1.711765630556318
2023-11-03,2382,38674087,7784282419,202.5,205.0,199.0,200.0,-1.0,27120,197.39999999999972,201.24999999999994,214.2,35.897435897435805,24.179037336932083,42.44733224040317,40.484056686856455,250.26854585369406,214.2,178.1314541463059,-9.677524928791087,-8.586127238513782,-1.0913976902773044
2023-11-06,2382,30607371,6246138145,204.0,206.0,202.0,205.5,5.5,17988,197.29999999999973,201.74999999999994,212.0,54.4871794871794,36.96581196581197,50.582247887743506,44.53272385303657,244.36510466536453,212.0,179.63489533463547,-8.856220962736046,-8.640145983358234,-0.21607497937781162
2023-11-07,2382,23261912,4753625957,205.0,207.0,203.0,204.0,-1.5,16339,200.29999999999973,201.24999999999994,209.475,64.4871794871794,51.62393162393163,48.40526240701292,43.66039612199388,235.42779368391803,209.475,183.52220631608196,-8.231481719100458,-8.558413130506679,0.3269314114062212
2023-11-08,2382,71750857,15372561637,205.5,220.5,205.0,215.0,11.0,45431,205.09999999999974,201.69999999999996,208.325,76.79487179487171,65.25641025641026,62.290572001942,51.208392082120454,230.9441843354271,208.325,185.70581566457287,-6.770714713755183,-8.20087344715638,1.4301587334011963
2023-11-09,2382,45389523,9837826420,215.5,219.5,213.5,219.0,4.0,31306,208.69999999999973,203.34999999999997,207.375,86.15384615384608,75.81196581196583,66.15478879757913,53.64063707843141,226.20814896664922,207.375,188.54185103335078,-5.2299916786413405,-7.606697093453372,2.3767054148120312
2023-11-10,2382,33264099,7115783520,217.0,217.5,211.5,213.5,-5.5,30376,211.39999999999972,204.39999999999995,206.75,85.64102564102556,82.86324786324788,56.81524042772676,49.95329278149264,223.816048165876,206.75,189.683951834124,-4.402017885561918,-6.965761251875081,2.5637433663131635
2023-11-13,2382,69834972,14542986308,211.0,214.0,206.0,206.0,-7.5,43410,211.49999999999972,204.39999999999995,205.975,76.41025641025632,82.73504273504275,46.394933552930254,45.37293029875874,221.64176418409394,205.975,190.30823581590604,-4.301445621632894,-6.432898125826644,2.13145250419375
2023-11-14,2382,33500655,6956211621,207.5,211.0,205.0,208.5,2.5,20544,212.39999999999972,206.34999999999997,205.325,60.17094017094008,74.07407407407409,49.963763324333925,47.11370396445644,219.3545224437617,205.325,191.29547755623827,-3.974200165601502,-5.941158533781616,1.966958368180114
2023-11-15,2382,46599500,9937548214,214.5,218.0,209.0,209.0,0.5,28289,211.19999999999973,208.14999999999995,205.3,49.52096998608618,62.03405552242763,50.72916030300952,47.47421753161051,219.30142849854897,205.3,191.29857150145105,-3.632635205285169,-5.479453868082326,1.8468186627971575
2023-11-16,2382,38076599,7983682649,211.0,215.0,206.5,208.5,-0.5,22879,209.09999999999974,208.89999999999995,205.3,42.77114323625943,50.821017797762,49.83970453840259,47.128242791395216,219.30142849854897,205.3,191.29857150145105,-3.3635158180825044,-5.056266258082362,1.6927504399998572
2023-11-17,2382,26961117,5641784327,210.0,211.0,207.5,208.5,0.0,14942,208.09999999999974,209.74999999999994,205.5,37.69177815689435,43.327963793080094,49.83970453840261,47.12824279139521,219.5641387933989,205.5,191.4358612066011,-3.1143366307518363,-4.667880332616257,1.5535437018644203
2023-11-20,2382,27079923,5709261177,210.0,213.0,208.0,212.0,3.5,15040,209.29999999999973,210.39999999999995,206.075,37.24166562876232,39.234862340638806,57.01975060859573,50.08159140876474,220.2145721293121,206.075,191.93542787068787,-2.604417476794737,-4.255187761451952,1.6507702846572156
2023-11-21,2382,48468409,10521018768,216.0,219.0,215.0,217.5,5.5,30100,211.09999999999974,211.74999999999994,206.5,54.26558610095865,43.06634329553854,65.95427056310044,54.39284237969072,221.4532605140152,206.5,191.5467394859848,-1.7364817581469367,-3.7514465607909493,2.0149648026440126
2023-11-22,2382,44694393,9388437420,212.0,213.5,208.0,208.5,-9.0,41997,210.99999999999972,211.09999999999997,206.4,52.122728958101504,47.87666022927426,47.21635248532962,47.207921982282976,221.27144915601716,206.4,191.52855084398286,-1.7546348930166573,-3.352084227236091,1.5974493342194336
2023-11-23,2382,35278323,7252369606,208.0,209.5,203.0,203.5,-5.0,28059,209.99999999999972,209.54999999999995,206.45,38.11063218390796,48.16631574765614,39.873896152690776,43.75033017894998,221.2753161854996,206.45,191.62468381450037,-2.1477219942049715,-3.111211780629867,0.9634897864248955
2023-11-24,2382,31770731,6411485980,204.0,205.0,200.0,203.5,0.0,24622,208.99999999999972,208.54999999999995,206.475,15.515350877192892,35.24957067306756,39.87389615269077,43.75033017894998,221.27863131127023,206.475,191.67136868872976,-2.431220754461293,-2.975213575396152,0.543992820934859
2023-11-27,2382,51001377,10023419234,203.0,203.0,193.0,196.5,-7.0,43921,205.89999999999972,207.59999999999997,206.0,11.669197031039047,21.765060030713403,30.759145062563043,39.100486052343705,221.43048929878785,206.0,190.56951070121215,-3.1840335067480225,-3.0169775616665264,-0.16705594508149613
2023-11-28,2382,34567985,6779673318,196.0,198.0,194.0,197.0,0.5,21869,201.79999999999973,206.44999999999996,206.4,15.755735492577509,14.31342780026992,32.05346665847935,39.59433189202386,220.39499910682437,206.4,192.40500089317564,-3.697672745642194,-3.15311659846166,-0.544556147180534
2023-11-29,2382,37752103,7550236059,198.5,202.0,196.0,201.0,4.0,21605,200.29999999999973,205.64999999999995,206.9,19.87179487179478,15.76557579847055,42.14698446636952,43.53891799202248,219.27982229274755,206.9,194.52017770725246,-3.738869610922336,-3.2702672009537954,-0.46860240996854063
2023-11-30,2382,55734198,11215917208,199.0,203.0,197.0,203.0,2.0,22698,200.19999999999973,205.09999999999997,207.0,28.205128205128116,21.27755285650024,46.760441586640674,45.45678790409677,219.21883791528427,207.0,194.78116208471573,-3.5689939969860234,-3.330012560160241,-0.23898143682578254
2023-12-01,2382,30376425,6069459408,201.0,202.0,198.0,200.0,-3.0,19381,199.49999999999972,204.24999999999994,207.0,32.05128205128196,26.70940170940172,41.03402828884267,43.092256285402065,219.21883791528427,207.0,194.78116208471573,-3.634544510318136,-3.39091895019182,-0.2436255601263162
2023-12-04,2382,27451006,5477126150,202.0,202.5,197.5,197.5,-2.5,16841,199.69999999999973,202.79999999999995,206.6,29.11194496560341,29.789451740671268,36.66826674241057,41.170340820963894,219.494184735764,206.6,193.70581526423598,-3.8439126388795444,-3.481517687929365,-0.3623949509501796
2023-12-05,2382,29376076,5707775494,195.5,196.5,192.5,195.0,-2.5,18015,199.29999999999973,200.54999999999995,206.15,21.193392929404315,27.452206648763333,32.61935743442961,39.28352221214339,219.97063674365188,206.15,192.32936325634813,-4.163572424631326,-3.617928635269757,-0.5456437893615691
2023-12-06,2382,22116889,4421993528,199.0,202.0,198.0,199.5,4.5,14590,198.99999999999972,199.64999999999995,205.375,30.885700621712004,27.063679505573347,45.30267933434731,44.23740632561146,218.85785948899587,205.375,191.89214051100413,-4.0075956479453225,-3.69586203780487,-0.31173361014045264
2023-12-07,2382,27499966,5511511109,199.5,203.5,196.0,201.0,1.5,20650,198.59999999999974,199.39999999999995,204.475,49.32620320855605,33.80176558655756,49.03353072429373,45.8241558924704,216.52686707527207,204.475,192.42313292472792,-3.720062895294518,-3.7007022093027997,-0.019360685991718363
2023-12-08,2382,29825312,6081501516,205.0,206.5,202.0,203.0,2.0,18873,199.19999999999973,199.34999999999997,203.95,69.42424242424232,49.87871541817023,53.92249005910139,47.95083803324923,215.27651755836882,203.95,192.62348244163115,-3.292849907943662,-3.6191317490309722,0.3262818410873103
2023-12-11,2382,20920534,4282381233,208.0,208.0,202.0,204.0,1.0,15045,200.49999999999972,200.09999999999997,203.85,75.48875855327458,64.74640139535775,56.36418690966708,49.02824838301868,215.137603820122,203.85,192.562396179878,-2.840841443119558,-3.4634736878486896,0.6226322447291315
2023-12-12,2382,21583173,4384055734,205.0,206.0,201.0,201.0,-3.0,17270,201.69999999999973,200.49999999999994,203.475,68.01075268817195,70.97458455522973,47.545906274526764,45.95494396223644,214.6171497028186,203.475,192.33285029718138,-2.6936457348599845,-3.3095080972509487,0.6158623623909643
2023-12-13,2382,24049992,4866178863,203.0,205.0,200.5,201.0,0.0,15776,201.99999999999972,200.49999999999994,203.075,61.290322580645075,68.26327794069731,47.54590627452676,45.95494396223644,213.96662522307994,203.075,192.18337477692003,-2.5476246445157926,-3.1571314067039173,0.6095067621881247
2023-12-14,2382,30157759,6168826407,204.0,206.0,202.0,205.5,4.5,18219,202.89999999999972,200.74999999999994,202.925,64.51612903225798,64.60573476702511,60.244657318716385,51.268989216159525,213.5939971412479,202.925,192.2560028587521,-2.0452135378983485,-2.9347478329428034,0.8895342950444549
2023-12-15,2382,31923048,6495797695,206.5,207.0,202.5,202.5,-3.0,15293,202.79999999999973,200.99999999999994,202.625,67.74193548387088,64.51612903225809,50.69843202538509,47.88839544385496,212.9829679474309,202.625,192.2670320525691,-1.8675955650453773,-2.721317379363318,0.8537218143179408
2023-12-18,2382,26818335,5455787221,202.5,205.5,199.0,203.0,0.5,12923,202.59999999999974,201.54999999999995,202.175,68.90681003584221,67.05495818399048,52.172068225612975,48.497927250269825,211.60513785689218,202.175,192.74486214310784,-1.6672670043765834,-2.510507304365971,0.8432402999893878
2023-12-19,2382,52909098,10898691309,205.0,210.0,203.5,203.5,0.5,27143,203.09999999999974,202.39999999999995,201.475,58.80696364567323,65.15190305512888,53.78372041060688,49.13859806041213,207.8269681989131,201.475,195.12303180108688,-1.451428194685917,-2.2986914824299602,0.8472632877440431
2023-12-20,2382,70764561,14839333996,206.5,212.5,204.0,210.0,6.5,46306,204.89999999999972,203.44999999999996,201.55,64.4620811287477,64.05861827008782,69.41485270002264,56.6825830630999,208.25745853509292,201.55,194.8425414649071,-0.7472647033933697,-1.988406126622642,1.2411414232292723
2023-12-21,2382,66534354,14140008914,207.0,217.5,204.0,215.5,5.5,58075,206.89999999999972,204.89999999999995,202.15,74.74736641403298,66.00547039615141,77.07055612407169,61.84023674422205,211.1893583843098,202.15,193.1106416156902,0.25169261546423627,-1.5403863782052665,1.7920789936695027
2023-12-22,2382,38583431,8360094300,217.5,219.0,214.0,215.0,-0.5,46051,209.39999999999972,206.09999999999997,202.725,83.5568902235568,74.2554459221126,75.07741549212636,61.12767986615528,213.3573797900571,202.725,192.09262020994288,0.9915971517148989,-1.0339896722212334,2.0255868239361323
2023-12-25,2382,23823565,5159860097,216.0,219.0,214.5,215.5,0.5,29483,211.89999999999972,207.24999999999994,203.675,83.89639639639631,80.73355101132881,75.80734312565185,61.604130147009606,215.26497411558736,203.675,192.08502588441266,1.5998802253960207,-0.5072156926977825,2.1070959180938034
2023-12-26,2382,17113936,3686182909,217.0,217.0,213.5,216.0,0.5,16069,214.39999999999972,208.74999999999994,204.625,82.49999999999991,83.31776220665112,76.60667204725746,62.104338909960056,216.96142979147533,204.625,192.28857020852467,2.098109069728565,0.013849259787487078,2.084259809941078
2023-12-27,2382,17098655,3686115070,216.5,217.0,214.0,215.5,-0.5,12775,215.49999999999972,210.19999999999996,205.35,83.33333333333324,83.24324324324328,73.76332900494137,61.245082672628016,218.43090210956473,205.35,192.26909789043526,2.4246631891375046,0.4960120456574906,1.928651143480014
2023-12-28,2382,19760672,4294054449,217.0,219.0,215.5,217.0,1.5,13497,215.79999999999973,211.34999999999997,206.05,85.83333333333326,83.88888888888893,76.77978469392016,62.903301890561636,220.02104147871495,206.05,192.07895852128507,2.7725370640118854,0.9513170493283696,1.8212200146835158
2023-12-29,2382,55866475,12503920216,218.0,226.5,217.5,224.5,7.5,37169,217.69999999999973,213.54999999999995,207.275,87.93478260869557,85.70048309178749,86.10120593920013,69.84972320438072,223.08472801790026,207.275,191.46527198209975,3.6117825549931126,1.4834101504613182,2.1283724045317944
2024-01-02,2382,42474060,9242593841,224.5,225.0,213.5,214.0,-10.5,36813,217.39999999999972,214.64999999999995,208.1,75.2495974235104,83.00590445517987,52.00358864897131,54.47145144179034,223.5000000000001,208.1,192.69999999999987,3.390544320804679,1.8648369845299904,1.5257073362746887
2024-01-03,2382,23219794,4950587958,209.5,216.0,209.0,214.0,0.0,16072,216.99999999999972,215.69999999999996,209.05,60.06441223832521,74.4162640901772,52.0035886489713,54.47145144179034,223.40931753252826,209.05,194.69068246747176,3.178570840220516,2.1275837556680957,1.0509870845524203
2024-01-04,2382,27444184,5968942580,214.0,220.0,212.5,219.0,5.0,18919,217.69999999999973,216.59999999999997,210.025,48.677248677248606,61.33041944636154,61.80692148739803,59.407087481811,224.30601887121537,210.025,195.74398112878464,3.3751321207859633,2.377093428691669,0.9980386920942941
2024-01-05,2382,29553759,6460207453,219.5,221.5,215.5,215.5,-3.5,18641,217.39999999999972,216.59999999999997,210.75,46.243386243386176,51.66168238632014,52.97106740686507,54.91896797664584,224.5901589586243,210.75,196.9098410413757,3.2114678007642112,2.5439683031061775,0.6674994976580337
2024-01-08,2382,18315187,3944803383,217.0,218.0,214.0,214.0,-1.5,20699,215.29999999999973,216.49999999999994,211.3,40.952380952380885,45.291005291005355,49.43731359313141,53.06854410403234,224.73279568816568,211.3,197.86720431183434,2.9269847260945596,2.620571587703854,0.3064131383907056
2024-01-09,2382,40282596,8866028252,220.5,225.0,216.0,216.0,2.0,23615,215.69999999999973,216.54999999999995,211.9,35.23809523809518,40.81128747795422,54.19103346662026,55.23433876629452,225.04381984051855,211.9,198.75618015948146,2.830287334531789,2.662514737069441,0.1677725974623483
2024-01-10,2382,22952122,4992840769,215.0,219.5,214.0,218.0,2.0,20893,216.49999999999972,216.74999999999994,212.75,39.999999999999936,38.73015873015881,58.718974036566216,57.35376651342885,225.14152936485195,212.75,200.35847063514805,2.8818174427429426,2.706375278204141,0.17544216453880157
2024-01-11,2382,35815527,7966091982,220.0,225.0,217.0,224.0,6.0,29284,217.49999999999972,217.59999999999997,213.9,59.04761904761899,44.761904761904844,69.32954015158128,63.01154275530647,225.98139064843085,213.9,201.81860935156917,3.3679812888600225,2.8386964803353174,0.529284808524705
2024-01-12,2382,53306227,12225190448,222.5,234.5,220.5,231.0,7.0,43061,220.59999999999974,218.99999999999994,215.175,74.47245564892619,57.840024898848505,77.27861319708535,68.296106706986,228.73330004093378,215.175,201.61669995906624,4.268901894349369,3.124737563138128,1.1441643312112415
2024-01-15,2382,43734567,10066707058,234.5,235.5,226.0,226.5,-4.5,45543,223.09999999999974,219.19999999999996,216.375,79.34217712242123,70.9540839396556,64.70172201957874,62.14892928162733,229.4741411932231,216.375,203.2758588067769,4.567128557973774,3.4132157621052572,1.153912795868517
2024-01-16,2382,23296792,5295788563,225.5,230.0,224.5,228.0,1.5,20185,225.49999999999972,220.59999999999997,217.625,73.23451666693468,75.68304981276083,66.80279454837724,63.333636592443185,230.13849271786236,217.625,205.11150728213764,4.868392997474672,3.70425120917914,1.1641417882955318
2024-01-17,2382,44081331,10149057117,230.0,233.0,227.5,228.5,0.5,26971,227.59999999999974,222.04999999999995,218.875,66.95696688733294,73.17788689222975,67.55385714843591,63.74102795366545,230.45461571037632,218.875,207.29538428962368,5.0888321680525905,3.9811674009538303,1.1076647670987603
2024-01-18,2382,34790817,7776275604,228.0,229.0,220.5,221.5,-7.0,38409,227.09999999999974,222.29999999999995,219.45,56.57229524772492,65.58792626733099,49.32631511271603,54.59541410322761,230.3307168881473,219.45,208.56928311185268,4.645143972145831,4.113962715192231,0.5311812569536007
2024-01-19,2382,86067526,20250030951,226.0,241.0,225.5,240.0,18.5,55153,228.89999999999972,224.74999999999994,220.675,66.20729256388165,63.245518232979975,72.33897169115883,67.76086096176948,234.59360265974928,220.675,206.75639734025074,5.72037237737959,4.435244647629703,1.2851277297498873
2024-01-22,2382,100042561,25518196155,252.5,260.0,249.5,253.5,13.5,78107,234.29999999999973,228.69999999999996,222.6,72.34986081464,65.04314954208233,80.05158419091404,73.74379891024408,242.29670023125755,222.6,202.90329976874244,7.574521442706555,5.063100006645073,2.5114214360614815
2024-01-23,2382,41967856,10591972438,255.0,255.0,249.0,252.5,-1.0,44734,239.19999999999973,232.34999999999997,224.45,88.24133368285705,75.59949568712636,78.16804160701838,72.66801443647803,247.75214582393687,224.45,201.1478541760631,8.861110921891992,5.822702189694457,3.038408732197535
2024-01-24,2382,23746258,5979704004,253.5,254.5,249.5,250.0,-2.5,26094,243.49999999999972,235.54999999999995,226.15,81.03708301869078,80.54275917206274,73.14813574464523,69.921784110117,251.60014734731396,226.15,200.69985265268605,9.568711101631123,6.57190397208179,2.9968071295493335
2024-01-25,2382,31551751,7941730769,254.0,255.5,249.0,249.0,-1.0,20823,248.99999999999972,238.04999999999995,227.825,76.46452752428608,81.91431474194478,71.01974086337461,68.80173331389398,254.62476679003024,227.825,201.02523320996974,9.934281486308436,7.244379474927119,2.6899020113813163
2024-01-26,2382,29597484,7206891723,248.0,248.0,241.0,242.0,-7.0,31067,249.39999999999972,239.14999999999995,229.075,67.08860759493666,74.86340604597132,57.38385154178539,61.3886935095797,256.06995323203967,229.075,202.08004676796034,9.549081286425292,7.705319837226754,1.8437614491985377
2024-01-29,2382,22949669,5610270915,242.0,247.5,241.0,245.5,3.5,18564,247.79999999999973,241.04999999999995,230.125,63.29113924050628,68.94809145324315,61.67615353313742,63.50595106048473,257.94742800332125,230.125,202.30257199667875,9.417667098067568,8.047789289394917,1.3698778086726513
2024-01-30,2382,41247412,10385542364,250.0,254.0,248.0,253.0,7.5,28111,247.89999999999972,243.54999999999995,232.075,66.66666666666661,65.68213783403667,69.38501346263158,67.60526791565766,260.5623217414348,232.075,203.58767825856515,9.805674020601344,8.399366235636203,1.4063077849651417
2024-01-31,2382,32460795,8043765848,250.0,250.5,245.0,247.0,-6.0,35125,247.29999999999973,245.39999999999995,233.725,69.2961536109582,66.41798650604385,58.41765668541545,61.6400402655902,261.65074976612095,233.725,205.79925023387906,9.519289996710683,8.623350987851099,0.8959390088595836
2024-02-01,2382,35452237,8661977366,246.5,249.5,241.5,243.0,-4.0,21893,246.09999999999974,247.54999999999995,234.925,51.70787912728065,62.556899801635296,52.02208226485525,57.967834683145156,262.27326319896736,234.925,207.5767368010327,8.867344792845245,8.672149748849929,0.19519504399531584
2024-02-02,2382,41010456,10315561608,249.5,254.0,247.5,253.0,10.0,26496,248.29999999999973,248.84999999999997,236.8,51.86792568627963,57.6239861415063,63.63427982023791,63.777685279872806,263.7024162483594,236.8,209.89758375164064,9.053229948872655,8.748365788854475,0.3048641600181803
2024-02-05,2382,38108714,9688101284,253.5,256.5,251.5,255.0,2.0,33498,250.19999999999973,248.99999999999994,238.85,61.20250570809668,54.926103507219125,65.57822099049895,64.82489410492903,264.7190935287656,238.85,212.98090647123442,9.255239915003841,8.849740614084348,0.4054993009194927
2024-02-15,2382,66714823,17848134269,271.0,273.0,262.5,266.5,11.5,53746,252.89999999999972,250.39999999999995,241.375,84.25623377827212,65.77555505754962,74.66371420836859,70.16589484342579,267.6844564748115,241.375,215.0655435251885,10.225415929323106,9.1248756771321,1.1005402521910064
2024-02-16,2382,84887432,21476350554,258.5,258.5,248.5,248.5,-18.0,78852,253.19999999999973,250.24999999999994,242.9,64.48252688172039,69.98042212269654,50.38076586496457,55.867014389029144,267.06112580158424,242.9,218.73887419841574,9.433098949894344,9.186520331684548,0.24657861820979576
2024-02-19,2382,43875949,10712551685,248.5,250.0,241.0,241.5,-7.0,39507,252.89999999999972,249.49999999999994,243.775,34.89583333333329,61.211531331108745,43.90256974590864,51.47389302759253,266.3503737510587,243.775,221.19962624894126,8.146433522137983,8.978502969775235,-0.8320694476372523
2024-02-20,2382,32962251,7992473296,241.5,245.5,240.0,242.5,1.0,24278,250.79999999999973,249.54999999999995,244.35,10.858585858585817,36.74564869121331,45.079557923209975,52.05393226940135,266.1676534026923,244.35,222.53234659730774,7.12529754857232,8.607861885534652,-1.4825643369623318
2024-02-21,2382,34556687,8215835765,239.5,240.5,235.5,236.0,-6.5,30772,246.99999999999972,248.59999999999997,244.825,3.4905303030302615,16.414983164983266,38.89162780696757,48.034768806261354,265.44846964019496,244.825,224.20153035980502,5.725543751065601,8.031398258640841,-2.3058545075752406
2024-02-22,2382,39981279,9731618053,245.5,247.5,240.5,243.5,7.5,25915,242.39999999999972,247.64999999999995,245.6,10.080808080808039,8.143308080808183,48.422279398625015,52.58401551264098,264.74836807667964,245.6,226.45163192332038,5.16191278434593,7.457501163781859,-2.2955883794359293
2024-02-23,2382,34421914,8434107632,248.5,249.0,241.0,241.0,-2.5,31434,240.89999999999972,247.04999999999995,246.225,12.444444444444402,8.67192760942771,45.65330081615732,50.981856202340026,263.85586781755234,246.225,228.59413218244762,4.46206615475819,6.858414161977125,-2.3963480072189345
2024-02-26,2382,18612705,4473998451,240.0,243.0,238.0,241.0,0.0,16440,240.79999999999973,246.84999999999997,247.2,16.888888888888847,13.13804713804724,45.653300816157326,50.981856202340026,260.99275171965405,247.2,233.40724828034593,3.862903511579674,6.259312031897634,-2.3964085203179604
2024-02-27,2382,31686288,7442611710,241.0,242.0,230.5,232.5,-8.5,32174,238.79999999999973,244.79999999999995,246.825,11.346405228758128,13.559912854030602,36.09998934793502,45.51368353537619,261.7423556637906,246.825,231.9076443362094,2.671389719783633,5.541727569474834,-2.870337849691201
2024-02-29,2382,29736438,6887349823,230.5,234.0,228.0,232.0,-0.5,19955,237.99999999999972,242.49999999999994,245.75,10.829101039322792,13.0214650523234,35.58890306560842,45.20652438582385,261.65440190639094,245.75,229.84559809360906,1.6675382906581433,4.766889713711496,-3.0993514230533528
2024-03-01,2382,26223882,6193009490,234.0,238.5,232.0,237.0,5.0,17081,236.69999999999973,239.54999999999995,244.975,19.576575786797537,13.91736068495963,44.7196214603721,48.91901542428251,260.99834234796214,244.975,228.95165765203782,1.2609021192275236,4.065692194814702,-2.804790075587178
2024-03-04,2382,25714237,6163688526,241.0,243.0,236.5,239.0,2.0,18460,236.29999999999973,238.59999999999997,244.425,35.46826579613461,21.957980874085123,48.149686987689485,50.36760861826715,260.4757787973046,244.425,228.37422120269542,1.0874874308505298,3.470051242021867,-2.3825638111713374
2024-03-05,2382,27710895,6750919174,240.5,246.5,239.0,245.0,6.0,25428,237.09999999999974,238.94999999999996,244.225,58.08080808080805,37.70854988791354,57.40092092788333,54.533295264734875,260.1418935411406,244.225,228.30810645885938,1.417860681485621,3.059613129914618,-1.641752448428997
2024-03-06,2382,19775820,4855358341,243.0,247.0,242.5,246.5,1.5,29653,239.89999999999972,239.34999999999997,244.45,73.80952380952378,55.78619922882229,59.508108257154234,55.53799238633228,260.36194519849795,244.45,228.53805480150203,1.7802002860403547,2.803730561139765,-1.0235302750994104
2024-03-07,2382,23644951,5752002861,248.0,248.5,240.5,240.5,-6.0,32296,241.59999999999974,239.79999999999995,244.2,76.19047619047616,69.36026936026947,48.34758613779848,50.710879084256234,260.19499921850655,244.2,228.20500078149342,1.5651649302238013,2.5560174349565723,-0.990852504732771
2024-03-08,2382,26550790,6438453359,241.0,246.5,239.5,241.5,1.0,17059,242.49999999999972,239.59999999999997,243.625,71.15756871854431,73.71918957284822,50.16493755572867,51.46798917565945,259.1326593978585,243.625,228.11734060214152,1.4586253787410612,2.33653902371347,-0.8779136449724088
2024-03-11,2382,47860377,11879268082,243.5,254.5,243.0,249.5,8.0,39343,244.59999999999974,240.44999999999996,243.75,68.83651451069765,72.06151980657285,62.4845111999094,57.13997403136889,259.4040729524296,243.75,228.0959270475704,1.9967083469099691,2.26857288835277,-0.2718645414428007
2024-03-12,2382,44712502,11313207794,253.0,256.0,247.0,254.5,5.0,51842,246.49999999999972,241.79999999999995,244.325,80.54286371704686,73.51231564876308,68.21408363811737,60.26560754282853,260.6567941451638,244.325,227.99320585483613,2.7943892097555647,2.3737361526333287,0.420653057122236
2024-03-13,2382,35589567,8952053745,256.0,257.0,248.0,250.5,-4.0,49581,247.29999999999973,243.59999999999997,244.2,83.2583108715184,77.54589636642112,59.70369159369587,56.703012744306946,260.3009316500636,244.2,228.09906834993637,3.0684196383695905,2.5126728497805813,0.5557467885890093
2024-03-14,2382,24852254,6074263980,250.5,251.5,241.0,243.5,-7.0,29810,247.89999999999972,244.74999999999994,243.625,67.59639953542391,77.13252470799654,47.58333864911876,51.01904096358504,258.94451369985353,243.625,228.30548630014647,2.6897435395530067,2.5480869877350663,0.14165655181794046
2024-03-15,2382,69508683,17566885985,240.5,258.5,239.5,257.5,14.0,43320,251.09999999999974,246.79999999999995,243.175,67.67271211173649,72.84247417289309,64.43160277688364,59.716421972608394,256.1259652149938,243.175,230.2240347850062,3.47921675512913,2.734312941213879,0.7449038139152511
2024-03-18,2382,57548118,14906838948,265.0,267.5,253.0,255.0,-2.5,55128,252.19999999999973,248.39999999999995,243.5,61.45842639745078,65.57584601487055,60.38776673842412,57.74459322386466,257.26953158244703,243.5,229.73046841755297,3.858670508014967,2.9591844545740966,0.8994860534408704
2024-03-19,2382,33360934,8557940132,256.0,260.5,253.0,257.0,2.0,30756,252.69999999999973,249.59999999999997,244.275,70.9096459096459,66.68026147294455,62.5797539636901,58.913419808589076,259.20307757214584,244.275,229.34692242785417,4.271534040811389,3.221654371821555,1.049879668989834
2024-03-20,2382,55810767,14105311148,257.5,261.0,248.0,249.0,-8.0,35797,252.39999999999972,249.84999999999997,244.6,50.59523809523808,60.98777013411175,49.73613282764734,52.640980875057075,259.6419413640663,244.6,229.55805863593366,3.9081475318534444,3.3589530038279327,0.5491945280255117
2024-03-21,2382,33794333,8626101445,254.5,257.5,253.0,254.5,5.5,25542,254.59999999999974,251.24999999999994,245.525,49.99999999999998,57.16829466829481,56.8408389841872,56.101411527651756,260.6129919141015,245.525,230.43700808589853,4.017652146979259,3.490692832458198,0.5269593145210609
2024-03-22,2382,42860311,11081803573,256.5,262.5,254.5,257.5,3.0,38743,254.59999999999974,252.84999999999997,246.225,50.595238095238074,50.396825396825534,60.40258097084755,57.90804398327922,262.1481749346663,246.225,230.30182506533367,4.296977390773208,3.6519497441212,0.6450276466520077
2024-03-25,2382,18242235,4691278501,258.0,259.5,255.0,255.0,-2.5,29641,254.59999999999974,253.39999999999995,246.925,57.73809523809522,52.777777777777914,55.91623341805789,55.845464942694925,263.09681189601207,246.925,230.75318810398798,4.267423352255378,3.7750444657480355,0.4923788865073422
2024-03-26,2382,38992957,10022778494,258.0,262.0,252.0,254.0,-1.0,25611,253.99999999999972,253.34999999999997,247.575,57.14285714285713,55.1587301587303,54.04303438353065,55.00156410257036,263.78695546502684,247.575,231.36304453497314,4.115864793846754,3.8432085313677793,0.27265626247897456
2024-03-27,2382,20191342,5142647359,254.0,258.5,251.0,257.5,3.5,22071,255.69999999999973,254.04999999999995,248.825,57.14285714285713,57.34126984126999,59.573111267269574,57.426475322624334,264.0180082603813,248.825,233.6319917396187,4.22942017066228,3.9204508592266794,0.3089693114356007
2024-03-28,2382,97361040,26132012141,259.5,280.0,259.0,280.0,22.5,68900,260.7999999999997,257.69999999999993,251.225,72.0238095238095,62.10317460317475,78.75050767395986,68.9940560568546,269.81390798298776,251.225,232.63609201701223,6.065061332889115,4.349372953959167,1.7156883789299489
2024-03-29,2382,135928954,39327453727,279.0,298.0,276.5,293.5,13.5,113820,267.9999999999997,261.29999999999995,254.05,85.09523809523809,71.42063492063507,84.04765360775632,73.62465360997379,279.1615511269216,254.05,228.93844887307844,8.511047299501143,5.181707823067562,3.3293394764335815
2024-04-01,2382,66759245,19212764899,294.5,296.5,281.5,282.5,-11.0,77738,273.4999999999997,264.04999999999995,256.225,86.66666666666667,81.26190476190492,67.94622477695815,65.09409842663983,283.21106121685676,256.225,229.23893878314328,9.452933201553265,6.035952898764703,3.416980302788562
2024-04-02,2382,87462983,25759711026,286.5,299.0,286.5,298.0,15.5,60512,282.2999999999997,268.15,258.875,85.97222222222223,85.91137566137581,75.62335031032745,70.31366368541558,290.87480468690376,258.875,226.87519531309624,11.319619498584927,7.092686218728748,4.22693327985618
2024-04-03,2382,54178226,15865052312,294.5,295.5,289.5,293.5,-4.5,54825,289.4999999999997,272.59999999999997,261.225,85.15277777777779,85.93055555555571,69.94884981953369,67.17317766595295,296.02510775845286,261.225,226.4248922415472,12.294150135876635,8.132979002158326,4.161171133718309
2024-04-08,2382,44690685,13086884942,294.5,296.5,290.0,291.5,-2.0,30103,291.7999999999997,276.29999999999995,263.775,90.27777777777779,87.13425925925941,67.32922201205305,65.76723095819924,299.5862761570998,263.775,227.96372384290015,12.758022855852971,9.057987772897254,3.7000350829557167
2024-04-09,2382,41330777,11879426508,294.0,294.0,283.0,287.0,-4.5,33712,290.4999999999997,279.24999999999994,266.05,82.6388888888889,86.02314814814831,61.302685121736985,62.59280931552949,301.6925307743426,266.05,230.40746922565745,12.617090965739237,9.76980841146565,2.847282554273587
2024-04-10,2382,34153216,9723781385,290.0,291.0,282.0,282.0,-5.0,39319,290.39999999999975,281.94999999999993,267.675,74.65277777777779,82.52314814814831,54.929268366345816,59.17509176502106,303.11406742565316,267.675,232.23593257434686,11.964029331425252,10.20865259545757,1.7553767359676815
2024-04-11,2382,33129231,9422407548,282.0,288.0,281.0,284.5,2.5,27869,287.6999999999997,284.99999999999994,269.175,67.77777777777779,75.02314814814831,57.5063806304664,60.34111423716726,304.7956049920542,269.175,233.55439500794583,11.515459340650125,10.470013944496081,1.0454453961540437
2024-04-12,2382,49700099,13667909315,276.5,280.5,271.0,271.0,0.0,45010,283.1999999999997,286.34999999999997,270.2,42.77777777777778,61.736111111111256,42.27696906764055,51.74624986856994,304.7765816702582,270.2,235.62341832974175,9.955862232884442,10.367183602173753,-0.4113213692893112
2024-04-15,2382,39186632,10334378260,268.5,273.0,259.0,261.0,-10.0,35248,277.09999999999974,284.44999999999993,271.075,22.916666666666668,44.49074074074088,34.40325492756483,46.46646473484301,303.7373253918029,271.075,238.41267460819705,7.822777749787292,9.858302431696462,-2.0355246819091697
2024-04-16,2382,47520159,11991975116,258.5,261.5,248.0,249.5,-11.5,42354,269.59999999999974,280.04999999999995,270.675,2.6470588235294117,22.78050108932476,27.52538660776746,41.25354364042057,304.1776491489851,270.675,237.17235085101493,5.145030331408748,8.915648011638918,-3.7706176802301705
2024-04-17,2382,41068840,10330360334,254.0,256.0,247.5,254.5,5.0,28726,264.09999999999974,277.24999999999994,270.65,7.408963585434175,10.990896358543557,34.19822888880378,44.18542241346917,304.2001117732869,270.65,237.09988822671306,3.38730764941522,7.809979939194179,-4.4226722897789585
2024-04-18,2382,25587743,6418946035,250.0,254.0,248.5,250.5,-4.0,19605,257.2999999999997,272.49999999999994,270.325,7.783113245298121,5.9463785514207075,31.49201465381723,42.36389831283182,304.51750648899554,270.325,236.13249351100444,1.6524843783442975,6.578480827024203,-4.925996448679905
2024-04-19,2382,37114969,9060801065,250.0,251.5,237.0,241.5,-9.0,29772,251.39999999999972,267.29999999999995,269.95,9.434300035803796,8.208792288845503,26.07549391166346,38.51647762730757,305.21740704956966,269.95,234.68259295043032,-0.4434880919060902,5.174087043238144,-5.617575135144234
2024-04-22,2382,32704452,7639950059,238.0,241.0,230.0,230.0,-11.5,31060,245.19999999999973,261.15,268.725,4.672395273899034,7.296602851667122,20.75409431576708,34.237711920330014,307.57403473704255,268.725,229.87596526295746,-2.9979566872087275,3.5396782971487695,-6.5376349843574975
2024-04-23,2382,21894681,5163077477,236.0,239.0,233.0,237.0,7.0,14774,242.69999999999973,256.15,267.7,6.65456745311555,6.920420920939598,30.78500795731311,38.701529748260135,308.70170728152686,267.7,226.6982927184731,-4.40675166430097,1.9503923048588214,-6.357143969159791
2024-04-24,2382,44632468,11422695838,250.0,260.5,249.0,260.5,23.5,32203,243.89999999999972,253.99999999999994,267.975,24.15500170706726,11.82732147802742,53.72618074915621,50.78030657266112,308.7051792286746,267.975,227.24482077132546,-3.5856451459054597,0.8431848147059651,-4.4288299606114245
2024-04-25,2382,42964267,10997611755,257.5,261.0,250.0,255.5,-5.0,36024,244.89999999999972,251.09999999999997,268.05,43.922443567532376,24.910670909238533,49.64192448344869,48.586609093287386,308.6823762534262,268.05,227.41762374657384,-3.3003264190040795,0.014482567963956194,-3.3148089869680355
2024-04-26,2382,40911363,10701633788,266.0,269.0,257.0,257.5,2.0,30112,248.09999999999974,249.74999999999994,268.05,63.40372856605875,43.82705794688627,51.36721769140428,49.525888445816264,308.6823762534262,268.05,227.41762374657384,-2.8796313888790053,-0.5643402234046361,-2.315291165474369
2024-04-29,2382,15610050,4078592693,260.5,263.5,258.5,261.5,4.0,21632,254.39999999999972,249.79999999999995,267.125,70.19479228781553,59.1736548071357,54.96719353338211,51.43679964598098,307.4683699633536,267.125,226.7816300366464,-2.198122389335083,-0.8910966565907255,-1.3070257327443575
2024-04-30,2382,14843386,3879572934,262.0,264.0,260.0,260.0,-1.5,13996,258.9999999999997,250.84999999999997,265.45,76.06837606837605,69.88896564075026,53.24290373002957,50.662209618581265,304.0166954767972,265.45,226.88330452320272,-1.7587848838310265,-1.0646343020387856,-0.6941505817922409
2024-05-02,2382,22185686,5744710805,254.0,263.0,251.0,261.0,1.0,18661,259.09999999999974,251.49999999999994,264.375,79.05982905982906,75.10766580534035,54.35653353811316,51.189926332461766,302.17165990534113,264.375,226.57834009465884,-1.3147593751446038,-1.1146593166599492,-0.20010005848465462
2024-05-03,2382,23079872,6020658244,264.0,266.0,256.5,256.5,-4.5,27449,259.2999999999997,252.09999999999997,262.3,74.78632478632478,76.63817663817677,48.31515566081819,48.66728520533742,296.9069357210366,262.3,227.69306427896345,-1.3108674879954378,-1.153900950927047,-0.1569665370683908
2024-05-06,2382,43592042,11633781868,262.0,273.0,262.0,262.0,5.5,39134,260.1999999999997,254.14999999999995,260.725,73.31196581196582,75.71937321937337,55.38573438382392,51.79412612346667,292.2376561876334,260.725,229.21234381236667,-0.8541331890837682,-1.0939473985583912,0.23981420947462295
2024-05-07,2382,22586603,5974327575,265.0,267.0,260.5,267.0,5.0,31229,261.2999999999997,257.84999999999997,259.5,71.81623931623932,73.30484330484346,61.03873352487821,54.50710920903121,287.88133189263675,259.5,231.11866810736325,-0.08769881598681195,-0.8926976820440753,0.8049988660572633
2024-05-08,2382,44764504,12229468348,267.0,277.5,266.5,273.5,6.5,32729,263.9999999999997,261.49999999999994,258.825,77.65151515151514,74.25990675990691,67.31915257483126,57.829735425042394,285.1238117602309,258.825,232.52618823976906,1.0323018901830778,-0.5076977675986447,1.5399996577817225
2024-05-09,2382,27492939,7552299993,274.0,278.0,272.0,274.5,1.0,32015,266.6999999999997,262.9,258.45,82.49719416386083,77.32164954387191,68.23810986785605,58.33392271662361,283.60531752930257,258.45,233.2946824706974,1.9778032766103024,-0.010597558756855308,1.9884008353671576
2024-05-10,2382,32696944,8845001901,275.0,275.0,267.0,270.5,-4.0,38687,269.4999999999997,264.4,257.75,81.57126823793489,80.57332585110377,60.32243956056818,55.476720217209284,280.64432244029126,257.75,234.85567755970877,2.3769533283512487,0.4669126186647655,1.9100407096864833
2024-05-13,2382,20104613,5504666209,272.0,276.0,269.5,274.5,4.0,16668,271.9999999999997,266.09999999999997,257.925,82.09876543209876,82.05574261129831,65.05208676551294,57.707554554423325,281.27082403771533,257.925,234.57917596228467,2.9816782597339966,0.9698657468786118,2.0118125128553848
2024-05-14,2382,47211747,13353452185,275.0,290.5,272.0,288.5,14.0,47140,276.2999999999997,268.79999999999995,259.3,84.73198937333957,82.80067434779123,76.49362257334678,64.42595842730397,286.18010416646445,259.3,232.41989583353558,4.538295476518385,1.6835516928065666,2.854743783711819
2024-05-15,2382,63321591,18399837019,288.0,295.0,285.5,287.0,-1.5,75085,278.9999999999997,271.49999999999994,261.175,87.0648417061919,84.6318655038769,73.48630362187734,63.266316874393205,290.20476920335364,261.175,232.1452307966464,5.586490783383454,2.464139510921944,3.1223512724615095
2024-05-16,2382,82967358,23598719768,290.5,292.0,276.5,277.0,-10.0,97076,279.4999999999997,273.09999999999997,262.3,73.99452501268681,81.93045203073957,56.27768477269392,56.0261720162986,291.94523570491504,262.3,232.65476429508502,5.546341912313267,3.0805799912002088,2.465761921113058
2024-05-17,2382,47095741,13414799568,279.5,289.0,279.5,286.0,9.0,33703,282.59999999999974,276.04999999999995,264.075,66.98663655185393,76.0153344235777,64.90657059305518,60.41667401355467,294.90886936471054,264.075,233.2411306352894,6.169628786405667,3.6983897502413003,2.471239036164367
2024-05-20,2382,24611697,6973905276,287.5,287.5,279.5,282.0,-4.0,34531,284.09999999999974,278.04999999999995,266.1,58.70836511568776,66.56317556007632,58.88109010349033,57.66114291069307,296.0442815909812,266.1,236.15571840901885,6.2685614793680315,4.212424096066647,2.056137383301385
2024-05-21,2382,18882778,5338352065,282.5,286.5,280.5,282.0,0.0,14518,282.7999999999997,279.54999999999995,268.7,60.62347898732336,62.1061602182885,58.88109010349033,57.66114291069307,294.3815108589825,268.7,243.01848914101745,6.274636250442597,4.624866526941837,1.6497697235007607
2024-05-22,2382,22072151,6271227255,282.5,286.0,280.0,285.5,3.5,16498,282.4999999999997,280.74999999999994,271.125,58.00960735171259,59.11381715157472,62.974672718877514,59.53404765439642,293.29451736055586,271.125,248.9554826394441,6.487092139456081,4.997311649444685,1.4897804900113956
2024-05-23,2382,30110434,8612068797,287.0,293.0,282.5,284.0,-1.5,22558,283.89999999999975,281.69999999999993,272.3,58.83520074696543,59.15609569533394,59.98859791573506,58.34288153456269,294.58317751129715,272.3,250.01682248870287,6.45996108794867,5.289841537145483,1.1701195508031876
2024-05-24,2382,22866514,6547282082,283.0,289.0,282.5,286.5,2.5,17405,283.9999999999997,283.29999999999995,273.85,61.99255064344576,59.612452914041405,63.36622698128088,59.78701286304735,295.54815660372884,273.85,252.15184339627123,6.56451697536653,5.544776624789693,1.0197403505768374
2024-05-27,2382,40649265,11863165074,290.0,295.0,288.0,293.5,7.0,44290,286.2999999999997,285.19999999999993,275.65,70.59937175026687,63.80904104689284,71.28477032450724,63.592823520050565,297.5956145960883,275.65,253.70438540391166,7.13002922932219,5.861827145696192,1.2682020836259982
2024-05-28,2382,28482624,8274446979,293.5,294.0,288.0,289.5,-4.0,39519,287.7999999999997,285.29999999999995,277.05,75.06854680767721,69.22015640046344,62.3062638738682,60.092960265062324,298.77763217656326,277.05,255.3223678234368,7.172752172115736,6.124012150980101,1.048740021135635
2024-05-29,2382,30632167,8927339068,290.5,297.0,287.0,287.0,-2.5,25182,288.09999999999974,285.29999999999995,278.4,68.33976833976831,71.33589563257095,57.065354268826,57.94644268996152,299.0509079703552,278.4,257.74909202964477,6.925053598268903,6.284220440437862,0.6408331578310413
2024-05-30,2382,18805873,5326290022,286.0,287.0,281.0,281.5,-5.5,34580,287.59999999999974,285.74999999999994,279.425,41.518661518661496,61.64232555536916,46.932762468926825,53.425137117017705,298.49401937698957,279.425,260.35598062301045,6.213323335588086,6.270041019467906,-0.056717683879820235
2024-05-31,2382,37645592,10433217346,281.5,282.5,274.0,274.0,-7.5,33906,285.09999999999974,284.54999999999995,280.3,18.09523809523807,42.65122265122279,36.595211676567885,47.932845951638875,296.4660137325182,280.3,264.1339862674818,4.986602208580734,6.013353257290472,-1.0267510487097375
2024-06-03,2382,28549413,8071175648,279.0,288.5,278.0,282.5,8.5,21097,282.89999999999975,284.59999999999997,281.325,16.128364389233926,25.24742133437799,50.896073534112894,53.73753574148164,295.1498869796487,281.325,267.50011302035125,4.646731214958663,5.74002884882411,-1.093297633865447
2024-06-04,2382,27723883,7697754217,283.0,284.5,273.0,275.0,-7.5,31076,279.9999999999997,283.9,281.725,15.096618357487893,16.440073613986787,41.30563287437059,48.59011012271524,294.27280857360967,281.725,269.1771914263904,3.729205721779465,5.337864223415181,-1.6086585016357162
2024-06-05,2382,14829732,4123152161,278.0,281.0,274.5,276.5,1.5,12538,277.89999999999975,282.99999999999994,281.875,19.957729468599005,17.060904071773766,43.777587778435766,49.62932365674415,294.09332639930597,281.875,269.65667360069403,3.0875067659065394,4.887792731913453,-1.8002859660069133
2024-06-06,2382,19060891,5356602068,284.0,285.0,278.0,279.5,3.0,15655,277.4999999999997,282.54999999999995,282.125,16.66666666666664,17.24033816425134,48.80820488972376,51.73088529879545,293.9270125402398,282.125,270.3229874597602,2.788882150725101,4.468010615675782,-1.679128464950681
2024-06-07,2382,26576693,7281602043,278.0,280.0,271.0,273.0,-6.5,30265,277.2999999999997,281.19999999999993,282.25,16.452991452991427,17.692462529419185,39.80514920424911,47.14159617159761,293.6012113890975,282.25,270.8987886109025,2.004616345090369,3.9753317615586994,-1.9707154164683303
2024-06-11,2382,18578391,5137487994,276.5,279.5,274.0,274.5,1.5,14528,275.6999999999997,279.29999999999995,282.25,16.0790598290598,16.399572649572786,42.65309536333334,48.28184880971095,293.6012113890975,282.25,270.8987886109025,1.4869765675122721,3.477660722749414,-1.9906841552371417
2024-06-12,2382,16850597,4627119212,277.0,277.0,273.0,274.5,0.0,18298,275.59999999999974,277.79999999999995,281.55,13.717948717948689,15.4166666666668,42.653095363333335,48.28184880971095,292.9994541354585,281.55,270.1005458645415,1.0644727353070493,2.995023125260941,-1.9305503899538916
2024-06-13,2382,28316917,7951525965,277.0,284.0,277.0,284.0,9.5,22565,277.09999999999974,277.49999999999994,281.4,35.91575091575089,21.904253154253286,59.266267495530855,55.355683865390304,292.6365475124706,281.4,270.16345248752936,1.4791552287610443,2.6918495459609617,-1.2126943171999174
2024-06-14,2382,34560601,9931997016,285.0,292.0,282.0,290.5,6.5,36484,279.2999999999997,278.4,282.075,62.38095238095235,37.33821733821747,66.91672803826812,59.443119401933444,293.78514517416426,282.075,270.3648548258357,2.3057109688886612,2.6146218305465014,-0.3089108616578402
2024-06-17,2382,17439497,5015070612,290.5,290.5,284.5,288.5,-2.0,43320,282.39999999999975,279.84999999999997,282.2,83.49206349206347,60.59625559625573,62.69008418949456,57.692837651849224,294.12644121270006,282.2,270.2735587872999,2.7674773069500134,2.645192925827204,0.12228438112280937
2024-06-18,2382,20750060,6030325838,290.0,293.0,287.0,291.0,2.5,19567,285.6999999999997,280.69999999999993,282.65,89.033189033189,78.30206830206843,65.8369246017104,59.3058334184,295.1763721803255,282.65,270.1236278196745,3.2971520469473603,2.775584750051235,0.5215672968961251
2024-06-19,2382,111394537,34554644814,292.5,320.0,291.5,316.0,25.0,100363,293.9999999999997,284.79999999999995,284.35,88.69305297876724,87.07276850134006,82.78075006541833,71.15087634741786,303.5257659560176,284.35,265.17423404398244,5.668866990854781,3.354241198211944,2.3146257926428366
2024-06-20,2382,73255020,23833512611,319.0,331.5,318.0,330.0,14.0,74752,303.1999999999997,290.15,286.575,93.42216225333107,90.38280142176261,86.99484898589166,75.45884208759529,314.2232820442788,286.575,258.9267179557212,8.579254858692707,4.399243930308097,4.18001092838461
2024-06-21,2382,52479029,16644768690,320.5,322.0,311.0,319.5,-10.5,72926,308.9999999999997,294.15,288.35,89.61485844602726,90.57669122604203,71.6513931351763,67.33725391100006,319.4516076754875,288.35,257.24839232451257,9.92409714991959,5.504214574230395,4.419882575689194
2024-06-24,2382,43240893,13321616155,313.0,317.0,304.0,304.0,-15.5,42512,312.09999999999974,297.24999999999994,289.225,76.66643121188574,86.56781730374819,54.95784855729148,57.49899662611489,321.04555153513195,289.225,257.4044484648681,9.628186157007121,6.32900889078574,3.299177266221381
2024-06-25,2382,41318995,12373446752,301.0,306.0,293.5,305.0,1.0,38936,314.89999999999975,300.29999999999995,289.8,61.28492642254108,75.85540536015152,55.73411034981458,57.92609564614963,322.31676490673647,289.8,257.28323509326356,9.366396220599881,6.936486356748569,2.4299098638513126
2024-06-26,2382,26589631,8252876738,308.0,313.5,307.0,309.5,4.5,26177,313.59999999999974,303.79999999999995,290.8,53.30771844533311,63.75302535992014,59.406935289888295,59.87993227216866,324.4294513782191,290.8,257.17054862178094,9.413524945971972,7.43189407459325,1.981630871378722
2024-06-27,2382,19821403,6029986938,304.0,308.5,299.0,305.0,-4.5,37115,308.59999999999974,305.9,291.7,50.18290787371402,54.92518424719623,54.16384531521903,57.0279434139921,325.83414712571584,291.7,257.56585287428413,8.98419816447182,7.742354892568963,1.241843271902857
2024-06-28,2382,19813400,6161423740,306.0,314.0,306.0,312.0,7.0,17234,307.09999999999974,308.04999999999995,293.225,51.78411737101671,51.75824789668811,60.49187989079242,60.20324103764151,328.11694033010997,293.225,258.3330596698901,9.103851561707017,8.014654226396575,1.089197335310443
2024-07-01,2382,16182302,5011646115,313.0,313.0,307.5,308.5,-3.5,23294,307.9999999999997,310.04999999999995,294.95,47.432265519164865,49.799763587965366,55.98333664127701,57.89952988592769,329.27622903844866,294.95,260.6237709615513,8.814647225504302,8.17465282621812,0.6399943992861825
2024-07-02,2382,18881962,5821560060,310.5,312.5,304.5,306.5,-2.0,15211,308.2999999999997,311.59999999999997,296.15,44.296767198896106,47.837716696359394,53.33333210228729,56.56747661532708,330.32908717330054,296.15,261.9709128266994,8.328066651835513,8.205335591341598,0.12273106049391558
2024-07-03,2382,13478412,4150738038,311.0,311.0,306.0,308.0,1.5,14157,307.9999999999997,310.79999999999995,297.8,42.529239766081865,44.752757494714444,55.18932938115635,57.359816588727085,330.9049845189504,297.8,264.6950154810496,7.971593932843348,8.158587259641948,-0.18699332679859992
2024-07-04,2382,16557163,5156115043,314.0,315.5,309.0,309.0,1.0,17718,308.7999999999997,308.69999999999993,299.425,50.34838870225207,45.72479855574351,56.53387937248217,57.911078173742006,331.3581724073882,299.425,267.4918275926118,7.681233894512218,8.063116586616001,-0.38188269210378323
2024-07-05,2382,14386413,4491114970,312.0,316.0,309.0,312.0,3.0,15779,308.7999999999997,307.94999999999993,301.05,66.35228733772965,53.076638602021355,60.66478336463802,59.59856874198528,332.05628968451333,301.05,270.0437103154867,7.605524646309561,7.971598198554713,-0.3660735522451519
2024-07-08,2382,28788552,9201493109,312.0,326.5,309.5,319.5,7.5,29115,310.9999999999997,309.49999999999994,303.375,74.24170785872911,63.64746129957044,69.20180347976277,63.53476923748694,332.5381188318394,303.375,274.2118811681606,8.057826236506287,7.988843806145028,0.06898243036125873
2024-07-09,2382,68464418,22922840430,329.0,342.5,326.0,336.0,16.5,65795,316.89999999999975,312.59999999999997,306.45,80.60838267734817,73.7341259579358,80.2201629714584,70.37340618702258,335.7551190067544,306.45,277.1448809932456,9.63660581587402,8.318396208090826,1.318209607783194
2024-07-10,2382,36436406,12377600584,344.0,345.0,331.0,341.0,5.0,31101,323.4999999999997,315.74999999999994,309.775,83.24212753331524,79.36407268979768,82.44103445804673,72.08202520690938,338.91513555219024,309.775,280.6348644478097,11.162582912918538,8.887233549056369,2.275349363862169
2024-07-11,2382,24228767,8112061018,343.0,343.0,332.5,332.5,-8.5,27942,328.1999999999997,318.49999999999994,312.2,81.43891017454233,81.76314012840209,67.42607087976293,65.19815857230898,340.4141808316321,312.2,283.98581916836787,11.552877414444367,9.420362322133968,2.132515092310399
2024-07-12,2382,18864689,6161893381,324.0,332.0,320.0,326.0,-6.5,20637,330.9999999999997,319.9,313.975,70.7818930041152,78.48764357065777,58.00150539128425,60.44436416264163,340.9443807863643,313.975,287.0056192136357,11.208488463623382,9.77798755043185,1.4305009131915316
2024-07-15,2382,17944703,5857756616,330.0,332.5,322.5,323.0,-3.0,20205,331.6999999999997,321.34999999999997,315.7,55.270655270655254,69.16381948310443,53.94163405853413,58.33042357497573,340.2344655535852,315.7,291.16553444641477,10.571619758978784,9.936713992141238,0.6349057668375462
2024-07-16,2382,17383510,5591682357,324.0,327.0,318.0,322.5,-0.5,19596,328.9999999999997,322.94999999999993,317.275,44.72538778094332,56.9259786852381,53.21732883764578,57.966552221094936,339.1667221798573,317.275,295.38327782014267,9.91228821250246,9.931828836213482,-0.01954062371102161
2024-07-17,2382,20119944,6374837150,321.0,321.0,313.5,314.0,-8.5,27444,323.59999999999974,323.54999999999995,317.175,31.659544159544144,43.885195737047745,42.02539707120411,52.02501827507844,339.1073391365346,317.175,295.2426608634654,8.604694685063691,9.666402005983525,-1.061707320919833
2024-07-18,2382,44677420,13405714840,302.5,307.0,296.5,298.0,-16.0,49812,316.6999999999997,322.44999999999993,315.575,18.160557464681162,31.51516313505638,28.748114581966405,43.074859789436125,338.1897628773783,315.575,292.96023712262166,6.205814346642285,8.974284474115276,-2.768470127472991
2024-07-19,2382,21895809,6541471378,298.0,302.5,295.5,297.0,-1.0,22920,310.89999999999975,320.94999999999993,314.45,6.670658474782172,18.830253366335995,28.100759976041033,42.581791453639944,338.3725834725273,314.45,290.52741652747267,4.17585608324498,8.014598795941216,-3.838742712696236
2024-07-22,2382,24908600,7208276097,296.0,298.5,283.0,288.0,-9.0,30098,303.89999999999975,317.79999999999995,313.65,4.729200888163295,9.853472275875712,22.727139882595214,38.32931875263427,339.87613200607467,313.65,287.4238679939253,1.8198961209452023,6.775658260942014,-4.9557621399968115
2024-07-23,2382,17720158,5219919510,294.5,297.0,292.0,297.0,9.0,23558,298.7999999999997,313.9,313.25,11.476050830889527,7.625303397945167,36.82202087827429,44.31782466368793,340.22498841519723,313.25,286.27501158480277,0.6712677046596127,5.554780149685533,-4.883512445025921
2024-07-26,2382,37235663,10348705362,275.0,282.0,272.0,275.0,-22.0,42577,290.9999999999997,307.29999999999995,311.525,12.118842382771987,9.441364700608439,24.221997665564302,35.29540934696203,343.23536896663364,311.525,279.8146310333663,-1.9912903731100755,4.045566045126412,-6.036856418236487
2024-07-29,2382,24890545,6806580115,278.0,279.5,270.0,270.0,-5.0,23796,285.39999999999975,301.04999999999995,309.775,9.430670339761235,11.008521184474418,22.207114066554155,33.620172106517856,346.2393318874763,309.775,273.3106681125237,-4.453507780216171,2.345751280057895,-6.799259060274066
2024-07-30,2382,32003495,8516773673,266.0,271.5,261.5,270.5,0.5,25309,280.09999999999974,295.49999999999994,307.7,6.233045233739181,9.26085265209097,22.954822456335826,33.95774276239331,347.94847823210216,307.7,267.4515217678978,-6.291957227034686,0.6182095786393786,-6.910166805674065
2024-07-31,2382,39982749,10896137462,262.5,279.5,262.5,272.5,2.0,28551,276.9999999999997,290.44999999999993,305.9,10.742617657750108,8.802111077083675,26.26224048396938,35.373484324308976,348.9657636644248,305.9,262.83423633557516,-7.50109047195474,-1.005650431479445,-6.4954400404752946
2024-08-01,2382,40157568,11475489644,286.0,291.0,281.0,289.0,16.5,29117,275.39999999999975,287.09999999999997,305.025,30.889137804270252,15.954933565253347,47.82157436316944,45.71292703933104,348.7130704540734,305.025,261.3369295459266,-7.046695259604917,-2.2138593971045397,-4.832835862500377
2024-08-02,2382,41983211,11398533446,274.5,277.0,265.5,266.0,-23.0,55369,273.59999999999974,282.29999999999995,302.925,29.967521717880384,23.866425726633747,32.41076702316993,36.86027267215381,349.7633123094754,302.925,256.0866876905246,-8.44514122987664,-3.46011576365896,-4.98502546621768
2024-08-05,2382,54328916,13252921756,245.0,250.5,239.5,239.5,-26.5,51287,267.4999999999997,276.44999999999993,299.45,23.805056731885983,28.220572084679038,22.614614506917217,29.71905600803205,353.69656671163676,299.45,245.20343328836321,-11.558508970347361,-5.07979440499664,-6.478714565350721
2024-08-06,2382,44804865,10986375393,249.5,251.0,233.0,247.0,7.5,37017,262.7999999999997,271.44999999999993,296.2,10.950203252032503,21.57426056726646,29.636824890536396,33.63769453697549,354.6734127616994,296.2,237.72658723830057,-13.267745701823344,-6.7173846643619815,-6.550361037461363
2024-08-07,2382,54337367,13663688986,245.0,260.5,242.5,250.0,3.0,45223,258.2999999999997,267.65,292.725,17.06178160919539,17.272347197704793,32.4954342739815,35.19421931842341,353.4633527929422,292.725,231.98664720705787,-14.216375668628473,-8.21718286521528,-5.999192803413193
2024-08-08,2382,57582750,13828271846,240.0,244.0,236.0,240.0,-10.0,46103,248.49999999999972,261.94999999999993,287.925,21.084770114942515,16.36558499205697,28.06188304049891,32.461084655383324,349.3939149082688,287.925,226.4560850917312,-15.595315093690829,-9.69280931091039,-5.902505782780439
2024-08-09,2382,50045087,12520422532,249.0,255.0,247.0,250.0,10.0,30828,245.29999999999973,259.44999999999993,283.375,23.563218390804582,20.569923371647665,37.94027045301661,37.67358973870778,341.85480420623867,283.375,224.89519579376133,-15.70023555385427,-10.894294559499166,-4.805940994355105
2024-08-12,2382,49294166,13122688875,260.0,272.0,256.5,267.0,17.0,39713,250.79999999999973,259.15,280.1,33.33333333333332,25.993773946360307,51.224212920307934,45.389733499594634,334.39511948600875,280.1,225.80488051399132,-14.247392774166372,-11.564914202432607,-2.682478571733764
2024-08-13,2382,27017620,7232680056,272.0,272.5,265.0,266.5,-0.5,24018,254.69999999999973,258.74999999999994,277.125,48.56321839080459,35.153256704981,50.85072024547542,45.21244036779875,327.4060849127184,277.125,226.84391508728157,-12.986648228551473,-11.84926100765638,-1.1373872208950928
2024-08-14,2382,29175604,7924505758,271.0,275.5,269.0,271.0,4.5,31998,258.89999999999975,258.59999999999997,274.525,67.58098223615464,49.82584465343101,54.345947569880884,47.210945886796885,320.21687564545863,274.525,228.83312435454133,-11.491915057730068,-11.777791817671119,0.28587675994105055
2024-08-15,2382,16717194,4553468151,273.5,275.0,270.5,271.5,0.5,17608,265.1999999999997,256.84999999999997,271.975,78.23683078246972,64.79367713647649,54.76296735335852,47.44035885338398,312.01557317271994,271.975,231.93442682728008,-10.14997978078759,-11.452229410294413,1.3022496295068233
2024-08-16,2382,29204948,8152307167,278.0,281.5,276.0,278.5,7.0,35654,270.89999999999975,258.09999999999997,270.2,90.25543488248157,78.69108263370214,60.63587007280756,50.672399331420216,305.4978752901644,270.2,234.90212470983553,-8.424532144655586,-10.846689957166648,2.4221578125110614
2024-08-19,2382,14917063,4155101033,280.5,280.5,276.5,278.0,-0.5,47045,273.09999999999974,261.94999999999993,269.2,92.23678686383356,86.90968417626179,59.9868863979176,50.4338363506995,302.35931241747903,269.2,236.04068758252095,-7.016565681650093,-10.080665102063337,3.0640994204132443
2024-08-20,2382,27195528,7786076524,283.0,289.0,282.5,284.0,6.0,22673,276.59999999999974,265.65,268.55,92.22938767774401,91.57386980801988,65.20119284850325,53.2765456904084,299.96798847793997,268.55,237.13201152206005,-5.354864712837866,-9.135505024218244,3.7806403113803775
2024-08-21,2382,20206903,5715512870,282.0,286.0,280.5,282.0,-2.0,35874,278.7999999999997,268.84999999999997,268.25,88.73568779229156,91.06728744462322,62.0563016239706,52.20182341167189,299.0274267930248,268.25,237.4725732069752,-4.151482304647743,-8.138700480304143,3.9872181756564
2024-08-22,2382,16177018,4504423220,283.0,284.0,276.0,276.0,-6.0,17499,279.6999999999997,272.44999999999993,267.2,77.96645702306078,86.31051083103229,53.09322272504063,49.00784665141445,295.29875442079305,267.2,239.10124557920693,-3.639983468548394,-7.2389570779529935,3.5989736094045996
2024-08-23,2382,19610793,5370954709,272.0,277.5,271.0,276.0,0.0,14383,279.1999999999997,275.04999999999995,267.25,63.05555555555554,76.58590012363614,53.09322272504063,49.007846651414454,295.40759222660876,267.25,239.09240777339127,-3.1977552240996374,-6.430716707182322,3.2329614830826845
2024-08-26,2382,15059996,4196304666,278.5,283.0,275.0,275.0,-1.0,18727,278.59999999999974,275.84999999999997,267.5,45.277777777777764,62.099930118798206,51.40879987416419,48.43501939697909,295.83901903736216,267.5,239.1609809626378,-2.8946105286016746,-5.723495471466192,2.8288849428645175
2024-08-27,2382,17159154,4674915309,273.5,276.0,270.0,275.5,0.5,17447,276.89999999999975,276.74999999999994,267.75,34.926900584795305,47.75341130604304,52.29172234298113,48.75752911327813,296.27805636561976,267.75,239.22194363438027,-2.5842309463328093,-5.0956425664395155,2.5114116201067063
2024-08-28,2382,19139358,5277903686,275.5,280.0,272.0,278.5,3.0,13671,276.1999999999997,277.49999999999994,268.05,34.56140350877191,38.25536062378183,57.67514482825553,50.74796440290579,296.8959702558255,268.05,239.20402974417453,-2.072289895309268,-4.490972032213466,2.4186821369041978
2024-08-29,2382,23133126,6263411040,268.5,273.5,266.5,272.0,-6.5,21142,275.39999999999975,277.54999999999995,267.2,32.70955165692006,34.06595191682927,44.875156039599396,46.53066847106928,294.48626027875633,267.2,239.91373972124362,-2.1660991585209217,-4.025997457474957,1.8598982989540351
2024-08-30,2382,21576411,5822219696,272.0,272.5,268.0,268.0,-4.0,15346,273.7999999999997,276.49999999999994,267.3,25.28265107212474,30.85120207927241,38.70763111364228,44.10180484227051,294.58259518447557,267.3,240.0174048155245,-2.533999872905895,-3.7275979405611444,1.1935980676552496
2024-09-02,2382,12071008,3249134832,270.5,273.0,267.0,267.0,-1.0,11337,272.1999999999997,275.4,268.675,11.22507122507121,23.072424651372177,37.215801854395586,43.49060396253135,292.8043907921435,268.675,244.54560920785653,-2.873135761692879,-3.5567055047874914,0.6835697430946124
2024-09-03,2382,19227832,5200812262,268.0,273.0,265.5,272.0,5.0,14018,271.4999999999997,274.19999999999993,269.925,14.788634788634774,17.098785695277083,48.740156119808056,47.41475905518905,291.9301698471059,269.925,247.9198301528941,-2.707237831122086,-3.3868119700544104,0.6795741389323244
2024-09-04,2382,44435920,11174784808,255.0,255.0,248.0,250.0,-22.0,64792,265.7999999999997,270.99999999999994,269.925,14.471174471174457,13.494960161626986,25.094699253337673,35.675657828907504,291.9301698471059,269.925,247.9198301528941,-4.301394861801725,-3.5697285484038734,-0.7316663133978518
2024-09-05,2382,20589711,5143128238,251.5,253.0,247.0,247.0,-3.0,21253,260.7999999999997,268.09999999999997,270.275,13.616473616473604,14.292094292094452,23.296657501485065,34.4240548672677,290.51722072797486,270.275,250.0327792720251,-5.740675784849259,-4.003917995692951,-1.7367577891563082
2024-09-06,2382,28110182,7172538712,250.0,260.0,249.0,256.5,9.5,21429,258.4999999999997,266.15,270.6,11.500721500721488,13.196123196123358,39.35094264411558,41.43129856015692,289.7065433817826,270.6,251.49345661821746,-6.045061969176004,-4.412146790389562,-1.6329151787864422
2024-09-09,2382,32446229,8089020130,250.0,251.5,247.5,250.0,-6.5,34763,255.09999999999974,263.65,269.75,12.62626262626261,12.581152581152741,33.71755876361703,38.40724000196676,290.8319828289469,269.75,248.66801717105312,-6.7331700968488235,-4.876351451681414,-1.8568186451674098
2024-09-10,2382,55884105,13572739942,247.0,247.0,238.0,239.5,-10.5,52347,248.59999999999974,260.04999999999995,268.4,14.034713330487962,12.720565819157526,26.553505556273656,34.07990380657568,293.26081253700397,268.4,243.53918746299595,-8.033161705745158,-5.507713502494163,-2.5254482032509955
2024-09-11,2382,16807290,4085374481,241.0,245.5,241.0,242.0,2.5,13566,246.99999999999972,256.4,266.95,8.248277544052177,11.636417833601088,30.64674390782444,35.930842126329715,294.2939207137539,266.95,239.60607928624609,-8.760697448262306,-6.158310291647791,-2.6023871566145145
2024-09-12,2382,39344947,9975464720,250.0,257.5,250.0,253.0,11.0,27924,248.19999999999973,254.49999999999994,266.025,19.503688799463433,13.92889322466803,46.07413664616884,43.45420161882588,293.9364223929925,266.025,238.11357760700747,-8.353374198687249,-6.597323073055683,-1.7560511256315658
2024-09-13,2382,18404172,4664863548,254.5,256.0,250.5,254.5,1.5,17297,247.79999999999973,253.14999999999995,264.825,33.809523809523796,20.520496717679976,47.91730289602839,44.41276563780049,292.5509355117186,264.825,237.09906448828139,-7.819393029377039,-6.841737064319954,-0.9776559650570853
2024-09-16,2382,13299760,3374987226,255.0,256.0,252.0,254.0,-0.5,9662,248.59999999999974,251.84999999999997,263.625,54.24242424242423,35.851878950470656,47.288737230657944,44.14413396743519,291.04191995830314,263.625,236.2080800416969,-7.351807862203742,-6.943751223896712,-0.40805663830703054
2024-09-18,2382,13594247,3414161501,252.5,254.0,249.0,250.0,-4.0,13886,250.69999999999973,249.64999999999995,261.925,58.13852813852812,48.730158730158884,42.130601926111055,41.957703002571364,288.27319728178725,261.925,235.5768027182128,-7.2207732399203906,-6.999155627101447,-0.22161761281894332
2024-09-19,2382,15193651,3830129330,251.0,254.0,248.0,253.0,3.0,10983,252.89999999999972,249.94999999999996,260.475,65.15151515151514,59.17748917748933,47.17259604900955,44.19033987384983,285.39783089859503,260.475,235.552169101405,-6.796506533118077,-6.958625808304773,0.16211927518669622
2024-09-20,2382,24306991,6199081061,257.5,259.5,252.5,252.5,-0.5,14200,252.79999999999973,250.49999999999994,259.3,63.38971106412965,62.22658478472447,46.386740425668364,43.88733740435111,283.38609557400196,259.3,235.21390442599807,-6.426536816585042,-6.852208009960827,0.4256711933757851
2024-09-23,2382,10801017,2765535652,255.0,257.0,253.5,257.0,4.5,8873,253.29999999999973,250.54999999999995,258.35,74.66525722339675,67.73549447968067,54.368631243367616,47.384076403791596,281.19316090211555,258.35,235.5068390978845,-5.704463257288921,-6.622659059426446,0.9181958021375243
2024-09-24,2382,20056734,5143379497,256.0,258.5,253.5,256.5,-0.5,12941,253.79999999999973,251.19999999999996,257.425,79.86591242405194,72.64029357052628,53.33923022246322,47.033364456457264,278.95701105331324,257.425,235.89298894668678,-5.11361402129009,-6.320850051799175,1.207236030509085
2024-09-25,2382,49823265,13536508121,263.0,275.0,262.5,272.5,16.0,37800,258.2999999999997,254.49999999999994,257.275,87.63220584926007,80.72112516556975,72.66279044288159,57.79773349231401,278.3379413900343,257.275,236.21205860996565,-3.3160698731851426,-5.719894016076369,2.403824142891226
2024-09-26,2382,27630050,7608625477,277.5,278.0,272.5,275.5,3.0,37994,262.7999999999997,257.84999999999997,257.125,88.73039706373036,85.40950511234763,74.9335739174074,59.461306607726186,277.6161566291415,257.125,236.63384337085844,-1.6306313540352448,-4.902041483668144,3.2714101296328995
2024-09-27,2382,32046559,8927931218,278.0,283.0,275.5,277.0,1.5,46076,267.6999999999997,260.24999999999994,257.375,88.42151675485006,88.26137322261367,76.09203372733656,60.30388213652051,278.69136695124223,257.375,236.05863304875777,-0.17189027659264866,-3.9560112422530453,3.7841209656603967
2024-09-30,2382,33524424,9001990188,272.0,273.0,264.0,264.0,-13.0,46141,269.09999999999974,261.19999999999993,257.175,73.41269841269839,83.52153741042645,51.85885594541466,50.50625252758027,278.1613646208659,257.175,236.1886353791341,-0.06408014154112607,-3.1776250221106617,3.1135448805695356
2024-10-01,2382,13637619,3658603508,268.5,271.5,266.0,268.0,4.0,13618,271.39999999999975,262.59999999999997,257.225,61.90476190476188,74.5796590241036,56.79786492539927,53.03470128986301,278.3092951032262,257.225,236.14070489677383,0.3402050655965354,-2.4740590045692223,2.8142640701657577
2024-10-04,2382,29276096,7777162332,265.5,272.5,261.5,262.0,-6.0,27466,269.2999999999997,263.79999999999995,256.725,44.66822794691644,59.995229421459065,48.1525511749242,48.99171383392957,276.8358801398634,256.725,236.61411986013664,0.17444327556944472,-1.944358548541489,2.1188018241109337
2024-10-07,2382,19612183,5248341681,267.5,271.0,265.0,267.5,5.5,15456,267.6999999999997,265.24999999999994,257.6,45.249341748369226,50.60744386668267,55.4108690665779,52.561707440778214,277.98528881325797,257.6,237.21471118674208,0.4813314084477156,-1.459220557143648,1.9405519655913637
2024-10-08,2382,15399298,4069243858,264.5,265.5,262.5,265.5,-2.0,11280,265.39999999999975,266.54999999999995,258.525,39.761044734648486,43.22620480997821,52.30444131889692,51.15952287766735,278.578615634095,258.525,238.47138436590495,0.5567414110338404,-1.0560281635081503,1.6127695745419908
2024-10-09,2382,34116165,9380568979,272.5,279.0,271.5,273.5,8.0,26388,267.2999999999997,268.19999999999993,259.375,47.98318223623699,44.33118957308506,62.19502697750985,56.19358015704098,280.42939384071593,259.375,238.32060615928407,1.2476553286037984,-0.5952914650857606,1.842946793689559
2024-10-11,2382,38882938,10943539590,277.0,284.0,276.0,282.0,8.5,46843,270.09999999999974,270.74999999999994,260.975,62.534343567059345,50.09285684598177,69.92567195653973,60.81496481316058,283.7312628742062,260.975,238.21873712579384,2.452814035205847,0.014329634972561012,2.4384844002332864
2024-10-14,2382,17240099,4871910613,282.5,285.0,278.5,283.5,1.5,35572,274.39999999999975,271.84999999999997,263.175,80.18069529202629,63.56607369844104,71.14066083322504,61.58514192248858,285.70780941205464,263.175,240.64219058794535,3.488732520034148,0.7092102119848784,2.7795223080492697
2024-10-15,2382,49926934,14682457378,289.0,297.5,287.0,295.5,12.0,52772,279.9999999999997,273.84999999999997,265.85,93.05752561071706,78.59085482326772,79.04282285994879,67.14809716316515,290.31242015827377,265.85,241.3875798417263,5.217856888261053,1.6109395472401136,3.6069173410209396
2024-10-16,2382,30224204,8876612493,290.0,298.0,288.0,295.0,-0.5,55515,285.89999999999975,275.65,267.95,93.28076254628279,88.83966114967554,78.00454167188511,66.71458571804123,294.7397368408128,267.95,241.1602631591872,6.473235160937293,2.5833986699795495,3.889836490957743
2024-10-17,2382,26622191,7970880368,300.0,303.0,295.0,300.5,5.5,27163,291.2999999999997,279.29999999999995,270.25,93.40038999223681,93.24622604974572,81.17753098417543,69.07937520997892,299.7838788512447,270.25,240.7161211487553,7.821771013764135,3.6310731387364665,4.190697875027668
2024-10-18,2382,57479547,17829337666,310.5,316.0,302.5,307.0,6.5,70432,296.2999999999997,283.19999999999993,272.9,89.64476520857465,92.10863924903158,84.30020729251387,71.64343144643712,305.4800552485722,272.9,240.31994475142773,9.307697724511456,4.7663980558914645,4.541299668619992
2024-10-21,2382,21136809,6565010092,311.0,313.0,309.0,309.0,2.0,24344,301.39999999999975,287.9,275.85,88.02312051946102,90.35609190675767,85.18264583294035,72.40176779339284,310.23618908806145,275.85,241.46381091193857,10.5253588486068,5.9181902144345315,4.607168634172268
2024-10-22,2382,44547126,14143656095,312.0,322.5,310.0,319.0,10.0,35167,306.09999999999974,293.04999999999995,279.15,87.74357094862866,88.47048555888829,88.84129736872791,75.87567389130352,316.6574659234672,279.15,241.64253407653274,12.157140540150408,7.165980279577707,4.991160260572701
2024-10-23,2382,21766947,6902704884,318.5,319.0,315.0,317.0,-2.0,40435,310.4999999999997,298.19999999999993,282.375,89.40839525439357,88.39169557416125,84.00163662653122,73.87287882258514,321.22969727072905,282.375,243.52030272927095,13.137514907711306,8.360287205204427,4.777227702506879
2024-10-24,2382,39743164,12223841750,315.0,315.0,303.5,305.0,-12.0,92688,311.39999999999975,301.34999999999997,284.775,80.51219021332871,85.8880521387838,60.81225472867992,63.1091612447829,322.98818489736306,284.775,246.56181510263693,12.79863425656714,9.24795661547697,3.5506776410901715
2024-10-25,2382,16081544,4971419199,306.5,312.5,306.0,310.0,5.0,17386,311.9999999999997,304.15,287.45,71.06268271079718,80.32775605950665,65.44885275063616,65.37309829077708,324.8530747399201,287.45,250.0469252600799,12.786136489926378,9.955592590366852,2.830543899559526
2024-10-28,2382,19096682,5931376264,313.0,314.0,306.0,310.0,0.0,18399,312.1999999999997,306.79999999999995,289.325,62.92804035455595,71.50097109289412,65.44885275063618,65.37309829077708,327.29772047141273,289.325,251.35227952858725,12.630633835265712,10.490600839346623,2.140032995919089
2024-10-29,2382,23545009,7125320197,308.0,308.0,299.5,303.0,-7.0,38631,308.9999999999997,307.54999999999995,290.7,52.54925247576807,62.17999184704056,53.40755081338236,59.44942773302117,328.56211827143375,290.7,252.83788172856623,11.806457865542711,10.753772244585841,1.0526856209568702
2024-10-30,2382,16585308,5058173850,304.0,308.5,303.0,303.5,0.5,15851,306.2999999999997,308.4,292.025,36.75010979358803,50.74246754130419,54.11110533597731,59.730118950023744,329.73106715105746,292.025,254.3189328489425,11.066075463445884,10.816232888357849,0.2498425750880351
2024-11-01,2382,22156956,6640664747,290.0,307.5,289.5,305.0,1.5,32671,306.2999999999997,308.84999999999997,294.075,31.15063680281069,40.14999969072243,56.41462059788051,60.61099099682359,329.87342873646867,294.075,258.2765712635313,10.47955277845898,10.748896866378075,-0.2693440879190945
2024-11-04,2382,24296494,7549674905,306.5,314.5,306.0,313.5,8.5,35826,306.9999999999997,309.49999999999994,296.35,45.696091348265234,37.865612648221486,67.27486127078464,65.24975899751108,330.9954903270244,296.35,261.70450967297563,10.578664033486803,10.71485029979982,-0.13618626631301822
2024-11-05,2382,26320120,8341870090,310.5,320.0,309.5,318.0,4.5,29655,308.59999999999974,310.4,299.15,71.04653088259643,49.29775301122428,71.6395398714119,67.43621502710835,331.19231577149225,299.15,267.1076842285077,10.89473508476516,10.750827256792888,0.14390782797227075
2024-11-06,2382,31233581,10043663763,319.0,324.5,318.0,320.5,2.5,29495,312.09999999999974,310.54999999999995,301.8,84.9137747498403,67.21879899356749,73.89611695086379,68.61757330393479,331.623480682174,301.8,271.97651931782605,11.217642773547198,10.84419036014375,0.3734524134034469
2024-11-07,2382,28946990,9432170639,323.0,329.0,320.0,325.5,5.0,42080,316.4999999999997,311.4,304.8,91.05109734285911,82.33713432509877,77.98363197108323,70.89200899183301,331.2998113200829,304.8,278.30018867991714,11.741657141982728,11.023683716511545,0.7179734254711825
2024-11-08,2382,32335688,10670191342,328.0,333.0,326.5,328.0,2.5,41765,321.09999999999974,313.69999999999993,307.525,89.40547206806481,88.45678138692158,79.82633692643357,71.98528067973773,331.6962122161892,307.525,283.35378778381073,12.217831850677442,11.262513343344725,0.9553185073327164
2024-11-11,2382,24134803,7836391237,328.0,328.0,322.0,325.0,-3.0,63918,323.39999999999975,315.19999999999993,309.675,87.08472767835491,89.18043236309312,71.45368918731391,68.65300187721726,331.9578970288867,309.675,287.39210297111333,12.212352413322265,11.452481157340234,0.7598712559820306
2024-11-12,2382,30705857,9704467805,319.5,321.0,313.0,313.0,-12.0,45275,322.39999999999975,315.49999999999994,311.15,74.71264367816092,83.73428114152705,47.97265740904933,57.23907886325398,329.9385603493207,311.15,292.36143965067924,11.111622342308124,11.384309394333812,-0.2726870520256881
2024-11-13,2382,30693873,9769939420,311.0,322.5,311.0,322.0,9.0,22715,322.6999999999997,317.4,312.475,70.11494252873563,77.30410462841733,59.591716808846186,62.301367982794886,330.3788403701532,312.475,294.5711596298468,10.840547530632534,11.275557021593556,-0.43500949096102204
2024-11-14,2382,27530632,8668073711,319.0,320.5,310.0,314.5,-7.5,44423,320.4999999999997,318.49999999999994,313.45,53.40570455512983,66.0777635873423,48.96114878584996,56.31793971298272,329.46530517973326,313.45,297.4346948202667,9.906337378685805,11.001713093012006,-1.0953757143262006
2024-11-15,2382,78419034,23582775568,308.0,308.0,295.0,297.0,-17.5,79975,314.2999999999997,317.69999999999993,313.275,37.152427684793075,53.55769158955302,32.95677079676442,45.36897730805337,329.91673969271267,313.275,296.6332603072873,7.665502218286633,10.33447091806693,-2.6689686997802973
2024-11-18,2382,30185974,8815713742,295.0,298.0,288.5,290.5,-6.5,28952,307.39999999999975,315.4,312.45,13.746340466230071,34.76815756871783,28.86772596358147,42.09541233448245,331.6877233580282,312.45,293.21227664197175,5.303987466198578,9.32837422769326,-4.024386761494682
2024-11-19,2382,32889679,9551200534,293.5,293.5,288.0,290.0,-0.5,26466,302.7999999999997,312.59999999999997,311.5,4.733994787217726,18.54425431274713,28.549830600154124,41.84529147984157,333.0615398336952,311.5,289.9384601663048,3.3534675041216246,8.133392882978933,-4.779925378857309
2024-11-20,2382,24526181,7252595657,295.5,298.5,293.5,295.5,5.5,20040,297.4999999999997,310.09999999999997,310.325,8.535164377861001,9.005166543769775,37.397033861529,45.66945591994738,332.6706371580676,310.325,287.97936284193236,2.2258126335015618,6.951876833083459,-4.726064199581897
2024-11-21,2382,19230894,5640550596,290.5,297.0,289.0,294.0,-1.5,13833,293.39999999999975,306.94999999999993,309.175,12.037037037037031,8.435398734038762,35.97950068036242,44.80412361910323,332.3790405964132,309.175,285.97095940358685,1.1972988444572934,5.800961235358225,-4.603662390900932
2024-11-22,2382,20164260,6014718632,298.0,301.0,296.5,297.0,3.0,15230,293.39999999999975,303.84999999999997,308.775,19.251207729468593,13.27446971478905,41.18168174683417,46.968370155926685,332.5225788239573,308.775,285.02742117604265,0.6171550058105595,4.764199989448692,-4.147044983638133
2024-11-25,2382,23184220,6963098718,301.5,304.0,299.0,299.0,2.0,21898,295.09999999999974,301.24999999999994,308.225,24.323671497584538,18.53730542136356,44.67806703166683,48.42038682815081,332.3402959757907,308.225,284.10970402420935,0.3151374113630254,3.874387473831559,-3.5592500624685335
2024-11-26,2382,14965935,4446066334,297.0,300.5,293.0,297.0,-2.0,15332,296.4999999999997,299.65,307.575,28.554440728353768,24.043106651802475,41.780539856474924,47.033538506578495,332.16010728062923,307.575,282.98989271937074,-0.08462152914557919,3.082585673236131,-3.1672072023817104
2024-11-27,2382,23484003,6804984615,294.5,294.5,286.5,286.5,-10.5,31859,294.6999999999997,296.09999999999997,306.75,19.858788554440725,24.245633593459853,29.902461705998274,40.47857974850197,332.9482823864462,306.75,280.5517176135538,-1.2344654679583869,2.2191754449972274,-3.4536409129556143
2024-11-28,2382,17034725,4896555551,288.0,290.0,284.0,288.0,1.5,14467,293.4999999999997,293.44999999999993,305.975,15.897435897435892,21.436888393410303,33.073622052877106,41.728000947688145,333.40030765552075,305.975,278.5496923444793,-2.001614246595693,1.3750175066786432,-3.3766317532743364
2024-11-29,2382,14671668,4260881573,286.0,293.5,285.0,291.0,3.0,10818,292.2999999999997,292.84999999999997,305.275,18.33333333333333,18.029852595070157,39.463725798649385,44.24861262178616,333.4680399212304,305.275,277.08196007876955,-2.3405300789001444,0.6319079895628856,-2.9724380684630303
2024-12-02,2382,11646143,3423684871,295.0,296.0,292.5,293.0,2.0,9692,291.09999999999974,293.09999999999997,304.25,33.33333333333333,22.521367521367694,43.648496136732234,45.92785373567448,332.66214529035074,304.25,275.83785470964926,-2.419845559151213,0.021557279820065833,-2.4414028389712787
2024-12-03,2382,15989623,4730851873,297.5,300.5,293.0,293.0,0.0,13344,290.2999999999997,293.4,303.0,41.666666666666664,31.111111111111285,43.64849613673223,45.92785373567448,331.08024216419795,303.0,274.91975783580205,-2.4544107296139828,-0.4736363220667439,-1.9807744075472389
2024-12-04,2382,13880979,4077223589,294.5,295.5,292.0,294.0,1.0,11615,291.7999999999997,293.24999999999994,301.675,46.666666666666664,40.555555555555735,46.180471151002294,46.856072613257645,328.812197718261,301.675,274.537802281739,-2.3737491312060683,-0.8536588838946089,-1.5200902473114595
2024-12-05,2382,11067437,3270017535,297.5,298.0,294.0,294.0,0.0,9592,292.9999999999997,293.24999999999994,300.1,48.333333333333336,45.555555555555735,46.18047115100229,46.85607261325765,325.0951995391105,300.1,275.1048004608895,-2.283501450046515,-1.1396273971249902,-1.1438740529215248
2024-12-06,2382,13994987,4165999666,297.0,300.5,295.5,297.0,3.0,12052,294.1999999999997,293.24999999999994,298.55,59.59595959595959,51.53198653198671,54.52401988502956,49.85128237080624,320.02999068901,298.55,277.07000931099003,-1.9474555294793845,-1.301193023595869,-0.6462625058835154
2024-12-09,2382,12720716,3780612023,299.5,300.5,295.0,296.0,-1.0,16965,294.7999999999997,292.94999999999993,297.1,67.17171717171716,58.36700336700354,51.42374533841806,48.86269637652039,314.83020022447374,297.1,279.3697997755263,-1.7417505429441462,-1.3893045274655245,-0.35244601547862175
2024-12-10,2382,14789558,4341567170,297.0,298.5,291.0,293.0,-3.0,15967,294.7999999999997,292.54999999999995,296.1,68.68686868686868,65.15151515151531,42.888415096453734,45.920633642699954,312.3222070015142,296.1,279.87779299848586,-1.8000528977333943,-1.4714542015190983,-0.32859869621429594
2024-12-11,2382,22380583,6462533617,290.5,292.0,286.0,287.0,-6.0,31470,293.39999999999975,292.59999999999997,294.35,46.72531769305962,60.861301183882,30.915305605481553,40.64906635700774,305.8959949766116,294.35,282.80400502338847,-2.3038504361268224,-1.6379334484406431,-0.6659169876861792
2024-12-12,2382,15763011,4540467429,291.0,292.0,286.0,286.0,-1.0,15914,291.7999999999997,292.4,292.925,22.482893450635384,45.96502661018807,29.323540773616667,39.82841565397714,300.53601175928605,292.925,285.31398824071397,-2.752080981180086,-1.8607629549885316,-0.8913180261915543
2024-12-13,2382,12643893,3612589939,285.0,287.5,285.0,285.5,-0.5,15423,289.4999999999997,291.84999999999997,292.35,5.376344086021504,24.86151840990568,28.468500162371726,39.40010406297924,300.3693515947362,292.35,284.33064840526384,-3.111782052305216,-2.1109667744518683,-1.0008152778533477
2024-12-16,2382,30402631,8472953608,287.0,287.5,274.0,275.0,-10.5,41273,285.2999999999997,290.04999999999995,291.575,2.333130452424425,10.06412266302728,16.60559817869857,31.692387554149654,302.59441468499983,291.575,280.55558531500014,-4.195744064698943,-2.5279222325012833,-1.6678218321976592
2024-12-17,2382,19110286,5263811482,273.0,277.5,273.0,275.0,0.0,17874,281.6999999999997,288.24999999999994,290.825,4.7573728766668495,4.155615805037769,16.60559817869857,31.692387554149658,304.0017788172983,290.825,277.64822118270166,-4.99718730444107,-3.0217752468892405,-1.9754120575518295
2024-12-18,2382,17073091,4692432444,272.0,277.0,272.0,276.0,1.0,17407,279.4999999999997,286.44999999999993,289.85,8.360466632561964,5.150323320551256,20.879454405436423,33.13713981275103,304.3210054937442,289.85,275.3789945062558,-5.488378591367905,-3.5150959157849733,-1.9732826755829316
2024-12-19,2382,24653565,6702035431,272.5,275.5,269.0,274.5,-1.5,24598,277.1999999999997,284.49999999999994,288.875,12.922710817447657,8.680183442225667,19.160995583622256,32.04236503683294,304.6638409960952,288.875,273.0861590039048,-5.930327564414654,-3.9981422455109095,-1.9321853189037443
2024-12-20,2382,17114989,4730416432,274.0,279.0,273.0,277.5,3.0,14503,275.59999999999974,282.54999999999995,287.9,20.102988167216534,13.79538853907556,32.18444655823349,36.556859398481876,303.9673582147169,287.9,271.83264178528304,-5.969685562506356,-4.392450908909999,-1.5772346535963573
2024-12-23,2382,29302160,8457091964,285.0,290.5,284.5,289.0,11.5,25559,278.39999999999975,281.84999999999997,287.4,44.41013284049393,25.811943941719548,60.58360231163098,50.21102863829,302.656474035637,287.4,272.14352596436294,-5.015112078817424,-4.516983142891484,-0.49812893592593976
2024-12-24,2382,18860850,5500174146,292.0,293.0,289.5,291.0,2.0,35190,281.59999999999974,281.65,287.1,69.14558257594366,44.552901194551545,63.670449224439366,52.14018940968889,301.81597771131567,287.1,272.3840222886844,-4.050530436852455,-4.423692601683678,0.3731621648312231
2024-12-25,2382,13874708,4070756817,293.0,296.0,291.0,292.0,1.0,21641,284.7999999999997,282.15,287.375,87.93612453032743,67.16394664892185,65.2575880659324,53.118311794814986,302.24064832087686,287.375,272.50935167912314,-3.168872108397238,-4.17272850302639,1.0038563946291514
2024-12-26,2382,11103068,3238021736,294.5,295.0,290.5,291.0,-1.0,27303,288.09999999999974,282.65,287.525,86.1111111111111,81.06427273912756,62.09281182873057,51.97439007111161,302.47316042194046,287.525,272.5768395780595,-2.5217737358651107,-3.842537549594134,1.3207638137290232
2024-12-27,2382,6966967,2021171056,290.5,292.0,288.5,291.0,0.0,8986,290.7999999999997,283.19999999999993,287.525,82.71604938271604,85.58776167471837,62.092811828730554,51.97439007111161,302.47316042194046,287.525,272.5768395780595,-1.9860496692275547,-3.471239973520818,1.4851903042932633
2024-12-30,2382,9528057,2757823475,290.0,291.0,288.0,288.0,-3.0,8987,290.59999999999974,284.49999999999994,287.275,77.77777777777777,82.20164609053514,51.82917807033016,48.351519708895104,302.01431816605015,287.275,272.5356818339498,-1.783006031044522,-3.1335931850255587,1.3505871539810368
2024-12-31,2382,9842402,2814144164,286.5,287.5,284.0,287.0,-1.0,9080,289.7999999999997,285.69999999999993,286.975,72.8395061728395,77.77777777777794,48.69875379870087,47.171189164749435,301.47836167927886,286.975,272.4716383207212,-1.6833791802624205,-2.8435503840729313,1.1601712038105108
2025-01-02,2382,16591592,4692119032,285.0,289.0,280.0,280.0,-7.0,18773,287.39999999999975,286.09999999999997,286.275,55.82393988191089,68.81374127750955,32.61242841708301,39.83969853351938,300.7057830695377,286.275,271.84421693046227,-2.144544705373164,-2.703749248332978,0.5592045429598138
2025-01-03,2382,30083830,8635851482,283.0,293.5,279.5,289.0,9.0,21689,286.9999999999997,287.54999999999995,286.025,51.559068950373295,60.07417166837473,54.93931099674379,50.493545143975204,300.08015919511564,286.025,271.9698408048843,-1.763468752620895,-2.5156931491905614,0.7522243965696664
2025-01-06,2382,35725003,10566654410,293.5,299.0,290.5,294.0,5.0,36122,287.59999999999974,289.19999999999993,285.875,54.12317151447585,53.83539344892018,62.9052203837973,55.23633864096043,299.51638922544265,285.875,272.23361077455735,-1.0459480631127462,-2.221744131974998,1.175796068862252
2025-01-07,2382,22525550,6681246188,299.0,299.0,294.5,295.5,1.5,34068,289.09999999999974,289.84999999999997,285.85,71.32867132867132,59.003637264506985,65.06667210093012,56.580235052083275,299.4187140142288,285.85,272.28128598577126,-0.35221022303534255,-1.847837350187067,1.4956271271517245
2025-01-08,2382,13403862,3955397913,293.5,297.0,292.0,295.0,-0.5,20226,290.6999999999997,290.24999999999994,285.95,78.63247863247862,68.02810715854208,63.624936443048284,55.976963347098305,299.7554337128547,285.95,272.14456628714527,0.15544432657560492,-1.4471810148345328,1.6026253414101377
2025-01-09,2382,15622235,4565618578,295.0,296.5,288.0,288.0,-7.0,24407,292.2999999999997,289.84999999999997,286.0,68.37606837606836,72.77907277907293,46.71739420553521,48.22467008662042,299.8275088139553,286.0,272.1724911860447,-0.006996631154549959,-1.1591441380985361,1.1521475069439862
2025-01-10,2382,17078549,4865091876,286.5,289.0,283.0,283.5,-4.5,18039,291.1999999999997,289.09999999999997,285.875,47.86324786324784,64.9572649572651,38.95377934342859,44.00550051557399,299.7453821144196,285.875,272.0046178855804,-0.49315981306676804,-1.0259472730921826,0.5327874600254145
2025-01-13,2382,38450156,10545373493,280.0,281.0,270.5,270.5,-13.0,42324,286.4999999999997,287.04999999999995,285.125,21.36752136752135,45.86894586894601,24.968823911012215,34.590334218403925,300.5323845931103,285.125,269.7176154068897,-1.9054738750998013,-1.2018525934937063,-0.7036212816060949
2025-01-14,2382,34950275,9350748153,267.5,271.0,262.0,269.0,-1.5,43013,281.1999999999997,285.15,284.825,13.143913143913124,27.458227458227594,23.817740633066688,33.694530160815674,301.2118087192115,284.825,268.4381912807885,-3.1099310590276446,-1.5834682866004939,-1.5264627724271507
2025-01-15,2382,32415157,8544612492,268.0,272.0,260.0,260.0,-9.0,47864,274.1999999999997,282.44999999999993,284.075,6.306306306306287,13.605913605913742,18.00683236317004,28.864419998795942,303.31629673384924,284.075,264.83370326615074,-4.736102003027781,-2.213995029885951,-2.52210697314183
2025-01-16,2382,31992226,8401077757,267.0,267.5,260.0,260.0,0.0,28925,268.59999999999974,280.44999999999993,283.275,6.306306306306287,8.585508585508721,18.006832363170037,28.864419998795942,304.96710685940957,283.275,261.5828931405904,-5.956194885044681,-2.962435000917697,-2.993759884126984
2025-01-17,2382,23217781,6058167181,261.0,263.5,259.0,260.5,0.5,21674,263.9999999999997,277.59999999999997,282.575,1.2499999999999811,4.6208708708710065,19.49209433397395,29.51543131716242,306.1743114306339,282.575,258.97568856936607,-6.804345207023232,-3.730817042138804,-3.073528164884428
2025-01-20,2382,24441114,6485610088,260.0,268.5,259.5,267.0,6.5,19945,263.2999999999997,274.9,282.05,8.267543859649104,5.274616721985279,36.84346644318315,37.52053563399992,306.5283577880544,282.05,257.57164221194563,-6.8727895310004214,-4.3592115399111275,-2.513577991089294
2025-01-21,2382,12786372,3425512723,267.0,269.5,265.5,269.0,2.0,12358,263.2999999999997,272.24999999999994,281.05,17.156432748537995,8.891325536062515,41.378840655224295,39.78657576628629,305.94156483630485,281.05,256.1584351636952,-6.688547453991134,-4.825078722727129,-1.863468731264005
2025-01-22,2382,22127129,5969809583,270.0,271.5,267.5,269.5,0.5,17229,265.1999999999997,269.69999999999993,279.975,27.573099415204663,17.665692007797407,42.58147518778059,40.3688508017238,304.91187029279973,279.975,255.0381297072003,-6.428089445462547,-5.145680867274213,-1.2824085781883339
2025-02-03,2382,61003067,14852970054,243.0,246.5,243.0,243.0,-26.5,89249,261.7999999999997,265.19999999999993,277.525,20.55555555555554,21.761695906432887,18.77048586270703,26.01178792230122,306.5482234598439,277.525,248.5017765401561,-8.264732436553174,-5.769491181130006,-2.495241255423169
2025-02-04,2382,61922270,14719885213,242.0,243.0,235.0,235.0,-8.0,65500,256.6999999999997,260.34999999999997,274.725,11.666666666666648,19.931773879142437,15.681979372745458,23.31590910578489,308.4347537813609,274.725,241.01524621863913,-10.247689396107887,-6.6651308241255816,-3.5825585719823057
2025-02-05,2382,34313041,8251140626,235.5,243.0,235.5,240.0,5.0,28897,251.29999999999973,257.29999999999995,272.175,4.504504504504486,12.242242242242382,24.714540632813943,28.316421842853174,308.2100870680226,272.175,236.13991293197745,-11.28564496959251,-7.589233653218967,-3.6964113163735437
2025-02-06,2382,26751847,6511607726,243.5,246.0,241.0,242.5,2.5,23258,245.99999999999972,254.64999999999995,269.9,11.353819572997637,9.17499691472308,29.142399292779096,30.74804348402474,307.36811978202326,269.9,232.4318802179767,-11.770816487626462,-8.425550220100465,-3.3452662675259965
2025-02-07,2382,26797840,6673723917,245.0,252.0,244.5,252.0,9.5,29540,242.49999999999972,253.84999999999997,268.15,26.87893372824878,14.245752601917124,43.796960903105784,39.189598842531566,305.5292723310671,268.15,230.77072766893286,-11.258961506170095,-8.992232477314392,-2.2667290288557034
2025-02-10,2382,23394092,5886712558,253.5,253.5,249.0,252.0,0.0,28189,244.29999999999973,253.04999999999995,266.75,37.89954337899541,25.37743222674743,43.7969609031058,39.189598842531566,304.3458774335699,266.75,229.1541225664301,-10.729628269916049,-9.339711635834723,-1.3899166340813256
2025-02-11,2382,27429633,7099034733,257.0,262.0,255.0,258.0,6.0,22633,248.89999999999972,252.79999999999995,265.2,52.05479452054792,38.94442387593086,52.280938391300715,44.17411547969821,301.5337308846754,265.2,228.8662691153246,-9.71400105325074,-9.414569519317926,-0.29943153393281463
2025-02-12,2382,15376812,3967810171,259.0,260.0,256.0,258.0,0.0,14605,252.49999999999972,251.89999999999995,263.4,57.53424657534244,49.162861491628746,52.280938391300715,44.17411547969821,297.3361164543041,263.4,229.46388354569586,-8.807580857250798,-9.2931717869045,0.48559092965370176
2025-02-13,2382,19291870,4996867397,256.0,261.0,256.0,260.0,2.0,15877,255.99999999999972,250.99999999999994,261.625,72.8733299509555,60.820790348948776,55.33962114838267,45.88878557842876,292.207470469208,261.625,231.04252953079205,-7.837507132666815,-9.002038856056963,1.164531723390148
2025-02-14,2382,16382035,4253844568,257.5,262.0,257.5,260.0,0.0,22345,257.59999999999974,250.04999999999995,259.875,82.73296127177402,71.04684593269081,55.339621148382655,45.88878557842877,286.3473912784617,259.875,233.40260872153826,-6.988161540668955,-8.599263392979362,1.6111018523104068
2025-02-17,2382,8218376,2142386761,260.0,261.5,260.0,260.5,0.5,13722,259.2999999999997,251.79999999999995,258.5,93.17493594223151,82.92707572165384,56.29291753197771,46.36641510152165,281.63222859994204,258.5,235.36777140005796,-6.203196629095999,-8.120050040202688,1.9168534111066897
2025-02-18,2382,11709725,3079900424,261.5,264.5,260.0,264.5,4.0,12144,260.59999999999974,254.74999999999994,257.55,95.64407174470064,90.51732298623556,63.55387202749508,50.15680938108781,277.8893706883965,257.55,237.21062931160353,-5.198415611435223,-7.535723154449196,2.3373075430139725
2025-02-19,2382,23834735,6405554247,265.0,271.0,264.0,269.5,5.0,33001,262.89999999999975,257.69999999999993,257.5,96.22641509433959,95.01514092709074,70.66165701334738,54.486733304066135,277.7163300329217,257.5,237.2836699670783,-3.9530924139922945,-6.819197006357816,2.866104592365521
2025-02-20,2382,13541594,3616556184,268.5,270.0,266.0,266.5,-3.0,25320,264.1999999999997,260.09999999999997,257.375,91.29502572898797,94.3885041893429,62.173967096808894,51.590837431157034,277.3346467904623,257.375,237.4153532095377,-3.171678599312031,-6.089693324948659,2.9180147256366276
2025-02-21,2382,9780770,2620884888,266.5,270.0,265.5,270.0,3.5,9309,266.1999999999997,261.9,257.875,89.21169239565462,92.24437773966089,67.48924864011293,54.621082647247654,278.5604417405095,257.875,237.18955825949052,-2.2441130339720985,-5.320577266753347,3.076464232781248
2025-02-24,2382,15596828,4121712759,265.0,266.0,263.0,265.0,-5.0,16098,267.09999999999974,263.19999999999993,258.125,77.76515151515149,86.09062321326486,54.68265045123039,49.82301010188918,279.02685398475484,258.125,237.22314601524516,-1.8906743370935715,-4.634596680821391,2.74392234372782
2025-02-25,2382,33808806,8659100448,258.0,260.5,254.0,254.5,-10.5,37202,265.09999999999974,262.84999999999997,257.825,52.230392156862706,73.0690786892231,37.32843302543049,41.56558915325764,278.7541065265583,257.825,236.89589347344167,-2.4298243684611975,-4.1936422183493525,1.763817849888155
2025-02-26,2382,21365894,5449912765,247.0,260.5,247.0,260.0,5.5,15511,263.1999999999997,263.04999999999995,257.475,39.03594771241826,56.34383046147766,47.50877498086573,46.56162745866943,278.0090570759887,257.475,236.9409429240113,-2.3857986167581657,-3.8320734980311153,1.4462748812729496
2025-02-27,2382,36067027,9134382841,260.0,260.0,250.0,250.5,-9.5,38163,259.9999999999997,262.09999999999997,256.55,23.897058823529374,38.38779956427029,35.79245943885307,40.17262697397876,276.58471986327623,256.55,236.51528013672376,-3.081951676059134,-3.682049133636719,0.600097457577585
2025-03-03,2382,30644187,7694293869,249.0,254.0,248.0,250.5,0.0,22702,256.09999999999974,261.15,255.6,27.77777777777774,30.2369281045753,35.79245943885307,40.172626973978765,274.8758916784671,255.6,236.3241083215329,-3.5922487831916783,-3.664089063547711,0.07184028035603252
2025-03-04,2382,28834123,7346104270,248.0,259.0,246.0,258.5,8.0,21730,254.79999999999973,260.94999999999993,256.375,26.388888888888847,26.02124183006549,49.94221193871462,47.24268822038524,274.7893286600414,256.375,237.96067133995857,-3.3129402627606055,-3.59385930339029,0.2809190406296844
2025-03-05,2382,19650240,5126988639,259.5,263.0,258.0,262.0,3.5,21574,256.2999999999997,260.69999999999993,257.725,43.749999999999964,32.63888888888902,55.0035558772492,50.02520021960707,273.4331984963248,257.725,242.01680150367525,-2.7771522166933664,-3.430517886050905,0.6533656693575387
2025-03-06,2382,12785940,3352781747,263.0,264.5,260.5,260.5,-1.5,25931,256.39999999999975,259.79999999999995,258.75,59.02777777777774,43.055555555555685,52.35666420200881,48.83640787967879,272.2129120178363,258.75,245.28708798216374,-2.4453849188720937,-3.2334912926151427,0.7881063737430489
2025-03-07,2382,15089148,3908775846,256.0,262.0,256.0,258.0,-2.5,12823,257.89999999999975,258.94999999999993,259.525,62.36111111111108,55.046296296296426,47.876788620852835,46.83859656157451,270.7565404108261,259.525,248.29345958917384,-2.3570158403070423,-3.0581962021535225,0.7011803618464802
2025-03-10,2382,19742945,5153010856,260.5,264.0,257.0,261.0,3.0,14811,259.9999999999997,258.04999999999995,259.975,67.16591591591587,62.851601601601736,53.45270747070357,49.5079126917136,270.67301383435034,259.975,249.2769861656497,-2.021603988550339,-2.850877759432886,0.8292737708825468
2025-03-11,2382,33264148,8419949182,252.0,256.0,248.0,254.5,-6.5,25990,259.1999999999997,256.99999999999994,260.1,62.342342342342306,63.956456456456586,42.075133382843525,44.31585519569837,270.4759336929249,260.1,249.7240663070751,-2.2542972216349426,-2.7315616518732972,0.47726443023835463
2025-03-12,2382,19927890,5181127571,256.5,262.0,256.0,259.5,5.0,14392,258.6999999999997,257.49999999999994,260.175,66.66666666666663,65.39164164164177,51.36541027722221,48.76685168960358,270.51073896729275,260.175,249.83926103270724,-2.0120563390472626,-2.5876605893080904,0.5756042502608278
2025-03-13,2382,15599234,4088329466,264.0,265.5,257.5,257.5,-2.0,24305,258.09999999999974,257.24999999999994,260.15,59.29775929775926,62.7689227689229,47.78860919641954,47.143573795090674,270.5090540108668,260.15,249.79094598913315,-1.958881216346981,-2.4619047147158684,0.5030234983688873
2025-03-14,2382,12717403,3280209700,259.0,260.0,256.0,256.5,-1.0,25207,257.7999999999997,257.84999999999997,259.975,61.93116193116189,62.63186263186276,45.923204746871775,46.31347419648143,270.4558158079377,259.975,249.49418419206236,-1.974668442535119,-2.3644574602797186,0.3897890177445995
2025-03-17,2382,15973234,4104543961,260.0,260.5,255.0,255.0,-1.5,13762,256.59999999999974,258.29999999999995,259.725,50.9401709401709,57.38969738969752,42.98676287990064,45.03258798471252,270.4276865786086,259.725,249.02231342139146,-2.084192127525455,-2.308404393728866,0.22421226620341095
2025-03-18,2382,13300180,3457943273,258.0,262.0,257.5,259.5,4.5,10281,257.59999999999974,258.4,259.675,53.18681318681315,55.35271535271548,53.4128903643177,49.54123032395624,270.3720790405574,259.675,248.9779209594426,-1.7872754462212583,-2.2041786042273444,0.416903158006086
2025-03-19,2382,17247182,4393622054,257.5,258.0,252.0,253.5,-6.0,25618,256.39999999999975,257.54999999999995,259.125,45.71428571428569,49.947089947090085,41.58367953523832,44.32117419638351,269.90403056865506,259.125,248.34596943134494,-2.0129130839889626,-2.165925500179668,0.15301241619070538
2025-03-20,2382,8835375,2276104291,256.5,259.0,256.5,257.0,3.5,7434,256.2999999999997,257.19999999999993,258.5,49.5238095238095,49.47496947496961,49.23501950984102,47.77789449611367,268.19535971483265,258.5,248.80464028516735,-1.8875532493740366,-2.1102510500185416,0.22269780064450506
2025-03-21,2382,11219926,2885062599,258.5,259.0,256.0,256.0,-1.0,9121,256.1999999999997,256.99999999999994,257.975,42.85714285714283,46.031746031746174,47.17535164649396,46.88232366535194,266.9942848940465,257.975,248.95571510595357,-1.847598356164326,-2.0577205112476986,0.2101221550833725
2025-03-24,2382,18762765,4713744749,256.5,257.0,249.0,249.5,-6.5,23814,255.09999999999974,255.84999999999997,256.95,33.39105339105337,41.92400192400206,35.81387980418984,41.44435879489403,264.861384202529,256.95,249.03861579747098,-2.3137579314995946,-2.1089279952980777,-0.2048299362015169
2025-03-25,2382,20256397,5063815444,251.5,253.5,247.5,249.5,0.0,19716,253.09999999999974,255.34999999999997,256.175,19.95189995189993,32.06669873336555,35.81387980418984,41.44435879489403,263.8122442674014,256.175,248.5377557325986,-2.6526150582551224,-2.217665407889487,-0.4349496503656356
2025-03-26,2382,10824765,2713956815,249.5,252.0,248.0,252.0,2.5,8712,252.79999999999973,254.59999999999997,256.05,15.058632300011586,22.80052854765513,43.00029477489224,44.324964334684836,263.87240372263824,256.05,248.2275962773618,-2.688441980262951,-2.3118207223641796,-0.3766212578987713
2025-03-27,2382,18309978,4507190963,247.0,248.5,245.0,246.0,-6.0,22160,250.59999999999974,253.44999999999996,255.35,16.009315603636065,17.00661595184936,32.737336915715254,39.32486925262552,264.08555951270426,255.35,246.61444048729575,-3.1645064692404787,-2.4823578717394392,-0.6821485975010395
2025-03-28,2382,22005725,5302094468,242.5,244.5,238.0,241.0,-5.0,25919,247.59999999999974,251.89999999999995,254.875,16.47227856659903,15.846742156749059,26.571607229867293,35.70976899382796,265.45268878347304,254.875,244.29731121652694,-3.900289114801325,-2.7659441203518162,-1.1343449944495085
2025-03-31,2382,38711891,8812313610,228.0,232.0,224.0,224.5,-16.5,40607,242.59999999999974,248.84999999999997,253.575,6.603641456582609,13.028411875606066,15.402878363166984,26.916196132694058,270.4814336866189,253.575,236.66856631338106,-5.748548576539292,-3.3624650115893115,-2.3860835649499808
2025-04-01,2382,16629222,3837751328,227.0,234.0,227.0,234.0,9.5,15103,239.49999999999972,246.29999999999995,252.35,14.166666666666643,12.414195563282926,34.029100570583076,36.59702042613265,271.1012666238848,252.35,233.5987333761152,-6.373269823467467,-3.9646259739649428,-2.4086438495025244
2025-04-02,2382,13328139,3114402927,235.0,237.0,232.0,233.0,-1.0,11792,235.69999999999973,244.24999999999994,250.9,18.571428571428548,13.113912231559432,33.13320814238695,36.05561183612791,270.88649544067175,250.9,230.91350455932826,-6.869866016092459,-4.545673982390446,-2.3241920337020128
2025-04-07,2382,8680533,1822911930,210.0,210.0,210.0,210.0,-23.0,8644,228.49999999999972,239.54999999999995,248.375,18.09523809523807,16.944444444444585,19.41648018670389,26.386709577161906,274.6445165543638,248.375,222.1054834456362,-9.015405870529776,-5.439620360018312,-3.575785510511464
2025-04-08,2382,66898776,12845226397,193.0,199.5,189.0,191.5,-18.5,48341,218.59999999999974,233.09999999999997,245.05,9.863418235511235,15.510028300726114,13.98390105514889,21.41272145565543,280.7471987696511,245.05,209.35280123034892,-12.069428196706838,-6.765581927356017,-5.303846269350821
2025-04-09,2382,73418274,13682954944,192.5,201.0,174.0,178.5,-13.0,58315,209.39999999999972,225.99999999999994,240.925,3.2150665871595856,10.391240972636462,11.374766576764786,18.73950606105574,286.10383907317646,240.925,195.7461609268236,-15.361674427224955,-8.484800427329805,-6.87687399989515
2025-04-10,2382,6429637,1260173852,196.0,196.0,196.0,196.0,17.5,2922,201.79999999999973,220.64999999999995,238.0,13.058467034586878,8.71231728575273,31.459171089861083,31.19258419650209,286.72063217980667,238.0,189.27936782019333,-16.369996409229486,-10.06183962370974,-6.308156785519746
2025-04-11,2382,65148266,13368203241,192.5,215.5,190.0,215.5,19.5,45215,198.29999999999973,216.99999999999994,235.8,31.388226779487642,15.887253467078201,47.05670356481543,41.880652719564,284.4121384018435,235.8,187.18786159815653,-15.417884042888517,-11.133048507545496,-4.284835535343021
2025-04-14,2382,64130207,14745589769,225.0,236.0,223.5,228.0,12.5,49760,201.89999999999972,215.19999999999996,234.325,58.03657842783929,34.16109074730477,54.7565861805902,47.509328059030594,281.9949853157101,234.325,186.65501468428985,-13.499073681306413,-11.60625354229768,-1.8928201390087338
2025-04-15,2382,32189335,7341403720,227.5,232.0,223.0,228.0,0.0,31161,209.19999999999973,213.89999999999995,232.9,76.76460655184057,55.396470586389334,54.756586180590205,47.5093280590306,279.5257439618929,232.9,186.27425603810713,-11.841896632416677,-11.65338216032148,-0.18851447209519812
2025-04-16,2382,17826790,4057161421,223.0,229.5,223.0,227.0,-1.0,16290,218.89999999999972,214.14999999999995,231.5,85.18518518518515,73.32879005495516,53.90295694229991,47.086232209584324,277.05655825454767,231.5,185.94344174545233,-10.488360236478371,-11.420377775552858,0.9320175390744865
2025-04-17,2382,18735548,4261592216,226.5,230.0,223.5,230.0,3.0,31504,225.69999999999973,213.74999999999994,230.025,86.72128349547701,82.8903584108344,56.288028205233395,48.566074672693404,273.73252223588065,230.025,186.31747776411933,-9.069055536110994,-10.950113327664486,1.8810577915534914
2025-04-18,2382,13060279,2994859420,229.5,231.0,226.5,230.5,0.5,12110,228.69999999999973,213.49999999999994,228.875,88.52619901006994,86.81088923024419,56.72341654933947,48.82296947289307,271.2411126373427,228.875,186.50888736265728,-7.813827573873198,-10.322856176906228,2.5090286030330304
2025-04-21,2382,13703839,3161575923,229.0,232.5,228.0,232.0,1.5,11098,229.49999999999972,215.69999999999996,227.625,91.66666666666663,88.97138305740468,58.181274591701595,49.635677553038924,268.0278154959529,227.625,187.2221845040471,-6.621682274981765,-9.582621396521336,2.960939121539571
2025-04-22,2382,20203432,4561936263,228.0,230.5,222.5,223.5,-8.5,47286,228.59999999999974,218.89999999999995,226.0,85.83450210378679,88.67578926017461,47.58393044822849,45.250425946732605,264.26486639203137,226.0,187.73513360796863,-6.290267214312053,-8.924150560079479,2.633883345767426
2025-04-23,2382,25090236,5828986774,230.5,236.0,229.0,235.0,11.5,21241,230.19999999999973,224.54999999999995,225.275,88.06685366993919,88.52267414679768,59.28852446051669,51.49433568907398,262.25942239646275,225.275,188.29057760353726,-5.041548665760985,-8.14763018121578,3.106081515454795
2025-04-24,2382,14352268,3327900218,235.0,236.0,230.0,230.0,-5.0,28087,230.19999999999973,227.94999999999996,224.3,75.40257648953298,83.1013107544198,53.256245690764956,48.883982349411944,259.67145741978953,224.3,188.92854258021046,-4.404614775406031,-7.39902710005383,2.994412324647799
2025-04-25,2382,20380703,4815437117,238.0,239.0,234.0,235.0,5.0,14860,231.09999999999974,229.89999999999995,223.45,76.37973942321764,79.94972319423009,58.216075547640365,51.53002775527252,256.88187102152676,223.45,190.01812897847321,-3.456537057601963,-6.610529091563457,3.1539920339614937
2025-04-28,2382,30796591,7527575271,240.0,248.0,238.5,245.0,10.0,25698,233.69999999999973,231.59999999999997,223.4,73.18280847692608,74.98837479655906,66.50808752731348,56.39208716199195,256.6995495465027,223.4,190.10045045349733,-1.87662959142952,-5.663749191536669,3.7871196001071494
2025-04-29,2382,13002314,3159803721,244.0,244.5,242.0,242.5,-2.5,17643,237.49999999999972,233.04999999999995,223.475,80.80808080808077,76.79020956940832,62.869146194413304,54.90916943609348,256.93912257926394,223.475,190.01087742073605,-0.8168544587709903,-4.694370244983533,3.877515786212543
2025-04-30,2382,14992537,3593536865,239.5,243.0,238.0,238.5,-4.0,16881,238.19999999999973,234.19999999999996,224.175,76.47058823529409,76.82049250676714,57.043141847517596,52.52902719626902,258.2752565972744,224.175,190.07474340272563,-0.2963257427704775,-3.814761344540922,3.5184356017704443
2025-05-02,2382,35896255,8933521918,244.5,251.0,244.0,251.0,12.5,24931,242.39999999999972,236.29999999999995,225.025,80.39215686274507,79.22360863537347,67.89123964994212,58.57243801873998,260.8655845376437,225.025,189.1844154623563,1.1120238295121965,-2.829404309730298,3.9414281392424946
2025-05-05,2382,27173930,6728114176,251.0,251.5,245.0,246.5,-4.5,19315,244.69999999999973,237.89999999999995,225.7,81.83457290962359,79.56577266922108,61.38090029841676,55.81750169811339,262.60853559815155,225.7,188.79146440184843,1.8437846188560343,-1.8947665240130314,3.7385511428690656
2025-05-06,2382,21870326,5511791795,246.0,255.0,245.0,254.0,7.5,18026,246.49999999999972,240.09999999999997,227.9,92.97082228116706,85.06585068451206,67.45014308864965,59.257070117406805,266.0282047833357,227.9,189.77179521666434,2.994380284366372,-0.9169371623371507,3.9113174467035225
2025-05-07,2382,19311662,4887968473,255.0,257.0,249.5,254.0,0.0,15623,248.79999999999973,243.14999999999995,231.025,89.26711857746336,88.02417125608481,67.45014308864965,59.257070117406805,266.88511015041615,231.025,195.16488984958386,3.861720133021322,0.03879429673454382,3.822925836286778
2025-05-08,2382,16832060,4256636317,256.0,256.0,251.0,251.5,-2.5,13363,251.39999999999972,244.79999999999995,234.675,87.04323052149135,89.76039046004074,62.96087592410257,57.52580143401128,262.32870680397076,234.675,207.02129319602923,4.297821494411693,0.8905997362699737,3.407221758141719
2025-05-09,2382,22726085,5778803976,253.0,257.0,250.0,256.5,5.0,16770,252.49999999999972,247.44999999999996,237.7,87.4480888210865,87.91947930668056,67.9398008469726,60.04035340624776,260.5962879087423,237.7,214.80371209125767,4.989378726333939,1.7103555342827668,3.2790231920511723
2025-05-12,2382,20030811,5186710454,260.0,262.5,256.0,258.5,2.0,18120,254.89999999999972,249.79999999999995,239.85,85.7096156540419,86.7336449988734,69.83225144231372,61.03407580553078,262.06958595473805,239.85,217.63041404526194,5.63388221315239,2.495060870056691,3.1388213430956986
2025-05-13,2382,32614946,8630959864,266.0,268.0,261.0,262.0,3.5,31403,256.4999999999997,251.49999999999994,241.55,87.01396348012885,86.72388931841924,73.07690382748793,62.77853047288428,265.04872336957845,241.55,218.05127663042154,6.353833580737756,3.266815412192904,3.0870181685448523
2025-05-14,2382,49833839,13532770982,268.0,277.0,267.0,276.5,14.5,45362,260.9999999999997,254.89999999999995,243.975,87.3861059575345,86.70322836390189,82.28560455136575,68.97531896595763,271.1088810346037,243.975,216.84111896539628,8.00218483932187,4.213889297618698,3.7882955417031727
2025-05-15,2382,35835176,9906026755,276.5,278.5,274.5,277.5,1.0,29885,266.1999999999997,258.79999999999995,246.5,91.8332579526609,88.74444246344156,82.76005197851944,69.35424992966843,276.1293773137404,246.5,216.8706226862596,9.282207223234508,5.227552882741859,4.0546543404926485
2025-05-16,2382,16924620,4662487327,277.0,278.0,274.0,275.0,-2.5,27848,269.89999999999975,261.19999999999993,248.75,95.01733755465095,91.4122338216156,76.76347791811367,67.14624916766408,279.8249094930298,248.75,217.67509050697018,9.979863424610727,6.178014991115633,3.8018484334950937
2025-05-19,2382,16998444,4589675439,273.0,274.0,266.0,266.0,-9.0,21240,271.39999999999975,263.15,250.525,81.15457196774743,89.33505582501992,58.85321599866911,59.7690776957684,281.2812595255011,250.525,219.76874047449886,9.694780808314476,6.8813681545554015,2.813412653759075
2025-05-20,2382,11318411,3039921427,270.0,272.5,266.5,266.5,0.5,20770,272.2999999999997,264.4,252.25,68.11450912407106,81.42880621548996,59.46618576091268,60.03179876443334,282.52292519727837,252.25,221.97707480272163,9.400829689469077,7.385260461538136,2.015569227930941
2025-05-21,2382,14915626,4036417221,268.0,272.5,267.0,272.0,5.5,16601,271.39999999999975,266.19999999999993,254.675,63.99475700746114,71.08794603309336,65.9717157259675,62.90169594676288,283.0585779985536,254.675,226.29142200144645,9.502140582801417,7.808636485790792,1.6935040970106243
2025-05-22,2382,10700787,2862844160,268.0,269.0,266.5,267.5,-4.5,67192,269.39999999999975,267.79999999999995,256.3,62.06627680311886,64.72518097821717,57.20746967320427,59.15881747219812,283.6959851073105,256.3,228.9040148926895,9.114254352987132,8.06976005923006,1.0444942937570723
2025-05-23,2382,10487019,2778945003,269.0,269.5,263.0,264.0,-3.5,11629,267.1999999999997,268.54999999999995,258.0,48.48231690336949,58.181116904649976,51.05312982429231,56.35028344287506,282.74873734152914,258.0,233.25126265847084,8.42728645950882,8.141265339285813,0.2860211202230083
2025-05-26,2382,8973937,2391670819,264.0,268.5,263.5,265.5,1.5,8460,267.09999999999974,269.24999999999994,259.525,28.127666837344208,46.22542018127766,53.55157449952239,57.28619827830429,282.07821484844277,259.525,236.97178515155719,7.912684418071308,8.095549155042912,-0.1828647369716041
2025-05-27,2382,9085288,2425777748,266.0,270.0,265.0,266.0,0.5,9428,266.9999999999997,269.65,260.575,17.542242703532978,31.384075481415707,54.455650312168615,57.612452858972965,282.2643406999855,260.575,238.88565930001445,7.459219178562478,7.968283159746825,-0.5090639811843474
2025-05-28,2382,16418514,4430108583,270.0,272.0,268.0,269.0,3.0,18840,266.39999999999975,268.9,261.9,25.161290322580598,23.61039995448608,59.91691286880608,59.60606419883827,282.204186760372,261.9,241.59581323962794,7.258251037311254,7.826276735259711,-0.5680256979484568
2025-05-29,2382,28824955,7890800322,273.0,276.0,271.5,271.5,2.5,24031,267.1999999999997,268.29999999999995,263.55,41.57981803143089,28.094450352514972,64.10191234698934,61.24200270539585,281.1650503831235,263.55,245.9349496168765,7.217512453284655,7.7045238788647,-0.48701142558004484
2025-06-02,2382,19536880,5277281643,270.0,271.5,269.0,271.0,-0.5,13815,268.59999999999974,267.9,264.55,55.6410256410256,40.794044665012514,62.577408226001054,60.71240883800101,281.4582819943368,264.55,247.64171800566322,7.06345786519222,7.576310676130204,-0.512852810937984
2025-06-03,2382,18214942,5013627704,273.5,276.0,272.5,275.0,4.0,13132,270.4999999999997,268.79999999999995,265.975,73.07692307692304,56.765922249793334,69.37519740065234,63.43646706268618,281.28667854939334,265.975,250.6633214506067,7.181352898849752,7.497319120674113,-0.31596622182436107
2025-06-04,2382,24618435,6925333553,280.0,283.0,279.0,280.0,5.0,22310,273.2999999999997,270.15,267.275,79.61538461538457,69.44444444444457,75.78885721439448,66.55786853237949,282.7135070521742,267.275,251.83649294782577,7.590742422098856,7.516003780959062,0.07473864113979367
2025-06-05,2382,17322988,4896791076,283.5,286.5,279.5,281.5,1.5,19144,275.7999999999997,271.09999999999997,268.65,85.34369885433712,79.34533551554841,77.4423223907514,67.45547375301594,284.0126169645672,268.65,253.28738303543273,7.944643132084934,7.601731651184236,0.3429114809006979
2025-06-06,2382,15451230,4263269079,280.0,280.0,273.5,276.0,-5.5,91646,276.6999999999997,271.94999999999993,269.875,72.69041011409185,79.21649786127135,59.93316655984707,60.99126766629042,283.3652742744537,269.875,256.3847257255463,7.692632085696971,7.619911738086783,0.07272034761018809
2025-06-09,2382,9523603,2633583429,278.0,278.5,274.5,276.0,0.0,8892,277.6999999999997,273.15,270.85,61.411340346649986,73.14848310502647,59.93316655984707,60.99126766629042,283.09377392799774,270.85,258.6062260720023,7.4075222107696845,7.577433832623363,-0.1699116218536787
2025-06-10,2382,18866209,5309568811,276.5,283.5,276.5,283.5,7.5,16884,279.39999999999975,274.94999999999993,272.1,63.098133522804865,65.7332946611824,71.77680554223501,66.12512339084753,284.14823638545977,272.1,260.0517636145403,7.698019918894829,7.601551049877656,0.09646886901717266
2025-06-11,2382,13325983,3763342136,284.0,284.5,281.0,283.0,-0.5,15751,279.9999999999997,276.65,273.15,71.64885816048603,65.38611067664712,70.1636805011006,65.50617069446376,285.15458245837993,273.15,261.14541754162,7.798005075757601,7.640841855053646,0.15716322070395528
2025-06-12,2382,15984172,4558596875,283.0,286.5,281.0,286.5,3.5,14967,280.9999999999997,278.4,273.65,87.92792792792788,74.22497320373975,74.79059372065751,67.77971325352443,286.93570660522084,273.65,260.3642933947791,8.066677149359407,7.726008913914798,0.34066823544460867
2025-06-13,2382,16713436,4779457846,283.5,287.5,283.0,287.5,1.0,12902,283.2999999999997,279.99999999999994,274.15,93.33333333333327,84.30337314058255,76.02967222542402,68.42016754340825,288.67274078815814,274.15,259.6272592118418,8.265019347772693,7.833811000686377,0.43120834708631595
2025-06-16,2382,9734381,2776943517,286.0,287.0,284.0,286.0,-1.5,9616,285.2999999999997,281.49999999999994,274.7,96.42857142857137,92.56327756327767,70.0079385516145,66.29157271477123,290.11557653803493,274.7,259.28442346196505,8.206569282737235,7.908362657096548,0.29820662564068634
2025-06-17,2382,16505771,4704671238,287.0,287.5,283.0,283.0,-3.0,17179,285.1999999999997,282.29999999999995,275.55,85.71428571428565,91.82539682539692,59.088120822370605,62.12849622534288,290.8271070559827,275.55,260.2728929440173,7.8279366758549145,7.892277460848222,-0.06434078499330731
2025-06-18,2382,13447582,3813167821,282.5,285.5,282.0,283.0,0.0,13537,285.1999999999997,282.59999999999997,276.375,74.99999999999993,85.71428571428582,59.088120822370605,62.12849622534288,291.38791111010823,276.375,261.36208888989177,7.442079941962959,7.802237957071169,-0.36015801510821
2025-06-19,2382,13875479,3907044665,282.0,285.0,279.0,279.0,-4.0,22486,283.6999999999997,282.34999999999997,276.725,56.7765567765567,72.49694749694758,46.05198749457559,56.62922904295099,291.6396739823555,276.725,261.81032601764457,6.7358721881506085,7.588964803287057,-0.8530926151364486
2025-06-20,2382,16423414,4606491314,280.5,283.0,279.0,279.5,0.5,13102,282.09999999999974,282.69999999999993,277.325,43.248418248418176,58.34165834165844,47.733607792939075,57.139924049150814,291.6612303273917,277.325,262.98876967260827,6.145699478603603,7.300311738350366,-1.154612259746763
2025-06-23,2382,17463276,4884256351,275.0,282.0,273.0,282.0,2.5,13260,281.2999999999997,283.29999999999995,278.225,41.319025801784356,47.114666942253244,55.77509215978218,59.695410921726086,291.3073354184168,278.225,265.14266458158323,5.812707190740866,7.002790828828466,-1.1900836380876
2025-06-24,2382,26861317,7767551693,286.0,291.5,286.0,289.5,7.5,20180,282.59999999999974,283.9,279.425,59.51029399305255,48.025912681085195,71.25443669724442,66.2053209005982,292.01179863984447,279.425,266.83820136015555,6.083864718019413,6.819005606666655,-0.7351408886472424
2025-06-25,2382,20454205,5969093656,291.0,293.0,289.5,293.0,3.5,15865,284.59999999999974,284.9,280.775,83.75271823547679,61.527346010104736,75.85549295744356,68.7425814011481,293.1016986659044,280.775,268.44830133409556,6.50618056169327,6.756440597671978,-0.25026003597870794
2025-06-26,2382,25266778,7359469472,294.0,296.0,288.5,290.0,-3.0,43278,286.7999999999997,285.24999999999994,281.825,87.7007442224833,76.98791881700437,65.38920296113866,64.28725517992596,293.5223287548941,281.825,270.1276712451059,6.523594051048065,6.709871288347196,-0.18627723729913104
2025-06-27,2382,22435667,6437131905,290.0,290.0,285.0,285.5,-4.5,21767,287.9999999999997,285.04999999999995,282.525,76.08695652173907,82.51347299323321,52.67124555686142,58.194527581087016,293.30681339107923,282.525,271.7431866089207,6.103919787140342,6.588680988105825,-0.48476120096548314
2025-06-30,2382,35114041,9653014966,275.0,279.0,271.5,274.5,0.0,27967,286.4999999999997,283.9,282.7,46.83525584146696,70.20765219522993,33.87927310372218,46.57465470709426,292.8212647431041,282.7,272.57873525689587,4.828061947473145,6.236557179979289,-1.4084952325061435
2025-07-01,2382,30493456,8594486278,277.0,283.5,277.0,281.0,6.5,22195,284.7999999999997,283.69999999999993,283.0,35.122744750073885,52.68165237109346,46.93194473296347,52.59779684263979,292.52890339965666,283.0,273.47109660034334,4.29195609648059,5.847636963279549,-1.5556808667989594
2025-07-02,2382,9387928,2635113400,281.0,282.0,279.0,282.0,1.0,14368,282.59999999999974,283.59999999999997,283.1,31.29251700680267,37.75017253278133,48.74790704579953,53.4669741805331,292.5424573072859,283.1,273.6575426927142,3.902791044033677,5.458667779430375,-1.5558767353966978
2025-07-03,2382,10487205,2942922847,282.5,283.0,279.0,280.0,-2.0,14346,280.59999999999974,283.69999999999993,283.025,38.77551020408158,35.063590653652874,45.14340899182526,51.43560707196685,292.5406450122996,283.025,273.50935498770036,3.3938692389082235,5.045708071325945,-1.6518388324177211
2025-07-04,2382,10519617,2947596800,282.0,284.0,278.0,278.0,-2.0,10584,279.09999999999974,283.54999999999995,283.125,34.69387755102036,34.92063492063503,41.55836823313954,49.41381773615708,292.38175429078683,283.125,273.86824570921317,2.7969205968423125,4.595950576429218,-1.7990299795869058
2025-07-07,2382,7009377,1937063811,277.5,279.0,274.0,277.0,-1.0,10324,279.59999999999974,283.04999999999995,283.175,27.891156462584977,33.78684807256247,39.71840825960618,48.38963127158709,292.2869427127242,283.175,274.0630572872758,2.217579973037516,4.1202764557508775,-1.9026964827133614
2025-07-08,2382,10601279,2896593906,275.5,276.0,272.0,272.0,-5.0,11787,277.7999999999997,281.29999999999995,282.6,17.00680272108838,26.53061224489807,31.565995309235458,43.531301778907874,292.9276328362299,282.6,272.2723671637701,1.3395486583979732,3.5641308962802967,-2.2245822378823235
2025-07-09,2382,10544502,2905830755,273.5,277.0,273.5,276.0,4.0,9365,276.59999999999974,279.59999999999997,282.25,16.2713734142305,20.389777532634785,42.56828118806328,48.02690432434492,292.9668092266298,282.25,271.5331907733702,0.9554551935561904,3.0423957557354755,-2.086940562179285
2025-07-10,2382,13757147,3764954034,276.0,276.0,272.5,273.0,-3.0,13435,275.1999999999997,277.9,281.575,12.78838021695159,15.355518784090323,37.31847880601845,45.12524983228797,292.8234443368861,281.575,270.3265556631139,0.4043226476709947,2.5147811341225794,-2.1104584864515847
2025-07-11,2382,9737136,2661104540,272.5,275.5,270.5,273.0,0.0,9993,274.1999999999997,276.65,280.85,18.280947614280894,15.780233748487829,37.318478806018454,45.12524983228798,292.34391143170717,280.85,269.3560885682929,-0.032084021015919006,2.00540810309488,-2.037492124110799
2025-07-14,2382,19607767,5283101015,271.5,273.5,268.0,269.5,-3.5,20778,272.6999999999997,276.15,280.025,13.297839506172783,14.789055779135255,31.206965629661664,41.71512113245891,292.26622134429533,280.025,267.7837786557046,-0.652834727012646,1.4737595370733745,-2.1265942640860205
2025-07-15,2382,16372356,4430055357,270.0,273.0,269.0,270.5,1.0,16273,272.39999999999975,275.09999999999997,279.4,14.506172839506116,15.361653319986765,34.767907429548615,43.039587442016966,292.23199127181874,279.4,266.5680087281812,-1.0519660809757738,0.9686144134635448,-2.0205804944393186
2025-07-16,2382,13919070,3812830056,272.0,276.0,271.5,272.5,2.0,13301,271.6999999999997,274.15,278.875,17.708333333333275,15.170781893004225,41.79762535718043,45.697376495971284,291.93208619868875,278.875,265.81791380131125,-1.1931434542406123,0.5362628399227134,-1.7294062941633257
2025-07-17,2382,10608473,2878959866,273.5,275.0,270.0,271.0,-1.5,12409,271.2999999999997,273.24999999999994,278.475,23.67424242424237,18.629582865694086,38.195969754538595,44.037720203589,291.97490740708764,278.475,264.9750925929124,-1.4098135506248468,0.14704756181320133,-1.5568611124380483
2025-07-18,2382,12539637,3437550385,273.5,276.0,272.5,273.5,2.5,11332,271.39999999999975,272.79999999999995,278.175,38.83627946127941,26.739618406285185,47.06522553541955,47.462478325209396,291.83616759285246,278.175,264.51383240714756,-1.3640728734258687,-0.15517652523461273,-1.208896348191256
2025-07-21,2382,8454940,2310248156,274.5,274.5,271.5,273.5,0.0,7793,272.1999999999997,272.44999999999993,277.75,49.83164983164978,37.44739057239068,47.06522553541955,47.46247832520939,291.4375856161697,277.75,264.0624143838303,-1.3126911705101634,-0.3866794542897229,-0.9260117162204404
2025-07-22,2382,30152531,8027219976,273.0,274.0,261.5,262.5,-11.0,39213,270.59999999999974,271.49999999999994,276.4,43.03959131545333,43.90250686946101,25.311476369831716,36.16770537212138,290.5053181460051,276.4,262.29468185399486,-2.1349682845162192,-0.7363372203350222,-1.398631064181197
2025-07-23,2382,15842886,4178512918,264.0,265.0,262.5,264.5,2.0,15343,268.9999999999997,270.34999999999997,274.975,29.56577266922089,40.81233793877483,31.980349684813454,39.00961624258997,287.78310290401856,274.975,262.1668970959815,-2.5953282082017495,-1.1081354179083678,-1.4871927902933817
2025-07-24,2382,15785470,4229346357,266.0,270.0,265.0,269.0,4.5,13145,268.59999999999974,269.94999999999993,273.925,26.43678160919535,33.01404853129002,44.89587345749913,44.94851888536087,284.95348584348744,273.925,262.8965141565126,-2.5674583112806886,-1.399999996582832,-1.1674583146978565
2025-07-25,2382,7904591,2119214840,270.0,270.5,267.0,268.5,-0.5,9136,267.59999999999974,269.49999999999994,273.075,40.229885057471215,32.07747977862932,43.81735382531741,44.43082693738912,282.9657785335671,273.075,263.18422146643286,-2.556250177666925,-1.6312500327996506,-0.9250001448672744
2025-07-28,2382,14847007,4016835427,269.0,272.0,269.0,272.0,3.5,10114,267.2999999999997,269.74999999999994,272.95,57.47126436781605,41.3793103448277,53.03182019406659,48.87011722628392,282.82876510501313,272.95,263.07123489498684,-2.2391355410445613,-1.7528271344486328,-0.48630840659592844
2025-07-29,2382,13562396,3623962744,271.5,271.5,265.0,267.5,-4.5,16683,268.2999999999997,269.44999999999993,272.275,54.02298850574709,50.57471264367828,42.56118615189284,44.00280581303889,281.6955891535538,272.275,262.85441084644617,-2.324141047496596,-1.8670899170582254,-0.45705113043837065
2025-07-30,2382,11000384,2947691071,269.0,270.0,265.5,270.0,2.5,10469,269.39999999999975,269.19999999999993,271.675,57.47126436781605,56.32183908045989,49.07774550165547,47.151911352334444,280.00731660464186,271.675,263.34268339535816,-2.1648246659705137,-1.926636866840683,-0.23818779912983068
2025-07-31,2382,48210508,13467110924,271.5,285.0,270.0,281.5,11.5,39503,271.89999999999975,270.24999999999994,271.75,61.70212765957442,57.732126844379344,68.34886106424611,58.666857051043785,280.4015894493426,271.75,263.0984105506574,-1.0979548551911193,-1.7609004645107702,0.6629456093196509
2025-08-01,2382,20318200,5714604682,276.0,285.0,276.0,285.0,3.5,28749,275.1999999999997,271.4,272.1,81.2423575446319,66.80524985734094,72.09815240236564,61.42189975004461,282.18265837960985,272.1,262.0173416203902,0.02962639092027075,-1.402795093424562,1.4324214843448329
2025-08-04,2382,19154947,5386389066,281.5,284.0,279.5,281.0,-4.0,32562,276.9999999999997,272.15,272.3,89.10953506698183,77.3513400903962,62.26402608900473,56.76509624669218,282.9084871682997,272.3,261.6915128317003,0.5936330493731248,-1.0035094648650247,1.5971425142381495
2025-08-05,2382,25040026,7166792645,284.0,288.0,282.0,288.0,7.0,21771,281.09999999999974,274.69999999999993,273.1,94.07407407407403,88.14198889522942,70.48375643481317,62.170389600925866,285.7198256723281,273.1,260.48017432767193,1.5871581173988716,-0.4853759484122454,2.072534065811117
2025-08-06,2382,16085555,4627885439,287.0,289.0,285.5,288.5,0.5,16905,284.7999999999997,277.09999999999997,273.725,93.3796296296296,92.18774625689532,71.00997879057458,62.53073303806562,287.98850237494116,273.725,259.4614976250589,2.3873597163660634,0.08917118454341644,2.298188531822647
2025-08-07,2382,20917241,6069555901,288.5,294.0,288.0,289.0,0.5,27854,286.2999999999997,279.09999999999997,274.525,93.55842911877392,93.67071094082603,71.60067344442817,62.91119589232197,290.25546407452777,274.525,258.7945359254722,3.0269779524073783,0.6767325381162088,2.3502454142911695
2025-08-08,2382,17138897,4977105467,290.5,293.5,289.0,290.5,1.5,12864,287.39999999999975,281.29999999999995,275.4,89.53544061302678,92.15783312047694,73.49115870869475,64.08925588474294,292.57439955282337,275.4,258.2256004471766,3.6132659954323003,1.2640392295794272,2.3492267658528734
2025-08-11,2382,17453640,5028563013,288.5,290.5,283.5,290.0,-0.5,42902,289.1999999999997,283.09999999999997,276.425,85.5515224843718,89.54846407205766,71.63666173309716,63.366736757951315,294.49230472428,276.425,258.35769527572,3.991545618936925,1.8095405074509268,2.1820051114859984
2025-08-12,2382,23048108,6551813542,291.5,291.5,282.0,283.0,-7.0,33908,288.1999999999997,284.65,277.05,76.02087114337564,83.70261141359157,50.7284308006157,54.16091012421571,295.11903428520714,277.05,258.9809657147929,3.684026285569473,2.184437663074636,1.4995886224948372
2025-08-13,2382,66058217,18186675157,284.0,285.0,271.0,271.5,-11.5,72239,284.7999999999997,284.79999999999995,277.0,47.43516399694885,69.66918587489893,32.53057341133586,43.08636718642093,295.12456896039185,277.0,258.87543103960815,2.483730212012972,2.2442961728623034,0.23943403915066863
2025-08-14,2382,23479265,6372155236,272.0,274.0,268.5,270.5,-1.0,21051,281.09999999999974,283.69999999999993,276.975,21.394572321682247,48.28353582066908,31.38826064992178,42.276844059024505,295.1339509608881,276.975,258.81604903911193,1.4352506078076317,2.082487059851369,-0.6472364520437375
2025-08-15,2382,24656970,6641772762,272.0,273.5,267.5,270.5,0.0,32069,277.09999999999974,282.24999999999994,276.825,7.1126016717870675,25.314112663472887,31.38826064992178,42.276844059024505,295.1451391916126,276.825,258.5048608083874,0.5974360961617435,1.785476867113444,-1.1880407709517005
2025-08-18,2382,20875074,5614696360,270.5,271.5,267.0,269.0,-1.5,24656,272.89999999999975,281.04999999999995,276.6,8.857099793096781,12.45475792885553,29.288475251701463,40.93875613474852,295.1865542799079,276.6,258.01344572009214,-0.18543779297579022,1.391293935095597,-1.5767317280713873
2025-08-19,2382,14933576,3999614201,267.5,269.0,266.5,268.0,-1.0,15060,269.89999999999975,279.04999999999995,276.875,8.06090252631128,8.010201330398543,27.83993233451846,40.02915306552883,294.7687838368524,276.875,258.9812161631476,-0.8764593552006659,0.9377432770363445,-1.8142026322370104
2025-08-20,2382,38340385,10031962657,266.5,267.0,259.0,259.5,-8.5,48331,267.4999999999997,276.15,276.625,4.770409408090515,7.229470575833024,18.678798095498966,33.26377051557717,295.3249331549607,276.625,257.9250668450393,-2.085932552326085,0.33300811116385864,-2.4189406634899435
2025-08-21,2382,26045092,6758520233,262.0,263.0,257.0,259.0,-0.5,31518,265.1999999999997,273.15,276.125,4.233640755379834,5.688317563260708,18.26629296107528,32.911401192527954,296.10467717456913,276.125,256.14532282543087,-3.049640241785312,-0.3435215594259755,-2.706118682359336
2025-08-22,2382,17556268,4520257384,258.5,261.5,256.5,258.5,-0.5,14086,262.7999999999997,269.94999999999993,275.625,4.32022084195992,4.441423668476922,17.80748617137358,32.540181276939364,296.8072449235203,275.625,254.44275507647973,-3.80981418376291,-1.0367800842933623,-2.7730340994695477
2025-08-25,2382,25613599,6780608572,263.0,268.0,260.5,268.0,9.5,21788,262.59999999999974,267.74999999999994,275.425,17.287421452181125,8.613761016507125,47.20334774591805,45.189968748961604,296.81489247284725,275.425,254.03510752715277,-3.6041406148420947,-1.5502521904031088,-2.053888424438986
2025-08-26,2382,21767616,5761371646,267.0,267.0,263.0,265.0,-3.0,21940,261.9999999999997,265.94999999999993,275.3,31.545530492898866,17.717724262346803,41.70774782833167,42.48093474508364,296.9018517724744,275.3,253.6981482275256,-3.64124376608828,-1.9684505055401431,-1.672793260548137
2025-08-27,2382,17744234,4755141402,266.5,269.0,265.0,269.0,4.0,15311,263.89999999999975,265.69999999999993,275.25,54.15057250970559,34.32784148492869,50.64595796299949,47.03969074369726,296.9052534041976,275.25,253.5947465958024,-3.3097292120379507,-2.2367062468397045,-1.0730229651982461
2025-08-28,2382,9846972,2633385617,268.0,269.0,266.0,266.0,-3.0,11326,265.2999999999997,265.24999999999994,274.475,61.81139122315588,49.16916474192028,44.65473727572134,44.20962021401787,296.28892903628264,274.475,252.6610709637174,-3.251594114567922,-2.439683820385348,-0.811910294182574
2025-08-29,2382,13766301,3643317502,267.5,268.5,262.5,262.5,-3.5,19445,266.09999999999974,264.44999999999993,273.35,61.62091503267968,59.19429292184722,38.46183647631244,41.10266990567018,295.197425477615,273.35,251.50257452238506,-3.448193749147606,-2.6413858061377997,-0.8068079430098063
2025-09-01,2382,19560706,5040730234,260.5,262.0,255.5,256.0,-6.5,28241,263.6999999999997,263.15,272.1,38.34567901234563,53.92599508939389,29.575058987910342,36.037416593983565,294.89385882205863,272.1,249.3061411779414,-4.081447665138512,-2.929398177937942,-1.15204948720057
2025-09-02,2382,16230886,4139140770,257.5,260.0,253.0,253.5,-2.5,21319,261.39999999999975,261.69999999999993,270.375,18.27623456790118,39.414276204309,26.796811953796247,34.28726635165983,293.31595682398574,270.375,247.43404317601428,-4.730504748434669,-3.2896194920372874,-1.4408852563973813
2025-09-03,2382,14851393,3769190871,253.0,255.0,252.5,253.5,0.0,19043,258.2999999999997,261.09999999999997,268.625,4.2964365881032025,20.306116722783504,26.796811953796247,34.28726635165983,291.1036009351111,268.625,246.14639906488893,-5.185116369268599,-3.6687188674835496,-1.516397501785049
2025-09-04,2382,10200031,2629428674,256.0,260.0,256.0,257.0,3.5,27112,256.4999999999997,260.9,267.025,12.152777777777724,11.5751496445942,37.911082037183014,39.09019662879749,287.9784603347524,267.025,246.07153966524754,-5.203001640642526,-3.975575422115345,-1.2274262185271811
2025-09-05,2382,7876262,2034465407,258.5,259.5,256.5,258.5,1.5,8553,255.69999999999973,260.9,265.425,23.23232323232318,13.227179199401533,42.29192366129536,41.0778614304105,283.6767807350391,265.425,247.17321926496092,-5.038062731996547,-4.188072884091586,-0.8499898479049612
2025-09-08,2382,15708398,4090580384,260.0,262.0,259.0,260.0,1.5,11315,256.4999999999997,260.09999999999997,263.925,36.36363636363631,23.9162457912459,46.68099171014162,43.07827007818649,278.3896984068103,263.925,249.46030159318977,-4.731765151353727,-4.296811337544014,-0.4349538138097131
2025-09-09,2382,20058259,5228129604,259.0,263.0,256.0,262.5,2.5,16852,258.2999999999997,259.84999999999997,262.9,47.474747474747424,35.6902356902358,53.55031600675868,46.34762880597887,274.41781229227286,262.9,251.38218770772707,-4.238434965364604,-4.285136063108132,0.0467010977435276
2025-09-10,2382,36652954,9942036273,266.5,274.0,266.5,273.0,10.5,33936,262.1999999999997,260.24999999999994,262.975,67.13648108996942,50.32495497611788,71.52577399357631,57.41157466659909,274.7328697050103,262.975,251.21713029498977,-2.9660146206111335,-4.021311774608732,1.0552971539975982
2025-09-11,2382,29092124,7911048874,276.0,276.5,269.0,270.0,-3.0,36366,264.7999999999997,260.65,262.95,76.29052149400984,63.63391668624238,63.353439335298475,53.98610774905942,274.6457257149772,262.95,251.25427428502277,-2.174619596993864,-3.651973339085758,1.477353742091894
2025-09-12,2382,15516785,4241835662,273.0,275.0,272.0,274.0,4.0,15075,267.89999999999975,261.79999999999995,263.125,85.94961240310074,76.45887166236015,68.88382381162617,57.617169972864446,275.35968430324215,263.125,250.89031569675785,-1.2107104520288203,-3.1637207616743703,1.95301030964555
2025-09-15,2382,21965610,6040418305,275.0,276.5,272.5,276.0,2.0,24249,271.09999999999974,263.79999999999995,263.475,86.80555555555553,83.01522981755552,71.40140558488936,59.34466555684589,276.72065966647006,263.475,250.22934033353,-0.28216954982514153,-2.5874105193045245,2.305240969479383
2025-09-16,2382,16694979,4585261770,276.5,277.0,273.0,273.5,-2.5,27252,273.2999999999997,265.79999999999995,263.75,90.27777777777776,87.6776485788115,63.86573227367938,56.25788948282852,277.5757007055709,263.75,249.92429929442912,0.249105168993367,-2.020107381644946,2.269212550638313
2025-09-17,2382,13259157,3643282049,273.5,278.0,273.0,273.0,-0.5,12533,273.2999999999997,267.74999999999994,264.425,86.1742424242424,87.75252525252539,62.330780787410674,55.63460952499953,278.6667519989647,264.425,250.18324800103534,0.6226212003299452,-1.491561665249968,2.114182865579913
2025-09-18,2382,20905813,5790414409,275.0,279.5,273.0,279.5,6.5,18604,275.1999999999997,269.99999999999994,265.45,86.86868686868684,87.77356902356915,72.39371896182179,61.59192148406526,280.8834053274059,265.45,250.01659467259404,1.426685085846259,-0.9079123150307226,2.3345974008769814
2025-09-19,2382,28422052,8006662571,280.5,285.0,279.5,281.0,1.5,34373,276.59999999999974,272.24999999999994,266.575,87.8265412748171,86.95649018924892,74.24600273944016,62.83224492345985,283.06219199863983,266.575,250.08780800136014,2.160049268677028,-0.29431999828917244,2.4543692669662005
2025-09-22,2382,13726076,3855131025,281.5,283.5,279.5,281.0,0.0,14001,277.59999999999974,274.34999999999997,267.225,88.19509164336749,87.63010659562396,74.24600273944017,62.83224492345985,284.8700417964927,267.225,249.57995820350732,2.71000640031167,0.30654528143099613,2.403461118880674
2025-09-23,2382,36526183,10454471563,283.0,288.0,283.0,286.5,5.5,33568,280.1999999999997,276.74999999999994,268.3,85.56351269599907,87.19504853806137,80.70660810706404,67.32005513620408,287.7946146409715,268.3,248.80538535902855,3.5487476698224327,0.9549857591092835,2.593761910713149
2025-09-24,2382,29865786,8424410645,283.0,284.0,280.0,283.5,-3.0,66664,282.2999999999997,277.79999999999995,269.025,80.78621384542436,84.8482727282638,69.59643297484894,62.86148083890922,289.617413651635,269.025,248.43258634836496,3.926123334882732,1.5492132742639733,2.3769100606187585
2025-09-25,2382,22386647,6377953588,281.5,288.0,280.0,285.0,1.5,23877,283.39999999999975,279.29999999999995,269.975,81.54180814940575,82.63051156360989,71.85642962727503,64.14031066170861,291.64635205749664,269.975,248.3036479425034,4.296704003122159,2.0987114200356105,2.197992583086548
2025-09-26,2382,29718734,8422304354,287.0,289.0,279.0,285.0,0.0,38539,284.1999999999997,280.4,271.1,75.84005376344084,79.38935858609047,71.85642962727503,64.14031066170861,293.42845717912456,271.1,248.77154282087548,4.538079694727173,2.586585074973923,1.9514946197532503
2025-09-30,2382,41755376,12213863001,288.0,298.0,287.5,290.0,5.0,51850,285.9999999999997,281.79999999999995,272.8,74.54838709677416,77.31008300320707,78.95418869835464,68.3530804540939,295.44597094407675,272.8,250.15402905592327,5.074336094762714,3.084135278931681,1.9902008158310327
2025-10-01,2382,36304344,10586997656,293.0,297.5,285.5,286.5,-3.5,83026,285.9999999999997,283.09999999999997,274.45,65.66666666666664,72.01836917562736,65.46988645687524,62.79212861522411,296.01362678215446,274.45,252.88637321784555,5.157450526759078,3.4987983284971604,1.6586521982619176
2025-10-02,2382,31036103,9071888452,292.0,295.0,289.5,294.0,7.5,30849,288.09999999999974,285.19999999999993,276.475,66.98245614035086,69.06583663459736,75.801726816193,68.67352526451467,297.38546388772716,276.475,255.56453611227292,5.762084904798883,3.951455643757505,1.810629261041378
2025-10-03,2382,40685629,12103938710,294.5,300.0,294.0,300.0,6.0,43812,291.09999999999974,287.24999999999994,278.625,77.64912280701752,70.0994152046785,81.08423679425837,72.42829978905309,299.922593760799,278.625,257.327406239201,6.648768991242605,4.490918313254525,2.1578506779880797
2025-10-07,2382,41733132,12908093891,310.5,314.0,305.0,308.5,8.5,91528,295.7999999999997,289.99999999999994,281.125,87.74436090225562,77.45864661654149,86.09956031727755,76.69069753537472,304.0615973936856,281.125,258.1884026063144,7.945757731433616,5.181886196890344,2.7638715345432727
2025-10-08,2382,24129909,7371025613,307.0,308.0,303.5,306.0,-2.5,43197,298.9999999999997,292.49999999999994,283.425,87.14285714285712,84.17878028404357,78.91951228102101,73.11074395554327,306.6505785719093,283.425,260.1994214280907,8.671936855726472,5.879896328657569,2.7920405270689024
2025-10-09,2382,38277955,11524501842,310.0,311.0,298.0,298.0,-8.0,64800,301.2999999999997,293.65,285.2,71.90476190476188,82.26399331662502,60.18272809313313,62.97938335681056,307.1485762636224,285.2,263.2514237363776,8.50387848466562,6.404692759859179,2.099185724806441
2025-10-13,2382,30591821,8915433537,289.5,295.0,287.0,294.5,-3.5,29248,301.39999999999975,294.74999999999994,286.275,58.571428571428555,72.53968253968266,53.67796409486702,59.11945092343439,307.8306837052337,286.275,264.71931629476626,7.99609624540517,6.7229734569683774,1.2731227884367922
2025-10-14,2382,31282060,9065931250,299.0,299.0,284.0,284.0,-10.5,39438,298.1999999999997,294.65,286.975,32.85714285714284,54.44444444444457,38.94526345498665,49.34804249097411,307.241906522702,286.975,266.70809347729806,6.669530716122438,6.712284908799189,-0.0427541926767514
2025-10-15,2382,17058294,4865263013,285.0,288.0,281.5,286.0,2.0,20461,293.6999999999997,294.74999999999994,287.575,19.377289377289355,36.93528693528706,42.455052493486136,51.009036756997276,306.9612709152641,287.575,268.1887290847359,5.713736860232871,6.512575299085926,-0.7988384388530552
2025-10-16,2382,15861395,4597312212,287.5,292.0,286.0,291.5,5.5,14739,290.7999999999997,294.9,288.35,14.871794871794847,22.368742368742492,51.41565978785672,55.34567145117209,307.0505347517098,288.35,269.64946524829026,5.3385281485219025,6.2777658689731215,-0.939237720451219
2025-10-17,2382,13199377,3814654820,289.5,291.5,287.5,288.5,-3.0,15042,288.89999999999975,295.09999999999997,289.1,22.051282051282026,18.76678876678889,46.78015282907076,52.61009296680249,306.51723284565975,289.1,271.6827671543403,4.744407042212458,5.971094103620989,-1.2266870614085308
2025-10-20,2382,22761850,6728966115,291.0,297.5,290.5,296.5,8.0,21532,289.2999999999997,295.34999999999997,290.275,32.820512820512796,23.247863247863364,58.43790412415899,58.50069588911177,306.30458202823974,290.275,274.2454179717602,4.863036864423464,5.749482655781484,-0.8864457913580202
2025-10-21,2382,17705613,5192281054,297.0,297.5,291.0,291.0,-5.5,26767,290.6999999999997,294.44999999999993,290.85,33.2985658409387,29.390120237577985,49.7049650939163,53.57057482302241,306.0982785913674,290.85,275.60172140863267,4.461814795051168,5.49194908363542,-1.030134288584252
2025-10-22,2382,12550601,3622788155,289.0,291.5,287.0,289.5,-1.5,14392,291.39999999999975,292.54999999999995,291.275,35.1586266840504,33.759235115167435,47.44882225007992,52.276625259055805,305.8608664466687,291.275,276.68913355333126,3.9769620079925403,5.188951668506844,-1.2119896605143037
2025-10-23,2382,34466817,10222785215,289.5,303.0,289.5,293.5,4.0,30336,291.7999999999997,291.29999999999995,291.9,38.37866246222571,35.61195166240508,53.95157343472482,55.37225760085101,305.7224455144542,291.9,278.07755448554576,3.870858405505089,4.925333015906493,-1.054474610401404
2025-10-27,2382,45895629,14048194179,303.5,310.0,301.0,309.5,16.0,43516,295.9999999999997,292.44999999999993,293.05,60.39273719708546,44.64334211445401,70.80848722976665,65.1188656718177,308.60281325034015,293.05,277.4971867496599,5.019969732268464,4.944260359178887,0.07570937308957681
2025-10-28,2382,18741550,5717935073,308.0,308.5,303.0,304.0,-5.5,43361,297.4999999999997,293.4,294.075,77.6689786481708,58.813459435827475,61.74392198076798,60.247870735803644,309.6771633115408,294.075,278.47283668845915,5.424316558282271,5.040271598999564,0.3840449592827069
2025-10-29,2382,13464651,4139832234,307.0,309.0,305.0,308.0,4.0,14390,300.89999999999975,295.79999999999995,295.225,89.61988304093568,75.89386629539746,65.4921317329589,62.44789333631774,311.36338591681186,295.225,279.0866140831882,5.998385250363924,5.2318943292724365,0.7664909210914876
2025-10-30,2382,21037837,6441208490,308.0,310.0,303.0,306.0,-2.0,35471,304.1999999999997,297.79999999999995,296.275,84.40757691329773,83.89881286746821,61.95141281975769,60.640776678995515,312.3481919667511,296.275,280.2018080332489,6.220252342446543,5.429565931907257,0.7906864105392852
2025-10-31,2382,13735019,4149904238,306.0,306.5,300.5,300.5,-5.5,35750,305.59999999999974,298.69999999999993,296.8,77.65700483091787,83.89482159505057,52.7941153083143,55.854031589315,312.70408752491016,296.8,280.89591247508986,5.88444733091643,5.520542211709092,0.36390511920733815
2025-11-03,2382,12063356,3598854680,300.0,302.5,296.0,297.5,-3.0,17159,303.1999999999997,299.59999999999997,297.35,62.318840579710134,74.79447410797538,48.25507099220364,53.37895380736429,312.5358486756581,297.35,282.16415132434196,5.314976768254212,5.479429123018116,-0.1644523547639043
2025-11-04,2382,20690113,6011968408,297.5,298.5,287.0,287.5,-10.0,33642,299.89999999999975,298.69999999999993,297.025,35.50724637681159,58.494363929146665,36.16366343433808,46.053123639342544,312.75228520756303,297.025,281.2977147924369,4.010520039464666,5.185647306307426,-1.1751272668427601
2025-11-05,2382,19352306,5498553113,282.0,290.0,280.0,289.5,2.0,21347,296.1999999999997,298.54999999999995,296.5,26.497584541062796,41.44122383252831,39.6898178474784,47.601998014368725,312.49374877881945,296.5,280.50625122118055,3.102350009336533,4.768987846913247,-1.6666378375767144
2025-11-06,2382,15069094,4411906735,289.5,297.0,287.0,293.0,3.5,13575,293.59999999999974,298.9,295.725,25.724637681159418,29.24315619967807,45.80206552958369,50.291684552456964,310.7930954337297,295.725,280.6569045662703,2.6346686465940934,4.342124006849416,-1.7074553602553229
2025-11-07,2382,9974302,2872971344,290.0,291.5,286.5,287.0,-6.0,22015,290.89999999999975,298.24999999999994,294.775,32.77777777777777,28.333333333333467,38.08290061555334,45.938275099834044,309.52449151666065,294.775,280.0255084833393,1.759594431948699,3.8256180918692726,-2.0660236599205737
2025-11-10,2382,9651296,2794063223,288.0,291.5,286.0,291.5,4.5,9188,289.6999999999997,296.44999999999993,294.45,34.99999999999999,31.16747181964587,46.0401671346401,49.47107727441926,309.18736747184045,294.45,279.71263252815953,1.412916976805434,3.343077868856505,-1.930160892051071
2025-11-11,2382,12190691,3584413224,294.0,297.5,291.0,291.5,0.0,13962,290.4999999999997,295.19999999999993,294.3,33.33333333333332,33.70370370370384,46.0401671346401,49.471077274419265,309.0932417001808,294.3,279.50675829981924,1.125201968054398,2.8995026886960837,-1.7743007206416856
2025-11-12,2382,16108479,4631667064,288.0,289.5,285.5,288.0,-3.5,27441,290.1999999999997,293.19999999999993,294.5,35.61844863731655,34.65059399021676,40.52648920528871,46.71728059000839,308.83178286187814,294.5,280.16821713812186,0.6077591325023946,2.441153977457346,-1.8333948449549515
2025-11-13,2382,25420381,7306983468,292.0,293.5,285.0,285.0,-3.0,23454,288.59999999999974,291.09999999999997,294.45,30.24807826694618,33.06662007919883,36.19218574435502,44.43412738534896,308.90648643343354,294.45,279.99351356656643,-0.04388706780190432,1.944145768405496,-1.9880328362074002
2025-11-14,2382,20227273,5666155427,281.0,282.5,278.0,279.5,-5.5,23536,287.09999999999974,288.99999999999994,293.85,19.909324879412306,28.591950594558494,29.45438055402741,40.523958791243246,309.67750770020194,293.85,278.0224922997981,-0.9926823863559662,1.3567801374532036,-2.3494625238091698
2025-11-17,2382,13654094,3793065525,281.0,282.5,275.0,276.0,-3.5,15027,283.9999999999997,286.84999999999997,293.225,11.327913279132781,20.495105475163903,25.877690573916883,38.21907498156584,310.74491723724606,293.225,275.705082762754,-2.0039302013330484,0.6846380696959531,-2.6885682710290015
2025-11-18,2382,19023300,5181896439,275.0,278.5,270.0,270.0,-6.0,24539,279.6999999999997,285.09999999999997,291.9,3.920505871725375,11.719248010090302,20.821031806270923,34.58727888615545,312.0410029541737,291.9,271.7589970458263,-3.252014042681651,-0.10269235277956779,-3.1493216899020835
2025-11-19,2382,14761573,3968862865,271.0,273.5,267.0,267.0,-3.0,21963,275.4999999999997,282.84999999999997,290.7,1.4814814814814723,5.576633544113357,18.690553621452533,32.90367330051192,313.5853665035115,290.7,267.81463349648845,-4.432113758351534,-0.9685766338939611,-3.463537124457573
2025-11-20,2382,10369655,2844642193,275.0,276.5,272.5,274.0,7.0,11037,273.2999999999997,280.94999999999993,289.925,7.650273224043706,4.350753525750332,36.40480241208906,40.21622224027404,313.942233396042,289.925,265.907766603958,-4.7477803303624455,-1.724417373187658,-3.0233629571747875
2025-11-21,2382,14481053,3893703258,267.5,272.0,266.5,270.0,-4.0,16430,271.39999999999975,279.24999999999994,288.75,11.413714084258759,6.848489596594793,31.78788496213097,37.68852084160308,314.2087902304886,288.75,263.2912097695114,-5.260080005523548,-2.431549899654836,-2.8285301058687122
2025-11-24,2382,15676654,4268693515,272.0,274.0,270.0,272.0,2.0,9382,270.59999999999974,277.29999999999995,286.875,18.203837541048884,12.422608283117263,36.48656453960344,39.72834304737864,311.4531915526758,286.875,262.2968084473242,-5.441966303663719,-3.0336331804566123,-2.4083331232071066
2025-11-25,2382,9487541,2621988947,278.0,279.5,274.0,275.0,3.0,14906,271.59999999999974,275.65,285.425,21.047391477498994,16.88831436760236,43.31920116968326,42.75549354159127,309.1995136648466,285.425,261.6504863351534,-5.283136864273104,-3.4835339172199107,-1.799602947053193
2025-11-26,2382,9642937,2688136980,278.0,281.0,276.5,279.5,4.5,13323,274.09999999999974,274.79999999999995,284.0,44.36728395061727,27.87283765638853,52.2993766549139,47.05136787766137,305.4988371778571,284.0,262.5011628221429,-4.739516797921226,-3.734730493360174,-1.0047863045610521
2025-11-27,2382,6596605,1849449783,279.0,282.0,278.0,281.5,2.0,7214,275.59999999999974,274.44999999999993,282.775,68.82716049382715,44.74727864064795,55.92054988208831,48.8872678478186,301.76572141863176,282.775,263.7842785813682,-4.100047893538203,-3.8077939733957797,-0.2922539201424237
2025-11-28,2382,13070062,3658596350,281.0,284.0,276.0,282.0,0.5,11412,277.9999999999997,274.69999999999993,281.85,87.85714285714285,67.0171957671959,56.87540412665171,49.359997322913884,299.0112936575292,281.85,264.6887063424708,-3.512429260263275,-3.748721030769279,0.23629177050600392
2025-12-01,2382,17764157,5080885578,283.0,288.0,282.0,287.0,5.0,13495,280.9999999999997,275.79999999999995,281.325,92.55675526024363,83.08035287040468,65.57536098946453,53.94697312318812,297.1277687447497,281.325,265.5222312552503,-2.613156208435214,-3.521608066302466,0.9084518578672518
2025-12-02,2382,15836911,4592279951,288.0,293.0,287.5,288.5,1.5,12369,283.6999999999997,277.65,281.375,88.97971123508641,89.79786978415778,67.84574127629075,55.25636584435869,297.26170828082434,281.375,265.48829171917566,-1.759159872006535,-3.1691184274432795,1.4099585554367446
2025-12-03,2382,15038614,4390231214,287.5,293.0,287.5,292.5,4.0,13852,286.2999999999997,280.19999999999993,281.525,92.16030422700015,91.23225690744356,73.3200548102881,58.63397180067159,297.76838326827544,281.525,265.2816167317245,-0.7509386982005708,-2.685482481594738,1.934543783394167
2025-12-04,2382,11696629,3433330100,293.0,294.5,292.0,294.5,2.0,10314,288.89999999999975,282.24999999999994,281.6,93.71069182389938,91.61690242866213,75.73035625373889,60.24971615951261,298.066936569987,281.6,265.13306343001307,0.2070800413705456,-2.106969977001681,2.314050018372227
2025-12-05,2382,22303251,6639572404,294.5,301.0,294.0,297.5,3.0,16120,291.9999999999997,284.99999999999994,282.125,95.05008152806897,93.64035919298965,79.04351942825042,62.608957353323504,299.86725183002363,282.125,264.38274816997637,1.1946208767453754,-1.44665180625227,2.6412726829976454
2025-12-08,2382,11252879,3336217449,297.5,298.0,295.0,297.5,0.0,10743,294.09999999999974,287.54999999999995,282.425,91.01234567901237,93.25770634366039,79.04351942825042,62.60895735332351,300.9756738422086,282.425,263.8743261577914,1.954721293329726,-0.7663771863358707,2.7210984796655966
2025-12-09,2382,15286479,4533030235,299.0,301.5,293.5,296.0,-1.5,63217,295.59999999999974,289.65,282.65,83.82280319535225,89.96174346747802,72.32418076308169,60.52584663888976,301.73690650681914,282.65,263.5630934931808,2.408307416940488,-0.13144026568059897,2.539747682621087
2025-12-10,2382,10284410,3015933639,297.5,298.5,291.0,292.5,-3.5,24170,295.59999999999974,290.94999999999993,282.875,76.3790849673203,83.73807794722846,58.73277552870484,55.85595471888507,302.31175641664464,282.875,263.43824358335536,2.4570337825393267,0.3862545439633862,2.0707792385759403
2025-12-11,2382,11325210,3277814306,295.0,295.0,287.5,288.0,-4.5,17566,294.2999999999997,291.59999999999997,283.025,57.96882855706389,72.7235722399123,45.81750440026202,50.46477902915909,302.5710354036337,283.025,263.47896459636627,2.1082349660422324,0.7306506283791554,1.377584337663077
2025-12-12,2382,6348791,1823823397,290.0,290.5,285.5,286.5,-1.5,8395,292.09999999999974,292.04999999999995,283.375,33.90837104072401,56.08542818836955,42.20803264583975,48.7748315319577,302.90670499469996,283.375,263.84329500530004,1.6912759506551538,0.9227756928343551,0.7685002578207987
2025-12-15,2382,8548326,2425935828,282.5,285.5,280.5,285.0,-1.5,10846,289.59999999999974,291.84999999999997,283.825,19.48260073260077,37.11993344346304,38.65525858112504,47.077061488172255,303.068895135861,283.825,264.581104864139,1.225666739731878,0.9833539022138597,0.24231283751801824
2025-12-16,2382,27400395,7569874208,282.0,282.5,273.0,273.0,-12.0,35148,284.9999999999997,290.29999999999995,283.975,9.226190476190512,20.872387416505248,21.648159634054956,36.21626995972314,302.8283153583117,283.975,265.1216846416883,-0.1103594709884419,0.7646112275733993,-0.8749706985618412
2025-12-17,2382,50920956,13626509549,269.5,271.0,265.0,265.0,-8.0,57717,279.4999999999997,287.54999999999995,283.875,7.142857142857179,11.950549450549637,16.12888947958817,31.07005851468819,303.1048595938706,283.875,264.6451404061294,-1.794022633564282,0.252884455345863,-2.046907088910145
2025-12-18,2382,30614675,8008984300,265.0,265.5,260.0,260.0,-5.0,37018,273.89999999999975,284.09999999999997,283.175,3.552713678800501e-14,5.456349206349393,13.600507964597734,28.357856645135627,304.6768022500444,283.175,261.67319774995565,-3.4915476454563077,-0.49600196481457115,-2.9955456806417367
2025-12-19,2382,22665570,5969889171,262.5,265.0,261.5,265.0,5.0,19044,269.59999999999974,280.84999999999997,282.925,4.016064257028148,3.7196404666286047,26.958849305841355,34.51405652516018,305.13822804096674,282.925,260.7117719590333,-4.3828672685004335,-1.2733750255517435,-3.10949224294869
2025-12-22,2382,19486070,5194453994,267.5,268.5,265.0,267.0,2.0,20385,265.9999999999997,277.79999999999995,282.675,10.076670317634209,4.697578191554282,31.874255261969758,36.8515557316479,305.47911147139973,282.675,259.8708885286003,-4.87170324360909,-1.993040669163213,-2.8786625744458774
2025-12-23,2382,18187170,4824336647,268.0,268.0,263.5,264.5,-2.5,23003,264.2999999999997,274.65,282.15,14.362384603348493,9.485039726003768,29.02566033638454,35.162003239770755,306.09180444327615,282.15,258.2081955567238,-5.398606605946497,-2.6741538565198697,-2.7244527494266277
2025-12-24,2382,14914341,3946822666,265.5,267.0,263.5,264.0,-0.5,17264,264.09999999999974,271.79999999999995,281.375,14.717905045773932,13.05231998891903,28.432753637374965,34.81817891873028,306.579910235904,281.375,256.170089764096,-5.789786088051926,-3.297280302826281,-2.492505785225645
2025-12-26,2382,16607988,4359147506,265.0,265.0,261.0,263.0,-1.0,20929,264.6999999999997,269.29999999999995,280.45,12.578867612618852,13.886385753913908,27.139218098915485,34.10000098845191,306.89598268168555,280.45,254.0040173183144,-6.110057350806301,-3.859835712422285,-2.2502216383840157
2025-12-29,2382,14666887,3863685602,262.0,265.0,260.5,263.0,0.0,13882,264.2999999999997,266.94999999999993,279.5,12.73759777134901,13.344790143247414,27.139218098915492,34.10000098845191,306.99909089406435,279.5,252.00090910593568,-6.291351846117493,-4.346138939161326,-1.9452129069561668
2025-12-30,2382,12494721,3271297282,263.0,263.0,260.5,263.0,0.0,16221,263.4999999999997,264.74999999999994,278.3,17.45692216280455,14.257795848924284,27.139218098915485,34.10000098845191,306.4716169220017,278.3,250.12838307799828,-6.361695375536613,-4.749250226436383,-1.6124451491002292
2025-12-31,2382,24493074,6593075424,263.5,272.5,263.5,272.0,9.0,23609,264.9999999999997,264.65,277.475,45.53535353535357,25.243291156502522,55.847116184285795,46.503586128587514,305.3685028277183,277.475,249.58149717228173,-5.6263611564144185,-4.92467241243199,-0.7016887439824284
2026-01-02,2382,23284219,6418480280,274.0,280.0,270.0,277.0,5.0,22413,267.59999999999974,265.84999999999997,276.7,69.29603729603734,44.096104331398635,64.82898577229955,51.91805688641217,303.72850347318507,276.7,249.67149652681488,-4.587266128254157,-4.857191155596423,0.269925027342266
2026-01-05,2382,26091670,7250166679,277.5,280.0,275.0,278.0,1.0,33325,270.59999999999974,267.65,275.875,90.11965811965815,68.31701631701651,66.42276928784803,52.943856088341455,301.6584733889749,275.875,250.0915266110251,-3.6411117201142815,-4.613975268499995,0.9728635483857131
2026-01-06,2382,24217657,6736960407,277.0,282.0,273.5,282.0,4.0,23804,274.39999999999975,269.34999999999997,275.1,91.4529914529915,83.62289562289583,72.28392152247059,56.90442605834747,299.1074988284908,275.1,251.09250117150924,-2.5392401841629066,-4.199028251632577,1.6597880674696706
2026-01-07,2382,19165223,5408003066,282.0,285.0,280.5,282.0,0.0,19266,278.1999999999997,270.84999999999997,274.325,92.4995639281354,91.35740450026184,72.28392152247059,56.90442605834747,296.30516150987205,274.325,252.34483849012796,-1.6470133091678463,-3.688625263139631,2.0416119539717847
2026-01-08,2382,25077378,6898645943,280.5,281.0,272.0,273.0,-9.0,50794,278.39999999999975,271.69999999999993,273.175,79.59183673469393,87.84813070527376,47.10333350520016,46.657091758733024,292.77672186314203,273.175,253.57327813685802,-1.6471544947509642,-3.2803311094618977,1.6331766147109334
2026-01-09,2382,50339272,14224574403,278.0,287.5,277.0,283.0,10.0,39195,279.59999999999974,273.59999999999997,272.7,74.03628117913837,82.04256061398938,63.559084867696654,56.11371076067603,290.8091137276235,272.7,254.59088627237648,-0.8307733211223649,-2.790419551793991,1.959646230671626
2026-01-12,2382,20975317,5888590408,285.5,286.0,278.0,280.5,-2.5,49499,280.09999999999974,275.34999999999997,272.325,69.47593852355762,74.36801881246345,58.271778405383735,53.557457685282294,289.4342811070477,272.325,255.2157188929523,-0.38112113869397035,-2.308559869173987,1.9274387304800165
2026-01-13,2382,19233920,5384097035,284.0,285.0,277.0,279.0,-1.5,15774,279.4999999999997,276.94999999999993,271.95,73.99691358024697,72.5030444276478,55.06526805713872,52.026047177154425,288.1020896480924,271.95,255.79791035190757,-0.14414440159265496,-1.8756767756577204,1.7315323740650654
2026-01-14,2382,28468651,8106368383,282.0,287.0,280.0,286.0,7.0,21137,280.2999999999997,279.24999999999994,272.0,76.69532627865966,73.3893927941549,65.42392839601406,58.05380390651105,288.31870092868877,272.0,255.6812990713112,0.6015683628211832,-1.3802277479619396,1.9817961107831228
2026-01-15,2382,15829638,4472162893,285.5,285.5,279.5,283.0,-3.0,15215,282.2999999999997,280.34999999999997,272.5,75.65988223246293,75.45070736379002,58.66231076092229,54.87175422836729,289.5088212407559,272.5,255.49117875924412,0.9396445359337804,-0.9162532911827956,1.855897827116576
2026-01-16,2382,24727059,7126021708,286.0,290.0,285.5,289.5,6.5,22642,283.59999999999974,281.59999999999997,273.725,86.53951186209257,79.63157345773855,67.22477176138521,59.9889601905584,291.88670421518634,273.725,255.5632957848137,1.712329349216418,-0.39053676310295293,2.102866112319371
2026-01-19,2382,16471514,4675153175,288.5,288.5,281.5,282.0,-7.5,46145,283.89999999999975,281.99999999999994,274.825,74.58183990442059,78.92707799965886,52.56720204562234,52.58029372861145,292.1751440916214,274.825,257.4748559083786,1.699904865614883,0.027551562640614258,1.6723533029742688
2026-01-20,2382,13982826,3900575858,281.0,282.0,277.0,277.5,-4.5,28928,283.59999999999974,281.54999999999995,275.45,61.111111111111164,74.07748762587494,45.60643920179261,48.69446013838868,292.23064361101876,275.45,258.6693563889812,1.3118240893958841,0.28440606799166823,1.027418021404216
2026-01-21,2382,15233756,4205250605,275.5,279.5,273.5,275.0,-2.5,22828,281.39999999999975,280.84999999999997,275.85,31.734006734006783,55.808985916513,42.00162906722981,46.63258274036506,292.18125837159846,275.85,259.5187416284016,0.7933924374933099,0.38620334189199657,0.40718909560131333
2026-01-22,2382,17312431,4871112474,279.5,283.0,278.5,283.0,8.0,13240,281.39999999999975,281.84999999999997,276.775,32.407407407407455,41.750841750841964,55.21669041894555,53.42836464559717,292.51499682338135,276.775,261.0350031766186,1.0163489217576966,0.5122324578651366,0.50411646389256
2026-01-23,2382,12404272,3483241653,284.5,285.5,278.5,280.0,-3.0,21506,279.4999999999997,281.54999999999995,277.575,35.3535353535354,33.16498316498337,50.21135288941399,50.81516529817437,292.22517064747234,277.575,262.92482935252764,0.9401313647368283,0.5978122392394749,0.34231912549735344
2026-01-26,2382,19071978,5438343698,283.0,287.0,280.5,287.0,7.0,19803,280.4999999999997,282.19999999999993,278.775,59.59595959595964,42.45230078563432,60.06578721089486,56.19849701269422,292.3450957992226,278.775,265.2049042007774,1.4281075651936135,0.7638713044303026,0.6642362607633109
2026-01-27,2382,11372092,3269779197,287.5,290.0,285.0,287.5,0.5,13333,282.4999999999997,283.04999999999995,280.0,68.68686868686873,54.54545454545475,60.71376561387708,56.56419656775796,291.9833217431552,280.0,268.0166782568448,1.8340364109623692,0.9779043257367159,0.8561320852256533
2026-01-28,2382,15566496,4477175391,288.0,292.0,284.5,287.0,-0.5,19826,284.89999999999975,283.15,281.2,79.87987987987992,69.3875693875696,59.585776785513936,56.06014574859183,290.67839648885956,281.2,271.7216035111404,2.0912850917104038,1.2005804789314536,0.8907046127789502
2026-01-29,2382,11253021,3195882668,287.0,288.0,281.5,283.0,-4.0,21269,284.89999999999975,283.15,281.75,69.72426972426977,72.76367276367297,50.78035544600421,52.06311472566064,290.25588031893096,281.75,273.24411968106904,1.949912575581834,1.3504468982615296,0.5994656773203044
2026-01-30,2382,19845894,5541322667,282.5,283.0,276.5,280.0,-3.0,49295,284.89999999999975,282.19999999999993,281.9,53.1531531531532,67.5857675857678,44.96602053482259,49.228180250213214,290.1680106434404,281.9,273.63198935655953,1.5776131674972476,1.3958801521086732,0.18173301538857434
2026-02-02,2382,17031984,4668674024,279.5,279.5,271.5,273.0,-7.0,23630,282.09999999999974,281.29999999999995,281.65,31.267853219072776,51.38175869883208,34.280887395767806,43.30311081928376,290.64499861034074,281.65,272.6550013896592,0.7095425410207099,1.2586126298910805,-0.5490700888703706
2026-02-03,2382,14546068,4010779222,278.5,281.0,272.0,276.5,3.5,13188,279.89999999999975,281.19999999999993,281.375,22.280817402768665,35.56727459166505,42.28156587328723,46.75392779791829,290.64255091704445,281.375,272.10744908295555,0.3005465511485568,1.0669994141425758,-0.766452862994019
2026-02-04,2382,9783637,2697207864,274.5,278.5,272.5,278.0,1.5,8914,278.09999999999974,281.49999999999994,281.175,21.138211382113866,24.895627334651934,45.59331475732648,48.208805608137425,290.55196646042793,281.175,271.7980335395721,0.09634118528123281,0.8728677683703072,-0.7765265830890744
2026-02-05,2382,11581789,3188103544,275.5,281.5,272.0,273.0,-5.0,12318,276.09999999999974,280.49999999999994,281.175,21.138211382113866,21.51908005566563,37.27577203512753,43.90261940869709,290.55196646042793,281.175,271.7980335395721,-0.46360707783736643,0.6055727991287725,-1.069179876966139
2026-02-06,2382,18595396,5134411558,273.5,280.0,268.5,279.5,6.5,14058,275.9999999999997,280.44999999999993,281.0,28.61096696073348,23.629129908320568,50.869417224571855,50.138015265613845,290.36482781475513,281.0,271.63517218524487,-0.3785111919293058,0.4087560009171568,-0.7872671928464626
2026-02-09,2382,12804351,3630104896,284.0,285.0,281.5,284.0,4.5,12999,278.1999999999997,280.15,281.175,40.027676872513446,29.925618405120428,58.18829407341697,53.953923469919374,290.62632265875817,281.175,271.72367734124185,0.05144725078417878,0.3372942508905612,-0.2858470001063824
2026-02-10,2382,15443379,4398056498,285.0,287.0,282.5,285.0,1.0,12479,279.89999999999975,279.9,281.475,65.79378068739776,44.81080817354839,59.743068774970396,54.782077523352136,291.0116398694693,281.475,271.9383601305307,0.46749506486696646,0.36333441368584224,0.10416065118112422
2026-02-11,2382,16720496,4759701431,286.0,286.5,281.0,286.0,1.0,26118,281.4999999999997,279.79999999999995,281.475,81.72247533949665,62.514644299802775,61.41690672694522,55.64125412932933,291.0116398694693,281.475,271.9383601305307,0.8679029526541626,0.46424812147950634,0.4036548311746563
2026-02-23,2382,22367379,6391372697,288.0,288.5,282.5,283.5,-2.5,33497,283.59999999999974,279.84999999999997,281.5,84.73665973665977,77.41763858785156,54.77432948541057,52.93339373989651,291.0551033484724,281.5,271.9448966515276,0.9722920048788524,0.5658568981593756,0.4064351067194768
2026-02-24,2382,13613344,3860242168,286.5,286.5,282.0,284.0,0.5,17085,284.4999999999997,280.24999999999994,281.225,82.3648648648649,82.94133331367392,55.88756359431722,53.42162810245572,290.1383327100446,281.225,272.31166728995544,1.0828840884750548,0.6692623362225114,0.4136217522525434
2026-02-25,2382,49605894,14652320929,285.5,299.0,285.5,297.5,13.5,42027,287.1999999999997,282.69999999999993,282.0,82.52732240437162,83.20961566863224,75.15317871862132,64.21514865287209,293.39736811724634,282.0,270.60263188275366,2.234112825327088,0.9822324340434267,1.2518803912836614
2026-02-26,2382,25012945,7332490439,302.0,302.0,290.0,291.5,-6.0,44082,288.4999999999997,284.19999999999993,282.7,80.41289454367511,81.76836060430402,61.276642659248736,57.80395974374646,294.6138574777442,282.7,270.7861425222558,2.6319802080421937,1.31218198884318,1.3197982191990136
2026-03-02,2382,45426013,13551548510,291.5,302.0,289.0,301.0,9.5,39434,291.4999999999997,286.49999999999994,284.0,86.9178696680532,83.28602887203346,71.12518690528012,63.942362595699485,297.7949266036463,284.0,270.2050733963537,3.6715403488241805,1.7840536608393802,1.8874866879848002
2026-03-03,2382,22202503,6594487367,302.0,302.0,293.0,294.5,-6.5,46870,293.6999999999997,288.65,284.575,76.65245202558638,81.32773874577173,59.122272793977224,57.751883306318454,299.0949001373981,284.575,270.0550998626019,3.925651110418926,2.2123731507552895,1.7132779596636363
2026-03-04,2382,32154524,9128531294,289.0,289.5,281.0,281.0,-13.5,28603,293.09999999999974,288.79999999999995,284.625,53.7668798862829,72.44573385997431,41.963052449780314,47.47219387677231,299.0883156641207,284.625,270.1616843358793,3.0030808967348435,2.3705146999512,0.6325661967836433
2026-03-05,2382,20002777,5779427418,288.0,293.0,286.0,289.5,8.5,17045,291.4999999999997,289.34999999999997,284.75,34.920634920634946,55.11332227750156,52.16192321298077,53.12919303361057,299.3359521458148,284.75,270.1640478541852,2.924109009697588,2.4812335619004777,0.4428754477971104
2026-03-06,2382,12981360,3722987338,287.0,289.0,282.5,289.0,-0.5,12328,290.9999999999997,289.74999999999994,284.825,26.190476190476215,38.292663665798166,51.54034933882238,52.76918433467364,299.48199491710403,284.825,270.16800508289595,2.7890272291447786,2.542792295349338,0.2462349337954408
2026-03-09,2382,18419730,5097946004,272.5,282.0,272.0,282.0,-7.0,17826,287.1999999999997,289.34999999999997,284.575,37.301587301587325,32.804232804232974,43.14328967790579,47.877852195664715,299.24563393313446,284.575,269.9043660668655,2.0930055808012185,2.452834952439714,-0.3598293716384955
2026-03-10,2382,16769716,4743812069,286.0,287.5,279.5,282.5,0.5,14464,284.7999999999997,289.24999999999994,284.55,35.4761904761905,32.989417989418165,43.90488397887263,48.246863858720054,299.23298334808106,284.55,269.86701665191896,1.5637235989844385,2.2750126817486587,-0.7112890827642202
2026-03-11,2382,18070456,5200788140,283.0,290.0,283.0,289.0,6.5,13524,286.39999999999975,289.74999999999994,285.0,41.66666666666669,38.14814814814832,53.376733628477155,52.9138743994039,299.6492320617832,285.0,270.3507679382168,1.649742290165193,2.1499586034319655,-0.5002163132667725
2026-03-12,2382,14953523,4302181019,289.5,290.5,284.5,288.5,-0.5,12955,286.1999999999997,288.84999999999997,285.775,48.888888888888914,42.01058201058219,52.57996274271567,52.52151802705593,299.4075896292682,285.775,272.14241037073174,1.6584493298063308,2.0516567487068387,-0.3932074189005079
2026-03-13,2382,10001210,2871788100,286.0,290.0,283.5,289.0,0.5,9113,286.1999999999997,288.59999999999997,286.4,56.11111111111114,48.88888888888906,53.39165597556057,52.8976484146916,299.4061523903125,286.4,273.39384760968744,1.6862574169348363,1.9785768823524381,-0.2923194654176018
2026-03-16,2382,14729408,4272176091,290.0,292.0,287.5,289.0,0.0,12040,287.59999999999974,287.4,286.95,64.20634920634923,56.402116402116576,53.39165597556057,52.8976484146916,299.4075278446432,286.95,274.4924721553568,1.6888277710448278,1.920627060090916,-0.23179928904608826
2026-03-17,2382,14073036,4080980802,290.5,292.5,288.0,289.0,0.0,11941,288.89999999999975,286.84999999999997,287.75,72.85714285714289,64.39153439153456,53.39165597556057,52.89764841469159,298.45280337107937,287.75,277.04719662892063,1.671595680720202,1.8708207842167732,-0.1992251034965713
2026-03-18,2382,18703000,5480542523,292.0,295.0,291.5,293.0,4.0,14437,289.6999999999997,288.04999999999995,288.425,84.40303657694965,73.82217621348074,61.716435769189204,56.352615086813366,298.65375847793587,288.425,278.19624152206416,1.9581335509134874,1.888283337556116,0.0698502133573713
2026-03-19,2382,10487627,3023590568,290.5,292.0,286.0,286.5,-6.5,20884,289.2999999999997,287.74999999999994,288.55,78.43340234644585,78.56452726017962,46.104612865601666,49.9419273922476,298.619260151568,288.55,278.480739848432,1.6417956024790215,1.8389857905406972,-0.19719018806167576
2026-03-20,2382,13350676,3789273361,286.0,288.0,281.0,283.5,-3.0,11388,288.1999999999997,287.19999999999993,288.475,60.051425899953266,74.29595494111642,40.577562498022914,47.26916088880333,298.67046467798065,288.475,278.2795353220194,1.1359263197741711,1.698373896387392,-0.5624475766132209
2026-03-23,2382,15477296,4320636283,278.5,282.5,275.5,280.0,-3.5,11779,286.39999999999975,286.99999999999994,288.175,37.3089509835653,58.597926409988304,34.885298144407884,44.29103518590794,298.9790501664875,288.175,277.3709498335125,0.44744267868321685,1.448187652846557,-1.00074497416334
2026-03-24,2382,10370224,2931785152,283.0,285.0,281.0,281.5,1.5,9395,284.89999999999975,286.9,288.075,26.550868486352375,41.303748456623815,39.153130477013335,45.86519776647415,299.08533605300204,288.075,277.06466394699794,0.022591476361981222,1.1630684175496417,-1.1404769411876605
2026-03-25,2382,9268746,2640742560,286.5,288.0,282.5,285.0,3.5,7659,283.2999999999997,286.49999999999994,288.125,34.1880341880342,32.68261788598412,48.365868908832866,49.454179249753224,299.0697475987332,288.125,277.1802524012668,-0.031324325757054794,0.9241898688883025,-0.9555141946453573
2026-03-26,2382,11451879,3295576248,287.0,291.0,284.0,287.0,2.0,10601,283.39999999999975,286.34999999999997,287.6,46.15384615384617,35.63091627607775,53.09991886430899,51.43552380904139,297.6677703589219,287.6,277.5322296410781,0.0863350808534733,0.7566189112813366,-0.6702838304278633
2026-03-27,2382,13285807,3818915078,283.5,289.5,282.0,289.0,2.0,9435,284.4999999999997,286.34999999999997,287.475,58.974358974358985,46.43874643874662,57.6318401214214,53.40259974064405,297.4071447834777,287.475,277.54285521652236,0.3370786606098477,0.6727108611470388,-0.3356322005371911
2026-03-30,2382,17954484,5066410801,282.0,284.5,280.5,281.0,-8.0,18700,284.6999999999997,285.54999999999995,286.475,52.13675213675214,52.421652421652595,39.720438371544475,45.46912120706353,294.6265335980386,286.475,278.32346640196147,-0.1084878072232982,0.5164711274729714,-0.6249589346962696
2026-03-31,2382,18101221,5069541291,280.0,284.5,278.0,278.5,-2.5,23192,284.09999999999974,284.49999999999994,285.675,38.539238539238546,49.883449883450055,35.67782447404693,43.30408661881815,293.6579505823335,285.675,277.6920494176665,-0.6557722158421484,0.2820224588099475,-0.9377946746520959
2026-04-01,2382,18751067,5422987211,287.0,291.0,285.0,290.5,12.0,17500,285.1999999999997,284.24999999999994,286.15,47.720379978444505,46.132123551478564,59.029139546434564,54.50260838010642,294.0941802597941,286.15,278.20581974020587,-0.11981815175903421,0.20165433669615113,-0.32147248845518533
2026-04-02,2382,11221762,3212312387,290.5,291.5,284.5,284.5,-6.0,15770,284.6999999999997,284.04999999999995,285.9,57.06867057673511,47.77609636480622,48.713096422092086,49.26315640043001,293.72048591841263,285.9,278.0795140815873,-0.1771781511041013,0.12588783913610063,-0.3030659902402019
2026-04-07,2382,9060786,2607980162,287.0,289.5,284.0,289.0,4.5,7554,284.6999999999997,284.59999999999997,285.9,78.16855834328953,60.98586963282322,55.51551451411195,52.918785933340786,293.72048591841263,285.9,278.0795140815873,0.138875161672388,0.1284853036433581,0.010389858029029891
2026-04-08,2382,54410413,16450750311,295.0,307.5,293.5,307.5,18.5,48700,289.9999999999997,287.34999999999997,287.175,79.24382716049384,71.493685360173,72.81156771048096,64.30521211602432,299.21358380375085,287.175,275.1364161962492,1.860696131378461,0.47492746919037865,1.3857686621880823
2026-04-09,2382,46807353,14388612997,304.5,314.0,295.0,313.0,5.5,60219,296.89999999999975,290.49999999999994,288.7,92.90123456790123,83.43787335722838,76.04243334135833,66.87046818984899,304.9677595261324,288.7,272.4322404738676,3.6272430890526834,1.1053905931628396,2.521852495889844
2026-04-10,2382,39034675,12576062290,315.0,327.5,312.0,321.5,8.5,37508,303.09999999999974,294.15,290.325,95.03367003367003,89.05957725402187,80.26979459395385,70.409752394666,311.9866596778741,290.325,268.66334032212586,5.648016425247022,2.013915759579676,3.634100665667346
2026-04-13,2382,16849027,5354556461,320.0,320.5,313.0,319.0,-2.5,31350,309.9999999999997,297.34999999999997,291.85,89.30976430976432,92.41488963711204,75.68714497493279,68.10520209381163,316.82418667344274,291.85,266.8758133265573,6.967448339071666,3.004622275478074,3.962826063593592
2026-04-14,2382,20523896,6665477410,321.0,329.5,321.0,323.0,4.0,25010,316.7999999999997,300.74999999999994,293.55,86.02857049458991,90.12400161267495,78.02861551441651,69.80795106847036,321.9152956973829,293.55,265.18470430261715,8.240878489913541,4.051873518365167,4.189004971548374
2026-04-15,2382,34222733,10741061897,324.0,325.0,307.0,308.5,-14.5,66683,316.9999999999997,303.49999999999994,294.525,74.68435915037857,83.34089798491112,55.44587000660518,57.768319409630905,323.5309907605314,294.525,265.5190092394686,7.987971873166657,4.839093189325466,3.1488786838411915
2026-04-16,2382,19430054,6135581416,314.5,318.5,311.0,318.5,10.0,17001,318.09999999999974,307.49999999999994,296.0,72.34965681567623,77.68752882021509,63.861266065065294,62.56364937660991,326.6838719851325,296.0,265.3161280148675,8.496515442687894,5.570577639997952,2.9259378026899423
2026-04-17,2382,20083510,6505423257,320.0,327.5,317.5,323.0,4.5,18900,318.39999999999975,310.74999999999994,297.5,71.79487179487178,72.9429625869757,67.12156234332905,64.51622194375057,330.3100594330458,297.5,264.6899405669542,9.157094986413199,6.287881109281001,2.869213877132198
2026-04-20,2382,19861377,6515996141,320.0,330.5,320.0,329.0,6.0,18261,320.39999999999975,315.19999999999993,299.625,85.82813582813583,76.65755481289479,71.1677677695258,66.98852670058135,334.7346496707102,299.625,264.5153503292898,10.048921181794412,7.040089123783683,3.0088320580107295
2026-04-21,2382,24631021,8329756692,333.0,341.0,332.0,340.0,11.0,24748,323.7999999999997,320.29999999999995,302.45,93.16210620558446,83.59503794286421,77.17567176994272,70.98050457341986,340.8529946748953,302.45,264.0470053251047,11.510620666132468,7.93419543225344,3.5764252338790277
2026-04-22,2382,18439843,6237802811,342.0,345.0,333.5,335.0,-5.0,22640,329.09999999999974,323.04999999999995,305.2,89.15208114292783,89.38077439221622,69.49622331047564,67.01363090423561,344.6416024015254,305.2,265.7583975984746,12.125791251683552,8.772514596139462,3.3532766555440894
2026-04-23,2382,27349239,8890286841,337.5,339.0,317.0,322.0,-13.0,28550,329.7999999999997,323.94999999999993,307.225,70.32799389778795,84.21406041543361,53.38327645525841,57.94605511530515,345.7392506093521,307.225,268.71074939064795,11.432539815842574,9.304519640080084,2.12802017576249
2026-04-24,2382,18393593,5902211430,325.0,326.5,318.0,323.0,1.0,17685,329.7999999999997,324.09999999999997,309.125,51.754385964912274,70.41148700187621,54.33347674082521,58.41221528486904,346.8063946132572,309.125,271.4436053867428,10.8388808297467,9.611391878013407,1.2274889517332923
2026-04-27,2382,16453590,5344589036,328.0,328.5,319.5,325.5,2.5,15527,329.09999999999974,324.74999999999994,311.05,43.42105263157894,55.167810831426586,56.89605551032045,59.617383228926144,347.9388872155285,311.05,274.1611127844715,10.449673580472222,9.77904821850517,0.6706253619670512
2026-04-28,2382,15997095,5127271183,328.5,330.0,317.5,321.0,-4.5,18717,325.2999999999997,324.54999999999995,312.65,40.06707946336429,45.08083935328537,50.89813829415131,56.446529433266825,348.3306670341243,312.65,276.96933296587565,9.66668016773042,9.75657460835022,-0.08989444061980123
2026-04-29,2382,11774226,3769398146,322.0,322.0,317.0,322.0,1.0,10688,322.6999999999997,325.9,314.7,31.984372696446986,38.490834930463606,52.204430176839324,56.99392999042829,347.4633942075604,314.7,281.9366057924396,9.022834272645184,9.609826541209213,-0.5869922685640283
2026-04-30,2382,18917525,5975404272,320.0,321.0,312.0,312.5,-9.5,25823,320.7999999999997,325.29999999999995,316.4,16.261353026058895,29.43760172862359,40.3167274336508,50.50033741962026,344.697703087,316.4,288.102296913,7.6577375255254765,9.219408738072465,-1.5616712125469885
2026-05-04,2382,17713587,5625129852,317.5,321.5,315.0,318.0,5.5,14889,319.7999999999997,324.79999999999995,317.775,12.518037518037508,20.254587746848,48.27274738211839,53.78339315831007,343.456656878014,317.775,292.093343121986,6.939696056693492,8.763466201796671,-1.823770145103179
2026-05-05,2382,12463306,3980618575,317.0,323.5,315.0,321.0,3.0,17085,318.89999999999975,323.99999999999994,319.6,15.656565656565647,14.811985400220886,52.317634294770365,55.51647265263281,340.2605905046281,319.6,298.93940949537193,6.537359338301599,8.318244829097656,-1.7808854907960576
2026-05-06,2382,44808704,15162562366,328.0,348.0,328.0,346.5,25.5,44476,323.9999999999997,324.65,322.475,47.095959595959584,25.09018759018778,73.14347399720886,66.88392014801065,341.216598117555,322.475,303.73340188244504,8.181826475307332,8.290961158339591,-0.10913468303225926
2026-05-07,2382,23382815,8079928594,349.0,352.5,341.0,344.0,-2.5,26576,328.39999999999975,325.54999999999995,324.3,67.37280209502431,43.37510911585005,69.66334250657559,65.12677426603388,343.94026476399927,324.3,304.65973523600076,9.17755626669009,8.46828018000969,0.7092760866803989
2026-05-08,2382,17406713,5929009384,343.5,345.5,335.5,340.5,-3.5,17517,333.9999999999997,327.4,325.675,81.738683127572,65.4024816061855,64.63996294960565,62.64542346133197,345.8027793111909,325.675,305.54722068880915,9.573896630118838,8.68940347003152,0.8844931600873185
2026-05-11,2382,14508377,5010939445,350.0,350.0,341.5,343.5,3.0,14265,339.09999999999974,329.44999999999993,326.775,75.72016460905347,74.9438832772168,67.01825566810949,63.914532195793385,348.2307101956586,326.775,305.31928980434134,10.014631711094466,8.95444911824411,1.0601825928503565
2026-05-12,2382,12855467,4402922457,346.5,347.5,338.0,340.0,-3.5,13993,342.89999999999975,330.9,327.825,72.42798353909463,76.62894375857356,61.397474451405806,61.297961226004674,349.70712741028655,327.825,305.94287258971343,9.96660783765833,9.156880862126954,0.8097269755313761
2026-05-13,2382,13159804,4471842276,339.5,343.0,335.5,340.5,0.5,11796,341.6999999999997,332.84999999999997,328.7,72.42798353909463,73.52537722908109,61.92963098335497,61.54019052699679,351.13301138946906,328.7,306.2669886105309,9.85528875918095,9.296562441537754,0.5587263176431971
2026-05-14,2382,21733250,7407304577,346.0,351.5,333.0,334.5,-6.0,22464,339.7999999999997,334.09999999999997,330.0,63.83539094650204,69.56378600823061,51.910947240392424,56.9350933543406,350.5329004283364,330.0,309.4670995716636,9.177129495311988,9.2726758522926,-0.09554635698061276
2026-05-15,2382,66013746,20429542128,310.0,317.0,305.0,306.0,-28.5,76407,332.89999999999975,333.44999999999993,329.375,41.491877842755024,59.251750776117404,27.371905285016336,41.174131906059216,351.9313184052712,329.375,306.8186815947288,6.2677211889153455,8.67168491961715,-2.403963730701804
2026-05-18,2382,36475336,10947129014,305.0,305.0,296.0,300.0,-6.0,30467,324.1999999999997,331.65,328.225,20.39496972519794,41.90741283815184,24.52448411271166,38.742586653436476,354.0696803036902,328.225,302.38031969630987,3.43821073588191,7.624990082870101,-4.1867793469881915
2026-05-19,2382,37484794,11033810587,300.0,302.5,290.0,290.0,-10.0,37972,314.1999999999997,328.54999999999995,326.275,3.0616363918646052,21.649494653272697,20.39839804529211,35.0295758200571,357.01337178511625,326.275,295.5366282148837,0.38445513038982426,6.176883092374046,-5.792427961984222
2026-05-20,2382,36185735,10531071400,288.5,294.0,288.5,290.0,0.0,28534,304.09999999999974,322.9,323.775,3.153532799550487,8.870046305537851,20.398398045292108,35.0295758200571,357.61798302455077,323.775,289.9320169754492,-2.012469690213834,4.53901253585647,-6.551482226070304
2026-05-21,2382,38942347,11882580749,296.0,312.5,295.0,308.0,18.0,31749,298.7999999999997,319.29999999999995,322.425,11.1111111111111,5.775426767508905,43.63277917943261,45.8610860561212,356.5223239419167,322.425,288.32767605808334,-2.431570678547587,3.1448958929756587,-5.5764665715232455
2026-05-22,2382,36233592,11380951543,310.0,317.0,305.5,316.0,8.0,28696,300.7999999999997,316.84999999999997,322.125,25.661375661375654,13.308673190679256,51.04236604403831,49.86185729655545,356.3373881072337,322.125,287.9126118927663,-2.094039308398294,2.097108852700868,-4.1911481610991626
2026-05-25,2382,46775832,15017566622,322.0,325.0,316.5,316.5,0.5,37175,304.09999999999974,314.15,321.8,39.68253968253968,25.48500881834232,51.50717200615538,50.1100061832574,356.0963554915095,321.8,287.50364450849054,-1.7658419180146439,1.3245186985577657,-3.0903606165724096
2026-05-26,2382,46085483,14759946569,322.0,327.0,316.5,316.5,0.0,32238,309.39999999999975,311.79999999999995,321.35,44.17989417989418,36.50793650793668,51.50717200615538,50.1100061832574,355.6765203596278,321.35,287.0234796403723,-1.488583655827881,0.7618982276806363,-2.2504818835085176
2026-05-27,2382,43591575,13793091700,322.0,323.5,312.0,312.0,-4.5,37326,313.7999999999997,308.94999999999993,320.9,49.97594997594998,44.61279461279478,46.14089184325784,47.64847700047358,355.4681934731926,320.9,286.3318065268073,-1.613368964304584,0.28684478928359214,-1.9002137535881762
2026-05-28,2382,43210473,13509086540,312.5,319.0,308.5,308.5,-3.5,33456,313.89999999999975,306.34999999999997,320.225,52.47715247715248,48.87766554433239,42.15557399478553,45.76544193659729,355.2056732353725,320.225,285.24432676462754,-1.9719515397287637,-0.16491447651887903,-1.8070370632098847
2026-05-29,2382,87792646,29138110339,315.5,339.0,315.5,339.0,30.5,54426,318.4999999999997,309.65,321.55,70.99567099567099,57.816257816257995,69.200945403093,60.4379572042671,357.25980257576265,321.55,285.8401974242374,0.20262851131758453,-0.09140587895158632,0.29403439026917083
2026-06-01,2382,76692327,28402387174,366.0,372.5,361.0,372.5,33.5,71096,329.6999999999997,316.9,324.275,83.98268398268398,69.15183581850266,80.74015362249968,70.02889159446856,366.25294063552997,324.275,282.29705936447,4.576414836082449,0.8421582640552208,3.7342565720272285
2026-06-02,2382,151608396,59406734851,375.0,409.5,369.5,400.5,28.0,126142,346.4999999999997,327.94999999999993,328.25,97.37991266375543,84.11942254737032,85.89374837071574,75.3974759792272,381.71821485705294,328.25,274.78178514294706,10.184635861626646,2.710653783569506,7.47398207805714
2026-06-03,2382,111020362,46747062547,408.5,438.0,393.0,417.0,16.5,102452,367.4999999999997,340.65,331.775,92.09689379583091,91.15316348075696,88.0855623715041,77.90871761211253,397.48533023809944,331.775,266.0646697619005,15.778716313416226,5.32426628953885,10.454450023877374
2026-06-04,2382,73706806,29762294985,402.0,412.0,395.0,404.0,-13.0,69471,386.59999999999974,350.24999999999994,334.775,83.34528504422217,90.94069716793636,77.0771671667562,71.69907662015751,407.54345126839,334.775,262.00654873160994,18.944691410249504,8.048351313680982,10.896340096568522
2026-06-05,2382,69275731,26800935999,392.5,395.5,375.0,390.5,-13.5,63570,396.89999999999975,357.69999999999993,337.275,73.73886015395448,83.06034633133605,66.94150839703518,65.83112142236106,413.98710791002975,337.275,260.5628920899702,20.132339233577568,10.465148897660299,9.667190335917269
2026-06-08,2382,63428197,23380295756,357.0,376.5,357.0,376.5,-14.0,53961,397.6999999999997,363.69999999999993,338.925,63.19176319176318,73.4253027966468,57.75305794551474,60.317981941250906,417.49870743448446,338.925,260.35129256551556,19.716595058309508,12.315438129790142,7.401156928519367
2026-06-09,2382,50920829,19194660173,378.0,383.0,373.5,375.0,-1.5,45739,392.59999999999974,369.54999999999995,340.675,55.72715572715572,64.21925969095798,56.77886825707209,59.740702674195745,420.81005787107165,340.675,260.5399421289284,19.046520903232704,13.661654684478654,5.38486621875405
2026-06-10,2382,46184781,17149734820,370.0,380.5,363.5,380.5,5.5,43432,385.2999999999997,376.4,342.675,52.30740945026658,57.07544278972869,59.68773586108491,61.206761209557094,424.66785029805925,342.675,260.6821497019408,18.743226099075855,14.677968967398094,4.065257131677761
2026-06-11,2382,48409395,17925790394,373.5,385.0,359.0,370.0,-10.5,40374,378.4999999999997,382.54999999999995,344.45,40.1539861857322,49.396183787718364,51.90689909290527,56.94351253218489,427.19170653304207,344.45,261.7082934669579,17.454397108934984,15.233254595705471,2.2211425132295126
2026-06-12,2382,24305308,9172335461,378.0,384.0,372.0,372.0,2.0,22497,374.7999999999997,385.84999999999997,347.75,29.209708574787925,40.5570347369291,53.26086993059642,57.55003099315573,429.35116420738126,347.75,266.14883579261874,16.4052644572983,15.467656568024037,0.9376078892742647
2026-06-15,2382,22408965,8370078384,381.5,386.5,368.0,370.0,-2.0,27675,373.4999999999997,385.59999999999997,351.25,16.872427983539083,28.745374248019928,51.56713168077219,56.69003420488217,430.32433211858324,351.25,272.17566788141676,15.236795690833162,15.421484392585862,-0.1846887017526999
2026-06-16,2382,20112630,7336596802,371.5,372.5,362.0,362.5,-7.5,26515,370.9999999999997,381.79999999999995,354.875,14.85596707818929,20.31270121217229,45.2689330176984,53.46358175362638,428.8695099314807,354.875,280.8804900685193,13.549399412937873,15.047067396656264,-1.4976679837183902
2026-06-17,2382,21858689,8009855705,361.0,374.0,358.0,374.0,11.5,23594,369.6999999999997,377.49999999999994,359.075,23.401742290631166,18.3767124507867,55.08278618926511,57.46139964092512,427.16338006591155,359.075,290.9866199340884,12.990335099339688,14.635720937192948,-1.6453858378532598
2026-06-18,2382,22566584,8486637672,374.5,379.5,372.5,376.0,2.0,21332,370.89999999999975,374.69999999999993,362.475,39.52087460562036,25.926194658147125,56.659589792543954,58.13499340113564,426.7038681201835,362.475,298.2461318798166,12.56382790094409,14.221342329943177,-1.657514428999086
2026-06-22,2382,20023542,7595072334,378.5,385.0,376.5,380.0,4.0,21931,372.4999999999997,373.65,365.675,61.91853542433381,41.6137174401953,59.9408684206231,59.515745415420575,426.61618065807403,365.675,304.733819341926,12.405580632674628,13.858189990489468,-1.4526093578148398
2026-06-23,2382,16362886,6091076180,381.0,381.0,368.0,372.5,-7.5,25774,372.9999999999997,373.24999999999994,368.475,64.15898503320447,55.19946502105307,51.42426798575915,55.79968934760945,425.11551112057384,368.475,311.8344888794262,11.541932993629587,13.39493859111749,-1.853005597487904
2026-06-24,2382,11120601,4088122708,367.0,372.0,364.5,372.0,-0.5,14279,374.89999999999975,372.94999999999993,371.25,59.0643274853801,61.71394931430632,50.862193517683586,55.550669991262836,422.6265510714766,371.25,319.8734489285234,10.693867943168357,12.854724461527663,-2.1608565183593065
2026-06-25,2382,13596942,4999858247,375.0,375.0,365.0,366.5,-5.5,15805,373.39999999999975,371.54999999999995,373.975,43.27485380116957,55.499388773251574,44.60538951377575,52.761372854267854,417.7042522231966,373.975,330.24574777680346,9.468815633625638,12.177542695947258,-2.7087270623216195
2026-06-26,2382,20757530,7531005147,362.0,372.0,357.0,362.0,-4.5,24569,370.59999999999974,370.74999999999994,376.65,31.965506987808485,44.76822942478625,39.91807912045743,50.525975687373204,409.1293780728657,376.65,344.1706219271343,8.042135725765888,11.350461301910984,-3.308325576145096
2026-06-29,2382,11562314,4232663431,368.0,372.0,363.0,367.0,5.0,12042,367.9999999999997,370.24999999999994,378.05,27.495999886722434,34.24545355856703,47.12122255928244,52.9131305824478,406.01765989495624,378.05,350.0823401050438,7.231578695667679,10.526684780662324,-3.2951060849946447
2026-06-30,2382,11181396,4124757729,371.0,371.5,365.5,368.0,1.0,11145,367.09999999999974,370.04999999999995,377.825,30.649717514124273,30.037074796218594,48.560201048547405,53.39744540920338,406.0389593109504,377.825,349.61104068904956,6.5938878180047595,9.74012538813081,-3.1462375701260505
2026-07-01,2382,13892612,5173827518,373.5,376.5,368.5,372.0,4.0,14445,367.09999999999974,370.99999999999994,376.4,42.85714285714283,33.66762008599671,54.356592843477756,55.37466154118091,402.70323174060525,376.4,350.0967682593947,6.338216756382735,9.059743661781194,-2.721526905398459
