date,stock_id,Trading_Volume,Trading_money,open,max,min,close,spread,Trading_turnover,SMA5,SMA10,SMA20,K,D,RSI_7,RSI_14,BB_Upper,BB_Middle,BB_Lower,MACD,MACD_Signal,MACD_Hist
2020-01-02,2449,9767496,370686288,37.6,38.35,37.4,38.2,0.65,4172,,,,,,,,,,,,,
2020-01-03,2449,23307907,883627239,38.4,38.65,37.3,37.3,-0.9,8793,,,,,,,,,,,,,
2020-01-06,2449,18959593,688467493,36.6,36.95,35.85,36.05,-1.25,8455,,,,,,,,,,,,,
2020-01-07,2449,12450821,453245265,36.4,36.9,36.05,36.25,0.2,4974,,,,,,,,,,,,,
2020-01-08,2449,9168973,330498407,35.95,36.3,35.65,36.3,0.05,3832,36.82000000000001,,,,,,,,,,,,
2020-01-09,2449,8133781,300170897,36.75,37.15,36.5,37.0,0.7,4021,36.580000000000005,,,,,,,,,,,,
2020-01-10,2449,6129342,226309405,37.3,37.35,36.6,36.8,-0.2,2416,36.480000000000004,,,,,,,,,,,,
2020-01-13,2449,4847587,180614996,37.2,37.4,37.0,37.4,0.6,2456,36.75000000000001,,,,,39.74358974358972,,,,,,,
2020-01-14,2449,8055163,301467160,37.5,37.75,37.15,37.5,0.1,3803,37.00000000000001,,,,,41.49377593360996,,,,,,,
2020-01-15,2449,8231640,305276330,37.7,37.7,36.85,36.9,-0.6,3442,37.12000000000001,36.97,,,,34.482758620689665,,,,,,,
2020-01-16,2449,5167233,191753533,37.0,37.45,36.9,37.1,0.2,2557,37.14000000000001,36.86,,,,38.522380010785604,,,,,,,
2020-01-17,2449,7937697,291386139,36.9,37.25,36.55,36.65,-0.45,3921,37.11000000000001,36.795,,,,33.156052372019296,,,,,,,
2020-01-20,2449,10439153,379364375,36.5,36.55,36.2,36.3,-0.35,4397,36.89000000000001,36.82,,49.206349206349195,53.14814814814816,29.43526886848698,,,,,,,
2020-01-30,2449,21388339,717041137,34.0,34.25,32.8,32.85,-3.45,9323,35.96000000000001,36.480000000000004,,26.52717652717652,42.8371011704345,12.850832983354962,,,,,,,
2020-01-31,2449,14084354,460720153,32.85,33.6,32.2,32.65,-0.2,6282,35.11000000000001,36.114999999999995,,13.356863356863334,29.69679636346301,12.379117562299893,20.000000000000046,,,,,,
2020-02-03,2449,17652334,555588173,31.8,32.65,30.0,32.3,-0.35,8001,34.15000000000001,35.644999999999996,,12.931876157682604,17.605305347240815,11.516064085907116,19.21693967239317,,,,,,
2020-02-04,2449,8066332,263783384,31.8,33.1,31.8,32.9,0.6,3475,33.40000000000001,35.254999999999995,,25.068294100552123,17.11901120503268,22.34416092533,24.662520420738918,,,,,,
2020-02-05,2449,7802807,258247181,33.05,33.45,32.6,32.75,-0.15,3799,32.69000000000001,34.79,,34.27035330261134,24.090174520282016,21.5741306488584,24.222903110552974,,,,,,
2020-02-06,2449,16540200,568727600,33.55,35.2,33.4,35.1,2.35,6767,33.14000000000001,34.55,,47.19667213064051,35.51177317793465,51.88282659202997,41.74331716383365,,,,,,
2020-02-07,2449,12445765,422330169,34.3,34.4,33.5,33.8,-1.3,6056,33.370000000000005,34.24,35.605,52.1948182188867,44.553947884046174,41.525549846235975,36.68961411039873,39.41562986919503,35.605,31.794370130804964,,,
2020-02-10,2449,5232578,176980657,33.0,34.3,32.8,33.95,0.15,2981,33.7,33.925,35.3925,60.39183748460829,53.261109278045154,43.05581273964968,37.62792242090885,39.07234714356459,35.3925,31.712652856435405,,,
2020-02-11,2449,14734873,515776080,33.95,35.6,33.85,35.6,1.65,6226,34.239999999999995,33.82000000000001,35.3075,70.9063788716329,61.164344858375955,57.372171802114266,46.943076349859886,38.884268793198814,35.3075,31.73073120680118,,,
2020-02-12,2449,12457672,445453042,35.6,36.1,35.2,36.0,0.4,4855,34.89,33.790000000000006,35.305,86.22199974971845,72.50673870198654,60.20204378831598,48.934166750940825,38.87975873311743,35.305,31.73024126688257,,,
2020-02-13,2449,9061121,326847714,36.05,36.4,35.6,36.0,0.0,3756,35.07,34.105000000000004,35.292500000000004,97.37021857923497,84.83286573352876,60.20204378831598,48.934166750940825,38.855683267809624,35.292500000000004,31.729316732190387,,,
2020-02-14,2449,5365941,193332914,36.0,36.25,35.9,35.95,-0.05,2089,35.5,34.435,35.275000000000006,94.10934901401761,92.56718911432365,59.52967019003464,48.66938736366849,38.82161810743669,35.275000000000006,31.728381892563316,,,
2020-02-17,2449,7301618,258489995,35.8,35.85,35.05,35.4,-0.55,3685,35.790000000000006,34.745,35.19500000000001,85.8838672768879,92.4544782900468,52.06689181796054,45.73766187170619,38.65345341156959,35.19500000000001,31.73654658843042,,,
2020-02-18,2449,8327779,290262805,34.95,35.4,34.7,34.7,-0.7,4118,35.61,34.925,35.09000000000001,72.22645986948054,84.07322538679533,43.895925535471186,42.249407994482766,38.47387352009447,35.09000000000001,31.70612647990555,,,
2020-02-19,2449,4666168,161554158,34.8,34.85,34.3,34.7,0.0,2369,35.35,35.12,34.95500000000001,59.746588693957214,72.6189719467752,43.89592553547118,42.249407994482766,38.17072697846017,34.95500000000001,31.73927302153985,,,
2020-02-20,2449,2914816,101629373,34.95,35.1,34.65,34.85,0.15,1562,35.12,35.095,34.82250000000001,54.1666666666668,62.04657174336817,46.35151643121644,43.323641394729826,37.81874348142739,34.82250000000001,31.826256518572634,,,
2020-02-21,2449,3196647,110601560,34.7,34.85,34.35,34.4,-0.45,1583,34.809999999999995,35.154999999999994,34.69750000000001,43.76361655773426,52.55895730611942,40.19418066454726,40.86764480704687,37.54134862466284,34.69750000000001,31.85365137533719,,,
2020-02-24,2449,4981962,171753170,34.05,35.1,33.9,35.1,0.7,2147,34.74999999999999,35.269999999999996,34.59750000000001,42.171023965141664,46.70043572984756,51.811471682526346,45.99622483534202,37.22912972319368,34.59750000000001,31.965870276806346,,,
2020-02-25,2449,5912782,203933543,34.5,34.9,34.1,34.35,-0.75,2740,34.67999999999999,35.144999999999996,34.482500000000016,29.189542483660187,38.37472766884536,41.68888101449381,41.81194924263857,36.94060394409905,34.482500000000016,32.02439605590098,,,
2020-02-26,2449,6434278,218137567,33.95,34.05,33.8,33.8,-0.55,3381,34.499999999999986,34.925,34.357500000000016,22.000000000000085,31.1201888162673,35.718439604687894,39.009398670930004,36.6839296679666,34.357500000000016,32.03107033203343,,,
2020-02-27,2449,7269169,241425686,34.0,34.05,32.75,32.75,-1.05,3374,34.07999999999999,34.6,34.35250000000001,6.000000000000047,19.063180827886764,27.080407753920344,34.28479011872996,36.69225960303521,34.35250000000001,32.012740396964816,-0.7797973409016876,-0.8772645666029137,0.09746722570122612
2020-03-02,2449,8731782,280615347,31.35,32.6,31.3,32.3,-0.45,4268,33.65999999999999,34.235,34.335000000000015,8.130081300812993,12.043360433604365,24.15912539952044,32.46976112203028,36.73001565756794,34.335000000000015,31.939984342432087,-0.872032071711601,-0.8762180676246512,0.004185995913050133
2020-03-03,2449,5837082,196232634,33.8,34.0,33.15,33.5,1.2,3009,33.33999999999999,34.045,34.39500000000002,27.42832691484807,13.852802738553693,43.216268216360874,41.3816378009928,36.638412579084545,34.39500000000002,32.15158742091549,-0.838631566543171,-0.8687007674083551,0.030069200865184165
2020-03-04,2449,5667281,192214711,33.4,34.3,33.1,34.05,0.55,3230,33.279999999999994,33.980000000000004,34.452500000000015,51.5511339323919,29.036514049350973,49.942227163315216,44.96643549741582,36.596439131597464,34.452500000000015,32.308560868402566,-0.7590313808238207,-0.8467668900914482,0.08773550926762752
2020-03-05,2449,4940521,170240186,34.65,34.85,34.25,34.25,0.2,2436,33.36999999999999,33.93500000000001,34.52750000000002,69.29824561403505,49.42590215375833,52.33732254111568,46.25359504179315,36.52811865431542,34.52750000000002,32.526881345684615,-0.6720622167323214,-0.8118259554196229,0.13976373868730152
2020-03-06,2449,9506478,327668102,34.75,34.8,34.0,34.0,-0.25,4476,33.61999999999999,33.85000000000001,34.47250000000001,73.68421052631575,64.84453002424756,48.9236126452689,44.841765899936924,36.46761277876656,34.47250000000001,32.477387221233464,-0.6162081740198033,-0.772702399139659,0.15649422511985567
2020-03-09,2449,10001130,333787540,33.55,34.25,32.8,32.8,-1.2,4861,33.71999999999999,33.69000000000001,34.422500000000014,63.450292397660796,68.81091617933718,35.83462625757585,38.73068847533129,36.529506169899975,34.422500000000014,32.31549383010005,-0.6611520644983813,-0.7503923322114034,0.08924026771302218
2020-03-10,2449,7270142,241116950,32.65,33.6,32.65,33.3,0.5,3186,33.67999999999999,33.510000000000005,34.39000000000001,56.35244213820932,64.49564835406194,43.219186764982794,42.26149603329476,36.544669348182765,34.39000000000001,32.23533065181725,-0.6489439779559731,-0.7301026613603174,0.08115868340434429
2020-03-11,2449,6969669,235189915,33.45,34.15,33.3,33.5,0.2,3922,33.56999999999999,33.425000000000004,34.28500000000001,53.32550860719869,57.709414381022924,46.11327960524016,43.66009069276664,36.39784168834216,34.28500000000001,32.17215831165786,-0.6160294488648432,-0.7072880188612226,0.09125856999637938
2020-03-12,2449,13651161,431272602,33.0,33.0,30.75,31.1,-2.4,6559,32.93999999999999,33.15500000000001,34.040000000000006,42.282148173594386,50.653366306334114,26.910588871917955,33.25128865041699,36.42004201643529,34.040000000000006,31.659957983564723,-0.7746744252308844,-0.7207653001351549,-0.05390912509572943
2020-03-13,2449,17177517,511840508,28.5,32.35,28.4,30.4,-0.7,7984,32.21999999999999,32.92,33.760000000000005,33.83872276325122,43.14879318134808,23.570631775424946,30.934776512888266,36.4493493636933,33.760000000000005,31.070650636306706,-0.9459811796460897,-0.7658084760373419,-0.18017270360874782
2020-03-16,2449,17067486,533055705,30.6,32.45,30.2,30.5,0.1,8439,31.75999999999999,32.74,33.487500000000004,24.03415894624064,33.385009961028736,25.11957233653865,31.667166122634978,36.33387927901369,33.487500000000004,30.64112072098632,-1.061438252995373,-0.8249344314289482,-0.2365038215664248
2020-03-17,2449,17193799,523100170,30.5,31.4,29.9,30.0,-0.5,7990,31.099999999999987,32.39,33.21750000000001,29.45736434108528,29.110082016859035,22.46388936771673,29.956636907329713,36.30153550563173,33.21750000000001,30.133464494368287,-1.1796859514542604,-0.8958847354340106,-0.28380121602024977
2020-03-18,2449,15930452,493760351,30.2,31.75,30.2,30.9,0.9,8131,30.57999999999999,32.075,33.0275,32.14228036175712,28.544601216361002,36.55063206581845,36.595567165112115,36.190010869546256,33.0275,29.86498913045375,-1.187091573307189,-0.9541261030086463,-0.23296547029854264
2020-03-19,2449,19230576,575897775,30.9,31.3,28.45,29.6,-1.3,8831,30.27999999999999,31.610000000000003,32.7725,28.127174021069397,29.908939574637255,27.98318626472444,31.893216962678384,36.168302556097714,32.7725,29.376697443902287,-1.2830692932967196,-1.019914741066261,-0.2631545522304586
2020-03-20,2449,14589114,456809884,31.5,31.8,30.7,30.7,1.1,7278,30.339999999999986,31.28,32.565000000000005,33.19177350427353,31.153742629033335,41.51603949614285,39.03197453016452,35.934732927102516,32.565000000000005,29.195267072897494,-1.2558943526241677,-1.0671106633778424,-0.18878368924632527
2020-03-23,2449,13137676,393692505,29.9,30.9,28.8,29.6,-1.1,5657,30.159999999999986,30.96,32.325,27.12746191007064,29.482136478471176,34.05099972636373,35.07294137358492,35.81920949572288,32.325,28.830790504277125,-1.308040546084431,-1.1152966399191602,-0.19274390616527093
2020-03-24,2449,10920389,338568668,30.55,31.6,30.55,30.85,1.25,5510,30.329999999999984,30.715000000000003,32.112500000000004,38.0434782608696,32.78757122507125,46.745996368914746,42.24230314028446,35.41762859053918,32.112500000000004,28.807371409460824,-1.2342742811762655,-1.1390921681705812,-0.09518211300568424
2020-03-25,2449,16062170,505081479,31.5,32.3,30.9,30.9,0.05,7954,30.329999999999984,30.455000000000002,31.940000000000005,45.28627661477904,36.81907226190642,47.22012860359509,42.51573456644977,35.117672103914934,31.940000000000005,28.762327896085072,-1.1584257912205693,-1.142958892780579,-0.015466898439990384
2020-03-26,2449,15869630,503663460,31.35,32.3,30.85,32.1,1.2,8349,30.829999999999984,30.555,31.855000000000008,68.74642154231525,50.692058805987955,57.75211370312471,48.782621143917545,34.917988736511866,31.855000000000008,28.792011263488153,-0.9900724068823905,-1.1123815956009413,0.12230918871855079
2020-03-27,2449,16569095,524374308,32.7,32.8,30.8,31.0,-1.1,8459,30.889999999999986,30.615000000000002,31.767500000000005,70.53302823896692,61.521908798687065,47.59517049854478,44.042682365726684,34.823195501845525,31.767500000000005,28.711804498154486,-0.9346380185048204,-1.076832880181717,0.14219486167689666
2020-03-30,2449,6731348,203966156,30.15,30.65,29.8,30.4,-0.6,3433,31.04999999999999,30.605,31.672500000000007,64.89942528735634,68.0596250228795,42.80456327121403,41.66464572189928,34.773866634243504,31.672500000000007,28.571133365756506,-0.9284186199924243,-1.0471500281438586,0.11873140815143435
2020-03-31,2449,8460578,255818101,30.8,30.85,30.0,30.25,-0.15,4671,30.92999999999999,30.630000000000003,31.51000000000001,48.27586206896555,61.23610519842959,41.58378034987612,41.067652565732274,34.55131550484298,31.51000000000001,28.468684495157035,-0.9249314146622858,-1.022706305447544,0.09777489078525825
2020-04-01,2449,4734932,142649380,30.35,30.35,29.9,30.15,-0.1,2650,30.77999999999999,30.555,31.31500000000001,39.98563218390805,51.0536398467433,40.68137933569832,40.64948520343008,34.17456290366177,31.31500000000001,28.45543709633824,-0.9196359527693012,-1.0020922349118955,0.08245628214259426
2020-04-06,2449,9565146,288628844,30.5,30.6,29.8,30.15,0.0,4851,30.389999999999993,30.609999999999996,31.110000000000007,36.29310344827585,41.51819923371647,40.68137933569832,40.64948520343008,33.67078113082675,31.110000000000007,28.549218869173266,-0.9050069048158882,-0.982675168892694,0.07766826407680583
2020-04-07,2449,12580069,390294605,30.65,31.7,30.5,31.65,1.5,5722,30.519999999999992,30.704999999999995,30.992500000000007,43.05555555555554,39.7780970625798,58.8938029897188,49.58065034077185,33.203896617524414,30.992500000000007,28.7811033824756,-0.7635738113502128,-0.9388548973841978,0.17528108603398496
2020-04-08,2449,19997373,656038009,32.3,33.45,32.1,33.05,1.4,9284,31.04999999999999,31.049999999999994,31.005000000000006,61.48592085235916,46.9448599520635,69.19311213963422,56.204819440296994,33.25952877559771,31.005000000000006,28.750471224402308,-0.5323818001010352,-0.8575602779275653,0.3251784778265301
2020-04-09,2449,15879521,535071397,33.7,34.25,33.1,33.5,0.45,7524,31.69999999999999,31.31499999999999,31.015000000000008,77.9512766576026,60.83091768850576,71.83904846085012,58.109905807558704,33.311540877057894,31.015000000000008,28.718459122942118,-0.30928399299582665,-0.7479050209412176,0.43862102794539093
2020-04-10,2449,9806338,330692095,33.75,34.3,33.45,33.5,0.0,4655,32.36999999999999,31.574999999999996,31.015000000000008,84.80312850945448,74.74677533980541,71.83904846085014,58.109905807558704,33.311540877057894,31.015000000000008,28.718459122942118,-0.13096765987355852,-0.6245175487276857,0.4935498888541272
2020-04-13,2449,6380427,213998741,33.55,33.95,33.05,33.5,0.0,3198,33.039999999999985,31.714999999999993,31.13500000000001,82.5301706200583,81.76152526237179,71.83904846085014,58.109905807558704,33.67470470724409,31.13500000000001,28.595295292755928,0.010231377870361769,-0.4975677634080762,0.507799141278438
2020-04-14,2449,9805782,333528446,33.7,34.3,33.7,34.15,0.65,4931,33.539999999999985,32.02999999999999,31.32250000000001,87.03703703703708,84.7901120555166,76.47378305501617,61.15810699949843,34.1543677582115,31.32250000000001,28.490632241788518,0.172592659545856,-0.36353567881728976,0.5361283383631458
2020-04-15,2449,11342856,392707286,34.3,34.95,34.3,34.85,0.7,5545,33.899999999999984,32.474999999999994,31.54000000000001,92.31571377202447,87.29430714303993,80.50496989429078,64.18095083521474,34.731175332067664,31.54000000000001,28.348824667932355,0.35367237983809474,-0.22009406708621285,0.5737664469243076
2020-04-16,2449,27167615,977194125,34.85,36.5,34.65,36.35,1.5,13517,34.469999999999985,33.084999999999994,31.85750000000001,97.49537104123397,92.28270728343182,86.3515713690087,69.63444070830629,35.59023023402405,31.85750000000001,28.124769765975973,0.6111716207526641,-0.05384092951843747,0.6650125502711015
2020-04-17,2449,27078387,989254307,37.5,37.85,35.5,35.6,-0.75,12832,34.88999999999998,33.63,32.092500000000015,88.40240051969202,92.7378284443168,73.49426918377414,64.35826249372154,36.133573495990255,32.092500000000015,28.051426504009772,0.7461220616885456,0.10615166872295914,0.6399703929655864
2020-04-20,2449,11282963,400102781,35.8,36.0,35.15,35.35,-0.25,5304,35.25999999999998,34.150000000000006,32.38000000000001,74.55689608744213,86.81822254945602,69.4716164265483,62.65411036642755,36.48845469732808,32.38000000000001,28.27154530267194,0.8234066286703552,0.24960266071243836,0.5738039679579168
2020-04-21,2449,18025376,616190137,35.1,35.1,33.55,34.0,-1.35,8638,35.229999999999976,34.385000000000005,32.54500000000001,48.56705363304744,70.50878341339384,51.65845413318044,54.29362764595107,36.6353422839656,32.54500000000001,28.45465771603442,0.7668813563208232,0.35305839983411536,0.41382295648670786
2020-04-22,2449,7984262,270302307,33.5,34.4,33.0,34.35,0.35,3928,35.12999999999998,34.51500000000001,32.78250000000001,34.71615244783109,52.61336738944019,55.13778253713215,55.935318506353184,36.70962044633157,32.78250000000001,28.855379553668456,0.7417760135247988,0.430801922572252,0.3109740909525468
2020-04-23,2449,6446668,221475772,34.5,34.75,33.95,34.3,-0.05,3399,34.719999999999985,34.59500000000001,32.955000000000005,24.81028064146621,36.031162240781555,54.484209254813756,55.62792539278616,36.83016451263657,32.955000000000005,29.07983548736344,0.7096646935162383,0.48657447676104926,0.22309021675518903
2020-04-24,2449,8471354,293958702,34.2,35.2,33.95,35.2,0.9,4585,34.639999999999986,34.76500000000001,33.17000000000001,33.333333333333336,30.953255474210184,63.55595488692779,59.899739991430025,37.04238944322469,33.17000000000001,29.297610556775325,0.7482137767743069,0.5389023367637008,0.2093114400106061
2020-04-27,2449,19363353,692590115,35.75,36.1,35.3,36.1,0.9,7430,34.789999999999985,35.02500000000001,33.37000000000001,45.36082474226804,34.501479572355834,70.43147070475072,63.66670927041989,37.41022276613514,33.37000000000001,29.329777233864885,0.8416842690502904,0.5994587232210187,0.2422255458292717
2020-04-28,2449,9151431,329498620,36.25,36.45,35.75,35.8,-0.3,5090,35.14999999999999,35.19000000000001,33.61000000000001,55.670103092783506,44.78808705612827,65.61728848169899,61.589801908626065,37.62878090967861,33.61000000000001,29.5912190903214,0.8813926687645264,0.6558455123297202,0.22554715643480616
2020-04-29,2449,6475113,232003338,35.85,36.1,35.65,35.75,-0.05,3406,35.42999999999999,35.280000000000015,33.87750000000001,59.45017182130582,53.49369988545243,64.75662082070744,61.231283451953075,37.71409679924752,33.87750000000001,30.040903200752503,0.898470273454997,0.7043704645547756,0.19409980890022138
2020-04-30,2449,10187861,367104096,36.25,36.3,35.85,36.0,0.25,4165,35.769999999999996,35.24500000000001,34.165000000000006,67.12983714328398,60.75003735245773,67.26153211064478,62.40952731264817,37.722822367684614,34.165000000000006,30.6071776323154,0.9215542056375057,0.7478072127713216,0.1737469928661841
2020-05-04,2449,9567152,336226127,35.0,35.5,34.6,35.2,-0.8,4767,35.769999999999996,35.205000000000005,34.41750000000001,69.14188953633148,65.24063283364039,53.156657228360515,56.49280037202963,37.48234502055109,34.41750000000001,31.352654979448936,0.8653202014427492,0.7713098105056071,0.09401039093714214
2020-05-05,2449,8874211,315686147,35.65,36.0,35.05,35.95,0.75,3800,35.739999999999995,35.265,34.70750000000002,78.743961352657,71.67189601075745,61.89620205111894,60.29337741936398,37.13325246057692,34.70750000000002,32.281747539423115,0.8712300819004994,0.7912938647845855,0.07993621711591392
2020-05-06,2449,9758554,351202200,35.7,36.5,35.3,35.95,0.0,4272,35.769999999999996,35.46,34.92250000000002,75.90224495595345,74.59603194831395,61.896202051118934,60.29337741936397,36.95682421211428,34.92250000000002,32.888175787885764,0.8659317821804962,0.8062214482637676,0.05971033391672853
2020-05-07,2449,15115864,550528140,36.45,36.7,36.25,36.35,0.4,6635,35.88999999999999,35.660000000000004,35.08750000000002,83.73711539951952,79.4611072360433,66.4412550582283,62.32885056539711,37.02034117298707,35.08750000000002,33.15465882701297,0.8838213561072124,0.8217414298324566,0.06207992627475578
2020-05-08,2449,7339909,266834888,36.8,36.8,36.0,36.35,0.0,3546,35.959999999999994,35.865,35.230000000000025,81.74985145573389,80.4630706037356,66.4412550582283,62.3288505653971,37.0926325456173,35.230000000000025,33.36736745438275,0.8877653658092584,0.8349462170278169,0.05281914878144145
2020-05-11,2449,12765401,470201902,37.0,37.35,36.4,36.45,0.1,5687,36.209999999999994,35.99,35.377500000000026,78.0303030303031,81.17242329518548,67.75022873665442,62.880563516922464,37.13291305680252,35.377500000000026,33.62208694319753,0.8887156256520612,0.8457000987526657,0.04301552689939547
2020-05-12,2449,9360347,341489606,36.5,36.9,36.05,36.2,-0.25,4681,36.25999999999999,36.0,35.51250000000003,68.33333333333344,76.03782927312346,60.82986596620117,60.49522460429508,37.074189789936156,35.51250000000003,33.950810210063906,0.8593892978861462,0.8484379385793618,0.01095135930678437
2020-05-13,2449,6842310,249172287,36.2,36.85,36.05,36.6,0.4,3441,36.38999999999999,36.08,35.63500000000003,66.06060606060612,70.80808080808087,67.10247347174003,62.91898637507922,37.1330320423779,35.63500000000003,34.13696795762217,0.8585280519397855,0.8504559612514465,0.008072090688339029
2020-05-14,2449,8040367,292071992,36.4,36.75,36.0,36.1,-0.5,4104,36.33999999999999,36.115,35.69750000000003,61.81818181818187,65.40404040404046,54.39856628779103,58.11886565332409,37.1632677169289,35.69750000000003,34.23173228307117,0.8081834512474586,0.842001459250649,-0.03381800800319035
2020-05-15,2449,8706316,311712093,36.5,36.65,35.35,35.55,-0.55,4382,36.17999999999999,36.07000000000001,35.65750000000003,49.67061923583665,59.18313570487485,43.76527089345535,53.30172756393728,37.09321410802845,35.65750000000003,34.22178589197161,0.715654964081132,0.8167321602167456,-0.1010771961356135
2020-05-18,2449,44539526,1451116337,33.5,34.45,32.0,32.0,-3.55,22077,35.29,35.75000000000001,35.47750000000003,25.4281949934124,45.638998682476945,17.704760076828475,33.81805165514054,37.62377002028926,35.47750000000003,33.3312299797108,0.3518146397875057,0.7237486561308976,-0.37193401634339185
2020-05-19,2449,42020319,1310264322,32.5,32.55,30.5,31.05,-0.95,21098,34.260000000000005,35.260000000000005,35.262500000000024,9.922775838358211,28.340530022535727,14.929301048014759,30.59504875073713,38.15021103124832,35.262500000000024,32.37478896875173,-0.013038202776300523,0.576391284349458,-0.5894294871257585
2020-05-20,2449,39757144,1212734247,30.8,30.95,30.3,30.3,-0.75,19321,33.00000000000001,34.69500000000001,35.07750000000002,2.6763990267640203,12.675789952844852,13.045670868897256,28.30181295780325,38.65639298526704,35.07750000000002,31.498607014733008,-0.3585720457789918,0.389398618323768,-0.7479706641027598
2020-05-21,2449,46274456,1472737560,31.1,32.35,31.1,32.3,2.0,21867,32.24000000000001,34.290000000000006,34.975000000000016,12.132663802177712,8.243946222433289,37.55653734366733,41.001474230713846,38.743753109450935,34.975000000000016,31.206246890549096,-0.46565899347877604,0.21838709596325917,-0.6840460894420353
2020-05-22,2449,22698124,721484040,32.05,32.1,31.6,31.6,-0.7,11467,31.45000000000001,33.81500000000001,34.84000000000002,16.021921341070293,10.276994723337317,33.67991674892475,38.43540619900196,38.87950492015988,34.84000000000002,30.800495079840154,-0.6000928243720054,0.054691111896206235,-0.6547839362682116
2020-05-25,2449,19391160,601690052,31.65,31.8,30.35,31.1,-0.5,10181,31.27000000000001,33.280000000000015,34.63500000000002,20.09316816040872,16.082584434552217,31.012316688080233,36.670032560415365,38.984839077482555,34.63500000000002,30.285160922517484,-0.738465850577569,-0.10394028059854882,-0.6345255699790202
2020-05-26,2449,16965356,529950751,31.3,31.45,31.1,31.1,0.0,8161,31.280000000000012,32.77000000000002,34.38500000000002,14.771270310059629,16.962119937179523,31.012316688080237,36.67003256041536,38.93923978288308,34.38500000000002,29.83076021711696,-0.8384622004471325,-0.2508446645682656,-0.5876175358788669
2020-05-27,2449,19999748,618983886,31.15,31.3,30.8,30.8,-0.3,8336,31.380000000000013,32.19000000000001,34.13500000000002,10.830285660413557,15.231574710293943,29.12819840830938,35.534306419152145,38.89536763286146,34.13500000000002,29.37463236713858,-0.9311834181461123,-0.3869124152838349,-0.5442710028622774
2020-05-28,2449,27429862,843088206,31.0,31.1,30.5,30.5,-0.3,11899,31.020000000000017,31.630000000000013,33.87250000000002,8.365464543886368,11.322340171453158,27.20025733657157,34.38735306028983,38.82290149886812,33.87250000000002,28.92209850113191,-1.017148093914301,-0.5129595510099281,-0.5041885429043729
2020-05-29,2449,27643503,834829229,30.3,30.6,30.0,30.1,-0.4,11866,30.720000000000017,31.085000000000015,33.57750000000002,5.538287161305444,8.244679121868431,24.661161015439568,32.86419714417585,38.68626452774981,33.57750000000002,28.46873547225023,-1.1048167362521788,-0.6313309880583782,-0.4734857481938006
2020-06-01,2449,24754194,755989564,30.35,31.0,30.25,30.95,0.85,10185,30.690000000000015,30.98000000000001,33.36500000000002,16.388792550259463,10.097514751817066,38.819833662160164,39.04310952129245,38.53927289577901,33.36500000000002,28.190727104221036,-1.0931062225710058,-0.7236860349609037,-0.3694201876101021
2020-06-02,2449,21970031,679959057,31.05,31.15,30.7,31.1,0.15,9396,30.690000000000015,30.985000000000014,33.12250000000002,30.38520372688086,17.43742781281523,41.0988453327948,40.09097875856939,38.24377669629315,33.12250000000002,28.00122330370688,-1.0595084557544645,-0.7908505191196158,-0.2686579366348487
2020-06-03,2449,24196737,760413896,31.3,31.7,31.1,31.6,0.5,9496,30.850000000000016,31.115000000000016,32.905000000000015,54.47483958122259,33.74961195278761,48.55184700593844,43.57302461643205,37.895280553235025,32.905000000000015,27.914719446765005,-0.9812252087528499,-0.8289254570462626,-0.15229975170658727
2020-06-04,2449,22329216,702504044,31.8,31.9,31.15,31.4,-0.2,9767,31.03000000000002,31.025000000000013,32.65750000000001,65.56106578503,50.14036969771112,45.84475010954996,42.50872234608221,37.425861878045424,32.65750000000001,27.889138121954602,-0.924664542768646,-0.8480732741907393,-0.07659126857790666
2020-06-05,2449,22794296,725981522,31.5,32.15,31.4,31.95,0.55,9643,31.400000000000016,31.06000000000001,32.437500000000014,80.19078704513225,66.74223080379493,54.06237104321573,46.38696560644194,36.90033262065667,32.437500000000014,27.97466737934336,-0.8259384991312331,-0.843646319178838,0.01770782004760496
2020-06-08,2449,40358263,1328733879,32.9,33.2,32.5,33.0,1.05,18687,31.810000000000013,31.250000000000007,32.265000000000015,86.04396164830682,77.26527149282299,65.66618988538609,52.91690806399415,36.34435043848861,32.265000000000015,28.18564956151142,-0.6554159464337594,-0.8060002446298223,0.1505842981960629
2020-06-09,2449,21068927,689900486,33.1,33.25,32.5,32.75,-0.25,10692,32.140000000000015,31.415000000000003,32.092500000000015,89.68768634466308,85.30747834603402,61.360722272474845,51.314352085158134,35.76295978046301,32.092500000000015,28.422040219537024,-0.5342895482071519,-0.7516581053452882,0.2173685571381363
2020-06-10,2449,13760402,449937281,32.95,32.95,32.4,32.9,0.15,6296,32.40000000000002,31.625,31.90750000000001,89.19871794871791,88.31012198056256,63.056297141449136,52.24876596668735,34.97381293249697,31.90750000000001,28.84118706750305,-0.4213353667110127,-0.6855935576184331,0.2642581909074204
2020-06-11,2449,33130100,1074882400,33.0,33.05,31.75,31.8,-1.1,13660,32.48000000000002,31.755000000000003,31.692500000000006,75.17094017094017,84.68578148810701,45.84458042693831,45.371613387473126,34.080862409685594,31.692500000000006,29.30413759031442,-0.41578624597516267,-0.631632095289779,0.21584584931461637
2020-06-12,2449,18660678,586926639,30.6,32.1,30.6,32.0,0.2,8596,32.49000000000002,31.945,31.515000000000008,64.57587485889373,76.31517765951723,48.808572680445536,46.7441438343518,33.13398116110056,31.515000000000008,29.896018838899458,-0.39074592350718973,-0.5834548609332612,0.19270893742607142
2020-06-15,2449,13025861,415217926,32.3,32.3,31.5,31.7,-0.3,5967,32.23000000000002,32.019999999999996,31.50000000000001,48.66876310272536,62.80519271085305,44.54232495271552,44.920967573056494,33.10623784042018,31.50000000000001,29.89376215957984,-0.3906061161774943,-0.5448851119821078,0.15427899580461346
2020-06-16,2449,16159265,521333872,32.2,32.45,31.9,32.45,0.75,7019,32.170000000000016,32.154999999999994,31.570000000000014,54.71698113207549,55.98720636456483,55.80847951432462,50.1551235861728,33.21328938413054,31.570000000000014,29.92671061586949,-0.32621616893995764,-0.5011513233736777,0.1749351544337201
2020-06-17,2449,20488590,670939251,32.7,33.0,32.3,32.75,0.3,9191,32.140000000000015,32.269999999999996,31.692500000000017,64.15094339622644,55.845562543675726,59.6351749779008,52.11532882326504,33.30379606217971,31.692500000000017,30.081203937820323,-0.24811901746964082,-0.4505448621928704,0.20242584472322955
2020-06-18,2449,15047396,493607595,32.8,33.0,32.55,32.75,0.0,7173,32.33000000000001,32.404999999999994,31.71500000000002,77.35849056603777,65.40880503144653,59.6351749779008,52.11532882326504,33.37153252307163,31.71500000000002,30.058467476928417,-0.18410422338354948,-0.3972567344310062,0.2131525110474567
2020-06-19,2449,21025444,693591676,32.9,33.2,32.7,33.2,0.45,8233,32.570000000000014,32.529999999999994,31.795000000000023,86.79245283018872,76.1006289308176,65.69935496164796,55.18151696938336,33.57176672638648,31.795000000000023,30.018233273613568,-0.0959546927077426,-0.33699632608635344,0.24104163337861084
2020-06-22,2449,22050168,734590555,33.3,33.7,33.0,33.0,-0.2,9075,32.83000000000002,32.529999999999994,31.890000000000022,85.55487928585922,83.23527422736187,60.95129477360008,53.54059602737353,33.71060429528064,31.890000000000022,30.0693957047194,-0.04175258528130854,-0.27794757792534447,0.23619499264403593
2020-06-23,2449,17605550,583366617,33.3,33.4,32.75,33.05,0.05,6630,32.950000000000024,32.559999999999995,31.98750000000002,84.85494015013184,85.73409075539321,61.75739560508542,53.90959844053362,33.83706075866538,31.98750000000002,30.137939241334657,0.005177870226937387,-0.2213224882948881,0.22650035852182548
2020-06-24,2449,26232753,883599316,33.5,33.9,33.35,33.6,0.55,10301,33.12000000000002,32.63,32.12750000000002,82.45356793743885,84.28779579114325,69.76688895258437,57.87321185497437,34.01971431132821,32.12750000000002,30.235285688671834,0.08576238243166756,-0.15990551414957696,0.24566789658124452
2020-06-29,2449,24894264,835254464,33.4,34.0,33.1,33.4,-0.2,10616,33.25000000000002,32.79,32.27250000000002,81.98044965786897,83.09631924847984,64.07374953630259,55.98771618411371,34.086466647982924,32.27250000000002,30.45853335201712,0.1319666312253247,-0.10153108507459663,0.23349771629992133
2020-06-30,2449,23017377,782706934,33.65,34.45,33.5,34.35,0.95,10325,33.480000000000025,33.025,32.48500000000002,87.66250742721331,84.032175007507,75.26102909686378,62.27490606606021,34.22543098110622,32.48500000000002,30.74456901889382,0.24244612379898456,-0.03273564329988039,0.27518176709886494
2020-07-01,2449,28746894,1003182540,34.65,35.2,34.5,34.95,0.6,13297,33.870000000000026,33.35,32.68500000000002,87.81924723912552,85.8207347747359,79.87800898750828,65.61573855768214,34.58581561441293,32.68500000000002,30.784184385587103,0.37410445987465124,0.04863237733502594,0.3254720825396253
2020-07-02,2449,20368969,712884380,35.05,35.4,34.55,35.4,0.45,8940,34.340000000000025,33.644999999999996,32.90000000000002,95.81924723912554,90.43366730182142,82.70265401867199,67.91097208296826,34.997617696339155,32.90000000000002,30.802382303660888,0.5088897150920602,0.1406838448864328,0.36820587020562734
2020-07-03,2449,44205574,1596771196,36.35,36.4,35.65,36.2,0.8,18838,34.86000000000003,33.989999999999995,33.13000000000002,95.32463497980746,92.9877098193528,86.60315035186932,71.54722412359227,35.58528002476189,33.13000000000002,30.674719975238137,0.6725090493496637,0.24704888577907896,0.42546016357058475
2020-07-06,2449,33438199,1225177751,36.25,37.1,36.2,37.1,0.9,15230,35.60000000000002,34.425,33.41500000000002,98.19819819819826,96.44736013904372,89.66264199280032,74.98192216236555,36.28851700882289,33.41500000000002,30.541482991177148,0.8648317864534931,0.3706054659139618,0.4942263205395313
2020-07-07,2449,50448738,1896663183,38.0,38.15,36.65,37.8,0.7,21532,36.29000000000002,34.885000000000005,33.70750000000002,96.03770437103775,96.52017918301446,91.43711372040646,77.27926835681674,37.07369592418432,33.70750000000002,30.341304075815717,1.061496816532518,0.508783736037673,0.552713080494845
2020-07-08,2449,43421621,1685661576,38.2,39.3,38.05,38.95,1.15,17010,37.09000000000002,35.480000000000004,34.00500000000002,95.95778574273201,96.73122943732265,93.55693273103722,80.4546783772135,38.051467595322514,34.00500000000002,29.95853240467752,1.295220166975831,0.6660710222253046,0.6291491447505264
2020-07-09,2449,42911758,1692892823,39.9,39.9,38.5,39.55,0.6,18241,37.920000000000016,36.13,34.34500000000001,94.2420994682222,95.41252986066395,94.40068289360988,81.87775288878312,39.008249939687595,34.34500000000001,29.681750060312428,1.5114396561610377,0.8351447490124512,0.6762949071485865
2020-07-10,2449,44217711,1716608526,39.75,39.8,38.1,38.55,-1.0,17578,38.39000000000002,36.625,34.62750000000001,89.37134329538269,93.19040950211227,75.24159828175992,72.41443558960144,39.58183900737489,34.62750000000001,29.673160992625135,1.5838459265350764,0.9848849845169763,0.5989609420181001
2020-07-13,2449,35873429,1297591150,36.75,36.8,35.65,36.2,0.0,18023,38.21000000000002,36.905,34.84750000000002,68.4135575526507,84.0090001054185,48.3422749415829,56.02652110996357,39.6690635430838,34.84750000000002,30.025936456916234,1.4350605722522332,1.0749201020640275,0.3601404701882056
2020-07-14,2449,34357877,1206404621,35.7,35.9,34.7,34.75,-1.45,17094,37.60000000000002,36.945,34.98500000000002,38.042016412830314,65.27563908695454,38.44763666650847,48.70271945449157,39.627423935832844,34.98500000000002,30.342576064167197,1.186467367930888,1.0972295552373996,0.0892378126934883
2020-07-15,2449,22729447,783775270,34.85,35.25,34.0,34.1,-0.65,11802,36.630000000000024,36.86,35.10500000000002,12.30490483090943,39.58682626546345,34.72997817527515,45.81171033530442,39.52007644327875,35.10500000000002,30.68992355672129,0.926327764910674,1.0630491971720546,-0.13672143226138056
2020-07-16,2449,20116055,693928701,34.3,34.95,34.1,34.35,0.25,9246,35.590000000000025,36.75500000000001,35.20000000000002,3.7884788003590955,18.045133348032916,37.44417321913115,47.11207194197783,39.46157247973042,35.20000000000002,30.938427520269617,0.7319012637989886,0.9968196104974414,-0.2649183466984528
2020-07-17,2449,31670319,1103650135,34.95,35.4,34.45,34.85,0.5,11823,34.85000000000003,36.62000000000001,35.30500000000002,7.344632768361623,7.812672133210021,42.97708208988471,49.71129656420107,39.42093245814291,35.30500000000002,31.189067541857135,0.6111180932550866,0.9196793070489704,-0.3085612137938838
2020-07-20,2449,25394672,895728010,35.45,35.7,34.8,35.2,0.35,11292,34.65000000000002,36.43000000000001,35.42750000000002,13.559322033898354,8.230811200872994,46.81849673489366,51.5078551181898,39.37433100727582,35.42750000000002,31.480668992724226,0.5374433232477003,0.8432321102887164,-0.3057887870410161
2020-07-21,2449,21899043,772890671,35.45,35.6,35.0,35.45,0.25,8539,34.79000000000002,36.19500000000001,35.54000000000002,19.774011299435088,13.559322033898326,49.64533040565852,52.80481132576874,39.35242704848155,35.54000000000002,31.72757295151849,0.4935392348003447,0.773293535191042,-0.2797543003906974
2020-07-22,2449,11593745,411101841,35.5,35.6,35.3,35.4,-0.05,6010,35.050000000000026,35.84,35.66000000000002,23.017728423923682,18.783687252419014,49.0371372338602,52.502365587776886,39.29188656210441,35.66000000000002,32.02811343789563,0.44952846197349317,0.7085405205475322,-0.2590120585740391
2020-07-23,2449,33727384,1217544345,35.65,36.6,35.6,36.45,1.05,14372,35.47000000000003,35.53,35.83000000000003,45.40473407364124,29.398824598999976,60.80213047313805,57.949289291940445,39.270552281246765,35.83000000000003,32.38944771875329,0.4936849395368057,0.6655694043453869,-0.17188446480858122
2020-07-24,2449,69906889,2586015881,36.95,37.5,36.1,36.75,0.3,34278,35.85000000000003,35.35,35.987500000000026,63.403119868637184,43.941860788734004,63.60293605338009,59.3824971169702,39.290964090919104,35.987500000000026,32.68403590908095,0.5465860551258785,0.6417727345014852,-0.09518667937560665
2020-07-27,2449,37268057,1343791217,36.85,37.25,35.5,35.5,-1.25,17021,35.910000000000025,35.28,36.09250000000002,69.64285714285721,59.48357036171185,47.20626488875407,51.50546550008169,39.18721727303051,36.09250000000002,32.99778272696953,0.4820887974805501,0.6098359470972982,-0.12774714961674805
2020-07-28,2449,27879361,985967182,35.5,36.5,34.5,34.8,-0.7,11991,35.78000000000003,35.285000000000004,36.11500000000002,47.33893557422966,60.12830419524132,40.40153078104755,47.690352749574174,39.1649344255234,36.11500000000002,33.06506557447665,0.37022241274440404,0.5619132402267193,-0.19169082748231525
2020-07-29,2449,11944952,417348712,34.95,35.3,34.7,34.85,0.05,5274,35.67000000000003,35.36,36.11000000000002,25.52004408320701,47.50061226676459,41.1089543750469,47.98671643031815,39.16787507920018,36.11000000000002,33.05212492079986,0.282347354472563,0.5060000630758881,-0.2236527086033251
2020-07-30,2449,12517323,439740222,35.15,35.45,34.9,35.4,0.55,4991,35.46000000000003,35.464999999999996,36.11000000000002,21.23432979749271,31.364436484976423,48.89391659692959,51.25804030577933,39.16787507920018,36.11000000000002,33.05212492079986,0.25415638455049105,0.4556313273708087,-0.20147494282031764
2020-07-31,2449,11088943,392386360,35.55,35.7,35.15,35.5,0.1,4391,35.21000000000003,35.529999999999994,36.07500000000002,25.48269581056465,24.079023230421416,50.28788704489317,51.85099104969926,39.14395747771037,36.07500000000002,33.00604252228966,0.23715028122635573,0.4119351181419181,-0.17478483691556235
2020-08-03,2449,17774148,630220228,35.6,35.75,35.1,35.45,-0.05,8015,35.20000000000003,35.55499999999999,35.99250000000002,31.666666666666696,26.12789742490798,49.50028745308337,51.51355471938553,39.03540568371634,35.99250000000002,32.9495943162837,0.21713523980458405,0.3729751424744513,-0.15583990266986725
2020-08-04,2449,22139523,783668411,35.6,35.75,35.15,35.3,-0.15,9696,35.30000000000003,35.54,35.86750000000002,30.555555555555568,29.234972677595604,46.92787261884328,50.452773645893444,38.80676436374704,35.86750000000002,32.928235636253,0.1870136519122525,0.33578284436201156,-0.14876919244975906
2020-08-05,2449,36257128,1296143789,35.6,36.2,35.5,35.7,0.4,15241,35.47000000000004,35.57,35.70500000000002,32.77777777777782,31.666666666666657,54.314221781234885,53.21923722645167,38.28160629510885,35.70500000000002,33.12839370489119,0.1931917394392073,0.3072646233774507,-0.11407288393824339
2020-08-06,2449,23853606,843057391,36.0,36.0,35.0,35.05,-0.65,11112,35.400000000000034,35.43,35.48000000000002,28.88888888888886,30.74074074074071,42.97507999863514,48.48200942027555,37.36822668130578,35.48000000000002,33.59177331869426,0.1439786542886594,0.2746074295596924,-0.130628775271033
2020-08-07,2449,20998615,725400394,35.05,35.05,34.3,34.45,-0.6,11443,35.19000000000003,35.2,35.27500000000002,22.272727272727362,27.979797979797976,35.0866109028513,44.54074412143203,36.58820219311227,35.27500000000002,33.96179780688777,0.055917363594765845,0.2308694163667071,-0.17495205277194126
2020-08-10,2449,45891090,1642710638,35.05,36.4,34.8,35.6,1.15,18345,35.220000000000034,35.21,35.24500000000002,29.574314574314684,26.911976911976932,53.977105945656355,52.509540079560466,36.49835549625603,35.24500000000002,33.991644503744006,0.07802413169960687,0.20030035943328706,-0.12227622773368019
2020-08-11,2449,19576549,698412560,35.75,36.0,35.5,35.65,0.05,8655,35.290000000000035,35.295,35.29000000000002,44.33621933621949,32.06108706108714,54.64658653226682,52.826912960175854,36.5336237373077,35.29000000000002,34.04637626269234,0.09844368925525515,0.1799290253976807,-0.08148533614242554
2020-08-12,2449,18867720,673705215,35.65,35.9,35.45,35.8,0.15,7335,35.31000000000004,35.39,35.375000000000014,65.87301587301592,46.594516594516655,56.843814693797256,53.82389351348913,36.5092398335434,35.375000000000014,34.24076016645663,0.12528586467059455,0.16900039325226346,-0.04371452858166891
2020-08-13,2449,17994154,637482973,36.0,36.05,35.05,35.5,-0.3,9195,35.400000000000034,35.4,35.43250000000002,64.28571428571432,58.1649831649832,51.070657153101386,51.48047625238943,36.46510592676719,35.43250000000002,34.39989407323285,0.12095667601114712,0.1593916498040402,-0.03843497379289307
2020-08-14,2449,23286755,834027744,35.65,36.0,35.5,35.8,0.3,9600,35.67000000000004,35.43,35.48000000000001,66.66666666666667,65.60846560846558,56.25405758365909,53.653555765098645,36.48816665288871,35.48000000000001,34.471833347111314,0.14011806180774755,0.15553693220478165,-0.015418870397034101
2020-08-17,2449,20045525,723948311,36.0,36.3,35.85,36.1,0.3,8869,35.77000000000004,35.495000000000005,35.52500000000001,71.42857142857149,67.46031746031746,61.06600759428957,55.78612130339333,36.55916633091394,35.52500000000001,34.490833669086086,0.17746538045970084,0.1599226218557655,0.017542758603935338
2020-08-18,2449,43513114,1506535422,36.0,36.05,34.0,34.45,-1.65,24267,35.530000000000044,35.410000000000004,35.47500000000001,58.63095238095244,65.57539682539682,35.79866255974639,43.83833620069172,36.610561535099336,35.47500000000001,34.33943846490068,0.07307977107920749,0.1425540517004539,-0.06947428062124641
2020-08-19,2449,41875204,1408524458,34.3,34.65,32.8,32.95,-1.5,20026,34.960000000000036,35.135000000000005,35.35250000000001,36.2103174603176,55.42328042328046,24.880085275763015,36.2396685339084,36.934737339970184,35.35250000000001,33.77026266002984,-0.1291947635759243,0.08820428864517826,-0.21739905222110256
2020-08-20,2449,35471629,1124994345,32.5,32.55,31.05,31.45,-1.5,15885,34.150000000000034,34.775,35.10250000000001,10.131100726895204,34.99079018938836,18.350407467520053,30.539032150297025,37.35160537769917,35.10250000000001,32.853394622300854,-0.4058577777521606,-0.010608124634289506,-0.3952496531178711
2020-08-21,2449,19024697,607616493,32.0,32.3,31.65,31.75,0.3,9036,33.34000000000003,34.505,34.85250000000001,8.325545171339604,18.222321119517417,23.06189614917519,32.815304159294136,37.40465105352236,34.85250000000001,32.30034894647767,-0.5940597657506075,-0.1272984528575531,-0.4667613128930544
2020-08-24,2449,23473566,729197038,31.65,31.7,30.85,31.2,-0.55,10303,32.36000000000003,34.065,34.63750000000002,9.077329065325268,9.177991654519973,20.52825871412194,30.821151914042836,37.62294385309699,34.63750000000002,31.65205614690304,-0.7786161977636326,-0.257562001838769,-0.5210541959248636
2020-08-25,2449,14331832,449401332,31.25,31.65,31.1,31.4,0.2,6360,31.75000000000003,33.64,34.467500000000015,9.949031600407716,9.11730194569081,24.067352669315596,32.429177926815015,37.767238626011896,34.467500000000015,31.16776137398813,-0.8983841579132772,-0.3857264330536706,-0.5126577248596066
2020-08-26,2449,15094654,470271147,31.4,31.45,31.05,31.2,-0.2,6854,31.400000000000027,33.17999999999999,34.28500000000002,7.645259938837881,8.890540201523569,22.878693425849026,31.637218876352502,37.87123758275923,34.28500000000002,30.698762417240808,-0.9979358741796531,-0.5081683212788671,-0.489767552900786
2020-08-27,2449,17597426,554402219,31.4,31.9,31.15,31.45,0.25,8102,31.400000000000027,32.77499999999999,34.08750000000002,9.174311926605466,8.922867821950302,28.060189151870947,33.81309204013093,37.83768332885134,34.08750000000002,30.3373166711487,-1.0446167245401554,-0.6154580019311248,-0.42915872260903065
2020-08-28,2449,7460309,233649817,31.4,31.5,31.1,31.5,0.05,3644,31.35000000000003,32.34499999999999,33.887500000000024,9.977064220183458,8.932212028542216,29.170568326604705,34.263735996107705,37.7402749739626,33.887500000000024,30.034725026037453,-1.065296972263738,-0.7054257959976474,-0.35987117626609055
2020-08-31,2449,14671538,461404792,31.5,31.8,31.2,31.2,-0.3,6331,31.35000000000003,31.85499999999999,33.675000000000026,10.906566875905327,10.01931434089803,26.326185821404763,32.81984656304273,37.627151312891726,33.675000000000026,29.722848687108325,-1.0932909330470153,-0.782998823407521,-0.3102921096394943
2020-09-01,2449,13766219,427198797,31.2,31.3,30.8,31.05,-0.15,7151,31.28000000000003,31.514999999999993,33.46250000000002,11.998746867167908,10.960792654418844,24.9093414534483,32.0916543728495,37.49844784406265,33.46250000000002,29.426552155937387,-1.1147301794379345,-0.8493450946136037,-0.26538508482433076
2020-09-02,2449,12686531,394477386,31.2,31.45,30.9,31.0,-0.05,6230,31.24000000000003,31.319999999999993,33.22750000000002,12.276524644945686,11.72727946267292,24.3986880681216,31.838071653390713,37.26228314163143,33.22750000000002,29.192716858368613,-1.1228124359614426,-0.9040385628831715,-0.21877387307827112
2020-09-03,2449,19066719,594133574,31.3,31.45,30.9,30.95,-0.05,8701,31.140000000000033,31.269999999999992,33.02250000000002,13.751803751803722,12.675691754639052,23.828770052769073,31.56942655233494,37.08260775718995,33.02250000000002,28.962392242810093,-1.1203377088962547,-0.9472983920857881,-0.17303931681046658
2020-09-04,2449,12315642,377827610,30.5,31.2,30.15,31.15,0.2,5489,31.070000000000032,31.20999999999999,32.85750000000002,28.037518037517998,18.021948811422416,31.31579946514924,33.96948345716658,36.940302346427295,32.85750000000002,28.774697653572755,-1.0896770229175914,-0.9757741182521488,-0.11390290466544262
2020-09-07,2449,13094614,408652555,31.2,31.4,30.9,31.4,0.25,5605,31.11000000000003,31.22999999999999,32.64750000000002,47.402597402597365,29.730639730639638,39.92684377270998,36.94646076785387,36.57349987264304,32.64750000000002,28.721500127357,-1.033294126234388,-0.9872781198485966,-0.0460160063857914
2020-09-08,2449,10109585,317622438,31.45,31.7,31.25,31.25,-0.15,4914,31.150000000000034,31.214999999999993,32.42750000000002,63.80952380952383,46.41654641654634,36.705560778708204,35.9006126394771,36.14334108917382,32.42750000000002,28.711658910826223,-0.9893098724086968,-0.9876844703606167,-0.001625402048080149
2020-09-09,2449,9248970,286235899,31.05,31.3,30.7,31.2,-0.05,4461,31.190000000000033,31.214999999999993,32.197500000000026,65.97402597402599,59.062049062049006,35.58894303622998,35.539477088379826,35.60667512017074,32.197500000000026,28.788324879829307,-0.9475636920904655,-0.9796603147065864,0.032096622616120896
2020-09-10,2449,14509858,448272748,31.35,31.4,30.75,30.8,-0.4,7713,31.160000000000032,31.149999999999995,31.962500000000023,55.29581529581534,61.69312169312167,27.718782543847865,32.70509455403007,35.06264112581867,31.962500000000023,28.862358874181375,-0.935966956033834,-0.970921642972036,0.03495468693820203
2020-09-11,2449,10411338,318373985,30.8,30.8,30.5,30.55,-0.25,4606,31.04000000000003,31.054999999999996,31.700000000000024,42.94558488106881,54.73847538363666,23.869814161129092,31.038926428803904,34.30557095470305,31.700000000000024,29.094429045296998,-0.9361579240118765,-0.9639688991800041,0.027810975168127583
2020-09-14,2449,10354752,319868553,30.6,31.05,30.6,31.0,0.45,4210,30.96000000000003,31.034999999999997,31.44500000000002,40.01303356142075,46.08481124610159,41.05751937027096,37.237098307081496,33.10478914323271,31.44500000000002,29.78521085676734,-0.8897416405301506,-0.9491234474500334,0.05938180691988282
2020-09-15,2449,16732877,526732490,31.15,31.7,31.05,31.55,0.55,6674,31.02000000000003,31.084999999999997,31.30000000000002,56.98924731182806,46.649288584772485,55.41171198360259,43.876640295512786,32.23112834775524,31.30000000000002,30.3688716522448,-0.7993614567136369,-0.9191710493027541,0.11980959258911716
2020-09-16,2449,12002363,378337315,31.75,31.85,31.35,31.35,-0.2,5541,31.050000000000033,31.119999999999997,31.220000000000017,71.9165085388995,56.30626313738272,50.222918322757515,42.13125430332836,31.765343928171966,31.220000000000017,30.674656071828068,-0.7353956550714855,-0.8824159704565003,0.1470203153850148
2020-09-17,2449,10308245,319864958,31.35,31.35,30.9,30.95,-0.4,4980,31.080000000000034,31.119999999999997,31.195000000000014,64.74804975753744,64.55126853608829,41.21717031534146,38.806375062213796,31.741717477308285,31.195000000000014,30.648282522691744,-0.7088082531573043,-0.8476944269966611,0.13888617383935675
2020-09-18,2449,8376570,259783706,31.0,31.3,30.8,31.3,0.35,3104,31.230000000000036,31.135,31.172500000000014,54.39360929557006,63.68605586400229,50.31252458220171,43.04201324137477,31.659814067100942,31.172500000000014,30.685185932899085,-0.6519798527612082,-0.8085515121495706,0.15657165938836237
2020-09-21,2449,16429880,504977207,31.3,31.3,30.5,30.5,-0.8,6932,31.130000000000035,31.045000000000005,31.13750000000001,30.86419753086416,50.00195219465718,35.61675790961855,36.776092673395524,31.70572090774214,31.13750000000001,30.56927909225788,-0.6638438712228272,-0.7796099839642219,0.1157661127413947
2020-09-22,2449,15077591,454203392,30.4,30.4,29.85,30.15,-0.35,6039,30.850000000000033,30.935000000000002,31.07500000000001,24.753086419753032,36.67029774872904,30.995690528276644,34.415560642843026,31.773927750196968,31.07500000000001,30.37607224980305,-0.6934940979808211,-0.7623868067675417,0.0688927087867206
2020-09-23,2449,16767017,500455042,30.3,30.35,29.7,29.75,-0.4,7281,30.530000000000037,30.790000000000003,31.00250000000001,5.775193798449571,20.46415924968888,26.424463131792397,31.89582605615004,31.905536544108962,31.00250000000001,30.099463455891055,-0.7407300978854501,-0.7580554649911233,0.01732536710567323
2020-09-24,2449,14893137,445928510,29.6,30.25,29.45,29.9,0.15,6623,30.320000000000032,30.7,30.925000000000004,12.025193798449555,14.18449133888401,30.883984608716762,33.85167255596311,31.922246208313982,30.925000000000004,29.927753791686026,-0.7573311793163064,-0.7579106078561599,0.0005794285398534882
2020-09-25,2449,14051648,423320335,30.2,30.5,29.9,30.5,0.6,5845,30.160000000000036,30.695,30.875000000000007,21.60852713178293,13.136304909560645,46.123221515474015,41.13400053142599,31.85198515853402,30.875000000000007,29.898014841465994,-0.7138439219835995,-0.7490972706816479,0.035253348698048415
2020-09-28,2449,10055401,308938144,30.75,30.9,30.6,30.65,0.15,4834,30.190000000000037,30.659999999999997,30.847500000000004,37.49999999999995,23.71124031007744,49.37862809664704,42.82855384399827,31.817280903089536,30.847500000000004,29.87771909691047,-0.6596719235379354,-0.7312122012529054,0.07154027771497007
2020-09-29,2449,6202686,188963845,30.8,30.8,30.35,30.4,-0.25,3007,30.240000000000038,30.544999999999995,30.815000000000005,47.9166666666666,35.675064599483115,44.187105907112304,40.7243937702202,31.798920728512424,30.815000000000005,29.831079271487585,-0.6296548657980203,-0.7109007341619284,0.08124586836390812
2020-09-30,2449,3934563,120032022,30.45,30.65,30.3,30.5,0.1,1725,30.390000000000036,30.45999999999999,30.790000000000003,52.252252252252184,45.88963963963953,46.79743375788317,41.952881175941044,31.77924213415988,30.790000000000003,29.800757865840126,-0.5909844659642083,-0.6869174805223844,0.09593301455817616
2020-10-05,2449,3710331,113386915,30.45,30.7,30.4,30.6,0.1,2242,30.530000000000037,30.424999999999994,30.7725,56.30630630630628,52.15840840840831,49.5501844871386,43.22016392175453,31.76218429309443,30.7725,29.782815706905573,-0.5459750704708881,-0.6587289985120852,0.1127539280411971
2020-10-06,2449,7135629,218057291,30.75,30.75,30.35,30.45,-0.15,3342,30.52000000000003,30.339999999999993,30.737500000000004,62.628145386766086,57.06223464844147,45.43609831068233,41.74784184042901,31.72079802196328,30.737500000000004,29.75420197803673,-0.5164551729137727,-0.6302742333924227,0.11381906047864998
2020-10-07,2449,9610843,290380652,30.35,30.45,30.05,30.1,-0.35,4393,30.410000000000032,30.299999999999994,30.672500000000007,58.65175520347941,59.195402298850546,37.05975879794217,38.4559788258307,31.6438264126937,30.672500000000007,29.701173587306315,-0.5153617469312621,-0.6072917361001906,0.09192998916892847
2020-10-08,2449,14833411,453207828,30.25,30.8,30.15,30.75,0.65,5943,30.48000000000003,30.359999999999996,30.647500000000008,67.81609195402307,63.03199751475614,55.02451118328055,46.83950520425909,31.58316821042301,30.647500000000008,29.711831789577005,-0.4567801539599934,-0.5771894196721512,0.12040926571215782
2020-10-12,2449,7165280,220087348,30.95,30.95,30.5,30.75,0.0,3041,30.53000000000003,30.459999999999997,30.625000000000007,71.81171319102361,66.09318678284198,55.024511183280545,46.8395052042591,31.527496537387446,30.625000000000007,29.72250346261257,-0.40567742266956586,-0.5428870202716342,0.1372095976020683
2020-10-13,2449,6896670,208677595,30.7,30.7,30.1,30.25,-0.5,3326,30.46000000000003,30.494999999999997,30.597500000000007,64.27659186279875,67.96813233594844,42.36425187430709,41.76410742905215,31.510448519905005,30.597500000000007,29.68455148009501,-0.4009026055882394,-0.5144901373349552,0.11358753174671576
2020-10-14,2449,4554324,138602675,30.3,30.65,30.3,30.45,0.2,2013,30.46000000000003,30.49,30.592500000000012,49.20634920634914,61.764884753390454,47.95270197429288,44.36115878281076,31.507527321993905,30.592500000000012,29.67747267800612,-0.37663854541810693,-0.48691981895158554,0.11028127353347861
2020-10-15,2449,5727173,174679326,30.45,30.7,30.25,30.55,0.1,2323,30.550000000000033,30.48,30.57000000000001,40.74074074074068,51.40789393662948,50.73895077383844,45.665878244426196,31.46576782705984,30.57000000000001,29.674232172940183,-0.34535885673303923,-0.4586076265078763,0.11324876977483705
2020-10-16,2449,4779401,145922105,30.65,30.75,30.3,30.3,-0.25,2198,30.460000000000036,30.470000000000006,30.50750000000001,42.59259259259256,44.179894179894085,43.88658834629179,42.954016552200706,31.288060695907287,30.50750000000001,29.726939304092735,-0.3368592846096021,-0.43425795812822143,0.0973986735186193
2020-10-19,2449,4718791,143831523,30.4,30.6,30.4,30.5,0.2,1707,30.410000000000036,30.470000000000006,30.46500000000001,44.444444444444436,42.59259259259252,50.16782893290882,45.73056765518649,31.143306715281298,30.46500000000001,29.786693284718723,-0.3104068074803017,-0.4094877279986375,0.09908092051833578
2020-10-20,2449,14461117,448195627,30.7,31.3,30.65,30.95,0.45,6463,30.550000000000033,30.505000000000003,30.46500000000001,49.925925925925846,45.65432098765424,61.48500167750912,51.455706056383576,31.143306715281298,30.46500000000001,29.786693284718723,-0.25024709682367074,-0.37763960176364414,0.1273925049399734
2020-10-21,2449,6971283,215870473,31.2,31.25,30.8,30.9,-0.05,3364,30.640000000000033,30.55,30.44500000000001,62.88888888888872,52.419753086419625,59.72667032278057,50.81426240533594,31.042411081246907,30.44500000000001,29.847588918753114,-0.20425020560466933,-0.3429617225318492,0.13871151692717987
2020-10-22,2449,9766627,302497474,30.9,31.15,30.7,31.15,0.25,2467,30.76000000000003,30.654999999999994,30.47750000000001,75.38888888888867,62.73456790123438,65.48454181984317,53.908145096803985,31.149418893912557,30.47750000000001,29.805581106087462,-0.14594209760568688,-0.3035577975466167,0.15761569994092983
2020-10-23,2449,5157768,160164925,31.2,31.2,30.9,31.1,-0.05,2358,30.920000000000034,30.689999999999998,30.525000000000013,79.1666666666665,72.48148148148125,63.37052460937468,53.187553247287454,31.23104532432105,30.525000000000013,29.818954675678974,-0.10258455318932391,-0.26336314867515814,0.16077859548583423
2020-10-26,2449,7081061,218079460,31.2,31.2,30.7,30.7,-0.4,3288,30.96000000000003,30.684999999999995,30.572500000000012,71.2301587301586,75.26190476190455,48.69766817771527,47.694906950733326,31.185260148831663,30.572500000000012,29.95973985116836,-0.09935474427976132,-0.23056146779607878,0.13120672351631746
2020-10-27,2449,8125042,246542482,30.3,30.45,30.2,30.35,-0.35,3654,30.840000000000032,30.695,30.595000000000017,46.6089466089466,65.66859066859053,39.38779305165577,43.4652376256539,31.13620236510513,30.595000000000017,30.053797634894902,-0.12361224733603393,-0.2091716237040698,0.08555937636803587
2020-10-28,2449,6410982,194968752,30.35,30.6,30.3,30.4,0.05,2607,30.74000000000003,30.689999999999998,30.590000000000014,24.891774891774833,47.57696007695997,41.25943411672556,44.22617943767402,31.136443043689326,30.590000000000014,30.043556956310702,-0.13722012298027764,-0.19478132355931138,0.057561200579033744
2020-10-29,2449,6955374,209507328,30.0,30.35,29.9,30.25,-0.15,2864,30.56000000000003,30.659999999999997,30.570000000000014,18.939393939393934,30.146705146705077,37.235191933651606,42.38313871665927,31.135154846034062,30.570000000000014,30.004845153965967,-0.1582836138926602,-0.18748178162598114,0.02919816773332093
2020-10-30,2449,7249252,218134716,30.3,30.4,29.95,29.95,-0.3,3023,30.33000000000003,30.624999999999993,30.54750000000002,15.584415584415538,19.805194805194724,30.332145978006753,38.892270280485214,31.17077762673973,30.54750000000002,29.92422237326031,-0.19691417100187536,-0.18936825950115999,-0.007545911500715374
2020-11-02,2449,6659778,199583539,30.15,30.2,29.8,30.05,0.1,3283,30.200000000000028,30.579999999999995,30.525000000000016,15.27093596059112,16.59824849480015,35.01716498523503,40.647142218024676,31.184924238072117,30.525000000000016,29.865075761927915,-0.21695903288514273,-0.19488641417795655,-0.022072618707186187
2020-11-03,2449,4722219,142935208,30.2,30.45,30.1,30.25,0.2,2271,30.180000000000028,30.509999999999998,30.507500000000014,17.651888341543472,16.16907996218333,43.83078045692632,44.10447361025069,31.177033419625687,30.507500000000014,29.837966580374342,-0.21423681318815824,-0.1987564939799969,-0.015480319208161342
2020-11-04,2449,17059811,528881998,30.5,31.35,30.45,31.05,0.8,7576,30.31000000000003,30.525,30.537500000000012,43.343132581174785,25.421985627769743,65.60238866419982,55.31664698123646,31.246636799211586,30.537500000000012,29.828363200788438,-0.14584491099606822,-0.18817417738321116,0.04232926638714293
2020-11-05,2449,30427479,964487023,31.4,31.95,31.15,31.9,0.85,13397,30.640000000000033,30.6,30.62750000000001,70.15414567927688,43.71638886733166,76.76577647788383,63.657979671351804,31.523867670098298,30.62750000000001,29.73113232990172,-0.022793193768691822,-0.15509798066030728,0.13230478689161546
2020-11-06,2449,26707706,853660407,32.4,32.55,31.5,31.85,-0.05,11011,31.02000000000003,30.675,30.68250000000001,84.28834481347606,65.92854102464253,75.09327450759683,62.91398022606538,31.725224795905756,30.68250000000001,29.639775204094267,0.06988599430140141,-0.11010118566796553,0.17998717996936694
2020-11-09,2449,13982695,446416425,32.15,32.25,31.7,31.95,0.1,6341,31.400000000000034,30.8,30.742500000000014,83.46723044397463,79.30324031224247,76.2981918486279,63.82462189473137,31.922870704480715,30.742500000000014,29.562129295519313,0.14967868017624752,-0.05814521249912291,0.20782389267537044
2020-11-10,2449,14573631,466398848,32.1,32.2,31.65,32.15,0.2,6197,31.780000000000037,30.979999999999997,30.837500000000013,79.39393939393942,82.38317155046332,78.70228065095233,65.64173991399352,32.14320861986785,30.837500000000013,29.531791380132177,0.22644299326706374,-0.0012275713458855808,0.22767056461294932
2020-11-11,2449,12742820,412363186,32.15,32.5,32.1,32.35,0.2,6496,32.040000000000035,31.175,30.93250000000001,85.45454545454548,82.77190509748647,80.95588008153798,67.40495897218672,32.38035185706192,30.93250000000001,29.48464814293811,0.29995984263147335,0.05900991144958621,0.24094993118188715
2020-11-12,2449,10777949,348666635,32.6,32.7,32.1,32.15,-0.2,4319,32.09000000000004,31.365,31.01250000000001,86.40543364681291,83.75130616509922,72.06007745293358,63.874837882587485,32.54151111833692,31.01250000000001,29.4834888816631,0.33818575204653456,0.11484507956897588,0.22334067247755868
2020-11-13,2449,6923470,222088833,32.15,32.25,31.85,32.15,0.0,3045,32.15000000000004,31.584999999999997,31.10500000000001,84.20263644401564,85.3542051817913,72.06007745293358,63.87483788258748,32.673725597419065,31.10500000000001,29.536274402580958,0.36428085769027874,0.16473223519323646,0.19954862249704228
2020-11-16,2449,12841148,417065077,32.5,32.6,32.35,32.5,0.35,5064,32.26000000000004,31.829999999999995,31.205000000000013,83.66391590529501,84.75732866537447,77.85601975542058,67.34575914052115,32.85935788147462,31.205000000000013,29.550642118525406,0.40849462014404025,0.2134847121833972,0.19500990796064305
2020-11-17,2449,11498286,376245080,32.75,33.0,32.5,32.55,0.05,5128,32.340000000000046,32.059999999999995,31.285000000000007,81.87764687764668,83.24806640898572,78.59603692856308,67.82141035007145,33.034314151317126,31.285000000000007,29.53568584868289,0.4424684269651422,0.2592814551397462,0.183186971825396
2020-11-18,2449,8110651,263249933,32.55,32.6,32.25,32.5,-0.05,4065,32.37000000000005,32.205,31.36500000000001,77.81781781781768,81.1197935335864,75.64670979719024,66.77394246721063,33.181617736343476,31.36500000000001,29.548382263656542,0.4600551026572859,0.29943618464325417,0.16061891801403172
2020-11-19,2449,6718990,218154371,32.5,32.65,32.3,32.35,-0.15,4415,32.41000000000004,32.25,31.42500000000001,64.73139806473135,74.80895425339851,66.86481929869895,63.60043222627348,33.28792780321654,31.42500000000001,29.56207219678348,0.4566252320154369,0.3308739941176907,0.12575123789774623
2020-11-20,2449,7468144,241895680,32.3,32.5,32.2,32.5,0.15,3912,32.48000000000004,32.315,31.49500000000001,60.493827160493844,67.68101434768091,70.81730381759391,65.37272662346166,33.408347851279956,31.49500000000001,29.581652148720067,0.46070011704515323,0.3568392187031832,0.10386089834197004
2020-11-23,2449,32623330,1095122728,32.7,34.0,32.65,33.9,1.4,13868,32.76000000000004,32.51,31.65500000000001,70.05455067470571,65.09325863331026,87.30561319733638,76.750806705365,33.797171795164424,31.65500000000001,29.512828204835596,0.5703234586833048,0.3995360666992075,0.17078739198409731
2020-11-24,2449,26660566,905913560,33.95,34.6,33.5,33.9,0.0,11771,33.030000000000044,32.684999999999995,31.832500000000003,77.61908490590652,69.38915424703531,87.30561319733637,76.750806705365,34.0975110375004,31.832500000000003,29.567488962499606,0.6497112795259206,0.44957110926455013,0.20014017026137043
2020-11-25,2449,13568669,458410171,34.2,34.4,33.35,33.7,-0.2,6452,33.27000000000005,32.81999999999999,31.99750000000001,79.05567300916128,75.5764361965911,78.66350773843,72.78818246149832,34.30151280378315,31.99750000000001,29.69348719621687,0.6885511815590135,0.4973671237234428,0.1911840578355707
2020-11-26,2449,15598740,532711572,34.1,34.4,34.0,34.2,0.5,6608,33.64000000000006,33.02499999999999,32.19500000000001,75.05050505050498,77.24175432185753,83.44354725459229,76.10909364962974,34.542743597584035,32.19500000000001,29.84725640241598,0.751020607008769,0.548097820380508,0.20292278662826102
2020-11-27,2449,22111736,767936444,34.6,34.95,34.35,34.9,0.7,10570,34.120000000000054,33.3,32.44250000000001,82.92929292929284,79.01182366298632,87.87887875609228,79.82183069769222,34.83462771398111,32.44250000000001,30.05037228601891,0.8472457055006473,0.6079273974045358,0.23931830809611143
2020-11-30,2449,32064716,1141312194,35.2,35.9,35.2,35.4,0.5,13032,34.42000000000006,33.58999999999999,32.71000000000001,89.33387933387922,82.43789243789229,90.09099353325115,81.97639683656863,35.167763210725695,32.71000000000001,30.252236789274324,0.9528665581025351,0.6769152295441356,0.27595132855839943
2020-12-01,2449,16673108,590450653,35.7,35.85,35.0,35.55,0.15,7707,34.75000000000006,33.88999999999999,32.97500000000001,91.73628173628158,87.99981799981782,90.68593233517979,82.5774270420228,35.45743831746081,32.97500000000001,30.492561682539204,1.0367248721569737,0.7488771580667033,0.28784771409027043
2020-12-02,2449,13480712,478140353,35.85,35.85,35.3,35.45,-0.1,5648,35.10000000000006,34.18499999999999,33.19500000000001,88.28828828828823,89.78614978614962,86.64002188068436,80.64663996258037,35.73525589262136,33.19500000000001,30.654744107378654,1.0826340940269006,0.8156285452587427,0.26700554876815785
2020-12-03,2449,18301108,640941404,35.5,35.5,34.65,34.9,-0.55,8195,35.24000000000006,34.43999999999998,33.34500000000001,82.53638253638248,87.52031752031736,67.35722556811741,70.83645434544053,35.91577809232841,33.34500000000001,30.774221907671617,1.0623905032523169,0.8649809368574576,0.1974095663948593
2020-12-04,2449,23133772,820889239,35.05,35.75,35.05,35.6,0.7,10403,35.38000000000006,34.749999999999986,33.53250000000001,81.76796706208471,84.19754596225175,75.4652526515593,75.00400929943318,36.18547474544999,33.53250000000001,30.879525254550042,1.0902635816682178,0.9100374658196096,0.18022611584860815
2020-12-07,2449,27421129,981463364,36.0,36.4,35.3,35.95,0.35,11287,35.49000000000005,34.95499999999999,33.73250000000001,80.90398832925352,81.73611264257352,78.5702549436113,76.78996810186824,36.47954841602694,33.73250000000001,30.98545158397308,1.1275970353368763,0.953549379723063,0.1740476556138133
2020-12-08,2449,20811805,747563142,36.0,36.25,35.6,35.95,0.0,9205,35.57000000000005,35.15999999999999,33.922500000000014,84.91039858566383,82.5274513256673,78.57025494361129,76.78996810186824,36.73043073276291,33.922500000000014,31.114569267237115,1.1439967835349805,0.9916388604854465,0.152357923049534
2020-12-09,2449,18289068,662289420,36.1,36.5,36.0,36.15,0.2,8329,35.71000000000005,35.40499999999999,34.11250000000001,83.40561062396746,83.07333251296154,80.49060204080641,77.83930692033898,36.98266985560007,34.11250000000001,31.242330144399954,1.159763004675547,1.0252636893234666,0.13449931535208037
2020-12-10,2449,17224899,619305249,36.3,36.3,35.5,35.8,-0.35,7807,35.89000000000006,35.56499999999999,34.29500000000001,75.71103079824003,81.34234666929036,68.04190176186641,71.72777488764882,37.10638755777193,34.29500000000001,31.483612442228083,1.1309785567979205,1.0464066628183573,0.08457189397956322
2020-12-11,2449,17941384,632314879,35.85,36.0,34.6,35.35,-0.45,7830,35.84000000000005,35.61,34.45500000000001,61.78559220174875,73.63407787465202,55.22924479880865,64.69464527850573,37.120314240384005,34.45500000000001,31.78968575961602,1.0596405585257287,1.0490534419598316,0.010587116565897059
2020-12-14,2449,7474384,264708178,35.55,35.7,35.05,35.45,0.1,3463,35.74000000000005,35.614999999999995,34.60250000000001,48.79089615931715,62.09583971976858,57.31321030179999,65.50411520907005,37.142278533650966,34.60250000000001,32.06272146634906,0.9996504965344002,1.0391728528747453,-0.039522356340345066
2020-12-15,2449,11044481,385527594,35.5,35.6,34.6,34.7,-0.75,5068,35.49000000000005,35.529999999999994,34.71000000000002,29.82456140350877,46.80034992152483,40.72593040265715,55.269100232253244,37.0687284710183,34.71000000000002,32.35127152898175,0.8814286474353921,1.0076240117868747,-0.1261953643514826
2020-12-16,2449,8421803,295757892,35.0,35.3,34.9,35.05,0.35,4338,35.27000000000005,35.489999999999995,34.83750000000002,24.56140350877185,34.392287023865855,48.79440482742956,58.52588104661396,36.96937124376507,34.83750000000002,32.70562875623497,0.8066801485978701,0.9674352391490737,-0.16075509055120363
2020-12-17,2449,6521390,226736350,35.1,35.1,34.65,34.75,-0.3,3224,35.060000000000045,35.475,34.95750000000002,12.280701754385829,22.222222222222083,42.948228192153955,54.840199433673206,36.760629224429685,34.95750000000002,33.15437077557035,0.714991949809523,0.9169465812811636,-0.2019546314716406
2020-12-18,2449,23348330,795366786,34.75,34.85,33.8,34.0,-0.75,10519,34.79000000000005,35.315,35.03250000000001,12.99545159194269,16.612518951700057,31.826399221002838,46.89005075489579,36.5171801002215,35.03250000000001,33.547819899778524,0.575179350191199,0.8485931350631707,-0.27341378487197165
2020-12-21,2449,12039255,408728137,34.0,34.2,33.6,34.2,0.2,5678,34.54000000000004,35.14,35.04750000000002,11.997266473975449,12.424473273434588,36.90930212458539,49.01276297079371,36.49161737749801,35.04750000000002,33.60338262250203,0.4750392296903314,0.7738823539886028,-0.2988431242982714
2020-12-22,2449,10240540,349540481,34.2,34.6,33.65,33.65,-0.55,4955,34.33000000000005,34.91,35.03500000000002,9.982971477224298,11.65856318104741,29.784598354250548,43.825273319645206,36.52231301345528,35.03500000000002,33.547686986544754,0.34729367397380884,0.6885646179856441,-0.3412709440118352
2020-12-23,2449,10446091,351985941,33.7,34.0,33.55,33.55,-0.1,4742,34.03000000000005,34.65,35.02750000000002,7.513835674755131,9.831357875318224,28.613000724661674,42.93548555322049,36.542912485098654,35.02750000000002,33.51208751490138,0.2352731539796764,0.5979063251844505,-0.3626331712047741
2020-12-24,2449,8041046,272437629,33.65,34.1,33.65,33.7,0.15,3306,33.82000000000005,34.44,35.00250000000001,2.942865345966099,6.813224165981775,33.21061199794055,44.747613186941145,36.586632254578014,35.00250000000001,33.41836774542201,0.1567924257337978,0.50968354529432,-0.3528911195605222
2020-12-25,2449,12228942,420913251,34.0,34.7,33.95,34.6,0.9,5813,33.94000000000005,34.364999999999995,34.98750000000002,19.3987521270562,9.951817715925742,53.96465012640645,54.15466868548391,36.58088476206878,34.98750000000002,33.39411523793126,0.16531273920800515,0.44080938407705705,-0.2754966448690519
2020-12-28,2449,15048775,526748899,35.3,35.3,34.7,35.0,0.4,7206,34.100000000000044,34.32,34.967500000000015,47.01779974610387,23.119805739708653,60.35276000358329,57.609106642636995,36.54967413706413,34.967500000000015,33.3853258629359,0.20201312453158238,0.39305013216796214,-0.19103700763637976
2020-12-29,2449,9952499,343942327,35.0,35.0,34.4,34.45,-0.55,4979,34.26000000000005,34.295,34.91250000000002,61.83507549361221,42.7505424555907,49.36416406650183,51.826525241201274,36.486309073551226,34.91250000000002,33.33869092644882,0.1845901999328916,0.35135814572094803,-0.16676794578805643
2020-12-30,2449,4658289,161195097,34.7,34.8,34.5,34.6,0.15,2403,34.47000000000004,34.25,34.87000000000002,64.76190476190493,57.87159333387361,52.13697688844029,53.2060625727919,36.429294712360075,34.87000000000002,33.31070528763996,0.18080198037627326,0.3172469126520131,-0.13644493227573984
2020-12-31,2449,7446999,258811188,34.65,34.95,34.6,34.75,0.15,3004,34.68000000000004,34.25,34.862500000000026,60.00000000000017,62.198993418505715,55.01115826713232,54.60599998876581,36.42258813853337,34.862500000000026,33.30241186146668,0.1877393926281954,0.29134540864724956,-0.10360601601905417
2021-01-04,2449,7908385,276100373,35.0,35.1,34.8,34.95,0.2,3644,34.75000000000004,34.345,34.83000000000003,69.52380952380969,64.76190476190487,58.85460452349071,56.475709557911955,36.35394225612124,34.83000000000003,33.30605774387881,0.2069896228241106,0.2744742514826218,-0.06748462865851118
2021-01-05,2449,9941277,347068554,34.95,35.15,34.5,35.1,0.15,5159,34.770000000000046,34.435,34.78750000000002,79.04761904761922,69.52380952380963,61.71638915135601,57.877039903688086,36.22933043385553,34.78750000000002,33.345669566144515,0.231678667874192,0.2659151347609358,-0.03423646688674381
2021-01-06,2449,22754986,798613830,35.2,35.6,34.6,34.7,-0.4,9466,34.820000000000036,34.540000000000006,34.72500000000002,74.1391941391943,74.23687423687434,50.73746068864443,52.97854903905659,36.06458948935588,34.72500000000002,33.385410510644164,0.21647289213993304,0.25602668623673525,-0.03955379409680221
2021-01-07,2449,17349890,614006994,35.3,35.65,35.1,35.15,0.45,7852,34.93000000000004,34.7,34.675000000000026,71.00193923723339,74.72958414134891,60.06230787274131,57.351704129164325,35.86432754108855,34.675000000000026,33.4856724589115,0.23799004343486274,0.25241935767636076,-0.014429314241498015
2021-01-08,2449,15202717,538507655,35.75,35.8,35.25,35.5,0.35,6506,35.08000000000004,34.88,34.660000000000025,67.66860590390003,70.93657976010917,65.91655134636298,60.43391367683727,35.79868345030234,34.660000000000025,33.52131654969771,0.28005630107693236,0.2579467463564751,0.02210955472045728
2021-01-11,2449,16362898,585569114,35.5,36.0,35.5,35.95,0.45,7327,35.280000000000044,35.015,34.690000000000026,82.01155462184876,73.560699920994,72.05992165388044,64.03301192893241,35.92717419953373,34.690000000000026,33.45282580046632,0.34572010633979033,0.27550141835313813,0.0702186879866522
2021-01-12,2449,31706182,1148444070,36.1,36.8,35.65,35.75,-0.2,13530,35.41000000000004,35.089999999999996,34.70500000000003,76.59808488612843,75.42608180395901,65.9008085741815,61.361431481536435,35.98519529759791,34.70500000000003,33.42480470240214,0.37727186138801017,0.29585550696011254,0.08141635442789763
2021-01-13,2449,26080794,944306538,36.1,36.5,35.7,36.4,0.65,10797,35.75000000000004,35.285,34.79000000000002,77.94384057971017,78.85116002922906,74.24691334002242,66.28475812108535,36.268039241696,34.79000000000002,33.31196075830404,0.4495443548145275,0.3265932765309955,0.12295107828353197
2021-01-14,2449,17762112,647271429,36.7,36.7,36.1,36.4,0.0,7517,36.00000000000004,35.46499999999999,34.85750000000002,73.18840579710142,75.91011042097996,74.24691334002242,66.28475812108535,36.49190356093362,34.85750000000002,33.223096439066424,0.501045090635138,0.36148363935182404,0.139561451283314
2021-01-15,2449,23460402,853249888,36.6,36.7,35.8,36.2,-0.2,9060,36.14000000000004,35.60999999999999,34.93000000000002,79.71014492753625,76.9474637681159,67.34376274690493,63.40188329390807,36.66447398365975,34.93000000000002,33.195526016340295,0.5197303384645622,0.3931329791743717,0.1265973592901905
2021-01-18,2449,34073755,1249606834,36.45,37.15,35.6,37.0,0.8,14785,36.350000000000044,35.81499999999999,35.08000000000003,83.54646206308614,78.81500426257456,77.22536153420522,69.17667439824758,36.9779989462565,35.08000000000003,33.182001053743555,0.5922645886048272,0.43295930106046276,0.15930528754436446
2021-01-19,2449,100774331,3909914563,37.6,39.75,37.6,38.3,1.3,45110,36.86000000000005,36.13499999999999,35.28500000000002,78.94929827938655,80.73530175666959,85.52767996876082,75.846273549604,37.598676727633546,35.28500000000002,32.97132327236649,0.7460476667648095,0.4955769742013321,0.25047069256347737
2021-01-20,2449,76867440,2979593849,38.9,39.6,37.5,39.0,0.7,34160,37.380000000000045,36.56499999999999,35.55250000000002,82.08939489774397,81.52838508007217,88.22438260107661,78.53909546434367,38.25295829443673,35.55250000000002,32.852041705563316,0.9138714725395616,0.579235873868978,0.33463559867058357
2021-01-21,2449,102353692,4069269551,39.5,40.9,38.55,39.0,0.0,40868,37.90000000000005,36.949999999999996,35.825000000000024,72.32178414974106,77.78682577562381,88.22438260107663,78.53909546434369,38.75254163078713,35.825000000000024,32.89745836921292,1.0349428705392683,0.6703772732030361,0.36456559733623217
2021-01-22,2449,86069624,3479500225,39.3,41.25,39.0,41.2,2.2,35100,38.90000000000005,37.519999999999996,36.200000000000024,82.42106413197854,78.94408105982114,93.44743551144771,84.74017244744891,39.78928962330874,36.200000000000024,32.61071037669131,1.2935037336952888,0.7950025653014866,0.4985011683938022
2021-01-25,2449,66358460,2711391027,41.95,42.55,39.7,40.75,-0.45,28459,39.65000000000005,37.99999999999999,36.50750000000002,79.34352616235425,78.02879148135791,84.50306422355665,79.66927879787005,40.52412482689037,36.50750000000002,32.49087517310967,1.4454416893452091,0.9250903901102311,0.520351299234978
2021-01-26,2449,42765493,1708147375,40.7,41.1,39.0,39.15,-1.6,19544,39.82000000000004,38.33999999999999,36.71500000000002,74.76496678763179,78.84318569398816,60.48712275772947,64.81746897166722,40.82633798172728,36.71500000000002,32.60366201827276,1.420373800588365,1.0241470722058579,0.39622672838250717
2021-01-27,2449,22488761,878190965,39.65,39.75,38.6,39.1,-0.05,10221,39.840000000000046,38.61,36.94750000000002,58.5131894484412,70.87389413280904,59.86681088439612,64.41335938935664,41.04609427120975,36.94750000000002,32.848905728790285,1.3805585167978123,1.0954293611242487,0.28512915567356356
2021-01-28,2449,26955000,1026200544,37.85,38.55,37.65,38.4,-0.7,12737,39.72000000000004,38.809999999999995,37.13750000000002,47.24220623501193,60.17345415702828,51.27766069096016,58.87885012135621,41.13423304087155,37.13750000000002,33.140766959128484,1.2777908897049528,1.1319016668403896,0.14588922286456318
2021-01-29,2449,23336882,881623845,38.85,39.0,36.95,37.0,-1.4,10885,38.88000000000004,38.89,37.250000000000014,30.513446385748463,45.4229473564005,38.416977238176905,49.68418317612077,41.095386846598664,37.250000000000014,33.404613153401364,1.0710323113307183,1.1197277957384553,-0.048695484407736966
2021-02-01,2449,16479166,605451803,36.7,37.3,36.1,37.15,0.15,8348,38.16000000000004,38.904999999999994,37.360000000000014,19.15323223149045,32.30296161741691,40.28895434869734,50.574764003224615,41.05899986482774,37.360000000000014,33.66100013517229,0.9088022876890136,1.0775426941285668,-0.16874040643955324
2021-02-02,2449,12744618,480203769,37.4,37.95,37.25,37.8,0.65,5733,37.89000000000004,38.855,37.49500000000001,14.509505352528487,21.392061323255763,48.242832284565665,54.34576514043987,41.04843495789577,37.49500000000001,33.94156504210425,0.8231941234376663,1.0266729799903866,-0.20347885655272036
2021-02-03,2449,13283263,495189446,37.8,37.85,37.0,37.1,-0.7,6218,37.490000000000045,38.665,37.61500000000001,19.37984496124021,17.68086084841968,41.326384122070166,49.927824078854734,40.937363616462996,37.61500000000001,34.29263638353702,0.6909006144266314,0.9595185068776356,-0.2686178924510042
2021-02-04,2449,10555224,389915097,37.0,37.4,36.6,36.75,-0.35,5167,37.16000000000004,38.44,37.69500000000001,17.312661498707914,17.0673372708255,38.136953763494375,47.833975023849604,40.84887063780336,37.69500000000001,34.541129362196656,0.5514581146097086,0.8779064284240502,-0.3264483138143416
2021-02-05,2449,35417789,1350253305,37.25,38.65,36.95,38.5,1.75,16534,37.46000000000004,38.17,37.84500000000001,24.52713178294565,20.406546080964556,57.34162318345193,57.44388632132018,40.848814241925666,37.84500000000001,34.84118575807436,0.5755250094584454,0.8174301446309292,-0.2419051351724838
2021-02-17,2449,42366453,1699061711,40.9,40.95,39.45,40.0,1.5,20595,38.030000000000044,38.095,38.04750000000001,46.16329683795508,29.334363373202848,67.44724930255266,63.62872106983036,41.05905690631913,38.04750000000001,35.035943093680885,0.7074802688475259,0.7954401694742486,-0.08795990062672265
2021-02-18,2449,20584664,827942686,40.45,40.6,39.85,40.2,0.2,9828,38.51000000000003,38.2,38.27000000000001,70.98281786941571,47.22441549677211,68.60420289852472,64.37221660226423,41.22675497801162,38.27000000000001,35.3132450219884,0.8187559818293195,0.8001033319452627,0.018652649884056793
2021-02-19,2449,20996610,838495778,40.0,40.4,39.55,40.35,0.15,9244,39.16000000000004,38.325,38.467500000000015,84.19243986254286,67.11285152330451,69.55111083043234,64.95090207801695,41.42592441174274,38.467500000000015,35.50907558825729,0.9085730677058876,0.8217972790973878,0.08677578860849988
2021-02-22,2449,23491153,941708638,40.35,40.55,39.9,40.1,-0.25,10314,39.830000000000034,38.495000000000005,38.65250000000002,84.87972508591055,80.01832760595634,65.69823106654256,63.11101002902476,41.532339405243654,38.65250000000002,35.77266059475638,0.9486454504558424,0.8471669133690787,0.10147853708676369
2021-02-23,2449,24116694,945633437,39.55,39.55,38.8,39.25,-0.85,12938,39.98000000000003,38.720000000000006,38.805000000000014,77.00754433779662,82.0265697620833,53.862533271734435,57.18017014887702,41.46374030322552,38.805000000000014,36.14625969677451,0.9014241497561599,0.858018360646495,0.04340578910966497
2021-02-24,2449,20867231,821782363,39.15,39.95,39.0,39.0,-0.25,8805,39.78000000000004,38.90500000000001,38.905000000000015,66.18872694237061,76.02533212202589,50.72675636852967,55.527356711826506,41.431835966183094,38.905000000000015,36.37816403381694,0.834211744367451,0.8532570373906861,-0.0190452930232351
2021-02-25,2449,46688857,1877351293,39.75,40.9,39.3,40.9,1.9,18682,39.92000000000003,39.215,39.03500000000001,71.6475095785439,71.61459361957033,67.50216716280607,64.0357518828071,41.68831867667596,39.03500000000001,36.38168132332406,0.9236127174176971,0.8673281733960884,0.05628454402160876
2021-02-26,2449,32286545,1289096164,39.85,40.3,39.75,39.8,-1.1,13658,39.81000000000004,39.485,39.07500000000001,75.0909961685822,70.97574422983219,54.88169977592236,57.211405052258314,41.74904188448834,39.07500000000001,36.40095811551168,0.8953814260192559,0.8729388239207219,0.022442602098533992
2021-03-02,2449,22908385,919711262,40.3,40.85,39.3,39.8,0.0,9213,39.750000000000036,39.790000000000006,39.11500000000001,72.20406753987326,72.98085776233307,54.88169977592236,57.211405052258314,41.80722955930562,39.11500000000001,36.4227704406944,0.863059115937638,0.8709628823241051,-0.00790376638646717
2021-03-03,2449,21893140,857050613,39.8,39.95,38.8,39.25,-0.55,10053,39.750000000000036,39.865,39.017500000000005,46.39673311184925,64.56393227343484,48.68682210976078,53.88160271419133,41.53628442904499,39.017500000000005,36.49871557095502,0.7840252933273888,0.8535753645247619,-0.06955007119737311
2021-03-04,2449,15735910,608773776,38.85,39.0,38.5,38.6,-0.65,7836,39.67000000000003,39.72500000000001,38.91000000000001,24.03562200073821,47.545474217486856,42.129990913105864,50.16559060665679,41.30428486191548,38.91000000000001,36.515715138084545,0.6613175942073681,0.8151238104612831,-0.153806216253915
2021-03-05,2449,10311239,393327713,37.95,38.5,37.7,38.35,-0.25,5476,39.16000000000003,39.540000000000006,38.87000000000001,15.30257936507933,28.578311492555542,39.7291400603291,48.772364009044985,41.27362226649659,38.87000000000001,36.466377733503435,0.5376996807178074,0.7596389845125879,-0.22193930379478055
2021-03-08,2449,12411372,478518885,38.85,39.0,38.2,38.3,-0.05,5520,38.860000000000035,39.33500000000001,38.830000000000005,14.409722222222095,17.91597452934649,39.207797657284175,48.482353191699104,41.24358654288568,38.830000000000005,36.41641345711433,0.43073180341723827,0.693857548293518,-0.2631257448762797
2021-03-09,2449,16328095,635005272,38.6,39.2,38.3,39.2,0.9,7554,38.74000000000003,39.245000000000005,38.87000000000001,28.645833333333204,19.452711640211486,52.34117708128162,53.80681247996283,41.28026969445276,38.87000000000001,36.45973030554726,0.4138113091969373,0.6378483004742018,-0.2240369912772645
2021-03-10,2449,12710802,500390105,39.5,39.65,39.05,39.55,0.35,5602,38.80000000000003,39.275000000000006,38.99750000000001,41.14583333333317,28.067129629629434,56.59554679437046,55.723295605126346,41.26409987646626,38.99750000000001,36.73090012353376,0.4237589412557057,0.5950304286305026,-0.17127148737479692
2021-03-11,2449,17079547,681736688,39.8,40.25,39.5,40.05,0.5,8251,39.09000000000003,39.38000000000001,39.142500000000005,59.76355820105804,43.18507495590808,62.21687047495503,58.3798421790896,41.285459402321514,39.142500000000005,36.9995405976785,0.46660954823901335,0.5693462525522047,-0.10273670431319137
2021-03-12,2449,15112893,605396473,40.4,40.6,39.6,39.9,-0.15,7349,39.400000000000034,39.28000000000001,39.24750000000001,67.41898148148127,56.109457671957436,59.51895912304887,57.269714070488874,41.321740824975926,39.24750000000001,37.17325917502409,0.48289866142264515,0.5520567343262928,-0.06915807290364762
2021-03-15,2449,32628224,1327922799,40.25,41.15,40.2,40.45,0.55,13785,39.83000000000003,39.345000000000006,39.415000000000006,74.71819645732675,67.3002453799553,65.8531159672162,60.25412331866985,41.30102757137781,39.415000000000006,37.528972428622204,0.5340323123622639,0.548451849933487,-0.014419537571223051
2021-03-16,2449,20940278,856233225,40.95,41.15,40.7,40.85,0.4,9145,40.16000000000003,39.45,39.62000000000001,80.28525419829761,74.14081071236849,69.85526050162164,62.31554483226702,41.16285449735077,39.62000000000001,38.07714550264925,0.5999172831854693,0.5587449365838835,0.04117234660158586
2021-03-17,2449,16743397,684414782,41.2,41.4,40.5,40.8,-0.05,8012,40.41000000000004,39.605000000000004,39.73500000000001,84.93275884580227,79.9787365004755,68.68134381549945,61.8834847131623,41.26963350673607,39.73500000000001,38.20036649326394,0.6407112941360111,0.575138208094309,0.06557308604170209
2021-03-18,2449,22246449,916039181,41.15,41.4,40.85,41.25,0.45,9979,40.650000000000034,39.870000000000005,39.79750000000001,90.13354386995684,85.11718563801885,73.37872965347381,64.28365464619591,41.46617462376513,39.79750000000001,38.128825376234886,0.7012682965145132,0.6003642257783499,0.10090407073616325
2021-03-19,2449,13750174,559881060,40.95,41.15,40.55,40.75,-0.5,6666,40.820000000000036,40.11,39.825,86.04284728276654,87.03638333284185,61.434233401495284,59.779403934143936,41.536870322190815,39.825,38.11312967780919,0.7008355400131734,0.6204584886253146,0.08037705138785878
2021-03-22,2449,13885930,558897776,40.75,40.8,39.85,40.7,-0.05,7438,40.870000000000026,40.35,39.84250000000001,81.51917467398762,85.89852194223697,60.28928847326062,59.331697379267226,41.5824066066878,39.84250000000001,38.10259339331222,0.6885211519849079,0.6340710212972333,0.05445013068767468
2021-03-23,2449,32572848,1335086197,41.0,41.8,40.6,41.75,1.05,14623,41.050000000000026,40.605000000000004,39.925000000000004,82.35703699282824,83.30635298319409,72.73747949086413,65.22214899752456,41.85230381621535,39.925000000000004,37.99769618378466,0.7547874160427099,0.6582143002463285,0.09657311579638139
2021-03-24,2449,25283704,1040582777,41.65,42.0,40.75,40.95,-0.8,12118,41.08000000000003,40.745,40.010000000000005,74.76295097132287,79.5463875460462,56.88652389420178,58.29422020633602,41.960538387214584,40.010000000000005,38.05946161278543,0.7342861993809535,0.6734286800732535,0.0608575193077
2021-03-25,2449,13510957,550453903,40.85,41.4,40.35,40.65,-0.3,5396,40.96000000000003,40.80499999999999,40.09250000000001,63.761796427367635,73.62726146383955,51.93503626642793,55.896445081593384,42.00437734962193,40.09250000000001,38.18062265037808,0.6859244347669815,0.6759278310119992,0.009996603754982347
2021-03-26,2449,9478116,387326406,40.9,41.15,40.65,40.9,0.25,4542,40.99000000000003,40.904999999999994,40.09250000000001,47.432170542635504,61.9856393137753,55.68512364515321,57.466509302868886,42.00437734962193,40.09250000000001,38.18062265037808,0.6601603806133909,0.6727743409322775,-0.012613960318886619
2021-03-29,2449,9164581,376536289,41.25,41.45,40.9,41.05,0.15,4919,41.06000000000004,40.964999999999996,40.15500000000001,47.28682170542612,52.82692955847639,57.98003790467819,58.42289699707823,42.10587160007948,40.15500000000001,38.204128399920535,0.6444174848450359,0.6671029697148292,-0.02268548486979327
2021-03-30,2449,16387510,677582548,41.35,41.6,41.15,41.55,0.5,7184,41.02000000000004,41.035,40.24250000000001,61.24031007751913,51.98643410852688,65.02394042902861,61.528232450539946,42.27702082810593,40.24250000000001,38.20797917189408,0.6646255581337073,0.6666074873986048,-0.0019819292648974862
2021-03-31,2449,21038138,875710816,41.9,42.15,41.2,41.2,-0.35,9257,41.070000000000036,41.074999999999996,40.34000000000001,64.5264577013817,57.68452982810894,57.19408684018663,58.24861904297802,42.36178139273173,40.34000000000001,38.31821860726829,0.6449637858312869,0.6622787470851412,-0.017314961253854344
2021-04-01,2449,14631970,610186088,41.7,42.0,41.35,41.8,0.6,6880,41.30000000000003,41.129999999999995,40.50000000000001,74.18267610380842,66.64981462756971,65.50218997433745,61.98907497222949,42.450897229481065,40.50000000000001,38.54910277051895,0.6700724965820228,0.6638374969845175,0.006234999597505286
2021-04-06,2449,22647307,957359030,42.4,42.75,42.0,42.1,0.3,11145,41.540000000000035,41.265,40.68750000000001,72.1316425120772,70.28025877242241,69.01072867549168,63.73834174120464,42.49107284299732,40.68750000000001,38.883927157002695,0.7060400335339452,0.6722780042944031,0.03376202923954208
2021-04-07,2449,17241068,728030749,42.3,42.65,41.75,42.65,0.55,8802,41.86000000000003,41.459999999999994,40.90500000000001,84.51086956521725,76.94172939370092,74.54746679293974,66.75865706533378,42.546310452046356,40.90500000000001,39.26368954795366,0.7700483313334985,0.6918320697022222,0.07821626163127626
2021-04-08,2449,20768889,895117690,42.85,43.5,42.4,43.45,0.8,10642,42.24000000000003,41.629999999999995,41.11750000000001,89.05423280423271,81.898914960509,80.46907340544125,70.59515915780281,42.913961800317054,41.11750000000001,39.32103819968296,0.8752394668592629,0.7285135491336303,0.1467259177256326
2021-04-09,2449,27237366,1206040641,44.5,44.9,43.65,44.05,0.6,13897,42.81000000000004,41.94,41.34250000000001,91.4153439153438,88.32681542826454,83.77252243577715,73.10250721723939,43.404846964018745,41.34250000000001,39.28015303598127,0.9955431831046937,0.7819194759278429,0.21362370717685075
2021-04-12,2449,15561158,679133902,44.2,44.45,43.3,43.3,-0.75,8325,43.110000000000035,42.205,41.50500000000001,79.47089947089937,86.64682539682525,67.19748297009076,65.57534815697022,43.64507009230958,41.50500000000001,39.36492990769044,1.01862395015619,0.8292603707735123,0.18936357938267767
2021-04-13,2449,19256799,823674950,43.3,43.45,42.1,42.15,-1.15,9016,43.12000000000004,42.33,41.61750000000001,55.55555555555542,75.48059964726616,49.63086401070196,56.04597168953153,43.6416726704998,41.61750000000001,39.59332732950021,0.9333610303229634,0.8500805026834025,0.08328052763956084
2021-04-14,2449,22770655,947959477,42.3,42.55,40.6,42.2,0.05,9966,43.030000000000044,42.445,41.705000000000005,41.291989664082585,58.772814896845766,50.29003425206621,56.34302497976612,43.670171748218756,41.705000000000005,39.739828251781255,0.85991160845564,0.85204672383785,0.007864884617790002
2021-04-15,2449,28982755,1259905396,42.6,44.2,42.25,44.2,2.0,13305,43.18000000000004,42.709999999999994,41.87250000000001,49.19896640826867,48.68217054263553,69.13798532740749,66.18688693773359,44.07442529391786,41.87250000000001,39.67057470608216,0.952110362166934,0.8720594515036668,0.0800509106632672
2021-04-16,2449,21718451,957112927,44.55,44.7,43.5,44.15,-0.05,10280,43.20000000000004,43.004999999999995,42.040000000000006,67.82945736434101,52.77347114556406,68.38176596577026,65.78751271193387,44.39448508171049,42.040000000000006,39.68551491828952,1.0095069884402648,0.8995489588909864,0.10995802954927836
2021-04-19,2449,11332698,495602413,44.2,44.2,43.6,43.65,-0.5,5475,43.270000000000046,43.18999999999999,42.16000000000001,79.06976744186036,65.36606373815665,60.64320817029767,61.77335916683501,44.5847886505831,42.16000000000001,39.73521134941692,1.0030854621479648,0.9202562595423821,0.08282920260558269
2021-04-20,2449,10257622,451335523,43.7,44.3,43.65,43.9,0.25,5269,43.62000000000005,43.36999999999999,42.31750000000001,76.7441860465115,74.54780361757093,63.08041992904209,62.9893543722847,44.764595216781935,42.31750000000001,39.870404783218085,1.0065661983902032,0.9375182473119463,0.0690479510782569
2021-04-21,2449,14384294,634624612,44.0,44.35,43.85,44.25,0.35,6502,44.030000000000044,43.52999999999999,42.495000000000005,77.51937984496112,77.77777777777764,66.47167359478036,64.6831477628783,44.96196169406806,42.495000000000005,40.02803830593195,1.0257426589971956,0.9551631296489962,0.07057952934819944
2021-04-22,2449,25644047,1134588744,44.9,45.35,43.2,43.3,-0.95,11473,43.850000000000044,43.51499999999999,42.572500000000005,72.82333741330055,75.69563443492437,51.49351533127502,57.051147121911136,45.038361918275,42.572500000000005,40.10663808172501,0.9532941006807718,0.9547893238553513,-0.0014952231745795075
2021-04-23,2449,33682213,1512347796,43.6,45.35,43.4,45.35,2.05,15578,44.090000000000046,43.644999999999996,42.792500000000004,80.57527539779669,76.97266421868609,69.05056589094019,66.29338815925024,45.41990841895543,42.792500000000004,40.16509158104458,1.0492014227897783,0.9736717436422367,0.0755296791475416
2021-04-26,2449,40021148,1904506731,46.0,48.95,46.0,48.3,2.95,19260,45.02000000000004,44.144999999999996,43.175,83.01922470847761,78.80594583985827,80.74887037107213,74.7229492243666,46.56122208367962,43.175,39.78877791632038,1.3477134110770095,1.0484800771291913,0.29923333394781815
2021-04-27,2449,16788037,803173067,48.1,48.3,47.2,48.2,-0.1,8613,45.88000000000004,44.74999999999999,43.540000000000006,93.67384633717626,85.75611548115016,79.55958118449142,74.04692916770243,47.40634194038708,43.540000000000006,39.67365805961293,1.5582545596088622,1.1504349736251256,0.4078195859837366
2021-04-28,2449,35182325,1747517697,49.4,50.7,48.6,49.1,0.9,18077,46.85000000000004,45.44,43.94250000000001,86.56273522606516,87.75193542390632,82.29725076953704,76.13919942003707,48.32921574187278,43.94250000000001,39.55578425812724,1.777245435984426,1.2757970660969857,0.5014483698874403
2021-04-29,2449,35197504,1779390252,50.3,52.0,49.3,49.5,0.4,16375,48.090000000000046,45.97,44.34000000000001,79.68784863560973,86.64147673295035,83.44682450281698,77.0256891064714,49.20246850889494,44.34000000000001,39.47753149110508,1.9604748070936608,1.4127326142963208,0.54774219279734
2021-05-03,2449,19238712,953113643,49.55,50.4,48.55,49.0,-0.5,10330,48.82000000000004,46.455,44.730000000000004,72.05555555555544,79.43537980574341,76.22798544181768,73.35688716851406,49.770476167982174,44.730000000000004,39.689523832017834,2.0418029490499734,1.5385466812470514,0.503256267802922
2021-05-04,2449,37767647,1787840649,49.0,49.5,45.1,48.15,-0.85,18457,48.79000000000005,46.905,45.04750000000001,64.58333333333321,72.10891250816609,65.06455392126855,67.47314999101084,50.109661099767195,45.04750000000001,39.98533890023282,2.0144469013057744,1.633726725258796,0.3807201760469785
2021-05-05,2449,22996707,1100863148,48.45,49.3,46.5,46.5,-1.65,12121,48.450000000000045,47.165000000000006,45.267500000000005,53.219696969696855,63.286195286195124,48.859678871697355,57.78430578494703,50.178332414163094,45.267500000000005,40.35666758583692,1.8384335088987172,1.67466808198678,0.16376542691193707
2021-05-06,2449,17158368,795723758,47.2,47.4,45.4,45.9,-0.6,7793,47.810000000000045,47.33,45.43000000000001,40.939922480620034,52.91431759454999,44.19046373336917,54.70790401371577,50.19659207400807,45.43000000000001,40.66340792599194,1.6317172212988922,1.6660779098492025,-0.03436068855031027
2021-05-07,2449,13383539,632547012,46.85,48.0,46.15,47.45,1.55,7001,47.40000000000005,47.745,45.63000000000001,33.54257948545097,42.56739964525591,56.670239956531745,60.55089760248264,50.38314632638171,45.63000000000001,40.87685367361831,1.5748116715121512,1.6478246621817922,-0.07301299066964106
2021-05-10,2449,22622093,1087769442,48.0,49.45,47.2,47.5,0.05,10187,47.100000000000044,47.959999999999994,45.80250000000001,32.6367823840017,35.70642811669086,57.03184145520767,60.72690507544542,50.56416725002872,45.80250000000001,41.0408327499713,1.5162695835423463,1.621513646453903,-0.10524406291155675
2021-05-11,2449,19232795,892936042,46.9,47.35,45.1,45.8,-1.7,7729,46.63000000000004,47.709999999999994,45.92750000000001,26.328502415458825,30.835954761637126,42.84784463881355,52.199381323806534,50.54902301736078,45.92750000000001,41.30597698263924,1.3175113142378834,1.560713180010699,-0.24320186577281566
2021-05-12,2449,28191520,1218020423,45.5,45.85,41.25,42.95,-2.85,13870,45.92000000000004,47.184999999999995,45.967500000000015,20.24716324008527,26.404149346515226,28.82593070115325,41.64204298727331,50.469863268328716,45.967500000000015,41.465136731671315,0.9194242221704272,1.4324553884426448,-0.5130311662722176
2021-05-13,2449,17706055,747934156,41.9,43.5,40.3,42.05,-0.9,9079,45.150000000000034,46.48,45.96000000000001,14.428537899290326,20.3347345182781,25.724451461725216,38.96216802100489,50.48786925606271,45.96000000000001,41.43213074393731,0.5252599851127826,1.2510163077766723,-0.7257563226638897
2021-05-14,2449,13189752,564790355,43.5,44.1,42.05,42.25,0.2,6562,44.110000000000035,45.754999999999995,45.862500000000004,18.112112778517407,17.59593797263096,27.74011067565124,39.887965723380695,50.61611704389398,45.862500000000004,41.10888295610603,0.22641039784411277,1.0460951257901603,-0.8196847279460475
2021-05-17,2449,16109524,642970980,39.1,41.8,38.65,39.45,-2.8,7651,42.500000000000036,44.8,45.62750000000001,15.30993075152918,15.95019380977893,19.22062236131311,32.464058573569424,51.10595553052997,45.62750000000001,40.149044469470056,-0.23367301551845543,0.7901414975284371,-1.0238145130468925
2021-05-18,2449,15926733,660932728,40.6,42.45,40.1,42.15,2.7,8190,41.77000000000003,44.199999999999996,45.55250000000001,20.33682232957587,17.919621953207443,39.96364926583977,43.40298257218165,51.176330989636334,45.55250000000001,39.928669010363684,-0.37608967253449777,0.5568952635158502,-0.9329849360503479
2021-05-19,2449,15348601,630038724,41.25,41.95,40.5,41.3,-0.85,7466,41.44000000000003,43.67999999999999,45.42250000000001,21.45061728395052,19.032456788351816,36.519380881123666,41.143639421208015,51.30726635050179,45.42250000000001,39.53773364949822,-0.551190020082295,0.3352782067962211,-0.8864682268785161
2021-05-20,2449,10706676,433324609,40.5,41.15,40.15,40.2,-1.1,5404,41.07000000000003,43.11,45.22000000000001,23.765432098765334,21.850957237430535,32.31453308059737,38.36067708119948,51.51653873171557,45.22000000000001,38.923461268284456,-0.7698448220632486,0.11425360102432713,-0.8840984230875757
2021-05-21,2449,7876634,318904928,40.9,41.2,40.15,40.4,0.2,4150,40.70000000000003,42.404999999999994,45.07500000000001,19.667943805874746,21.62799772953016,33.92824793919896,39.16637147086928,51.66829204570805,45.07500000000001,38.48170795429197,-0.9164279880362045,-0.0918827167877792,-0.8245452712484254
2021-05-24,2449,8882335,355939568,40.2,40.75,39.75,40.65,0.25,4243,40.940000000000026,41.71999999999999,44.84000000000001,20.748190719455,21.393855541364985,36.148287535835856,40.21827430170512,51.706702265279645,44.84000000000001,37.973297734720376,-1.0008857051029239,-0.2736833144508082,-0.7272023906521157
2021-05-25,2449,14104919,591768709,41.35,42.6,41.05,42.05,1.4,6909,40.92000000000003,41.34499999999999,44.52750000000001,36.75934713581017,25.725160553713266,47.642052828638455,45.86365864736287,51.30418613704346,44.52750000000001,37.75081386295656,-0.9439692645699793,-0.4077405044746424,-0.5362287600953369
2021-05-26,2449,7303697,308737358,42.4,42.95,41.9,42.0,-0.05,3574,41.060000000000024,41.24999999999999,44.21750000000001,50.54366292898391,36.01706692808299,47.28738335009097,45.69768241791411,50.8597341873799,44.21750000000001,37.57526581262012,-0.8926077312228529,-0.5047139498242845,-0.38789378139856834
2021-05-27,2449,5683825,237082546,42.0,42.15,41.15,41.8,-0.2,2721,41.38000000000003,41.224999999999994,43.852500000000006,65.7030083208874,51.00200612856046,45.69973677937215,44.99623034346253,50.17606505461904,43.852500000000006,37.528934945380975,-0.8581494617204299,-0.5754010522035136,-0.2827484095169164
2021-05-28,2449,10503256,448030739,42.4,43.15,42.1,42.75,0.95,5194,41.85000000000003,41.27499999999999,43.515,74.31966599313064,63.52211241433395,54.217878469682766,49.000711368355695,49.293935888206484,43.515,37.73606411179352,-0.7455892851960755,-0.609438698802026,-0.13615058639404953
2021-05-31,2449,9607824,414075675,43.2,43.45,42.7,43.2,0.45,4553,42.36000000000003,41.64999999999999,43.22500000000001,84.9114504381261,74.97804158404801,57.87019239344704,50.82693783025014,48.427163011671034,43.22500000000001,38.02283698832898,-0.613006932817207,-0.6101523456050622,-0.0028545872121448213
2021-06-01,2449,9838307,432894464,43.45,44.8,43.3,43.75,0.55,5191,42.700000000000024,41.809999999999995,43.00500000000001,86.89548605098976,82.04220082741546,62.17317010793414,53.04029125437536,47.703180498873735,43.00500000000001,38.306819501126284,-0.4582713925452495,-0.5797761549930996,0.12150476244785013
2021-06-02,2449,9984055,431444568,43.85,43.9,42.75,43.2,-0.55,4806,42.94000000000002,41.99999999999999,42.84000000000001,80.25599857283021,84.02097835398199,55.55347971423854,50.58808801628819,47.259117558970004,42.84000000000001,38.42088244103002,-0.3756920217618571,-0.5389593283468511,0.163267306584994
2021-06-03,2449,31309962,1312668445,41.8,42.5,41.2,42.2,-1.0,15867,43.02000000000002,42.199999999999996,42.655000000000015,65.34653465346533,77.49933975909505,45.318359532723086,46.388711059656664,46.850342655850056,42.655000000000015,38.459657344149974,-0.3864837737490987,-0.5084642174273006,0.12198044367820193
2021-06-04,2449,29130303,1212079243,41.3,42.3,41.0,41.7,-0.5,14084,42.81000000000002,42.33,42.367500000000014,45.08424526663191,63.56225949764244,40.92051782006436,44.40392962626018,45.952785902127644,42.367500000000014,38.782214097872384,-0.43042051648840385,-0.4928554772395213,0.06243496075111743
2021-06-07,2449,55428246,2297271540,40.8,42.5,40.2,42.5,0.8,26193,42.670000000000016,42.515,42.117500000000014,38.97863470557577,49.80313820855762,49.98128049665528,48.22123363416857,44.82660963233216,42.117500000000014,39.40839036766787,-0.39612114950081434,-0.4735086116917799,0.07738746219096554
2021-06-08,2449,35902703,1491869446,41.8,42.2,41.05,42.15,-0.35,17994,42.350000000000016,42.52499999999999,41.93500000000002,36.93745232646825,40.3334440995586,46.352768212364126,46.71015622502234,44.054929244100755,41.93500000000002,39.81507075589928,-0.39265445286379475,-0.45733777992618285,0.06468332706238811
2021-06-09,2449,17280140,724163834,41.8,42.35,41.6,41.75,-0.4,7953,42.06000000000002,42.49999999999999,41.875000000000014,42.02898550724624,39.31502417976338,42.26195595086437,44.975547658284235,43.94393692508845,41.875000000000014,39.80606307491158,-0.4173725172893441,-0.4493447273988151,0.03197221010947099
2021-06-10,2449,16780902,709734222,42.0,42.85,41.9,42.15,0.4,7490,42.05000000000002,42.53499999999999,41.88000000000001,39.49275362318826,39.48639715230087,47.65186995067416,47.091473848895184,43.951086671290234,41.88000000000001,39.808913328709785,-0.40007330830891163,-0.4394904435808344,0.039417135271922754
2021-06-11,2449,11379390,484699493,42.5,42.95,42.2,42.9,0.75,5992,42.29000000000001,42.54999999999999,41.91250000000001,44.92753623188392,42.14975845410609,56.52891306522506,50.90370691359117,44.0257616969976,41.91250000000001,39.79923830300242,-0.32213149718966605,-0.4160186543026007,0.09388715711293466
2021-06-15,2449,19311262,816694071,43.35,43.35,41.6,42.25,-0.65,8832,42.240000000000016,42.45499999999999,42.05250000000001,52.16412064238137,45.52813683248447,48.25504218664997,47.696153390105685,43.84064848376673,42.05250000000001,40.26435151623329,-0.3092468132963546,-0.3946642861013515,0.0854174728049969
2021-06-16,2449,10346688,436188234,41.95,42.5,41.8,42.1,-0.15,4441,42.23000000000001,42.28999999999999,42.05000000000001,58.1395059655928,51.74372094661931,46.42559338696936,46.96075586048229,43.837735998406146,42.05000000000001,40.26226400159388,-0.307593607245515,-0.3772501503301842,0.06965654308466923
2021-06-17,2449,9531680,406660894,42.2,43.15,42.05,43.15,1.05,4493,42.51000000000001,42.28499999999999,42.14250000000001,69.79121979121963,60.03161546639789,59.09149250263884,52.483625942565816,43.95668714580277,42.14250000000001,40.32831285419726,-0.21903233632539099,-0.3456065875292256,0.1265742512038346
2021-06-18,2449,13224627,564092872,43.35,43.35,42.25,42.25,-0.9,5338,42.530000000000015,42.28999999999999,42.24500000000001,73.01587301587284,66.98219959089505,47.792527704707936,47.881358441876074,43.82515821992499,42.24500000000001,40.66484178007504,-0.21894550199964868,-0.3202743704233102,0.10132886842366151
2021-06-21,2449,10288021,429585896,42.1,42.45,41.5,41.5,-0.75,5459,42.250000000000014,42.269999999999996,42.30000000000001,59.43179204048755,67.41296161585997,40.300641108512394,44.38819468293979,43.68383525030849,42.30000000000001,40.91616474969153,-0.2762114238014206,-0.3114617810989323,0.03525035729751169
2021-06-22,2449,6754793,281739313,42.0,42.1,41.5,41.5,0.0,3340,42.10000000000001,42.169999999999995,42.342500000000015,28.214860823556364,53.55417529330555,40.300641108512394,44.3881946829398,43.563677710243226,42.342500000000015,41.121322289756804,-0.3179301782181767,-0.3127554605227812,-0.005174717695395514
2021-06-23,2449,10886878,462225478,41.75,43.0,41.65,42.9,1.4,5100,42.26000000000001,42.24499999999999,42.38500000000001,31.746964355659873,39.79787240656789,57.30523244810715,51.973447104739044,43.6215678307303,42.38500000000001,41.148432169269725,-0.2353117644054592,-0.2972667212993168,0.061954956893857605
2021-06-24,2449,7136705,304037632,43.25,43.25,42.25,42.4,-0.5,3691,42.110000000000014,42.30999999999999,42.405000000000015,41.44144144144124,33.80108887355245,51.225662318187744,49.38281615914415,43.62888724970718,42.405000000000015,41.181112750292854,-0.20778666225127296,-0.27937070948970805,0.07158404723843509
2021-06-25,2449,6695206,283673512,42.55,42.8,42.05,42.15,-0.25,3248,42.09000000000002,42.30999999999999,42.422500000000014,53.153153153152914,42.11385298341797,48.240246003186044,48.09203716654849,43.62103035005206,42.422500000000014,41.22396964994797,-0.2037964920478359,-0.2642558660013336,0.06045937395349771
2021-06-28,2449,4605489,194153405,42.3,42.45,41.9,42.25,0.1,2191,42.240000000000016,42.24499999999999,42.397500000000015,41.441441441441235,45.345345345345095,49.61069374533423,48.66998955537674,43.58849748110392,42.397500000000015,41.20650251889611,-0.19037061519843945,-0.24947881584075476,0.05910820064231531
2021-06-29,2449,16081897,689829619,42.5,43.35,42.2,42.7,0.45,7193,42.48000000000002,42.28999999999999,42.37250000000002,46.84684684684671,47.14714714714692,55.760230916632366,51.2978563806796,43.515073848814865,42.37250000000002,41.22992615118517,-0.14178486421731407,-0.22794002551606662,0.08615516129875256
2021-06-30,2449,32155830,1425023647,43.2,45.0,43.1,44.9,2.2,14495,42.88000000000002,42.569999999999986,42.430000000000014,67.5160875160874,51.93479193479175,73.91650651936573,61.63802850964649,43.909999999998924,42.430000000000014,40.950000000001104,0.0733952525253656,-0.1676729699077802,0.2410682224331458
2021-07-01,2449,16760685,739310393,44.8,44.85,43.7,43.85,-1.05,8240,43.170000000000016,42.63999999999999,42.46250000000001,76.38352638352627,63.58215358215343,60.16703687125978,55.57347859355328,44.03440171448415,42.46250000000001,40.89059828551588,0.1573865661838667,-0.10266106268945081,0.2600476288733175
2021-07-02,2449,8300246,361019375,43.75,43.8,43.25,43.6,-0.25,3935,43.460000000000015,42.77499999999999,42.53250000000001,74.76190476190463,72.88717288717272,57.210924241828856,54.205962982526515,44.17453379989498,42.53250000000001,40.890466200105045,0.20145512741279248,-0.041837824669002155,0.24329295208179463
2021-07-05,2449,6956247,307767775,43.85,44.5,43.75,44.35,0.75,3742,43.88000000000001,43.059999999999995,42.665000000000006,69.24662402274333,73.46401838939137,63.4893401213531,57.57849959995474,44.43928858982959,42.665000000000006,40.890711410170425,0.2935150528495498,0.025232750834708245,0.2682823020148416
2021-07-06,2449,7152450,317350448,44.4,44.75,44.0,44.4,0.05,4331,44.22000000000001,43.349999999999994,42.760000000000005,73.74739207189846,72.58530695218211,63.90130876466345,57.801618807173746,44.685772572242335,42.760000000000005,40.834227427757675,0.36628547815926993,0.09344329629962059,0.27284218185964937
2021-07-07,2449,7897292,347926229,44.4,44.6,43.7,44.0,-0.4,4502,44.040000000000006,43.459999999999994,42.852500000000006,76.3280372331888,73.10735110927682,57.81287199419975,55.29597615755767,44.829233416523564,42.852500000000006,40.87576658347645,0.3872163187505393,0.15219790078980433,0.23501841796073497
2021-07-08,2449,5774126,253843756,44.05,44.45,43.65,43.7,-0.3,3031,44.01000000000001,43.589999999999996,42.95000000000001,68.8172043010752,72.96421120205412,53.36397574147655,53.42541054553469,44.89164878389488,42.95000000000001,41.00835121610514,0.37527077996876557,0.1968124766255966,0.17845830334316898
2021-07-09,2449,7449636,326379118,43.5,44.3,43.2,43.6,-0.1,3730,44.01000000000001,43.735,43.022500000000015,58.60215053763434,67.91579735729941,51.8133917666981,52.78442441023886,44.947461038566466,43.022500000000015,41.097538961433564,0.35365794155035246,0.22818156961054775,0.1254763719398047
2021-07-12,2449,6206149,273777861,44.05,44.4,43.75,44.4,0.8,3275,44.02000000000002,43.95,43.09750000000001,58.828522920203625,62.0826259196377,62.09349794196699,57.20767294253678,45.112313887186396,43.09750000000001,41.082686112813626,0.39651217992281573,0.26184769167300137,0.13466448824981436
2021-07-13,2449,16137019,716911344,44.8,45.3,43.65,43.8,-0.6,8504,43.90000000000001,44.06,43.17500000000001,48.99749373433563,55.47605573072451,52.32574407001198,53.18348037169211,45.17262358816668,43.17500000000001,41.17737641183334,0.3777055327226364,0.28501925988292837,0.09268627283970804
2021-07-14,2449,23530478,1064041437,44.8,46.45,44.6,44.65,0.85,11888,44.030000000000015,44.035000000000004,43.30250000000001,47.20262193946379,51.67621286466766,62.16310375583103,57.72083980316398,45.334610971378986,43.30250000000001,41.27038902862103,0.42647291132394116,0.3133099901711309,0.11316292115281024
2021-07-15,2449,10107806,453202106,45.1,45.2,44.55,44.9,0.25,5397,44.27000000000001,44.14,43.39000000000001,41.83150183150156,46.01053916843364,64.66499085634784,58.98006890411025,45.535833171520956,43.39000000000001,41.24416682847906,0.4797639012671482,0.3466007723903344,0.1331631288768138
2021-07-16,2449,14805128,671114778,44.6,45.8,44.5,45.4,0.5,6674,44.63000000000001,44.31999999999999,43.54750000000001,54.87179487179463,47.96863954758664,69.38801797123494,61.45284829022907,45.795493549812754,43.54750000000001,41.29950645018726,0.5559347463649047,0.38846756718524844,0.16746717917965626
2021-07-19,2449,11397130,520258814,45.7,46.1,45.25,45.5,0.1,5479,44.85000000000001,44.43499999999999,43.74750000000001,63.58974358974336,53.43101343101316,70.31387830786274,61.94692556045107,45.94237471168606,43.74750000000001,41.55262528831396,0.6172545281780799,0.4342249593838147,0.18302956879426518
2021-07-20,2449,10791411,486966289,45.0,45.6,44.7,45.0,-0.5,5541,45.09000000000001,44.49499999999999,43.92250000000001,64.6153846153844,61.02564102564079,59.76889182300103,57.94754862188506,45.92211871365504,43.92250000000001,41.922881286344975,0.6183768127533256,0.4710553300577169,0.14732148269560869
2021-07-21,2449,12504417,567070686,45.95,45.95,44.8,45.3,0.3,6020,45.220000000000006,44.62499999999999,44.042500000000004,63.58974358974336,63.9316239316237,63.591070014625274,59.631580323841696,46.07012792444751,44.042500000000004,42.014872075552496,0.6361406902666573,0.504072402099505,0.13206828816715233
2021-07-22,2449,39111182,1844065138,45.85,48.0,45.75,47.95,2.65,19485,45.830000000000005,45.05,44.32000000000001,72.95019157088105,67.05177325866958,81.60314882670323,70.76765071269242,46.83344385256508,44.32000000000001,41.80655614743493,0.8542048029592451,0.574098882271453,0.28010592068779205
2021-07-23,2449,30641463,1454504047,48.4,48.65,46.65,46.75,-1.2,16175,46.10000000000001,45.364999999999995,44.55000000000001,75.15531977600929,70.56508497887788,64.69460677104423,62.3763338567699,47.06892834356134,44.55000000000001,42.031071656438684,0.9195917311034805,0.6431974520378585,0.276394279065622
2021-07-26,2449,12904785,610890408,46.75,47.95,46.65,47.5,0.75,5977,46.50000000000001,45.675,44.812500000000014,77.71324377971649,75.27291837553558,69.3286394588814,65.1571585264729,47.410937030215386,44.812500000000014,42.21406296978464,1.0201701878420835,0.7185919991987035,0.30157818864337993
2021-07-27,2449,12460033,590537312,47.7,48.1,46.85,46.85,-0.65,6432,46.870000000000005,45.98,45.02000000000001,63.63855421686739,72.16903925753103,61.20577305590223,60.952408849571384,47.57291989690161,45.02000000000001,42.46708010309841,1.0354932500977725,0.7819722493785173,0.2535210007192552
2021-07-28,2449,13505225,614695713,46.5,46.7,43.9,45.5,-1.35,6891,46.910000000000004,46.065,45.05000000000001,54.199957725639315,65.18391857407437,47.67179812307885,53.26430301970405,47.610663976392885,45.05000000000001,42.48933602360714,0.9280056977328854,0.8111789390493909,0.11682675868349457
2021-07-29,2449,6219460,285243870,46.2,46.25,45.25,45.95,0.45,3473,46.510000000000005,46.17,45.155000000000015,44.489537095751366,54.109349679419324,51.81530118182067,55.2887603122095,47.68223168704281,45.155000000000015,42.62776831295722,0.8691136758204223,0.8227658864035972,0.04634778941682516
2021-07-30,2449,15298543,720594859,46.5,47.95,46.3,46.4,0.45,8105,46.440000000000005,46.269999999999996,45.29500000000001,43.157894736842024,47.282463186077536,55.89017338171992,57.281543854215485,47.771873028638225,45.29500000000001,42.81812697136179,0.8489662093554315,0.828005950993964,0.020960258361467532
2021-08-02,2449,9124218,429795914,46.8,47.65,46.7,46.95,0.55,4643,46.330000000000005,46.415,45.42500000000001,53.33333333333328,46.993588388642195,60.63686959675421,59.6487458219773,47.96202581776268,45.42500000000001,42.88797418223734,0.8673809725597224,0.8358809553071157,0.03150001725260665
2021-08-03,2449,28938099,1393126999,47.8,48.75,47.8,48.0,1.05,13868,46.56000000000001,46.714999999999996,45.60500000000001,67.12606257912815,54.53909688310112,68.24731311860668,63.77571204812734,48.32949995411895,45.60500000000001,42.88050004588107,0.9556844939014368,0.85984166302598,0.09584283087545686
2021-08-04,2449,18273732,881824885,48.4,48.75,47.8,48.2,0.2,8411,47.10000000000001,47.004999999999995,45.81500000000001,79.13546753481636,66.53162114909257,69.55534659455218,64.52007030050575,48.657199852225986,45.81500000000001,42.97280014777404,1.0299315890392293,0.8938596482286298,0.13607194081059948
2021-08-05,2449,27616596,1353409597,48.5,49.9,48.05,49.9,1.7,12410,47.890000000000015,47.199999999999996,46.125000000000014,91.06529209621984,79.10894073672142,78.38522629166413,70.13721995481804,49.3087870531792,46.125000000000014,42.941212946820826,1.211977813559841,0.957483281294872,0.2544945322649689
2021-08-06,2449,46271977,2340011370,50.5,51.4,49.55,50.3,0.4,24028,48.670000000000016,47.55499999999999,46.46000000000001,91.33104238258868,87.17726733787494,79.97920640978064,71.2890198030751,49.90943473630029,46.46000000000001,43.010565263699725,1.3727037408787268,1.040527373211643,0.3321763676670839
2021-08-09,2449,26328936,1305186166,50.2,50.8,48.5,48.55,-1.75,14306,48.99000000000002,47.66,46.667500000000004,82.44444444444433,88.28025964108427,58.107259343314446,60.326344907967425,50.095513273019094,46.667500000000004,43.239486726980914,1.3433841256342234,1.101098723696159,0.24228540193806447
2021-08-10,2449,18779385,902415105,48.55,49.05,47.3,47.85,-0.7,9925,48.96000000000002,47.76,46.87000000000001,63.20325203252022,78.9929129531844,51.53090901879115,56.57843213520485,50.067248817341486,46.87000000000001,43.67275118265854,1.2492632404639252,1.130731627049712,0.11853161341421314
2021-08-11,2449,17025694,815999646,47.8,48.7,47.05,48.0,0.15,8503,48.920000000000016,48.01,47.03750000000001,45.869918699186904,63.83920505871715,52.86455980078387,57.192170918937975,50.100158159180246,47.03750000000001,43.97484184081977,1.173251000054556,1.1392355016506808,0.03401549840387519
2021-08-12,2449,13672359,654785986,47.9,48.4,47.4,47.8,-0.2,6422,48.500000000000014,48.195,47.18250000000001,33.00467047223652,47.35928040131455,50.69473038239245,56.05451203199598,50.09768009735092,47.18250000000001,44.267319902649106,1.0843724527246579,1.1282628918654762,-0.04389043914081836
2021-08-13,2449,21607969,995470374,48.0,48.0,45.0,45.0,-2.8,11740,47.44000000000001,48.055,47.16250000000001,18.91252955082729,32.59570624075024,30.34880651761759,43.121903673717064,50.13131710450351,47.16250000000001,44.19368289549651,0.7790189190305838,1.0584140972984977,-0.2793951782679138
2021-08-16,2449,10372671,466102415,45.1,45.65,44.5,44.7,-0.3,4920,46.67,47.83,47.12250000000002,8.767602014595406,20.228267345886405,28.89900833608487,42.003724854882584,50.199426225958085,47.12250000000002,44.04557377404195,0.5069724875719146,0.9481257753531811,-0.4411532877812665
2021-08-17,2449,13705306,603121612,45.15,45.25,43.2,43.2,-1.5,7233,45.74000000000001,47.35,47.03250000000001,0.9661835748791283,9.54877171343394,22.600918887466445,36.85744655319213,50.440032098159676,47.03250000000001,43.62496790184035,0.16839511263908946,0.7921796428103628,-0.6237845301712733
2021-08-18,2449,20537151,907442161,42.85,45.25,42.55,45.0,1.8,6857,45.14000000000001,47.03,47.01750000000002,10.194055514615485,6.642613701363338,40.69527764484372,45.48842656125106,50.457888786167494,47.01750000000002,43.577111213832545,0.04479864951349555,0.6427034441509893,-0.5979047946374938
2021-08-19,2449,30581079,1277786657,42.4,42.4,40.7,40.7,0.0,12508,43.720000000000006,46.11,46.655000000000015,9.227871939736245,6.796037009743618,24.640604007788003,33.65383719614426,51.02751643793236,46.655000000000015,42.28248356206767,-0.39556665520898804,0.43504942427899385,-0.8306160794879819
2021-08-20,2449,14677569,605376065,41.35,41.8,40.65,41.5,0.8,6071,43.02,45.230000000000004,46.39250000000002,12.600887812752122,10.674271755701282,30.584639200974568,36.94088747880088,51.3074033561187,46.39250000000002,41.47759664388134,-0.6722566614136838,0.21358820714045829,-0.885844868554142
2021-08-23,2449,14114902,601971218,42.5,43.0,42.2,42.7,1.2,6968,42.620000000000005,44.644999999999996,46.15250000000002,11.8616287094547,11.230129487314352,39.004072342185275,41.61369080929562,51.291320389932636,46.15250000000002,41.0136796100674,-0.785649040503813,0.013740757611604038,-0.799389798115417
2021-08-24,2449,12826403,551911881,43.0,43.8,42.5,43.55,0.85,5094,42.69000000000001,44.214999999999996,45.98750000000002,24.33474698902459,16.265754503743803,44.56091139990526,44.73748666378439,51.23686900969893,45.98750000000002,40.73813099030111,-0.7977296903265199,-0.14855333197602075,-0.6491763583504991
2021-08-25,2449,8326690,365527244,43.55,44.25,43.2,44.1,0.55,4565,42.510000000000005,43.825,45.91750000000002,36.607989619410084,24.268121772629787,48.12828149723018,46.723736290202794,51.22798726577768,45.91750000000002,40.60701273422236,-0.7542290063947235,-0.26968846685976133,-0.4845405395349621
2021-08-26,2449,16506933,740528390,44.1,45.2,44.1,45.15,1.05,7974,43.400000000000006,43.559999999999995,45.87750000000001,58.11937678297115,39.687371130468605,54.63060369246659,50.38968569866999,51.19844681424179,45.87750000000001,40.55655318575823,-0.6277913878567674,-0.34130905105916254,-0.2864823367976048
2021-08-27,2449,20662380,947168122,45.0,46.65,44.8,45.65,0.5,10771,44.230000000000004,43.62499999999999,45.84000000000002,73.42403628117904,56.05046756118676,57.58446622778129,52.08062959833411,51.156258082522825,45.84000000000002,40.52374191747721,-0.4816902179155562,-0.3693852844304413,-0.11230493348511494
2021-08-30,2449,9796474,449381131,45.85,46.4,45.35,45.75,0.1,5027,44.84000000000001,43.73,45.780000000000015,86.11111111111101,72.5515080584204,58.21918446679937,52.42985543865495,51.071823882178116,45.780000000000015,40.488176117821915,-0.35375693413921283,-0.36625961437219556,0.012502680232982732
2021-08-31,2449,9322135,421228031,45.65,45.7,44.7,45.6,-0.15,4931,45.25000000000001,43.97,45.66000000000001,83.61111111111103,81.04875283446702,56.73347638330941,51.81980327738835,50.85293751165875,45.66000000000001,40.46706248834127,-0.2614586983128575,-0.34529943116032796,0.08384073284747046
2021-09-01,2449,10920092,502356367,45.8,46.5,45.45,46.4,0.8,5815,45.71000000000001,44.11,45.57000000000001,87.7777777777777,85.83333333333324,62.662204787158274,54.83798270030572,50.644780783442016,45.57000000000001,40.495219216558,-0.12234801556214592,-0.30070914804069154,0.17836113247854563
2021-09-02,2449,9970582,454977845,46.15,46.45,45.0,45.0,-1.4,5664,45.68000000000001,44.54,45.32500000000001,80.41822721597994,83.93570536828953,48.963812026774065,49.047484205838806,49.99709802979246,45.32500000000001,40.65290197020756,-0.12364479670547013,-0.2652962777736473,0.14165148106817715
2021-09-03,2449,16364879,754953899,45.55,46.6,45.4,46.4,1.4,7366,45.830000000000005,45.029999999999994,45.13000000000001,84.2435284207992,84.14651113818559,59.33505714217725,54.24996619627427,49.24793637638953,45.13000000000001,41.01206362361049,-0.011570824134508939,-0.2145511870458196,0.20298036291131066
2021-09-06,2449,13583223,628586151,47.0,47.25,45.7,45.75,-0.65,6297,45.830000000000005,45.334999999999994,44.990000000000016,73.28673829734238,79.31616464470714,53.4514426124903,51.61490855477354,48.81316622709365,44.990000000000016,41.16683377290638,0.0245164287246169,-0.1667376638917323,0.1912540926163492
2021-09-07,2449,8223045,372707376,45.8,46.2,44.9,45.35,-0.4,4750,45.78000000000001,45.515,44.865000000000016,65.54046875332004,74.35691182382051,49.899068400274935,50.00523633074796,48.462790988924986,44.865000000000016,41.267209011075046,0.020601696021941507,-0.12926979190899754,0.14987148793093905
2021-09-08,2449,14156666,623969015,45.0,45.15,43.55,43.65,-1.7,7649,45.230000000000004,45.46999999999999,44.647500000000015,35.11606844940167,57.981091833354675,37.53135866621271,43.75919032276795,47.9768355192877,44.647500000000015,41.31816448071233,-0.11831271502456531,-0.1270783765321111,0.008765661507545791
2021-09-09,2449,14414437,629726304,43.6,44.1,43.4,43.8,0.15,6694,44.99000000000001,45.334999999999994,44.44750000000001,17.59161759161748,39.41605159811304,39.0855563441454,44.41888648712132,47.46088265077513,44.44750000000001,41.43411734922489,-0.21383468704078012,-0.1444296386338449,-0.06940504840693523
2021-09-10,2449,6487272,288238292,43.9,45.0,43.85,44.85,1.05,3430,44.68000000000001,45.255,44.44000000000001,16.91821691821682,23.2086343197453,49.37228633070887,48.93436571316083,47.448587708542426,44.44000000000001,41.4314122914576,-0.20247629261427136,-0.15603896942993017,-0.046437323184341184
2021-09-13,2449,6681946,297037407,44.85,45.15,44.1,44.2,-0.65,4035,44.370000000000005,45.1,44.41500000000001,22.94372294372287,19.151185817852365,44.00527353897332,46.42020848897109,47.422839756368774,44.41500000000001,41.40716024363125,-0.24312169535573247,-0.17345551461509062,-0.06966618074064185
2021-09-14,2449,5391008,236970753,44.45,44.5,43.7,43.8,-0.4,3330,44.06,44.92,44.44500000000001,22.94372294372287,20.93522093522083,40.81952996847457,44.89167282291097,47.41550500756956,44.44500000000001,41.47449499243046,-0.3041045984112287,-0.19958533137431825,-0.10451926703691047
2021-09-15,2449,5341176,232367492,43.8,44.15,43.25,43.3,-0.5,3245,43.989999999999995,44.61,44.36000000000001,10.80627705627694,18.897907647907537,36.92152390084347,42.986244186518384,47.35926657701455,44.36000000000001,41.36073342298546,-0.3883036865782259,-0.23732900241509977,-0.15097468416312612
2021-09-16,2449,3696686,160468957,43.5,43.85,43.2,43.3,0.0,2122,43.89,44.440000000000005,44.49,4.702915397359646,12.817638465786464,36.92152390084347,42.986244186518384,47.03432702300598,44.49,41.945672976994025,-0.44984651991045155,-0.27983250591417014,-0.1700140139962814
2021-09-17,2449,5813399,250739803,43.5,43.5,42.8,43.2,-0.1,2994,43.56,44.120000000000005,44.575,5.161280561607225,6.8901576717479145,35.986048761849915,42.5671603216989,46.8087188721943,44.575,42.34128112780571,-0.500914591382589,-0.32404892300785393,-0.17686566837473505
2021-09-22,2449,9992469,421522092,42.0,42.75,41.8,42.0,-1.2,4922,43.120000000000005,43.745000000000005,44.540000000000006,6.734663646184391,5.532953201717064,26.56353889290799,37.80419555007428,46.90803716186967,44.540000000000006,42.17196283813034,-0.6309432560244872,-0.38542778961118057,-0.24551546641330663
2021-09-23,2449,10116412,434277654,42.55,43.6,42.5,42.5,0.5,5490,42.86,43.46,44.487500000000004,12.876792508047984,8.257578905279845,34.85530494645779,40.777653119700844,46.98407265065451,44.487500000000004,41.9909273493455,-0.6857412895071846,-0.4454904895903814,-0.2402507999168032
2021-09-24,2449,7841389,335742928,42.85,43.1,42.55,42.55,0.05,3661,42.71,43.35000000000001,44.410000000000004,16.41791044776113,12.009788867331146,35.70229355876112,41.08100081572218,47.042413341403226,44.410000000000004,41.77758665859678,-0.7168709021844251,-0.4997665721091901,-0.21710433007523494
2021-09-27,2449,7515042,317110433,42.65,42.75,42.0,42.0,-0.55,3704,42.45,43.17,44.252500000000005,16.41791044776113,15.237537801190058,30.597039111734603,38.73088188253268,47.060074576034914,44.252500000000005,41.444925423965095,-0.7769653747699081,-0.5552063326413337,-0.22175904212857445
2021-09-28,2449,5244343,218198238,41.8,42.0,41.25,41.7,-0.3,2765,42.15,42.855000000000004,44.05500000000001,14.068120933792516,15.634647276438235,28.045028282970662,37.47168035094887,46.99420057158342,44.05500000000001,41.115799428416594,-0.8391252564278204,-0.6119901173986311,-0.22713513902918936
2021-09-29,2449,9503469,388266278,41.0,41.1,40.65,40.8,-0.9,4888,41.910000000000004,42.515,43.807500000000005,8.034005795199755,12.84001239225111,21.70793987915259,33.90987646636174,46.96000297382839,43.807500000000005,40.65499702617162,-0.9500582092204581,-0.6796037357629965,-0.27045447345746165
2021-09-30,2449,9921359,402163030,40.8,41.1,39.8,40.95,0.15,5382,41.6,42.230000000000004,43.575,15.508976620087672,12.537034449693289,25.00307246712917,35.01851482397055,46.84799556981002,43.575,40.30200443018999,-1.0141788051779912,-0.7465187496459954,-0.2676600555319958
2021-10-01,2449,11193769,446661470,40.45,40.65,39.5,39.65,-1.3,5612,41.019999999999996,41.864999999999995,43.237500000000004,12.113104199824967,11.88536220503744,17.53920450385447,30.27807749093733,46.664141942192984,43.237500000000004,39.810858057807025,-1.1565618498150485,-0.828527369679806,-0.3280344801352425
2021-10-04,2449,10640397,423329988,40.1,40.45,39.3,39.35,-0.3,4654,40.489999999999995,41.47,42.955000000000005,11.072129670478391,12.898070163463652,16.23443877717746,29.29261210826837,46.673050564475275,42.955000000000005,39.236949435524735,-1.278866949176681,-0.918595285579181,-0.36027166359750007
2021-10-05,2449,9648277,370650927,37.7,39.3,37.55,39.25,-0.1,5461,40.0,41.075,42.59750000000001,10.97350027891968,11.386244716407655,15.777982020531564,28.954321533127747,46.29675330303208,42.59750000000001,38.898246696967945,-1.3680932583725252,-1.00849488013785,-0.3595983782346752
2021-10-06,2449,8820344,349135575,39.45,40.05,38.85,39.4,0.15,4575,39.72,40.815,42.28000000000001,20.865099194908854,14.303576381435619,19.727700250192427,30.25544364101998,45.93217743270986,42.28000000000001,38.62782256729016,-1.4104432925473631,-1.0888845626197525,-0.3215587299276106
2021-10-07,2449,7658178,307100754,39.8,40.45,39.6,40.1,0.7,3869,39.55,40.575,42.017500000000005,36.82365614183788,22.887418538555448,36.05458874824603,36.13363912968862,45.50006730013885,42.017500000000005,38.53493269986116,-1.3717096350769609,-1.145449577111194,-0.22626005796576676
2021-10-08,2449,12500639,491151376,40.05,40.1,38.7,38.7,-1.4,6422,39.35999999999999,40.19,41.77000000000001,36.071497167002725,31.253417501249796,24.450659277952177,30.582075258413955,45.451222622987494,41.77000000000001,38.088777377012526,-1.4374116454910109,-1.2038419907871574,-0.2335696547038535
2021-10-12,2449,10558687,401759524,38.0,38.65,37.6,37.8,-0.9,5203,39.04999999999999,39.769999999999996,41.47000000000001,27.3078038962672,33.40098573503591,19.696313662697218,27.64191549465165,45.40946696901916,41.47000000000001,37.53053303098087,-1.5443016918781964,-1.2719339310053652,-0.2723677608728312
2021-10-13,2449,11159301,414690824,37.9,38.15,36.75,36.8,-1.0,5798,38.55999999999999,39.28,41.06750000000001,11.344791812565418,24.90803095861176,15.731122214030927,24.79008230030317,45.18432826943199,41.06750000000001,36.95067173056803,-1.690220654809707,-1.3555912757662336,-0.33462937904347334
2021-10-14,2449,7959039,293157094,37.05,37.4,36.4,37.0,0.2,4621,38.07999999999999,38.9,40.7075,7.43644195576874,15.3630125548671,19.51195419261939,26.425018557489473,44.923692002268936,40.7075,36.49130799773107,-1.7693284388180501,-1.4383387083765968,-0.3309897304414533
2021-10-15,2449,8225233,312737173,37.6,38.35,37.5,38.1,1.1,5278,37.67999999999999,38.615,40.42250000000001,19.080793662718268,12.62067581035079,37.50404245367334,34.81773468908156,44.53327547428662,40.42250000000001,36.311724525713394,-1.723394897071671,-1.4953499461156117,-0.22804495095605937
2021-10-18,2449,5868092,224873643,38.1,38.6,37.85,38.35,0.25,3292,37.609999999999985,38.48500000000001,40.17500000000001,34.74703461631557,20.421423411600838,41.00098930925997,36.58814859857079,44.15702209938539,40.17500000000001,36.192977900614636,-1.6478242316342318,-1.5258448032193357,-0.12197942841489606
2021-10-19,2449,6090241,236488583,38.35,39.1,38.25,39.05,0.7,3874,37.85999999999999,38.455000000000005,39.96250000000001,51.85185185185171,35.226560043628496,50.11859141356092,41.38847838074159,43.70093215800338,39.96250000000001,36.22406784199664,-1.5139973657600692,-1.5234753157274823,0.009477949967413135
2021-10-20,2449,5139224,200604602,39.3,39.35,38.8,38.9,-0.15,3200,38.27999999999999,38.42,39.74750000000001,58.436213991769385,48.34503348664554,48.254307706367285,40.67785967167568,43.200104089668336,39.74750000000001,36.29489591033168,-1.4038595379012762,-1.499552160162241,0.09569262226096487
2021-10-21,2449,11051551,428703966,38.9,39.45,38.55,38.55,-0.35,3267,38.58999999999999,38.33500000000001,39.575,61.756200645089336,57.34808882957012,43.8173728026812,38.9954469327889,42.902686884308196,39.575,36.24731311569181,-1.329491045557198,-1.4655399372412323,0.13604889168403433
2021-10-22,2449,6218233,242849438,38.9,39.35,38.75,39.05,0.5,2799,38.77999999999999,38.230000000000004,39.4025,68.90724969049172,63.033221442450134,51.283148384962615,42.644942315687054,42.4518400925441,39.4025,36.353159907455904,-1.216188197759898,-1.4156695893449656,0.1994813915850675
2021-10-25,2449,3306648,129084533,38.9,39.25,38.7,39.15,0.1,1651,38.93999999999998,38.275000000000006,39.2325,78.38576281199208,69.68307104919103,52.74824942124542,43.37456246427587,41.918440245053404,39.2325,36.5465597549466,-1.1055812577733022,-1.353651923030633,0.2480706652573308
2021-10-26,2449,5426031,214244923,39.35,39.75,39.25,39.55,0.4,2614,39.039999999999985,38.45,39.11,90.35967702471225,79.217563175732,58.56361477489897,46.31635324377256,41.48541575308372,39.11,36.73458424691628,-0.9744153502878063,-1.2778046084820676,0.3033892581942612
2021-10-27,2449,7057902,280123347,39.4,39.9,39.35,39.85,0.3,3366,39.22999999999998,38.75500000000001,39.0175,94.03681727972146,87.59408570547525,62.59200544255093,48.47825866863551,41.109454827427854,39.0175,36.92554517257214,-0.8366139657873433,-1.1895664799431227,0.35295251415577944
2021-10-28,2449,5881700,236673126,39.75,40.45,39.65,40.4,0.55,3192,39.59999999999998,39.095000000000006,38.9975,96.67448016328598,93.6903248225732,69.03157774320943,52.27302232746614,41.02764162067507,38.9975,36.967358379324935,-0.6752412119389817,-1.0867014263422945,0.4114602144033128
2021-10-29,2449,6966621,277972911,40.65,40.8,39.55,39.75,-0.65,3872,39.73999999999999,39.260000000000005,38.9375,84.93903971845138,91.88344572048625,55.78983537436216,47.79287112212666,40.79703623250482,38.9375,37.07796376749518,-0.5929663624915307,-0.9879544135721418,0.3949880510806111
2021-11-01,2449,3975926,158795959,39.65,40.1,39.65,40.1,0.35,2069,39.929999999999986,39.435,38.96,75.26311379252549,85.6255445580876,60.544367846530236,50.26470418637366,40.863838228421045,38.96,37.05616177157896,-0.493828331015699,-0.8891291970608532,0.39530086604515424
2021-11-02,2449,3877201,155279853,40.2,40.6,39.7,39.8,-0.3,2141,39.97999999999998,39.510000000000005,38.9825,61.08932461873636,73.76382604323773,54.66543506444389,48.1598948982889,40.914668470914705,38.9825,37.0503315290853,-0.4344600347766203,-0.7981953646040066,0.3637353298273863
2021-11-03,2449,19132602,781592753,40.75,41.9,40.15,40.4,0.6,9769,40.08999999999999,39.660000000000004,39.04,59.18981481481475,65.18075107535886,63.039547858377745,52.44861288931858,41.06672149048616,39.04,37.01327850951384,-0.33513205299641413,-0.7055827022824881,0.37045064928607396
2021-11-04,2449,11856357,485856521,40.9,41.45,40.65,40.8,0.4,5758,40.16999999999998,39.885000000000005,39.11,58.1018518518517,59.460330428467586,67.68257884902843,55.11461213985378,41.273700533807315,39.11,36.946299466192684,-0.22158298404615095,-0.6087827586352207,0.38719977458906973
2021-11-05,2449,14713832,608612674,41.0,41.85,40.8,41.7,0.9,7040,40.55999999999998,40.15,39.19,70.40094339622631,62.56420335429757,75.69674106571314,60.4830447900532,41.5986510747717,39.19,36.78134892522829,-0.05830000428117188,-0.4986862077644109,0.44038620348323904
2021-11-08,2449,13594031,572419064,42.1,42.6,41.8,41.95,0.25,7189,40.929999999999986,40.43,39.3525,79.35927672955968,69.28735732587921,77.5045803491293,61.84807166804113,42.03046097805743,39.3525,36.67453902194257,0.09023566367464753,-0.3809018334765992,0.47113749715124675
2021-11-09,2449,8350354,348669282,42.2,42.2,41.5,41.85,-0.1,5006,41.33999999999998,40.660000000000004,39.555,82.62088875141767,77.46036962573453,74.90436560682728,60.941266722337474,42.34299210902739,39.555,36.76700789097261,0.19760422787165766,-0.2652006212069479,0.46280484907860553
2021-11-10,2449,8535536,356018685,41.35,42.1,41.3,41.95,0.1,4439,41.64999999999998,40.87,39.81250000000001,78.03278688524587,80.00431745540772,75.84962817078727,61.54840382334983,42.48399302825153,39.81250000000001,37.14100697174848,0.2874502057710657,-0.15467045581134514,0.44212066158241087
2021-11-11,2449,5904599,245870695,41.6,41.8,41.45,41.55,-0.4,3218,41.799999999999976,40.985,40.040000000000006,72.83504677225147,77.82957413630498,64.51023786752415,57.68578293912778,42.47959012950879,40.040000000000006,37.60040987049122,0.3226577359683702,-0.05920481745540207,0.3818625534237723
2021-11-12,2449,9779291,411132009,41.85,42.35,41.7,42.1,0.55,4753,41.87999999999998,41.220000000000006,40.24,75.28464164694526,75.38415843481418,71.37507315183456,61.28366490353694,42.66643771813707,40.24,37.813562281862936,0.39043961591248433,0.03072406921817522,0.3597155466943091
2021-11-15,2449,7018935,295904076,42.3,42.4,41.9,42.15,0.05,4154,41.91999999999997,41.425,40.43,76.26601780396538,74.79523540772068,71.95052095542613,61.60329419076288,42.829666643515054,40.43,38.030333356484945,0.443084227083375,0.11319610079121518,0.32988812629215986
2021-11-16,2449,14058820,600541642,42.5,43.15,42.5,42.7,0.55,6539,42.089999999999975,41.714999999999996,40.612500000000004,82.13042458362649,77.89369467817903,77.70292013305931,65.02388599352771,43.117470059700786,40.612500000000004,38.10752994029922,0.5231552560396722,0.1951879318409066,0.32796732419876556
2021-11-17,2449,17640681,766878756,43.0,43.75,42.9,43.7,1.0,9245,42.439999999999976,42.045,40.852500000000006,87.3125792689957,81.90300721886251,84.4621719562596,70.2187298098315,43.566256621364126,40.852500000000006,38.13874337863589,0.6596991646972867,0.28809017841218265,0.3716089862851041
2021-11-18,2449,21557724,939128088,43.95,44.0,43.4,43.45,-0.25,6442,42.81999999999997,42.309999999999995,41.09750000000001,86.64490479179749,85.36263621480656,77.60090638256601,67.51881271925197,43.82026972952116,41.09750000000001,38.374730270478864,0.7392170513698133,0.3783155530037088,0.3609014983661045
2021-11-19,2449,17093395,757130606,43.95,44.8,43.8,43.9,0.45,8445,43.17999999999997,42.529999999999994,41.34000000000002,84.07347622036887,86.01032009372068,80.86517425547589,69.77183956133955,44.1525788877816,41.34000000000002,38.527421112218434,0.8289906998868091,0.46845058238032883,0.36054011750648024
2021-11-22,2449,10610849,463185375,43.95,44.2,43.2,43.35,-0.55,6182,43.41999999999997,42.67,41.55000000000002,70.8289241622575,80.51576839147461,66.95227474958158,63.93462753204297,44.30372475022381,41.55000000000002,38.79627524977623,0.8460043481563986,0.5439613355355428,0.30204301262085576
2021-11-23,2449,12096658,520317882,43.25,43.5,42.35,43.5,0.15,5506,43.57999999999997,42.834999999999994,41.74750000000002,64.683724235963,73.19537487286311,68.66752009865675,64.79956863128649,44.46549098600328,41.74750000000002,39.02950901399675,0.8616588663373363,0.6075008416959016,0.2541580246414348
2021-11-24,2449,10505672,450097659,43.65,43.65,42.5,42.7,-0.8,6323,43.379999999999974,42.91,41.89000000000002,50.67450764610126,62.062385348107235,51.90499765498383,56.954328213865836,44.491461127903854,41.89000000000002,39.28853887209619,0.8002866641561681,0.6460580061879548,0.15422865796821328
2021-11-25,2449,3944764,169901071,43.2,43.3,42.9,42.95,0.25,2544,43.27999999999997,43.05,42.01750000000003,43.21966363953313,52.85929850719912,55.835583761408024,58.639538954918,44.56372760176549,42.01750000000003,39.47127239823456,0.7630259739668688,0.6694515997437376,0.0935743742231312
2021-11-26,2449,6052766,256022326,42.9,42.95,42.0,42.05,-0.9,3429,42.90999999999997,43.044999999999995,42.13250000000002,23.41689178452243,39.10368769005226,41.567624489499394,50.91214108031264,44.456779458239694,42.13250000000002,39.80822054176035,0.6533428010382991,0.6662298400026498,-0.012887038964350728
2021-11-29,2449,6755624,284040005,41.5,42.7,41.2,42.5,0.45,3574,42.73999999999997,43.08,42.25250000000002,24.701240649516432,30.445932024523987,49.14777081929507,54.164506441168605,44.38451196056575,42.25250000000002,40.120488039434285,0.5958606250852867,0.6521559970191773,-0.05629537193389056
2021-11-30,2449,13704602,599018111,43.3,44.2,43.1,43.6,1.1,6377,42.75999999999997,43.17,42.442500000000024,34.854497354497234,27.657543262845355,62.88041390858952,60.9717217133333,44.329634070487245,42.442500000000024,40.5553659295128,0.6317835855199831,0.6480815147193384,-0.016297929199355243
2021-12-01,2449,8800359,385768869,44.0,44.1,43.4,43.95,0.35,5629,43.00999999999997,43.195,42.620000000000026,59.72222222222217,39.759320075411935,66.26246125015868,62.86167027009334,44.367970251461365,42.620000000000026,40.87202974853869,0.6806487700711585,0.6545949657897024,0.026053804281456094
2021-12-02,2449,5659420,248151847,43.9,44.1,43.5,43.7,-0.25,4783,43.15999999999997,43.22,42.76500000000003,75.46296296296292,56.6798941798941,61.586400612949745,60.60416030492919,44.35939643752502,42.76500000000003,41.17060356247504,0.6912337577386509,0.6619227241794922,0.02931103355915876
2021-12-03,2449,7774174,343525447,44.0,44.5,43.8,44.4,0.7,4775,43.62999999999997,43.269999999999996,42.90000000000003,85.56397306397298,73.58305274971936,68.78274722531933,64.4534766610328,44.56643331699584,42.90000000000003,41.23356668300421,0.7474899873044762,0.679036176804489,0.06845381049998722
2021-12-06,2449,8009477,356780818,44.35,44.95,43.85,44.95,0.55,5896,44.11999999999997,43.42999999999999,43.050000000000026,93.4343434343433,84.82042648709306,73.35791225099074,67.16792111395473,44.87948080066296,43.050000000000026,41.22051919933709,0.8269216202998777,0.7086132655035667,0.11830835479631097
2021-12-07,2449,14708632,666756830,45.45,45.75,45.0,45.45,0.5,7698,44.489999999999974,43.62499999999999,43.23000000000003,96.79209679209669,91.930137763471,76.94206562560174,69.45174315486953,45.25024750958688,43.23000000000003,41.20975249041319,0.9196168128712046,0.7508139749770943,0.1688028378941102
2021-12-08,2449,8848746,402095092,45.85,45.85,45.05,45.05,-0.4,6562,44.70999999999998,43.86,43.385000000000026,92.06743077710807,94.09795700118269,68.35885292839727,65.52488840292932,45.46348502520357,43.385000000000026,41.306514974796485,0.9498524559071839,0.7906216711631122,0.1592307847440717
2021-12-09,2449,10961179,490046739,45.4,45.5,44.15,44.4,-0.65,6366,44.84999999999998,44.004999999999995,43.527500000000025,81.67316554413314,90.17756437111264,56.42551997344489,59.625193694387704,45.46952857857345,43.527500000000025,41.5854714214266,0.910864968759789,0.8146703306824475,0.09619463807734141
2021-12-10,2449,9153629,405369457,44.7,44.75,44.05,44.3,-0.1,7366,44.829999999999984,44.23,43.637500000000024,65.08308895405648,79.60789509176591,54.71125825318046,58.748811270578074,45.4908415767193,43.637500000000024,41.78415842328075,0.861961781179815,0.8241286207819211,0.03783316039789397
2021-12-13,2449,3485821,155284792,44.45,44.75,44.4,44.4,0.1,2452,44.719999999999985,44.419999999999995,43.75000000000002,51.08996482268352,65.9487397736244,56.261544141318495,59.39159441173022,45.498713813063,43.75000000000002,42.001286186937044,0.8218015996720851,0.8236632165599539,-0.0018616168878687889
2021-12-14,2449,3940482,172999554,44.3,44.3,43.7,43.7,-0.7,3014,44.36999999999998,44.42999999999999,43.800000000000026,30.987776154949273,49.05360997722977,43.969637485939586,53.14847630010421,45.48166584076503,43.800000000000026,42.11833415923502,0.7251313537652067,0.8039568440010044,-0.07882549023579777
2021-12-15,2449,5349616,235374784,44.0,44.4,43.7,43.75,0.05,3278,44.10999999999998,44.40999999999999,43.80250000000002,17.217515407944347,33.098418795192394,44.97151338416934,53.5242785318492,45.48371236017235,43.80250000000002,42.1212876398277,0.6451175559320106,0.7721889863872057,-0.1270714304551951
2021-12-16,2449,4580348,202076343,44.1,44.35,43.9,44.2,0.45,2678,44.06999999999998,44.459999999999994,43.84000000000002,11.364011215569747,19.856434259487802,53.66997295905765,56.87681605303139,45.52154690686788,43.84000000000002,42.15845309313215,0.6109743518640443,0.7399460594825734,-0.12897170761852916
2021-12-17,2449,6981068,304231478,44.0,44.0,43.35,43.4,-0.8,3896,43.88999999999998,44.35999999999999,43.81500000000002,9.193798449612224,12.591775024375451,40.41861304146826,49.9750127640532,45.507069738514346,43.81500000000002,42.12293026148569,0.5134436438123444,0.6946455763485276,-0.18120193253618322
2021-12-20,2449,5017410,217369805,43.25,43.7,43.0,43.2,-0.2,2985,43.64999999999998,44.18499999999999,43.80750000000002,10.757785937712393,10.438531867631466,37.70344387746599,48.39397131676832,45.50905076327313,43.80750000000002,42.10594923672691,0.41522507033807443,0.638761475146437,-0.22353640480836257
2021-12-21,2449,4354413,189125812,43.25,43.8,43.2,43.25,0.05,2522,43.55999999999998,43.96499999999999,43.79500000000002,6.339181286549597,8.763588557958082,38.90056874396396,48.829816258379836,45.50903033811937,43.79500000000002,42.08096966188067,0.3375298908885682,0.5785151582948632,-0.240985267406295
2021-12-22,2449,5441671,235469628,43.5,43.7,43.1,43.2,-0.05,3426,43.449999999999974,43.77999999999999,43.82000000000002,9.482038429406833,8.859668551222953,38.04756858607898,48.38969822107856,45.48324983090158,43.82000000000002,42.156750169098466,0.26882250082541503,0.5165766268009736,-0.24775412597555857
2021-12-23,2449,7157663,311899849,43.55,44.1,43.3,43.55,0.35,3780,43.31999999999998,43.69499999999999,43.850000000000016,17.619047619047514,11.14675577833466,47.456806599636806,51.67332448776105,45.47049375191533,43.850000000000016,42.229506248084704,0.23984864820242535,0.46123103108126395,-0.2213823828788386
2021-12-24,2449,3462114,151370508,43.8,43.9,43.55,43.8,0.25,2104,43.39999999999998,43.644999999999996,43.937500000000014,33.33333333333318,20.144806460595856,53.359835703827876,53.92813357596744,45.33316292492065,43.937500000000014,42.54183707507938,0.23435803833310587,0.41585643253163235,-0.18149839419852648
2021-12-27,2449,3834151,168838222,44.0,44.15,43.8,44.1,0.3,2267,43.57999999999998,43.614999999999995,44.01750000000002,55.71428571428557,35.555555555555436,59.69862555053411,56.54811042079649,45.24805881614616,44.01750000000002,42.78694118385388,0.2513171555200131,0.3829485771293085,-0.13163142160929542
2021-12-28,2449,5962985,265850665,44.4,44.8,44.3,44.6,0.5,3470,43.84999999999998,43.705,44.06750000000002,74.86772486772485,54.638447971781204,68.1227177134585,60.572452109584255,45.30736894468609,44.06750000000002,42.827631055313944,0.3016262398628058,0.36668410967600795,-0.06505786981320216
2021-12-29,2449,4298369,191114498,44.6,44.7,44.15,44.55,-0.05,2941,44.11999999999998,43.785000000000004,44.09750000000001,84.52380952380955,71.70194003527332,66.50098922056905,59.974266707567736,45.353475716325065,44.09750000000001,42.84152428367496,0.3336162490788084,0.36007053755656804,-0.026454288477759658
2021-12-30,2449,6028803,269522144,44.6,44.9,44.3,44.8,0.25,3166,44.36999999999998,43.845000000000006,44.15250000000001,89.91228070175431,83.10127169776291,70.58570149965374,61.995208023148365,45.430183450624035,44.15250000000001,42.874816549375986,0.37482077197932995,0.3630205844411204,0.01180018753820955
2022-01-03,2449,7274021,327363227,45.15,45.55,44.55,44.55,-0.25,4139,44.51999999999998,43.96000000000001,44.16000000000001,80.01054222858717,84.81554415138368,61.79489223595915,58.79806459455954,45.44514590611275,44.16000000000001,42.87485409388727,0.3828890361096029,0.3669942747748169,0.01589476133478601
2022-01-04,2449,5384888,240319133,44.6,44.9,44.45,44.5,-0.05,2834,44.59999999999998,44.09000000000001,44.1375,70.35445757250254,80.09242683428134,60.04986994739714,58.152136238220486,45.381636246558315,44.1375,42.89336375344169,0.38085831386284497,0.3697670825924225,0.011091231270422441
2022-01-05,2449,7220332,323377049,44.8,45.15,44.4,44.85,0.35,3948,44.649999999999984,44.250000000000014,44.1075,61.73847316704454,70.70115765604474,67.53653076717299,61.352677660588085,45.248234412561324,44.1075,42.96676558743868,0.4028472543947217,0.37638311695288235,0.02646413744183934
2022-01-06,2449,5074466,225104537,44.55,44.6,44.1,44.25,-0.6,3285,44.58999999999999,44.35500000000001,44.06750000000001,53.67724867724869,61.923393138931914,49.124610786899645,53.76180218424965,45.1264027339646,44.06750000000001,43.008597266035416,0.36762095704055753,0.3746306849704174,-0.007009727929859877
2022-01-07,2449,17193808,773078759,44.8,45.35,44.55,44.65,0.4,8442,44.55999999999999,44.46500000000001,44.080000000000005,50.820105820105844,55.41194255479968,58.0249588697339,57.53398935768297,45.15999999999961,44.080000000000005,43.0000000000004,0.3677414254150406,0.37325283305934204,-0.005511407644301414
2022-01-10,2449,5792155,257468934,44.7,44.95,44.1,44.3,-0.35,4808,44.50999999999999,44.51500000000001,44.080000000000005,32.45484400656802,45.65073283464084,49.23257500000673,53.426804315246414,45.15999999999961,44.080000000000005,43.0000000000004,0.3357247960740821,0.36574722566229007,-0.030022429588207944
2022-01-11,2449,4826250,215142926,44.3,44.85,44.25,44.45,0.15,2645,44.499999999999986,44.550000000000004,44.08250000000001,28.834154351395615,37.36970139268981,52.80801924385637,54.912347573148736,45.16567819401818,44.08250000000001,42.99932180598184,0.31878043068074646,0.35635386666598134,-0.03757343598523488
2022-01-12,2449,5240698,231457627,44.75,44.8,43.8,44.05,-0.4,3323,44.33999999999999,44.495000000000005,44.10000000000001,17.405582922824163,26.23152709359592,43.31689400011206,50.304389077568956,45.169111780870224,44.10000000000001,43.03088821912979,0.26996327339900716,0.3390757480125865,-0.06911247461357933
2022-01-13,2449,22928598,1034046506,44.2,45.5,44.15,45.45,1.4,10077,44.579999999999984,44.585,44.18500000000001,44.2364532019705,30.15873015873008,67.30876086500535,62.245818893125715,45.390860688469196,44.18500000000001,42.97913931153082,0.3403206199913882,0.3393247224083468,0.0009958975830413608
2022-01-14,2449,19132455,857994229,45.75,46.05,43.9,44.4,-1.05,11766,44.52999999999999,44.545,44.19500000000001,45.0793650793651,35.57380040138657,49.11774733818631,52.12861641956835,45.40450403058313,44.19500000000001,42.98549596941689,0.3078049158117224,0.33302076108902195,-0.02521584527729953
2022-01-17,2449,24666627,1139028676,44.5,46.9,44.45,46.9,2.5,12913,45.04999999999998,44.779999999999994,44.370000000000005,73.65079365079367,54.32220397737641,70.93652281197646,66.21065255170733,46.00627626029279,44.370000000000005,42.733723739707216,0.47825210010615393,0.36206702889244835,0.11618507121370558
2022-01-18,2449,25632011,1209551747,46.3,47.75,46.25,47.05,0.15,14340,45.56999999999998,45.035,44.5625,69.64838255977486,62.79284709664453,71.78348771581393,66.84092427742773,46.483925252254046,44.5625,42.641074747745954,0.6183089869453156,0.4133154205030218,0.20499356644229377
2022-01-19,2449,13192666,621645485,46.1,47.4,46.1,47.2,0.15,8412,46.199999999999974,45.269999999999996,44.760000000000005,89.45147679324884,77.58355100127245,72.7112738852654,67.49390079016058,46.90070081982486,44.760000000000005,42.61929918017515,0.7329597217971298,0.4772442807618434,0.2557154410352864
2022-01-20,2449,12249752,577334062,46.75,47.55,46.7,46.7,-0.5,5726,46.449999999999974,45.51499999999999,44.935,80.59071729957799,79.89685888420055,64.46775488045114,63.03775577387745,47.108959521242255,44.935,42.76104047875775,0.7745469388827715,0.536704812386029,0.23784212649674252
2022-01-21,2449,11327906,522122250,46.45,46.7,45.3,46.1,-0.6,5548,46.78999999999998,45.66,45.06250000000001,72.57383966244723,80.87201125175801,55.636915766080584,58.08208008305725,47.19530918039981,45.06250000000001,42.929690819600204,0.7504395227660225,0.5794517544620277,0.17098776830399487
2022-01-24,2449,11321167,515828333,45.7,46.1,44.75,45.85,-0.25,8662,46.57999999999997,45.815,45.165000000000006,61.181434599156084,71.4486638537271,52.16346305652688,56.1030075153085,47.241559654813294,45.165000000000006,43.08844034518672,0.7030569087398959,0.6041727853176013,0.09888412342229458
2022-01-25,2449,7456343,339971411,45.25,46.1,45.1,45.3,-0.55,5451,46.229999999999976,45.9,45.22500000000001,48.83007288070571,60.86178238076966,44.95924537182307,51.91221212345643,47.243539075667606,45.22500000000001,43.20646092433241,0.61404708967396,0.6061476461888731,0.007899443485086977
2022-01-26,2449,5792668,260864552,45.2,45.5,44.8,44.8,-0.5,5320,45.74999999999998,45.975,45.235,37.21299797249152,49.07483515078443,39.215072080175084,48.37452799401186,47.243008964123504,45.235,43.226991035876495,0.4974263244265842,0.5844033818364153,-0.08697705740983108
2022-02-07,2449,11117532,492169677,45.5,45.5,43.65,44.05,-0.75,9425,45.219999999999985,45.835,45.21,23.16545243374496,36.40284109564739,32.04927132144226,43.5773455837761,47.26343614461196,45.21,43.15656385538804,0.3405590431139487,0.535634514091922,-0.1950754709779733
2022-02-08,2449,13518402,593857920,44.2,44.4,43.65,43.9,-0.15,6905,44.77999999999999,45.785000000000004,45.165000000000006,13.076760637736106,24.485070347990856,30.738661411309753,42.66603491308329,47.29058227316578,45.165000000000006,43.03941772683423,0.20181050028366343,0.4688697113302703,-0.26705921104660685
2022-02-09,2449,10665218,470816193,44.15,44.35,44.0,44.15,0.25,5094,44.43999999999998,45.510000000000005,45.145,9.558057119032602,15.266756730171217,35.840337679402154,44.74022349855771,47.30066695015692,45.145,42.98933304984308,0.11074756216553538,0.3972452814973233,-0.2864977193317879
2022-02-10,2449,7137773,318179511,44.4,44.8,44.3,44.55,0.4,4450,44.289999999999985,45.260000000000005,45.1475,13.998332291015094,12.21105001592793,43.595682882345635,47.98278361298876,47.3002830824307,45.1475,42.9947169175693,0.07004870680614061,0.3318059665590868,-0.26175725975294617
2022-02-11,2449,4878823,216551054,44.4,44.65,44.15,44.4,-0.15,3248,44.20999999999999,44.980000000000004,45.125,20.162533277287242,14.572974229111642,41.40600394582765,46.87205275587532,47.29905151732882,45.125,42.95094848267118,0.02539805139002027,0.27052438352527347,-0.2451263321352532
2022-02-14,2449,8328577,362119704,44.0,44.0,43.2,43.3,-1.1,5492,44.05999999999999,44.64,45.0775,17.038454291139224,17.06643995314718,28.960926109709956,39.62757611462021,47.364523174346814,45.0775,42.79047682565319,-0.09762338007719507,0.19689483080477976,-0.29451821088197483
2022-02-15,2449,9409377,407595787,43.05,43.9,42.7,43.55,0.25,5481,43.98999999999999,44.385000000000005,45.022499999999994,17.67947993216482,18.293489166863754,34.20446880610758,41.828159619688776,47.39915205699165,45.022499999999994,42.645847943008334,-0.17295215538538855,0.1229254335667461,-0.2958775889521347
2022-02-16,2449,7632001,336533812,43.95,44.3,43.8,43.8,0.25,5136,43.91999999999998,44.18,44.997499999999995,22.577996715927465,19.098643646410498,39.421161449765144,44.02538710407447,47.41420747092063,44.997499999999995,42.58079252907936,-0.2100564419614912,0.05632905846109863,-0.26638550042258985
2022-02-17,2449,8528569,377683243,43.85,44.7,43.85,44.1,0.3,4454,43.82999999999998,44.06,44.98,38.095238095237875,26.117571581110052,45.47364170021787,46.630469881032695,47.417293581003776,44.98,42.54270641899622,-0.21280132241898997,0.002502982285080904,-0.21530430470407086
2022-02-18,2449,2383371,105070756,43.65,44.25,43.6,44.15,0.05,1780,43.77999999999998,43.995,44.985,52.7777777777776,37.81700419631431,46.512743976489695,47.072594266468656,47.41504115191566,44.985,42.55495884808434,-0.20853817950199982,-0.03970525007233524,-0.16883292942966457
2022-02-21,2449,3462681,152681590,44.05,44.45,43.8,44.05,-0.1,2119,43.929999999999986,43.995,44.91499999999999,61.11111111111095,50.66137566137547,44.53255690818741,46.24740580709441,47.36797778220769,44.91499999999999,42.462022217792295,-0.21079881477214002,-0.0739239630122962,-0.13687485175984382
2022-02-22,2449,6329315,274198918,43.9,44.0,43.0,43.1,-0.95,4041,43.83999999999998,43.915000000000006,44.849999999999994,50.793650793650635,54.89417989417973,30.256163385634366,39.214428851672714,47.42021399887312,44.849999999999994,42.279786001126865,-0.28595117784963264,-0.11632940597976349,-0.16962177186986915
2022-02-23,2449,2592910,112902282,43.25,43.75,43.25,43.6,0.5,1751,43.79999999999998,43.86000000000001,44.684999999999995,42.7777777777776,51.56084656084639,41.727140151701704,44.03807606277653,47.128174164893665,44.684999999999995,42.241825835106326,-0.3016864916243094,-0.15340082310867267,-0.1482856685156367
2022-02-24,2449,6927784,297800245,43.3,43.55,42.5,42.75,-0.85,4644,43.52999999999999,43.68000000000001,44.47,25.137085137084984,39.56950456950441,31.463573209406082,38.45176719335376,46.79688633156035,44.47,42.143113668439646,-0.3783829740218607,-0.19839725329131028,-0.17998572073055044
2022-02-25,2449,5764171,250934899,43.1,43.75,43.0,43.5,0.75,3624,43.399999999999984,43.59000000000001,44.285,33.93939393939377,33.95141895141879,45.310993144387275,45.072600670825,46.278765282073685,44.285,42.29123471792631,-0.37433169414504874,-0.23358414146205797,-0.14074755268299077
2022-03-01,2449,4238154,185358966,43.6,43.9,43.3,43.85,0.35,2874,43.359999999999985,43.64500000000001,44.1425,39.39393939393924,32.82347282347266,50.73071765362426,47.889761260812165,45.80541160318327,44.1425,42.47958839681672,-0.33897149829689255,-0.2546616128290249,-0.08430988546786766
2022-03-02,2449,3325904,145143241,43.75,43.85,43.5,43.6,-0.25,2630,43.45999999999999,43.65000000000001,44.0175,52.27272727272712,41.868686868686716,46.86076787211553,46.0720827987471,45.43004203477349,44.0175,42.604957965226504,-0.3273477380364014,-0.2691988378705002,-0.058148900165901185
2022-03-03,2449,3439561,151706888,43.95,44.4,43.9,44.1,0.5,2422,43.55999999999999,43.680000000000014,43.92999999999999,64.47163947163932,52.0461020461019,54.89015572323258,50.147534146493335,45.06771701226772,43.92999999999999,42.792282987732264,-0.2746243049202235,-0.27028393128044487,-0.0043403736397786274
2022-03-04,2449,3294922,144796782,43.95,44.2,43.6,43.9,-0.2,1628,43.789999999999985,43.66000000000001,43.86,67.94871794871774,61.5643615643614,51.27459094163079,48.566491900580424,44.80847245611117,43.86,42.91152754388883,-0.24614156609791138,-0.2654554582439382,0.0193138921460268
2022-03-07,2449,9985366,424536645,43.75,43.75,41.95,41.95,-1.95,7342,43.47999999999998,43.44000000000001,43.7175,51.28205128205108,61.23413623413605,29.312145444048056,36.48757086061578,44.88851451741621,43.7175,42.54648548258379,-0.3765765534468315,-0.2876796772845168,-0.08889687616231468
2022-03-08,2449,10240729,424999082,41.5,42.15,41.0,41.95,0.0,5790,43.09999999999999,43.230000000000004,43.612500000000004,33.24534942181986,50.825372884196234,29.312145444048056,36.48757086061579,45.00169940973203,43.612500000000004,42.223300590267975,-0.4744777366581303,-0.3250392891592395,-0.1494384474988908
2022-03-09,2449,5798350,242709818,42.1,42.1,41.6,41.85,-0.1,4475,42.749999999999986,43.105000000000004,43.510000000000005,17.64705882352933,34.05815317580009,28.461221022221977,35.9557148266834,45.08879701038439,43.510000000000005,41.93120298961562,-0.5537509971609111,-0.3707816307595738,-0.18296936640133732
2022-03-10,2449,4110996,175089739,42.55,42.85,42.35,42.45,0.6,2697,42.419999999999995,42.99,43.42500000000001,31.86274509803917,27.58505111446279,40.54331276588765,41.46854243880884,45.03946585594006,43.42500000000001,41.810534144059964,-0.561685876504562,-0.4089624799085715,-0.15272339659599055
2022-03-11,2449,4835134,204117878,42.5,42.75,41.95,42.0,-0.45,3059,42.03999999999999,42.915000000000006,43.297500000000014,32.352941176470516,27.287581699346344,35.32331713715353,38.77286531671684,44.93898560761179,43.297500000000014,41.656014392388236,-0.5973991195629225,-0.4466498078394417,-0.15074931172348077
2022-03-14,2449,4764820,204171789,42.35,43.15,42.35,43.05,1.05,2657,42.25999999999999,42.870000000000005,43.23000000000001,44.117647058823415,36.111111111111036,52.108695905473866,47.369833418612295,44.793777477774896,43.23000000000001,41.66622252222513,-0.5348109297133448,-0.4642820322142223,-0.07052889749912244
2022-03-15,2449,3388245,143740930,43.05,43.05,42.05,42.1,-0.95,2129,42.28999999999999,42.69500000000001,43.170000000000016,40.68627450980379,39.05228758169924,40.90338818530617,41.66905662086154,44.808719011910156,43.170000000000016,41.531280988089875,-0.5554633629683678,-0.48251829836505145,-0.0729450646033164
2022-03-16,2449,5281515,222662601,42.75,42.85,41.9,42.25,0.15,2870,42.36999999999999,42.56,43.10500000000002,43.90318627450966,42.90236928104562,43.15513354830159,42.83878748611983,44.780977326813996,43.10500000000002,41.42902267318604,-0.5533481655132633,-0.4966842717946938,-0.05666389371856945
2022-03-17,2449,5079610,216125678,42.7,43.0,42.35,42.6,0.35,2935,42.39999999999999,42.410000000000004,43.04500000000002,43.19908645276282,42.59618241235876,48.49722033096228,45.58098717552076,44.70298069952376,43.04500000000002,41.38701930047628,-0.517464769609532,-0.5008403713576615,-0.016624398251870565
2022-03-18,2449,3187100,135381764,42.8,42.9,42.25,42.45,-0.15,1989,42.489999999999995,42.265,42.96250000000002,54.89539288231143,47.33255520319464,46.32069005183927,44.593620920098246,44.565582967283866,42.96250000000002,41.35941703271617,-0.49541977544439675,-0.4997562521750085,0.004336476730611771
2022-03-21,2449,2943021,125931508,42.55,42.95,42.55,42.85,0.4,1648,42.449999999999996,42.355000000000004,42.89750000000002,68.75627997908568,55.61691977138664,52.89739441281128,47.83849665035327,44.405304695573854,42.89750000000002,41.38969530442619,-0.44059341505354155,-0.4879236847507151,0.04733026969717358
2022-03-22,2449,3532413,151304563,42.95,43.05,42.6,43.0,0.15,2251,42.629999999999995,42.46000000000001,42.84500000000003,78.69567391847964,67.44911559329223,55.293731320038205,49.04367778924076,44.25882460015173,42.84500000000003,41.43117539984832,-0.38065146984641984,-0.46646924176985605,0.0858177719234362
2022-03-23,2449,5939864,255951142,43.3,43.35,42.85,43.0,0.0,4232,42.779999999999994,42.575,42.840000000000025,81.50241008527989,76.31812132761506,55.2937313200382,49.04367778924076,44.25088624629833,42.840000000000025,41.42911375370172,-0.32935049887393575,-0.439045493190672,0.10969499431673624
2022-03-24,2449,5479286,236236932,42.9,43.35,42.85,43.35,0.35,4166,42.92999999999999,42.665000000000006,42.82750000000003,87.95402298850564,82.71736899742172,61.51235957580292,52.04220234411794,44.21547514386747,42.82750000000003,41.439524856132586,-0.25748392048951985,-0.40273317865044156,0.1452492581609217
2022-03-25,2449,6615648,285267076,43.6,43.65,42.85,43.05,-0.3,3479,43.05,42.77000000000001,42.84250000000002,80.52545155993414,83.32729487790654,54.000856944395714,49.36098953433643,44.233282154039635,42.84250000000002,41.45171784596041,-0.22217553092350073,-0.3666216491050534,0.14444611818155267
2022-03-28,2449,2712409,116358534,42.9,43.25,42.5,43.0,-0.05,1875,43.08,42.76500000000001,42.817500000000024,76.19047619047605,81.55665024630525,52.74838179605372,48.90872204849303,44.17774813912584,42.817500000000024,41.45725186087421,-0.1959689518512775,-0.33249110965429823,0.13652215780302074
2022-03-29,2449,3548150,152362097,43.1,43.15,42.7,42.75,-0.25,1896,43.03,42.830000000000005,42.762500000000024,54.76190476190464,70.49261083743825,46.462224314980524,46.60919864843744,44.03759803544446,42.762500000000024,41.48740196455559,-0.19314648731491246,-0.3046221851864211,0.11147569787150863
2022-03-30,2449,3758127,161564904,43.1,43.1,42.8,42.95,0.2,1967,43.02,42.900000000000006,42.730000000000025,49.52380952380951,60.158730158730044,51.82105658465619,48.68768785253711,43.949999999997864,42.730000000000025,41.51000000000219,-0.17277963917599237,-0.27825367598433537,0.105474036808343
2022-03-31,2449,1945788,83484742,42.95,43.0,42.8,42.85,-0.1,1051,42.92,42.925000000000004,42.667500000000025,38.71635610766047,47.66735679779152,48.962229926621745,47.68804347823273,43.7164399410807,42.667500000000025,41.61856005891935,-0.16283091611357747,-0.25516912401018377,0.0923382078966063
2022-04-01,2449,3707930,156511718,42.6,42.6,42.1,42.2,-0.65,2445,42.75,42.900000000000006,42.582500000000024,28.962131837307187,39.06743248959237,34.52051021587708,41.69547094828169,43.483208054807726,42.582500000000024,41.68179194519232,-0.20503256139386394,-0.2451418114869198,0.040109250093055854
2022-04-06,2449,10892353,448166690,42.1,42.15,40.8,41.0,-1.2,6785,42.35,42.715,42.535000000000025,14.634646457190177,27.437711467385924,21.109710449470885,33.36073297340017,43.640938515468044,42.535000000000025,41.429061484532006,-0.33148647081410587,-0.26241074335235703,-0.06907572746174884
2022-04-07,2449,5900968,240349730,41.0,41.1,40.35,40.4,-0.6,3519,41.88,42.455,42.457500000000024,4.994769426008716,16.19718257350201,17.209686856646098,30.118858037141443,43.88658187309095,42.457500000000024,41.0284181269091,-0.47464567083493137,-0.3048577288488719,-0.16978794198605945
2022-04-08,2449,5712521,233988537,41.2,41.35,40.7,41.0,0.6,3457,41.489999999999995,42.255,42.41500000000002,9.409888357256635,9.679768080151824,31.89020323517805,36.73919466085655,43.95970061824224,42.41500000000002,40.8702993817578,-0.5335351218958593,-0.3505932074582694,-0.1829419144375899
2022-04-11,2449,7108081,290958653,41.4,41.4,40.5,40.6,-0.4,3711,41.04,41.980000000000004,42.32250000000002,9.944270289097702,8.116309357454332,28.025073330578554,34.39946746655876,44.05757204461322,42.32250000000002,40.58742795538682,-0.605502240283819,-0.4015750140233793,-0.20392722626043974
2022-04-12,2449,5536634,224614671,40.6,40.95,40.2,40.8,0.2,2746,40.760000000000005,41.755,42.26250000000002,16.21888080099632,11.857679815783532,32.77773340970259,36.574443931421314,44.116920394624415,42.26250000000002,40.40807960537562,-0.6390320083623209,-0.4490664128911676,-0.18996559547115327
2022-04-13,2449,4195370,172205092,41.0,41.45,40.55,41.35,0.55,3012,40.83,41.59,42.17750000000002,22.871615039937456,16.344922043343804,44.52936445431272,42.245339021470144,44.03558369025655,42.17750000000002,40.319416309743495,-0.6141447097530275,-0.4820820722635396,-0.13206263748948788
2022-04-14,2449,2073871,85577567,41.45,41.45,41.1,41.3,-0.05,1512,41.010000000000005,41.44500000000001,42.13750000000002,33.09328991678469,24.061261919239467,43.71876375647531,41.87875536918781,44.034570109405486,42.13750000000002,40.24042989059455,-0.5916359178539707,-0.5039928413816258,-0.08764307647234493
2022-04-15,2449,3013859,122995443,41.05,41.05,40.65,40.8,-0.5,2014,40.970000000000006,41.230000000000004,42.06500000000001,34.64696223316885,30.203955729963642,36.060373594305986,38.29965528775388,44.04820447760718,42.06500000000001,40.081795522392845,-0.6071445747096575,-0.5246231880472322,-0.08252138666242537
2022-04-18,2449,2311201,94222523,40.8,41.0,40.3,40.8,0.0,1516,41.010000000000005,41.025000000000006,41.97500000000001,31.68498168498134,33.14174461164494,36.060373594305986,38.29965528775388,44.01546563313436,41.97500000000001,39.934534366865655,-0.6123762052978989,-0.5421737914973656,-0.07020241380053338
2022-04-19,2449,1515439,62429072,40.95,41.3,40.95,41.25,0.45,1231,41.1,40.93000000000001,41.915000000000006,46.58974358974323,37.64056250263112,47.35694792355309,43.352892564823804,43.96660912456608,41.915000000000006,39.863390875433936,-0.5735989790602218,-0.5484588290099368,-0.025140150050285026
2022-04-20,2449,2868944,118116051,41.4,41.4,40.95,41.2,-0.05,1969,41.07000000000001,40.95,41.83250000000001,64.92307692307664,47.73260073260038,46.296643780122494,42.93215914986074,43.85963467732207,41.83250000000001,39.80536532267795,-0.5406698248391351,-0.5469010281757765,0.0062312033366414
2022-04-21,2449,3428149,141178101,41.3,41.45,41.0,41.05,-0.15,1813,41.02,41.01500000000001,41.73500000000001,77.33333333333297,62.948717948717594,42.93231015650757,41.62698104618332,43.71517675978768,41.73500000000001,39.75482324021233,-0.5206749624170399,-0.5416558150240292,0.02098085260698923
2022-04-22,2449,1834601,75062384,40.8,41.1,40.75,40.95,-0.1,1257,41.05,41.010000000000005,41.63250000000001,69.33333333333304,70.52991452991421,40.63557215045094,40.737824348522736,43.55142548057551,41.63250000000001,39.713574519424505,-0.5070530620872802,-0.5347352644366794,0.02768220234939922
2022-04-25,2449,3967206,159680276,40.4,40.45,40.15,40.15,-0.8,2303,40.92,40.965,41.47250000000001,42.66666666666638,63.111111111110795,27.102979437918567,34.4062045768592,43.32438417564381,41.47250000000001,39.620615824356214,-0.5544199143977337,-0.5386721944288902,-0.0157477199688435
2022-04-26,2449,2865924,115140828,40.3,40.55,40.05,40.05,-0.1,1930,40.67999999999999,40.89,41.322500000000005,19.99999999999987,43.99999999999975,25.8476643735417,33.70109644662725,43.124297713397,41.322500000000005,39.52070228660301,-0.5931897284369967,-0.5495757012305116,-0.043614027206485106
2022-04-27,2449,4320464,170943112,39.75,40.2,39.1,40.0,-0.05,3042,40.44,40.755,41.17250000000001,12.76595744680835,25.144208037824853,25.167684954912644,33.33326278628392,42.88815585127169,41.17250000000001,39.45684414872832,-0.6207935459499581,-0.5638192701744009,-0.05697427577555714
2022-04-28,2449,3696327,150326403,40.3,41.0,40.2,40.75,0.75,1838,40.379999999999995,40.7,41.072500000000005,36.17021276595725,22.978723404255145,48.75818009796929,43.32566317491925,42.635021999846174,41.072500000000005,39.509978000153836,-0.5755168383495715,-0.5661587838094351,-0.009358054540136385
2022-04-29,2449,3649354,149240021,41.55,41.6,40.45,40.45,-0.3,2424,40.279999999999994,40.665,40.947500000000005,54.170212765957274,34.368794326240945,42.505078574910634,40.69795069838601,42.27093303570815,40.947500000000005,39.62406696429186,-0.5574166618723524,-0.5644103594220186,0.006993697549666167
2022-05-03,2449,1776571,72331507,40.5,40.95,40.45,40.95,0.5,1284,40.44,40.67999999999999,40.852500000000006,66.07092198581547,52.137115839243314,53.98085497496952,46.51977727480387,41.84822837661766,40.852500000000006,39.85677162338235,-0.4969972454087497,-0.5509277366193648,0.053930491210615106
2022-05-04,2449,3983615,161420830,41.05,41.15,40.2,40.3,-0.65,2693,40.489999999999995,40.584999999999994,40.75750000000001,58.666666666666515,59.635933806146404,41.43699964852935,40.89861412692527,41.56575429166965,40.75750000000001,39.949245708330366,-0.4958481613371646,-0.5399118215629247,0.04406366022576014
2022-05-05,2449,6096664,251328702,40.85,41.75,40.8,41.45,1.15,2846,40.779999999999994,40.61,40.78000000000001,70.22641509433949,64.98800124894048,60.42098921337951,51.958989458154456,41.63755466298208,40.78000000000001,39.92244533701793,-0.397559298758722,-0.5114413170020842,0.11388201824336219
2022-05-06,2449,7845801,326937127,40.7,42.1,40.7,41.95,0.5,3967,41.019999999999996,40.699999999999996,40.85750000000001,77.22641509433949,68.70649895178182,66.0099926848663,55.82944352786679,41.83539314344784,40.85750000000001,39.87960685655218,-0.27613572495784666,-0.46438019859323665,0.18824447363538999
2022-05-09,2449,27206991,1172114366,42.3,43.95,42.15,42.9,0.95,14733,41.51,40.894999999999996,40.95250000000001,87.34325358231202,78.26536125699698,74.11307569901574,62.08046599525843,42.27555517647665,40.95250000000001,39.629444823523365,-0.10207297368983603,-0.3919187536125565,0.2898457799227205
2022-05-10,2449,12662062,539108767,42.25,43.5,41.35,43.5,0.6,7083,42.019999999999996,41.23,41.09750000000001,88.0240549828177,84.19790788648972,77.98094765650401,65.40998339042179,42.81198972000423,41.09750000000001,39.383010279995794,0.08332744936846126,-0.29686951301635295,0.3801969623848142
2022-05-11,2449,8751143,376988714,43.6,43.95,42.75,42.95,-0.55,5589,42.54999999999999,41.519999999999996,41.20500000000001,80.80183276059547,85.38971377524172,67.23712142046358,60.192547258211825,43.092299658241835,41.20500000000001,39.31770034175819,0.18375994664355488,-0.20074362108437138,0.38450356772792627
2022-05-12,2449,8103511,345652698,42.95,43.2,42.15,42.3,-0.65,4533,42.71999999999999,41.74999999999999,41.25250000000001,73.3516609392896,80.72584956090093,56.503562296222334,54.64502466704684,43.198900524044404,41.25250000000001,39.30609947595562,0.20850039383465457,-0.11889481810056618,0.32739521193522075
2022-05-13,2449,5568475,237751931,42.85,43.0,42.3,42.85,0.55,3101,42.89999999999999,41.959999999999994,41.33000000000001,66.66666666666647,73.60672012218384,62.42503048225163,58.15895312699416,43.39746221247216,41.33000000000001,39.26253778752786,0.2693825060916737,-0.041239353262118195,0.3106218593537919
2022-05-16,2449,5759987,249015638,43.6,43.75,43.0,43.1,0.25,3651,42.93999999999999,42.225,41.445000000000014,67.99999999999979,69.33944253531861,64.95505756300939,59.68780845754307,43.63404088586744,41.445000000000014,39.25595911413259,0.3339553005256164,0.03379957749542872,0.30015572303018767
2022-05-17,2449,6219162,271185784,43.45,43.8,43.2,43.75,0.65,3850,42.989999999999995,42.505,41.592500000000015,80.61538461538443,71.76068376068355,70.89877257036291,63.42938117586574,43.976671763946484,41.592500000000015,39.208328236053546,0.43259261467727583,0.11355818493179815,0.3190344297454777
2022-05-18,2449,8990537,395861383,44.0,44.3,43.75,43.9,0.15,5821,43.17999999999999,42.864999999999995,41.725000000000016,86.6894586894585,78.43494776828089,72.16957253903341,64.25391569562142,44.30482557549905,41.725000000000016,39.14517442450098,0.5169085432613088,0.19422825659770027,0.3226802866636085
2022-05-19,2449,13176860,583308422,43.25,44.65,43.1,44.6,0.7,7851,43.63999999999999,43.18,41.89500000000002,93.73996373996358,87.01493568160215,77.5152974432641,67.89206390674384,44.74770047498838,41.89500000000002,39.04229952501166,0.6329177916589259,0.2819661636099454,0.3509516280489805
2022-05-20,2449,6340874,281199932,44.85,44.85,44.1,44.2,-0.4,4040,43.90999999999999,43.405,42.05250000000002,89.60076960076948,90.01006401006384,68.71590404364657,63.890455981783035,45.04557116520755,42.05250000000002,39.0594288347925,0.6846866581623772,0.3625102625204318,0.3221763956419454
2022-05-23,2449,5083887,224091399,44.65,44.65,43.7,44.1,-0.1,3621,44.10999999999999,43.525000000000006,42.21000000000002,84.04521404521394,89.12864912864899,66.51367218782283,62.89243736835732,45.284833328815814,42.21000000000002,39.13516667118423,0.7094664064694953,0.43190149131024447,0.27756491515925086
2022-05-24,2449,3409655,150723768,44.4,44.4,44.05,44.3,0.2,2299,44.21999999999999,43.605000000000004,42.41750000000002,77.76014109347425,83.80204157981922,68.84353694010308,64.10027472508898,45.46828268645892,42.41750000000002,39.366717313541116,0.7367500678899503,0.49287120662618567,0.24387886126376468
2022-05-25,2449,7662367,339557881,44.3,44.5,44.0,44.3,0.0,4398,44.29999999999999,43.74000000000001,42.63000000000002,76.76107480029025,79.52214331299281,68.84353694010306,64.10027472508898,45.58201626011719,42.63000000000002,39.67798373988284,0.7497301437277386,0.5442429940464962,0.20548714968124238
2022-05-26,2449,5199374,229249026,44.65,44.65,43.7,43.75,-0.55,3224,44.12999999999999,43.885000000000005,42.81750000000002,66.20051423972967,73.57391004449806,54.61912818978531,58.07172539758961,45.545370048223816,42.81750000000002,40.08962995177622,0.7074811416778317,0.5768906235727633,0.1305905181050684
2022-05-27,2449,6007492,265704527,44.0,44.5,43.8,44.3,0.55,3256,44.14999999999999,44.03000000000001,42.99500000000002,62.51444722032928,68.49201208678308,63.433661343896155,61.92780126622153,45.6217660725683,42.99500000000002,40.36823392743174,0.710192252417329,0.6035509493416764,0.10664130307565256
2022-05-30,2449,10118009,455463449,44.95,45.35,44.45,45.3,1.0,5648,44.389999999999986,44.25000000000001,43.23750000000001,68.96324896324865,65.89273680776921,74.10339212936974,67.73755643267853,45.773614153581725,43.23750000000001,40.7013858464183,0.7839950627982191,0.6396397720329849,0.14435529076523412
2022-05-31,2449,8293096,378209555,45.2,45.9,45.05,45.85,0.55,4396,44.69999999999998,44.46000000000001,43.48250000000001,88.18783068783041,73.22184229046945,78.18741844402598,70.41188375419428,46.03402405436413,43.48250000000001,40.930975945635886,0.8767580046886749,0.6870634185641229,0.18969458612455203
2022-06-01,2449,4061918,185904249,45.95,46.0,45.6,45.8,-0.05,2764,44.999999999999986,44.65000000000001,43.75750000000001,95.76547043938325,84.30551669682077,76.90114716080875,69.8450639433575,46.050156755818605,43.75750000000001,41.46484324418141,0.9354553750622472,0.7367418098637477,0.19871356519849948
2022-06-02,2449,3999443,181618125,45.55,45.6,45.2,45.5,-0.3,2474,45.34999999999999,44.74000000000001,43.96000000000001,89.25983436852984,91.07104516524784,68.95987294782148,66.39165139697863,46.11281211442159,43.96000000000001,41.80718788557843,0.9468512592573575,0.7787636997424696,0.16808755951488785
2022-06-06,2449,6013137,275279363,45.7,46.1,45.3,45.75,0.25,3426,45.639999999999986,44.89500000000001,44.150000000000006,84.99396135265677,90.0064220535233,71.79189617637113,67.81958439300976,46.2291825316699,44.150000000000006,42.07081746833011,0.9649323507577137,0.8159974299455184,0.14893492081219528
2022-06-07,2449,5383237,247269440,45.85,46.2,45.7,45.85,0.1,3766,45.749999999999986,45.07000000000001,44.29750000000001,83.22584541062781,85.82654704393815,72.94387806044321,68.39797370715785,46.419167975909744,44.29750000000001,42.17583202409027,0.976079275998643,0.8480137991561433,0.1280654768424997
2022-06-08,2449,5546062,255159005,46.0,46.15,45.5,46.1,0.25,3915,45.79999999999998,45.250000000000014,44.42750000000001,89.13888888888867,85.78623188405777,75.82359781773667,69.85660481470526,46.653814218613356,44.42750000000001,42.20118578138666,0.9936322313754573,0.877137485600006,0.11649474577545127
2022-06-09,2449,3545228,163286837,46.0,46.2,45.75,46.1,0.0,2035,45.859999999999985,45.430000000000014,44.58500000000001,92.6111111111109,88.3252818035425,75.82359781773668,69.85660481470526,46.81661376586537,44.58500000000001,42.353386234134646,0.996061102609417,0.9009222090018882,0.09513889360752881
2022-06-10,2449,3009767,138586364,45.75,46.2,45.55,46.1,0.0,1875,45.97999999999998,45.66500000000001,44.77500000000001,95.37301587301563,92.37433862433842,75.82359781773668,69.85660481470526,46.836674077054454,44.77500000000001,42.71332592294557,0.986612940725955,0.9180603553467016,0.06855258537925335
2022-06-13,2449,7735185,352622366,45.25,46.0,45.05,45.75,-0.35,4002,45.97999999999998,45.81000000000002,44.92000000000001,83.66287094547941,90.54899930986868,61.31515199870778,64.63971060007556,46.821420521610015,44.92000000000001,43.01857947839,0.9400468544557015,0.9224576551685015,0.01758919928719993
2022-06-14,2449,8440240,388237911,45.3,46.55,45.3,46.45,0.7,5015,46.09999999999999,45.92500000000001,45.08750000000001,82.82953761214621,87.28847481021377,73.25570505882544,69.53929444403957,46.90653133562862,45.08750000000001,43.268468664371404,0.9486911247060092,0.9277043490760031,0.02098677563000617
2022-06-15,2449,7487193,344251478,46.45,46.6,45.7,45.7,-0.75,4954,46.019999999999996,45.91000000000001,45.18500000000002,65.37946080723081,77.29062312161885,52.860610078409756,59.95392397486334,46.91361216008592,45.18500000000002,43.456387839914115,0.8848233464154447,0.9191281485438914,-0.034304802128446665
2022-06-16,2449,6287996,290082013,46.0,46.6,45.6,45.6,-0.1,3847,45.919999999999995,45.89000000000001,45.27000000000002,56.91756272401444,68.37552038113051,50.666343593632845,58.79031298307584,46.901992647041,45.27000000000002,43.638007352959036,0.8167238238639669,0.8986472836079065,-0.08192345974393955
2022-06-17,2449,7406844,332641723,44.95,45.3,44.25,45.1,-0.5,3534,45.71999999999999,45.85000000000001,45.295000000000016,37.8631892015557,53.38673757760034,40.789423141821956,53.22765656803218,46.900272562525835,45.295000000000016,43.6897274374742,0.7141760631884395,0.861753039524013,-0.14757697633557354
2022-06-20,2449,6996470,309596483,45.1,45.3,43.6,43.65,-1.45,4996,45.3,45.64000000000001,45.26750000000001,24.440250133455226,39.740334019675146,24.578625783952475,41.086538145354595,46.96316358691769,45.26750000000001,43.57183641308234,0.5100241018251168,0.7914072519842338,-0.28138315015911697
2022-06-21,2449,7013237,314448528,44.55,45.05,44.35,44.8,1.15,3234,44.96999999999999,45.53500000000001,45.30250000000001,25.94562647754114,29.416355270850715,44.85668243849941,50.692648028035926,46.92776151741872,45.30250000000001,43.677238482581295,0.4360016352091307,0.7203261286292132,-0.2843244934200825
2022-06-22,2449,9304328,404985966,44.8,44.8,42.9,42.9,-1.9,7362,44.41,45.215,45.23250000000001,13.888888888888644,21.42492183329503,29.545103984922207,39.293057037834714,47.123339760529745,45.23250000000001,43.34166023947027,0.2214711940118832,0.6205551417057472,-0.399083947693864
2022-06-23,2449,9008204,382277506,42.9,43.3,42.0,42.0,-0.9,6166,43.69,44.805,45.117500000000014,13.33333333333312,17.72261623325433,24.856273512698777,35.249439270722995,47.44951093479417,45.117500000000014,42.78548906520586,-0.020926971530258243,0.4922587190585461,-0.5131856905888044
2022-06-24,2449,7216944,301202452,41.9,42.5,41.15,41.55,-0.45,5660,42.98,44.35,45.00750000000001,2.446483180427959,9.889568467549937,22.750166734377554,33.39872710259591,47.75727726370719,45.00750000000001,42.25772273629283,-0.24649901608287195,0.3445071720302625,-0.5910061881131344
2022-06-27,2449,3974714,167634170,42.5,42.5,41.95,41.95,0.4,2848,42.64,43.97,44.890000000000015,7.33944954128425,7.706422018348472,28.989804027623133,36.585893277443866,47.93558697134037,44.890000000000015,41.84441302865966,-0.3885113129137423,0.19790347504146152,-0.5864147879552039
2022-06-28,2449,4139568,171409557,42.15,42.15,41.1,41.4,-0.55,3050,41.959999999999994,43.464999999999996,44.695000000000014,9.157631359466052,6.3145213603927814,25.664413698292282,34.16492014593208,48.08998159052429,44.695000000000014,41.30001840947574,-0.5392216729617019,0.05047844544082883,-0.5897001184025307
2022-06-29,2449,4878843,199324535,41.1,41.15,40.6,40.8,-0.6,2698,41.54,42.975,44.44250000000001,8.129587895349955,8.208889598700113,22.394908758572484,31.700495195430854,48.18926860774721,44.44250000000001,40.69573139225281,-0.6990178619114005,-0.09942081602961703,-0.5995970458817834
2022-06-30,2449,9725401,390085674,41.0,41.05,39.6,40.0,-0.8,4999,41.14,42.415,44.15250000000002,5.5758028210433634,7.621007358619818,18.690939962775108,28.725252100607435,48.309479071392815,44.15250000000002,39.99552092860722,-0.8800659545425162,-0.2555498437321969,-0.6245161108103193
2022-07-01,2449,8618525,340297015,40.05,41.0,38.7,39.85,-0.15,4930,40.8,41.89,43.87000000000002,9.794366409685706,7.833252375359703,18.038317365606073,28.190992022112326,48.375596519884645,43.87000000000002,39.36440348011539,-1.023849321082082,-0.40920973920217396,-0.6146395818799081
2022-07-04,2449,9686191,369394424,39.35,39.65,37.3,37.3,-2.55,5773,39.86999999999999,41.255,43.44750000000001,8.375926693373678,7.915365308034278,10.657725340404246,21.030140686898875,48.69273355056757,43.44750000000001,38.20226644943246,-1.3282511117204052,-0.5930180137058202,-0.735233098014585
2022-07-05,2449,5676291,213908054,38.25,38.4,37.1,37.8,0.5,4155,39.14999999999999,40.555,43.04500000000001,9.800186267039011,9.32349312336616,18.304365279374863,25.050259947788778,48.70970652373086,43.04500000000001,37.38029347626916,-1.5117197384402274,-0.7767583586527016,-0.7349613797875258
2022-07-06,2449,11714283,428324750,37.7,37.8,35.9,35.9,-1.9,6208,38.16999999999999,39.855000000000004,42.53500000000001,3.763440860214866,7.31318460687588,13.269409854273102,20.731355862535008,48.811312611716964,42.53500000000001,36.25868738828306,-1.7898023407028774,-0.9793671550627367,-0.8104351856401406
2022-07-07,2449,9853831,362092963,36.45,37.6,35.9,36.9,1.0,5142,37.54999999999999,39.345,42.075,8.813945910719916,7.45919101265796,25.801642202781256,27.788052717723406,48.583033497148065,42.075,35.56696650285194,-1.9075046377382563,-1.1649946515978407,-0.7425099861404156
2022-07-08,2449,9362175,351605616,37.75,37.95,37.25,37.6,0.7,4829,37.09999999999999,38.95,41.650000000000006,14.117171717171564,8.898186162702144,33.63325946507382,32.32938106570549,48.16129787369615,41.650000000000006,35.13870212630386,-1.9221431366948778,-1.316424348617248,-0.6057187880776298
2022-07-11,2449,12576715,480846413,41.0,41.0,37.3,37.6,0.0,5764,37.15999999999998,38.515,41.24250000000001,24.910822510822374,15.947313379571312,33.63325946507382,32.32938106570548,47.69627990018262,41.24250000000001,34.7887200998174,-1.9117072810432845,-1.4354809351024553,-0.47622634594082913
2022-07-12,2449,8295962,302193713,37.45,37.45,36.05,36.1,-1.5,4249,36.819999999999986,37.98500000000001,40.72500000000001,21.154815842194367,20.060936690062796,25.71638332218028,27.95953292402158,47.08467766478773,40.72500000000001,34.365322335212284,-2.001403322557934,-1.548665412593551,-0.4527379099643829
2022-07-13,2449,11613991,421909948,36.8,37.0,36.05,36.4,0.3,5375,36.91999999999999,37.545,40.260000000000005,15.356123031736834,20.47392046158455,29.583912248821793,29.997500092769293,46.45448141493705,40.260000000000005,34.06551858506296,-2.024938359954781,-1.6439200020657971,-0.3810183578889841
2022-07-14,2449,8475302,312601375,36.25,37.35,36.0,37.25,0.85,4339,36.98999999999999,37.27,39.8425,13.386001649850733,16.63231350792734,39.92322357274507,35.55986479865892,45.65483816979033,39.8425,34.03016183020967,-1.9524950033858772,-1.7056350023298132,-0.24686000105606398
2022-07-15,2449,8450549,319345230,37.45,38.3,37.25,38.0,0.75,4956,37.069999999999986,37.085,39.4875,25.816993464052132,18.18637271521326,47.811524311248604,40.083807924556794,44.819467272968154,39.4875,34.15553272703184,-1.813657672702135,-1.7272395364042776,-0.08641813629785733
2022-07-18,2449,11320867,440331273,38.8,39.2,38.55,39.0,1.0,5266,37.34999999999999,37.255,39.255,42.81045751633972,27.337817543414218,56.66309355072858,45.57059033269168,44.23454817227446,39.255,34.27545182772555,-1.6044414429903568,-1.7026799177214935,0.09823847473113667
2022-07-19,2449,13642380,539311540,39.0,40.25,38.6,39.85,0.85,5626,38.09999999999999,37.46,39.00750000000001,59.80392156862731,42.810457516339746,62.9026566820615,49.78029205435821,43.30543845930805,39.00750000000001,34.709561540691965,-1.3544350927262485,-1.6330309527224445,0.27859585999619596
2022-07-20,2449,19647375,800291457,40.5,41.2,40.35,40.6,0.75,8074,38.93999999999998,37.93000000000001,38.892500000000005,75.56561085972835,59.39332998156516,67.69122699800474,53.21840210327089,42.879513293180764,38.892500000000005,34.90548670681925,-1.0832969539982287,-1.5230841529776014,0.4397871989793727
2022-07-21,2449,19660983,744509325,37.7,38.4,37.65,38.25,0.0,6668,39.139999999999986,38.06500000000001,38.705000000000005,69.72724987430854,68.3655941008881,45.99015045941741,43.23138072566975,42.434195623723696,38.705000000000005,34.975804376276315,-1.0459859113594874,-1.4276645046539786,0.3816785932944913
2022-07-22,2449,9990420,386306194,38.8,40.4,38.3,38.7,0.45,4738,39.27999999999999,38.175000000000004,38.562500000000014,61.21794871794856,68.83693648399519,49.59985859595081,45.34643717238746,42.0563338540917,38.562500000000014,35.06866614590833,-0.9689361097324465,-1.3359188256696721,0.36698271593722565
2022-07-25,2449,4244780,163686425,38.7,38.8,38.2,38.5,-0.2,2743,39.179999999999986,38.265,38.39000000000001,47.756410256410085,59.567202949555764,47.938557490360274,44.55195786496028,41.51947279905084,38.39000000000001,35.26052720094918,-0.9134818650419447,-1.2514314335441266,0.33794956850218183
2022-07-26,2449,5834726,222567677,38.65,38.65,37.85,37.9,-0.6,2859,38.789999999999985,38.445,38.21500000000001,45.51282051282033,51.49572649572636,42.908434232616166,42.165245978754776,41.0269566141743,38.21500000000001,35.40304338582572,-0.9074880053551766,-1.1826427479063366,0.27515474255116
2022-07-27,2449,5634542,215569678,37.9,38.8,37.85,38.75,0.85,3375,38.41999999999999,38.68,38.11250000000001,40.863356053229275,44.710862274153264,51.34615746149234,46.53498270844514,40.67879596890127,38.11250000000001,35.54620403109875,-0.8246439499840008,-1.1110429883218695,0.2863990383378687
2022-07-28,2449,5339833,208314771,39.3,39.3,38.7,39.1,0.35,3164,38.58999999999999,38.865,38.06750000000001,38.45273850176667,41.60963835593879,54.571512361839304,48.26821837341202,40.52926257994124,38.06750000000001,35.60573742005878,-0.7224197590238646,-1.0333183424622685,0.31089858343840393
2022-07-29,2449,5500845,215151361,39.2,39.3,38.8,39.25,0.15,2246,38.69999999999999,38.99,38.03750000000001,41.29672550068325,40.2042733518931,56.02897346370279,49.030829900937775,40.42515051881562,38.03750000000001,35.6498494811844,-0.6221310651488352,-0.9510808869995818,0.3289498218507466
2022-08-01,2449,3291473,128324890,38.95,39.15,38.6,39.15,-0.1,2373,38.82999999999999,39.005,38.13000000000001,42.7230046948355,40.824156232428514,54.66491525476205,48.5173348167742,40.53943976890881,38.13000000000001,35.72056023109121,-0.5444446974102988,-0.8697536490817253,0.3253089516714265
2022-08-02,2449,6382491,247852690,38.8,39.05,38.45,39.05,-0.1,3148,39.05999999999999,38.925,38.19250000000001,46.07767819035404,43.36580279529097,53.15514003083557,47.97623437692992,40.62915241673887,38.19250000000001,35.75584758326115,-0.48535201958198115,-0.7928733231817764,0.30752130359979524
2022-08-03,2449,6419828,251791919,38.8,39.55,38.75,39.45,0.4,3042,39.19999999999999,38.809999999999995,38.37000000000002,51.9692366916889,46.92330652562618,58.503513464564215,50.361015440443644,40.623086771519546,38.37000000000002,36.11691322848049,-0.40161442846769546,-0.7146215442389602,0.3130071157712647
2022-08-04,2449,6284539,248438180,39.45,39.8,39.2,39.6,0.15,3635,39.29999999999999,38.945,38.50500000000002,67.79925956396538,55.28205814866948,60.477664758695695,51.263249566926206,40.71269110158053,38.50500000000002,36.2973088984195,-0.31946543909361935,-0.6355903232098921,0.3161248841162727
2022-08-05,2449,6266000,249934764,39.8,40.0,39.65,40.0,0.4,2693,39.44999999999999,39.075,38.625000000000014,84.16289592760175,67.97713072775205,65.57311287086826,53.68098667642879,40.883207253552605,38.625000000000014,36.36679274644742,-0.21955423158864562,-0.5523831048856428,0.3328288732969972
2022-08-08,2449,11113965,429534012,38.9,39.2,38.35,38.7,-1.3,6601,39.35999999999999,39.095,38.68000000000002,76.42615782150659,76.12943777102461,44.042982579487386,45.739341804393774,40.88871003076367,38.68000000000002,36.47128996923637,-0.2424778811891528,-0.4904020601463448,0.247924178957192
2022-08-09,2449,17983891,672367597,38.25,38.3,37.05,37.25,-1.45,10765,38.999999999999986,39.03,38.73750000000002,48.77151491262635,69.78685622057827,30.858414543908225,38.83769469150863,40.723167394101075,38.73750000000002,36.75183260589896,-0.37334424049223713,-0.46699049621552324,0.09364625572328611
2022-08-10,2449,10279184,378591853,36.7,37.4,36.65,36.65,-0.6,6270,38.43999999999999,38.82,38.750000000000014,15.43818157929302,46.87861810447536,26.961951629999493,36.39076254521189,40.678989372702134,38.750000000000014,36.821010627297895,-0.5194834765218062,-0.4774890922767798,-0.04199438424502633
2022-08-11,2449,9211148,343304999,37.15,37.45,37.0,37.2,0.55,4683,37.959999999999994,38.629999999999995,38.74750000000002,7.732523821570017,23.9807401044965,35.651436354301815,40.115365704769815,40.68437247902317,38.74750000000002,36.810627520976865,-0.5841853454735002,-0.4988283429161239,-0.08535700255737633
2022-08-12,2449,7980968,300423598,37.15,37.85,37.15,37.7,0.5,4290,37.499999999999986,38.474999999999994,38.73250000000002,15.920398009950157,13.030367803604435,42.86133349876164,43.3621863336143,40.69674922043898,38.73250000000002,36.768250779561065,-0.5883342702023384,-0.5167295283733668,-0.07160474182897159
2022-08-15,2449,7920653,301766997,38.0,38.4,37.8,38.0,0.3,4459,37.35999999999999,38.36,38.68250000000002,29.353233830845692,17.66871855412199,47.01685901012354,45.27922583416387,40.66776446600864,38.68250000000002,36.697235533991396,-0.5609485642753356,-0.5255733355537606,-0.03537522872157495
2022-08-16,2449,8157243,310787041,38.0,38.35,37.85,38.05,0.05,5208,37.519999999999996,38.26,38.592500000000015,37.810945273631695,27.69485903814255,47.75566531738385,45.609656099420924,40.52026424907145,38.592500000000015,36.66473575092858,-0.5291113466484774,-0.526280937772704,-0.002830408875773349
2022-08-17,2449,5511247,209304569,38.2,38.3,37.75,37.75,-0.3,3297,37.739999999999995,38.089999999999996,38.45000000000002,38.308457711442614,35.1575456053067,43.508804003912324,43.89689298388769,40.173658898969805,38.45000000000002,36.72634110103023,-0.5220695226200434,-0.5254386547421719,0.0033691321221285264
2022-08-18,2449,6147258,230939934,37.65,37.8,37.45,37.45,-0.3,3462,37.789999999999985,37.87499999999999,38.41000000000002,35.3331382304164,37.15084707183027,39.41905907929443,42.190648016479706,40.186682301368926,38.41000000000002,36.63331769863111,-0.5345345377246034,-0.5272578313386582,-0.007276706385945131
2022-08-19,2449,5854393,223146150,37.65,38.3,37.65,38.2,0.75,3001,37.889999999999986,37.69499999999999,38.38500000000002,50.926599495519554,41.52273181245956,52.45425426633773,47.66718916464118,40.15872489411331,38.38500000000002,36.611275105886726,-0.4783799536871527,-0.5174822558083572,0.03910230212120447
2022-08-22,2449,5685514,217864835,38.1,38.65,37.95,38.2,0.0,2773,37.929999999999986,37.644999999999996,38.37000000000002,65.81465919701215,50.691465640982734,52.45425426633773,47.66718916464118,40.1446548960284,38.37000000000002,36.59534510397164,-0.42893257355881786,-0.4997723193584493,0.07083974579963143
2022-08-23,2449,7073328,266492224,37.95,38.0,37.55,37.6,-0.6,3792,37.83999999999998,37.67999999999999,38.355000000000025,67.478354978355,61.4065378902956,42.49730154433101,43.81595529380969,40.15024371604395,38.355000000000025,36.5597562839561,-0.4331668760387899,-0.4864512306945174,0.053284354655727506
2022-08-24,2449,5030129,189355823,37.65,37.85,37.55,37.55,-0.05,2543,37.799999999999976,37.769999999999996,38.29500000000002,46.84343434343425,60.0454828396005,41.727230432648035,43.50054310968076,40.11348838324473,38.29500000000002,36.47651161675532,-0.435536578824653,-0.4762683003205445,0.04073172149589149
2022-08-25,2449,4087198,153860276,37.7,37.85,37.5,37.6,0.05,2096,37.82999999999998,37.81,38.22000000000002,25.176767676767486,46.49951899951895,42.933644531844884,43.93517474827391,40.02316388606154,38.22000000000002,36.4168361139385,-0.4284411997671427,-0.46670288020986417,0.03826168044272149
2022-08-26,2449,3829337,145241995,37.9,38.1,37.8,37.85,0.25,2278,37.75999999999998,37.825,38.15000000000002,24.16666666666644,32.06228956228943,49.08275677353384,46.16512641183261,39.895565810846705,38.15000000000002,36.404434189153335,-0.3980566013629101,-0.45297362444047334,0.05491702307756324
2022-08-29,2449,3847513,143128509,37.25,37.35,37.05,37.25,-0.6,2390,37.56999999999997,37.75000000000001,38.05500000000002,19.444444444444304,22.92929292929278,37.70635610415783,41.86166961452262,39.77920996401166,38.05500000000002,36.33079003598838,-0.4175779946204159,-0.44589449847646184,0.02831650385604595
2022-08-30,2449,7637408,283153209,37.15,37.25,36.95,37.05,-0.2,4094,37.459999999999965,37.650000000000006,37.95500000000003,17.238562091503045,20.2832244008713,34.588650623119506,40.50620433917204,39.66873860317005,37.95500000000003,36.241261396830005,-0.4440682258663813,-0.4455292439544457,0.0014610180880644252
2022-08-31,2449,3053347,114023321,37.15,37.5,37.1,37.35,0.3,1564,37.419999999999966,37.61000000000001,37.85000000000002,13.970588235293889,16.884531590413783,42.85704637218287,43.463383304778006,39.43713578498998,37.85000000000002,36.26286421501007,-0.435830450052066,-0.4435894851739698,0.00775903512190379
2022-09-01,2449,6200559,229107132,37.2,37.3,36.8,36.8,-0.55,3501,37.25999999999997,37.54500000000001,37.71000000000002,9.803921568627166,13.671023965141401,33.7359124550105,39.57920534616091,39.141293121619924,37.71000000000002,36.27870687838012,-0.4682842672909686,-0.44852844159736954,-0.01975582569359907
2022-09-02,2449,6890209,251314012,37.0,37.05,36.2,36.4,-0.4,4156,36.96999999999997,37.36500000000001,37.530000000000015,11.351909184726273,11.708806329549143,28.57570018345544,36.99013700303395,38.63154437041721,37.530000000000015,36.42845562958282,-0.5202833062412111,-0.46287941452613784,-0.05740389171507326
2022-09-05,2449,5281763,191951967,36.45,36.7,36.05,36.2,-0.2,2611,36.75999999999997,37.165000000000006,37.405000000000015,5.947796320068309,9.034542357807284,26.234865507172195,35.73155071344208,38.51445932777988,37.405000000000015,36.29554067222015,-0.5710485554900728,-0.4845132427189248,-0.08653531277114801
2022-09-06,2449,8647392,310196919,36.4,36.5,35.6,35.75,-0.45,5291,36.499999999999964,36.980000000000004,37.33000000000002,7.9477963200682895,8.415833941620992,21.59191256169945,33.010038492576555,38.653404700005794,37.33000000000002,36.006595299994245,-0.6402116589700668,-0.5156529259691532,-0.12455873300091358
2022-09-07,2449,6361101,224533491,35.5,35.6,34.9,35.4,-0.35,3714,36.10999999999997,36.765,37.26750000000002,9.647357723577128,7.847650121237944,18.604259589443924,31.03039947546609,38.81290447779783,37.26750000000002,35.72209552220221,-0.7150236442154139,-0.5555270696184054,-0.1594965745970085
2022-09-08,2449,4955826,177308102,35.6,36.1,35.25,36.0,0.6,3665,35.94999999999997,36.605000000000004,37.20750000000002,21.310897435897253,12.968683826514258,36.24711504921774,37.905242679603596,38.84892468605723,37.20750000000002,35.566075313942804,-0.7176253575077425,-0.5879467271962728,-0.12967863031146964
2022-09-12,2449,3227975,117255807,36.4,36.6,36.1,36.15,0.15,2225,35.89999999999996,36.434999999999995,37.13000000000001,35.33653846153829,22.098264540337592,40.03791381619434,39.528111115203366,38.81683134900893,37.13000000000001,35.44316865099109,-0.6995198581497988,-0.6102613533869781,-0.08925850476282071
2022-09-13,2449,3243438,117544348,36.4,36.6,36.05,36.2,0.05,2076,35.89999999999996,36.33,37.04000000000001,46.794871794871675,34.480769230769106,41.39311893407354,40.0901803571789,38.72362703708344,37.04000000000001,35.35637296291659,-0.6733742975912946,-0.6228839422278414,-0.050490355363453254
2022-09-14,2449,4798996,170812999,35.5,35.75,35.3,35.6,-0.6,3105,35.86999999999996,36.184999999999995,36.91750000000002,42.41452991452982,41.51531339031329,31.443834684216355,35.7910849898767,38.64529483735669,36.91750000000002,35.18970516264335,-0.6930793507424227,-0.6369230239307576,-0.05615632681166505
2022-09-15,2449,4709465,167827686,35.65,35.9,35.45,35.45,-0.15,2813,35.87999999999996,35.99499999999999,36.80250000000002,34.916020671834616,41.3751407937454,29.383871308682775,34.786752193676904,38.59818232156903,36.80250000000002,35.00681767843102,-0.7125852544848428,-0.6520554700415746,-0.060529784443268175
2022-09-16,2449,15688997,549325358,35.35,35.45,34.5,35.45,0.0,6104,35.76999999999996,35.85999999999999,36.70250000000002,32.643293399107314,36.65794799515728,29.383871308682778,34.78675219367691,38.56434720103335,36.70250000000002,34.840652798966694,-0.7197470280211036,-0.6655937816374804,-0.05415324638362318
2022-09-19,2449,8125597,285209005,35.15,35.3,34.85,35.2,-0.25,3634,35.57999999999996,35.739999999999995,36.55250000000002,34.0321822879962,33.86383211964607,25.581974040724138,32.99699042132364,38.3908348443617,36.55250000000002,34.71416515563835,-0.7370988787629429,-0.6798948010625729,-0.05720407770036995
2022-09-20,2449,10031245,350232670,35.3,35.5,34.7,34.95,-0.25,4306,35.32999999999996,35.614999999999995,36.39000000000002,32.647907647907566,33.10779444500372,22.226799714251865,31.26470155170687,38.19127732456571,36.39000000000002,34.58872267543433,-0.7622366663383104,-0.6963631741177204,-0.06587349222059002
2022-09-21,2449,10914229,379484392,35.0,35.0,34.6,34.75,-0.2,4320,35.15999999999996,35.51499999999999,36.24750000000002,22.222222222222115,29.634104052708654,19.80274107374008,29.911808917115668,38.09370556818481,36.24750000000002,34.401294431815224,-0.7891994723721396,-0.7149304337686042,-0.0742690386035354
2022-09-22,2449,7671533,264944707,34.6,34.7,34.3,34.55,-0.2,3002,34.97999999999996,35.42999999999999,36.09750000000002,14.734299516908061,23.20147646234594,17.567506537546578,28.57995887733713,37.983096722524635,36.09750000000002,34.2119032774754,-0.8172848677277358,-0.7354013205604305,-0.08188354716730528
2022-09-23,2449,10112662,344516394,34.4,34.45,33.9,33.95,-0.6,5937,34.679999999999964,35.224999999999994,35.91500000000002,8.208726324668215,15.055082687932824,12.592630245260786,24.98569453441248,37.888094017018666,35.91500000000002,33.941905982981375,-0.8778385550550283,-0.7638887674593501,-0.1139497875956782
2022-09-26,2449,15320393,494970965,33.45,33.5,31.8,31.8,-2.15,8004,33.999999999999964,34.79,35.61250000000002,4.24047235641425,9.06116606599687,5.766184121408234,16.821858376967626,38.09541663170472,35.61250000000002,33.129583368295314,-1.0867870160088344,-0.8284684171692469,-0.2583185988395875
2022-09-27,2449,7492066,237052486,31.95,32.1,31.3,31.8,0.0,4297,33.36999999999997,34.35,35.34000000000002,4.240472356414258,5.563223679165602,5.766184121408233,16.821858376967622,38.210296151967086,35.34000000000002,32.46970384803295,-1.2381080379412026,-0.910396341323638,-0.3277116966175646
2022-09-28,2449,7749837,244055587,31.9,32.3,31.1,31.1,-0.7,5070,32.63999999999997,33.9,35.04250000000002,3.623188405796922,4.034711039541837,4.649277545865248,14.974375127802105,38.34329914566099,35.04250000000002,31.741700854339044,-1.3983953566865992,-1.0079961443962302,-0.390399212290369
2022-09-29,2449,7672335,238741476,31.5,31.65,30.7,31.2,0.1,5219,31.96999999999997,33.475,34.73500000000002,7.095410628019143,4.986357130076802,7.631240226710625,16.387128392475063,38.25708744922616,34.73500000000002,31.21291255077388,-1.5000632519237413,-1.1064095659017323,-0.393653686022009
2022-09-30,2449,8229256,251465601,30.5,30.85,30.2,30.8,-0.4,4495,31.339999999999968,33.010000000000005,34.43500000000002,7.245807127882426,5.988135387232858,6.6593507360815805,15.292563640778702,38.21509259145822,34.43500000000002,30.65490740854181,-1.5945316797941658,-1.204033988680219,-0.39049769111394683
2022-10-03,2449,7058784,214766199,30.55,30.65,30.1,30.55,-0.25,3322,31.089999999999968,32.545,34.14250000000002,10.30703161767834,8.216083124526664,6.093483907164273,14.634625713385022,38.16658685293907,34.14250000000002,30.11841314706097,-1.6703171240824588,-1.297290615760667,-0.37302650832179185
2022-10-04,2449,6070397,189343738,30.95,31.45,30.9,31.3,0.75,3184,30.98999999999997,32.18000000000001,33.897500000000015,15.530461569369157,11.027766771643336,27.619817472276253,25.052259960638327,37.986812289370654,33.897500000000015,29.808187710629372,-1.6508291716122372,-1.367998326930981,-0.2828308446812562
2022-10-05,2449,8786319,282991669,31.85,32.55,31.8,32.15,0.85,4997,31.19999999999997,31.920000000000005,33.717500000000015,27.465688924245143,17.767727370430908,44.455176427974855,34.76828254398573,37.78164505154509,33.717500000000015,29.65335494845494,-1.548941696923464,-1.4041870009294777,-0.14475469599398627
2022-10-06,2449,11114046,350402961,32.25,32.3,31.25,31.5,-0.65,4779,31.25999999999997,31.615000000000002,33.522500000000015,38.129954630527656,27.042035041380682,36.81550487222861,31.414469717893308,37.61914191747317,33.522500000000015,29.425858082526858,-1.5033154224872618,-1.4240126852410344,-0.07930273724622738
2022-10-07,2449,4160074,131006342,31.4,31.75,31.2,31.5,0.0,2324,31.399999999999967,31.370000000000005,33.297500000000014,48.481921504233675,38.02585501966885,36.81550487222861,31.414469717893308,37.318752914204616,33.297500000000014,29.276247085795415,-1.450436541689811,-1.4292974565307897,-0.02113908515902141
2022-10-11,2449,9365817,285049959,30.8,30.8,30.15,30.3,-1.2,4650,31.349999999999966,31.220000000000006,33.00500000000001,35.494197679071455,40.702024604610955,25.712185873774672,26.03694038660051,37.0047374913862,33.00500000000001,29.005262508613818,-1.4882045234959094,-1.4410788699238135,-0.04712565357209586
2022-10-12,2449,7097597,213867731,30.25,30.4,29.75,30.2,-0.1,3558,31.129999999999967,31.060000000000002,32.70500000000001,27.125850340135884,37.033989841147026,24.979740037260026,25.64300462965699,36.59985558140478,32.70500000000001,28.810144418595243,-1.5088124348995997,-1.4546255829189707,-0.054186851980629
2022-10-13,2449,5067752,151547999,30.3,30.4,29.65,29.7,-0.5,2918,30.639999999999965,30.919999999999998,32.41000000000001,8.65294393619499,23.757663985134133,21.42031983645495,23.71128031386263,36.276729884540735,32.41000000000001,28.543270115459286,-1.5476498306158817,-1.473230432458353,-0.07441939815752874
2022-10-14,2449,7290716,225731010,30.35,31.25,30.35,31.15,1.45,3828,30.569999999999965,30.915,32.19500000000001,23.173234811165685,19.650676362498878,46.980811773876894,38.24105245100887,35.83311764515671,32.19500000000001,28.5568823548433,-1.4447714388766073,-1.4675386337420038,0.022767194865396467
2022-10-17,2449,5953355,182499339,30.65,31.0,30.3,30.9,-0.25,3093,30.449999999999967,30.924999999999994,31.96750000000001,32.183908045976864,21.336695597779208,44.09562925770903,36.93490515679596,35.32089753086353,31.96750000000001,28.614102469136483,-1.3676470984669002,-1.447560326686983,0.07991322822008273
2022-10-18,2449,6662058,209496365,31.3,31.8,31.25,31.5,0.6,3833,30.689999999999962,31.019999999999992,31.782500000000006,52.87356321839068,36.076902025177766,52.29812891437784,42.050627678980106,34.79286127400045,31.782500000000006,28.77213872599956,-1.2437730756562573,-1.4068028764808378,0.16302980082458052
2022-10-19,2449,5592622,175417777,31.5,31.8,31.0,31.0,-0.5,2998,30.849999999999966,30.98999999999999,31.585,52.613315983517566,45.89026241596173,45.76923443916579,39.19714157532335,34.23492452722777,31.585,28.93507547277223,-1.1724327663241993,-1.35992885444951,0.1874960881253107
2022-10-20,2449,11645994,370061147,30.9,32.3,30.65,32.3,1.3,3222,31.369999999999965,31.004999999999995,31.4625,71.57883322489687,59.0219041422684,60.66475026885579,48.90530580756476,33.71213885990712,31.4625,29.212861140092876,-0.999474600707071,-1.2878380037010222,0.28836340299395125
2022-10-21,2449,5565176,177964016,31.9,32.15,31.55,31.65,-0.65,2502,31.469999999999963,31.019999999999992,31.317500000000003,75.47169811320742,66.55461577387398,52.287117710373835,45.03358258102175,33.07171634925778,31.317500000000003,29.563283650742225,-0.9044278943038258,-1.211155981821583,0.30672808751775715
2022-10-24,2449,3353723,107650330,32.05,32.3,31.9,32.0,0.35,2112,31.689999999999962,31.069999999999993,31.22,88.05031446540869,78.36694860117102,56.09594278225066,47.44621785110765,32.54151428293609,31.22,29.89848571706391,-0.791734003027166,-1.1272715860626996,0.3355375830355336
2022-10-25,2449,3130588,99326705,32.0,32.4,31.5,31.5,-0.5,1831,31.689999999999962,31.18999999999999,31.205000000000002,77.1412235563178,80.22107871164467,49.508941266488854,44.44495938683317,32.5064991356136,31.205000000000002,29.903500864386405,-0.7343044984311788,-1.0486781685363955,0.31437367010521666
2022-10-26,2449,3745822,119251477,31.9,32.0,31.5,31.85,0.35,2040,31.859999999999964,31.354999999999997,31.207500000000003,76.5871654550899,80.59290115893883,53.92714990445572,46.97354196611719,32.51374461721466,31.207500000000003,29.90125538278534,-0.6530215019707235,-0.9695468352232611,0.3165253332525376
2022-10-27,2449,7748469,253448598,32.05,32.95,32.05,32.85,1.0,4856,31.969999999999963,31.669999999999998,31.295000000000005,79.1028887255301,77.61042591231262,64.33113605762364,53.487434716356006,32.78258193051754,31.295000000000005,29.807418069482473,-0.5021243223852316,-0.8760623326556553,0.3739380102704236
2022-10-28,2449,4086186,131774192,32.65,32.65,32.05,32.05,-0.8,3071,32.04999999999997,31.76,31.3375,76.96850137375138,77.55285185145715,53.13278573147194,48.36843941910171,32.85995689594296,31.3375,29.815043104057036,-0.44199548570274416,-0.789248963265073,0.3472534775623288
2022-10-31,2449,6148858,199959653,32.5,32.8,32.15,32.7,0.65,2411,32.18999999999996,31.940000000000005,31.432500000000005,82.07547169811298,79.38228726579817,59.77088137913186,52.358050306423095,33.04348572309095,31.432500000000005,29.82151427690906,-0.3379971608295449,-0.6989986027779673,0.36100144194842243
2022-11-01,2449,3356876,110044162,32.7,32.95,32.5,32.9,0.2,2421,32.46999999999996,32.08,31.550000000000004,82.60869565217365,80.55088957467935,61.717317501272085,53.54744558864565,33.22779617355709,31.550000000000004,29.872203826442924,-0.23671075631829552,-0.6065410334860329,0.3698302771677374
2022-11-02,2449,3169281,104928409,32.95,33.3,32.75,33.15,0.25,2260,32.72999999999997,32.295,31.642500000000005,92.87439613526551,85.85285449518405,64.24049573809909,55.05782301912014,33.453652947711035,31.642500000000005,29.831347052288976,-0.1347147327688134,-0.512175773342589,0.3774610405737756
2022-11-03,2449,3032971,100284164,33.05,33.2,32.75,33.1,-0.05,2082,32.779999999999966,32.375,31.69000000000001,92.79388083735898,89.42565754159939,63.26751745390027,54.674928815448865,33.59908354976987,31.69000000000001,29.780916450230144,-0.057256711665729654,-0.4211919610072171,0.36393524934148747
2022-11-04,2449,3429482,113282655,33.1,33.35,32.65,33.2,0.1,2197,33.00999999999997,32.53,31.775000000000013,90.81581581581578,92.16136426281344,64.52134608593175,55.34382080868555,33.791060514965,31.775000000000013,29.758939485035032,0.012059478220344033,-0.3345416731617049,0.34660115138204894
2022-11-07,2449,5332501,178708855,33.7,33.8,33.25,33.5,0.3,2860,33.16999999999997,32.68,31.87500000000001,89.24576750663705,90.95182138660395,68.3076104343252,57.37606987120413,34.0208098704222,31.87500000000001,29.729190129577823,0.09016122837928009,-0.2496010928535079,0.339762321232788
2022-11-08,2449,7037425,235802718,33.8,33.85,33.1,33.2,-0.3,4128,33.229999999999976,32.85,32.02000000000002,80.91243417330371,86.9913391652522,60.744544794436514,54.6954734149,34.11174568243869,32.02000000000002,29.92825431756135,0.1263929559581669,-0.17440228309117295,0.30079523904933986
2022-11-09,2449,8447907,284629165,33.5,34.0,33.5,33.85,0.65,3589,33.36999999999997,33.05,32.202500000000015,81.05103431190383,83.73641199728155,69.32873537964235,59.14877874075718,34.2639254776733,32.202500000000015,30.14107452232673,0.20519111339510232,-0.09848360379391789,0.3036747171890202
2022-11-10,2449,4549428,153817460,33.65,34.0,33.5,33.95,0.1,2476,33.53999999999998,33.16,32.41500000000001,84.49795949795947,82.15380932772236,70.4870983784784,59.80341693387241,34.266242825779706,32.41500000000001,30.563757174220317,0.27256640924004927,-0.02427360118712446,0.29684001042717373
2022-11-11,2449,8381697,289740345,34.7,35.2,34.3,34.45,0.5,4473,33.78999999999998,33.39999999999999,32.58000000000002,87.2757372757372,84.27491036186684,75.81519787305643,62.996388799859815,34.536118605811005,32.58000000000002,30.62388139418903,0.36213319191924853,0.05300775743415015,0.3091254344850984
2022-11-14,2449,9059973,317502028,34.8,35.3,34.65,35.0,0.55,5757,34.089999999999975,33.629999999999995,32.78500000000002,86.06625493417941,85.94665056929205,80.36447512653868,66.17890744124414,34.85021185353941,32.78500000000002,30.719788146460623,0.47205436704489756,0.13681707935629964,0.33523728768859795
2022-11-15,2449,6792797,240374882,35.2,35.6,34.8,35.45,0.45,3894,34.53999999999998,33.885,32.98250000000002,85.27224058084299,86.20474426358656,83.35344099307171,68.56136430382676,35.262691877890596,32.98250000000002,30.702308122109454,0.5886928447981035,0.2271922324446604,0.36150061235344305
2022-11-16,2449,9079588,325525220,35.65,36.2,35.35,35.9,0.45,5511,34.949999999999974,34.16,33.22750000000002,91.7145984316515,87.68436464889133,85.86390836881527,70.7781789077794,35.65143791174589,33.22750000000002,30.803562088254154,0.7092649530685833,0.323606776569445,0.3856581764991383
2022-11-17,2449,6287820,224367943,35.85,35.9,35.35,35.7,-0.2,3631,35.299999999999976,34.419999999999995,33.39750000000002,90.11183925129033,89.03289275459497,79.63651067094533,68.46743454023736,36.00718867875067,33.39750000000002,30.78781132124937,0.7796930726187483,0.41482403577930566,0.36486903683944266
2022-11-18,2449,7454172,268345609,35.7,36.45,35.65,35.95,0.25,4647,35.59999999999998,34.69499999999999,33.612500000000026,86.83163012741814,89.55268927012001,81.58429594730015,69.7949124831209,36.31765711188797,33.612500000000026,30.907342888112083,0.8459294275641014,0.5010451141362648,0.34488431342783654
2022-11-21,2449,3718607,132938047,36.0,36.05,35.5,35.55,-0.4,2341,35.70999999999998,34.89999999999999,33.79000000000003,79.4790400104451,85.47416979638454,69.22439905580833,65.07446388801202,36.51444489758874,33.79000000000003,31.06555510241132,0.8562749543439168,0.5720910821777953,0.2841838721661215
2022-11-22,2449,5298106,186578376,35.45,35.45,35.0,35.2,-0.35,3261,35.65999999999998,35.099999999999994,33.97500000000003,70.73109031115588,79.01392014967304,59.95246813442565,61.175664093403626,36.550752317284534,33.97500000000003,31.39924768271553,0.826702076985157,0.6230132811392676,0.2036887958458894
2022-11-23,2449,2574139,90994493,35.5,35.6,35.2,35.25,0.05,1599,35.52999999999998,35.239999999999995,34.145000000000024,57.10156352647465,69.10389794935855,60.82694275538175,61.53025394222382,36.58239615163371,34.145000000000024,31.70760384836634,0.7980999414250434,0.6580306131964228,0.14006932822862062
2022-11-24,2449,3063689,108402314,35.5,35.6,35.15,35.45,0.2,2061,35.479999999999976,35.38999999999999,34.27500000000003,48.75253653337995,58.86173012367018,64.44956579363428,62.98647525085015,36.69956181608102,34.27500000000003,31.850438183919028,0.7825501207847836,0.6829345147140949,0.09961560607068864
2022-11-25,2449,2607551,91873533,35.4,35.45,35.05,35.05,-0.4,1739,35.299999999999976,35.449999999999996,34.425000000000026,34.594002035862374,46.81603403190567,53.010850842367695,58.238252583877994,36.64276914939251,34.425000000000026,32.207230850607544,0.729540430872504,0.6922556979457768,0.03728473292672718
2022-11-28,2449,2564194,89936222,34.9,35.3,34.75,35.05,0.0,1416,35.199999999999974,35.455,34.542500000000025,25.747672806496137,36.36473712524617,53.010850842367695,58.238252583878,36.62727216980591,34.542500000000025,32.45772783019414,0.6796947714725974,0.6897435126511409,-0.010048741178543485
2022-11-29,2449,2528612,88862855,35.05,35.35,34.8,35.25,0.2,1615,35.20999999999998,35.434999999999995,34.660000000000025,20.736779560308715,27.02615146755576,58.07486899507338,59.98737492504594,36.62254936243584,34.660000000000025,32.69745063756421,0.6488505110142881,0.6815649123237704,-0.03271440130948222
2022-11-30,2449,2990154,106202339,35.3,35.7,35.25,35.55,0.3,1789,35.26999999999998,35.4,34.78000000000002,31.372549019607522,25.952333795470807,64.72722328120653,62.52298495014858,36.649866305380506,34.78000000000002,32.91013369461954,0.6412220959997867,0.6734963490589736,-0.03227425305918685
2022-12-01,2449,5555482,200835580,35.95,36.3,35.9,36.2,0.65,3522,35.41999999999998,35.45,34.935000000000024,56.67299177735597,36.26077345242408,74.8247270108783,67.35064622120129,36.734749982635684,34.935000000000024,33.13525001736436,0.6797898951080867,0.6747550582687962,0.005034836839290513
2022-12-02,2449,5583560,203939285,36.2,36.8,36.2,36.4,0.2,3174,35.68999999999998,35.495,35.09500000000002,73.69833850141147,53.91462643279167,77.17073619677602,68.68722534166791,36.81659809479363,35.09500000000002,33.37340190520641,0.7182143542942683,0.6834469174738906,0.03476743682037764
2022-12-05,2449,4700404,170706819,36.6,36.65,36.1,36.2,-0.2,3288,35.91999999999998,35.559999999999995,35.230000000000025,81.58929976396543,70.65354334757764,69.60356132047862,65.78691617685969,36.850617166389284,35.230000000000025,33.609382833610766,0.7241797926390632,0.6915934925069251,0.032586300132138035
2022-12-06,2449,4883124,175932807,36.1,36.5,35.75,35.75,-0.45,2701,36.01999999999998,35.614999999999995,35.35750000000002,66.66666666666661,73.98476831068119,55.35509721270373,59.680734997583826,36.69588522107617,35.35750000000002,34.01911477892388,0.6847033720529154,0.6902154684161232,-0.005512096363207819
2022-12-07,2449,5537935,195553154,35.75,35.75,34.9,35.1,-0.65,3362,35.92999999999998,35.6,35.42000000000002,45.52845528455282,64.59480723839498,41.15705373197678,52.15102072196171,36.575162326253434,35.42000000000002,34.26483767374661,0.5941198132227115,0.6709963373774409,-0.07687652415472945
2022-12-08,2449,2666708,93590102,35.1,35.4,34.85,35.1,0.0,1809,35.70999999999997,35.565000000000005,35.47750000000002,27.642276422764155,46.61246612466122,41.157053731976774,52.15102072196171,36.43116398694502,35.47750000000002,34.52383601305502,0.5163791923361032,0.6400729083691734,-0.12369371603307022
2022-12-09,2449,2581009,91470836,35.2,35.6,35.15,35.6,0.5,1816,35.54999999999997,35.620000000000005,35.53500000000002,24.71544715447152,32.62872628726286,53.61391958404036,56.99186345703004,36.36451793229363,35.53500000000002,34.705482067706406,0.48947267520458837,0.6099528617362564,-0.12048018653166803
2022-12-12,2449,3203080,114292011,35.5,36.05,35.2,35.95,0.35,2152,35.499999999999964,35.71,35.582500000000024,37.827809047321246,30.061844208185665,60.45132249955544,60.03949192001169,36.392608017485294,35.582500000000024,34.772391982514755,0.4907342623499318,0.5861091418589914,-0.09537487950905965
2022-12-13,2449,3276506,118294806,36.05,36.35,35.85,36.1,0.15,2410,35.569999999999965,35.795,35.61500000000002,53.50427350427353,38.682509902022126,63.16602410724384,61.305026021069665,36.45291407673759,35.61500000000002,34.777085923262455,0.4980960840467148,0.5685065302965361,-0.07041044624982129
2022-12-14,2449,4602841,167466125,36.25,36.5,36.0,36.45,0.35,3211,35.83999999999996,35.885000000000005,35.64250000000003,67.52136752136755,52.9511500243208,68.96515926429545,64.1573839332985,36.54929380235758,35.64250000000003,34.73570619764247,0.5261078123385374,0.5600267867049363,-0.0339189743663989
2022-12-15,2449,5020641,184133241,36.4,36.9,36.25,36.85,0.4,3370,36.18999999999996,35.95,35.700000000000024,81.23827392120076,67.42130498228063,74.34967079336896,67.1387176897297,36.748808848167315,35.700000000000024,34.651191151832734,0.5739676243923668,0.5628149542424224,0.011152670149944366
2022-12-16,2449,10674419,392142094,36.15,37.15,36.05,37.15,0.3,5656,36.499999999999964,36.025000000000006,35.76000000000002,93.20408588701268,80.65457577652701,77.73044645813904,69.20744197348955,36.982129289394244,35.76000000000002,34.537870710605794,0.6288553104813559,0.5760230254902091,0.05283228499114678
2022-12-19,2449,13028586,485892547,37.0,37.5,36.5,37.5,0.35,6766,36.80999999999997,36.15500000000001,35.85750000000002,99.18699186991857,91.20978389271069,81.11785989059467,71.46446311467939,37.29007635049397,35.85750000000002,34.42492364950608,0.6926122689786354,0.5993408741878944,0.09327139479074098
2022-12-20,2449,12049125,445598500,37.4,37.55,36.55,36.65,-0.85,6356,36.91999999999997,36.245000000000005,35.93000000000002,88.88888888888873,93.75998888194003,56.68703590558653,59.96842786430765,37.3688884598867,35.93000000000002,34.491111540113344,0.6668650168727623,0.6128457027248679,0.054019314147894404
2022-12-21,2449,8492804,311321617,36.8,37.15,36.35,36.5,-0.15,4159,36.92999999999997,36.385000000000005,35.99250000000002,74.30555555555542,87.46047877145428,53.37727119521406,58.18949500835723,37.416324076209904,35.99250000000002,34.56867592379014,0.6271272550590723,0.6157020131917088,0.01142524186736349
2022-12-22,2449,7926561,293788840,36.65,37.35,36.65,37.05,0.55,3760,36.96999999999997,36.58,36.07250000000001,67.21335697399512,76.80260047281313,62.69480379237161,62.57351068053413,37.544395037017686,36.07250000000001,34.60060496298234,0.6327215755177562,0.6191059256569182,0.013615649860837964
2022-12-23,2449,4505240,163494261,36.8,36.8,36.0,36.4,-0.65,3643,36.81999999999997,36.66,36.140000000000015,55.77544847726305,65.76478700227122,49.15118597546023,55.206186448662734,37.540214269316216,36.140000000000015,34.73978573068381,0.5780422359851869,0.610893187722572,-0.03285095173738506
2022-12-26,2449,1301885,47282820,36.4,36.45,36.15,36.4,0.0,830,36.59999999999997,36.705,36.20750000000002,45.62759901489741,56.20546815538521,49.15118597546023,55.206186448662734,37.518329889801336,36.20750000000002,34.8966701101987,0.5286149216963025,0.5944375345173181,-0.06582261282101554
2022-12-27,2449,1640969,59956757,36.6,36.65,36.4,36.55,0.15,1071,36.57999999999997,36.74999999999999,36.272500000000015,31.214421252371654,44.205822914844056,52.38223558492179,56.574578593180455,37.51406151679943,36.272500000000015,35.0309384832006,0.4958315282027783,0.5747163332544101,-0.07888480505163176
2022-12-28,2449,2710815,97718919,36.4,36.4,35.9,36.1,-0.45,1782,36.49999999999997,36.714999999999996,36.30000000000002,24.470511567285588,33.77084394485157,42.852030476480756,51.49248857029222,37.49999999999834,36.30000000000002,35.1000000000017,0.4285985956570997,0.545492785734948,-0.11689419007784829
2022-12-29,2449,2750584,98371072,35.85,36.2,35.4,35.95,-0.15,2068,36.27999999999997,36.62499999999999,36.287500000000016,24.395492812597002,26.693475210751433,40.02046941529029,49.88390044449842,37.49658022893325,36.287500000000016,35.078419771066784,0.3590730947092666,0.5082088475298117,-0.14913575282054503
2022-12-30,2449,2868463,104028992,36.15,36.4,36.05,36.2,0.25,1740,36.239999999999974,36.529999999999994,36.27750000000002,24.970636598543603,24.61221365947542,46.84947717831308,52.544740460394856,37.4860011377724,36.27750000000002,35.06899886222764,0.32045256724633475,0.47065759147311625,-0.1502050242267815
2023-01-03,2449,2406713,87534767,36.3,36.6,36.0,36.6,0.4,1625,36.27999999999997,36.44,36.29750000000002,41.44305307096003,30.26972749403357,56.16562082228109,56.52226675673621,37.51342557337869,36.29750000000002,35.08157442662135,0.31845127003467155,0.4402163271854273,-0.12176505715075575
2023-01-04,2449,1526684,55701439,36.5,36.65,36.35,36.4,-0.2,1122,36.24999999999997,36.415,36.33000000000002,50.009938382031294,38.80787601717834,50.95562296372484,54.081468577733375,37.52012604374308,36.33000000000002,35.139873956256956,0.2972998118769894,0.4116330241237397,-0.1143332122467503
2023-01-05,2449,1975983,72272768,36.6,36.7,36.4,36.55,0.15,1363,36.339999999999975,36.42,36.40250000000002,64.9877899877898,52.14692714692706,54.63752144678876,55.62906193670551,37.45248809516917,36.40250000000002,35.35251190483086,0.2893059365468744,0.38716760660836663,-0.09786167006149221
2023-01-06,2449,1949400,71342600,36.6,36.7,36.45,36.65,0.1,990,36.479999999999976,36.379999999999995,36.48000000000001,76.5262515262512,63.84132663202413,57.14010845601805,56.67734214109157,37.34683331731032,36.48000000000001,35.6131666826897,0.2877232030369967,0.36727872589409266,-0.07955552285709594
2023-01-09,2449,3821523,142656215,37.05,37.6,36.9,37.45,0.8,2269,36.729999999999976,36.485,36.57250000000001,90.49284049284022,77.33562733562711,71.70791445199882,64.00402490193736,37.438799601753885,36.57250000000001,35.70620039824614,0.34702193657726355,0.36322736803072686,-0.016205431453463315
2023-01-10,2449,2226660,83261998,37.6,37.65,37.25,37.4,-0.05,1469,36.88999999999997,36.584999999999994,36.64500000000001,92.74151774151748,86.586869920203,69.97369249486431,63.2836664960286,37.533200427830714,36.64500000000001,35.75679957216931,0.3855377883643385,0.3676894520974492,0.01784833626688931
2023-01-11,2449,2643432,98703315,37.4,37.5,37.2,37.4,0.0,1483,37.089999999999975,36.669999999999995,36.71000000000001,90.31986531986517,91.18474118474099,69.97369249486431,63.2836664960286,37.619175450614144,36.71000000000001,35.80082454938587,0.4113204324896671,0.3764156481758928,0.034904784313774306
2023-01-12,2449,2796424,104094787,37.45,37.5,37.1,37.1,-0.3,1716,37.199999999999974,36.769999999999996,36.74250000000001,81.48148148148135,88.18095484762136,58.43280620363435,58.68738402178959,37.65861953368558,36.74250000000001,35.82638046631443,0.4029014735281464,0.38171281324634354,0.021188660281802885
2023-01-13,2449,3023367,112283518,37.3,37.4,36.95,37.15,0.05,1813,37.29999999999997,36.88999999999999,36.75750000000001,75.08417508417494,82.29517396184052,59.724446042276156,59.21901009767544,37.68984918351394,36.75750000000001,35.82515081648607,0.39570255726452785,0.3845107620499804,0.01119179521454744
2023-01-16,2449,1784934,66291492,37.0,37.25,36.95,37.2,0.05,1116,37.249999999999964,36.989999999999995,36.760000000000005,67.24941724941719,74.60502460502452,61.133454051818106,59.77643810781029,37.69680307429033,36.760000000000005,35.82319692570968,0.3895415538412976,0.38551692040824387,0.004024633433053759
2023-01-17,2449,3100504,115320113,37.35,37.35,37.1,37.15,-0.05,1579,37.19999999999997,37.04499999999999,36.74250000000001,65.02719502719494,69.12026245359571,58.7361442411497,58.909277769884405,37.63540257027288,36.74250000000001,35.84959742972713,0.37628673288187997,0.3836708829029711,-0.007384150021091107
2023-01-30,2449,8950185,338436554,37.6,38.1,37.45,37.95,0.8,4161,37.30999999999997,37.19999999999999,36.80750000000001,72.09790209790204,68.12483812483806,76.17562423366505,67.12642358359943,37.84204096100553,36.80750000000001,35.77295903899449,0.4254313975674435,0.3920229858358656,0.033408411731577936
2023-01-31,2449,4974970,189676068,37.95,38.3,37.9,38.3,0.35,3047,37.54999999999997,37.374999999999986,36.89750000000001,83.6363636363635,73.58715358715351,80.40305853375524,69.95704987677158,38.1076549487561,36.89750000000001,35.687345051243916,0.48700705910095365,0.4110198004888832,0.07598725861207045
2023-02-01,2449,5845718,226060492,38.5,38.85,38.4,38.75,0.45,3483,37.86999999999996,37.584999999999994,36.98250000000001,95.21531100478451,83.6498589130167,84.52256796268534,73.1573461470389,38.437585908116645,36.98250000000001,35.52741409188337,0.5655975966659383,0.4419353597242942,0.12366223694164413
2023-02-02,2449,13905219,552068072,39.05,40.1,39.0,39.6,0.85,7017,38.34999999999996,37.8,37.14250000000001,92.95460874408222,90.60209446174343,89.42252610061729,77.93796638698286,38.96383879330499,37.14250000000001,35.32116120669504,0.6885320908075556,0.4912547059409465,0.19727738486660912
2023-02-03,2449,7558819,302541905,39.6,40.3,39.3,40.25,0.65,4280,38.969999999999956,38.084999999999994,37.335000000000015,92.4570963062713,93.54233868504603,91.75210660689675,80.75989116834945,39.56885317333018,37.335000000000015,35.10114682666985,0.828853622219853,0.5587744891967278,0.27007913302312525
2023-02-06,2449,3591967,142875968,39.95,39.95,39.5,39.8,-0.45,2259,39.33999999999996,38.325,37.49750000000002,89.23635789307416,91.54935431447592,77.89557611951882,73.72882707428423,39.94218300603529,37.49750000000002,35.05281699396474,0.8934490827597443,0.625709407909331,0.2677396748504133
2023-02-07,2449,4259954,170284466,39.5,40.1,39.45,40.1,0.3,2581,39.69999999999996,38.625,37.69750000000001,92.53731343283572,91.41025587739375,80.21906598304346,75.2743199297696,40.3014345229859,37.69750000000001,35.093565477014124,0.9578079298179532,0.6921291122910554,0.2656788175268977
2023-02-08,2449,4150947,167181924,40.3,40.45,40.1,40.15,0.05,2706,39.97999999999996,38.925,37.90750000000001,90.04975124378092,90.60780752323029,80.61526821484601,75.53266939202794,40.59008737043131,37.90750000000001,35.22491262956871,1.0013049418456887,0.7539642782019821,0.24734066364370666
2023-02-09,2449,4635311,186243083,40.0,40.4,39.95,40.05,-0.1,2385,40.06999999999996,39.21,38.10000000000001,90.58043117744587,91.0558319513542,77.01589187380998,73.87023888903305,40.817167642969395,38.10000000000001,35.38283235703062,1.0159957069176144,0.8063705639451085,0.2096251429725059
2023-02-10,2449,4663744,186243279,40.05,40.25,39.65,39.9,-0.15,2600,39.99999999999996,39.485,38.265,85.38093844502946,88.67037362208544,71.43433911439779,71.33405059622069,40.99851422165696,38.265,35.53148577834304,1.0039614549720497,0.8458887421504968,0.15807271282155289
2023-02-13,2449,2984088,119696416,40.0,40.35,39.8,40.35,0.45,2086,40.109999999999964,39.72500000000001,38.462500000000006,86.73999681173255,87.56712214473599,77.21408986187318,74.19625514192909,41.199263599582586,38.462500000000006,35.725736400417425,1.0189891897158745,0.8805088316635723,0.1384803580523022
2023-02-14,2449,2649572,106568457,40.45,40.55,40.05,40.2,-0.15,1733,40.12999999999996,39.915000000000006,38.64500000000001,83.65755953574705,85.25949826416972,71.58170398328907,71.62889943596696,41.33366137696778,38.64500000000001,35.95633862303224,1.0071848315839347,0.9058440316476448,0.10134079993628986
2023-02-15,2449,7789782,316690892,40.15,40.95,40.15,40.9,0.7,4223,40.27999999999996,40.13,38.85750000000001,89.83700100930615,86.74485245226195,79.65974172644576,75.8317234436282,41.553659305382325,38.85750000000001,36.16134069461769,1.0422989688699147,0.9331350190920988,0.10916394977781585
2023-02-16,2449,7243956,296970131,41.0,41.4,40.6,40.8,-0.1,4216,40.429999999999964,40.25,39.025000000000006,81.20660701305846,84.90038918603724,76.05650370909402,74.14199873691761,41.766441226800325,39.025000000000006,36.28355877319969,1.0499547861866247,0.956498972511004,0.09345581367562072
2023-02-17,2449,3551764,143695299,40.6,40.6,40.3,40.45,-0.35,2141,40.539999999999964,40.269999999999996,39.17750000000001,72.49417249417225,81.17926017217899,64.19891046122002,68.39742867202337,41.8794391184851,39.17750000000001,36.475560881514916,1.016067409028075,0.9684126598144183,0.047654749213656755
2023-02-20,2449,3038782,123074485,40.45,40.65,40.35,40.6,0.15,2013,40.58999999999996,40.35,39.33750000000001,58.26617826617815,70.6556525911363,66.78787919010898,69.48852802721122,41.9777414662296,39.33750000000001,36.69725853377042,0.9899041658522592,0.9727109610219864,0.017193204830272757
2023-02-21,2449,2731604,110942204,40.6,40.85,40.3,40.75,0.15,1681,40.69999999999997,40.415,39.52000000000001,56.141636141636106,62.30066230066219,69.37190768287617,70.58232060691863,42.017078292725245,39.52000000000001,37.022921707274776,0.9700907512176116,0.9721869190611114,-0.002096167843499863
2023-02-22,2449,4587302,185188710,40.65,40.65,40.2,40.55,-0.2,1898,40.62999999999996,40.455,39.69000000000001,56.19047619047609,56.866096866096804,61.882398563116304,67.12696881749457,41.97223574592945,39.69000000000001,37.40776425407057,0.9275578394529447,0.9632611031394781,-0.035703263686533426
2023-02-23,2449,10754059,445313171,40.6,41.8,40.6,41.5,0.95,5930,40.76999999999996,40.6,39.90500000000001,66.42857142857132,59.58689458689454,76.15097702363164,73.71047646778315,42.01186971595306,39.90500000000001,37.798130284046955,0.9594473491592268,0.9624983523434278,-0.00305100318420104
2023-02-24,2449,6055142,253132894,41.8,42.0,41.25,41.85,0.35,3680,41.04999999999996,40.795,40.14000000000001,76.24542124542114,66.28815628815622,79.45637299212127,75.6456637992263,41.99919337348204,40.14000000000001,38.28080662651797,1.001418362756354,0.9702823544260131,0.031136008330340914
2023-03-01,2449,6404555,269483792,41.75,42.45,41.4,42.4,0.55,3847,41.40999999999996,41.0,40.362500000000004,91.7112597547379,78.12841747624348,83.61874969581966,78.34345756347194,42.184826809329316,40.362500000000004,38.54017319067069,1.066764104318132,0.9895787044044368,0.07718539991369511
2023-03-02,2449,4252823,180528708,42.45,42.65,42.15,42.45,0.05,2598,41.749999999999964,41.225,40.57000000000001,93.99017131936375,87.31561743984095,83.96336270809083,78.57580027639992,42.350280876715495,40.57000000000001,38.78971912328452,1.1097926584839897,1.0136214952203475,0.09617116326364217
2023-03-03,2449,31641442,1428793401,44.85,45.8,44.45,45.2,2.75,16738,42.679999999999964,41.655,40.89250000000001,92.98284531203775,92.89475879537981,93.17554099120488,86.90018883278742,43.4180246979583,40.89250000000001,38.36697530204172,1.3502304982608422,1.0809432958284464,0.2692872024323958
2023-03-06,2449,17653257,813086061,45.95,46.5,45.65,46.15,0.95,10442,43.609999999999964,42.19,41.22000000000001,91.85563114134537,92.94288259091564,94.45850308382877,88.55463612046793,44.55817315308797,41.22000000000001,37.881826846912055,1.5990039567952863,1.1845554280218145,0.4144485287734718
2023-03-07,2449,12380079,572263107,46.35,46.75,45.7,46.75,0.6,7598,44.58999999999996,42.82,41.54500000000001,94.57671957671947,93.13839867670089,95.13272915716323,89.46003393212995,45.625306361046725,41.54500000000001,37.46469363895329,1.8235529176778797,1.3123549259530276,0.5111979917248521
2023-03-08,2449,15352938,722568641,46.05,47.5,46.05,47.45,0.7,10991,45.599999999999966,43.504999999999995,41.927500000000016,97.91983764586492,94.78406278797661,95.82425169659491,90.41289342314359,46.663371091995245,41.927500000000016,37.19162890800479,2.034540816743416,1.4567921041111052,0.5777487126323106
2023-03-09,2449,29605432,1439883265,48.15,49.0,47.9,48.9,1.45,16727,46.88999999999997,44.31999999999999,42.367500000000014,99.37486410089139,97.29047377449194,96.89154203353438,92.02185669335195,47.90909498700479,42.367500000000014,36.825905012995236,2.2923285916039546,1.623899401609675,0.6684291899942796
2023-03-10,2449,23904252,1136035000,48.75,48.75,46.85,46.95,-1.95,18412,47.23999999999997,44.959999999999994,42.70750000000002,90.55765979981614,95.95078718219082,69.15805704798626,74.02861240571109,48.492245024631224,42.70750000000002,36.92275497536881,2.3126201121744145,1.761643543722623,0.5509765684517915
2023-03-13,2449,18513677,870328318,46.5,47.75,46.25,47.75,0.8,10454,47.55999999999996,45.584999999999994,43.092500000000015,85.30351416174835,91.74534602081864,72.87428193499699,76.09384195345666,49.1376033903479,43.092500000000015,37.04739660965213,2.36598104581595,1.8825110441412884,0.48347000167466136
2023-03-14,2449,16097428,768308361,47.5,48.2,47.2,47.65,-0.1,9450,47.73999999999997,46.164999999999985,43.48000000000002,79.13099649288033,84.99739015148162,71.61586002172209,75.28791965950889,49.64914904990913,43.48000000000002,37.31085095009091,2.3728480901696827,1.9805784533469672,0.39226963682271543
2023-03-15,2449,15683700,764491920,48.9,49.2,48.3,48.85,1.2,8636,48.01999999999997,46.80999999999999,43.905000000000015,85.49206044307839,83.30885703256905,77.14196276498105,78.26306323571704,50.319351097343805,43.905000000000015,37.490648902656226,2.4469137449748004,2.073845511672534,0.37306823330226635
2023-03-16,2449,13616043,656967564,48.7,48.8,47.7,48.35,-0.5,10018,47.90999999999996,47.39999999999999,44.312500000000014,82.99329592615226,82.53878428737035,70.47239352749753,74.25181851992564,50.76895994334323,44.312500000000014,37.856040056656795,2.4371712950930586,2.146510668356639,0.29066062673641957
2023-03-17,2449,17032956,837468497,49.25,49.45,48.8,49.3,0.95,8970,48.37999999999996,47.809999999999995,44.732500000000016,88.22930565851232,85.57155400924768,75.22123019283339,76.69578415081143,51.33751892502931,44.732500000000016,38.127481074970724,2.477547765469552,2.212718087779222,0.2648296776903303
2023-03-20,2449,14666140,729262568,49.45,50.3,49.0,49.55,0.25,9972,48.73999999999997,48.15,45.170000000000016,84.80309306821304,85.3418982176259,76.38715488427023,77.30624248812492,51.83403781501853,45.170000000000016,38.5059621849815,2.500890609605328,2.270352592144443,0.23053801746088487
2023-03-21,2449,15116659,748139279,50.2,50.5,48.8,49.55,0.0,11403,49.11999999999996,48.43,45.625000000000014,85.33333333333316,86.12191068668619,76.38715488427023,77.30624248812492,52.179578552431586,45.625000000000014,39.07042144756844,2.490678984815922,2.314417870678739,0.17626111413718304
2023-03-22,2449,10079396,494859441,49.95,49.95,48.85,48.95,-0.6,6769,49.139999999999965,48.58,46.04250000000001,74.50980392156852,81.54874344103825,66.21014658026722,72.05269825959829,52.321534559548,46.04250000000001,39.76346544045202,2.4064313701254605,2.3328205705680833,0.07361079955737715
2023-03-23,2449,12145542,599907241,48.9,49.8,48.8,49.8,0.85,6049,49.429999999999964,48.67,46.49500000000001,74.9019607843136,78.24836601307176,72.30790336060193,74.6780491021474,52.48072468461396,46.49500000000001,40.50927531538606,2.3808079526884853,2.342418046992164,0.0383899056963215
2023-03-24,2449,6972734,344321475,49.85,49.9,49.1,49.2,-0.6,5964,49.409999999999954,48.895,46.927500000000016,69.22162804515737,72.87779758367985,62.95224926804984,69.70066244749205,52.356632066914344,46.927500000000016,41.49836793308569,2.2857376632129203,2.331081970236315,-0.04534430702339476
2023-03-27,2449,7645335,371931625,48.85,48.9,48.2,48.9,-0.3,5167,49.27999999999996,49.010000000000005,47.297500000000014,62.33087174263631,68.81815352403578,58.53434837336068,67.28583153442933,52.17750768441993,47.297500000000014,42.4174923155801,2.1612724772908933,2.297120071647231,-0.13584759435633753
2023-03-28,2449,6671181,323214459,48.95,49.0,48.15,48.5,-0.4,5153,49.06999999999996,49.095000000000006,47.63000000000001,44.01154401154387,58.52134793311254,52.773264433398936,64.09714430799838,51.84027315028346,47.63000000000001,43.41972684971656,2.0072183005452473,2.239139717426834,-0.23192141688158685
2023-03-29,2449,8015538,383943334,48.5,48.75,47.5,47.7,-0.8,5919,48.81999999999996,48.980000000000004,47.89500000000002,26.031746031745907,44.12472059530871,42.91723605661508,58.16062304796541,51.355621331494405,47.89500000000002,44.43437866850563,1.7998286372767822,2.151277501396824,-0.3514488641200417
2023-03-30,2449,7274043,352820153,47.95,48.8,47.9,48.7,1.0,4995,48.59999999999995,49.015,48.20750000000002,25.079365079365022,31.707551707551616,55.136342870943444,62.798777955294526,50.61275986121974,48.20750000000002,45.80224013878029,1.6966050704735451,2.060343015212168,-0.36373794473862286
2023-03-31,2449,6813877,332942958,49.1,49.3,48.5,48.5,-0.2,4661,48.45999999999996,48.934999999999995,48.37250000000002,26.66666666666664,25.92592592592587,52.513442800318835,61.33431549838752,50.34340715154097,48.37250000000002,46.40159284845906,1.5804429589271507,1.9643630039551645,-0.3839200450280138
2023-04-06,2449,6410645,311137628,48.55,48.85,47.75,48.8,0.3,4344,48.439999999999955,48.86,48.50500000000001,42.1315192743763,31.29251700680267,56.16286414896342,62.737998907008986,50.197010638263926,48.50500000000001,46.81298936173609,1.4953536355340802,1.8705611302709477,-0.37520749473686754
2023-04-07,2449,3763960,182950687,48.75,49.05,48.4,48.4,-0.4,3432,48.41999999999995,48.74499999999999,48.58750000000001,41.298185941042924,36.69879062736197,50.16570257876667,59.62965420257294,50.07809551857493,48.58750000000001,47.09690448142509,1.3797383122428215,1.7723965666653225,-0.392658254422501
2023-04-10,2449,4460207,214470339,48.35,48.4,47.8,48.2,-0.2,3132,48.519999999999946,48.669999999999995,48.625000000000014,39.90929705215407,41.11300075585778,47.22414470826346,58.08019110787662,50.03478721798499,48.625000000000014,47.21521278201504,1.2574785767611516,1.6694129686844883,-0.4119343919233367
2023-04-11,2449,5896632,286248353,48.2,48.9,47.9,48.6,0.4,4180,48.49999999999995,48.55,48.610000000000014,42.59259259259259,41.26669186192988,53.575861637856626,60.30197844888227,50.01413674547579,48.610000000000014,47.20586325452424,1.1792696264349303,1.5713843002345766,-0.3921146737996464
2023-04-12,2449,3131216,152379283,48.65,48.8,48.4,48.6,0.0,2781,48.519999999999946,48.489999999999995,48.69250000000001,50.462962962963026,44.32161753590324,53.57586163785661,60.30197844888227,49.8728707044809,48.69250000000001,47.51212929551912,1.1045558377014544,1.4780186077279522,-0.37346277002649786
2023-04-13,2449,5649676,271575180,48.45,48.55,47.8,47.8,-0.8,4116,48.31999999999995,48.38,48.69500000000001,46.296296296296276,46.45061728395064,40.35460969964335,53.700233654565736,49.86756129903604,48.69500000000001,47.522438700963974,0.9696141988054094,1.3763377259434437,-0.4067235271380343
2023-04-14,2449,6819796,324429906,47.9,48.1,47.15,47.55,-0.25,4531,48.14999999999994,48.285000000000004,48.69000000000001,32.12747631352273,42.962245190927355,37.023579059148034,51.79202963592271,49.88104995696883,48.69000000000001,47.49895004303119,0.8328979381454786,1.2676497683838508,-0.43475183023837216
2023-04-17,2449,15879558,742098863,47.5,47.8,46.2,46.65,-0.9,9449,47.83999999999995,48.18,48.580000000000005,16.595815620571617,31.673196076796888,27.492387090429173,45.520888878074004,50.06236297849046,48.580000000000005,47.09763702150955,0.6444974725213726,1.1430193092113552,-0.4985218366899826
2023-04-18,2449,11824337,546624519,46.9,47.0,45.9,46.0,-0.65,6398,47.31999999999995,47.910000000000004,48.462500000000006,12.098461123217179,20.273917685770524,22.591900355656474,41.602903670271644,50.32338016809182,48.462500000000006,46.60161983190819,0.43769371771591636,1.0019541909122673,-0.564260473196351
2023-04-19,2449,6929280,319859343,46.1,46.5,45.9,46.15,0.15,3907,46.82999999999995,47.675,48.30500000000001,8.542413381122945,12.412230041637264,26.136610225415748,42.82586919599367,50.37693146604726,48.30500000000001,46.23306853395275,0.2826458332647377,0.8580925193827614,-0.5754466861180237
2023-04-20,2449,7158157,330489871,46.4,46.55,45.95,46.0,-0.15,3867,46.46999999999995,47.394999999999996,48.12750000000001,4.814814814814754,8.48522977305164,24.811088366763293,41.88131271861844,50.34548895398444,48.12750000000001,45.90951104601558,0.1459827234153508,0.7156705601892793,-0.5696878367739285
2023-04-21,2449,8478408,390880514,46.0,46.5,45.9,46.0,0.0,4834,46.15999999999995,47.155,47.95000000000001,4.8677248677248075,6.074984354554185,24.81108836676329,41.88131271861843,50.25086940090004,47.95000000000001,45.64913059909998,0.037246865574211085,0.5799858212662656,-0.5427389556920545
2023-04-24,2449,9942869,459401198,45.95,46.55,45.65,46.2,0.2,5603,46.06999999999995,46.955,47.812500000000014,8.042328042328029,5.908289241622545,31.148118351170428,43.7981295630034,50.18544648064287,47.812500000000014,45.43955351935716,-0.03241509558992561,0.4575056378950274,-0.489920733484953
2023-04-25,2449,11609724,526249060,46.1,46.1,45.0,45.0,-1.2,6924,45.86999999999995,46.595,47.57250000000001,6.931216931216902,6.613756613756595,19.590379910535823,36.10404994819745,50.06096840446011,47.57250000000001,45.08403159553991,-0.1823506481192041,0.3295343806921811,-0.5118850288113852
2023-04-26,2449,9374060,422423390,44.6,45.5,44.6,45.3,0.3,5258,45.699999999999946,46.265,47.37750000000001,12.4867724867724,9.153439153439125,27.4428788574198,38.98960675304978,49.93552169654501,47.37750000000001,44.819478303455014,-0.27381182861229547,0.20886513883128577,-0.48267696744358124
2023-04-27,2449,8963462,412023672,45.55,46.5,45.1,46.2,0.9,5566,45.73999999999994,46.105,47.242500000000014,23.333333333333233,14.250440917107525,45.925400788424405,46.757771996937755,49.74934562747581,47.242500000000014,44.735654372524216,-0.270554214142642,0.1129812682365002,-0.38353548237914226
2023-04-28,2449,10107468,474037635,46.9,47.25,46.5,47.0,0.8,4462,45.93999999999994,46.05,47.16750000000001,53.52201257861625,29.78070613290731,57.225050076712925,52.542128456501544,49.60825295759261,47.16750000000001,44.72674704240741,-0.20110104936848927,0.050164804715502304,-0.2512658540839916
2023-05-02,2449,7511310,350283180,47.05,47.1,46.25,46.5,-0.5,4399,45.99999999999994,46.035,47.10750000000001,70.754716981132,49.20335429769384,49.65858846959462,48.96181510739263,49.55193756312104,47.10750000000001,44.66306243687898,-0.18428046671787968,0.0032757504288259062,-0.1875562171467056
2023-05-03,2449,3242232,150507175,46.3,46.7,46.1,46.4,-0.1,1899,46.279999999999944,46.074999999999996,46.99250000000001,76.72955974842755,67.00209643605861,48.17237399697996,48.25361191201962,49.340962262843064,46.99250000000001,44.64403773715695,-0.17697909322560434,-0.03277521830206015,-0.1442038749235442
2023-05-04,2449,3670866,171300851,46.4,46.9,46.35,46.8,0.4,1976,46.57999999999995,46.14,46.907500000000006,74.21383647798724,73.89937106918228,54.52388753630453,51.288722808147384,49.152332955922866,46.907500000000006,44.662667044077146,-0.13733295623620734,-0.053686765888889584,-0.08364619034731775
2023-05-05,2449,2658242,124421043,46.65,46.95,46.55,46.75,-0.05,1703,46.689999999999955,46.214999999999996,46.80500000000001,77.35849056603756,76.10062893081748,53.56654717748787,50.8869361400738,48.875241531801386,46.80500000000001,44.73475846819863,-0.10869472405094172,-0.0646883575213,-0.04400636652964171
2023-05-08,2449,9212457,424701916,47.0,47.05,45.7,45.8,-0.95,5454,46.44999999999995,46.195,46.675000000000004,69.81132075471679,73.79454926624722,38.55909974240491,43.857007492949876,48.652751248261104,46.675000000000004,44.697248751738904,-0.16080215212172533,-0.08391111644138508,-0.07689103568034025
2023-05-09,2449,6658538,303167624,45.55,45.9,45.25,45.3,-0.5,3652,46.20999999999996,46.105000000000004,46.53,50.94339622641488,66.03773584905643,32.89938941215576,40.672266820991545,48.464011375354026,46.53,44.595988624645976,-0.23968059688235144,-0.11506501252957835,-0.12461558435277309
2023-05-10,2449,4652220,211092027,45.25,45.65,45.15,45.35,0.05,3240,45.99999999999996,46.14,46.3675,27.775340061430253,49.51001901418733,34.02909825570031,41.13262349529817,48.11572052384675,46.3675,44.61927947615325,-0.29475994138845607,-0.1510039983013539,-0.14375594308710218
2023-05-11,2449,5308937,242383364,45.55,45.9,45.3,45.5,0.15,3807,45.73999999999995,46.160000000000004,46.2125,18.23655599434436,32.31843076072985,37.70018668581561,42.572297196313066,47.66641712280965,46.2125,44.75858287719035,-0.32258837436175014,-0.18532087351343313,-0.13726750084831701
2023-05-12,2449,1893059,86093201,45.3,45.8,45.2,45.65,0.15,1480,45.51999999999995,46.105000000000004,46.105000000000004,17.978533094812065,21.33014305019558,41.49821610541857,44.04598446754525,47.38049990199823,46.105000000000004,44.82950009800178,-0.3287492449321405,-0.2140065477971746,-0.11474269713496593
2023-05-15,2449,3417868,155930182,45.45,46.0,45.4,45.7,0.05,1903,45.49999999999996,45.975,46.0125,23.751686909581625,19.988925332912704,42.85306254784383,44.55672018482603,47.11153366645351,46.0125,44.913466333546495,-0.32584110369889174,-0.23637345897751802,-0.08946764472137372
2023-05-16,2449,3426722,157302934,45.7,46.1,45.7,45.75,0.05,2146,45.589999999999954,45.9,45.96750000000001,28.722447143499767,23.484222382631174,44.35648931629903,45.096417599139215,47.03158411321403,45.96750000000001,44.903415886785986,-0.315860752548069,-0.25227091769162824,-0.06358983485644076
2023-05-17,2449,3233906,149777284,45.9,46.55,45.9,46.5,0.75,2168,45.81999999999995,45.910000000000004,45.99250000000001,43.85964912280707,32.11126105862951,61.89822531324965,52.556655293318364,47.081662522305365,45.99250000000001,44.90333747769465,-0.24461277654616964,-0.25073928946253654,0.0061265129163669
2023-05-18,2449,4407814,206571212,46.8,47.0,46.7,46.85,0.35,2734,46.089999999999954,45.915000000000006,46.02750000000001,64.03508771929829,45.53906132853507,67.47988869614392,55.58936230872721,47.17792383493815,46.02750000000001,44.87707616506187,-0.15808387481765607,-0.23220820653356045,0.07412433171590438
2023-05-19,2449,5098688,238711751,46.95,47.05,46.55,46.8,-0.05,2923,46.31999999999995,45.92,46.06750000000001,82.45614035087719,63.45029239766088,65.87159497634084,55.048005764898676,47.26594691162963,46.06750000000001,44.86905308837039,-0.09247765409227071,-0.2042620960453025,0.11178444195303178
2023-05-22,2449,3195855,149409951,46.55,46.9,46.55,46.8,0.0,1831,46.53999999999995,46.02,46.1075,87.71929824561398,78.07017543859651,65.87159497634084,55.04800576489867,47.346965610655154,46.1075,44.86803438934485,-0.04002289250865232,-0.17141425533797244,0.13139136282932012
2023-05-23,2449,3502344,164106484,46.8,46.95,46.65,46.8,0.0,1992,46.74999999999996,46.17,46.1375,86.72356567093397,85.63300142247506,65.87159497634084,55.048005764898676,47.41299010188025,46.1375,44.86200989811976,0.0015302442592428633,-0.1368253554185294,0.13835559967777225
2023-05-24,2449,5491993,259545338,46.8,47.5,46.8,47.5,0.7,3424,46.94999999999995,46.385000000000005,46.2625,91.10953058321468,88.51746483325422,77.69178101691519,61.58881509135061,47.55744208364528,46.2625,44.96755791635473,0.08990913780377952,-0.0914784567740676,0.18138759457784712
2023-05-25,2449,7834345,376333231,48.0,48.25,47.7,48.05,0.55,5143,47.189999999999955,46.64,46.4,93.15631420894563,90.3298034876981,83.06754026309979,65.79959988110623,47.83352711868198,46.4,44.96647288131802,0.20200189898194054,-0.032782385622865964,0.2347842846048065
2023-05-26,2449,40623125,2054494527,48.9,51.7,48.85,51.1,3.05,23083,48.04999999999995,47.18500000000001,46.644999999999996,94.32748538011681,92.86444339075905,93.38329143127265,79.3310734989685,49.139974949773524,46.644999999999996,44.15002505022647,0.5308266902299934,0.07993942954770591,0.45088726068228746
2023-05-29,2449,36655887,1974410648,54.2,54.6,53.0,53.7,2.6,22984,49.42999999999995,47.98500000000001,46.980000000000004,90.87920951804786,92.78766970237011,95.87975110810616,84.83817963945704,50.94300391117588,46.980000000000004,43.01699608882413,0.9898110515755576,0.26191375395327626,0.7278972976222813
2023-05-30,2449,19463518,1048688027,54.5,54.8,53.0,53.9,0.2,11087,50.84999999999995,48.800000000000004,47.35,89.58202716823398,91.59624068879957,96.01469329261286,85.16560823204031,52.318802672676455,47.35,42.38119732732355,1.3540887016146712,0.48034874348555523,0.873739958129116
2023-05-31,2449,14876888,799581690,54.2,54.3,53.2,54.0,0.1,8517,52.149999999999956,49.550000000000004,47.730000000000004,89.6830372692441,90.04809131850867,96.08940419958982,85.33612562095647,53.454980349310816,47.730000000000004,42.00501965068919,1.6320374165841756,0.7106864781052793,0.9213509384788963
2023-06-01,2449,13316457,701715785,53.5,53.6,52.2,52.4,-1.6,8859,53.019999999999946,50.105000000000004,48.010000000000005,83.43434343434336,87.56646929060717,71.1806936186401,71.22840596790643,54.06397390149606,48.010000000000005,41.95602609850395,1.703569459177558,0.9092630743197351,0.794306384857823
2023-06-02,2449,17231678,927237394,52.5,54.3,52.5,54.2,1.8,9792,53.63999999999995,50.845,48.38250000000001,84.61671934064566,85.91136668141105,78.49677662753301,76.02948145407983,54.97349954483338,48.38250000000001,41.791500455166634,1.8837889289110947,1.104168245238007,0.7796206836730877
2023-06-05,2449,12625466,677742168,54.6,54.8,52.9,53.2,-1.0,9060,53.53999999999995,51.485,48.75250000000001,81.18237590630224,83.07781289376378,67.40586881071243,69.12802231327483,55.54966668914282,48.75250000000001,41.955333310857206,1.9237467592845334,1.2680839480473123,0.6556628112372211
2023-06-06,2449,11436198,609710040,52.9,54.1,52.2,54.0,0.8,7088,53.559999999999945,52.205,49.187500000000014,87.12347705867101,84.307524101873,71.20333752797163,71.3672422009994,56.156565575813715,49.187500000000014,42.21843442418631,1.9969473755681761,1.413856633551485,0.5830907420166911
2023-06-07,2449,10268940,554704948,53.8,54.3,53.4,54.0,0.0,6936,53.559999999999945,52.855,49.62000000000001,85.09567207164552,84.46717501220628,71.20333752797163,71.3672422009994,56.65607845322911,49.62000000000001,42.58392154677092,2.031541050712697,1.5373935169837274,0.4941475337289696
2023-06-08,2449,11633287,625575598,53.5,54.1,52.9,54.0,0.0,6340,53.87999999999995,53.45,50.04500000000001,81.50592848190193,84.57502587073952,71.20333752797161,71.36724220099939,57.06111715979686,50.04500000000001,43.02888284020316,2.035492892484477,1.6370133920838774,0.39847950040059965
2023-06-09,2449,12958846,701724396,54.1,54.7,53.4,54.3,0.3,6509,53.899999999999956,53.769999999999996,50.477500000000006,78.85154061624642,81.81771372326466,73.07159634706028,72.30798764883902,57.42267638364888,50.477500000000006,43.532323616351135,2.0393241885451587,1.7174755513761337,0.321848637169025
2023-06-12,2449,11334804,617141062,55.0,55.2,53.8,54.3,0.0,6497,54.11999999999996,53.83,50.907500000000006,73.33333333333319,77.89693414382721,73.07159634706028,72.30798764883902,57.679004633387926,50.907500000000006,44.135995366612086,2.0190857545352117,1.7777975920079494,0.24128816252726226
2023-06-13,2449,42612817,2436300860,56.3,58.2,55.6,57.4,3.1,22064,54.799999999999955,54.17999999999999,51.49000000000001,79.14529914529895,77.11005769829289,85.9197275322334,80.13126812718731,58.38975361878914,51.49000000000001,44.590246381210875,2.227513354618189,1.8677407445299974,0.3597726100881917
2023-06-14,2449,26905531,1552434808,57.7,58.8,56.5,57.1,-0.3,15656,55.41999999999996,54.489999999999995,52.02,76.9696969696968,76.48277648277634,81.52793182821961,77.83945903837977,58.9335663734427,52.02,45.106433626557305,2.3414949403855516,1.9624915837011083,0.3790033566844433
2023-06-15,2449,11858312,674236283,57.5,57.5,56.3,57.0,-0.1,7386,56.01999999999996,54.95,52.52750000000001,77.87878787878778,77.99792799792787,79.93889876227992,77.04840977601197,59.33789462880051,52.52750000000001,45.71710537119951,2.396135841594905,2.0492204352798677,0.34691540631503726
2023-06-16,2449,19846305,1113580479,57.0,57.0,55.4,56.5,-0.5,9240,56.45999999999996,55.17999999999999,53.01250000000001,70.70707070707063,75.18518518518509,71.77805625799854,73.05094847886029,59.49600792395568,53.01250000000001,46.52899207604434,2.3717532332364755,2.113726994871189,0.25802623836528626
2023-06-19,2449,6262930,351369014,56.0,56.5,55.9,56.0,-0.5,3142,56.799999999999955,55.459999999999994,53.47250000000001,63.4737202533812,70.68652627974656,64.13890410489277,69.1853274750996,59.41013210379311,53.47250000000001,47.53486789620691,2.2857354832891517,2.148128692554782,0.13760679073436988
2023-06-20,2449,4906959,273935963,56.1,56.2,55.5,55.8,-0.2,2938,56.47999999999995,55.639999999999986,53.922500000000014,55.6154768019174,63.26542258745642,61.10410042210941,67.64340149419773,59.082390987219924,53.922500000000014,48.7626090127801,2.1763399756860906,2.1537709491810437,0.022569026505046885
2023-06-21,2449,11366521,631686791,55.6,56.1,54.8,55.9,0.1,6592,56.23999999999995,55.829999999999984,54.342500000000015,49.33040385017779,56.13986696849215,62.14883299433785,68.02709662523557,58.637994732855844,54.342500000000015,50.047005267144186,2.0738068574707498,2.137778130838985,-0.06397127336823516
2023-06-26,2449,12672226,723307204,56.0,57.5,55.4,57.5,1.6,7687,56.339999999999954,56.179999999999986,54.81500000000002,56.48294622305915,53.80960895838479,74.78910366693874,73.45166702882312,58.2257330590344,54.81500000000002,51.40426694096564,2.0974768433992352,2.129717873351035,-0.03224102995179967
2023-06-27,2449,18463977,1059154142,57.6,58.2,56.6,57.0,-0.5,10386,56.439999999999955,56.449999999999974,55.11000000000003,58.432098765432066,54.74848294622302,66.67172838003795,69.48428023689229,58.188895906000724,55.11000000000003,52.03110409399933,2.052232794273131,2.114220857535454,-0.06198806326232331
2023-06-28,2449,10828511,618728589,57.2,57.7,56.7,57.1,0.1,5002,56.659999999999954,56.729999999999976,55.280000000000015,62.166666666666664,59.02723721838598,67.49492809805906,69.83520813760481,58.40384378610606,55.280000000000015,52.15615621389397,2.001375117102846,2.0916517094489326,-0.09027659234608665
2023-06-29,2449,14036473,793758918,57.4,57.9,55.4,56.4,-0.7,7865,56.77999999999995,56.629999999999974,55.405000000000015,53.18627450980389,57.92834664730089,56.1655240415656,64.26405460876629,58.49787891777131,55.405000000000015,52.31212108222872,1.8828812091534388,2.049897609389834,-0.16701640023639497
2023-06-30,2449,7938109,448809647,56.4,57.0,55.8,57.0,0.6,4410,56.99999999999996,56.61999999999997,55.55500000000002,56.42156862745091,57.258169934640506,62.46584370382446,66.71512360845594,58.65175636755491,55.55500000000002,52.45824363244513,1.8164500139320694,2.0032080902982807,-0.18675807636621133
2023-07-03,2449,20726536,1228478964,58.3,60.0,58.0,59.4,2.4,12605,57.37999999999995,56.85999999999997,55.905000000000015,66.74208144796368,58.783308195072856,77.53439842328443,74.30646869033714,59.07768025492523,55.905000000000015,52.732319745074804,1.9351554876027137,1.9895975697591672,-0.05444208215645352
2023-07-04,2449,26668100,1635904576,62.3,62.4,60.2,61.3,1.9,15228,58.23999999999995,57.33999999999996,56.26000000000001,79.56457886798434,67.57607631446633,83.61126318389228,78.48916309450496,60.10728475681142,56.26000000000001,52.41271524318861,2.1576722491668576,2.0232125056407053,0.1344597435261523
2023-07-05,2449,15794772,952136198,61.3,61.3,59.7,60.0,-1.3,8906,58.81999999999996,57.73999999999997,56.60000000000001,80.80296896086361,75.70320975893723,68.7636405427721,70.08262590933889,60.50691694306361,56.60000000000001,52.69308305693641,2.203716182025758,2.059313240917716,0.14440294110804208
2023-07-06,2449,16916607,1008732793,59.5,60.4,58.9,59.5,-0.5,9803,59.43999999999996,58.10999999999997,56.875000000000014,70.83959899749365,77.0690489421139,63.68873242658665,67.1056333115754,60.785434758437226,56.875000000000014,52.9645652415628,2.174790873786705,2.082408767491514,0.09238210629519106
2023-07-07,2449,22805604,1365659330,59.5,60.8,59.0,59.5,0.0,9177,59.93999999999996,58.46999999999997,57.15000000000001,61.854636591478624,71.16573484994532,63.68873242658666,67.10563331157542,60.98588320990048,57.15000000000001,53.31411679009955,2.127344653670221,2.0913959447272554,0.035948708942965535
2023-07-10,2449,10988233,651684896,59.9,60.0,58.8,59.2,-0.3,5831,59.89999999999996,58.63999999999997,57.41000000000001,57.14285714285708,63.27903091060981,60.06830749410847,65.17901450335964,61.05686166449959,57.41000000000001,53.76313833550043,2.041996821343403,2.081516120050485,-0.039519298707081596
2023-07-11,2449,15941484,947349068,59.6,59.8,58.8,59.4,0.2,7043,59.51999999999996,58.879999999999974,57.66500000000002,56.6666666666666,58.554720133667466,61.75906369697973,65.88226561033956,61.11421730251797,57.66500000000002,54.21578269748207,1.9678126584509599,2.0587754277305796,-0.09096276927961977
2023-07-12,2449,34547805,2135700957,59.7,62.7,59.7,62.2,2.8,15217,59.95999999999996,59.38999999999997,58.060000000000024,68.06073153899234,60.62341844950537,77.39327011712807,73.84604832555324,61.68237491157247,58.060000000000024,54.43762508842758,2.1106277711882058,2.069145896422105,0.04148187476610099
2023-07-13,2449,55579492,3376261810,59.5,62.8,59.4,60.3,0.0,21878,60.11999999999996,59.77999999999997,58.20500000000002,65.93771566597644,63.55503795721182,58.46912471408672,63.08519056974164,61.94049193547427,58.20500000000002,54.46950806452577,2.0469002638320504,2.064696769904094,-0.017796506072043528
2023-07-14,2449,22829660,1364697901,61.0,61.3,58.5,60.1,-0.2,12109,60.23999999999997,60.089999999999975,58.35500000000002,59.29319739355122,64.4305481995067,56.76455982804596,62.060028151609934,62.14154195803922,58.35500000000002,54.56845804196082,1.9576903903896863,2.0432954940012125,-0.08560510361152618
2023-07-17,2449,52372841,3396303713,60.6,66.1,60.5,65.8,5.7,25595,61.55999999999997,60.729999999999976,58.795000000000016,60.39286685706509,61.874593305530944,78.04578203859496,74.68582076777011,63.72266679068208,58.795000000000016,53.867333209317955,2.3201876076027688,2.098673916721524,0.22151369088124495
2023-07-18,2449,52312787,3393489610,66.7,68.5,62.0,63.6,-2.2,30223,62.39999999999996,60.95999999999998,59.15000000000001,61.42064463484288,60.368902961819764,63.88598864962063,65.61039868338202,64.37895783115464,59.15000000000001,53.92104216884539,2.40225593895088,2.159390321167395,0.24286561778348492
2023-07-19,2449,21318800,1375264632,64.1,65.5,63.6,63.9,0.3,12938,62.73999999999997,61.34999999999998,59.545000000000016,67.01754385964905,62.9436851171857,64.89913154892243,66.21331565101357,64.95294785477769,59.545000000000016,54.13705214522234,2.4631099770275924,2.2201342523394345,0.24297572468815787
2023-07-20,2449,13328657,842326630,63.2,64.2,62.4,63.4,-0.5,8631,63.35999999999996,61.739999999999974,59.925000000000026,51.33333333333326,59.92384060927509,61.54204573618915,64.19330556477155,65.29486964459943,59.925000000000026,54.55513035540062,2.442831972933533,2.264673796458254,0.17815817647527865
2023-07-21,2449,17164619,1091014722,62.3,64.7,62.0,64.7,1.3,10093,64.27999999999994,62.25999999999998,60.36500000000002,54.99999999999992,57.783625730994096,66.7579695364473,67.01124801409412,65.7854335619939,60.36500000000002,54.94456643800615,2.502809810490227,2.312300999264649,0.19050881122557817
2023-07-24,2449,22037910,1439025494,65.9,66.5,64.3,64.8,0.1,15018,64.07999999999996,62.81999999999997,60.73000000000002,57.99999999999992,54.77777777777772,67.15771347082014,67.22492263677067,66.31035841142766,60.73000000000002,55.149641588572386,2.5292561526159574,2.3556920299349104,0.17356412268104693
2023-07-25,2449,19223560,1227231917,65.4,65.6,63.0,63.0,-1.8,11661,63.959999999999944,63.17999999999997,61.030000000000015,56.66666666666659,56.55555555555551,53.61763234142553,59.72586492186529,66.41780103567253,61.030000000000015,55.642198964327505,2.3775630457045906,2.3600662330888467,0.017496812615743984
2023-07-26,2449,13636663,854092643,63.6,63.6,62.1,62.3,-0.7,8049,63.639999999999944,63.18999999999996,61.29000000000002,48.66666666666657,54.44444444444439,49.1240580539695,57.06011593414036,66.38819575928471,61.29000000000002,56.19180424071532,2.175779978515287,2.3232089821741346,-0.1474290036588477
2023-07-27,2449,12573785,786308360,63.3,63.4,61.9,62.5,0.2,7394,63.459999999999944,63.40999999999997,61.59500000000001,35.999999999999915,47.11111111111106,50.50669913947399,57.641831411294284,66.19172709653193,61.59500000000001,56.99827290346809,2.0088470343810485,2.2603365926155172,-0.2514895582344687
2023-07-28,2449,13223350,836296366,63.5,64.0,62.3,64.0,1.5,7096,63.31999999999995,63.79999999999997,61.945000000000014,31.606060606060524,38.7575757575757,60.01498643407241,61.81952882807178,66.13712356687996,61.945000000000014,57.75287643312006,1.9748243911490206,2.203234152322218,-0.22840976117319745
2023-07-31,2449,19425832,1237208590,64.6,65.2,62.4,63.0,-1.0,11265,62.959999999999944,63.51999999999997,62.125000000000014,26.910408432147495,31.50548967940267,52.213236574162494,57.731569240082656,66.17117102950311,62.125000000000014,58.078828970496915,1.84589127304816,2.1317655764674064,-0.28587430341924636
2023-08-01,2449,23872354,1459692701,62.9,63.1,60.1,61.6,-1.4,15874,62.67999999999995,63.31999999999997,62.14000000000001,26.389575098814163,28.302014712340753,43.06857500451755,52.49757911440279,66.17603766087372,62.14000000000001,58.10396233912629,1.6121585876637425,2.0278441787066734,-0.4156855910429309
2023-08-02,2449,17368096,1059256068,61.7,62.9,59.7,60.7,-0.9,11149,62.35999999999994,62.99999999999998,62.17500000000001,20.68547527706728,24.661819602676342,38.06811804703302,49.39715819587918,66.1478453279722,62.17500000000001,58.202154672027824,1.3388676394262191,1.8900488708505825,-0.5511812314243634
2023-08-04,2449,13113091,783270752,60.0,60.5,58.7,60.4,-0.3,8570,61.93999999999994,62.699999999999974,62.22000000000001,19.9794180492709,22.351489475050812,36.42353134252059,48.37165791599381,66.0896769891026,62.22000000000001,58.35032301089743,1.0855614248307148,1.7291513816466089,-0.643589956815894
2023-08-07,2449,28960700,1842844134,62.2,64.9,60.6,64.7,4.3,16415,62.07999999999994,62.699999999999974,62.48000000000002,41.15242529564775,27.27243954066201,63.08885557218489,60.90106742140327,66.28189426470384,62.48000000000002,58.6781057352962,1.2177510125427204,1.6268713078258312,-0.4091202952831108
2023-08-08,2449,21173800,1372699641,65.0,65.5,63.7,65.3,0.6,14031,62.53999999999994,62.74999999999998,62.78500000000001,68.6034056878046,43.245083010907784,65.44799345758186,62.27675234481745,66.46210483940708,62.78500000000001,59.107895160592946,1.3553040967895313,1.5725578656185712,-0.2172537688290399
2023-08-09,2449,11516942,744723253,65.5,65.8,64.0,64.5,-0.8,8664,63.11999999999993,62.89999999999998,63.040000000000006,88.56849537120416,66.10810878488553,59.52947020709103,59.28174116776732,66.43964704050182,63.040000000000006,59.64035295949818,1.383810882489577,1.5348084689927723,-0.1509975865031954
2023-08-10,2449,13450062,832262619,64.0,64.0,60.7,61.1,-3.4,9843,63.199999999999946,62.77999999999999,62.985,70.85059375863013,76.00749827254633,41.10053577893685,48.58708253963562,66.47170331402008,62.985,59.49829668597993,1.1191502629384402,1.4516768277819059,-0.33252656484346566
2023-08-11,2449,6034084,374424264,61.7,62.8,61.3,62.1,1.0,4148,63.53999999999994,62.73999999999999,63.075,54.460093896713566,71.29306100884932,46.75645317739594,51.366097361070665,66.36733959366258,63.075,59.782660406337435,0.978813307302218,1.3571041236859682,-0.3782908163837502
2023-08-14,2449,6116710,376434006,61.7,62.2,60.9,61.5,-0.6,4030,62.89999999999994,62.48999999999999,63.145,40.37558685446003,55.228758169934615,43.81150328885632,49.632606212170785,66.23464399243653,63.145,60.05535600756347,0.8098448855666902,1.2476522760621127,-0.4378073904954225
2023-08-15,2449,12830311,818204676,62.2,64.4,62.2,63.8,2.3,8134,62.599999999999945,62.56999999999998,63.045,53.05164319248819,49.2957746478873,56.16035895709448,55.791616903355056,65.90540206963979,63.045,60.18459793036021,0.8517090008956458,1.1684636210288193,-0.31675462013317346
2023-08-16,2449,12413708,800833683,62.9,65.0,62.8,65.0,1.2,7925,62.699999999999946,62.90999999999998,63.11500000000001,66.6666666666666,53.36463223787164,61.33308024225334,58.633758036423764,66.09243177923449,63.11500000000001,60.13756822076552,0.9705289316987233,1.1288766831628,-0.15834775146407676
2023-08-17,2449,13024615,840267983,64.4,65.0,63.7,64.9,-0.1,10160,63.459999999999944,63.32999999999997,63.165000000000006,81.08522932466593,66.9345130612736,60.63748150050934,58.29740629593741,66.22589856087954,63.165000000000006,60.10410143912047,1.044584103334195,1.112018167197079,-0.06743406386288409
2023-08-18,2449,12625365,795618007,64.4,65.0,61.7,62.0,-2.9,10781,63.43999999999994,63.489999999999974,63.095000000000006,65.63829937897874,71.13006512343712,43.82223263865752,49.439990908371236,66.19498387092511,63.095000000000006,59.9950161290749,0.8593614132670169,1.0614868164110667,-0.2021254031440498
2023-08-21,2449,9861148,631505161,63.0,64.5,62.8,64.3,2.3,6502,63.99999999999994,63.44999999999997,63.075,59.59024635495221,68.77125835286564,55.29345881655049,55.24749649244186,66.13824990818544,63.075,60.01175009181456,0.8879264120660366,1.0267747355420607,-0.13884832347602405
2023-08-22,2449,52713650,3570076994,65.3,69.7,65.2,69.1,4.8,32962,65.05999999999995,63.82999999999997,63.29,63.13725490196068,62.7886002119639,70.13931672549188,64.43005612431236,67.27291350646742,63.29,59.30708649353258,1.28309356027534,1.0780385004887165,0.20505505978662342
2023-08-23,2449,89864564,6635142841,70.7,76.0,70.0,76.0,6.9,53890,67.25999999999995,64.97999999999998,63.94,87.97385620915024,70.23378582202106,80.82060719211704,73.00486520487748,70.75656805144665,63.94,57.123431948553346,2.1285026529148183,1.2881313309739368,0.8403713219408815
2023-08-24,2449,95057980,7541822809,83.5,83.5,75.6,78.5,2.5,50714,69.97999999999995,66.71999999999997,64.75,90.40314650934113,80.5047525401507,83.33970172001148,75.3257854522408,74.00753746954346,64.75,55.492462530456535,2.966033963069222,1.6237118573929938,1.3423221056762282
2023-08-25,2449,66575175,5339877846,79.0,82.6,78.8,79.5,1.0,39244,73.47999999999995,68.45999999999997,65.6,86.50916078049305,88.29538783299483,84.30189771749063,76.20697444314106,76.79428425581563,65.6,54.40571574418436,3.668190585405938,2.032607602995583,1.6355829824103552
2023-08-28,2449,42364850,3260310751,81.2,81.8,74.1,75.4,-4.1,27708,75.69999999999996,69.84999999999997,66.17,74.12383967957562,83.67871565646995,66.05407559331866,65.82695778353438,78.11606211267977,66.17,54.223937887320226,3.8494450264343385,2.395975087683334,1.4534699387510046
2023-08-29,2449,24023850,1807886359,76.0,76.7,73.7,75.1,-0.3,17291,76.89999999999995,70.97999999999998,66.775,68.65443425076448,76.42914490361107,64.85566458593638,65.127932787401,79.23226695547606,66.775,54.317733044523955,3.9236535483063477,2.7015107798079367,1.222142768498411
2023-08-30,2449,28586451,2218312241,77.6,78.8,76.3,77.2,2.1,20356,77.13999999999996,72.19999999999997,67.555,65.13761467889903,69.30529620307972,69.39091568782825,67.71260046886228,80.55999519415506,67.555,54.55000480584494,4.104601495091472,2.9821289228646437,1.1224725722268287
2023-08-31,2449,18277345,1402484722,76.8,77.8,75.8,76.8,-0.4,11504,76.79999999999995,73.38999999999997,68.36,66.73388586033174,66.84197826333177,67.45646758135135,66.69852878991831,81.5597575735314,68.36,55.1602424264686,4.167684912144296,3.219240120720574,0.9484447914237215
2023-09-01,2449,12824247,977228956,77.2,77.4,75.3,75.8,-1.0,7946,76.05999999999996,74.76999999999997,69.13,65.55242164683266,65.80797406202116,62.38405183226139,64.1134544866913,82.17838687347991,69.13,56.08161312652008,4.08984217721823,3.3933605320201052,0.696481645198125
2023-09-04,2449,13928305,1072335377,75.6,77.9,75.3,77.9,2.1,9189,76.55999999999995,76.12999999999997,69.78999999999999,61.35828867594128,64.54819872770192,68.23590951964627,67.00548274844793,83.20549849986979,69.78999999999999,56.374501500130194,4.149767758946027,3.5446419774052895,0.6051257815407372
2023-09-05,2449,15532747,1200691357,77.5,78.4,75.6,78.2,0.3,9984,77.17999999999994,77.03999999999998,70.435,54.12012771107225,60.34361267794875,69.03867741641022,67.40954469278614,84.16180224961373,70.435,56.708197750386276,4.173358824300337,3.670385346784299,0.5029734775160377
2023-09-06,2449,17019415,1344714750,78.7,79.8,77.9,79.8,1.6,11198,77.69999999999995,77.41999999999997,71.2,57.65873723605127,57.71238454102161,73.24584932626526,69.55124694839746,85.22069898400225,71.2,57.17930101599775,4.271917535625789,3.790691784552597,0.4812257510731923
2023-09-07,2449,18964423,1505477830,78.6,80.7,77.6,78.9,-0.9,13048,78.11999999999993,77.45999999999997,72.09,59.55174135127762,57.11020209946707,67.24896496023754,66.8885151091899,85.6866025168055,72.09,58.493397483194514,4.228658206486173,3.878285068939312,0.3503731375468613
2023-09-08,2449,8356541,657470616,78.4,79.4,77.7,79.0,0.1,6633,78.75999999999993,77.40999999999997,72.93500000000002,69.48371414039325,62.23139757590739,67.5929083702318,67.03950864735084,86.03466030093884,72.93500000000002,59.835339699061194,4.154552940562141,3.9335386432638777,0.22101429729826316
2023-09-11,2449,12387666,958556092,79.0,79.0,76.2,76.9,-2.1,8819,78.55999999999992,77.55999999999997,73.70500000000001,56.51381540270429,61.84975696479173,53.760663528991515,60.77210112409733,85.79722477462246,73.70500000000001,61.612775225377554,3.881626559105271,3.9231562264321562,-0.04152966732688501
2023-09-12,2449,10872792,845716857,76.6,78.8,76.2,78.1,1.2,6876,78.53999999999992,77.85999999999997,74.42000000000002,52.39858906525567,59.46537286945107,59.31165207892574,62.90615602346323,85.75218425547322,74.42000000000002,63.0878157445268,3.7192867837860177,3.8823823379029285,-0.1630955541169108
2023-09-13,2449,11043335,850034588,77.6,78.3,76.1,76.8,-1.3,8401,77.93999999999991,77.81999999999996,75.01000000000002,36.419753086419696,48.44405251812656,51.497938645465034,59.151882580679214,85.51769242031725,75.01000000000002,64.50230757968279,3.4460087628517044,3.795107622892684,-0.34909886004097945
2023-09-14,2449,16591097,1295453993,77.5,79.7,77.0,78.0,1.2,10761,77.75999999999992,77.93999999999997,75.665,43.20987654320978,44.00940623162839,57.52414830836617,61.439572560866566,85.15399889345564,75.665,66.17600110654438,3.288357791887776,3.6937576566917025,-0.4053998648039263
2023-09-15,2449,30126793,2421950898,77.9,81.4,77.7,80.9,2.9,17404,78.13999999999992,78.44999999999996,76.61000000000001,56.385696040868396,45.33844189016597,68.54353640632279,66.34499308200593,83.99942487613177,76.61000000000001,69.22057512386826,3.3587069423646057,3.6267475138262832,-0.2680405714616776
2023-09-18,2449,16494479,1315016524,80.1,80.6,78.6,79.6,-1.3,11216,78.67999999999992,78.61999999999998,77.37500000000001,69.1390153979613,56.244862660679836,60.35475930825888,62.50625966172208,82.24773024084004,77.37500000000001,72.50226975915999,3.2718442318565337,3.5557668574323333,-0.2839226255757996
2023-09-19,2449,24680623,2000495036,79.4,82.4,78.7,81.0,1.4,15454,79.25999999999992,78.89999999999996,77.97000000000001,78.39827465722054,67.97432869868341,65.52890957013176,64.86402804201342,81.3256519485775,77.97000000000001,74.61434805142252,3.2781843392151018,3.500250353788887,-0.22206601457378516
2023-09-20,2449,44113507,3497922928,82.2,83.0,76.3,76.8,-4.2,29651,79.25999999999992,78.59999999999997,78.01000000000002,51.320147054355296,66.28581236984571,44.98173128799442,53.91117821441049,81.28896325078408,78.01000000000002,74.73103674921596,2.910750698664529,3.3823504227640155,-0.4715997240994865
2023-09-21,2449,32067309,2376285128,75.7,75.7,73.1,74.6,-2.2,19017,78.57999999999993,78.16999999999997,77.81500000000001,34.35807348850819,54.69216506669468,37.748405309131016,49.222553899774695,81.40346763953613,77.81500000000001,74.22653236046389,2.414205815627298,3.188721501336672,-0.7745156857093738
2023-09-22,2449,25690981,1966612928,74.1,77.5,73.8,77.5,2.9,16794,77.89999999999993,78.01999999999997,77.715,23.246962377397107,36.308394306753534,50.0909174701194,54.80262605453534,81.22058126421308,77.715,74.20941873578693,2.2290016387106277,2.996777528811463,-0.7677758901008351
2023-09-25,2449,13834419,1079873455,78.2,79.0,77.5,77.6,0.1,10033,77.49999999999993,78.08999999999997,77.825,35.01683501683494,30.873956960913414,50.485857483652495,54.98632224249834,81.16737939199069,77.825,74.48262060800931,2.0664741309985857,2.8107168492488874,-0.7442427182503017
2023-09-26,2449,9246919,718275824,78.3,78.8,76.7,77.1,-0.5,6753,76.71999999999994,77.98999999999998,77.925,43.434343434343354,33.8993802761918,48.25824389579898,53.80873149827975,81.04773918219337,77.925,74.80226081780663,1.8757021619250764,2.623713911784125,-0.7480117498590486
2023-09-27,2449,10667377,820470537,76.6,77.6,76.2,77.6,0.5,7861,76.87999999999992,78.06999999999998,77.945,43.77104377104367,40.740740740740655,50.79137762580959,54.85004550682404,81.05400305564456,77.945,74.83599694435543,1.7447474606632056,2.447920621559941,-0.7031731608967355
2023-09-28,2449,17598095,1348292489,77.6,78.5,75.6,76.0,-1.6,10391,77.15999999999993,77.86999999999998,77.905,38.3838383838383,41.86307519640845,42.94259950724238,50.896012908024865,81.09151847633136,77.905,74.71848152366864,1.4946291339120137,2.2572623240303558,-0.7626331901183421
2023-10-02,2449,11397487,889760383,77.4,78.8,76.8,78.8,2.8,7472,77.41999999999993,77.65999999999998,78.05499999999999,44.10774410774403,42.087542087542005,56.6267744683537,56.769264555561826,81.11079776817928,78.05499999999999,74.9992022318207,1.5049964946179273,2.10680915814787,-0.6018126635299428
2023-10-03,2449,8413189,660321117,78.5,79.3,78.1,78.1,-0.7,6208,77.51999999999994,77.50999999999998,78.06499999999998,45.79124579124572,42.76094276094269,52.924646703903264,54.99819751606408,81.12001227493676,78.06499999999998,75.00998772506321,1.4401276576254816,1.9734728580433925,-0.5333452004179109
2023-10-04,2449,11851907,907385690,75.7,77.7,75.4,76.7,-1.4,8861,77.43999999999993,77.07999999999998,77.98999999999998,55.3817747366134,48.426921545201054,45.91969201899646,51.53528818449104,81.1012055541243,77.98999999999998,74.87879444587566,1.261211871860752,1.8310206608068644,-0.5698087889461125
2023-10-05,2449,8897750,695308598,77.6,78.7,77.3,78.5,1.8,5820,77.61999999999993,77.24999999999999,77.92499999999998,64.67470402954272,55.28257485246729,54.878016757754146,55.42167120635993,80.93490033057805,77.92499999999998,74.91509966942192,1.2502526451577722,1.714867057677046,-0.4646144125192737
2023-10-06,2449,10238523,802137449,79.5,79.8,77.4,77.7,-0.8,7949,77.95999999999994,77.55999999999999,77.86499999999998,65.26392961876833,61.77346946164149,50.537276947746754,53.37312955113012,80.84243177923813,77.86499999999998,74.88756822076184,1.1636007992206032,1.6046138059857573,-0.4410130067651541
2023-10-11,2449,23632121,1885403303,79.0,80.5,78.0,80.2,2.5,12971,78.23999999999992,77.83,77.92499999999998,77.28163992869874,69.07342452566992,61.60853240982899,58.53156005835086,81.03683225769277,77.92499999999998,74.8131677423072,1.2818809677972212,1.54006723834805,-0.2581862705508289
2023-10-12,2449,16906056,1364277711,81.2,81.5,79.6,81.0,0.8,11314,78.81999999999994,78.16999999999999,78.12999999999998,79.3978843400251,73.98115129583071,64.56924358162861,60.05450359281651,81.47610221003764,78.12999999999998,74.78389778996232,1.4237599492427506,1.51680578052699,-0.09304583128423949
2023-10-13,2449,18963049,1555872383,80.6,84.0,79.2,83.1,2.1,16601,80.09999999999994,78.77,78.37999999999998,91.81860315609272,82.8327091416055,71.33844169259011,63.81157757014222,82.3657747051254,78.37999999999998,74.39422529487456,1.686214878304142,1.5506876000824206,0.1355272782217214
2023-10-16,2449,14893470,1213958314,82.9,83.0,80.3,81.8,-1.3,13766,80.75999999999993,79.18999999999998,78.62999999999998,85.25225568687245,85.48958106099674,62.68845894396531,60.046463820311935,82.81047844152049,78.62999999999998,74.44952155847947,1.768922131804615,1.5943345064268595,0.17458762537775563
2023-10-17,2449,23944164,2002030848,82.7,85.1,82.0,82.8,1.0,16264,81.77999999999994,79.86999999999998,78.86999999999998,80.08071605530239,85.71719163275584,66.35012333757615,61.90833613534187,83.41361089883576,78.86999999999998,74.3263891011642,1.893334685039406,1.6541345421493687,0.23920014289003722
2023-10-18,2449,24504300,1996178081,82.9,83.7,80.6,81.5,-1.3,10575,82.03999999999994,80.13999999999999,78.89999999999998,71.19795412770712,78.84364195662732,57.75391519107772,58.116724596580426,83.50434577329057,78.89999999999998,74.29565422670939,1.8655287403083776,1.6964133817811704,0.16911535852720716
2023-10-19,2449,22889525,1916804753,80.6,85.1,80.6,84.9,3.4,15749,82.81999999999994,80.81999999999998,79.16499999999999,78.87038505595206,76.71635174632053,69.72298892513321,64.27872719955549,84.45849600925598,79.16499999999999,73.871503990744,2.093708940415894,1.7758724935081152,0.3178364469077788
2023-10-20,2449,55419764,4768520785,84.8,91.2,83.6,86.3,1.4,33208,83.45999999999994,81.77999999999997,79.42999999999998,74.93841633241003,75.00225183868974,73.3501346424309,66.46646078639809,85.5331467293535,79.42999999999998,73.32685327064645,2.3603035822047786,1.8927587112474478,0.4675448709573309
2023-10-23,2449,21953950,1849042693,85.8,86.6,82.7,82.7,-3.6,15128,83.63999999999993,82.19999999999997,79.725,65.84490388838212,73.21790175891475,53.95788555186449,56.82835397983838,85.86140774394957,79.725,73.58859225605042,2.2550964943504255,1.9652262678680432,0.28987022648238225
2023-10-24,2449,20404894,1707136311,83.3,85.7,82.2,83.1,0.4,13543,83.69999999999993,82.73999999999998,80.14999999999999,44.19960474308291,61.66097498795836,55.48352637191613,57.56466114893899,85.97734931165186,80.14999999999999,74.32265068834812,2.1788790153266575,2.007956817359766,0.17092219796689134
2023-10-25,2449,9845918,815300929,83.6,84.3,82.0,82.0,-1.1,7781,83.79999999999993,82.91999999999997,80.37499999999999,30.479797979797894,46.84143553708765,50.151853315364015,54.79686857515914,86.12265169438898,80.37499999999999,74.627348305611,2.0065846483954743,2.007682383566908,-0.0010977351714336336
2023-10-26,2449,20925112,1665944211,80.2,80.9,78.2,79.6,-2.4,13438,82.73999999999994,82.77999999999997,80.475,22.200854700854592,32.29341914124514,40.29540724652125,49.23460821646696,86.09420812926574,80.475,74.85579187073425,1.6572761313024387,1.9376011331140142,-0.2803250018115755
2023-10-27,2449,15847268,1237287516,79.9,79.9,77.1,77.4,-2.2,10629,80.95999999999995,82.20999999999997,80.49,12.076741225677337,21.585797968776614,33.29703346043301,44.75037328603608,86.0745859291447,80.49,74.90541407085529,1.1892164540209649,1.7879241972954043,-0.5987077432744394
2023-10-30,2449,10122575,799941728,77.7,79.7,77.4,79.5,2.1,7488,80.31999999999995,81.97999999999998,80.58500000000001,9.972722313147802,14.750106079893248,44.107376677035774,49.48035496612165,86.03266922637538,80.58500000000001,75.13733077362464,0.9764720749084574,1.625633772818015,-0.6491616979095576
2023-10-31,2449,13927057,1082050209,80.2,80.3,76.1,76.3,-3.2,10420,78.95999999999995,81.32999999999997,80.6,6.824479827157,9.624647788660717,34.24169565802851,43.385171333374615,85.99851831524238,80.6,75.20148168475761,0.5433934636390205,1.4091857109822161,-0.8657922473431956
2023-11-01,2449,9072628,692314815,76.9,77.4,75.6,76.4,0.1,6243,77.83999999999996,80.81999999999996,80.48,7.824661678402678,8.207287939569163,34.77360306907522,43.61890549690592,86.13388362101672,80.48,74.82611637898329,0.20587154924115225,1.1685228786340034,-0.9626513293928511
2023-11-02,2449,12264451,972327407,77.7,80.2,77.6,79.7,3.3,7408,77.85999999999996,80.29999999999998,80.56000000000002,14.57514523739689,9.74142891431886,50.262761822128546,50.83274656217986,86.12143866279152,80.56000000000002,74.99856133720851,0.20233305164462934,0.9752849132361285,-0.7729518615914992
2023-11-03,2449,12824911,1032802684,80.5,81.7,78.9,80.7,1.0,9897,78.51999999999995,79.73999999999998,80.76000000000002,30.96532730196097,17.78837807258685,54.11495823988574,52.80341859527707,86.03196358105723,80.76000000000002,75.48803641894281,0.2770270144776248,0.8356333334844278,-0.558606319006803
2023-11-06,2449,23222211,1930677163,81.5,84.2,81.5,83.4,2.7,14715,79.29999999999995,79.80999999999997,81.00500000000002,59.14098306382365,34.89381853439384,63.11404340211181,57.72973013122172,86.28949619169015,81.00500000000002,75.7205038083099,0.5477755378997387,0.77806177436749,-0.23028623646775137
2023-11-07,2449,10527130,869971949,83.4,83.4,82.1,82.7,-0.7,10718,80.57999999999996,79.76999999999998,81.25500000000002,74.23612048454244,54.78081028344235,59.57971640869667,56.09496937045009,86.3604774507373,81.25500000000002,76.14952254926274,0.6978175372999686,0.7620129269539857,-0.06419538965401705
2023-11-08,2449,10946944,912963106,83.2,84.0,82.0,83.3,0.6,6909,81.95999999999995,79.89999999999998,81.41000000000001,87.24939855653565,73.54216736830058,61.72318216082891,57.21337815594565,86.56592862634763,81.41000000000001,76.2540713736524,0.8552827215901857,0.7806668858812257,0.07461583570896002
2023-11-09,2449,8946636,747927304,83.9,84.6,82.9,83.8,0.5,7160,82.77999999999996,80.31999999999996,81.55000000000001,87.73471145564163,83.07341016557324,63.599843827955404,58.169649682193324,86.80490247292855,81.55000000000001,76.29509752707148,1.0087921084660962,0.8262919303981998,0.18250017806789642
2023-11-10,2449,5007675,412082969,83.4,83.4,81.6,81.9,-1.9,4146,83.01999999999995,80.76999999999997,81.49000000000002,83.54866494401377,86.17759165206367,52.244052546022715,53.29515875929391,86.69995201513268,81.49000000000002,76.28004798486737,0.9659998376883578,0.8542335118562314,0.11176632583212642
2023-11-13,2449,27068324,2330932273,83.3,87.4,83.2,86.7,4.8,18064,83.67999999999996,81.48999999999998,81.73500000000003,85.05963590709354,85.4476707689163,68.71036309906764,61.96625859929799,87.41946127614375,81.73500000000003,76.0505387238563,1.3043705675612074,0.9442609229972266,0.36010964456398076
2023-11-14,2449,20084383,1769077636,87.4,88.9,86.8,88.0,1.3,16609,84.73999999999997,82.65999999999998,81.99500000000003,85.36773161341931,84.65867748817554,71.78438694206676,63.919993744917,88.293087011147,81.99500000000003,75.69691298885307,1.6583149221047648,1.0870717228187343,0.5712431992860305
2023-11-15,2449,29950371,2563647292,90.0,90.0,83.8,83.8,-4.2,26709,84.83999999999996,83.39999999999998,82.11000000000003,76.74911299480063,82.39216017177115,52.385704788833905,54.22804310193234,88.45157709091214,82.11000000000003,75.76842290908792,1.5816808417943946,1.1859935466138665,0.39568729518052814
2023-11-16,2449,6734371,566109551,84.1,84.6,83.3,84.2,0.4,4405,84.91999999999996,83.84999999999998,82.07500000000002,55.98141608552847,72.69942023124948,53.77370275451013,54.92896143565186,88.36208994686648,82.07500000000002,75.78791005313356,1.535523874693169,1.255899612229727,0.27962426246344196
2023-11-17,2449,7429711,632493077,84.2,85.5,84.2,85.1,0.9,4837,85.55999999999997,84.28999999999998,82.01500000000001,39.1918388977212,57.30745599268344,57.05954999030688,56.54149915357307,88.16098242756937,82.01500000000001,75.86901757243066,1.5536570329506816,1.3154510963739179,0.2382059365767637
2023-11-20,2449,10049410,836597202,84.7,84.7,82.6,83.1,-2.0,7819,84.83999999999996,84.25999999999998,82.03500000000001,30.429505135387448,41.86758670621238,48.18054594950711,52.082131914227716,88.19236144789234,82.03500000000001,75.87763855210768,1.3906142705262283,1.33048373120438,0.06013053932184831
2023-11-21,2449,10007014,833360716,84.0,84.4,82.6,82.7,-0.4,6998,83.77999999999996,84.25999999999998,82.01500000000001,24.206349206349188,31.275897746485953,46.49245749555618,51.21218273006334,88.16098242756877,82.01500000000001,75.86901757243126,1.2151179265124767,1.3074105702659993,-0.09229264375352253
2023-11-22,2449,8603502,703986855,82.8,82.8,81.1,81.6,-1.1,6478,83.33999999999996,84.08999999999999,81.99500000000002,12.190119493490272,22.27532461174231,41.79437341770301,48.79824156025474,88.14365025838853,81.99500000000002,75.8463497416115,0.9760240054018396,1.2411332572931673,-0.2651092518913276
2023-11-23,2449,6623900,544275964,82.1,83.5,81.5,82.1,0.5,4597,82.91999999999996,83.91999999999999,82.12000000000002,9.983056893169246,15.459841864336246,44.75481711830726,49.95300598326956,88.16966114753419,82.12000000000002,76.07033885246585,0.8174629674330873,1.1563991993211513,-0.338936231888064
2023-11-24,2449,5134069,418449649,82.5,82.5,80.8,81.5,-0.6,3784,82.19999999999996,83.88,82.32500000000002,8.154209412147832,10.10912859960246,41.779820712870816,48.538322727341416,87.9864044193987,82.32500000000002,76.66359558060134,0.6360551688258482,1.0523303932220907,-0.4162752243962424
2023-11-27,2449,5589532,454102031,81.5,82.3,80.6,80.8,-0.7,4436,81.73999999999995,83.28999999999999,82.39000000000001,6.990770094273909,8.376012133197007,38.31332928956452,46.87057877258163,87.94910064668687,82.39000000000001,76.83089935331316,0.43083760389053793,0.9280318353557802,-0.4971942314652422
2023-11-28,2449,7588624,626494868,81.2,83.3,81.1,83.0,2.2,5516,81.79999999999995,82.78999999999999,82.72500000000001,19.571982354458907,11.57232062029356,52.70243418745078,52.40549153626423,87.53244214733735,82.72500000000001,77.91755785266267,0.4406433566746699,0.8305541396195582,-0.38991078294488823
2023-11-29,2449,10464165,859816848,83.0,83.9,81.4,81.4,-1.6,8168,81.75999999999995,82.54999999999998,82.97500000000001,22.477927341149297,16.34689326329405,43.99500569208963,48.452096150771816,86.87519230295047,82.97500000000001,79.07480769704955,0.3156690221701979,0.7275771161296861,-0.41190809395948824
2023-11-30,2449,11624036,957458618,81.6,82.9,80.8,82.8,1.4,6566,81.89999999999995,82.40999999999998,83.13000000000001,39.654886344781865,27.234932013463368,52.077629683356406,51.873250871723876,86.73227705763951,83.13000000000001,79.52772294236051,0.32583820143683795,0.6472293331911165,-0.3213911317542786
2023-12-01,2449,6517342,536751619,83.0,83.0,81.6,82.8,0.0,5034,82.15999999999994,82.17999999999998,83.235,42.626601346571995,34.9198050108344,52.077629683356406,51.87325087172386,86.6661951270661,83.235,79.8038048729339,0.3300922512732427,0.5838019168075418,-0.2537096655342991
2023-12-04,2449,9908395,832096640,83.4,84.8,83.0,84.2,1.4,7129,82.83999999999995,82.28999999999998,83.275,65.75585304725224,49.34578024620205,59.94570168384288,55.312893387910854,86.73151558654118,83.275,79.81848441345883,0.4413443729254425,0.555310408031122,-0.11396603510567949
2023-12-05,2449,9924287,826501738,83.8,84.7,82.3,83.1,-1.1,8489,82.85999999999994,82.32999999999997,83.29499999999999,67.71094402673347,58.69779947351925,52.103965123977446,52.158600309951574,86.74259336349407,83.29499999999999,79.84740663650591,0.435728862847526,0.5313940989944028,-0.09566523614687683
2023-12-06,2449,13879191,1184000165,83.7,86.6,83.4,86.5,3.4,9752,83.87999999999995,82.81999999999996,83.455,81.19047619047622,71.55242442148733,67.4558127625526,59.79112922035122,87.17493279509218,83.455,79.73506720490782,0.697588746828103,0.5646330285611428,0.13295571826696018
2023-12-07,2449,8341191,712793810,84.9,86.1,84.8,85.5,-1.0,6712,84.41999999999994,83.15999999999997,83.53999999999999,79.84126984126986,76.24756335282655,60.77188607397148,56.91507127901414,87.36382007944962,83.53999999999999,79.71617992055036,0.8150278155099926,0.6147119859509128,0.20031582955907978
2023-12-08,2449,13284082,1116738517,86.3,86.8,83.2,83.3,-2.2,18132,84.51999999999995,83.33999999999996,83.60999999999999,73.88888888888893,78.30687830687837,48.450037069890385,51.092372670171784,87.3617462600787,83.60999999999999,79.85825373992127,0.722251840084013,0.6362199567775328,0.08603188330648015
2023-12-11,2449,8017824,663916212,81.2,83.7,81.1,83.2,-0.1,4745,84.31999999999995,83.57999999999997,83.43499999999999,54.44444444444449,69.39153439153446,47.934634362810144,50.837780168653836,86.91021222373624,83.43499999999999,79.95978777626374,0.6333561118718194,0.6356471877963902,-0.0022910759245707846
2023-12-12,2449,14780458,1260751170,83.5,86.0,83.5,85.9,2.7,8717,84.87999999999995,83.86999999999998,83.33,55.55555555555562,61.29629629629639,61.00239275972154,57.05943281779494,86.3433702062639,83.33,80.3166297937361,0.7718753434791097,0.6628928189329341,0.10898252454617563
2023-12-13,2449,21284237,1876508251,86.6,89.5,86.2,89.5,3.6,14624,85.47999999999995,84.67999999999998,83.615,75.00000000000006,61.666666666666764,71.95274452312267,63.66259039045996,87.65543314509742,83.615,79.57456685490257,1.1587849939580082,0.7620712539379488,0.3967137400200593
2023-12-14,2449,37706286,3549133672,92.0,95.6,91.9,93.5,4.0,34511,87.07999999999996,85.74999999999997,84.08,90.17241379310349,73.57598978288642,79.43740761477352,69.30971070510688,89.99053297089142,84.08,78.16946702910857,1.7678021275929439,0.9632174286689479,0.804584698923996
2023-12-15,2449,21843608,1984474568,94.4,95.0,89.0,89.0,-4.5,17836,88.21999999999994,86.36999999999998,84.275,80.00000000000001,81.72413793103455,58.83152210317605,58.32763039535256,90.55317648684618,84.275,77.99682351315383,1.8658320513514468,1.1437403532054478,0.722091698145999
2023-12-18,2449,16979972,1463198642,89.0,89.0,85.3,85.4,-3.6,10611,88.65999999999994,86.48999999999998,84.39000000000001,56.551724137931075,75.57471264367823,47.3643872557926,51.321694109927265,90.66212882520668,84.39000000000001,78.11787117479335,1.6341935921724797,1.2418310009988542,0.3923625911736255
2023-12-19,2449,14369517,1222881339,85.7,87.3,84.0,84.2,-1.2,8749,88.31999999999995,86.59999999999998,84.465,35.172413793103495,57.24137931034489,44.02712242964919,49.200292175170034,90.69019879200613,84.465,78.23980120799388,1.3383606843579372,1.261136937670671,0.07722374668726628
2023-12-20,2449,9355183,800861874,85.5,86.2,84.8,85.4,1.2,5515,87.49999999999996,86.48999999999998,84.65500000000002,26.89655172413799,39.54022988505755,48.2787439861818,51.36526864913712,90.74941547648268,84.65500000000002,78.56058452351735,1.187057287245608,1.2463210075856583,-0.05926372034005034
2023-12-21,2449,10348984,866104294,84.6,84.7,83.2,83.4,-2.0,7044,85.47999999999995,86.27999999999997,84.72000000000003,22.298850574712702,28.12260536398476,42.065747404694356,47.71534743224998,90.73118956613257,84.72000000000003,78.70881043386748,0.8954428617331303,1.1761453784151528,-0.2807025166820225
2023-12-22,2449,9406255,786874493,84.3,85.3,82.9,83.6,0.2,6111,84.39999999999995,86.30999999999997,84.82500000000002,17.009684134310806,22.068362144387198,42.92269720804159,48.11241286965115,90.67884489032497,84.82500000000002,78.97115510967507,0.6727199601295268,1.0754602947580276,-0.4027403346285008
2023-12-25,2449,7722124,642878924,84.0,84.0,82.9,83.5,-0.1,5553,84.01999999999995,86.33999999999997,84.96000000000002,8.699429812652697,16.002654840558765,42.55550578734347,47.916470944177206,90.55514074889858,84.96000000000002,79.36485925110146,0.4825784279884857,0.9568839214041193,-0.47430549341563355
2023-12-26,2449,8275691,693089844,83.8,84.2,83.1,83.6,0.1,5354,83.89999999999995,86.10999999999999,84.99000000000002,5.249343832020912,10.31948592632817,43.12316505353947,48.14390459869646,90.5491006466859,84.99000000000002,79.43089935331415,0.33608488083537225,0.8327241132903699,-0.49663923245499764
2023-12-27,2449,9810900,835064085,84.5,86.0,83.8,85.7,2.1,6805,83.95999999999995,85.72999999999999,85.20500000000001,11.125572113403118,8.358115252692274,54.209351948852,52.80467086371063,90.51931086783509,85.20500000000001,79.89068913216494,0.3850020745947802,0.7431797055512519,-0.3581776309564717
2023-12-28,2449,9494222,817282137,86.0,87.6,84.9,84.9,-0.8,7017,84.25999999999995,84.86999999999998,85.31000000000003,20.479730712430722,12.28488221928495,49.88762718455496,50.926826892708945,90.51188427398947,85.31000000000003,80.1081157260106,0.35512235945364523,0.6655682363317306,-0.31044587687808534
2023-12-29,2449,4787010,406693324,85.3,85.5,84.4,84.9,0.0,4709,84.51999999999994,84.45999999999998,85.41500000000003,32.82685753434401,21.477386786725983,49.887627184554965,50.926826892708945,90.49329695862504,85.41500000000003,80.33670304137503,0.32766534776810374,0.5979876586190052,-0.2703223108509014
2024-01-02,2449,8597038,726394062,85.1,85.6,84.0,84.0,-0.9,4547,84.61999999999993,84.31999999999998,85.40500000000003,32.91477735147077,28.740455199415198,44.46012874907904,48.66864804227464,90.49360491686879,85.40500000000003,80.31639508313127,0.23062449419374786,0.5245150257339537,-0.29389053154020583
2024-01-03,2449,8115805,675675651,83.6,83.9,82.4,83.5,-0.5,5502,84.59999999999994,84.24999999999997,85.42500000000004,29.03709765411891,31.592910846644596,41.53153502972735,47.410876171408745,90.48024480119149,85.42500000000004,80.36975519880859,0.11208109616035244,0.44202823981923345,-0.329947143658881
2024-01-04,2449,13413104,1105585585,83.5,84.1,81.4,83.1,-0.4,9183,84.07999999999993,84.01999999999998,85.25500000000002,23.992485437234823,28.6481201476082,39.12610982716218,46.37825349952062,90.38236774573323,85.25500000000002,80.12763225426681,-0.013980894847691161,0.35082641288584854,-0.3648073077335397
2024-01-05,2449,6898932,571597385,83.6,83.8,82.3,82.9,-0.2,4374,83.67999999999992,83.96999999999998,85.12500000000003,24.255583126550807,25.761722072634882,37.847415052072975,45.840641383317646,90.35180590800763,85.12500000000003,79.89819409199242,-0.12854250153664282,0.25495263000135027,-0.3834951315379931
2024-01-08,2449,13261666,1084405210,83.5,83.6,80.6,81.6,-1.3,8512,83.01999999999994,83.76999999999998,85.04000000000003,21.966205837173543,23.404758133653093,30.330495913740034,42.40015281117517,90.43533131512591,85.04000000000003,79.64466868487416,-0.32053757798483673,0.13985458840411286,-0.4603921663889496
2024-01-09,2449,7403578,607987841,82.4,82.8,81.5,82.1,0.5,5273,82.63999999999994,83.62999999999998,84.98500000000003,19.96927803379417,22.06368899917288,36.03140251680353,44.1367805376368,90.47581961094922,84.98500000000003,79.49418038905084,-0.4274221811509733,0.026399234493095614,-0.4538214156440689
2024-01-10,2449,7867717,639527647,82.0,82.4,80.6,81.8,-0.3,5524,82.29999999999994,83.44999999999997,84.78000000000002,17.619047619047624,19.851510496671818,34.079354029124374,43.29336294552131,90.42290705222001,84.78000000000002,79.13709294778002,-0.5302243952423851,-0.08492549145400054,-0.44529890378838455
2024-01-11,2449,29877010,2349009695,81.8,81.9,77.7,78.0,-3.8,18428,81.27999999999994,82.67999999999998,84.20500000000001,14.122965641952979,17.23709709826496,18.926607837463415,34.34158394872219,90.14283630626485,84.20500000000001,78.26716369373517,-0.9078589003539719,-0.24951217323399483,-0.658346727119977
2024-01-12,2449,38138186,2896274672,77.0,77.3,75.0,75.6,-2.4,20531,79.81999999999996,81.74999999999997,83.31000000000002,8.866900951926008,13.53630473764224,14.25601043050276,30.10736675899075,88.74908080469403,83.31000000000002,77.870919195306,-1.3848334111923464,-0.47657642082566515,-0.9082569903666813
2024-01-15,2449,14932667,1147617633,76.5,78.0,75.6,77.7,2.1,9643,79.03999999999995,81.02999999999999,82.74500000000002,13.042725127750188,12.010863907209762,31.50975018956178,37.38250476833985,88.04838571103329,82.74500000000002,77.44161428896675,-1.5752284449125256,-0.6963068256430373,-0.8789216192694883
2024-01-16,2449,16616700,1302894113,78.2,79.0,77.6,78.6,0.9,9675,78.33999999999996,80.48999999999998,82.405,24.963715529753244,15.624447203143184,37.7707557222099,40.25285498429707,87.8538439140795,82.405,76.9561560859205,-1.6346521500219353,-0.8839758905188169,-0.7506762595031184
2024-01-17,2449,16440592,1284562658,79.1,79.5,77.0,77.2,-1.4,10311,77.41999999999996,79.85999999999999,82.055,31.41025641025642,23.138899022586656,32.39620897230521,37.38224134391188,87.88371340863465,82.055,76.22628659136537,-1.7742615810903146,-1.0620330286331163,-0.7122285524571983
2024-01-18,2449,20553834,1640910930,79.1,80.5,78.7,79.7,2.5,12513,77.75999999999996,79.52,81.77000000000001,39.73720078371243,32.03705757457407,47.854507959664495,44.934155060711674,87.47266604317645,81.77000000000001,76.06733395682357,-1.6639924848494019,-1.1824249198763734,-0.48156756497302844
2024-01-19,2449,20044828,1633686692,82.4,82.9,80.3,81.3,1.6,13741,78.89999999999996,79.35999999999999,81.66499999999999,53.13266607791187,41.426707757293606,55.459107231964246,49.16014502467943,87.32089073444756,81.66499999999999,76.00910926555242,-1.4310011133233473,-1.2321401585657683,-0.19886095475757903
2024-01-22,2449,19797625,1651898365,82.2,84.2,82.1,84.1,2.8,12119,80.17999999999998,79.60999999999999,81.69,77.7703472373321,56.88007136631884,65.67823838123044,55.58416285851527,87.38417245962971,81.69,75.99582754037029,-1.008788487616897,-1.187469824375994,0.17868133675909692
2024-01-23,2449,11234628,930657155,84.6,84.6,82.1,82.1,-2.0,9498,80.87999999999997,79.60999999999999,81.61999999999999,84.20607075154396,71.70302802226267,55.13648432468656,50.66008411708511,87.25758813678428,81.61999999999999,75.9824118632157,-0.8260431143412887,-1.1151844823690529,0.28914136802776413
2024-01-24,2449,7475509,616310333,82.2,83.2,81.7,82.1,0.0,5092,81.85999999999997,79.64,81.54499999999999,82.27657004830911,81.41766267906176,55.13648432468656,50.66008411708511,87.1147306936704,81.54499999999999,75.97526930632958,-0.6734529430929683,-1.026838174513836,0.35338523142086764
2024-01-25,2449,8194835,678382675,82.5,83.4,82.2,82.2,0.1,5297,82.35999999999997,80.06,81.36999999999999,73.75,80.0775469332844,55.6212479814773,50.91225005158776,86.61713255026157,81.36999999999999,76.12286744973841,-0.5382503537321242,-0.9291206103574936,0.39087025662536945
2024-01-26,2449,8595761,707945777,82.0,83.1,80.4,82.9,0.7,5940,82.67999999999998,80.78999999999999,81.27,74.97441520467841,77.00032841766254,59.21982394940615,52.73331679538678,86.31662263301037,81.27,76.22337736698962,-0.37034803609918754,-0.8173660955058324,0.44701805940664485
2024-01-29,2449,5784943,481451314,82.9,83.8,82.2,83.8,0.9,3561,82.61999999999998,81.39999999999999,81.21499999999999,80.14619883040943,76.29020467836266,63.642098102920066,55.04262974109268,86.12428711729252,81.21499999999999,76.30571288270745,-0.16278527400956477,-0.6864499312065788,0.523664657197014
2024-01-30,2449,6716060,563711762,84.2,84.2,83.5,84.0,0.2,4193,82.99999999999997,81.93999999999998,81.21499999999999,85.64525721082373,80.25529041530389,64.63633106725422,55.56220957660267,86.12428711729252,81.21499999999999,76.30571288270745,0.017644642431122293,-0.5456310164790386,0.5632756589101608
2024-01-31,2449,6130244,515442111,84.3,84.4,83.7,84.0,0.0,4778,83.37999999999997,82.61999999999998,81.23999999999998,88.45023477100324,84.7472302707455,64.63633106725422,55.56220957660268,86.20040320941963,81.23999999999998,76.27959679058033,0.15880603403074645,-0.4047436063770815,0.563549640407828
2024-02-01,2449,6810871,566004174,83.8,84.0,82.4,82.7,-1.3,11286,83.47999999999998,82.91999999999999,81.22,76.87964162146274,83.65837786776326,52.044914779382864,51.10939272472768,86.15339639599375,81.22,76.28660360400625,0.16388910683352265,-0.29101706373496067,0.4549061705684833
2024-02-02,2449,5041141,415535627,83.1,83.6,81.7,82.2,-0.5,3632,83.33999999999997,83.00999999999999,81.18499999999999,61.22185308231824,75.51724315826144,47.861263417385935,49.46734688096471,86.0800076608736,81.18499999999999,76.28999233912637,0.12611784926494352,-0.20759008113497984,0.33370793039992336
2024-02-05,2449,6693549,550049087,82.2,82.7,81.3,82.2,0.0,4220,83.01999999999997,82.82,81.215,47.53968253968251,61.88039241448786,47.861263417385935,49.46734688096471,86.1271380273765,81.215,76.3028619726235,0.09508774320107705,-0.14705451626776847,0.24214225946884552
2024-02-15,2449,23901001,2035415952,83.3,86.2,83.0,85.4,3.2,13094,83.29999999999998,83.14999999999999,81.38000000000001,58.021346469622294,55.59429403054104,69.33459535146132,59.19751803068086,86.61129047176655,81.38000000000001,76.14870952823347,0.32496344080685446,-0.05265092485284388,0.37761436565969836
2024-02-16,2449,29763304,2662296372,87.6,90.7,86.9,90.0,4.6,19592,84.49999999999997,83.93999999999998,81.79,74.80359334895651,60.12154078608713,81.86237311967089,68.56718561757839,88.2335704388167,81.79,75.34642956118331,0.868313762967432,0.1315420127112113,0.7367717502562208
2024-02-19,2449,12857424,1134973695,89.3,89.8,87.3,87.7,-2.3,10269,85.49999999999997,84.48999999999998,82.275,82.49862880994944,71.7745228761761,66.10814569781776,61.02186395270518,88.96017015490236,82.275,75.58982984509765,1.1006444853101272,0.32536250723099447,0.7752819780791327
2024-02-20,2449,9890072,860900919,87.5,88.2,86.2,87.5,-0.2,7718,86.55999999999997,84.94999999999999,82.87000000000002,75.74881222887825,77.68367812926142,64.84218743798597,60.3994472448575,89.18065765193957,82.87000000000002,76.55934234806047,1.2541726069711103,0.5111245271790177,0.7430480797920926
2024-02-21,2449,6487409,566158135,87.6,87.9,86.8,87.5,0.0,5093,87.61999999999998,85.32,83.36000000000001,66.66666666666659,74.97136923516479,64.84218743798597,60.399447244857484,89.50862586274245,83.36000000000001,77.21137413725758,1.3601656070534034,0.6809327431538948,0.6792328638995085
2024-02-22,2449,33750277,3081277927,90.0,93.5,88.8,93.5,6.0,19460,89.23999999999998,86.27,84.10500000000002,77.30496453900702,73.24014781151732,80.27003940302437,70.77199719013497,91.28955983341964,84.10500000000002,76.92044016658039,1.9063405717098618,0.9260143088650883,0.9803262628447735
2024-02-23,2449,55986775,5416612389,95.5,99.8,93.7,94.8,1.3,38304,90.19999999999999,87.35,84.98500000000001,79.64347326049447,74.53836815538939,82.24003237946937,72.45543468213947,92.85018276964949,84.98500000000001,77.11981723035053,2.416234454882769,1.2240583380686245,1.1921761168141445
2024-02-26,2449,26217145,2373914032,94.0,94.0,89.3,89.5,-5.3,22734,90.55999999999999,88.02999999999999,85.47500000000001,72.43243243243238,76.46029007731134,55.75908967543979,57.83108949097734,93.18158809071787,85.47500000000001,77.76841190928215,2.365396506315861,1.4523259717180719,0.913070534597789
2024-02-27,2449,14244237,1277401010,89.5,91.0,88.2,89.5,0.0,9125,90.96,88.75999999999998,85.88500000000002,51.99592449592444,68.02394339628381,55.75908967543979,57.83108949097734,93.5317705601767,85.88500000000002,78.23822943982334,2.2986101191900303,1.6215828012124636,0.6770273179775668
2024-02-29,2449,14135246,1256632635,88.7,90.0,87.6,88.8,-0.7,8075,91.22,89.41999999999997,86.12000000000002,34.04414919120795,52.82416870652164,52.70808311973505,56.096747721509665,93.821584252606,86.12000000000002,78.41841574739404,2.1642491592573663,1.7301160728214442,0.4341330864359221
2024-03-01,2449,14008118,1270603741,90.5,92.3,89.1,89.5,0.7,9082,90.41999999999999,89.82999999999997,86.49000000000002,27.357609710550815,37.799227799227786,55.5459105032846,57.470315681979415,94.09392004166172,86.49000000000002,78.88607995833833,2.090157248663317,1.8021243079898188,0.28803294067349827
2024-03-04,2449,25234321,2384030885,92.4,96.7,91.2,96.0,6.5,19027,90.66,90.42999999999998,87.18500000000003,38.48039215686267,33.29405035287386,73.05929592118594,67.60537714816262,95.55883424722384,87.18500000000003,78.81116575277622,2.526807093654739,1.9470608651228027,0.5797462285319361
2024-03-05,2449,27054025,2606381434,97.1,97.7,94.2,97.4,1.4,19946,92.23999999999998,91.39999999999996,87.94500000000002,59.28733031674204,41.70844406138523,75.48608753476803,69.30221606156198,97.09431144950176,87.94500000000002,78.79568855049828,2.951797062310064,2.148008104560255,0.8037889577498087
2024-03-06,2449,38939124,3969031533,95.7,106.5,94.4,106.0,8.6,28939,95.53999999999999,93.24999999999997,89.10000000000002,83.65059414079019,60.47277220479835,85.10305253245906,77.20205838596578,100.8677525466839,89.10000000000002,77.33224745331614,3.9371675840507265,2.5058400004583494,1.431327583592377
2024-03-07,2449,55224014,6226940622,110.5,116.5,108.5,116.5,10.5,36415,101.07999999999998,96.14999999999996,90.73500000000003,92.96431963098627,78.63408136283955,90.44337582444858,82.96584133063195,107.23715440480365,90.73500000000003,74.23284559519641,5.501920356536431,3.1050560716739657,2.396864284862465
2024-03-08,2449,71575787,8245603821,120.0,123.0,108.5,111.0,-5.5,43027,105.37999999999997,97.89999999999996,92.08500000000002,87.81873075658382,88.14454817612015,74.19023833661966,72.61039434418753,110.4723081227238,92.08500000000002,73.69769187727624,6.22641987507609,3.7293288323543905,2.4970910427216992
2024-03-11,2449,21159770,2283008645,111.5,112.0,106.5,108.0,-3.0,14367,107.77999999999997,99.21999999999997,93.28500000000003,74.57627118644064,85.11977385800363,66.57667599813907,67.65037909918517,112.51822905806472,93.28500000000003,74.05177094193533,6.483775111822823,4.280218088248077,2.2035570235747457
2024-03-12,2449,14357457,1569854592,107.0,111.5,106.5,109.5,1.5,9755,110.19999999999997,101.21999999999997,94.62500000000003,61.864406779660975,74.7531362408952,68.46448422413943,68.79805833470732,114.44699535869134,94.62500000000003,74.80300464130872,6.73117565215918,4.770409601030297,1.960766051128883
2024-03-13,2449,20784708,2234629734,109.0,110.0,105.5,108.5,-1.0,10787,110.69999999999997,103.11999999999998,95.94000000000003,58.90622135559884,65.11563310723353,65.58338894811668,67.08923336236906,115.77989919329173,95.94000000000003,76.10010080670833,6.768527350118887,5.170033150848015,1.5984941992708723
2024-03-14,2449,14618740,1536589420,106.0,107.5,103.5,104.5,-4.0,9072,108.29999999999998,104.68999999999998,97.05500000000002,53.63848159793263,58.13636991106421,54.818154941720586,60.60478562042946,116.17425469258632,97.05500000000002,77.93574530741373,6.401568967037534,5.416340314085919,0.9852286529516148
2024-03-15,2449,16168944,1719712069,103.5,108.0,102.5,107.5,3.0,8726,107.59999999999998,106.48999999999998,98.16000000000001,48.410531189897476,53.65174471447637,60.492516908814295,63.45753702480251,117.009763924251,98.16000000000001,79.31023607574902,6.2804298467653865,5.589158220621813,0.6912716261435738
2024-03-18,2449,39361229,4338193519,110.5,112.0,108.0,111.0,3.5,20798,108.19999999999997,107.98999999999998,99.21000000000001,48.68213765619421,50.24371681467483,66.26006126212387,66.5049580446613,118.45992467517713,99.21000000000001,79.96007532482288,6.393150708697291,5.749956718236908,0.6431939904603832
2024-03-19,2449,22733145,2487567893,110.0,111.0,108.0,109.0,-2.0,12027,108.09999999999998,109.15,100.275,45.30994355689472,47.4675374676622,60.38331089275184,63.25856845182618,119.21425816921018,100.275,81.33574183078983,6.249064196436564,5.8497782138768395,0.39928598255972414
2024-03-20,2449,33282887,3675277549,110.0,115.0,107.0,107.5,-1.5,20503,107.89999999999998,109.3,101.275,38.046506339189214,44.01286251742611,56.03470032529182,60.85908383156252,119.50945913648106,101.275,83.04054086351896,5.9453033768996875,5.868883246481409,0.07642013041827855
2024-03-21,2449,19930349,2139434824,108.0,109.0,105.0,108.5,1.0,12334,108.69999999999997,108.5,102.32500000000002,34.69918699186987,39.351878962651334,58.366707503406204,61.89674162223911,119.66211336987749,102.32500000000002,84.98788663012255,5.71933346555997,5.838973290297121,-0.11963982473715085
2024-03-22,2449,44780053,5029518728,112.0,116.0,109.0,109.5,1.0,24196,109.09999999999998,108.35,103.125,41.4140319180969,38.05324174971872,60.79293209152124,62.95439779046526,120.2345148966882,103.125,86.0154851033118,5.5568860026521065,5.782555832768118,-0.22566983011601138
2024-03-25,2449,18783125,2063992459,110.5,112.5,108.5,108.5,-1.0,9904,108.59999999999998,108.4,103.80999999999999,48.09876543209871,41.40399478068855,56.92282087578009,61.12713457204072,120.62593292089403,103.80999999999999,86.99406707910595,5.286513933392072,5.683347452892908,-0.3968335195008361
2024-03-26,2449,13620070,1448727919,108.5,109.0,104.0,105.5,-3.0,8704,107.89999999999998,108.0,104.60999999999999,39.50617283950612,43.006323396567296,46.550757688271204,55.88645575034524,120.09649734446145,104.60999999999999,89.12350265553852,4.775122552252256,5.501702472764778,-0.7265799205125223
2024-03-27,2449,9124171,970707045,106.5,107.5,105.5,106.0,0.5,5530,107.59999999999998,107.75,105.43499999999999,30.864197530864146,39.48971193415638,48.37967883512164,56.55499482019262,119.28538266619411,105.43499999999999,91.58461733380587,4.359928478114185,5.273347673834659,-0.9134191957204747
2024-03-28,2449,10287984,1095699234,106.5,108.0,104.5,106.0,0.0,5417,107.09999999999998,107.9,106.29499999999999,21.60493827160489,30.658436213991777,48.37967883512163,56.55499482019262,117.85328274442215,106.29499999999999,94.73671725557783,3.984948180961979,5.015667775260123,-1.0307195942981444
2024-03-29,2449,5874188,619135330,107.0,107.0,104.5,105.5,-0.5,4677,106.29999999999998,107.7,107.09499999999998,18.36419753086415,23.611111111111118,46.22669934374455,55.5781439963211,115.74057112052228,107.09499999999998,98.4494288794777,3.6058616440938778,4.733706549026874,-1.1278449049329966
2024-04-01,2449,9607455,997686712,105.5,106.0,102.5,103.0,-2.5,6998,105.19999999999997,106.9,107.44499999999998,10.956790123456742,16.975308641975317,36.69969852498679,50.84888197628585,114.72441618538292,107.44499999999998,100.16558381461704,3.0683338827972904,4.400632015780958,-1.3322981329836674
2024-04-02,2449,11972681,1276328303,103.5,108.0,103.5,107.0,4.0,7629,105.49999999999997,106.7,107.92499999999998,16.512345679012295,15.277777777777786,54.286140361694414,57.1339182759395,113.5754424605523,107.92499999999998,102.27455753944767,2.931315450068638,4.106768702638494,-1.1754532525698558
2024-04-03,2449,9403513,1004334734,108.0,108.0,105.5,106.5,-0.5,6464,105.59999999999998,106.6,107.94999999999997,22.22222222222217,16.563786008230462,52.172314963650535,56.16708635360042,113.57049819856016,107.94999999999997,102.32950180143979,2.7506734819756247,3.83554965850592,-1.0848761765302952
2024-04-08,2449,10041204,1071297708,107.0,109.5,105.0,106.5,0.0,6524,105.69999999999997,106.4,107.44999999999997,34.32098765432094,24.35185185185186,52.17231496365054,56.16708635360042,111.49845649600113,107.44999999999997,103.40154350399882,2.5777981681480355,3.583999360434343,-1.0062011922863077
2024-04-09,2449,13644068,1450650501,105.5,108.5,105.0,106.5,0.0,7235,105.89999999999998,106.1,107.22499999999998,42.257495590828874,32.93356848912405,52.17231496365054,56.16708635360042,110.94622291726935,107.22499999999998,103.50377708273061,2.4129779289025066,3.349795074127976,-0.9368171452254694
2024-04-10,2449,12419029,1328671801,107.0,109.0,106.0,106.0,-0.5,6719,106.49999999999997,105.85,107.12499999999997,49.047619047619,41.875367430923,49.134198676369394,55.004541885095406,110.86498663099445,107.12499999999997,103.38501336900549,2.2164608989648116,3.123128239095343,-0.9066673401305314
2024-04-11,2449,11866788,1245161184,106.0,107.5,103.5,106.0,0.0,7125,106.29999999999998,105.9,106.94999999999997,52.38095238095233,47.89535567313346,49.134198676369394,55.00454188509539,110.55416425819074,106.94999999999997,103.34583574180921,2.0372357513046353,2.9059497415372015,-0.8687139902325662
2024-04-12,2449,11311936,1218211144,106.5,109.5,106.5,107.0,1.0,7174,106.39999999999998,106.0,106.87499999999997,54.76190476190471,52.06349206349207,56.09420598964423,57.06579111228195,110.40876569681937,106.87499999999997,103.34123430318057,1.9533729062568597,2.7154343744811333,-0.7620614682242737
2024-04-15,2449,13481050,1415106047,106.0,106.0,104.0,104.5,-2.5,7306,105.99999999999997,105.85,106.87499999999997,47.61904761904757,51.58730158730159,40.09335704791514,50.800329811684755,110.40876569681937,106.87499999999997,103.34123430318057,1.6659775386979732,2.5055430073245013,-0.8395654686265281
2024-04-16,2449,20722076,2078792564,103.5,103.5,98.6,99.7,-4.8,12400,104.63999999999999,105.27000000000001,106.48499999999997,34.31629532546962,45.565749235474016,24.462695749308004,41.40140454497453,111.18575525846786,106.48499999999997,101.78424474153208,1.0389187460099834,2.212218155061598,-1.1732994090516145
2024-04-17,2449,9352778,957989565,100.0,103.5,100.0,102.5,2.8,5868,103.93999999999998,105.22,106.05999999999997,24.814329401485356,35.58322411533423,40.30177503314255,47.503053088761426,110.58477623756347,106.05999999999997,101.53522376243647,0.7591556606161589,1.9216056561725101,-1.1624499955563512
2024-04-18,2449,8025957,818196116,101.0,103.0,100.0,102.0,-0.5,4230,103.13999999999999,104.72,105.70999999999997,25.68807339449542,28.272899373816852,38.61490291185117,46.5705126849764,110.35237008434488,105.70999999999997,101.06762991565505,0.491430671653859,1.63557065926878,-1.144139987614921
2024-04-19,2449,21094915,2093980439,100.0,101.5,95.7,99.0,-3.0,11191,101.53999999999999,103.97,105.28499999999997,30.295173514160325,26.932525436713757,29.864761415659917,41.328139616360716,110.68806394557923,105.28499999999997,99.8819360544207,0.03675803731981375,1.3158081348789867,-1.279050097559173
2024-04-22,2449,12763418,1232784069,98.3,98.4,95.4,96.0,-3.0,8282,99.83999999999999,102.92,104.65999999999997,19.7870077258852,25.256751544847038,23.620330236653622,36.85972302486136,111.20259887200903,104.65999999999997,98.1174011279909,-0.5592020954184704,0.9408060888194953,-1.5000081842379658
2024-04-23,2449,26877625,2482138047,97.1,97.9,89.9,92.3,-3.7,18058,98.35999999999999,101.5,103.79999999999998,13.47108686212683,21.184422700724177,18.15750540336594,32.23113477412223,111.90654056919519,103.79999999999998,95.69345943080478,-1.3149064490405635,0.4896635812474836,-1.8045700302880472
2024-04-24,2449,14926967,1430520629,94.8,97.4,94.6,96.1,3.8,10072,97.08,100.51,103.17999999999998,16.044290056448023,16.434128214820078,35.91611002124247,40.495555902462726,111.64276550543653,103.17999999999998,94.71723449456343,-1.5888639175588537,0.07395808148621613,-1.6628219990450699
2024-04-25,2449,12610436,1196688816,95.0,96.5,93.0,95.5,-0.6,9575,95.78,99.46000000000001,102.67999999999998,26.2200532386867,18.578476719087245,34.535685993450535,39.67288089953184,111.69878040535457,102.67999999999998,93.66121959464539,-1.8332594963972895,-0.307485434090485,-1.5257740623068043
2024-04-26,2449,0,0,0.0,0.0,0.0,0.0,0.0,0,75.97999999999999,88.76,97.37999999999997,22.138420585625486,21.467587960253464,4.24422237334656,8.851143392703909,142.93667239823404,97.37999999999997,51.82332760176589,-9.622079286126578,-2.1704042044977037,-7.451675081628874
2024-04-29,2449,50649270,5180631380,104.0,105.0,98.0,98.9,0.0,26512,76.55999999999999,88.2,97.02499999999998,42.991028295376076,30.44983403989615,53.51033511487609,51.16445525291152,142.41781330783547,97.02499999999998,51.63218669216449,-7.725318958579706,-3.2813871553141043,-4.443931803265602
2024-04-30,2449,24037776,2336832970,100.0,101.0,95.6,95.8,-3.1,16703,77.25999999999999,87.80999999999999,96.53999999999998,61.80952380952376,42.31299089684183,52.52215069543414,50.375065466589284,141.7672218912461,96.53999999999998,51.312778108753875,-6.3985087992927845,-3.9048114841098402,-2.4936973151829442
2024-05-02,2449,11833945,1115542861,94.6,95.0,93.3,94.9,-0.9,7750,77.01999999999998,87.04999999999998,96.13499999999998,91.93650793650788,65.57902001380263,52.19566633450323,50.1332331362378,141.26854738994052,96.13499999999998,51.00145261005944,-5.357862562822476,-4.195421699852368,-1.162440862970108
2024-05-03,2449,9546639,905833505,96.5,96.5,93.3,93.5,-1.4,8093,76.61999999999998,86.19999999999999,95.45999999999998,90.22222222222216,81.32275132275133,51.61340929970203,49.73327365703039,140.32639722554063,95.45999999999998,50.59360277445933,-4.593164086239511,-4.274970177129797,-0.31819390910971457
2024-05-06,2449,56358224,4866106450,90.9,91.0,84.3,87.0,-6.5,40209,94.01999999999998,84.99999999999999,94.48499999999999,87.42857142857135,89.86243386243386,48.672407838942725,47.82552975378357,139.1966215317674,94.48499999999999,49.77337846823259,-4.460216116423908,-4.312019364988619,-0.14819675143528865
2024-05-07,2449,25007410,2180689855,87.2,89.0,86.3,87.5,0.5,15506,91.73999999999998,84.14999999999999,93.53499999999998,85.079365079365,87.57671957671955,48.93354689190055,47.990799945958855,137.9917778859422,93.53499999999998,49.07822211405774,-4.265339888033637,-4.302683469597623,0.037343581563986206
2024-05-08,2449,14181072,1241523956,87.3,88.5,86.4,87.6,0.1,9677,90.09999999999998,83.67999999999999,92.58999999999997,83.20634920634913,85.23809523809521,48.99409745069573,48.02625965235933,136.70643231268832,92.58999999999997,48.47356768731163,-4.05607401236567,-4.253361578151233,0.1972875657855626
2024-05-09,2449,20654321,1770413028,87.7,88.1,85.0,85.0,-2.6,14119,88.11999999999998,82.57,91.53999999999998,82.5714285714285,83.61904761904759,47.29311240715346,47.12659825761214,135.32819018868,91.53999999999998,47.751809811319966,-4.053303608211394,-4.213349984163265,0.16004637595187088
2024-05-10,2449,15821158,1356234917,85.4,86.8,84.6,86.0,1.0,9760,86.61999999999998,81.61999999999999,90.53999999999998,57.53117092247521,74.43631623341766,48.101619768580974,47.533689891822114,133.87273127786904,90.53999999999998,47.207268722130905,-3.92516948976332,-4.155713885283276,0.23054439551995554
2024-05-13,2449,13591140,1159823046,87.0,87.0,84.5,85.4,-0.6,10208,86.29999999999998,90.16,89.45999999999998,31.91725589538655,57.339951796430135,47.59060218114874,47.298381649417145,132.17015804232062,89.45999999999998,46.749841957679344,-3.8279114825488563,-4.090153404736392,0.2622419221875356
2024-05-14,2449,9135110,778413260,85.4,85.9,84.6,85.3,-0.1,6368,85.85999999999999,88.79999999999998,88.49999999999997,7.665369348418037,32.37126538875998,47.49249593022441,47.25639322135731,130.67454208405843,88.49999999999997,46.32545791594152,-3.716066474246375,-4.015336018638388,0.29926954439201303
2024-05-15,2449,18006248,1487270404,85.9,86.4,84.5,84.5,-0.8,9557,85.23999999999998,87.66999999999999,87.73999999999998,5.474297307025258,15.018974183609997,46.59597454081915,46.89771116355015,129.6266756857119,87.73999999999998,45.85332431428807,-3.6499079466675397,-3.9422504042442186,0.29234245757667887
2024-05-16,2449,16332184,1415842864,85.1,87.4,85.1,86.8,2.3,10076,85.6,86.85999999999999,86.95499999999997,15.716499469863736,9.61872204176906,49.77600689591085,48.1169728332101,128.29062507087576,86.95499999999997,45.61937492912418,-3.3730041664087196,-3.8284011566771188,0.4553969902683992
2024-05-17,2449,27288493,2416223598,87.6,89.9,87.3,88.8,2.0,17379,86.16,86.38999999999999,86.29499999999997,39.527468909248434,20.23942189537919,52.63717945558463,49.20905869564945,127.06633674531669,86.29499999999997,45.52366325468326,-2.9580738067596855,-3.6543356866936323,0.6962618799339468
2024-05-20,2449,26434225,2384740321,90.7,91.6,88.8,88.9,0.1,16890,86.85999999999999,86.57999999999998,85.78999999999998,59.63829781712193,38.29408873207808,52.79405178018918,49.26656036762893,126.16766214133752,85.78999999999998,45.41233785866244,-2.5912984673564807,-3.441728242826202,0.8504297754697214
2024-05-21,2449,12878553,1161989217,89.5,91.3,89.2,90.4,1.5,9488,87.88,86.86999999999998,85.50999999999998,74.90001738828028,58.021928038216934,55.380318375667656,50.17771851879059,125.67769348618374,85.50999999999998,45.34230651381621,-2.15475028443538,-3.1843326511480377,1.0295823667126576
2024-05-22,2449,14481665,1307844427,91.3,91.9,89.7,90.2,-0.2,9759,89.02,87.12999999999998,85.40499999999999,74.03248318741278,69.52359946427173,54.912333315486364,50.04865150632233,125.51208042228953,85.40499999999999,45.29791957771045,-1.804124211953777,-2.9082909633091854,1.1041667513554083
2024-05-23,2449,19008841,1700531536,91.4,92.0,88.0,88.2,-2.0,13126,89.29999999999998,87.44999999999999,85.00999999999999,69.81965063655203,72.9173837374151,49.984472388403326,48.69964263928919,124.84264490339548,85.00999999999999,45.1773550966045,-1.6684015145741284,-2.660313073562174,0.9919115589880456
2024-05-24,2449,8321238,735139557,88.2,89.2,87.1,88.4,0.2,6357,89.21999999999998,87.68999999999998,84.655,59.45345345345341,67.7685290924728,50.50269562487652,48.84812288677763,124.23309874160188,84.655,45.07690125839813,-1.5270985292815311,-2.4336701647060455,0.9065716354245144
2024-05-27,2449,12332572,1115205632,89.4,91.1,89.2,90.9,2.5,8300,89.61999999999998,88.23999999999998,89.2,62.22222222222221,63.83177543740928,57.00005294436829,50.76637124531403,96.8357055993529,89.2,81.5642944006471,-1.199558030499233,-2.186847737864683,0.9872897073654499
2024-05-28,2449,11683423,1056682305,91.5,91.5,89.9,90.0,-0.9,7999,89.53999999999999,88.71,88.755,69.44927536231882,63.70831701266487,54.02172223603061,50.038863071126094,94.98572226952825,88.755,82.52427773047174,-1.0010626764048425,-1.9496907255727147,0.9486280491678722
2024-05-29,2449,18426628,1679644537,91.0,91.8,90.5,90.7,0.7,10651,89.63999999999999,89.33,88.5,76.60573794735284,69.425745177298,56.103021856549894,50.631450369467366,93.92143892338487,88.5,83.07856107661513,-0.7782977958305395,-1.7154121396242796,0.9371143437937401
2024-05-30,2449,13702160,1243553768,90.2,91.7,89.6,90.4,-0.3,11236,90.08,89.69,88.275,70.61027309474514,72.22176213480564,54.86131767353041,50.35578810386897,92.93541843614803,88.275,83.61458156385198,-0.6188290398725513,-1.496095519673934,0.8772664798013827
2024-05-31,2449,23782143,2121975609,90.5,90.8,88.2,88.2,-2.2,15247,90.03999999999999,89.63000000000001,88.01,54.42176870748304,67.21259324986039,46.12689292375366,48.27987486643084,92.00744918666695,88.01,84.01255081333306,-0.6623355240664779,-1.3293435205524429,0.667007996485965
2024-06-03,2449,24056702,2185222084,90.1,92.5,89.6,90.7,2.5,15958,89.99999999999999,89.81000000000002,88.19500000000001,52.15419501133791,59.06207893785541,55.51620941327498,50.76384267290154,92.32850940485004,88.19500000000001,84.06149059514998,-0.4894436182461419,-1.1613635400911826,0.6719199218450407
2024-06-04,2449,18393659,1679042758,90.6,92.4,90.4,90.6,-0.1,13270,90.11999999999998,89.83000000000001,88.35,51.310153691106045,52.62870580330905,55.06832023970074,50.65903622700858,92.59852915724822,88.35,84.10147084275177,-0.35638649980290893,-1.0003681320335278,0.6439816322306189
2024-06-05,2449,14386212,1292181181,91.5,91.6,89.2,89.2,-1.4,9229,89.81999999999998,89.73000000000002,88.43,56.79012345679008,53.418157386411394,48.656694202909904,49.129743168719386,92.67928229233826,88.43,84.18071770766176,-0.3597589967513386,-0.87224630497709,0.5124873082257514
2024-06-06,2449,11799323,1055170723,90.1,90.5,88.6,89.4,0.2,8153,89.61999999999998,89.85000000000001,88.65,43.87022681596321,50.65683465461982,49.63404876567873,49.36490782045711,92.61207016595944,88.65,84.68792983404057,-0.34234703285906676,-0.7662664505534853,0.42391941769441854
2024-06-07,2449,10732666,956813755,89.7,89.8,88.6,88.9,-0.5,7244,89.75999999999999,89.9,88.79500000000002,27.691645133505602,42.783998468753005,47.02328212964894,48.75806079355232,92.56619344504828,88.79500000000002,85.02380655495175,-0.36468983000489175,-0.6859511264437665,0.3212612964388748
2024-06-11,2449,21991099,1911450155,88.4,88.9,85.4,87.4,-1.5,11745,89.1,89.55000000000001,88.89500000000001,24.118353532044953,31.893408493837967,39.71221876992803,46.89555135396864,92.39727069199118,88.89500000000001,85.39272930800884,-0.4976969807031395,-0.6483002972956411,0.1506033165925016
2024-06-12,2449,9659592,847233346,87.8,88.6,87.4,87.7,0.3,4978,88.52,89.32000000000002,89.01500000000001,25.614150016377277,25.808049560642658,41.82277719906441,47.3289016641016,92.16287229727939,89.01500000000001,85.86712770272064,-0.5723014779088516,-0.6331005334182832,0.060799055509431654
2024-06-13,2449,40268085,3742935050,89.1,96.3,88.2,94.7,7.0,23268,89.61999999999999,89.72000000000001,89.52500000000002,48.62816039970704,32.78688798270981,70.2113137225838,56.29152817195672,92.87992175765307,89.52500000000002,86.17007824234697,-0.06582578223915903,-0.5196455831824583,0.4538198009432993
2024-06-14,2449,39973115,3834745823,94.9,97.9,94.1,95.9,1.2,26029,90.91999999999999,90.27000000000001,89.98000000000003,67.23848903820469,47.16026648476305,72.85999631287106,57.62278909250524,94.11163405930003,89.98000000000003,85.84836594070003,0.42746230732814183,-0.33022400508033833,0.7576863124084802
2024-06-17,2449,54649815,5535765971,100.0,104.5,98.6,99.5,3.6,31958,93.03999999999999,91.4,90.51500000000003,81.04769681540891,65.63811541777359,79.3014799173948,61.419212058541326,96.32646281068456,90.51500000000003,84.7035371893155,1.0962497016349602,-0.044929263737278624,1.1411789653722388
2024-06-18,2449,44412540,4582499890,102.0,105.0,101.0,104.5,5.0,22264,96.46,92.78,91.29500000000003,85.09032304021075,77.79216963127483,85.05072122538324,65.97804497303557,99.65764910180829,91.29500000000003,82.93235089819177,2.006595954135932,0.36537577983736347,1.6412201742985686
2024-06-19,2449,57383993,6203934506,105.0,110.5,103.0,109.0,4.5,28820,100.72,94.62,92.22500000000002,88.43162450103411,84.85654811888463,88.42620681864896,69.47409994529907,103.58314685589032,92.22500000000002,80.86685314410973,3.0559373661621976,0.9034880971023304,2.152449269059867
2024-06-20,2449,47500966,5316141831,110.5,115.0,109.0,112.0,3.0,28979,104.17999999999999,96.9,93.31500000000003,93.77924961305713,89.10039905143402,90.15514976587896,71.57143290224958,107.51517957632811,93.31500000000003,79.11482042367194,4.082561693349021,1.5393028163516687,2.5432588769973523
2024-06-21,2449,38761860,4279834843,109.5,113.0,106.5,112.0,0.0,21488,107.4,99.16,94.50500000000002,91.25121137073317,91.1540284949415,90.15514976587896,71.57143290224958,110.64730157071708,94.50500000000002,78.36269842928297,4.840372072844701,2.199516667650275,2.640855405194426
2024-06-24,2449,82539709,9753197292,113.5,122.0,113.5,115.0,3.0,43369,110.5,101.77000000000001,95.83500000000001,86.49950528563234,90.50998875647424,91.81865200584139,73.66953580974787,114.00236359519428,95.83500000000001,77.66763640480573,5.618253457659307,2.8832640256520814,2.7349894320072257
2024-06-25,2449,47176235,5382377308,114.0,118.0,109.0,117.5,2.5,30284,113.1,104.78000000000002,97.165,85.44001384152551,87.73024349929705,92.97302972603576,75.30515273916035,117.46231755676062,97.165,76.86768244323939,6.363109204079208,3.579233061337507,2.7838761427417014
2024-06-26,2449,57772849,6890440949,118.5,123.0,117.0,118.0,0.5,34042,114.9,107.81000000000002,98.56500000000001,83.05137953247599,84.99696621987799,93.19700496551964,75.63119359046085,120.48971436529979,98.56500000000001,76.64028563470023,6.9140576184642555,4.2461979727628565,2.667859645701399
2024-06-27,2449,24958448,2960886566,117.0,120.0,115.5,120.0,2.0,14729,116.5,110.34,100.03,85.69675683434907,84.72938340278357,94.07788278265815,76.94255251703075,123.51677074439979,100.03,76.54322925560021,7.426463839210797,4.882251146052445,2.544212693158352
2024-06-28,2449,24058477,2874345136,119.5,121.0,118.0,119.0,-1.0,11602,117.9,112.65,101.46000000000001,84.07402059622822,84.2740523210178,87.47100278313827,74.77583023055226,125.8909967050054,101.46000000000001,77.02900329499461,7.66351755815225,5.438504428472406,2.2250131296798443
2024-07-01,2449,29207953,3413985753,118.5,120.0,115.0,116.5,-2.5,14088,118.2,114.35,102.875,79.00769995032279,82.92615912696674,72.60022600139177,69.50614635132493,127.34824048833732,102.875,78.40175951166268,7.562479673469326,5.86329947747179,1.6991801959975366
2024-07-02,2449,56616776,6281979841,116.5,116.5,108.0,111.5,-5.0,25485,117.0,115.05,103.915,59.873737373737264,74.31848597342947,51.980367516943474,60.346291626117264,127.99497300662921,103.915,79.8350269933708,6.99827643420528,6.0902948688184875,0.9079815653867929
2024-07-03,2449,40177837,4659659506,113.5,118.0,113.0,117.5,6.0,18841,116.9,115.9,105.26000000000002,54.82323232323221,64.56822321576414,65.6420229738799,66.11681871594584,129.21958263409417,105.26000000000002,81.30041736590586,6.9551168999191475,6.263259275038619,0.6918576248805284
2024-07-04,2449,33950977,4052143628,119.5,121.5,117.0,119.5,2.0,18045,116.8,116.65,106.775,57.87878787878776,57.52525252525246,69.0646889562375,67.79896932476889,130.30904980023604,106.775,83.24095019976397,7.001586018071947,6.410924623645284,0.5906613944266628
2024-07-05,2449,16208085,1939840448,120.0,121.0,117.5,121.0,1.5,9830,117.2,117.55,108.35499999999999,76.66666666666656,63.122895622895555,71.54498649640445,69.04039866159508,131.2451266925284,108.35499999999999,85.46487330747159,7.077861412430167,6.544311981402261,0.5335494310279056
2024-07-08,2449,44623539,5728768561,121.5,133.0,119.0,133.0,12.0,24744,120.5,119.35,110.55999999999999,87.77777777777767,74.10774410774404,83.72434713765902,76.75957507439772,134.0181670213171,110.55999999999999,87.10183297868286,8.014226904734414,6.838294966068692,1.1759319386657223
2024-07-09,2449,86304381,11626581666,136.5,139.0,131.0,131.5,-1.5,48771,124.5,120.75,112.76499999999999,87.49103942652319,83.97849462365583,78.80533262836522,74.26690039814804,135.3759951129976,112.76499999999999,90.15400488700236,8.536858251642471,7.178007623183448,1.358850628459023
2024-07-10,2449,35741831,4792990752,131.0,137.0,130.0,135.0,3.5,20634,128.0,122.45,115.13,87.63440860215042,87.63440860215046,81.72774824002181,76.20832085986741,136.62679976182497,115.13,93.63320023817502,9.12824340091069,7.5680547787288965,1.5601886221817942
2024-07-11,2449,28612081,3811747773,136.5,136.5,130.0,131.0,-4.0,17693,130.3,123.55,116.94500000000001,79.032258064516,84.71923536439657,69.03579554961213,69.73325664444614,137.33690770869617,116.94500000000001,96.55309229130384,9.168465459158881,7.888136914814893,1.2803285443439876
2024-07-12,2449,35402158,4469568576,127.0,129.0,124.5,127.5,-3.5,19102,131.6,124.4,118.525,74.7311827956988,80.46594982078844,59.58908759089733,64.56403573086517,136.95181470032134,118.525,100.09818529967866,8.816292251699096,8.073767982191734,0.7425242695073617
2024-07-15,2449,26511147,3390485450,128.0,130.5,124.0,128.5,1.0,16417,130.7,125.6,119.975,65.57071960297755,73.11138682106416,61.35192698013088,65.35426224559538,136.66773794199116,119.975,103.28226205800883,8.519674584866522,8.162949302726691,0.35672528213983057
2024-07-16,2449,38224166,4926639931,126.5,132.0,125.5,129.0,0.0,20258,130.2,127.35,121.2,59.0213549890968,66.44108579592442,62.310986700581864,65.76534381031064,136.72546295605983,121.2,105.67453704394016,8.230077557178703,8.176374953617094,0.05370260356160905
2024-07-17,2449,48404017,6077334426,129.5,130.0,120.0,127.5,-1.5,31186,128.7,128.35,122.125,53.557489022605175,59.38318787155989,57.33155719193888,63.33736917434576,136.81470728094985,122.125,107.43529271905014,7.7897371217289475,8.099047387239464,-0.30931026551051666
2024-07-18,2449,41993348,5014693668,119.5,124.0,116.0,119.0,-8.5,26204,126.3,128.3,122.475,38.03352023776682,50.20412141648965,37.51302450499851,51.691354935733195,136.50167102344636,122.475,108.44832897655361,6.677906442995038,7.814819198390579,-1.1369127553955405
2024-07-19,2449,27754825,3361501651,119.0,123.0,118.5,119.5,0.5,15425,124.7,128.15,122.85,24.924165824064584,38.838391694812245,38.96107108378289,52.24757732783601,136.11687604524846,122.85,109.58312395475153,5.770598572841749,7.405975073280812,-1.6353765004390635
2024-07-22,2449,36256034,4116861290,120.0,120.0,110.5,112.0,-7.5,18885,121.4,126.05,122.7,11.307082307902524,24.75492278991136,27.719694151268055,44.053819528289395,136.37991228041997,122.7,109.02008771958005,4.39569242303115,6.80391854323088,-2.40822612019973
2024-07-23,2449,22779425,2570654009,115.5,115.5,111.0,112.5,0.5,14831,118.1,124.15,122.45,9.523358785048567,15.251535639005276,29.306142129889313,44.67671950384483,136.67286890890816,122.45,108.22713109109185,3.308279429042429,6.10479072039319,-2.796511291350761
2024-07-26,2449,27907354,3002430520,104.0,111.0,102.0,108.5,-4.0,15234,114.3,121.5,121.975,11.673117239154848,10.834519444035365,24.323414276777637,40.76629599033802,137.34859749700752,121.975,106.60140250299247,2.0995281724524943,5.303738210805051,-3.2042100383525565
2024-07-29,2449,22452323,2418636148,110.0,111.0,105.0,105.5,-3.0,12600,111.6,118.95,121.25,13.67521367521355,11.623896566472373,21.17343378545137,38.074612689612906,138.21319545368695,121.25,104.28680454631305,0.8892583483726071,4.420842238318562,-3.5315838899459546
2024-07-30,2449,18070698,1900443378,104.0,107.5,103.0,106.5,1.0,9880,109.0,116.85,120.625,16.111111111110986,13.81981400849318,24.953001989065815,39.508388631108396,138.7547407593155,120.625,102.4952592406845,0.010679331234541678,3.5388096569017575,-3.528130325667216
2024-07-31,2449,14723513,1560404312,105.0,108.0,104.5,105.0,-1.5,7767,107.6,114.5,120.05,12.460317460317334,14.082214082214008,23.02131089815973,38.08399191455933,139.3577704564767,120.05,100.74222954352332,-0.797445874001653,2.6715585507210755,-3.4690044247227285
2024-08-01,2449,38408071,4326234856,110.0,115.0,108.5,113.0,8.0,17951,107.7,112.9,120.125,25.238095238095113,17.936507936507862,48.046415829745435,48.70569602762726,139.31060658410328,120.125,100.93939341589672,-0.7833280618761478,1.9805812282016309,-2.7639092900777786
2024-08-02,2449,28458877,2997479425,107.0,108.5,102.5,103.5,-9.5,20649,106.7,110.5,119.425,22.619047619047493,20.105820105820033,33.12661881904715,39.94279338886994,139.9195724522371,119.425,98.93042754776289,-1.5211750402749686,1.280229974506311,-2.8014050147812797
2024-08-05,2449,32062445,3019230480,94.8,97.5,93.2,93.7,-9.8,18172,104.34,107.97,118.13499999999999,19.6695095948826,22.50888415067512,24.11446176232427,33.289168236497844,141.49575983353273,118.13499999999999,94.77424016646727,-2.8636913334332945,0.45144571291839,-3.3151370463516843
2024-08-06,2449,31125468,2969248822,97.5,98.5,89.1,97.4,3.7,19704,102.52000000000001,105.76000000000002,116.955,13.482640908013927,18.59039937398139,32.234911608816255,37.52087136119587,141.94503601437972,116.955,91.96496398562027,-3.5877289838173567,-0.35638922642875936,-3.2313397573885974
2024-08-07,2449,46642760,4820669380,98.0,107.0,96.6,102.5,5.1,25640,102.02000000000001,104.81000000000002,115.42999999999999,28.347505772878794,20.499885425258494,42.18402078936331,42.897692959335075,140.03691772652553,115.42999999999999,90.82308227347445,-3.7072715419949844,-1.0265656895420046,-2.68070585245298
2024-08-08,2449,24892855,2563008220,100.0,106.0,98.6,103.5,1.0,16107,100.12,103.91000000000001,114.03,46.258433758433654,29.362860146442177,44.06271536637646,43.91684183997015,137.9982373152467,114.03,90.06176268475329,-3.6789100529091456,-1.5570345622154327,-2.121875490693713
2024-08-09,2449,32310903,3625858412,113.0,113.5,108.5,113.5,10.0,17023,102.12,104.41000000000001,112.955,67.18146718146706,47.26246890425989,59.43931654257231,52.95853035469668,134.90863067922922,112.955,91.00136932077078,-2.817043814418412,-1.8090364126560285,-1.0080074017623832
2024-08-12,2449,61725228,7234582031,112.5,120.5,111.5,118.5,5.0,32980,107.08000000000001,105.71000000000001,112.33,81.14584101845236,64.86191398611776,65.04451613478508,56.71602925707444,132.85862391881142,112.33,91.80137608118858,-1.7108290256929877,-1.7893949352634204,0.07856590957043275
2024-08-13,2449,21981789,2571135540,118.5,119.5,115.0,117.0,-1.5,14007,111.00000000000003,106.76000000000002,111.80499999999999,92.23085688053828,80.18605502681929,62.04361982311588,55.28922491947181,131.26413410200973,111.80499999999999,92.34586589799025,-0.9442980199885369,-1.6203755522084438,0.6760775322199069
2024-08-14,2449,45756234,5518348737,119.0,124.0,116.5,119.5,2.5,26706,114.40000000000002,108.21000000000001,111.35499999999999,89.86336454169926,87.74668748023002,65.16833262089715,57.22085575130286,129.62918671240936,111.35499999999999,93.08081328759063,-0.1335481093085349,-1.323010063628462,1.1894619543199272
2024-08-15,2449,19668809,2360979321,120.5,122.0,118.0,119.0,-0.5,13419,117.50000000000003,108.81000000000002,110.85499999999999,87.21095760407341,89.76839300877037,63.94011446520577,56.69331205413025,127.65874660603987,110.85499999999999,94.05125339396011,0.46329068805395934,-0.9657499132919778,1.4290406013459371
2024-08-16,2449,31701616,3916389258,122.5,125.5,121.5,122.0,3.0,18807,119.20000000000002,110.66000000000001,110.58,87.72132833737408,88.26521682771563,68.14295089872166,59.12811961976483,126.43857496750539,110.58,94.72142503249461,1.1649360057817972,-0.5396127294772228,1.70454873525902
2024-08-19,2449,13865499,1698004533,122.0,124.0,120.5,123.5,1.5,9136,120.20000000000002,113.64000000000001,110.80499999999999,89.7125175317439,88.21493449106386,70.170978868704,60.32910134296587,127.25182036139492,110.80499999999999,94.35817963860507,1.8210406164713362,-0.06748206028751103,1.8885226767588472
2024-08-20,2449,19763659,2421339714,124.0,125.0,120.5,122.0,-1.5,11585,121.20000000000002,116.1,110.92999999999999,90.15101591444824,89.19495392785547,65.31966749079929,58.47858337448449,127.67456329678366,110.92999999999999,94.18543670321633,2.194671971097364,0.384948745989464,1.8097232251078998
2024-08-21,2449,15659563,1871566239,120.5,121.5,118.0,120.0,-2.0,9516,121.30000000000003,117.85,111.33,82.57183039408625,87.4784546134262,58.97702802505729,56.01159115182897,128.53361589899023,111.33,94.12638410100976,2.3028484230568154,0.7685286814029343,1.534319741653881
2024-08-22,2449,10292498,1235782154,121.0,122.0,119.0,120.0,0.0,6289,121.50000000000003,119.5,111.705,71.78339737381931,81.50208122745131,58.97702802505729,56.01159115182899,129.31641391257364,111.705,94.09358608742637,2.3613587666369398,1.0870946984497354,1.2742640681872044
2024-08-23,2449,12913262,1550510773,118.5,123.0,117.0,123.0,3.0,7582,121.70000000000002,120.45,112.42999999999999,68.18394024276368,74.17972267022314,65.76423293988137,59.01913961878479,130.63770166715176,112.42999999999999,94.22229833284823,2.6196063718163884,1.393597033123066,1.2260093386933224
2024-08-26,2449,17646409,2159811645,124.5,124.5,120.0,121.0,-2.0,11409,121.20000000000002,120.7,113.205,62.30158730158721,67.42297497272345,58.26637249920513,56.25761376655777,131.48618978622542,113.205,94.92381021377457,2.6325398930046475,1.6413856050993822,0.9911542879052653
2024-08-27,2449,11431338,1364973312,120.0,121.0,118.5,119.5,-1.5,7118,120.70000000000002,120.95,113.85499999999999,51.86741363211943,60.78431372549016,52.98099781825001,54.208938659795955,132.06065571464003,113.85499999999999,95.64934428535993,2.4930144193714767,1.811711367953801,0.6813030514176757
2024-08-28,2449,13979859,1691291628,120.0,123.0,119.0,120.5,1.0,8300,120.80000000000003,121.05,114.63,40.19607843137246,51.45502645502642,56.07969193246461,55.375633484924144,132.57971866074766,114.63,96.68028133925233,2.4350612486403946,1.9363813440911197,0.4986799045492749
2024-08-29,2449,13010478,1563888871,117.0,121.5,116.5,120.5,0.0,6724,120.90000000000002,121.2,115.005,39.21568627450972,43.75972611266726,56.079691932464605,55.37563348492416,133.1154914345247,115.005,96.89450856547528,2.361906357057464,2.0214863466843886,0.34042001037307523
2024-08-30,2449,8655779,1042661401,121.0,121.5,119.5,121.0,0.5,5686,120.50000000000003,121.1,115.88,47.05882352941168,42.15686274509801,57.9649900625832,56.025341771266376,133.36263138088762,115.88,98.39736861911237,2.3175609991841526,2.0807012771843416,0.23685972199981098
2024-09-02,2449,5275069,639771529,122.0,122.5,120.0,121.0,0.0,3863,120.50000000000003,120.85,117.245,52.08333333333326,46.11928104575161,57.9649900625832,56.025341771266376,131.56428419998673,117.245,102.92571580001328,2.256406533623178,2.115842328472109,0.14056420515106893
2024-09-03,2449,12998958,1542020992,122.0,122.0,117.0,118.0,-3.0,9073,120.20000000000002,120.45,118.275,42.647058823529335,47.263071895424815,42.91929980348468,50.87138770422899,129.32703601152224,118.275,107.22296398847776,1.9434632169173085,2.0813665061611486,-0.1379032892438401
2024-09-04,2449,21794405,2472805144,109.5,118.0,107.5,114.5,-3.5,12357,119.00000000000003,119.9,118.875,38.725490196078354,44.48529411764704,31.714620146473298,45.600789997564206,127.46496507559787,118.875,110.28503492440213,1.3969296985076767,1.9444791446304541,-0.5475494461227775
2024-09-05,2449,11439095,1308050875,115.5,117.0,111.5,112.0,-2.5,6878,117.30000000000003,119.1,119.3,28.79901960784306,36.723856209150306,26.04783011726785,42.23479603388075,125.23632883186154,119.3,113.36367116813845,0.753384295782098,1.7062601748607829,-0.9528758790786849
2024-09-06,2449,7712101,856499049,112.5,112.5,110.0,111.5,-0.5,5017,115.40000000000002,117.95,119.2,31.15117014547747,32.891893316466344,25.00530495082316,41.57383518513255,125.5749509802025,119.2,112.8250490197975,0.20071044127308824,1.405150228143244,-1.2044397868701557
2024-09-09,2449,9040340,1007796652,108.0,113.0,107.5,113.0,1.5,5063,113.80000000000003,117.15,118.925,29.253636938646352,29.734608897322346,34.21992449816889,44.38572040000578,125.84796901625239,118.925,112.0020309837476,-0.11492531871287781,1.1011351187720195,-1.2160604374848973
2024-09-10,2449,9623125,1077339297,114.0,115.0,108.5,110.5,-2.5,6088,112.30000000000003,116.25,118.6,27.096774193548313,29.167193759224094,27.620893997059536,40.85645496495404,126.40768851837673,118.6,110.79231148162326,-0.5603388022493192,0.7688403345677517,-1.329179136817071
2024-09-11,2449,5696426,637542731,111.5,112.5,110.0,112.5,2.0,3209,111.90000000000002,115.45,118.25,29.605734767025012,28.652048633073278,38.66102829624518,44.64826816093867,126.48103881657627,118.25,110.01896118342373,-0.7433796933134857,0.4663963289915042,-1.20977602230499
2024-09-12,2449,20652319,2415948041,116.5,120.0,113.5,118.0,5.5,11362,113.10000000000002,115.2,118.2,41.111111111111036,32.604540023894835,58.81559361409514,53.48086810144188,126.42435407798035,118.2,109.97564592201965,-0.4395697966450882,0.2852031038641857,-0.7247729005092739
2024-09-13,2449,10691504,1241369834,118.0,118.5,114.5,115.0,-3.0,6950,113.80000000000003,114.6,117.85,51.6858237547892,40.8008898776418,48.64433744889054,48.897475755135986,125.99309523461382,117.85,109.70690476538617,-0.43584899672944744,0.14099268374545906,-0.5768416804749065
2024-09-16,2449,5930119,682374160,116.5,116.5,114.0,114.5,-0.5,3879,114.10000000000002,113.95,117.4,59.24137931034475,50.67943805874838,47.06182755110909,48.156713474239154,125.23326241102511,117.4,109.5667375889749,-0.46785293985274734,0.01922355902581778,-0.48707649887856513
2024-09-18,2449,13400854,1493452625,114.0,114.0,110.0,110.0,-4.5,8550,114.00000000000003,113.15,116.8,42.57471264367808,51.16730523627073,35.079178171466985,41.99109294948759,124.96333265278294,116.8,108.63666734721706,-0.8465699558057338,-0.1539351439404925,-0.6926348118652412
2024-09-19,2449,15490976,1713879242,111.0,113.0,109.0,110.5,0.5,7439,113.60000000000002,112.75,116.325,33.33333333333326,45.04980842911875,37.15346903339998,42.866386677723035,124.78830313766368,116.325,107.86169686233633,-1.0937520058451895,-0.3418985163214319,-0.7518534895237576
2024-09-20,2449,33826607,3769155241,112.0,115.0,110.0,110.0,-0.5,10915,112.00000000000003,112.55,115.825,21.333333333333258,32.413793103448256,35.81829658184132,42.180961129152365,124.53863873476422,115.825,107.11136126523579,-1.3148347857240168,-0.536485770201949,-0.7783490155220678
2024-09-23,2449,18098293,1955669836,110.0,110.5,107.0,107.0,-3.0,11241,110.40000000000002,112.1,115.025,14.666666666666591,23.11111111111109,28.618994405930987,38.23098202168171,123.89334257344542,115.025,106.15665742655459,-1.7123801570168382,-0.7716646475649268,-0.9407155094519114
2024-09-24,2449,16636363,1768664710,107.5,108.5,105.0,107.0,0.0,8876,108.90000000000002,111.5,114.325,11.111111111111036,15.703703703703683,28.61899440593099,38.23098202168171,123.4039591914483,114.325,105.24604080855171,-2.0043330244739934,-1.0181983229467402,-0.9861347015272532
2024-09-25,2449,34274890,3880225911,109.5,116.5,109.5,112.5,5.5,19240,109.40000000000002,111.7,113.975,21.111111111111036,15.62962962962961,52.46201440792541,48.48753566132722,122.76405569444167,113.975,105.18594430555832,-1.7714831853082416,-1.1688552954190405,-0.602627889889201
2024-09-26,2449,19212428,2187669717,113.0,116.0,112.0,112.5,0.0,11302,109.80000000000003,111.7,113.575,39.629629629629555,23.950617283950596,52.46201440792541,48.48753566132722,121.85313384767255,113.575,105.29686615232745,-1.5688631325680262,-1.2488568628488377,-0.32000626971918855
2024-09-27,2449,32275463,3785582415,114.0,119.5,112.5,117.5,5.0,18531,111.30000000000003,111.65,113.425,63.92081736909316,41.553852703277975,66.36415866110092,56.1621518939994,121.29440277276431,113.425,105.55559722723568,-0.9933760470015613,-1.1977606996793824,0.20438465267782102
2024-09-30,2449,18055779,2072208700,117.0,117.0,112.5,112.5,-5.0,10365,112.40000000000002,111.4,113.0,64.49553001277131,56.015325670498065,49.48179499716911,48.39703835372513,120.06399320497881,113.0,105.93600679502119,-0.930035725865423,-1.1442157049165904,0.21417997905116737
2024-10-01,2449,13668960,1535762479,114.0,115.5,110.0,112.0,-0.5,8665,113.40000000000002,111.15,112.55,62.06896551724131,63.49510429970198,48.055563184967916,47.68698880830712,118.5906953242148,112.55,106.50930467578519,-0.9096974602930459,-1.0973120559918814,0.18761459569883554
2024-10-04,2449,15512108,1683400351,111.5,112.5,107.0,108.5,-3.5,10822,112.60000000000002,111.0,112.075,41.379310344827516,55.98126862494676,38.899077765435415,42.93806639334555,117.813248861803,112.075,106.336751138197,-1.1625982783170485,-1.1103693004569148,-0.052228977860133696
2024-10-07,2449,15843210,1776119321,110.5,113.5,110.0,111.5,3.0,9277,112.40000000000002,111.1,111.925,39.08045977011487,47.50957854406128,48.677956816390605,47.74188711328573,117.5577169288003,111.925,106.29228307119969,-1.1081747223151552,-1.1099303848285629,0.001755662513407641
2024-10-08,2449,12634752,1412844174,111.5,114.0,110.0,113.5,2.0,6854,111.60000000000002,111.45,112.0,42.52873563218384,40.996168582375454,54.35927804397139,50.720409195416075,117.67450438364355,112.0,106.32549561635645,-0.8933622528285952,-1.0666167584285693,0.17325450559997413
2024-10-09,2449,71771714,8704923060,118.0,124.5,115.0,124.5,11.0,38205,114.00000000000003,113.2,112.65,67.81609195402292,49.80842911877392,73.3145346324287,63.158030148923395,120.50557127139616,112.65,104.79442872860385,0.16261175890963386,-0.8207710549609286,0.9833828138705625
2024-10-11,2449,68741149,8660902431,127.0,129.0,123.5,125.5,1.0,45650,116.70000000000002,115.05,113.275,80.90386624869377,63.74956461163356,74.44039716780091,64.04642154649592,122.92629524986074,113.275,103.62370475013927,1.067860779400732,-0.4430446880885965,1.5109054674893285
2024-10-14,2449,31479851,3974650002,125.0,128.0,123.0,128.0,2.5,17973,120.60000000000002,116.6,114.15,93.18181818181812,80.63392546151165,77.24099447167754,66.23827171971683,125.6352078779612,114.15,102.66479212203882,1.9643623107894683,0.038436711687016456,1.925925599102452
2024-10-15,2449,26654643,3412361579,129.0,130.5,126.5,128.0,0.0,18779,123.90000000000002,118.15,114.925,89.63571889103798,87.90713444051669,77.24099447167754,66.23827171971685,127.86051313245795,114.925,101.98948686754204,2.6443636552018575,0.5596221003899847,2.0847415548118726
2024-10-16,2449,53585964,7052327463,126.0,135.5,125.0,133.5,5.5,28814,127.90000000000002,119.75,115.7,92.59956790751858,91.80570166012495,82.86354932048573,70.78289574217531,130.93285921946324,115.7,100.46714078053677,3.585739481676498,1.1648455766472874,2.4208939050292106
2024-10-17,2449,43710186,5894287716,135.0,137.5,133.0,134.5,1.0,25998,129.90000000000003,121.95,116.675,90.83603089807993,91.02377256554554,83.71685159005285,71.53319414647697,133.96162777987632,116.675,99.38837222012367,4.362193596644644,1.8043151806467588,2.5578784159978856
2024-10-18,2449,52015123,6709674606,136.0,136.5,125.0,127.5,-7.0,36027,130.3,123.5,117.325,82.26091806764795,88.56550562441554,59.51481381981617,59.93120206938527,135.2031290967478,117.325,99.4468709032522,4.362410426358778,2.3159342297891627,2.0464761965696154
2024-10-21,2449,33829701,4445609231,129.0,134.0,128.5,131.0,3.5,22528,130.90000000000003,125.75,118.375,76.72131147540978,83.27275348037927,65.3569532889227,63.14947800935976,136.86520010708347,118.375,99.88479989291652,4.5920685074583645,2.771161085323003,1.8209074221353614
2024-10-22,2449,40233692,5425041928,131.5,137.0,131.5,136.0,5.0,22157,132.50000000000003,128.2,119.65,77.77777777777771,78.92000244027854,72.07343765798767,67.20221252747203,139.2742197297112,119.65,100.0257802702888,5.11852918629755,3.2406347055179126,1.8778944807796378
2024-10-23,2449,22023833,2988533491,136.0,137.5,134.5,134.5,-1.5,12243,132.70000000000002,130.3,120.875,83.00243817485192,79.16717580934653,67.49353597904741,64.89636379734115,140.98936054166245,120.875,100.76063945833756,5.353009442524282,3.6631096529191867,1.6898997896050956
2024-10-24,2449,18659855,2460998586,137.0,137.0,129.5,130.0,-4.5,18054,131.8,130.85,122.025,73.63984674329497,78.1400208986416,55.21362488605893,58.42022155544077,141.45300813259013,122.025,102.5969918674099,5.116741729396793,3.953836068214708,1.162905661182085
2024-10-25,2449,16709241,2181250016,129.5,131.5,129.5,130.5,0.5,7457,132.40000000000003,131.35,123.2,57.195402298850524,71.27922907233254,56.24557639031009,58.9108640928224,141.66997563615027,123.2,104.73002436384972,4.913207290571592,4.145710312686084,0.7674969778855072
2024-10-28,2449,13159992,1705119786,132.0,134.0,127.0,128.5,-2.0,8764,131.90000000000003,131.4,124.0,40.09195402298845,56.975734355044715,50.78480557063244,56.06122234761778,141.92484309554726,124.0,106.07515690445274,4.5382078608302265,4.224209822314913,0.3139980385153134
2024-10-29,2449,14844463,1862260947,127.0,127.5,124.0,125.5,-3.0,8340,129.8,131.15,124.65,27.703703703703653,41.66368667518094,43.40937817690033,51.998113981517754,141.78505179449382,124.65,107.51494820550619,3.953371180994907,4.1700420940509115,-0.21667091305600472
2024-10-30,2449,19237655,2402744046,125.5,126.5,122.0,125.5,0.0,10625,128.00000000000003,130.35,125.05,20.563918757467093,29.453192161386465,43.40937817690034,51.998113981517754,141.8693341128593,125.05,108.2306658871407,3.4501131420242785,4.026056303645585,-0.5759431616213062
2024-11-01,2449,10374162,1298995979,121.0,127.5,120.5,127.5,2.0,6322,127.50000000000003,129.65,125.8,24.95607562021219,24.407899360461045,49.998650330631186,54.54525603515621,141.62213639177685,125.8,109.97786360822315,3.1760492865114003,3.856054900218748,-0.6800056137073476
2024-11-04,2449,11130955,1415417076,128.0,129.5,125.0,128.5,1.0,6781,127.10000000000002,129.75,126.625,36.9386464263124,27.48621360133063,53.178832594850356,55.80793755145298,141.15040877221665,126.625,112.09959122778335,3.0049046784997557,3.6858248558749493,-0.6809201773751936
2024-11-05,2449,10132308,1316523379,126.5,132.0,126.5,130.0,1.5,6423,127.40000000000002,129.65,127.7,48.03921568627445,36.644645910933086,57.86823970197199,57.7058277351993,139.65575175386257,127.7,115.74424824613743,2.956231214348179,3.539906127569595,-0.5836749132214161
2024-11-06,2449,41597306,5655033445,131.5,140.5,131.0,137.0,7.0,24137,129.70000000000002,129.75,128.975,61.81372549019602,48.93052920092769,72.73540834073745,65.21383701476941,139.03718167198264,128.975,118.91281832801737,3.442812047684157,3.5204873115925075,-0.07767526390835044
2024-11-07,2449,34807659,4866573154,137.0,143.0,135.0,139.0,2.0,23276,132.40000000000003,130.2,130.25,73.5348583877995,61.12926652142338,75.60487070250312,67.0154892175729,138.4322979657296,130.25,122.06770203427041,3.9443461815207854,3.605259085578163,0.33908709594262243
2024-11-08,2449,19332259,2707203646,140.5,141.5,138.0,139.5,0.5,11821,134.8,131.15,131.0,83.0555555555555,72.80137981118374,76.33141261348811,67.4691018861156,139.67179335547053,131.0,122.32820664452949,4.3322222558199,3.7506517196265103,0.5815705361933898
2024-11-11,2449,44880275,5958642093,136.0,136.5,129.5,133.5,-6.0,25864,135.8,131.45,131.4,74.81481481481477,77.13507625272332,53.87016450749337,57.28780224949672,139.75224520712726,131.4,123.04775479287275,4.108111234193046,3.8221436225398175,0.2859676116532288
2024-11-12,2449,20416422,2676706716,131.5,133.5,128.5,130.0,-3.5,10788,135.8,131.6,131.5,61.48148148148143,73.1172839506173,44.88208004385336,52.32727451477803,139.73407554009486,131.5,123.26592445990515,3.6065073142951576,3.7790163608908856,-0.17250904659572797
2024-11-13,2449,18983836,2454213718,130.0,131.5,128.0,128.5,-1.5,11540,134.10000000000002,131.9,131.525,45.185185185185134,60.49382716049385,41.42616117786216,50.31640797141538,139.71935781498328,131.525,123.33064218501674,3.052754872047018,3.633764063122112,-0.5810091910750943
2024-11-14,2449,21978767,2777734987,129.0,131.0,124.0,126.0,-2.5,14864,131.50000000000003,131.95,131.15,29.43469785575044,45.367121507472405,36.031453861105526,47.069792525560715,139.62997641506004,131.15,122.67002358493997,2.3846838147637754,3.383948013450445,-0.9992641986866695
2024-11-15,2449,12738446,1585085417,126.0,127.0,123.0,124.0,-2.0,9208,128.40000000000003,131.6,130.625,17.02729044834303,30.5490578297596,32.12668053201575,44.590984183690665,139.5012323088116,130.625,121.74876769118838,1.6745462762681882,3.0420676660139936,-1.3675213897458054
2024-11-18,2449,15761829,1919229355,124.0,125.5,119.5,121.5,-2.5,9482,126.00000000000003,130.9,130.325,8.012318029115292,18.158102111069653,27.742255819728793,41.639116621167936,139.9752590638802,130.325,120.67474093611978,0.8996573640420991,2.6135856056196145,-1.7139282415775154
2024-11-19,2449,18832572,2375966448,124.0,128.0,124.0,127.0,5.5,10517,125.40000000000002,130.6,130.125,15.141843971631156,13.393817483029892,46.486872578398355,49.55147024622603,139.8762819670028,130.125,120.37371803299719,0.7210445996023509,2.235077404416162,-1.514032804813811
2024-11-20,2449,17399133,2195415048,128.5,129.0,124.5,126.5,-0.5,12373,125.00000000000003,129.55,129.65,24.081237911025095,15.745133303923913,45.24210275133269,48.90237890400804,139.1320883775669,129.65,120.16791162243312,0.533002751684009,1.8946624738697313,-1.3616597221857223
2024-11-21,2449,8721041,1100361847,126.0,127.5,124.5,126.5,0.0,5032,125.10000000000002,128.3,129.25,34.96984867447941,24.730976852378618,45.24210275133268,48.90237890400804,138.55322524719188,129.25,119.94677475280812,0.3796024121276531,1.5916504615213156,-1.2120480493936625
2024-11-22,2449,24262139,3131294873,129.5,130.5,127.5,130.0,3.5,13932,126.30000000000003,127.35,129.25,49.331550802138985,36.127545795881225,56.3725000904309,53.814022216749635,138.55322524719188,129.25,119.94677475280812,0.5342932866960126,1.380179026556255,-0.8458857398602424
2024-11-25,2449,24097064,3119420087,131.0,132.5,127.0,128.0,-2.0,16232,127.60000000000002,126.8,129.125,60.52036199095017,48.273920489189585,49.645075719390306,50.808570536061836,138.42486559042592,129.125,119.82513440957406,0.48985686891684566,1.2021145950283731,-0.7122577261115275
2024-11-26,2449,9958575,1256355131,127.0,127.5,125.0,125.5,-2.5,7338,127.30000000000003,126.35,128.975,62.17948717948713,57.34379999085883,42.28583163960933,47.255823174641094,138.40619822716047,128.975,119.54380177283953,0.2500293977916641,1.0116975555810312,-0.7616681577893671
2024-11-27,2449,9940030,1238476439,125.5,126.5,123.0,123.0,-2.5,7261,126.60000000000002,125.8,128.85,46.15384615384611,56.28456510809453,36.05104400540344,43.946520235735086,138.5252260955494,128.85,119.17477390445057,-0.14014915534392003,0.781328213396041,-0.921477368739961
2024-11-28,2449,10646673,1306569226,123.5,124.5,121.0,123.5,0.5,7016,126.00000000000003,125.55,128.75,34.61538461538458,47.64957264957267,38.17794375561691,44.779427738620555,138.60139584018367,128.75,118.89860415981632,-0.4043614216997753,0.5441902863768777,-0.948551708076653
2024-11-29,2449,8229156,1028525746,122.0,127.0,121.5,126.5,3.0,4942,125.30000000000003,125.8,128.7,35.17279821627644,38.64734299516911,49.852947162178,49.616864707173825,138.58635423196998,128.7,118.81364576803001,-0.3674409874008262,0.36186403162133696,-0.7293050190221632
2024-12-02,2449,7782391,987301816,128.0,128.0,126.0,127.0,0.5,5638,125.10000000000002,126.35,128.625,43.589743589743556,37.79264214046827,51.629151060543506,50.39679818026668,138.5390052451061,128.625,118.7109947548939,-0.2944413196463529,0.23060296136779898,-0.5250442810141519
2024-12-03,2449,13261376,1704610117,129.5,130.5,127.0,127.5,0.5,8518,125.50000000000003,126.4,128.5,52.17391304347822,43.64548494983281,53.54866976997994,51.210164909456836,138.40454441153108,128.5,118.59545558846894,-0.19400635123876953,0.14568109884648528,-0.3396874500852548
2024-12-04,2449,16163844,2038271529,127.5,128.5,125.0,126.0,-1.5,10015,126.10000000000002,126.35,127.95,50.72463768115938,48.82943143812712,47.01822297554003,48.633724165749115,137.09822387133048,127.95,118.80177612866954,-0.23276520674576773,0.06999183772803468,-0.3027570444738024
2024-12-05,2449,16644228,2121768801,126.0,129.0,126.0,126.5,0.5,9782,126.70000000000002,126.35,127.325,49.27536231884054,50.72463768115944,49.41718165230164,49.544962426906174,134.94913929568318,127.325,119.70086070431682,-0.2205931965960275,0.011874830863222233,-0.23246802745924972
2024-12-06,2449,23610136,2997565239,126.5,129.5,125.5,125.5,-1.0,9799,126.50000000000003,125.9,126.625,46.22425629290615,48.74141876430209,44.69510538246877,47.72155737234634,131.83916340365215,126.625,121.41083659634785,-0.28831491859727976,-0.04816311902887817,-0.2401517995684016
2024-12-09,2449,20268331,2475350404,126.0,126.5,120.5,121.0,-4.5,16171,125.30000000000003,125.2,126.0,33.398169336384406,42.96592931604376,29.76368718979674,40.49851804396736,130.74341649025104,126.0,121.25658350974896,-0.6970619666769267,-0.1779428885584879,-0.5191190781184387
2024-12-10,2449,20152924,2398745854,120.5,121.5,117.5,117.5,-3.5,15322,123.30000000000003,124.4,125.375,17.456140350877163,32.3595219933893,22.83997461476304,35.941862836126994,131.04840285895384,125.375,119.70159714104618,-1.2885639335008534,-0.400067097546961,-0.8884968359538924
2024-12-11,2449,18774814,2183038688,116.5,118.0,114.5,117.0,-0.5,10410,121.50000000000003,123.8,124.8,6.874999999999972,19.243103229087243,21.987508605566173,35.33030011243905,131.35286197016197,124.8,118.24713802983803,-1.7771929510010551,-0.6754922682377797,-1.1017006827632754
2024-12-12,2449,12224030,1432368784,118.0,118.5,116.0,116.0,-1.0,8674,119.40000000000002,123.05,124.3,8.333333333333306,10.888157894736878,20.226061661482934,34.08127564882676,131.8591004755852,124.3,116.74089952441481,-2.219541121965591,-0.984302038983342,-1.235239082982249
2024-12-13,2449,12920283,1536059427,117.0,120.0,116.5,119.0,3.0,8325,118.10000000000002,122.3,124.05,17.708333333333304,10.972222222222257,37.69556475941553,40.83850550747319,131.95506166958808,124.05,116.14493833041192,-2.301500046545044,-1.2477416404956825,-1.0537584060493617
2024-12-16,2449,33948048,3890039448,120.5,121.0,111.0,111.5,-7.5,21695,116.20000000000002,120.75,123.55,13.400900900900872,13.147522522522557,23.003140732689634,32.00548876001848,133.125489543621,123.55,113.974510456379,-2.937775556725015,-1.585748423741549,-1.3520271329834659
2024-12-17,2449,35854850,3936272092,111.0,112.0,108.0,109.5,-2.0,19872,114.60000000000002,118.95,122.675,12.601482296249708,14.57023884349469,20.51543273034313,30.133747662901527,133.88782747570806,122.675,111.46217252429193,-3.562347246390516,-1.9810681882713423,-1.5812790581191736
2024-12-18,2449,28813649,3245711508,111.0,116.0,109.0,115.5,6.0,15444,114.30000000000003,117.9,122.125,14.854389272993894,13.618924156714888,42.3403393118666,41.23659144747091,133.60922831538932,122.125,110.64077168461068,-3.5324550118390903,-2.291345552984892,-1.2411094588541984
2024-12-19,2449,19472979,2236956840,112.5,117.5,112.0,116.0,0.5,10317,114.30000000000003,116.85,121.6,28.367902786507404,18.6079247852504,43.83956019505964,42.062871344163646,133.19568885405226,121.6,110.00431114594774,-3.4288932324972166,-2.518855088887357,-0.9100381436098597
2024-12-20,2449,23076299,2691988361,116.5,118.5,114.5,116.5,0.5,11364,113.80000000000003,115.95,120.925,47.02997571214622,30.084089257215904,45.49301559824821,42.927112093234115,132.04828638487683,120.925,109.80171361512316,-3.2687933400499105,-2.6688427391198677,-0.5999506009300428
2024-12-23,2449,19470106,2255705009,117.0,118.0,114.5,115.5,-1.0,10047,114.60000000000002,115.4,120.3,54.63283796617126,43.34357215494169,42.56866901636679,41.5908541788235,131.16462148443222,120.3,109.43537851556778,-3.1858798249980396,-2.772250156295502,-0.4136296687025376
2024-12-24,2449,12445419,1441282652,117.0,118.5,114.0,114.0,-1.5,7201,115.50000000000003,115.05,119.725,55.60303893637223,52.4219508715633,38.26424261489807,39.59960585273439,130.64505036618377,119.725,108.80494963381622,-3.2042708906981545,-2.8586543031760323,-0.3456165875221222
2024-12-25,2449,10570232,1232248907,115.5,117.5,114.5,117.0,3.0,7073,115.80000000000003,115.05,119.425,57.69230769230765,55.97606153161711,50.04956078466487,45.245845885761184,130.2982469851463,119.425,108.55175301485367,-2.942847698403966,-2.875492982221619,-0.06735471618234712
2024-12-26,2449,7979481,925888074,117.0,117.5,115.5,115.5,-1.5,4268,115.70000000000002,115.0,119.025,57.69230769230765,56.995884773662574,45.03459902837697,43.07751814506715,129.857705109989,119.025,108.19229489001101,-2.8241503517529196,-2.865224456127879,0.0410741043749594
2024-12-27,2449,4449001,514183030,116.0,117.0,115.0,115.5,0.0,3149,115.50000000000003,114.65,118.475,66.11721611721607,60.50061050061053,45.03459902837697,43.077518145067145,128.84068859265932,118.475,108.10931140734068,-2.698969805496361,-2.8319735260015753,0.13300372050521414
2024-12-30,2449,21044704,2356241133,116.0,116.0,110.0,110.0,-5.5,15504,114.40000000000002,114.5,117.625,46.54906497011757,56.786196259880505,30.021628983784176,35.7848533324151,127.84202011351597,117.625,107.40797988648403,-3.008882827027591,-2.8673553862067784,-0.1415274408208127
2024-12-31,2449,17057829,1901448331,110.0,112.5,109.0,111.5,1.5,7481,113.90000000000002,114.7,116.825,36.09022556390974,49.5855022170812,36.7324645010925,38.82652267081469,126.30273707168462,116.825,107.34726292831539,-3.097744791736943,-2.9134332673128114,-0.1843115244241318
2025-01-02,2449,9502555,1071699065,111.5,114.0,111.5,113.0,1.5,5063,113.10000000000002,114.45,116.175,26.315789473684177,36.318360002570564,43.09868739805662,41.795557798989556,124.79053828846384,116.175,107.55946171153616,-3.012405934552106,-2.9332278007606702,-0.0791781337914359
2025-01-03,2449,9594587,1092019953,113.5,115.0,112.5,113.5,0.5,6366,112.70000000000002,114.2,115.525,38.59649122807014,33.667502088554755,45.24147060369709,42.79227121185183,122.78085970095738,115.525,108.26914029904263,-2.8713295543126804,-2.9208481514710725,0.04951859715839202
2025-01-06,2449,10615652,1228017879,114.5,117.0,114.0,116.5,3.0,6525,112.90000000000002,114.2,115.075,56.14035087719295,40.350877192982495,56.66484359447615,48.49165261368897,120.74311256063143,115.075,109.40688743936857,-2.4887616831357633,-2.8344308578040107,0.3456691746682474
2025-01-07,2449,31729949,3838809275,119.0,123.5,118.0,119.5,3.0,19120,114.80000000000003,114.6,115.0,66.24319419237746,53.66001209921359,65.14736538867747,53.482497659904936,120.38516480713315,115.0,109.61483519286685,-1.9213508247135564,-2.65181485118592,0.7304640264723634
2025-01-08,2449,12173523,1450171399,118.5,120.0,118.0,119.0,-0.5,13584,116.30000000000003,115.1,115.075,73.44222625529336,65.27525710828799,62.758706478891035,52.568271590470474,120.63624985951816,115.075,109.51375014048185,-1.494788461850419,-2.42040957331882,0.9256211114684008
2025-01-09,2449,14349934,1720118165,120.0,122.0,117.5,118.5,-0.5,8440,117.40000000000002,115.25,115.15,68.96551724137927,69.55031256301676,60.18424221428751,51.61804290236539,120.85175411605829,115.15,109.44824588394172,-1.1834385939451124,-2.173015377444078,0.9895767834989657
2025-01-10,2449,8370147,999240268,118.0,121.0,117.5,119.0,0.5,5481,118.50000000000003,115.6,115.3,67.81609195402295,70.0746118168986,62.00273671433496,52.541888879988896,121.23632883186154,115.3,109.36367116813845,-0.8861309926637944,-1.9156385004880214,1.029507507824227
2025-01-13,2449,18298004,2091929627,118.0,118.5,112.0,112.0,-7.0,11076,117.60000000000002,115.25,114.95,51.72413793103444,62.83524904214563,35.5115483756077,40.79682832483892,120.79722156241644,114.95,109.10277843758357,-1.2015038863304142,-1.7728115776564999,0.5713076913260857
2025-01-14,2449,15190754,1694054476,111.5,113.0,110.5,111.5,-0.5,10016,116.00000000000003,115.4,114.95,32.44916003536689,50.66312997347484,34.29063497002848,40.10717895745872,120.79722156241644,114.95,109.10277843758357,-1.47478459918797,-1.713206181962794,0.23842158277482395
2025-01-15,2449,19355449,2103600048,111.5,113.0,106.5,107.5,-4.0,15610,113.70000000000002,115.0,114.85,11.421438601965939,31.864912189455833,25.960310573459218,35.00857739491871,121.11976873576612,114.85,108.58023126423387,-1.9911750767921603,-1.7687999609286673,-0.222375115863493
2025-01-16,2449,16306611,1791784904,110.5,112.0,108.5,109.0,1.5,9287,111.80000000000003,114.6,114.525,9.426847662141732,17.765815433158263,33.07347310627305,38.18222206346648,121.2812933624869,114.525,107.7687066375131,-2.253404937287854,-1.8657209562005046,-0.3876839810873496
2025-01-17,2449,11361192,1251345202,110.0,112.0,108.5,111.0,2.0,6910,110.20000000000002,114.35,114.275,15.686274509803873,12.178186924637258,41.77495991846412,42.23271285778861,121.16321457273075,114.275,107.38678542726926,-2.2736316948011392,-1.9473031039206314,-0.3263285908805078
2025-01-20,2449,10510012,1188953091,111.0,115.0,110.5,114.0,3.0,6904,110.60000000000002,114.1,114.15,29.8545224541429,18.322548208696244,52.56720791626434,47.76185722741712,120.9624885320991,114.15,107.33751146790091,-2.024252297470497,-1.9626929426306046,-0.06155935483989228
2025-01-21,2449,6137896,701013152,114.0,115.0,113.5,114.0,0.0,3891,111.10000000000002,113.55,114.075,41.08159392789369,28.87413029728023,52.56720791626434,47.76185722741712,120.85935700711492,114.075,107.29064299288508,-1.805801176513782,-1.93131458940724,0.12551341289345808
2025-01-22,2449,8525478,967267996,115.0,115.5,112.0,113.5,-0.5,5641,112.30000000000003,113.0,114.05,48.35001853911749,39.762044973718105,50.44605650039696,46.89426862054422,120.83896162899667,114.05,107.26103837100332,-1.653957122470615,-1.875843096019915,0.22188597354929995
2025-02-03,2449,28435940,2932573455,103.5,105.0,102.5,102.5,-11.0,22620,111.00000000000003,111.4,113.325,32.22098628105298,40.550866249354804,24.780917716479678,32.784757321453704,121.62725872880287,113.325,105.02274127119713,-2.3936353465397104,-1.979401546123874,-0.41423380041583635
2025-02-04,2449,40468911,4026636830,102.5,102.5,98.0,98.1,-4.4,27358,108.42000000000003,109.30999999999999,112.455,16.28243021346464,32.284478344545114,20.026226659281246,29.023088897262955,123.00554027052578,112.455,101.90445972947421,-3.2968745779723037,-2.24289615249356,-1.0539784254787437
2025-02-05,2449,23838984,2421929647,99.4,103.0,99.2,101.5,3.4,13248,105.92000000000003,108.25999999999999,111.755,6.8571428571428,18.453519783886886,31.819587162931207,35.20939619832053,123.2224277848168,111.755,100.28757221518319,-3.6957443509981545,-2.533465792194479,-1.1622785588036755
2025-02-06,2449,23208977,2440776202,102.5,107.0,102.5,106.5,5.0,14161,104.42000000000003,107.75999999999999,111.58,23.04761904761899,15.395730706075554,45.58644845908947,43.06801926859743,123.25417663049444,111.58,99.90582336950555,-3.567272015323269,-2.740227036820237,-0.8270449785030318
2025-02-07,2449,10541909,1132398288,106.0,108.5,105.5,108.5,2.0,6757,103.42000000000003,107.85999999999999,111.42999999999999,42.85714285714281,24.253968253968278,50.27222051559501,45.89496077566358,123.1812722715455,111.42999999999999,99.67872772845449,-3.2664202193919607,-2.845465673334582,-0.4209545460573789
2025-02-10,2449,11376518,1229211553,107.0,109.5,106.0,107.5,-1.0,6700,104.42000000000003,107.71,111.155,54.28571428571424,40.063492063492085,47.86767388980498,44.69981483531493,123.00345559556125,111.155,99.30654440443875,-3.0732580405923215,-2.8910241467861297,-0.18223389380619182
2025-02-11,2449,10106103,1093479370,108.0,109.0,107.5,108.0,0.5,5702,106.40000000000002,107.41,110.88,57.14285714285709,51.42857142857145,49.28274310980573,45.46451260610966,122.75326408364573,110.88,99.00673591635426,-2.8470112276798716,-2.882221562964878,0.03521033528500661
2025-02-12,2449,8427943,908304244,108.0,108.5,106.5,108.0,0.0,5065,107.70000000000002,106.80999999999999,110.455,56.19047619047614,55.8730158730159,49.28274310980573,45.46451260610966,122.09947937865773,110.455,98.81052062134226,-2.6373077562791707,-2.833238801627737,0.1959310453485661
2025-02-13,2449,12808629,1400652819,108.0,111.0,107.5,109.5,1.5,6574,108.30000000000003,106.35999999999999,109.955,67.58241758241752,60.305250305250325,54.34321211557025,47.9678843448689,120.83681510594556,109.955,99.07318489405444,-2.323297255822453,-2.73125049246668,0.4079532366442269
2025-02-14,2449,17810092,1997002232,111.5,114.0,110.5,112.0,2.5,9547,109.00000000000003,106.21,109.60499999999999,77.70146520146514,67.15811965811967,61.76189652312848,51.92853836360265,119.72418474977091,109.60499999999999,99.48581525022907,-1.8513711115236333,-2.5552746162780706,0.7039035047544373
2025-02-17,2449,12763039,1441747707,111.0,114.5,111.0,114.0,2.0,7109,110.30000000000003,107.35999999999999,109.38,90.89785486844305,78.72724588410864,66.79727427717472,54.88703745240554,118.87917891188425,109.38,99.88082108811574,-1.3009860000470752,-2.3044168930318714,1.0034308929847962
2025-02-18,2449,9836553,1125040603,113.0,115.5,112.5,115.0,1.0,5785,111.70000000000002,109.05,109.17999999999999,93.4619574325456,87.35375916748467,69.1658358893079,56.33408036809174,118.00510056599894,109.17999999999999,100.35489943400104,-0.7751744625649053,-1.9985684069384781,1.2233939443735729
2025-02-19,2449,9567014,1101925045,114.5,116.0,114.0,115.0,0.0,5880,113.10000000000002,110.4,109.33,94.4540209246091,92.93794440853264,69.16583588930791,56.33408036809174,118.43913826879277,109.33,100.22086173120722,-0.3543799592661685,-1.6697307174040161,1.3153507581378476
2025-02-20,2449,15951437,1799994832,115.0,116.0,112.0,112.0,-3.0,10361,113.60000000000002,110.95,109.35499999999999,82.21001221001215,90.04199685572235,53.563357926626765,50.6782978103153,118.49052954130158,109.35499999999999,100.2194704586984,-0.25997537737382004,-1.3877796493979768,1.1278042720241568
2025-02-21,2449,16088403,1832990115,112.5,116.5,111.5,115.5,3.5,8674,114.30000000000003,111.65,109.755,80.15873015873011,85.60758776445051,64.47191535041739,56.20286963511322,119.22505279816266,109.755,100.28494720183733,0.09615328795351274,-1.0909930619276789,1.1871463498811916
2025-02-24,2449,14112052,1615912626,114.5,116.0,113.5,114.0,-1.5,8991,114.30000000000003,112.3,110.005,74.99999999999994,79.12291412291414,57.69524247413402,53.4401541136838,119.64460061413266,110.005,100.36539938586733,0.254417589415624,-0.8219109316590183,1.0763285210746423
2025-02-25,2449,16132564,1795889422,112.5,112.5,110.5,111.0,-3.0,9528,113.50000000000003,112.6,110.005,67.9629629629629,74.37389770723105,46.33196830743628,48.323876284731725,119.64460061413266,110.005,100.36539938586733,0.1361982519353404,-0.6302890949401465,0.7664873468754869
2025-02-26,2449,9411166,1043977754,110.5,112.0,110.0,111.0,0.0,6356,112.70000000000002,112.9,109.85499999999999,43.091168091168036,62.01804368471036,46.33196830743627,48.32387628473172,119.33328570997895,109.85499999999999,100.37671429002103,0.0420241470498155,-0.49582644654215413,0.5378505935919696
2025-02-27,2449,16447740,1786713976,111.5,112.5,107.0,107.5,-3.5,11578,111.80000000000003,112.7,109.53,19.845554056080314,43.63322837007049,35.29369816491842,42.78192282509437,118.86211658735499,109.53,100.19788341264501,-0.31144017041947336,-0.45894919131761797,0.1475090208981446
2025-03-03,2449,19478970,2004691092,103.0,105.5,101.0,102.5,-5.0,15857,109.20000000000002,111.75,108.97999999999999,10.108397544730254,24.348373230659604,25.262623432462,36.36569663845779,118.60342974204053,108.97999999999999,99.35657025795945,-0.9836821266085849,-0.5638957783758114,-0.4197863482327735
2025-03-04,2449,13354650,1365585669,100.0,104.0,100.0,104.0,1.5,9290,107.20000000000002,110.75,109.05499999999999,13.061000497333206,14.338317366047994,32.024549776696304,39.306509687831024,118.49692247373365,109.05499999999999,99.61307752626634,-1.3794992475361312,-0.7270164722078754,-0.6524827753282558
2025-03-05,2449,9201735,961312719,104.0,105.5,103.5,104.0,0.0,5804,105.80000000000003,109.65,109.35,19.387422613229006,14.185606885097556,32.0245497766963,39.306509687831024,117.71122000667344,109.35,100.98877999332655,-1.6738915873222595,-0.9163914952307521,-0.7575000920915074
2025-03-06,2449,13629781,1407670168,104.5,105.0,102.5,102.5,-1.5,8511,104.10000000000002,108.4,109.4,21.21212121212115,17.88684810756119,28.5132141584327,37.30694623280058,117.58290901819058,109.4,101.21709098180943,-2.0051232884387673,-1.1341378538723552,-0.8709854345664121
2025-03-07,2449,8579934,878951510,101.0,103.5,101.0,102.0,-0.5,6129,103.00000000000003,107.4,109.175,17.29797979797974,19.299174541110034,27.347138488511597,36.63788701704749,117.89437497759955,109.175,100.45562502240044,-2.281670937023634,-1.363644470502611,-0.9180264665210229
2025-03-10,2449,11263932,1163892787,103.0,105.0,101.5,104.0,2.0,5438,103.30000000000003,106.25,108.95,19.883838383838324,19.464646464646474,38.990644596441,41.18181218346582,117.95499861188118,108.95,99.94500138811883,-2.3127932151226105,-1.553474219426611,-0.7593189956959996
2025-03-11,2449,14530681,1470180102,102.0,102.5,99.3,102.0,-2.0,8017,102.90000000000002,105.05,108.675,21.6515151515151,19.611111111111125,32.8488175587429,38.229357746851605,118.16328224706606,108.675,99.18671775293393,-2.4703643080477633,-1.7368522371508415,-0.7335120708969218
2025-03-12,2449,4561206,468157136,102.5,103.5,102.0,102.0,0.0,3397,102.50000000000003,104.15,108.375,24.303030303030255,21.946127946127962,32.8488175587429,38.229357746851605,118.29908685975633,108.375,98.45091314024367,-2.5656651437236206,-1.9026148184653973,-0.6630503252582234
2025-03-13,2449,6198178,630231015,103.0,104.0,100.0,100.5,-1.5,5304,102.10000000000002,103.1,108.0,20.087976539589405,22.014173998044992,28.298376169572215,35.98530253021143,118.50238068249234,108.0,97.49761931750766,-2.730750811062549,-2.0682420169848275,-0.6625087940777217
2025-03-14,2449,12746313,1271571231,101.0,101.5,98.9,99.7,-0.8,9825,101.64000000000001,102.32000000000001,107.50999999999999,17.310198761811613,20.567068534810495,26.05277183749121,34.811636883272776,118.58554061885889,107.50999999999999,96.4344593811411,-2.892789430076675,-2.233151499603197,-0.6596379304734783
2025-03-17,2449,9127614,914476014,100.5,101.5,99.5,99.5,-0.2,5758,100.74000000000002,102.02000000000001,106.88499999999999,13.522319973932794,16.97349842511134,25.463419188369702,34.5086167546224,118.2825918509129,106.88499999999999,95.48740814908709,-3.0027309187050975,-2.387067383423577,-0.6156635352815205
2025-03-18,2449,12570581,1251301065,100.0,100.5,98.5,99.7,0.2,9815,100.28000000000002,101.59,106.16999999999999,13.224553224553143,14.685690653432587,27.379987971319984,35.11684096533659,117.4863775122608,106.16999999999999,94.85362248773917,-3.03869384092161,-2.5173926749231836,-0.5213011659984264
2025-03-19,2449,9092990,900770015,99.5,100.5,98.4,98.4,-1.3,9198,99.56000000000002,101.03,105.33999999999999,9.184149184149113,11.97700746087842,22.912291882799217,32.973261967787856,116.37565131743457,105.33999999999999,94.3043486825654,-3.13594463364484,-2.641103066667515,-0.4948415669773252
2025-03-20,2449,18161176,1823619073,99.2,102.0,98.7,101.0,2.6,11102,99.66000000000001,100.88000000000001,104.63999999999999,19.285159285159224,13.897953897953897,44.169232286921726,40.76155655251982,114.88351502170985,104.63999999999999,94.39648497829012,-2.968993606477639,-2.70668117462954,-0.26231243184809916
2025-03-21,2449,15303857,1526001681,101.0,101.0,98.3,100.5,-0.5,9770,99.82000000000002,100.73,104.06499999999998,25.996810207336456,18.155372892215002,41.59582342055143,39.80370302550542,113.87321594378906,104.06499999999998,94.2567840562109,-2.8442428745776596,-2.7341935146191636,-0.11004935995849596
2025-03-24,2449,8178608,811167915,100.5,101.0,98.6,98.6,-1.9,6607,99.64000000000001,100.19000000000001,103.21999999999998,27.751196172248722,24.34438855491487,33.057238539459334,36.31178367086644,111.7737360258541,103.21999999999998,94.66626397414586,-2.8656576245183913,-2.7604863365990093,-0.10517128791938202
2025-03-25,2449,13218579,1292775960,99.8,100.5,95.5,97.7,-0.9,11059,99.24000000000001,99.76000000000002,102.40499999999997,23.247334021327774,25.665113466971054,29.68924655948027,34.756360333359375,109.70992299754148,102.40499999999997,95.10007700245846,-2.921573367354924,-2.7927037427501924,-0.1288696246047314
2025-03-26,2449,9587194,942076155,98.0,99.5,97.3,98.0,0.3,5427,99.16000000000001,99.36000000000001,101.75499999999997,23.20234976581719,24.7336266531313,32.368887137255385,35.7444023746399,108.14075759013821,101.75499999999997,95.36924240986173,-2.9081560904621426,-2.8157942122925825,-0.0923618781695601
2025-03-27,2449,11788944,1129579005,97.2,97.2,95.1,95.1,-2.9,10237,97.98000000000002,98.82000000000002,100.95999999999997,21.447963800904926,22.6325491960167,22.638564956287325,30.876646437948946,106.4384669388452,100.95999999999997,95.48153306115474,-3.0958416303272003,-2.871803695899506,-0.22403793442769437
2025-03-28,2449,14128779,1317438807,94.8,95.3,92.3,92.3,-2.8,10763,96.34000000000002,98.08000000000001,100.19999999999996,12.820512820512755,19.156942129078363,16.911930515999853,27.04679999666184,106.0436290094446,100.19999999999996,94.35637099055532,-3.4309702825824075,-2.9836370132360863,-0.4473332693463212
2025-03-31,2449,22275390,1973319981,88.2,91.0,87.4,87.7,-4.6,15610,94.16000000000003,96.9,99.45999999999997,0.684931506849245,11.651136042755715,11.38974358306784,22.179505912428578,107.34350176000603,99.45999999999997,91.5764982399939,-4.021387656485132,-3.1911871418858953,-0.8302005145992366
2025-04-01,2449,13762885,1233838585,89.0,91.0,87.8,90.8,3.1,8591,92.78000000000003,96.01,98.79999999999997,8.447488584474799,7.317644303945673,29.491146090936947,31.16916607963049,107.24298525404498,98.79999999999997,90.35701474595496,-4.190844144226745,-3.3911185423540653,-0.7997256018726793
2025-04-02,2449,6270535,576163512,91.4,92.5,90.5,92.1,1.3,5058,91.60000000000002,95.38000000000001,98.20499999999996,19.96709642761203,9.69983883964543,35.897777890200814,34.58198312402455,106.77459158886965,98.20499999999996,89.63540841113026,-4.172146587394948,-3.547324151362242,-0.6248224360327064
2025-04-07,2449,1271393,105398048,82.9,82.9,82.9,82.9,-9.2,1918,89.16000000000001,93.57000000000001,97.22499999999997,19.28216492076272,15.898916644283256,20.51066549577122,25.09788150374255,107.84363927252548,97.22499999999997,86.60636072747445,-4.84385480825442,-3.8066302827406777,-1.0372245255137424
2025-04-08,2449,17961140,1343252431,74.7,76.0,74.7,74.7,-8.2,12029,85.64000000000001,90.99000000000001,95.85999999999997,11.519607843137166,16.92295639717071,14.18716059492856,19.867815869943207,110.08032348436622,95.85999999999997,81.63967651563372,-5.96905236239499,-4.23911469867154,-1.72993766372345
2025-04-09,2449,25965645,1902962249,78.4,78.4,70.0,71.8,-2.9,15587,82.46000000000001,88.31,94.24999999999997,2.0338983050846786,10.945223689661596,12.586124686111354,18.406917610028156,111.40733079473661,94.24999999999997,77.09266920526333,-7.013933040284087,-4.794078366994049,-2.2198546732900377
2025-04-10,2449,3110722,245435884,78.9,78.9,78.9,78.9,7.1,1295,80.08000000000001,86.42999999999999,93.09499999999997,12.940761050182724,8.831422399468265,33.894499444223946,31.656753130584647,111.09916340739045,93.09499999999997,75.09083659260949,-7.186259120792258,-5.272514517753691,-1.913744603038567
2025-04-11,2449,17869791,1427427509,77.6,83.0,73.8,83.0,4.1,17489,78.26000000000002,84.92999999999999,92.14499999999997,30.06856078667812,15.014406713981915,43.21936344801763,37.925497837183514,110.17447309268948,92.14499999999997,74.11552690731045,-6.91231221383093,-5.600474056969139,-1.311838156861791
2025-04-14,2449,17010028,1468440993,86.5,88.5,84.9,85.2,2.2,12632,78.72000000000001,83.94,91.37999999999997,50.5531810001119,31.187500945657657,47.82659172124079,41.05007832225522,109.22394575199164,91.37999999999997,73.5360542480083,-6.443410082008455,-5.7690612619770025,-0.6743488200314527
2025-04-15,2449,8118907,700273374,85.5,87.1,84.3,86.4,1.2,6486,81.06000000000002,83.35,90.71499999999997,63.94261455131016,48.188118779366796,50.38829588093908,42.74305089620633,108.25789314793909,90.71499999999997,73.17210685206086,-5.906880946455146,-5.796625198872631,-0.11025574758251544
2025-04-16,2449,6953127,590222882,85.0,86.4,84.0,84.0,-2.4,10027,83.50000000000001,82.97999999999999,89.93999999999997,67.5555555555555,60.68378370232593,45.20888519653122,40.25315443082456,107.22969635360938,89.93999999999997,72.65030364639055,-5.610661470492232,-5.759432453196551,0.14877098270431866
2025-04-17,2449,9421782,775338562,83.0,83.9,81.4,81.7,-2.3,7376,84.06,82.07000000000001,89.03999999999998,66.11811811811806,65.87209607499466,40.548817217379764,37.970384994792845,106.07589152348685,89.03999999999998,72.00410847651311,-5.498117305900294,-5.7071694237373,0.20905211783700572
2025-04-18,2449,7098979,592449232,82.5,84.6,82.5,82.8,1.1,5151,84.02000000000001,81.14,88.25999999999996,64.88488488488481,66.1861861861862,43.78217759535388,39.7307686000967,104.93493928024986,88.25999999999996,71.58506071975006,-5.259535783147072,-5.617642695619255,0.3581069124721825
2025-04-21,2449,4297396,351050627,82.9,83.4,80.4,80.4,-2.4,4084,83.06000000000002,80.89,87.22999999999998,62.882882882882825,64.62862862862865,38.458074081714976,37.24704484345763,103.15810095397478,87.22999999999998,71.30189904602517,-5.204128199415663,-5.534939796378536,0.33081159696287266
2025-04-22,2449,7162639,578317076,79.5,82.5,79.3,79.3,-1.1,5380,81.64000000000001,81.35,86.16999999999997,54.27345713059992,60.68040829945594,36.11003523560427,36.13214414976193,101.22218920954724,86.16999999999997,71.11781079045271,-5.1891606828236405,-5.465783973667557,0.2766232908439168
2025-04-23,2449,10402829,862081936,82.0,84.5,81.3,83.2,3.9,7440,81.48000000000002,82.49,85.39999999999998,52.52558681130105,56.56064227492802,48.99182584754558,42.682815594188334,99.36638822315949,85.39999999999998,71.43361177684046,-4.807187150646712,-5.334064609063388,0.526877458416676
2025-04-24,2449,9007750,745073139,83.7,83.9,82.0,82.0,-1.2,6869,81.54000000000002,82.8,84.61499999999998,43.56945676821448,50.12283357003857,45.68521782155621,41.27986283034879,97.44656654504841,84.61499999999998,71.78343345495155,-4.548863874432342,-5.177024462137179,0.6281605877048362
2025-04-25,2449,14809590,1253900078,84.0,85.7,83.3,84.5,2.5,11098,81.88000000000002,82.95,83.93999999999997,53.32002366163854,49.80502241371811,53.33964478140377,45.31277982068996,95.209321186301,83.93999999999997,72.67067881369894,-4.095204739228123,-4.960660517555367,0.8654557783272443
2025-04-28,2449,13151376,1154029652,85.7,88.7,85.4,88.0,3.5,10354,83.40000000000002,83.22999999999999,83.58499999999998,62.85589474766158,53.24845839250495,62.07033327520456,50.44421985528283,93.82614739665462,83.58499999999998,73.34385260334534,-3.4139025137635315,-4.651308916797,1.2374064030334688
2025-04-29,2449,11655636,1019910031,87.1,88.2,86.3,87.6,-0.4,11669,85.06000000000002,83.35,83.34999999999998,82.50591016548454,66.22727619159497,60.5594832718416,49.8683097635305,92.9777723280104,83.34999999999998,73.72222767198956,-2.8731226788409714,-4.295671669205794,1.422548990364823
2025-04-30,2449,7157145,624419666,88.3,88.3,86.6,86.8,-0.8,5875,85.78000000000002,83.63,83.30499999999998,86.87943262411333,77.41374584575323,57.30482604469627,48.67147965176507,92.85915616368088,83.30499999999998,73.75084383631908,-2.4805102990145826,-3.932639395167552,1.4521290961529694
2025-05-02,2449,7558708,660703901,88.0,88.0,86.8,87.3,0.5,4653,86.84000000000002,84.18999999999998,83.12999999999997,84.39716312056723,84.59416863672178,58.91485871013793,49.48744533283304,92.24681962089902,83.12999999999997,74.01318037910092,-2.1047540436062633,-3.567062324855294,1.462308281249031
2025-05-05,2449,7772071,669558301,87.6,88.2,84.5,86.7,-0.6,5582,87.28000000000002,84.58,82.85999999999999,81.20567375886513,84.16075650118198,55.96048515861845,48.49125459834853,91.18355693198515,82.85999999999999,74.53644306801482,-1.8342355638008172,-3.2204969726443986,1.3862614088435814
2025-05-06,2449,5947443,521185726,86.5,88.4,86.3,87.2,0.5,5357,87.12000000000002,85.26,83.07499999999997,81.18650565459068,82.26311417800775,58.00775551512752,49.4052755177549,91.6110119493826,83.07499999999997,74.53898805061735,-1.5615018766164752,-2.8886979534388137,1.3271960768223385
2025-05-07,2449,4583243,399662854,87.2,87.9,86.2,87.1,-0.1,4085,87.02000000000002,86.04,83.69499999999996,78.19084565670772,80.19434169005459,57.38529745549425,49.21716786597738,91.47561051589227,83.69499999999996,75.91438948410766,-1.3380039521658915,-2.578559153184229,1.2405552010183376
2025-05-08,2449,8692168,775361211,88.0,90.2,88.0,89.3,2.2,7533,87.52000000000002,86.65,84.56999999999996,80.93521815131145,80.10418982087003,66.58767754895023,53.41909416241629,90.52486355847138,84.56999999999996,78.61513644152855,-0.9721522569163881,-2.257277773930661,1.285125517014273
2025-05-09,2449,7118048,635372114,89.9,90.5,88.1,89.8,0.5,6132,88.02000000000002,87.42999999999999,85.11499999999997,83.80308601917929,80.9763832757329,68.39718583620392,54.343715863132005,90.88675016784455,85.11499999999997,79.34324983215538,-0.634551615260321,-1.932732542196593,1.298180926936272
2025-05-12,2449,24525745,2308259468,91.3,96.8,91.1,93.8,4.0,16620,89.44000000000003,88.35999999999999,85.65499999999996,83.63320372334145,82.79050263127748,79.00793181139973,61.01131406346435,92.46219472323364,85.65499999999996,78.84780527676628,-0.043730011509723,-1.5549320360592191,1.5112020245494961
2025-05-13,2449,22767327,2117882877,95.1,95.2,91.5,91.6,-2.2,16801,90.32000000000002,88.72,85.97499999999995,73.88888888888877,80.44172621046991,65.00347646503025,56.15399234170223,93.25205297493599,85.97499999999995,78.69794702506391,0.2441641795941365,-1.195112792928548,1.4392769725226846
2025-05-14,2449,39475169,3872271516,93.0,100.5,92.9,100.5,8.9,28449,93.00000000000003,90.00999999999999,86.67999999999995,77.77777777777767,78.4332901300027,80.94477562775916,67.44545359231283,96.3302020704245,86.67999999999995,77.0297979295754,1.1769113187257148,-0.7207079705976955,1.8976192893234103
2025-05-15,2449,27126427,2664734772,99.8,99.8,96.8,98.2,-2.3,24452,94.78000000000002,91.15,87.38999999999996,81.11619241192402,77.59428635953022,71.17052252866057,62.93485827818447,98.17033394659074,87.38999999999996,76.60966605340917,1.7108082360655459,-0.23440472926504724,1.9452129653305932
2025-05-16,2449,10366876,1018372727,98.0,99.4,97.5,97.8,-0.4,7701,96.38000000000002,92.2,88.19499999999995,88.91462703962695,82.6028657431096,69.46851408018108,62.15631407432105,99.54497356825203,88.19499999999995,76.84502643174787,2.077698319610249,0.22801588051001204,1.849682439100237
2025-05-19,2449,11364697,1095895409,97.5,98.1,95.6,95.6,-2.2,8540,96.74000000000001,93.09,88.83499999999995,77.49271561771552,82.5078450230889,60.226646934512765,57.91290645932222,100.33843861634494,88.83499999999995,77.33156138365496,2.165971766038595,0.6156070576157286,1.5503647084228664
2025-05-20,2449,12957372,1250102920,96.6,97.5,95.6,95.7,0.1,8457,97.56,93.94,89.59999999999994,69.48438228438219,78.63057498057496,60.50528140581074,58.05308821476265,100.78856559171126,89.59999999999994,78.41143440828861,2.2184256426871514,0.9361707746300132,1.2822548680571382
2025-05-21,2449,11433097,1111243438,96.1,97.9,95.6,97.8,2.1,7363,97.02000000000001,95.00999999999999,90.52499999999995,68.52002406195946,71.83237398801913,66.29096913606605,60.99145677783062,101.20168019564214,90.52499999999995,79.84831980435776,2.4017621484068314,1.2292890493853768,1.1724730990214547
2025-05-22,2449,10916825,1059994623,96.8,97.6,96.6,97.1,-0.7,6411,96.8,95.78999999999999,91.21999999999994,67.88519789521838,68.62986808052007,62.717965463194915,59.495383139388245,101.70686797857334,91.21999999999994,80.73313202142654,2.462190896211041,1.4758694187505097,0.9863214774605313
2025-05-23,2449,8356023,810671098,96.8,97.8,96.6,96.8,-0.3,5520,96.6,96.49,91.95999999999994,66.98149419151467,67.79557204956423,61.072108781433684,58.82936505293398,101.80934515589908,91.95999999999994,82.1106548441008,2.457544577297412,1.67220445045989,0.785340126837522
2025-05-26,2449,5502431,528852139,96.3,97.0,95.5,95.8,-1.0,4231,96.64,96.69,92.52499999999993,53.62552361992437,62.83073856888586,55.416673450663076,56.556625475049806,101.88189585279378,92.52499999999993,83.1681041472061,2.3461260131651187,1.8069887630009358,0.5391372501641829
2025-05-27,2449,6059796,580818249,96.0,96.8,95.1,95.3,-0.5,4534,96.56,97.05999999999999,92.88999999999993,33.76736759155561,51.45812846766494,52.57658235263188,55.40409591237629,102.08040804317363,92.88999999999993,83.69959195682623,2.192209747669267,1.884032959934602,0.30817678773466506
2025-05-28,2449,9974573,957104363,96.5,97.2,94.1,95.3,0.0,6728,96.06,96.53999999999999,93.27499999999993,21.68490777324675,36.3592663282423,52.57658235263188,55.40409591237629,102.18765953574018,93.27499999999993,84.36234046425969,2.046637633703355,1.9165538946883527,0.13008373901500248
2025-05-29,2449,20594292,2006442816,96.2,99.4,95.8,97.0,1.7,11683,96.04,96.41999999999999,93.78499999999994,27.204603238324562,27.552292867709028,61.66790160413418,58.721092774326465,102.31641840493255,93.78499999999994,85.25358159506733,2.0448744374770342,1.942218003246089,0.10265643423094528
2025-06-02,2449,16083202,1500214699,96.0,96.8,92.0,92.5,-4.5,12296,95.18,95.88999999999999,94.04499999999993,28.038415774264738,25.6426422619454,38.735365029438796,48.448526794350585,102.07207294099359,94.04499999999993,86.01792705900627,1.6612152445649429,1.8860174515098598,-0.22480220694491693
2025-06-03,2449,10931951,1032492727,92.5,96.1,92.5,95.7,3.2,7271,95.16,95.89999999999999,94.49499999999993,37.15791262961065,30.800310547400034,53.180051250417584,54.538937002693864,101.80129180912049,94.49499999999993,87.18870819087938,1.5969669852228208,1.828207358252452,-0.2312403730296313
2025-06-04,2449,15965274,1568234673,96.8,99.2,96.8,97.8,2.1,10135,95.66,96.10999999999999,95.02499999999993,45.04504504504492,36.74712448297348,60.339401809820714,58.04219575828139,101.64311906813575,95.02499999999993,88.40688093186412,1.6959523434564971,1.8017563552932612,-0.10580401183676402
2025-06-05,2449,16945323,1682143789,97.6,100.5,97.4,99.3,1.5,12434,96.46000000000001,96.25999999999998,95.63499999999993,71.42024377318482,51.207733815946845,64.82202546352912,60.3901645267543,101.41471452582432,95.63499999999993,89.85528547417555,1.873836001976258,1.8161722846298605,0.057663717346397636
2025-06-06,2449,9992490,989051083,98.5,100.5,98.1,99.0,-0.3,9992,96.86,96.44999999999997,96.11999999999993,82.20455749867502,66.22328210563496,63.15643804439047,59.670952055373874,101.28743650178917,96.11999999999993,90.9525634982107,1.9679176603381592,1.8465213597715202,0.12139630056663897
2025-06-09,2449,14707680,1485586137,99.4,102.0,99.4,102.0,3.0,9561,98.76,96.96999999999998,96.72999999999993,89.41176470588225,81.0121886592474,71.65383542600728,64.25539135355277,101.64328810472354,96.72999999999993,91.81671189527633,2.2585181885665833,1.9289207255305327,0.32959746303605053
2025-06-10,2449,18291510,1884293718,102.0,104.0,101.0,103.5,1.5,10348,100.32000000000001,97.73999999999998,97.21499999999995,92.72875816993455,88.11502679149731,75.01520935289416,66.31712294162301,102.7511629311292,97.21499999999995,91.67883706887069,2.5801166857419275,2.0591599175728117,0.5209567681691158
2025-06-11,2449,18049529,1813443907,102.5,103.5,99.5,99.5,-4.0,12438,100.66,98.16,97.60999999999994,86.11111111111101,89.417211328976,54.798627589098935,56.89313243583661,102.58630384924591,97.60999999999994,92.63369615075398,2.4835899620389483,2.144045926466039,0.33954403557290913
2025-06-12,2449,9988586,996764052,99.1,100.5,98.8,100.0,0.5,6169,100.8,98.63,97.58499999999995,74.9999999999999,84.61328976034854,56.50795414885709,57.7022673608878,102.50771266681333,97.58499999999995,92.66228733318657,2.4195466319350203,2.1991460675598353,0.22040056437518496
2025-06-13,2449,11965239,1206203918,99.2,102.0,99.0,101.5,1.5,7411,101.3,99.08,97.74999999999994,69.1425120772946,76.75120772946855,61.59152135258903,60.1206682424394,102.95711052312272,97.74999999999994,92.54288947687716,2.461455172372851,2.2516078885224386,0.2098472838504124
2025-06-16,2449,8412338,853351448,100.5,102.5,100.0,102.5,1.0,4935,101.4,100.08,97.98499999999994,74.69806763285015,72.9468599033816,64.79227484397067,61.693134190067354,103.58902533898781,97.98499999999994,92.38097466101208,2.546010807503663,2.3104884723186836,0.23552233518497934
2025-06-17,2449,16849195,1741237426,103.0,104.5,102.0,103.0,0.5,9355,101.3,100.80999999999999,98.35499999999995,78.7669252228345,74.20250164432646,66.42444386862344,62.489550837150745,104.24990457938179,98.35499999999995,92.4600954206181,2.6231297716944226,2.3730167321938316,0.25011303950059105
2025-06-18,2449,11325455,1169408494,102.5,104.5,102.0,102.5,-0.5,6325,101.9,101.28,98.69499999999995,75.59663536776205,76.35387607448227,63.01623346861586,61.12106808775414,104.7211015590525,98.69499999999995,92.6688984409474,2.613771355927142,2.4211676569404936,0.1926036989866482
2025-06-19,2449,9404012,947996533,102.5,103.0,99.9,100.5,-2.0,6203,102.0,101.4,98.82999999999996,59.14926694670942,71.17094251243536,50.84231094122782,55.852204903068404,104.89072602911688,98.82999999999996,92.76927397088303,2.417108536098908,2.4203558327721764,-0.003247296673268174
2025-06-20,2449,9411830,941092450,101.0,101.5,99.3,100.0,-0.5,5226,101.7,101.5,98.97499999999995,39.875730994151986,58.20721110287453,48.13034716270146,54.585350281184375,105.00189804128232,98.97499999999995,92.94810195871759,2.1955965429445996,2.375403974806661,-0.1798074318620615
2025-06-23,2449,7515112,752020641,99.2,101.0,98.2,101.0,1.0,4734,101.4,101.4,99.18499999999996,31.773879142300114,43.599625694387214,53.87156597233004,56.7006992331979,105.18675807576516,99.18499999999996,93.18324192423476,2.0767982971063788,2.3156828392666045,-0.2388845421602257
2025-06-24,2449,17665584,1848807582,102.5,106.0,102.0,104.5,3.5,10259,101.7,101.5,99.61999999999996,48.75543559754076,40.135015244664324,68.23035816972977,63.167252943593624,105.83469226913184,99.61999999999996,93.40530773086809,2.239257810513976,2.3003978335160786,-0.06114002300210242
2025-06-25,2449,9892107,1034492929,105.5,105.5,104.0,104.5,0.0,6439,102.1,102.0,100.07999999999996,68.66096866096855,49.73009446693652,68.23035816972975,63.167252943593624,106.3094783088165,100.07999999999996,93.85052169118342,2.3410222975368526,2.3085227263202333,0.032499571216619394
2025-06-26,2449,17828883,1837285528,105.0,105.5,101.5,102.5,-2.0,9502,102.5,102.25,100.43999999999997,72.2222222222221,63.21287549357718,54.9312082623534,57.47836082026908,106.34674191073233,100.43999999999997,94.5332580892676,2.2345298324119227,2.2937241475385712,-0.05919431512664852
2025-06-27,2449,11490110,1199042276,103.0,105.0,102.0,105.0,2.5,7215,103.5,102.6,100.83999999999996,74.35897435897425,71.74738841405501,64.90657352835039,62.076091182402195,106.84346566576431,100.83999999999996,94.83653433423561,2.3250610368591964,2.2999915254026964,0.02506951145650005
2025-06-30,2449,16454971,1698519951,105.5,106.0,102.0,102.0,-3.0,8370,103.7,102.55,101.31499999999997,63.67521367521356,70.08547008547002,49.551882391169464,54.465461086482435,105.95149652215983,101.31499999999997,96.67850347784011,2.1301773818038185,2.2660286966829206,-0.13585131487910207
2025-07-01,2449,13552672,1403279700,103.0,105.0,102.5,103.0,1.0,6913,103.4,102.55,101.67999999999996,65.81196581196569,67.94871794871788,53.8020014646623,56.38499422775089,105.58210199764356,101.67999999999996,97.77789800235637,2.032987311526213,2.219420419651579,-0.18643310812536606
2025-07-02,2449,15656470,1624309138,103.5,105.5,103.0,103.5,0.5,7633,103.2,102.65,101.96499999999996,59.40170940170929,62.9629629629629,55.96601947887334,57.35304336832412,105.50803542178336,101.96499999999996,98.42196457821656,1.9735593383853427,2.170248203398332,-0.1966888650129892
2025-07-03,2449,24577835,2618503156,104.5,108.0,104.5,107.5,4.0,13994,104.2,103.35,102.37499999999997,74.79504622361755,66.66957381243088,69.36114996377712,64.198962336509,106.44777546643579,102.37499999999997,98.30222453356416,2.2235965749457876,2.180917877707823,0.04267869723796469
2025-07-04,2449,25726932,2764211537,108.5,109.0,105.5,107.0,-0.5,14282,104.6,104.05,102.77499999999995,78.72667015524148,70.97447526018948,66.41482375057203,62.84101907173236,107.01144898470767,102.77499999999995,98.53855101529223,2.3542685229638494,2.2155880067590283,0.13868051620482102
2025-07-07,2449,23361724,2509216690,107.5,108.5,105.0,108.0,1.0,10857,105.8,104.75,103.07499999999996,84.96598639455773,79.49590092447228,69.44344978723225,64.46015683813809,107.86326690985574,103.07499999999996,98.28673309014418,2.509589638670718,2.274388333141366,0.23520130552935203
2025-07-08,2449,16733085,1738049846,106.5,106.5,102.5,104.0,-4.0,9876,106.0,104.7,103.09999999999995,64.44444444444436,76.04570033141455,48.875332980543654,54.27308851213674,107.90208288141993,103.09999999999995,98.29791711857997,2.2835923402795686,2.2762291345690064,0.0073632057105621485
2025-07-09,2449,13708685,1444523777,105.0,106.0,103.5,106.0,2.0,7664,106.5,104.85,103.42499999999995,59.04761904761896,69.48601662887371,56.40708403363408,57.859135604897126,108.08627664916115,103.42499999999995,98.76372335083876,2.240049245069642,2.2689931566691337,-0.028943911599491834
2025-07-10,2449,12795210,1303764087,102.5,103.5,100.5,101.5,0.0,8508,105.3,104.75,103.49999999999996,34.080298786181054,52.524120759414814,40.676669721595324,48.62009056187783,107.98330235429421,103.49999999999996,99.0166976457057,1.8214322987362834,2.179480985082564,-0.3580486863462804
2025-07-11,2449,9546277,983102254,101.5,104.0,101.5,103.0,1.5,5591,104.5,104.55,103.57499999999996,32.773109243697384,41.96700902583249,46.48085435128416,51.405600981655965,107.9713052669274,103.57499999999996,99.17869473307252,1.592357115156176,2.0620562110972864,-0.4696990959411105
2025-07-14,2449,13276629,1331238325,103.0,103.0,99.4,99.5,-3.5,10886,102.8,104.3,103.42499999999995,14.072712418300542,26.975373482726354,36.70482622050433,45.242247291940075,108.1501984085349,103.42499999999995,98.699801591465,1.1155334571927824,1.8727516603163856,-0.7572182031236032
2025-07-15,2449,18424611,1882803261,99.9,103.5,99.9,103.5,4.0,10243,102.7,104.35,103.44999999999996,24.38725490196066,23.744358854652887,50.56731674095521,52.283527264511875,108.17122865364675,103.44999999999996,98.72877134635317,1.0483293552876347,1.7078671993106354,-0.6595378440230006
2025-07-16,2449,46125840,5008897962,104.5,111.0,104.0,109.5,6.0,26153,103.4,104.95,103.79999999999995,43.60632183908033,27.355429719780535,64.26398269745773,60.49050754514148,109.17959106252663,103.79999999999995,98.42040893747328,1.4623622742475675,1.6587662142980217,-0.19640394005045425
2025-07-17,2449,58636449,6603589597,116.0,117.0,109.5,111.5,2.0,29694,105.4,105.35,104.34999999999995,66.1757662835248,44.723114341521956,67.74006248020203,62.78803689348608,110.46637147335123,104.34999999999995,98.23362852664867,1.92962610221619,1.7129381918816553,0.21668791033453472
2025-07-18,2449,33116607,3672677232,114.0,114.0,109.0,109.5,-2.0,16519,106.7,105.6,104.82499999999996,71.06844305120158,60.28351039126894,60.836195393181804,59.087699038438636,110.99164414410387,104.82499999999996,98.65835585589605,2.114181795328747,1.7931869125710738,0.3209948827576734
2025-07-21,2449,38019457,4320801481,110.0,116.0,109.0,114.5,5.0,19350,109.7,106.25,105.49999999999996,70.6439393939393,69.29604957622193,69.8103206593894,64.69022765393291,112.71110255092945,105.49999999999996,98.28889744907046,2.6335438706126126,1.9612583041793816,0.672285566433231
2025-07-22,2449,33816216,3824562898,114.5,116.5,110.0,111.0,-3.5,21088,111.2,106.95,105.82499999999996,69.6969696969696,70.4697840473702,58.80577621502068,58.63702985895933,113.40309342777007,105.82499999999996,98.24690657222985,2.7312373042895786,2.115254104201421,0.6159832000881575
2025-07-23,2449,18276161,2050909227,112.0,114.0,111.0,111.5,0.5,10038,111.6,107.5,106.17499999999995,73.4848484848484,71.27525252525247,59.86034478413854,59.224028567009356,114.11398608135936,106.17499999999995,98.23601391864055,2.8165385722212193,2.2555109978053807,0.5610275744158386
2025-07-24,2449,17580316,1996537505,112.0,115.0,111.0,114.5,3.0,9420,112.2,108.8,106.77499999999995,73.4848484848484,72.22222222222216,65.9602477895565,62.649047987629615,115.30421450076301,106.77499999999995,98.24578549923689,3.090588983595353,2.422526594963375,0.6680623886319781
2025-07-25,2449,10183458,1148104631,114.5,114.5,112.0,112.0,-2.5,6306,112.7,109.7,107.12499999999996,75.10189615452765,74.0238643747415,57.469392461483984,58.25753412877251,115.9049487470039,107.12499999999996,98.34505125299602,3.070650257650911,2.5521513275008822,0.5184989301500287
2025-07-28,2449,27699638,3184080052,113.0,116.5,112.5,115.0,3.0,12125,112.8,111.25,107.77499999999995,80.39035769298918,76.3257007774551,63.96375753998107,61.724770975078435,116.86056547497341,107.77499999999995,98.68943452502648,3.259351822706961,2.693591426542098,0.5657603961648627
2025-07-29,2449,30417857,3491489670,116.5,117.5,112.0,115.0,0.0,18357,113.6,112.4,108.37499999999996,75.32128460921022,76.93784615224239,63.96375753998107,61.724770975078435,117.70170895868509,108.37499999999996,99.04829104131483,3.370051318717188,2.828883404977116,0.5411679137400718
2025-07-30,2449,18457023,2112506346,115.5,115.5,113.5,114.5,-0.5,8801,114.2,112.9,108.92499999999995,73.3031674208144,76.3382699076713,61.82223741693996,60.74940952676025,118.33390535609841,108.92499999999995,99.5160946439015,3.3784905099648768,2.9388048259746684,0.43968568399020835
2025-07-31,2449,30150815,3533878293,115.0,119.5,114.5,118.0,3.5,17758,114.9,113.55,109.44999999999996,73.66946778711477,74.09797327237983,70.01954513913977,64.92730835611127,119.62300348962975,109.44999999999996,99.27699651037017,3.6258033747889726,3.076204535737529,0.5495988390514435
2025-08-01,2449,33796515,4019380834,114.0,122.5,113.5,120.0,2.0,21033,116.5,114.6,110.09999999999995,76.80672268907556,74.59311929900161,73.77365725964982,67.08342848190733,121.18422302193623,110.09999999999995,99.01577697806367,3.93779147828603,3.248521924247229,0.689269554038801
2025-08-04,2449,18333874,2166311260,119.5,121.0,116.5,117.5,-2.5,12423,117.0,114.9,110.57499999999996,74.07867494824009,74.8516218081435,62.38203973295887,61.95619286077021,122.06532201463551,110.57499999999996,99.08467798536441,3.937921286116662,3.386401796621116,0.5515194894955462
2025-08-05,2449,19979226,2368030776,119.0,120.5,117.5,118.5,1.0,12505,117.7,115.65,111.29999999999995,67.24637681159413,72.71059148296996,64.91056467369386,63.16882283699255,122.86892389118472,111.29999999999995,99.73107610881519,3.972918471327361,3.503705131562365,0.469213339764996
2025-08-06,2449,11796470,1376799159,118.0,118.0,116.0,116.0,-2.5,9414,118.0,116.1,111.79999999999995,53.278122843340164,64.86772486772482,54.2709434294827,58.17635233096844,123.27344760741165,111.79999999999995,100.32655239258825,3.755632294824892,3.5540905642148704,0.20154173061002156
2025-08-07,2449,47217991,5719714069,117.5,123.5,117.5,121.5,5.5,28255,118.7,116.8,112.79999999999995,61.97377501725321,60.83275822406253,67.8124760609003,64.77264765761254,123.99106786683139,112.79999999999995,101.60893213316852,3.9813410477665485,3.639540660925206,0.3418003868413426
2025-08-08,2449,98544107,13032622745,125.0,133.5,124.5,133.5,12.0,48939,121.4,118.95,114.32499999999996,73.56797791580392,62.93995859213246,81.64670521809724,74.29747663841002,127.83157247417017,114.32499999999996,100.81842752582975,5.070071939128056,3.9256469165657757,1.14442502256228
2025-08-11,2449,117491664,16467087722,138.5,144.0,137.0,140.0,6.5,68418,125.9,121.45,116.34999999999995,89.83131385127102,75.12435559477609,85.56688772315889,77.79906606244104,132.2845536492246,116.34999999999995,100.41544635077531,6.383806148153411,4.417278762883303,1.9665273852701084
2025-08-12,2449,40621987,5731182668,142.0,142.5,139.0,141.0,1.0,25663,130.4,124.05,118.22499999999995,92.34972677595623,85.2496728476771,86.09978936750218,78.28911374318676,136.3453614754236,118.22499999999995,100.10463852457629,7.420107239006285,5.017844458107899,2.4022627808983854
2025-08-13,2449,45497748,6367038521,142.0,142.5,137.0,140.0,-1.0,29238,135.2,126.6,119.74999999999996,87.97814207650266,90.05306090124334,82.54413074130093,76.47129645240466,139.71622147528223,119.74999999999996,99.78377852471768,8.067692341651636,5.627814034816646,2.4398783068349896
2025-08-14,2449,38241840,5347370019,141.0,143.5,137.0,139.5,-0.5,28328,138.8,128.75,121.14999999999995,86.99258391881335,89.10681759042411,80.60242737208098,75.52700554609571,142.48565091578004,121.14999999999995,99.81434908421986,8.443234033562916,6.1908980345659,2.252335998997016
2025-08-15,2449,20251874,2814828163,140.0,141.0,138.0,138.5,-1.0,13615,139.8,130.6,122.59999999999995,83.72365339578447,86.23145979703354,76.40855273150923,73.57030401846066,144.5057070189489,122.59999999999995,100.69429298105099,8.561470583823194,6.665012544417359,1.896458039405835
2025-08-18,2449,24863616,3466060905,139.0,141.0,137.5,141.0,2.5,15166,140.0,132.95,123.92499999999995,84.52380952380945,85.08001561280247,79.51702599320852,75.29358739904112,146.8907897752291,123.92499999999995,100.9592102247708,8.755969640764178,7.083203963686723,1.6727656770774555
2025-08-19,2449,38279172,5354166342,143.5,143.5,137.0,137.0,-4.0,23442,139.2,134.8,125.22499999999995,81.07592093441143,83.10779461800183,63.820036368363795,67.68881675314327,148.06022498247015,125.22499999999995,102.38977501752976,8.48948349288871,7.36445986952712,1.1250236233615896
2025-08-20,2449,43011101,5591735141,132.0,134.5,127.0,127.5,-9.5,32284,136.7,135.95,126.02499999999995,59.418411776902275,75.00604741170777,41.25475818135936,53.7925393687161,147.98513433474452,126.02499999999995,104.0648656652554,7.4261170409305635,7.376791303807808,0.04932573712275534
2025-08-21,2449,24702464,3273822328,130.0,136.0,129.5,133.0,5.5,21336,135.4,137.1,126.94999999999996,41.42121289735045,60.6385152028881,52.579654450008405,59.03588938667429,148.44395263789355,126.94999999999996,105.45604736210637,6.947113501180667,7.29085574328238,-0.34374224210171356
2025-08-22,2449,16429748,2164984031,132.5,133.5,130.5,131.5,-1.5,9580,134.0,136.9,127.92499999999995,25.98382010146709,42.27448159190666,49.5408658481619,57.13179755810507,148.3609364845368,127.92499999999995,107.4890635154631,6.372998323300493,7.107284259286002,-0.7342859359855094
2025-08-25,2449,24775417,3366244614,135.5,137.5,134.0,135.5,4.0,15635,132.9,136.45,128.94999999999996,38.027332144979134,35.144121714598946,57.2309018893735,60.765836617082925,148.7361062364483,128.94999999999996,109.16389376355163,6.169654542074696,6.919758315843741,-0.7501037737690455
2025-08-26,2449,32527134,4534196386,135.5,141.5,135.0,139.5,4.0,29314,133.4,136.3,130.17499999999995,51.515151515151445,38.50876792053261,63.6873455764058,64.04801288301569,149.37988219177683,130.17499999999995,110.97011780822308,6.259118479381286,6.78763034855125,-0.5285118691699644
2025-08-27,2449,28238875,3969365041,141.0,142.5,139.0,139.0,-0.5,19724,135.7,136.2,131.39999999999995,66.66666666666659,52.06971677559911,62.31546620310808,63.33477495043025,149.54552286378163,131.39999999999995,113.25447713621827,6.217996282349333,6.6737035353108665,-0.4557072529615338
2025-08-28,2449,38607630,5493099377,140.0,144.5,138.5,142.0,3.0,24142,137.5,136.45,132.59999999999997,78.066378066378,65.4160654160654,67.25321988721,65.79594859905677,150.20852066472398,132.59999999999997,114.99147933527597,6.354233919633714,6.609809612175436,-0.2555756925417221
2025-08-29,2449,20339305,3163199080,153.0,156.0,153.0,156.0,14.0,12067,142.4,138.2,134.39999999999995,86.14718614718608,76.96007696007693,80.88759402635105,74.42398908698198,153.76130160913846,134.39999999999995,115.03869839086144,7.505369003892014,6.788921490518751,0.7164475133732626
2025-09-01,2449,142085653,22913346129,162.0,166.5,156.5,158.5,2.5,84481,147.0,139.95,136.44999999999996,88.48704038577449,84.23353486644623,82.41310241708871,75.60727995212969,156.87278139725365,136.44999999999996,116.02721860274627,8.521154394648335,7.135368071344668,1.385786323303667
2025-09-02,2449,88302506,13686449409,161.0,164.0,149.0,152.0,-6.5,64600,149.5,141.45,138.12499999999994,80.18588208461618,84.94003620585897,66.3490805879064,66.93611873308431,157.86803674716816,138.12499999999994,118.38196325283172,8.701371958407293,7.448568848757192,1.2528031096501007
2025-09-03,2449,31031820,4751176432,152.5,155.0,149.5,153.5,1.5,28192,152.4,144.05,139.99999999999994,68.14884504757914,78.94058917265666,68.02698165845035,67.85239175537646,158.03052966498856,139.99999999999994,121.96947033501132,8.863065241028607,7.731468127211476,1.131597113817132
2025-09-04,2449,29364237,4495187485,156.5,158.0,150.5,151.0,-2.5,22420,154.2,145.85,141.47499999999997,59.00246400246393,69.11239704488648,62.014443991771884,64.63733994794202,157.9718936469876,141.47499999999997,124.97810635301234,8.689314220392589,7.923037345847698,0.7662768745448911
2025-09-05,2449,57271319,9045487899,152.5,161.5,152.5,160.0,9.0,38704,155.0,148.7,142.79999999999995,65.18722018722012,64.1128430790878,72.29789131071237,70.12532786538685,160.71758912354102,142.79999999999995,124.88241087645889,9.172109697439652,8.172851816166089,0.9992578812735626
2025-09-08,2449,85652417,14294302149,167.0,171.0,162.0,169.0,9.0,64682,157.1,152.05,144.24999999999994,75.1729751729751,66.4542197875531,78.94720464230573,74.40329097666115,165.42427684715696,144.24999999999994,123.07572315284293,10.163791513388901,8.571039755610652,1.5927517577782488
2025-09-09,2449,46338636,7790501243,168.0,170.5,166.0,170.5,1.5,39975,160.8,155.15,145.72499999999997,90.55759055759047,76.97259530592862,79.88597319576259,75.04469287317801,169.71140239802577,145.72499999999997,121.73859760197416,10.944581636843282,9.045748131857177,1.8988335049861043
2025-09-10,2449,44393945,7623672334,172.5,174.0,168.5,172.5,2.0,33270,164.6,158.5,147.34999999999997,95.43589743589735,87.05548772215435,81.19066443192021,75.91141679899324,173.83792177578354,147.34999999999997,120.86207822421639,11.591131373032965,9.554824780092336,2.0363065929406297
2025-09-11,2449,37833377,6366996186,173.5,174.0,165.0,166.0,-6.5,33041,167.6,160.9,148.67499999999995,86.82051282051275,90.93800027133358,65.16389744566686,67.68385763601853,176.09447300733598,148.67499999999995,121.25552699266393,11.447076250411982,9.933275074156265,1.5138011762557166
2025-09-12,2449,24270052,4039247583,169.0,170.0,164.0,166.0,0.0,17273,168.8,161.9,150.04999999999995,76.66666666666659,86.30769230769228,65.16389744566685,67.68385763601852,178.04267761397654,150.04999999999995,122.05732238602337,11.20376153895208,10.187372367115428,1.0163891718366518
2025-09-15,2449,21808385,3605836174,166.0,167.0,163.0,166.5,0.5,14337,168.3,162.7,151.32499999999996,68.46258503401353,77.316588173731,65.86929717012552,67.99333603502474,179.8701834816318,151.32499999999996,122.7798165183681,10.92533820046981,10.334965533786304,0.5903726666835052
2025-09-16,2449,19072178,3170161349,167.0,168.0,164.5,166.0,-0.5,14454,167.4,164.1,152.77499999999995,67.78173397018374,70.97032855695467,64.34911685061599,67.29926197464482,181.20821121505688,152.77499999999995,124.34178878494303,10.542808938690598,10.376534214767164,0.16627472392343456
2025-09-17,2449,24810863,4143190132,166.0,170.0,164.0,165.0,-1.0,16564,165.9,165.25,154.64999999999995,64.49491226475739,66.91307708965161,61.06096026136536,65.8514261193356,181.04147589658515,154.64999999999995,128.25852410341474,10.043188475032338,10.309865066820198,-0.26667659178785996
2025-09-18,2449,30801867,5201366295,166.5,171.5,165.5,167.5,2.5,22798,166.2,166.9,156.37499999999994,56.643438341854896,62.97336152559873,66.1116138863724,67.7210454038383,181.3527400899291,156.37499999999994,131.39725991007077,9.73672584994361,10.195237223444881,-0.45851137350127047
2025-09-19,2449,21645392,3650167447,168.5,170.5,166.0,169.5,2.0,14050,166.9,167.85,158.27499999999995,54.35459243598771,58.49764768086673,69.77111026136326,69.17502403780172,181.08174242411732,158.27499999999995,135.46825757588257,9.545204125444513,10.065230603844807,-0.5200264784002933
2025-09-22,2449,32749126,5617912896,175.0,179.5,168.0,171.0,1.5,21787,167.8,168.05,160.04999999999995,51.13636363636357,54.04479813806879,72.38080386879784,70.25712421418261,180.9351621971208,160.04999999999995,139.1648378028791,9.40603235695724,9.933390954467294,-0.5273585975100534
2025-09-23,2449,22415852,3775480163,173.0,173.5,166.0,167.0,-4.0,18963,168.0,167.7,161.42499999999995,43.939393939393874,49.810116670581785,57.05629919240756,63.82292045678862,180.23530302786324,161.42499999999995,142.61469697213667,8.870715075584542,9.720855778690744,-0.8501407031062023
2025-09-24,2449,14754462,2442303744,167.5,167.5,164.0,166.0,-1.0,12066,168.2,167.05,162.77499999999995,30.303030303030237,41.792929292929294,53.73788629782004,62.287145569568594,178.59105197260203,162.77499999999995,146.95894802739787,8.27044409928871,9.430773442810338,-1.160329343521628
2025-09-25,2449,15812585,2646434485,166.0,169.5,164.5,166.0,0.0,10504,167.9,167.05,163.97499999999997,20.202020202020133,31.481481481481485,53.737886297820026,62.287145569568594,176.62993974699287,163.97499999999997,151.32006025300706,7.705896250632009,9.085798004374672,-1.3799017537426632
2025-09-26,2449,36869274,5825929831,165.0,166.0,155.5,155.5,-10.5,30824,165.1,166.0,163.94999999999996,12.121212121212054,20.87542087542088,29.345594280579075,48.171525656425764,176.6696698070365,163.94999999999996,151.2303301929634,6.338163363500598,8.536271076199856,-2.198107712699258
2025-09-30,2449,19822688,3186450050,156.0,164.0,156.0,164.0,8.5,22433,163.7,165.75,164.22499999999997,17.866161616161552,16.729797979797983,50.5461947274865,56.72188181602371,176.6968683443993,164.22499999999997,151.75313165560064,5.872410664312156,8.003498993822316,-2.1310883295101597
2025-10-01,2449,15120730,2478471986,164.0,166.0,162.0,165.0,1.0,17706,163.3,165.65,164.87499999999994,24.999999999999932,18.329124579124585,52.50237412101829,57.60794763034921,176.01445689879228,164.87499999999994,153.7355431012076,5.520354724329053,7.506870139923663,-1.98651541559461
2025-10-02,2449,25150243,4234723303,167.5,171.0,166.0,167.5,2.5,23445,163.6,165.9,165.57499999999996,41.6666666666666,28.17760942760943,57.41539273868218,59.82259307954394,175.45566293322622,165.57499999999996,155.6943370667737,5.381047595005214,7.0817056309399735,-1.7006580359347598
2025-10-03,2449,12959727,2189534506,167.5,170.5,166.5,169.0,1.5,9467,164.2,166.05,166.47499999999997,48.61111111111105,38.42592592592593,60.290592073006046,61.1345494880698,173.84029021831634,166.47499999999997,159.1097097816836,5.330239472657411,6.731412399283461,-1.4011729266260504
2025-10-07,2449,23664958,4087937689,172.0,176.0,171.0,172.5,3.5,21641,167.6,166.35,167.09999999999997,63.058943089430834,51.11224028906957,66.45590311287182,64.08177794176304,174.28052922840834,167.09999999999997,159.9194707715916,5.508891348622427,6.486908189151254,-0.9780168405288272
2025-10-08,2449,23108569,4011502465,172.5,176.0,171.5,174.0,1.5,21042,169.6,166.65,167.34999999999997,76.4735772357723,62.7145438121048,68.8723534333505,65.29637664860658,175.1030639104827,167.34999999999997,159.59693608951724,5.7057394981833625,6.330674450957676,-0.6249349527743133
2025-10-09,2449,17394433,3062430671,176.5,179.0,174.5,176.0,2.0,13515,171.8,167.55,167.62499999999994,86.80159142016946,75.44470391512426,72.00900079200004,66.9034091647715,176.15655906033876,167.62499999999994,159.09344093966112,5.954486743586585,6.255436909483458,-0.3009501658968725
2025-10-13,2449,19438938,3305784147,167.0,172.5,166.5,170.0,-6.0,45466,172.3,167.95,167.49999999999994,79.72669088393005,81.000619846624,53.23410900430523,58.196698213586,175.8126409762511,167.49999999999994,159.1873590237488,5.602884309146532,6.124926389416073,-0.5220420802695411
2025-10-14,2449,28081441,4698039936,172.0,173.5,161.5,161.5,-8.5,20709,170.8,167.5,167.27499999999995,57.61640456367554,74.71489562259175,37.202496492596715,48.556136100031665,175.9725571283004,167.27499999999995,158.5774428716995,4.585499104851351,5.8170409325031285,-1.2315418276517773
2025-10-15,2449,16493879,2720630163,163.5,167.5,160.0,166.0,4.5,12065,169.5,168.55,167.27499999999995,39.06470616875206,58.802600538785946,47.0512889907198,52.99550909776275,175.9725571283004,167.27499999999995,158.5774428716995,4.095120393738597,5.4726568247502225,-1.3775364310116256
2025-10-16,2449,49425775,8746879733,168.5,182.0,168.5,180.5,14.5,35924,170.8,170.2,167.97499999999997,49.557936342833294,48.74634902508703,66.69012915413462,63.82747055881042,178.39361315147218,167.97499999999997,157.55638684852775,4.820947666869756,5.34231499317413,-0.5213673263043734
2025-10-17,2449,44474623,7847757548,177.0,183.0,171.5,175.0,-5.5,65237,170.6,171.2,168.42499999999995,63.32605228486227,50.649564932149275,57.287267839943404,58.33605650126026,179.23367706983734,168.42499999999995,157.61632293016257,4.8959297450566055,5.253037943550625,-0.35710819849401965
2025-10-20,2449,16711824,2959043028,176.5,179.5,174.0,178.0,3.0,14039,172.2,172.25,169.07499999999996,78.88669301712771,63.92356054827449,60.80404668809268,60.340382355896914,180.5260916510187,169.07499999999996,157.62390834898122,5.138198555658221,5.230070065972145,-0.09187151031392382
2025-10-21,2449,33733675,6204269602,181.0,187.5,179.0,184.0,6.0,27526,176.7,173.75,169.89999999999995,76.91699604743074,73.04324711647364,67.12070015904739,64.06390125140192,183.03240267430274,169.89999999999995,156.76759732569715,5.748087811193301,5.333673615016376,0.4144141961769252
2025-10-22,2449,30425722,5404246211,182.5,182.5,175.5,176.5,-7.5,26746,178.8,174.15,170.24999999999994,75.17786561264813,76.99385155906891,54.34791729890279,56.875607974708586,183.69061010520173,170.24999999999994,156.80938989479816,5.5621254010148675,5.379363972216074,0.1827614287987931
2025-10-23,2449,17439234,3057086344,173.5,177.0,173.0,175.0,-1.5,11434,177.7,174.25,170.44999999999996,67.27272727272718,73.12252964426875,52.037337846508656,55.533516072044996,184.04742622704907,170.44999999999996,156.85257377295085,5.233384191889144,5.350168016150688,-0.11678382426154421
2025-10-27,2449,42748644,7939377890,179.5,191.0,179.0,188.0,13.0,31682,180.3,175.45,171.49999999999994,68.28934506353853,70.24664598297134,66.45662153271374,63.55918229891454,186.98224789880504,171.49999999999994,156.01775210119484,5.953220746655148,5.47077856225158,0.4824421844035687
2025-10-28,2449,27821501,5192547858,187.0,191.0,182.0,188.5,0.5,46155,182.4,177.3,172.62499999999994,78.93450635386111,71.49885956337566,66.90310065587036,63.829586301328966,189.5479873249392,172.62499999999994,155.70201267506067,6.489238323789152,5.674470514559094,0.8147678092300579
2025-10-29,2449,58898222,12056850446,199.0,207.0,197.0,207.0,18.5,35722,187.0,181.85,174.67499999999995,94.08602150537627,80.43662430759203,78.98035557216735,72.08368268058184,196.97135620454674,174.67499999999995,152.37864379545317,8.31102715688516,6.201781843024308,2.1092453138608525
2025-10-30,2449,47925991,9722511184,207.0,207.5,198.0,203.0,-4.0,43486,192.3,185.55,177.04999999999995,93.1451612903225,88.72189638318669,72.32313116472899,68.44669771442032,200.74578021505164,177.04999999999995,153.35421978494827,9.324553710941728,6.826336216607792,2.498217494333937
2025-10-31,2449,61053840,13061069783,204.5,219.0,204.0,217.0,14.0,49736,200.7,189.2,179.69999999999996,94.38405797101443,93.87174692223779,79.40988950342668,73.48855615564058,208.3101380632816,179.69999999999996,151.0898619367183,11.129173618411215,7.686903696968477,3.4422699214427386
2025-11-03,2449,41412619,9257084883,223.0,226.5,220.0,224.0,7.0,39895,207.9,194.1,182.64999999999995,92.82642557226052,93.45188161119921,82.08565685598893,75.58888872970002,216.31021390306418,182.64999999999995,148.98978609693572,12.97462598331282,8.744448154237345,4.230177829075474
2025-11-04,2449,35068048,7725354923,230.0,231.0,214.0,214.0,-10.0,45745,213.0,197.7,184.97499999999997,87.22297729639844,91.47782027989119,67.47191422674271,67.37683239088858,220.50030788043983,184.97499999999997,149.4496921195601,13.474913437485725,9.690541210887021,3.7843722265987036
2025-11-05,2449,35493875,7580656032,206.0,222.0,205.5,220.5,6.5,32304,215.7,201.35,187.54999999999995,82.6377699000966,87.56239092291857,71.3410549274013,69.68244418655544,225.45633192489137,187.54999999999995,149.64366807510854,14.231834794031613,10.59879992751594,3.6330348665156738
2025-11-06,2449,30246229,6669197261,226.0,228.0,216.0,217.5,-3.0,46012,218.6,205.45,189.79999999999995,75.54155614500434,81.80076778049984,67.04679129865409,67.31771187645684,229.17943625802707,189.79999999999995,150.42056374197284,14.423361956065776,11.363712333225907,3.059649622839869
2025-11-07,2449,20904119,4504243916,213.5,221.0,212.0,213.5,-4.0,22082,217.9,209.3,191.77499999999995,73.40690918277117,77.1954117426241,61.306411857582965,64.1898443429318,231.74433199341766,191.77499999999995,151.80566800658224,14.089961733088955,11.908962213198517,2.180999519890438
2025-11-10,2449,24783461,5327329059,214.0,220.0,208.0,217.0,3.5,20014,216.5,212.2,193.82499999999996,65.71590174531342,71.55478902436305,64.4164566030148,65.69197417430708,234.54633961450722,193.82499999999996,153.1036603854927,13.94738364690383,12.31664649993958,1.6307371469642504
2025-11-11,2449,21376150,4646494047,221.0,223.0,213.0,213.0,-4.0,19797,216.3,214.65,195.97499999999997,56.1879297173414,65.10358021514206,58.181268560859536,62.466983753799965,235.9718436254669,195.97499999999997,155.97815637453303,13.357644307050492,12.524846061361762,0.8327982456887302
2025-11-12,2449,14744014,3103346139,214.0,214.5,208.0,210.5,-2.5,15195,214.3,215.0,198.42499999999995,42.78404964679465,54.89596036981656,54.34557652141652,60.46890358104331,235.57641316289374,198.42499999999995,161.27358683710617,12.543943749535174,12.528665598996444,0.015278150538730273
2025-11-13,2449,18763815,4013670285,212.0,217.5,210.5,215.5,5.0,13698,213.9,216.25,200.89999999999995,36.24810193437636,45.07336043283754,60.43223397643877,63.01679874120133,235.5952446309298,200.89999999999995,166.20475536907009,12.162338540660926,12.45540018732934,-0.2930616466684146
2025-11-14,2449,18485760,3868864039,210.5,213.5,206.5,208.5,-7.0,24532,212.9,215.4,202.29999999999995,25.018155410312186,34.6834356638278,49.62588295600374,57.4354935556919,235.8296883373533,202.29999999999995,168.7703116626466,11.166353393643675,12.197590828592208,-1.0312374349485331
2025-11-17,2449,30242060,6521235770,209.5,219.5,209.0,213.5,5.0,21790,212.2,214.35,204.22499999999997,28.845315904139344,30.037191082942698,56.158858454647486,60.150430309970226,235.61683811120395,204.22499999999997,172.83316188879598,10.657631658588627,11.889598994591491,-1.2319673360028638
2025-11-18,2449,42563696,8657138435,209.5,212.5,198.0,198.0,-15.5,53391,209.2,212.75,205.22499999999997,15.773420479302743,23.212297264584823,38.228209069946985,49.59058164316698,234.40800018846622,205.22499999999997,176.0419998115337,8.901138770342214,11.291906949741636,-2.390768179399421
2025-11-19,2449,34808605,6938294112,200.0,202.0,196.5,196.5,-1.5,20189,206.4,210.35,205.84999999999997,11.851851851851762,18.82352941176468,36.898097498131214,48.69956003198314,233.6925932700246,205.84999999999997,178.00740672997534,7.3038735300312965,10.494300265799568,-3.1904267357682716
2025-11-20,2449,42698853,9001552919,207.0,215.0,205.5,211.5,15.0,35321,205.6,209.75,207.59999999999997,18.867924528301796,15.4977322864855,55.11731553948851,57.016691394458405,232.0348112331572,207.59999999999997,183.16518876684273,7.165801065057991,9.828600425651253,-2.6627993605932616
2025-11-21,2449,42360998,8624735320,200.5,208.0,196.5,204.5,-7.0,30101,204.8,208.85,209.07499999999996,28.930817610062803,19.883531330072184,47.63007007935766,52.72105029428569,228.51021288795252,209.07499999999996,189.6397871120474,6.417558523383121,9.146392045197626,-2.7288335218145043
2025-11-24,2449,120850985,24662446574,208.5,209.0,203.0,203.5,-1.0,23532,202.8,207.5,209.84999999999997,39.075745146294686,28.958162428219826,46.57558347352489,52.116973973843805,226.95876968107436,209.84999999999997,192.74123031892557,5.678421961975346,8.45279802855317,-2.7743760665778243
2025-11-25,2449,29202498,6075766938,210.0,212.0,205.0,205.0,1.5,21873,204.2,206.7,210.67499999999995,32.52666119770294,33.51107465135354,48.56822602457813,52.987136556661326,224.94130645962903,210.67499999999995,196.40869354037088,5.154273123698886,7.793093047582313,-2.6388199238834273
2025-11-26,2449,31918651,6803042821,208.0,218.0,207.5,212.0,7.0,21840,207.3,206.85,210.92499999999995,44.92753623188397,38.843314191960594,57.24951526809552,56.92146992648917,225.0998897702962,210.92499999999995,196.75011022970372,5.243281605121041,7.283130759090058,-2.0398491539690173
2025-11-27,2449,37184770,8183742031,215.0,224.0,215.0,222.0,10.0,33966,209.4,207.5,211.87499999999994,65.691699604743,47.71529901144337,66.6356054063535,61.835127740629545,226.34177227304218,211.87499999999994,197.4082277269577,6.050985895635591,7.036701786399165,-0.9857158907635739
2025-11-28,2449,40719791,9184394915,223.0,233.0,216.5,229.0,7.0,50033,214.3,209.55,212.47499999999997,83.0532243218365,64.5574867194879,71.70838750741794,64.85693264314781,228.6381525390323,212.47499999999997,196.31184746096764,7.173250101644044,7.064011449448141,0.10923865219590301
2025-12-01,2449,32917410,7236437932,228.0,228.5,216.5,217.5,-11.5,46662,217.1,209.95,212.14999999999995,79.7675383976753,76.17082077475168,55.5270576828891,56.88787765296214,227.6196477012272,212.14999999999995,196.6803522987727,7.053391572429632,7.061887474044439,-0.008495901614806733
2025-12-02,2449,48833307,11110738601,221.5,232.5,221.5,226.5,9.0,35556,221.4,212.8,212.77499999999995,76.255707762557,79.69215682735633,63.12459020095631,60.93349101441652,229.45575238111527,212.77499999999995,196.09424761888462,7.597053504555902,7.168920680146732,0.42813282440917
2025-12-03,2449,27639017,6251290772,229.0,232.0,221.5,226.0,-0.5,37728,224.2,215.75,213.04999999999995,73.51598173515974,76.51307596513074,62.43328917032597,60.593300843306494,230.3990633752963,213.04999999999995,195.70093662470362,7.896537314574431,7.314444007032272,0.5820933075421593
2025-12-04,2449,22535690,4968915243,225.0,225.0,217.5,220.5,-5.5,20257,223.9,216.65,213.19999999999996,73.78234398782335,74.51801116184676,54.73998689506353,56.83445293355379,230.75106834355208,213.19999999999996,195.64893165644784,7.602440159294645,7.372043237484746,0.23039692180989846
2025-12-05,2449,15204982,3355452190,220.0,223.0,218.5,221.5,1.0,11701,222.4,218.35,213.59999999999997,66.02794085670789,71.10875552656373,55.89288088104407,57.35247229954064,231.52093747547912,213.59999999999997,195.67906252452082,7.365156745223061,7.370665939032409,-0.005509193809348112
2025-12-08,2449,17059893,3849592895,221.0,228.0,221.0,228.0,6.5,14571,224.5,220.8,214.14999999999995,65.88468720821652,68.56499068424932,63.033600727298136,60.65745532505772,233.10019788814992,214.14999999999995,195.19980211184998,7.613836044794084,7.419299960184744,0.19453608460934024
2025-12-09,2449,27405333,6283180791,228.5,235.0,225.5,228.5,0.5,32386,224.9,223.15,214.92499999999995,68.94024276377208,66.95095694289888,63.562995207982155,60.90841272677602,234.86559928888872,214.92499999999995,194.9844007111112,7.7617889314119,7.487797754430175,0.2739911769817249
2025-12-10,2449,14090506,3228453429,229.0,231.5,227.0,229.0,0.5,10924,225.5,224.85,215.84999999999997,71.81990814343744,68.88161270514208,64.16177283763915,61.175118480561764,236.58427114706615,215.84999999999997,195.11572885293378,7.8291390399425325,7.556066011532646,0.2730730284098861
2025-12-11,2449,21378228,4804226177,231.0,232.0,221.0,221.5,-7.5,48369,225.7,224.8,216.14999999999995,54.031531531531435,64.93056081291373,49.83123227764581,55.1022439580935,237.0284577974538,216.14999999999995,195.2715422025461,7.194394662980017,7.483731741822121,-0.28933707884210413
2025-12-12,2449,19094010,4331284575,224.0,230.5,222.0,230.0,8.5,14637,227.4,224.9,217.22499999999997,55.341055341055245,60.39749833867478,61.26916483009776,59.954219439897,238.62470794193317,217.22499999999997,195.82529205806676,7.293163089428418,7.44561801134338,-0.1524549219149618
2025-12-15,2449,17602096,3899442629,223.5,224.0,219.5,221.5,-8.5,31228,226.1,225.3,217.62499999999994,40.437580437580344,49.93672243672241,48.39635061213248,53.70412873146031,239.0303147605929,217.62499999999994,196.219685239407,6.609370111979956,7.278368431470695,-0.668998319490739
2025-12-16,2449,16918112,3673078984,221.0,223.0,214.0,216.0,-5.5,15711,223.6,224.25,218.52499999999995,34.60317460317451,43.46060346060343,41.77115667364394,50.067094384122754,237.9787271493168,218.52499999999995,199.0712728506831,5.559567977375252,6.934608340651606,-1.3750403632763541
2025-12-17,2449,16508137,3570117127,217.5,220.0,213.0,215.0,-1.0,13893,220.8,223.15,219.44999999999996,13.82395382395373,29.62156962156959,40.592424670398806,49.41186559267175,236.1978356810678,219.44999999999996,202.70216431893212,4.593944447672129,6.466475562055711,-1.872531114383582
2025-12-18,2449,17601014,3697391205,213.0,213.5,208.0,208.5,-6.5,16868,218.2,221.95,219.29999999999995,6.822190155523394,18.416439527550608,33.437127421544346,45.265164532539075,236.38039812182512,219.29999999999995,202.21960187817479,3.2665306343985208,5.826486576524273,-2.559955942125752
2025-12-19,2449,11702010,2514890898,212.0,216.5,212.0,215.5,7.0,8497,215.3,221.35,219.84999999999997,12.906846240179478,11.18433007321893,45.50591229663711,50.11992636621292,235.64905060438895,219.84999999999997,204.05094939561098,2.7477131951169156,5.210731900242801,-2.4630187051258856
2025-12-22,2449,19024563,4230008275,219.0,227.0,219.0,221.0,5.5,14171,215.2,220.65,220.72499999999997,27.932098765432006,15.887045053711688,53.27227342807913,53.60211004375197,234.62994516350324,220.72499999999997,206.8200548364967,2.7486657632567812,4.718318672845597,-1.9696529095888158
2025-12-23,2449,8092137,1791923110,222.5,224.0,220.0,220.0,-1.0,8674,216.0,219.8,221.47499999999997,43.98148148148139,28.273475495697685,51.70905769107173,52.87928669689713,233.38077590919866,221.47499999999997,209.56922409080127,2.638316171192514,4.302318172514981,-1.6640020013224666
2025-12-24,2449,9835279,2175667828,222.0,224.0,219.0,219.0,-1.0,34916,216.8,218.8,221.82499999999996,51.01851851851843,40.977366255144005,49.9974191235154,52.122351036825876,232.9841890386378,221.82499999999996,210.66581096136213,2.442021577168447,3.930258853445674,-1.4882372762772271
2025-12-26,2449,11160586,2490799415,220.5,225.5,220.5,223.0,4.0,9627,219.7,218.95,221.87499999999994,59.278752436647075,51.4262508122157,56.68795509157576,54.903117836638934,233.0458325562629,221.87499999999994,210.704167443737,2.5794885296890016,3.6601047886943396,-1.080616259005338
2025-12-29,2449,63582297,15028993218,234.0,245.0,227.0,245.0,22.0,61999,225.6,220.45,222.67499999999995,75.94541910331374,62.080896686159825,76.69609384917432,66.44618123153738,237.4745776966795,222.67499999999995,207.87542230332042,4.412780432322592,3.81063991741999,0.6021405149026018
2025-12-30,2449,52967198,13012416574,245.0,250.5,240.5,243.5,-1.5,59620,230.1,222.65,223.97499999999997,87.49226006191941,74.23881053396015,73.97768903807189,65.22040466615202,241.11114600778276,223.97499999999997,206.83885399221717,5.679174026325285,4.1843467392010485,1.4948272871242363
2025-12-31,2449,63445168,15920227882,246.0,261.5,244.0,247.5,4.0,66457,235.6,225.8,225.02499999999995,85.78706248854672,83.07491388459337,76.56217251269473,66.97025124827728,244.99115886944827,225.02499999999995,205.05884113055163,6.925731126739663,4.732623616708771,2.1931075100308917
2026-01-02,2449,57297864,15211858904,253.5,272.0,252.5,267.5,20.0,63337,245.3,231.05,227.09999999999997,83.28706248854672,85.5221283463377,85.15987296317411,74.01101095669684,254.3407782561375,227.09999999999997,199.85922174386243,9.418894312229668,5.6698777558129505,3.7490165564167173
2026-01-05,2449,43235444,11399423226,273.0,274.0,258.5,263.0,-4.5,52690,253.3,236.5,229.22499999999997,82.11059190031143,83.72823895913503,77.67985453247475,70.37599754280794,260.41870930171774,229.22499999999997,198.0312906982822,10.905915106420082,6.717085225934377,4.188829880485705
2026-01-06,2449,25829669,6917697446,263.0,271.0,263.0,267.0,4.0,24330,257.7,241.65,231.49999999999994,86.590909090909,83.99618782658912,79.54322456985659,71.70624498066987,266.5114267061498,231.49999999999994,196.48857329385007,12.265764274444791,7.82682103563646,4.438943238808331
2026-01-07,2449,25557113,6920556463,270.5,276.0,266.5,266.5,-0.5,33867,262.3,246.2,233.42499999999995,83.53535353535344,84.07895150885803,78.5864566670913,71.27539801014694,271.55015573738785,233.42499999999995,195.29984426261203,13.15150633743346,8.89175809599586,4.259748241437601
2026-01-08,2449,18209796,4763409123,264.0,264.5,258.5,263.0,-3.5,25826,265.4,250.5,235.14999999999995,82.39421239421229,84.17349167349164,71.55731537613829,68.18688362419466,275.29610815508863,235.14999999999995,195.00389184491127,13.416386798892574,9.796683836575202,3.6197029623173727
2026-01-09,2449,20399595,5291164468,259.5,266.0,252.0,263.5,0.5,20842,264.6,254.95,236.87499999999994,78.13323527609232,81.35426706855274,71.97509519866043,68.39756067344771,278.74369355497134,236.87499999999994,195.00630644502854,13.510906968994249,10.53952846305901,2.9713785059352382
2026-01-12,2449,24159085,6475317064,267.5,271.0,263.5,270.0,6.5,26545,266.0,259.65,239.29999999999995,78.05498801474647,79.52747856168375,77.0809035508503,71.07891173932782,282.90779746788525,239.29999999999995,195.69220253211466,13.949509302048341,11.221524630856877,2.7279846711914644
2026-01-13,2449,27923161,7578920725,273.5,279.5,265.0,270.5,0.5,33677,266.7,262.2,241.32499999999996,77.41209159720216,77.86677162934704,77.44960759756898,71.28077030883304,286.7411590185702,241.32499999999996,195.9088409814297,14.174060881483285,11.812031880982158,2.3620290005011277
2026-01-14,2449,15675308,4226421508,270.0,271.5,267.0,270.5,0.0,31047,267.5,264.9,243.77499999999995,75.00640204865546,76.82449388686808,77.44960759756898,71.28077030883303,289.9296043206971,243.77499999999995,197.62039567930282,14.188463846778689,12.287318274141464,1.9011455726372244
2026-01-15,2449,19953479,5311859738,271.5,271.5,263.0,267.5,-3.0,20346,268.4,266.9,246.34999999999997,66.09475032010232,72.83774798865336,68.45594827674594,67.97913709342839,291.7593602685621,246.34999999999997,200.94063973143784,13.798740086291872,12.589602636571545,1.2091374497203269
2026-01-16,2449,26587387,7264439751,272.0,278.5,269.0,273.5,6.0,22422,270.4,267.5,249.27499999999995,67.27272727272715,69.45795988049503,75.18078856960629,70.88386127162795,293.75699073782675,249.27499999999995,204.79300926217314,13.814782837063802,12.834638676669996,0.9801441603938059
2026-01-19,2449,18283023,5000148965,273.5,280.0,270.0,271.5,-2.0,37133,270.7,268.35,252.42499999999995,68.06277056277045,67.1434160518667,69.42498666530268,68.648407146845,293.71940034677937,252.42499999999995,211.13059965322054,13.510374361605187,12.969785813657035,0.5405885479481523
2026-01-20,2449,17352958,4717499925,272.0,277.0,265.5,274.5,3.0,31944,271.5,269.1,255.37499999999994,76.06060606060595,70.4653679653679,73.0374098483039,70.16816469830584,294.04265444140765,255.37499999999994,216.70734555859224,13.357229551925599,13.047274561310747,0.30995499061485177
2026-01-21,2449,17051786,4612919687,271.0,278.0,266.0,267.0,-7.5,29985,270.8,269.15,257.67499999999995,67.85714285714273,70.66017316017309,54.31894942155472,62.06778067646257,293.2380074656249,257.67499999999995,222.11199253437502,12.486734563693147,12.935166561787227,-0.44843199809407963
2026-01-22,2449,19821466,5443752972,272.0,277.0,272.0,274.5,7.5,17883,272.2,270.3,260.4,67.19187675070016,70.36987522281633,64.83368608640136,66.26215780769463,292.1452358630404,260.4,228.65476413695956,12.260714449679739,12.80027613936573,-0.5395616896859909
2026-01-23,2449,31111991,8834275877,279.0,292.0,272.5,286.5,12.0,62868,274.8,272.6,263.775,67.41765671785946,67.4888921085675,75.40239459172388,71.66149891449761,291.26404327182155,263.775,236.2859567281784,12.901174879444966,12.820455887381577,0.08071899206338884
2026-01-26,2449,25952980,7681761507,286.0,303.5,284.0,297.5,11.0,34768,280.0,275.35,267.49999999999994,77.95557558911166,70.85503635255715,81.38527085984305,75.52777637546843,291.89467154933817,267.49999999999994,243.1053284506617,14.13343105798532,13.083050921502325,1.0503801364829943
2026-01-27,2449,29314304,8896114044,298.0,313.5,292.5,300.0,2.5,44881,285.1,278.3,270.24999999999994,79.82899822549295,75.0674101774881,82.51305320774755,76.31855751366793,296.22787520179605,270.24999999999994,244.27212479820383,15.13723939093876,13.493888615389611,1.6433507755491483
2026-01-28,2449,21393165,6521558231,302.5,311.5,299.0,311.0,11.0,43752,293.9,282.35,273.62499999999994,84.4147261948416,80.7331000031488,86.66142354373872,79.46308524874243,302.23072495148637,273.62499999999994,245.01927504851352,16.62868763594861,14.12084841950141,2.5078392164471985
2026-01-29,2449,27049688,8403611688,315.0,324.0,303.5,305.0,-6.0,46237,300.0,286.1,276.49999999999994,78.52678697356906,80.92350379796794,75.29474556727037,73.71348722254235,305.5792021898829,276.49999999999994,247.420797810117,17.129068025788797,14.722492340758887,2.4065756850299103
2026-01-30,2449,17513955,5225421733,303.0,306.0,295.0,296.0,-9.0,30971,301.9,288.35,277.92499999999995,71.48326210826202,78.14159175889095,61.23847380960156,65.99934522107515,307.8804252181482,277.92499999999995,247.9695747818517,16.607952171381044,15.099584306883319,1.5083678644977248
2026-02-02,2449,17191140,4908944906,289.5,293.5,280.0,285.0,-11.0,27048,299.4,289.7,279.025,50.80558011592486,66.93854306591871,48.364113205161324,58.00891321784154,308.3157408578217,279.025,249.73425914217825,15.13291322936493,15.106250091379641,0.026663137985289964
2026-02-03,2449,12950856,3801776670,295.0,301.0,288.5,293.5,8.5,17505,298.1,291.6,280.34999999999997,42.08050889085363,54.78978370501357,56.591296222670586,61.8522664221918,309.74234594244035,280.34999999999997,250.9576540575596,14.482863765057573,14.981572826115228,-0.4987090610576548
2026-02-04,2449,12024686,3521744254,293.0,297.5,287.0,297.0,3.5,13116,295.3,294.6,281.87499999999994,40.559196689929784,44.48176189890282,59.67762066136232,63.340178704302296,311.39935435365373,281.87499999999994,252.35064564634615,14.08772115040017,14.802802490972216,-0.7150813405720449
2026-02-05,2449,18258783,5181781092,291.0,292.0,277.5,280.5,-16.5,26023,290.4,295.2,282.74999999999994,31.790194094453327,38.143299891745635,42.90126713561037,52.870716627951076,310.9944684849992,282.74999999999994,254.50553151500068,12.301353333783709,14.302512659534514,-2.0011593257508054
2026-02-06,2449,31636332,8997065239,286.5,292.0,277.5,283.5,3.0,28316,287.9,294.9,283.74999999999994,22.309218081219246,31.552869621867504,46.11449920937183,54.34820784852106,310.5781568505947,283.74999999999994,256.92184314940516,11.000907285622247,13.64219158475206,-2.641284299129813
2026-02-09,2449,20671710,6138782953,297.0,301.5,291.5,291.5,8.0,24439,289.2,294.3,284.82499999999993,16.48745519713253,23.528955790935086,54.14303665138288,58.11877647185477,311.0800471338405,284.82499999999993,258.5699528661594,10.494849472554165,13.012723162312481,-2.517873689758316
2026-02-10,2449,25947331,7864554958,298.5,308.0,297.0,302.0,10.5,41108,290.9,294.5,286.4,31.899641577060844,23.565438285137592,62.661599392271704,62.497009865020715,312.8075746709167,286.4,259.99242532908323,10.816372844394834,12.573453098728951,-1.7570802543341166
2026-02-11,2449,22935692,7128621239,309.0,318.0,301.0,313.5,11.5,35650,294.2,294.75,288.54999999999995,57.22819593787327,35.205097570688935,69.82425894529435,66.61363996660886,316.39223410576204,288.54999999999995,260.70776589423787,11.86239402923411,12.431241284829984,-0.5688472555958732
2026-02-23,2449,27444010,8858920801,322.5,331.5,313.0,316.5,3.0,44481,301.4,295.9,290.99999999999994,71.26642771804053,53.464755077658275,71.48883544482908,67.61240370150509,319.61468154636884,290.99999999999994,262.38531845363104,12.78605855833348,12.502204739530683,0.2838538188027968
2026-02-24,2449,19845357,6420373807,317.0,329.5,315.0,326.0,9.5,27831,309.9,298.9,293.62499999999994,83.64197530864189,70.71219965485196,76.31561132991432,70.61067130601351,324.8497898311598,293.62499999999994,262.4002101688401,14.12185203773231,12.826134199171008,1.295717838561302
2026-02-25,2449,18500913,5947306389,333.0,333.0,318.0,320.0,-6.0,27032,315.6,302.4,296.04999999999995,79.53787120453778,78.14875807707347,67.85159186530151,66.4279869212266,327.5569833529022,296.04999999999995,264.5430166470977,14.528848615178902,13.166677082372587,1.3621715328063146
2026-02-26,2449,18744498,6086835770,318.5,329.5,317.0,327.0,7.0,14591,320.6,305.75,298.67499999999995,85.19352686019344,82.79112445779111,72.06813695764241,68.7534941152974,331.2913685900204,298.67499999999995,266.0586314099795,15.240554211580843,13.581452508214237,1.6591017033666056
2026-03-02,2449,13136560,4161141575,313.5,322.0,308.0,316.0,-11.0,20122,321.1,307.65,301.12499999999994,78.37837837837829,81.03659214770325,58.098019990385865,61.53953253284238,331.11145527567595,301.12499999999994,271.13854472432394,14.746983904356455,13.814558787442682,0.9324251169137732
2026-03-03,2449,12226251,3794687952,315.5,321.5,305.0,305.0,-11.0,17921,318.8,310.1,302.65,63.69622634682867,75.75604386180021,47.38233384188973,55.29177371382479,330.0563861171086,302.65,275.24361388289134,13.314733847079708,13.714593799370087,-0.3998599522903792
2026-03-04,2449,21866760,6191368887,291.5,296.5,276.0,278.0,-27.0,29371,309.2,309.55,302.22499999999997,35.13608726037379,59.070230661860315,31.0058622716119,43.59295237329136,330.85623294585923,302.22499999999997,273.5937670541407,9.887019598819222,12.949078959259914,-3.062059360440692
2026-03-05,2449,16564064,4905772760,295.0,304.5,290.5,295.0,17.0,17268,304.2,309.9,302.09999999999997,23.124075248361788,40.652129618521485,44.975674320986656,50.6701485601558,330.83430006107835,302.09999999999997,273.3656999389216,8.444941260736869,12.048251419555305,-3.603310158818436
2026-03-06,2449,14259457,4099144722,291.0,293.5,283.5,284.5,-10.5,18848,295.7,308.15,301.32499999999993,17.251461988304012,25.170541499013268,39.249096084334454,46.76718782028913,331.06264449313574,301.32499999999993,271.5873555068641,6.381262320521444,10.914853599748533,-4.533591279227089
2026-03-09,2449,27843335,7448257219,256.5,275.0,256.5,272.0,-12.5,27816,286.9,304.0,299.37499999999994,22.835683981194734,21.07040707262025,33.35120730563106,42.56390275492773,331.3497947608757,299.37499999999994,267.4002052391242,3.6945479107171195,9.47079246194225,-5.77624455122513
2026-03-10,2449,25917202,7630774904,291.0,299.0,287.0,293.0,21.0,23070,284.5,301.65,298.775,27.628712303634824,22.571952757711262,48.51488858122265,50.59718856248764,330.755423699508,298.775,266.79457630049194,3.222682798639994,8.221170529281798,-4.998487730641804
2026-03-11,2449,23535036,7144190557,301.0,307.0,297.0,306.0,13.0,22888,290.1,299.65,299.275,45.260691795744094,31.908362693524623,55.78085733498482,54.810775204739784,331.37869916380475,299.275,267.1713008361952,3.853299217398501,7.347596266905138,-3.4942970495066374
2026-03-12,2449,17050804,5134439911,304.5,307.0,297.0,300.0,-6.0,18423,291.1,297.65,300.025,60.644283739731186,44.511229279703436,51.841342027179884,52.58168647211613,331.45345048678115,300.025,268.5965495132188,3.8248271897318773,6.643042451470486,-2.818215261738609
2026-03-13,2449,12594274,3736625411,293.5,302.0,291.0,295.5,-4.5,15403,293.3,294.5,300.12499999999994,64.74014430618,56.881706613885164,48.82416701045776,50.90941990433434,331.48241539094204,300.12499999999994,268.76758460905785,3.3999579123322974,5.994425543642849,-2.5944676313105512
2026-03-16,2449,15037067,4388607603,298.0,303.0,288.0,288.0,-7.5,19682,296.5,291.7,299.67499999999995,62.92948378807339,62.77130394466159,43.86059501543431,48.16030041682527,331.45435650701734,299.67499999999995,267.8956434929826,2.4300465649413923,5.281549747902558,-2.8515031829611655
2026-03-17,2449,10911277,3191455172,293.0,296.0,290.0,294.0,6.0,11313,296.7,290.6,300.34999999999997,65.54455445544546,64.40472751656635,48.725738709455705,50.46483764933273,331.02588629526565,300.34999999999997,269.6741137047343,2.121084152427784,4.649456628807603,-2.528372476379819
2026-03-18,2449,35571257,11243708670,302.0,323.0,302.0,323.0,29.0,36648,300.1,295.1,302.32499999999993,78.8778877887788,69.11730867743262,65.55714873807223,59.77311104366391,333.48952309919326,302.32499999999993,271.1604769008066,4.168237998436496,4.553212902733382,-0.38497490429688597
2026-03-19,2449,23917130,7687952922,320.5,328.0,315.0,316.0,-7.0,35562,303.3,297.2,303.54999999999995,85.82473631978576,76.74905952133675,60.00974586553798,56.98933768012181,334.84201176019303,303.54999999999995,272.2579882398069,5.166227615697551,4.675815845326215,0.49041177037133554
2026-03-20,2449,48134842,14752395227,318.0,318.0,298.5,308.0,-8.0,33677,305.8,299.55,303.84999999999997,78.14543180396832,80.94935197084436,53.92555272334402,53.899811421882305,335.1918250904451,303.84999999999997,272.50817490955484,5.251077286022337,4.790868133465439,0.46020915255689765
2026-03-23,2449,23004822,6696243758,297.5,301.5,284.0,286.0,-22.0,33224,305.4,300.95,302.47499999999997,46.3272499857865,70.09913936984692,40.689855226307635,46.443255004982845,334.41005127598874,302.47499999999997,270.5399487240112,3.502727856379124,4.533240078048176,-1.0305122216690519
2026-03-24,2449,16302561,4632166742,296.0,296.5,278.0,278.5,-7.5,24941,302.3,299.5,300.57499999999993,18.921655580192095,47.79811245664903,37.07099474798604,44.19843649410706,333.45398264849655,300.57499999999993,267.6960173515033,1.4947306923409087,3.925538200906723,-2.430807508565814
2026-03-25,2449,14622121,4218915726,286.0,291.0,284.0,288.5,10.0,16374,295.4,297.75,298.69999999999993,8.848484848484775,24.699130138154516,44.718983513335544,47.81992182477659,329.7940508779435,298.69999999999993,267.60594912205636,0.7022003707458566,3.2808706348745496,-2.578670264128693
2026-03-26,2449,15867718,4632150966,291.0,298.5,288.0,288.0,-0.5,16079,289.8,296.55,297.09999999999997,13.999999999999927,13.923380142892325,44.40418183364012,47.653393205634906,326.9120780892598,297.09999999999997,267.2879219107401,0.033383732792515275,2.6313732544581425,-2.5979895216656272
2026-03-27,2449,18800589,5212668017,280.5,284.0,274.0,278.5,-9.5,30214,283.9,294.85,294.67499999999995,16.444444444444372,13.097643097643084,38.41047870779545,44.48368652602747,322.16367948811137,294.67499999999995,267.18632051188854,-1.248833105863696,1.8553319823937748,-3.1041650882574707
2026-03-30,2449,17223335,4634222389,270.5,273.0,262.5,272.0,-6.5,27944,281.1,293.25,292.47499999999997,14.279050042408748,14.907831495617742,34.67439351848786,42.40532964817708,319.82728509649746,292.47499999999997,265.12271490350247,-2.757705750328057,0.9327244358494085,-3.6904301861774655
2026-03-31,2449,20207522,5351095811,269.0,273.0,260.5,261.0,-11.0,22733,277.6,289.95,290.275,7.859296955988995,12.860930480947431,29.088264313671637,39.07785976560895,320.2006996576528,290.275,260.34930034234714,-4.785936958950288,-0.2110078431105309,-4.5749291158397565
2026-04-01,2449,20066612,5596972972,277.0,283.5,273.5,280.5,19.5,20141,276.0,285.7,290.4,16.675722076761943,12.938023025053289,46.81044547445364,47.01514598539807,320.13987222568414,290.4,260.6601277743158,-4.764910846515306,-1.121788443791486,-3.6431224027238205
2026-04-02,2449,28958269,7663602719,284.0,284.0,255.5,259.0,-21.5,47504,270.2,280.0,288.59999999999997,14.377348362855537,12.970789131868884,35.4228269190045,40.716391221001466,321.2260632010679,288.59999999999997,255.97393679893202,-6.4092361333936765,-2.179277981711924,-4.229958151681752
2026-04-07,2449,13484280,3596697364,268.0,270.0,263.0,268.0,9.0,14715,268.1,276.0,287.775,23.820357263228782,18.29114256761548,42.28031312713422,44.09293464911279,321.5869431562289,287.775,253.96305684377106,-6.906536729855134,-3.124729731340566,-3.7818069985145675
2026-04-08,2449,16308372,4568845309,281.0,286.5,275.0,280.0,12.0,18624,269.7,275.4,288.17499999999995,31.218402426693558,23.138702684259354,50.463084232181664,48.31950220888664,321.41544975628494,288.17499999999995,254.93455024371497,-6.260187775745408,-3.7518213402215346,-2.508366435523873
2026-04-09,2449,16986670,4712845229,281.5,282.0,273.0,275.0,-5.0,26882,272.5,275.05,287.275,43.79844961240303,32.94573643410852,47.20964486153038,46.73413888883301,320.91645508149213,287.275,253.6335449185078,-6.081308250152347,-4.217718722207697,-1.86358952794465
2026-04-10,2449,12317884,3415494314,280.0,282.5,273.5,277.5,2.5,16497,271.9,273.95,285.84999999999997,57.764441110277495,44.26043104979143,49.12304937810815,47.658846289179436,318.60072518281237,285.84999999999997,253.09927481718756,-5.672427616138975,-4.508660500993953,-1.1637671151450224
2026-04-13,2449,39987329,11643783882,281.0,301.5,274.0,295.0,17.5,39114,279.1,274.65,285.59999999999997,67.39538145405909,56.31942405891326,60.74320368902293,53.716004864606326,317.98919572944124,285.59999999999997,253.2108042705587,-3.8914250952893212,-4.385213419853026,0.49378832456370514
2026-04-14,2449,33693374,10131449067,308.0,308.0,291.0,301.0,6.0,36647,285.7,276.9,285.87499999999994,81.16799127318053,68.77593794583909,64.02943460809772,55.612636068628476,318.68639283846596,285.87499999999994,253.06360716153392,-1.9730735465291218,-3.9027854451882455,1.9297118986591237
2026-04-15,2449,28983839,8569001857,303.0,304.0,290.0,291.0,-10.0,49255,287.9,278.8,286.025,80.05175983436845,76.20504418720274,55.06621586959204,51.80253498488685,318.90124522356575,286.025,253.14875477643417,-1.2453271929816765,-3.371293794746932,2.1259666017652554
2026-04-16,2449,24883282,7093476449,293.0,295.0,281.5,283.5,-7.5,42536,289.6,281.05,285.49999999999994,69.20634920634912,76.80870010463275,49.05730123753842,49.086288609394494,318.18485887991716,285.49999999999994,252.8151411200827,-1.259254383872019,-2.9488859125719493,1.6896315286999304
2026-04-17,2449,27061832,7496248724,283.5,284.5,274.0,275.0,-8.5,45126,289.1,280.5,283.09999999999997,49.206349206349124,66.15481941568895,42.871649727981655,46.133854370196964,311.13676158189554,283.09999999999997,255.0632384181044,-1.9338782014200433,-2.7458843703415683,0.812006168921525
2026-04-20,2449,25391077,7000062130,277.0,283.0,271.0,271.0,-4.0,36400,284.3,281.7,280.84999999999997,26.666666666666583,48.359788359788325,40.09596389121627,44.769192531868775,304.9043135424834,280.84999999999997,256.7956864575165,-2.7594794464914116,-2.748603385571537,-0.010876060919874586
2026-04-21,2449,26718859,7421622375,274.5,282.0,269.0,281.0,10.0,29775,280.3,283.0,279.49999999999994,19.14529914529906,31.672771672771642,49.611225036899846,48.843300341566234,300.0888319241315,279.49999999999994,258.9111680758684,-2.5771501718721765,-2.714312742831665,0.13716257095948858
2026-04-22,2449,24583028,7001985024,280.0,289.5,277.0,287.5,6.5,27613,279.6,283.75,279.57499999999993,26.068376068375983,23.960113960113926,55.02829146256597,51.355108153220016,300.2686584489102,279.57499999999993,258.8813415510897,-1.8864118493428919,-2.5487325641339105,0.6623207147910186
2026-04-23,2449,55713491,16073128242,293.0,303.0,272.0,277.5,-10.0,63213,278.4,284.0,279.525,33.33333333333325,26.182336182336144,46.127584429779596,47.49168076003997,300.2336334652973,279.525,258.81636653470264,-2.121458327710627,-2.463277716849254,0.34181938913862675
2026-04-24,2449,36880960,10461896184,284.0,291.0,274.0,286.0,8.5,54156,280.6,284.85,279.4,37.60683760683752,32.3361823361823,53.57426878389444,50.87465236385008,299.91974658713053,279.4,258.8802534128694,-1.6033727101615796,-2.291296715511719,0.6879240053501396
2026-04-27,2449,32859139,9384187757,292.0,296.0,279.0,283.5,-2.5,33435,283.1,283.7,279.17499999999995,35.60439560439552,35.514855514855476,51.14824472504975,49.85722341508869,299.4093149130408,279.17499999999995,258.9406850869591,-1.3786233207979421,-2.108762036568964,0.7301387157710217
2026-04-28,2449,25169719,7201248765,288.0,290.0,282.0,283.5,0.0,22372,283.6,281.95,279.42499999999995,42.55512461394806,38.58878594172708,51.14824472504975,49.857223415088704,299.7431569046045,279.42499999999995,259.1068430953954,-1.1868268098059502,-1.9243749912163612,0.737548181410411
2026-04-29,2449,32863838,9163375303,281.5,287.5,272.5,283.5,0.0,29372,282.8,281.2,279.99999999999994,42.24089635854333,40.13347219229568,51.14824472504975,49.857223415088704,300.0947754404,279.99999999999994,259.9052245595999,-1.0230337962389626,-1.7441067522208815,0.7210729559819189
2026-04-30,2449,71863037,21704401588,287.0,311.0,286.5,302.5,19.0,74094,287.8,283.1,282.07499999999993,55.0186741363211,46.60489836960421,68.41147747019161,57.85727662538081,302.4619443517197,282.07499999999993,261.68805564828017,0.6326220838632821,-1.2687609850040489,1.901383068867331
2026-05-04,2449,30326432,10057974787,328.5,332.5,324.5,332.5,30.0,19663,297.1,288.85,284.67499999999995,74.13632119514465,57.13196389666973,80.86660943100418,66.85047451898937,314.6187389115006,284.67499999999995,254.7312610884993,4.31574139637803,-0.15186050872763324,4.4676019051056635
2026-05-05,2449,60762678,21477122427,341.0,364.5,341.0,354.0,21.5,62171,311.2,297.15,289.42499999999995,89.47018447018439,72.87505993388342,85.61045116971923,71.53814099256304,329.8691281275798,289.42499999999995,248.9808718724201,8.867293662349596,1.6519703254878126,7.215323336861783
2026-05-06,2449,57121125,19263954672,362.0,362.5,325.0,328.5,-25.5,78352,320.2,301.9,292.44999999999993,83.24324324324317,82.28324963619077,63.74220897878442,60.59370682448899,335.0256972931762,292.44999999999993,249.87430270682367,10.298084826146749,3.3811932256196,6.916891600527149
2026-05-07,2449,30225784,10138346315,332.5,343.5,327.0,339.0,10.5,37624,331.3,307.05,295.4,74.00411280846056,82.23918017396274,67.70513911123109,63.09721280827914,342.09325433079243,295.4,248.70674566920752,12.139324799763926,5.132819540448465,7.006505259315461
2026-05-08,2449,40147269,12796627240,336.0,341.0,306.5,311.0,-28.0,65437,333.0,310.4,297.19999999999993,58.40383862122986,71.88373155764457,50.52469764172961,53.361561799595314,343.3815980667642,297.19999999999993,251.01840193323568,11.209933613284306,6.348242355015634,4.861691258268673
2026-05-11,2449,63413896,18989466854,316.0,316.0,294.0,299.5,-11.5,90542,326.4,311.75,298.29999999999995,47.82608695652167,60.07801279540406,45.04736995979504,49.95248773934603,343.59172109779155,298.29999999999995,253.00827890220833,9.436650676717306,6.965924019355969,2.470726657361338
2026-05-12,2449,41675314,12450146315,302.5,302.5,295.0,301.0,1.5,53256,315.8,313.5,298.59999999999997,34.057971014492686,46.76263219741477,45.93921127227341,50.39761944188017,343.87979681933285,298.59999999999997,253.32020318066708,8.059444379672243,7.184628091419223,0.8748162882530197
2026-05-13,2449,36714364,11027981495,297.0,306.0,294.0,305.0,4.0,44062,311.1,315.65,298.79999999999995,28.01467855815675,36.6329121763904,48.5376030641441,51.6330217338375,344.1557052640583,298.79999999999995,253.4442947359416,7.207679396179174,7.189238352371214,0.018441043807960078
2026-05-14,2449,39127707,11686105875,309.0,309.0,295.5,296.0,-9.0,57863,302.5,316.9,299.04999999999995,19.17769634004595,27.083448637565155,43.09976280313556,48.69434628889934,344.2859370412524,299.04999999999995,253.8140629587475,5.7402546439133175,6.899441610679634,-1.1591869667663168
2026-05-15,2449,36263194,10895768914,299.5,306.5,295.5,299.5,3.5,39618,300.2,316.6,299.84999999999997,11.452082196762982,19.548152364988585,45.85210255311898,49.88879940616571,344.52001231251324,299.84999999999997,255.17998768748666,4.804349158304319,6.480423120204572,-1.6760739619002525
2026-05-18,2449,28058967,8248703528,298.0,299.5,286.0,295.0,-4.5,40695,299.3,312.85,300.84999999999997,7.467667918231058,12.699148818346691,42.75027175084933,48.33083568652649,344.1236640463932,300.84999999999997,257.57633595360676,3.6573650979747185,5.915811515758601,-2.2584464177838823
2026-05-19,2449,25944056,7635444205,297.0,302.0,289.0,289.0,-6.0,32829,296.9,306.35,301.74999999999994,8.261171875472295,9.060307330155473,38.67993695080605,46.256630566101194,343.2138396678372,301.74999999999994,260.2861603321627,2.2384190097053533,5.180333014547951,-2.941914004842598
2026-05-20,2449,33608273,9408626552,288.5,289.0,276.5,277.5,-11.5,49815,291.4,301.25,301.57499999999993,6.1774949278666,7.302111573856678,31.890342729352156,42.49245004226058,343.41550071402315,301.57499999999993,259.7344992859767,0.1838211455660712,4.181030640751575,-3.997209495185504
2026-05-21,2449,22235703,6399817878,286.0,292.5,285.0,286.0,8.5,27455,289.4,295.95,301.49999999999994,10.27280393754642,8.237156913628466,40.8444346118191,45.99085076171372,343.44639436233,301.49999999999994,259.5536056376699,-0.7499386755751516,3.1948367774862296,-3.944775453061381
2026-05-22,2449,26407806,7831615608,292.0,301.0,290.5,296.0,10.0,32351,288.7,294.45,302.42499999999995,28.533673502763815,14.994657456058974,49.88699047750624,49.85569555118321,343.0073545398749,302.42499999999995,261.842645460125,-0.6752497756080516,2.4208194668673735,-3.096069242475425
2026-05-25,2449,53596825,16740011640,305.0,318.5,302.5,317.0,21.0,57086,293.1,296.2,303.97499999999997,60.15973477998788,32.98873740676607,63.54114242354253,56.84037337118,344.2967993150118,303.97499999999997,263.6532006849881,1.0661759981622936,2.1498907731263577,-1.083714774964064
2026-05-26,2449,100783059,33522073189,319.5,348.5,308.0,338.5,21.5,103011,303.0,299.95,306.72499999999997,80.84656084656079,56.51332304310419,72.4931596325667,62.58629081077548,348.55976425175686,306.72499999999997,264.8902357482431,4.133490481906449,2.546610714882376,1.5868797670240733
2026-05-27,2449,95192733,30805625536,344.5,345.0,308.5,315.5,-23.0,124787,310.6,301.0,308.32499999999993,78.90211640211635,73.30280400955503,55.48882788901,54.263589966008496,348.9135143852317,308.32499999999993,267.7364856147682,4.654793960829579,2.9682473640718166,1.6865465967577626
2026-05-28,2449,72840078,23573939442,315.5,334.0,312.0,320.0,4.5,79042,317.4,303.4,310.15,66.8981481481481,75.54894179894178,57.750924839031484,55.51015607122073,349.3687455179286,310.15,270.9312544820714,5.36915088635817,3.448428068529087,1.9207228178290832
2026-05-29,2449,68983487,22141333928,329.0,329.5,311.5,328.5,8.5,86382,323.9,306.3,311.44999999999993,62.26851851851847,69.35626102292768,62.00602791001244,57.84721982707492,351.2870430629604,311.44999999999993,271.6129569370395,6.545708011642887,4.067884057151847,2.47782395449104
2026-06-01,2449,51661349,16604612288,328.5,329.5,317.0,318.0,-10.5,65688,324.1,308.6,310.72499999999997,63.425925925925874,64.19753086419752,54.14675333029615,54.06878980101969,349.5173639393127,310.72499999999997,271.93263606068723,6.555310226476877,4.565369291016853,1.989940935460024
2026-06-02,2449,48921030,15087448885,320.5,324.0,298.0,306.5,-11.5,66950,317.7,310.35,308.34999999999997,54.57312627588214,60.08919024010887,46.59955667381906,50.20123464984225,341.6863165331761,308.34999999999997,275.0136834668238,5.570750021842798,4.766445437182042,0.8043045846607564
2026-06-03,2449,46358752,14903242768,309.5,328.0,309.0,322.5,16.0,47216,319.1,314.85,308.04999999999995,48.88985679950921,55.629636333772446,56.45211925673209,55.02180790535674,340.7576443664183,308.04999999999995,275.34235563358163,6.012239889758064,5.015604327697246,0.9966355620608178
2026-06-04,2449,39706538,12954227452,320.5,333.0,315.5,322.0,-0.5,57056,319.5,318.45,307.19999999999993,45.5184779949621,49.66048702345119,56.07492087539347,54.84314386167792,337.4364019023455,307.19999999999993,276.96359809765437,6.24973491573428,5.262430445304653,0.9873044704296268
2026-06-05,2449,28827200,8893792545,317.5,317.5,300.5,309.5,-12.5,58067,315.7,319.8,307.12499999999994,41.82314783202454,45.410494208831985,46.92917221481785,50.434036040638595,337.3307527633417,307.12499999999994,276.9192472366582,5.367433469809839,5.2834310502056905,0.08400241960414867
2026-06-08,2449,37192419,10492762311,279.5,289.5,279.0,288.5,-21.0,54668,309.8,316.95,306.57499999999993,28.23032303230319,38.52398295309665,35.561198646137754,44.02977780313409,337.70260029299016,306.57499999999993,275.4473997070097,2.939790644999448,4.814702969164442,-1.8749123241649936
2026-06-09,2449,23113376,6681823299,290.0,293.0,283.5,291.0,2.5,31757,306.7,312.2,306.07499999999993,19.661466146614618,29.904979003647487,37.658612484162404,44.926368488873045,337.8590762017736,306.07499999999993,274.2909237982263,1.203719592569655,4.092506293845484,-2.888786701275829
2026-06-10,2449,31183365,8741326894,287.0,291.0,271.5,272.0,-19.0,51831,296.6,307.85,304.42499999999995,12.34170978073413,20.077832986550685,29.224428288102573,39.71883608517201,339.5152764309449,304.42499999999995,269.33472356905503,-1.6858371532664478,2.936837604423098,-4.622674757689546
2026-06-11,2449,20303142,5482407954,269.5,275.5,263.5,272.0,0.0,30910,286.6,303.05,303.22499999999997,11.620468591867043,14.541214839738636,29.224428288102573,39.718836085172015,340.92974108119665,303.22499999999997,265.5202589188033,-3.9305230691976476,1.5633654696989487,-5.493888538896597
2026-06-12,2449,16442069,4659439334,285.0,287.0,280.5,282.0,10.0,18588,281.1,298.4,302.34999999999997,13.220642997796844,12.39427379013271,39.00982864017662,43.702096104694654,341.1560562283787,302.34999999999997,263.54394377162123,-4.84666704242926,0.2813589672733068,-5.128026009702567
2026-06-15,2449,24332715,6909370341,292.0,298.0,280.5,281.0,-1.0,34873,279.6,294.7,301.65,21.34292565947238,15.39467908304546,38.39057773514563,43.39330524058585,341.4533918152719,301.65,261.84660818472804,-5.588983066557432,-0.892709439492841,-4.696273627064591
2026-06-16,2449,15208454,4249952571,284.0,284.0,277.5,278.0,-3.0,23349,277.0,291.85,301.09999999999997,24.220623501199,19.594730719489444,36.3698748639324,42.42483065060248,341.87940656753204,301.09999999999997,260.3205934324679,-6.346193819745508,-1.9834063155433745,-4.362787504202133
2026-06-17,2449,8684534,2422924897,276.0,281.5,273.0,280.5,2.5,15763,278.7,287.65,301.24999999999994,25.84154898303575,23.80169938123575,39.46752107015284,43.55538501674548,341.70182319747886,301.24999999999994,260.798176802521,-6.667698611334515,-2.920264774701603,-3.7474338366329123
2026-06-18,2449,52543047,16053690850,287.0,308.5,287.0,308.5,28.0,32512,286.0,286.3,302.37499999999994,50.78159694466644,33.61458980963377,63.002248733848354,54.3639287282864,342.3160503116792,302.37499999999994,262.4339496883207,-4.609986426837736,-3.2582091051288296,-1.3517773217089064
2026-06-22,2449,81551317,27012879769,314.0,339.0,314.0,339.0,30.5,77097,297.4,289.25,304.525,77.16049382716045,51.261213251620916,75.23732862381014,62.7348622121614,347.38462552332913,304.525,261.6653744766708,-0.5122348700173234,-2.7090142581065284,2.196779388089205
2026-06-23,2449,76716982,25877127021,338.5,353.5,325.0,329.5,-9.5,78903,307.1,293.35,305.15,91.11111111111107,73.01773396097936,67.16589229161869,59.098630834493704,349.0704963542081,305.15,261.22950364579185,1.9462569180330433,-1.777960022878614,3.7242169409116572
2026-06-24,2449,42402486,13901489285,329.5,336.5,318.0,333.5,4.0,65095,318.2,297.6,304.9,83.70370370370365,83.99176954732509,68.80958916558902,60.146084043634005,348.1094896984453,304.9,261.69051030155464,4.169334450915471,-0.5885011281197969,4.757835579035268
2026-06-25,2449,33666372,11323191207,338.5,347.0,330.0,334.5,1.0,33712,329.0,303.85,305.84999999999997,75.83620887968709,83.55034123150064,69.25844730822125,60.41898708865914,350.75222711625867,305.84999999999997,260.94777288374127,5.943320159573545,0.7178631294188715,5.225457030154674
2026-06-26,2449,52126159,17168471048,330.0,349.5,306.5,308.0,-26.5,61352,328.9,307.45,305.24999999999994,65.88451805843106,75.1414768806073,47.93241757154338,50.5420784664275,349.6982845563261,305.24999999999994,260.8017154436738,5.151504744310557,1.6045914523972087,3.5469132919133486
2026-06-29,2449,16785342,5192831026,311.0,316.0,304.0,308.5,0.5,21591,322.8,310.1,304.24999999999994,54.65838509316766,65.45970401042864,48.282961001186315,50.705817445641756,347.4431707564996,304.24999999999994,261.05682924350026,4.512315974582464,2.1861363568342598,2.326179617748204
2026-06-30,2449,38132875,12757299299,315.5,339.0,313.5,337.5,29.0,40675,324.4,315.75,305.22499999999997,55.900621118012374,58.8145080898704,64.46941095611677,59.15263220532195,350.44830704404615,305.22499999999997,260.0016929559538,6.273494961552387,3.0036080777778853,3.269886883774502
2026-07-01,2449,37186130,12556078428,342.0,346.0,329.0,331.0,-6.5,40417,323.9,321.05,306.44999999999993,63.463005339435504,58.007337183538546,59.592220933015106,56.80316245192423,353.0513948289116,306.44999999999993,259.84860517108825,7.063324709616495,3.8155514041456073,3.2477733054708877
