date,stock_id,Trading_Volume,Trading_money,open,max,min,close,spread,Trading_turnover,SMA5,SMA10,SMA20,K,D,RSI_7,RSI_14,BB_Upper,BB_Middle,BB_Lower,MACD,MACD_Signal,MACD_Hist
2020-01-02,2454,6237434,2758621262,445.0,446.0,440.5,441.5,-2.0,4171,,,,,,,,,,,,,
2020-01-03,2454,12375266,5364928476,445.0,445.5,423.0,434.5,-7.0,9265,,,,,,,,,,,,,
2020-01-06,2454,8520516,3632830840,428.0,431.5,424.0,424.0,-10.5,6039,,,,,,,,,,,,,
2020-01-07,2454,11707155,4982703572,428.0,431.0,418.0,426.0,2.0,7952,,,,,,,,,,,,,
2020-01-08,2454,9695448,4178143323,426.0,436.5,424.0,430.5,4.5,6606,431.3,,,,,,,,,,,,
2020-01-09,2454,7061194,3077279278,435.0,439.0,432.5,437.0,6.5,4873,430.4,,,,,,,,,,,,
2020-01-10,2454,7882248,3401903337,439.5,441.0,426.0,432.0,-5.0,5974,429.9,,,,,,,,,,,,
2020-01-13,2454,10239998,4358608124,432.0,435.0,422.0,422.0,-10.0,8127,429.5,,,,,28.57142857142857,,,,,,,
2020-01-14,2454,19437055,8113096100,422.5,424.5,412.5,416.0,-6.0,12927,427.5,,,,,24.76190476190476,,,,,,,
2020-01-15,2454,26086092,10741727720,409.0,419.0,406.5,416.0,0.0,17129,424.6,427.95,,,,24.761904761904756,,,,,,,
2020-01-16,2454,13075722,5495435494,419.0,423.5,415.0,421.0,5.0,8603,421.4,425.9,,,,34.64572960551513,,,,,,,
2020-01-17,2454,8818316,3724242970,428.0,428.0,418.5,420.5,-0.5,5956,419.1,424.5,,,,34.12275793563475,,,,,,,
2020-01-20,2454,6172773,2590427739,421.0,422.0,417.0,419.0,-1.5,4178,418.5,424.0,,39.61352657004831,33.62710786461597,32.41045117024802,,,,,,,
2020-01-30,2454,22330256,8733286560,400.0,400.5,382.5,383.5,-35.5,14587,412.0,419.75,,26.17366530410008,33.814360625954826,13.586170466410985,,,,,,,
2020-01-31,2454,10439123,4053010283,385.0,393.0,382.0,388.0,4.5,6604,406.4,415.5,,16.036925764265476,27.274705879471288,20.421508056337295,22.84263959390863,,,,,,
2020-02-03,2454,10641830,4039690053,376.5,387.0,373.0,382.0,-6.0,6696,398.6,410.0,,8.798340755694491,17.002977274686682,18.184059370747356,21.436423598387687,,,,,,
2020-02-04,2454,9511276,3714645692,384.0,396.5,384.0,390.5,8.5,6475,392.6,405.85,,18.83460079195453,14.556622437304833,30.72808499566938,28.181607359117734,,,,,,
2020-02-05,2454,16355382,6272530188,390.5,390.5,378.5,381.0,-9.5,11107,385.0,401.75,,20.293255131964802,15.975398893204607,25.608501404154033,25.542124088076413,,,,,,
2020-02-06,2454,10507866,4040943705,381.0,390.5,380.0,382.0,1.0,7266,384.7,398.35,,20.909090909090903,20.012315611003412,27.100090892816187,26.324360711091444,,,,,,
2020-02-07,2454,10226510,3905283810,380.5,385.5,379.0,381.0,-1.0,6890,383.3,394.85,411.4,15.151515151515143,18.784620397523614,26.480647818469176,26.029861562213018,453.78702631702333,411.4,369.0129736829766,,,
2020-02-10,2454,11049172,4211632204,377.5,386.5,375.0,380.0,-1.0,7215,382.9,390.75,408.325,15.064935064935057,17.041847041847035,25.79282534560024,25.719990022559358,450.45370161778226,408.325,366.1962983822177,,,
2020-02-11,2454,11384133,4418605620,382.0,391.5,382.0,390.0,10.0,7917,382.8,387.7,406.1,30.21645021645021,20.144300144300136,43.050566589745166,34.160712777073925,447.15070035943256,406.1,365.0492996405675,,,
2020-02-12,2454,13600808,5440307816,398.0,403.5,395.0,401.5,11.5,8503,386.9,385.95,404.975,56.51550635157192,33.93229721098573,56.59408736598157,42.283255965921725,445.2272980710411,404.975,364.72270192895894,,,
2020-02-13,2454,15526270,6348760210,408.5,412.0,406.5,408.5,7.0,8732,392.2,388.45,404.1,82.0954819315475,56.27581283318988,62.865516852061006,46.60162573268939,443.23131738134936,404.1,364.9686826186507,,,
2020-02-14,2454,9177582,3724845554,407.0,408.0,403.5,405.5,-3.0,6104,397.1,390.2,402.85,88.96689880296437,75.85929569536127,58.62998966637024,45.0460795795433,440.07915524155624,402.85,365.6208447584438,,,
2020-02-17,2454,9237824,3669593100,397.5,399.5,394.0,398.0,-7.5,6894,400.7,391.8,400.9,78.54007854007854,83.20081975819681,49.0008887459142,41.331672447596915,434.69733717321714,400.9,367.1026628267828,,,
2020-02-18,2454,7500223,2956294585,394.0,396.5,392.0,392.0,-6.0,5297,401.1,391.95,398.9,63.51351351351351,77.00683028551882,42.48806077289597,38.590198119513666,429.7003246736139,398.9,368.09967532638603,,,
2020-02-19,2454,9008260,3519298920,395.0,396.0,387.5,388.5,-3.5,6307,398.5,392.7,397.225,48.19819819819819,63.41726341726342,38.963632532689196,37.04654268549907,426.4199910087316,397.225,368.03000899126846,,,
2020-02-20,2454,8177571,3199218235,391.5,394.0,387.5,394.0,5.5,5293,395.6,393.9,396.125,44.59459459459459,52.1021021021021,47.02057782825464,41.03794321901299,424.0371389363127,396.125,368.2128610636873,,,
2020-02-21,2454,7800080,3038322028,394.0,394.0,388.0,388.0,-6.0,6438,392.1,394.6,394.725,35.945945945945944,42.91291291291291,40.25723997050968,38.19306621258506,421.28526167039576,394.725,368.1647383296043,,,
2020-02-24,2454,13117425,4973563735,382.5,384.5,376.0,377.0,-11.0,8825,387.9,394.3,392.525,24.70970970970971,35.08341675008342,30.785870412909368,33.59496785577142,417.2403292512973,392.525,367.8096707487027,,,
2020-02-25,2454,10230047,3865178360,374.5,383.0,371.0,378.5,1.5,7545,385.2,393.15,390.425,13.690153568202348,24.781936407952674,33.28305308955106,34.7485986270979,412.2430544503851,390.425,368.6069455496149,,,
2020-02-26,2454,10994144,4135433490,375.0,380.0,373.0,375.0,-3.5,7002,382.5,390.5,388.225,10.627090505139284,16.34231792768379,30.306492026145428,33.29512242573959,406.6897637407038,388.225,369.7602362592962,,,
2020-02-27,2454,14733370,5392264050,376.0,378.0,360.0,360.0,-15.0,9355,375.7,385.65,387.05,9.701164579213359,11.339469550851673,20.942065945335063,27.907475979862323,409.192493084563,387.05,364.907506915437,-13.912151036888815,-14.204485254168029,0.2923342172792136
2020-03-02,2454,11727602,4237999575,356.0,368.0,353.5,363.0,3.0,7845,370.7,381.4,385.8,10.96794468887492,10.432066591075865,26.258657776846594,30.33545514236897,410.28550591676475,385.8,361.3144940832353,-14.337367417180246,-14.231061686770472,-0.10630573040977431
2020-03-03,2454,10014005,3747508875,373.0,378.5,371.0,372.0,9.0,6126,369.7,378.8,385.3,21.874145006839942,14.181084758309416,40.308420081003355,37.171676740439686,410.47419313503394,385.3,360.1258068649661,-13.789176633452087,-14.142684676106795,0.3535080426547079
2020-03-04,2454,10894688,4012499436,371.5,372.5,364.0,370.5,-1.5,5720,368.1,376.65,384.3,35.865914554165045,22.90266808329331,38.86845885197815,36.52829728374892,410.1484042060607,384.3,358.4515957939393,-13.322198935278209,-13.978587527941077,0.6563885926628679
2020-03-05,2454,11305601,4317208665,377.5,385.0,376.0,385.0,14.5,7410,370.1,376.3,384.5,54.42749939481965,37.38918631860822,56.42433704175035,46.21881219672952,410.30503826774964,384.5,358.69496173225036,-11.647818129754171,-13.512433648303695,1.864615518549524
2020-03-06,2454,7682406,2914891650,380.0,382.5,376.5,378.5,-6.5,5211,373.8,374.75,384.325,66.37272192827747,52.22204529242074,49.05641288521411,43.04610084972798,410.2427063028355,384.325,358.4072936971645,-10.72176116668254,-12.954299151979464,2.232537985296924
2020-03-09,2454,11652891,4271197888,368.5,371.0,361.0,366.5,-12.0,7613,374.5,372.6,383.6,66.13756613756613,62.3125958202211,38.28791595350316,37.87673897434223,410.63627193234976,383.6,356.5637280676503,-10.831297606820954,-12.529698842947763,1.6984012361268093
2020-03-10,2454,11832469,4357631145,363.5,373.5,362.0,373.5,7.0,7776,374.8,372.25,383.275,61.375661375661366,64.628649813835,46.30886035820575,42.23459069531912,410.6309408538626,383.275,355.91905914613733,-10.23527860571204,-12.070814795500619,1.835536189788579
2020-03-11,2454,9371669,3471915840,373.5,377.0,362.0,363.0,-10.5,6371,373.3,370.7,381.925,44.97354497354496,57.49559082892417,37.72757678819989,37.93582584349219,410.45967189227935,381.925,353.3903281077207,-10.489277637826603,-11.754507363965816,1.2652297261392125
2020-03-12,2454,19312208,6651230970,356.0,358.5,336.0,336.0,-27.0,12801,363.5,366.8,378.65,31.216931216931204,45.85537918871253,24.247818843123987,29.594343147601602,412.06421853044185,378.65,345.2357814695581,-12.72258995486419,-11.948123882145492,-0.7744660727186989
2020-03-13,2454,23633277,7679822957,307.5,348.0,305.0,341.0,5.0,15128,356.0,364.9,375.275,25.05291005291004,33.74779541446209,29.676295238726997,32.55203865249928,409.5714648324018,375.275,340.9785351675982,-13.928488893228518,-12.344196884362097,-1.5842920088664219
2020-03-16,2454,12157253,4020202713,333.0,342.5,320.0,320.0,-21.0,8087,346.7,360.6,371.0,21.24999999999999,25.8399470899471,21.963912203225743,27.354390040535883,410.134383858699,371.0,331.865616141301,-16.389765965813353,-13.153310700652348,-3.2364552651610055
2020-03-17,2454,14400860,4580804120,308.0,328.5,308.0,315.5,-4.5,9491,335.1,354.95,366.875,25.62499999999999,23.975970017636694,20.62395517097152,26.382272396724026,410.84871373900546,366.875,322.90128626099454,-18.49031334785775,-14.220711230093428,-4.269602117764322
2020-03-18,2454,14131612,4441650824,315.5,321.5,301.5,301.5,-14.0,9639,322.8,348.05,362.35,10.624999999999991,19.16666666666668,16.885040235041977,23.575235995265746,413.14675186466104,362.35,311.553248135339,-21.0421346489141,-15.584995913857563,-5.457138735056537
2020-03-19,2454,25712419,7248969225,291.0,298.5,273.0,274.0,-27.5,16966,310.4,336.95,356.625,4.695512820512811,13.648504273504285,11.929046022841199,19.243929284415835,418.8631514828326,356.625,294.3868485171674,-24.995360629526147,-17.46706885699128,-7.5282917725348675
2020-03-20,2454,17586676,5245651976,296.0,301.0,287.0,301.0,27.0,8826,302.4,329.2,351.975,9.294871794871787,8.205128205128217,34.088831878066614,32.3797044857284,416.21320903481035,351.975,287.7367909651897,-25.653923883515347,-19.104439862296093,-6.5494840212192535
2020-03-23,2454,21198004,6537935776,307.0,314.0,296.0,308.0,7.0,14232,300.0,323.35,347.975,20.512820512820504,11.501068376068387,38.7502518378583,35.31727173046006,412.7032588982582,347.975,283.24674110174186,-25.319135277569387,-20.34737894535075,-4.971756332218636
2020-03-24,2454,13447078,4486612738,336.0,338.5,326.0,330.0,22.0,8947,302.9,319.0,345.625,42.41452991452991,24.074074074074087,51.36271653506426,43.6087471936032,409.3728431007668,345.625,281.8771568992332,-23.013313603081087,-20.880565876896817,-2.13274772618427
2020-03-25,2454,20283591,6973782076,348.0,353.0,330.0,334.5,4.5,13754,309.5,316.15,343.425,59.06517094017094,40.6641737891738,53.640792900147936,45.15733750239143,405.4977597259858,343.425,281.3522402740142,-20.585523817050785,-20.82155746492761,0.2360336478768268
2020-03-26,2454,11554093,3906131492,339.0,345.0,328.0,343.5,9.0,8461,323.4,316.9,341.85,77.22222222222221,59.5673076923077,58.208172577227515,48.220015836461904,402.21315101119194,341.85,281.4868489888081,-17.730867730365503,-20.20341951801519,2.472551787649685
2020-03-27,2454,13224545,4583620030,359.5,359.5,336.5,340.0,-3.5,9161,331.2,316.8,340.85,80.81888246628131,72.3687585428915,55.717618447007425,47.11801962230841,400.6372059892412,340.85,281.06279401075886,-15.571454924781733,-19.277026599368497,3.705571674586764
2020-03-30,2454,11164349,3697049811,329.5,336.5,323.0,336.5,-3.5,7513,336.9,318.45,339.525,79.66401734104046,79.23504067651469,53.06853343332338,45.986231177916224,398.4584158181933,339.525,280.59158418180664,-13.981357086506364,-18.21789269679607,4.236535610289707
2020-03-31,2454,10956002,3640562391,339.0,343.5,326.0,327.5,-9.0,7793,336.4,319.65,337.3,71.29094412331408,77.25794797687864,46.44401434230025,43.118112507520635,394.4956292036373,337.3,280.10437079636273,-13.294170950119565,-17.23314834746077,3.938977397341205
2020-04-01,2454,6677209,2209097396,333.0,334.0,325.5,334.0,6.5,4960,336.3,322.9,335.475,67.08125705933162,72.6787395078954,51.54095691960432,45.74975293428093,390.60890517639706,335.475,280.341094823603,-12.085758211353607,-16.203670320239336,4.117912108885729
2020-04-06,2454,8234391,2805449722,346.0,346.0,336.5,341.0,7.0,5494,335.8,329.6,333.275,66.23316942866695,68.2017902037709,56.71649617684152,48.51239492349362,383.63319198501875,333.275,282.9168080149812,-10.442862097376235,-15.051508675666716,4.608646578290481
2020-04-07,2454,10214322,3551388356,348.0,350.0,346.0,347.0,6.0,5632,337.2,334.2,331.7,67.14905086557144,66.82115911785668,60.893194558071414,50.82400173995772,378.1180999180278,331.7,285.2819000819722,-8.558053323207389,-13.752817605174851,5.194764281967462
2020-04-08,2454,6885590,2399316273,346.0,352.0,345.0,349.5,2.5,4941,339.8,338.35,330.85,69.74076870528171,67.70766299984005,62.6454204926601,51.79512789669454,375.26745152527235,330.85,286.4325484747277,-6.78439341953424,-12.359132768046729,5.574739348512489
2020-04-09,2454,8237776,2892865250,356.0,356.0,347.5,351.5,2.0,5200,344.6,340.5,329.75,72.14611872146119,69.67864609743813,64.14485010112116,52.60154790822388,370.85413604492845,329.75,288.64586395507155,-5.157914652616171,-10.918889144960618,5.760974492344447
2020-04-10,2454,6619621,2318809264,352.5,352.5,348.0,350.0,-1.5,4052,347.8,342.05,329.1,74.88584474885845,72.25757739186713,61.968342620106895,51.90027674331835,368.4542882034468,329.1,289.7457117965532,-3.944486391895566,-9.524008594347608,5.579522202452042
2020-04-13,2454,7148004,2515220408,349.0,354.5,348.5,351.5,1.5,4177,349.9,342.85,329.875,79.4728102947281,75.50159125501592,63.416546991918764,52.581083360753524,370.3371736934634,329.875,289.4128263065366,-2.8291852031042595,-8.185043916098937,5.355858712994678
2020-04-14,2454,13578196,4929041591,354.0,368.5,353.5,365.5,14.0,8960,353.6,345.4,331.1,84.45316497243863,79.60394000534174,74.13933739101144,58.486993541939356,374.23073150318567,331.1,287.9692684968144,-0.8063231867793661,-6.709299770235023,5.902976583455657
2020-04-15,2454,8890815,3253892664,370.0,370.5,363.5,365.5,0.0,5873,356.8,348.3,333.375,89.42526035549292,84.45041187421991,74.13933739101144,58.486993541939356,378.66945330280544,333.375,288.08054669719456,0.7877290845495395,-5.20989399927811,5.99762308382765
2020-04-16,2454,6871648,2491533020,361.0,365.5,360.5,361.5,-4.0,4174,358.8,351.7,335.675,85.14718548918276,86.34187027237147,66.55324868806925,56.168892339787114,381.76976651421484,335.675,289.5802334857852,1.7085651480174988,-3.8262021698189885,5.534767317836487
2020-04-17,2454,13317197,4923770465,379.0,379.0,363.0,368.0,6.5,8819,362.4,355.1,339.0,76.6884531590414,83.75363300123905,71.98730635540943,59.01184429707067,384.34203347888166,339.0,293.65796652111834,2.929065594916665,-2.4751486168718575,5.404214211788522
2020-04-20,2454,5979488,2213219259,371.0,373.5,366.5,370.0,2.0,3799,366.1,358.0,343.8,71.5686274509804,77.8014220330682,73.53103408452529,59.87424988412211,380.0069054187182,343.8,307.59309458128183,4.01146263342838,-1.1778263668118099,5.18928900024019
2020-04-21,2454,11421460,4098032604,367.0,367.0,352.0,353.5,-16.5,8627,363.7,358.65,346.425,53.40802987861812,67.22170349621332,48.046437498453706,50.444400043162105,377.0162977822118,346.425,315.83370221778824,3.4975405110836846,-0.24275299123271088,3.7402935023163955
2020-04-22,2454,12142371,4208265880,350.0,352.0,342.0,346.0,-7.5,9299,359.8,358.3,348.325,34.46261387437859,53.14642373465906,40.586824863176716,46.83374822161335,373.3475398391131,348.325,323.3024601608869,2.456746363821196,0.2971468797780705,2.1595994840431256
2020-04-23,2454,8791011,3063268876,347.5,351.0,344.0,351.0,5.0,5965,357.7,358.25,349.375,18.06091806091807,35.31052060463828,46.98833003171921,49.43234495923915,372.9543871845726,349.375,325.7956128154274,2.0121726431589195,0.6401520324542403,1.3720206107046793
2020-04-24,2454,6025467,2112875917,351.0,353.0,348.0,348.5,-2.5,4076,353.8,358.1,350.075,17.567567567567576,23.3636998342881,44.20968209378473,48.16473196986424,372.65657434724267,350.075,327.4934256527573,1.4414989572479158,0.8004214174129755,0.6410775398349403
2020-04-27,2454,13194986,4820204264,357.0,374.0,355.5,372.0,23.5,9305,354.2,360.15,351.5,40.990990990991,25.539825539825568,66.15717033087063,58.84750840526933,375.77550205454025,351.5,327.22449794545975,2.85260648016947,1.2108584299642744,1.6417480502051958
2020-04-28,2454,10769852,3988722587,374.5,375.0,363.5,375.0,3.0,7675,358.5,361.1,353.25,62.61261261261262,40.390390390390415,68.03028732463126,59.981367558819024,378.9608926332788,353.25,327.5391073667212,4.164982955618939,1.8016833350952073,2.3632996205237315
2020-04-29,2454,31507975,12411291051,400.0,400.0,386.5,398.0,23.0,21633,368.9,364.35,356.325,88.94066480273379,64.1814228021125,78.6163334233965,67.39788490050331,387.4317114944679,356.325,325.2182885055321,6.980491784468313,2.8374450249698286,4.1430467594984846
2020-04-30,2454,22045679,9056156448,412.0,415.5,405.0,415.0,17.0,14050,381.7,369.7,360.7,95.02021373942557,82.19116371825734,83.36597019363859,71.58900398722258,398.29574444003015,360.7,323.10425555996983,10.462950362233869,4.362546092422637,6.100404269811232
2020-05-04,2454,11748303,4709062700,404.0,405.0,398.0,399.5,-15.5,8589,391.9,372.85,363.975,91.36758151536476,91.77615335250806,67.43348880670294,63.565351055308284,403.07803696645556,363.975,324.8719630335445,11.835669186839539,5.857170711306017,5.978498475533522
2020-05-05,2454,7287899,2917832410,403.5,405.5,396.0,401.5,2.0,5685,397.8,376.0,367.0,86.16780045351474,90.85186523610172,68.34422510702198,64.12409351936144,407.8472765310002,367.0,326.1527234689998,12.935825882050892,7.272901745454992,5.6629241365959
2020-05-06,2454,10340772,4204073308,405.0,409.5,401.5,408.0,6.5,6072,404.4,381.45,370.05,82.89805432662577,86.8111454318351,71.37906244238043,65.95161164695594,413.49525290523684,370.05,326.6047470947632,14.168873710127627,8.652096138389519,5.516777571738109
2020-05-07,2454,8184230,3379054800,412.0,415.0,411.0,411.0,3.0,5478,407.0,387.95,373.125,87.93206793206794,85.66597423740284,72.78401362994958,66.79240414234992,418.95716665181806,373.125,327.29283334818194,15.212784416340128,9.964233793979641,5.2485506223604865
2020-05-08,2454,6884964,2852857389,415.0,418.0,411.5,411.5,0.5,4489,406.3,394.0,376.125,90.81460761460762,87.21490995776712,73.04133232714659,66.93893951730654,423.72318799072104,376.125,328.52681200927896,15.897184150081102,11.150823865199934,4.746360284881169
2020-05-11,2454,6480940,2658770900,415.5,415.5,407.0,410.0,-1.5,4593,408.4,400.15,379.125,89.41814475025485,89.38827343231014,70.70171276323883,65.99804261568504,427.3182308524758,379.125,330.9317691475242,16.132572156287495,12.147173523417447,3.985398632870048
2020-05-12,2454,5093041,2075357228,408.0,409.5,404.0,407.0,-3.0,3520,409.5,403.65,381.9,80.00015533226544,86.7443025657093,65.78494327679199,64.05869362987677,429.80156573641466,381.9,333.9984342635853,15.893829743414585,12.896504767416875,2.99732497599771
2020-05-13,2454,11287740,4685732680,408.5,420.0,407.0,420.0,13.0,7564,411.9,408.15,384.625,83.4668219989321,84.29504069381748,74.68506000186636,68.39295930599508,434.6388730753773,384.625,334.6111269246227,16.56269161659492,13.629742137252483,2.932949479342435
2020-05-14,2454,8304088,3425799668,417.0,419.0,406.5,411.0,-9.0,6379,411.9,409.45,386.9,75.85978835978838,79.775588563662,61.718130559142296,62.75104514621932,437.3644429276697,386.9,336.43555707233025,16.180031356361894,14.139799981074365,2.0402313752875294
2020-05-15,2454,5826797,2391258070,414.0,415.5,404.5,411.0,0.0,4110,411.8,409.05,389.375,75.00000000000001,78.10887011957351,61.71813055914228,62.75104514621932,439.46778890219605,389.375,339.28221109780395,15.695838487445826,14.451007682348656,1.2448308050971697
2020-05-18,2454,25672990,11420605156,452.0,452.0,436.5,440.5,29.5,16188,417.9,413.15,393.0,67.40924092409243,72.75634309462696,78.42786675209588,71.64342063342505,446.7410457657829,393.0,339.2589542342171,17.490891499121915,15.058984445703308,2.431907053418607
2020-05-19,2454,23381164,10775474986,462.5,464.0,458.0,462.0,21.5,14326,428.9,419.2,397.6,78.79812981298132,73.73579024569126,84.26702790770938,76.11820224416283,458.0140712086182,397.6,337.18592879138185,20.413045380074664,16.12979663257758,4.283248747497083
2020-05-20,2454,18969567,8904290369,467.0,479.0,464.0,470.0,8.0,12582,438.9,425.4,403.425,87.29812981298132,77.83516685001837,85.92133850238093,77.53854173608094,468.0278443646251,403.425,338.82215563537494,23.108031521788973,17.52544361041986,5.582587911369114
2020-05-21,2454,9455736,4403000074,470.0,472.0,460.5,464.5,-5.5,6202,449.6,430.75,409.35,88.44444444444447,84.84690135680238,79.23848509208324,74.26825558237324,473.5341880839821,409.35,345.16581191601796,24.517402071316837,18.923835302599255,5.593566768717583
2020-05-22,2454,15484024,6915073334,446.5,455.0,440.0,442.0,-22.5,10880,455.8,433.8,413.9,73.11111111111113,82.95122845617898,57.786989047428236,62.630742121474846,473.64161028964696,413.9,354.158389710353,23.54733737853877,19.848535717787158,3.698801660751613
2020-05-25,2454,11364742,5164434635,451.5,460.0,449.0,460.0,18.0,7958,459.7,438.8,419.475,68.60999254287847,76.72184936614471,66.30164179258344,67.07552455692453,474.37807368444794,419.475,364.5719263155521,23.954866894128145,20.669801953055355,3.2850649410727897
2020-05-26,2454,6684259,3099929881,460.0,468.0,458.0,460.0,0.0,4925,459.3,444.1,423.875,66.55331841909026,69.4248073576933,66.30164179258344,67.07552455692453,476.9276860771443,423.875,370.8223139228557,24.001166464528637,21.336074855350013,2.6650916091786243
2020-05-27,2454,8859230,4103795784,465.0,466.0,459.5,464.5,4.5,5659,458.2,448.55,428.35,76.51006711409399,70.55779269202093,68.46601922394557,68.17311311408673,479.210692091239,428.35,377.489307908761,24.12289784914981,21.893439454109973,2.229458395039835
2020-05-28,2454,10968535,5042125065,468.0,469.0,453.5,460.0,-4.5,7753,457.3,453.45,431.45,70.10922489801293,71.05753681039907,63.69331115689694,65.81045814592534,482.09079383264157,431.45,380.8092061673584,23.584392263321377,22.231630015952256,1.352762247369121
2020-05-29,2454,9592183,4434895676,460.0,467.0,453.5,463.0,3.0,5039,461.5,458.65,433.85,64.93512979103191,70.51814060104628,65.56055675971142,66.64050026584684,485.68058942362046,433.85,382.0194105763796,23.13303441387376,22.411910895536558,0.7211235183372011
2020-06-01,2454,8808266,4094933126,468.0,470.0,460.0,461.5,-1.5,5843,461.8,460.75,436.95,56.46556058320766,63.836638424084164,63.650981834432805,65.78057794448496,487.59474306381674,436.95,386.30525693618324,22.396124025686902,22.408753521566627,-0.012629495879725283
2020-06-02,2454,17040745,8263201631,488.0,490.5,479.5,485.0,23.5,11511,466.8,463.05,441.125,67.73715833121776,63.045949568485774,76.2792895402799,71.8985904991708,493.14026218332486,441.125,389.10973781667514,23.438189971971383,22.61464081164758,0.8235491603238039
2020-06-03,2454,9783845,4795053535,492.0,493.5,487.0,490.0,5.0,6731,471.9,465.05,445.225,79.23168664817598,67.81146852086714,78.16252180858801,73.00449096269391,499.0455118890544,445.225,391.40448811094564,24.386381924507987,22.96898903421966,1.4173928902883262
2020-06-04,2454,8538190,4164028020,485.0,493.0,482.0,490.0,0.0,5735,477.9,467.6,449.175,91.56722875899898,79.51202457946424,78.16252180858802,73.00449096269392,503.9557219740667,449.175,394.3942780259333,24.85135987108788,23.345463201593304,1.5058966694945752
2020-06-05,2454,8958917,4427235038,493.0,497.5,491.0,494.0,4.0,5831,484.1,472.8,453.3,92.54607664378746,87.78166401698746,79.90013425004884,73.95545493951073,508.53440956505256,453.3,398.06559043494747,25.251540770874556,23.726678715449555,1.5248620554250003
2020-06-08,2454,9669114,4816878316,495.5,505.0,493.0,494.5,0.5,6567,490.7,476.25,457.525,87.93064549718855,90.68131696665831,80.13069738055749,74.07837688721443,511.7831560689267,457.525,403.26684393107325,25.317192008361246,24.044781374031892,1.2724106343293542
2020-06-09,2454,7942284,3924509580,491.0,499.5,487.5,497.5,3.0,5550,493.2,480.0,462.05,85.69799941159165,88.7249071841892,81.60754109160422,74.84549865006784,513.7325889444402,462.05,410.36741105555984,25.319429393761254,24.299710977977764,1.0197184157834904
2020-06-10,2454,6677972,3336974966,495.5,503.0,495.0,500.0,2.5,4723,495.2,483.55,466.05,85.11326860841424,86.24730450573149,82.84706763797772,75.49628360815,516.4631927177796,466.05,415.6368072822204,25.232072024558818,24.486183187293975,0.7458888372648431
2020-06-11,2454,11175186,5609874256,500.0,509.0,496.0,496.5,-3.5,6813,496.5,487.2,470.325,83.4059837527244,84.73908392424345,74.63191821136628,72.66200907448149,515.5768231676917,470.325,425.0731768323083,24.596882381741466,24.508323026183472,0.08855935555799377
2020-06-12,2454,12644920,6151832640,473.0,495.5,473.0,492.5,-4.0,7828,496.2,490.15,474.4,72.98257490698545,80.50060908937472,65.91680183685344,69.45290792994118,511.4912388577142,474.4,437.30876114228573,23.499832007662405,24.306624822479257,-0.8067928148168519
2020-06-15,2454,7204482,3586931838,498.0,505.0,492.5,492.5,0.0,5822,495.8,493.25,477.0,60.94104308390022,72.44320058120337,65.91680183685344,69.45290792994118,511.4151129592803,477.0,442.5848870407197,22.37251525295477,23.91980290857436,-1.5472876556195914
2020-06-16,2454,11665647,5862318882,492.0,510.0,491.5,510.0,17.5,8554,498.3,495.75,479.4,69.44444444444444,67.78935414511005,79.89638803338273,75.0450703603557,515.9261550125391,479.4,442.8738449874609,22.630343832566098,23.66191109337271,-1.0315672608066109
2020-06-17,2454,7132179,3630936522,511.0,516.0,505.0,510.0,0.0,4807,500.3,497.75,481.4,80.07105943152453,70.15218231995641,79.89638803338273,75.0450703603557,519.9714920634399,481.4,442.8285079365601,22.574450624767906,23.44441899965175,-0.8699683748838432
2020-06-18,2454,5601592,2864049135,515.0,515.0,508.0,513.0,3.0,4127,503.6,500.05,483.825,93.02325581395347,80.84625322997415,81.65233562283228,75.92145102684667,523.9102528992897,483.825,443.7397471007103,22.51271719273501,23.2580786382684,-0.7453614455333906
2020-06-19,2454,22189522,11989751968,520.0,560.0,518.0,546.0,33.0,15535,514.3,505.25,489.025,87.65927113962397,86.91786212836733,91.34921980198811,82.99561056192587,532.8650216697041,489.025,445.18497833029585,24.840273994501388,23.574517709515,1.265756284986388
2020-06-22,2454,17896887,10151518290,553.0,576.0,546.0,576.0,30.0,13403,531.0,513.4,494.825,92.31043393032165,90.99765362796637,94.4565419976744,86.79405664497367,550.7877331355431,494.825,438.8622668644569,28.773940730990716,24.614402313810142,4.159538417180574
2020-06-23,2454,16106824,9274502722,580.0,594.0,558.0,574.0,-2.0,12564,543.8,521.05,500.525,89.12637345239226,89.6986928407793,91.88938812868152,85.42406294093988,563.8736187694735,500.525,437.1763812305264,31.368421043271553,25.965206059702425,5.4032149835691285
2020-06-24,2454,9137582,5259213560,572.0,584.0,568.0,580.0,6.0,7353,557.8,529.05,506.3,90.633608815427,90.69013873271365,92.59388394050994,86.13130816025507,576.1808986776784,506.3,436.4191013223215,33.52229113359675,27.47662307448129,6.045668059115464
2020-06-29,2454,12360207,7025233756,566.0,576.0,563.0,565.0,-15.0,8848,568.2,535.9,511.55,81.2027145064839,86.9875655914344,73.87743673362336,76.17961449880525,582.4970929637008,511.55,440.6029070362993,33.63119458175936,28.7075373759369,4.923657205822458
2020-06-30,2454,9477547,5446853713,569.0,579.0,568.0,579.0,14.0,6474,574.8,544.55,517.35,81.83430759927434,84.55687697372842,78.58985905776873,78.65812103283412,590.4075800310954,517.35,444.2924199689046,34.4500654362256,29.85604298799464,4.594022448230959
2020-07-01,2454,7704668,4509588420,590.0,594.0,575.0,577.0,-2.0,6026,575.0,553.0,523.125,79.32401571206724,80.78701260594183,76.29593741953383,77.41882656708691,595.8696733445144,523.125,450.38032665548565,34.539493422645364,30.792733074924787,3.7467603477205778
2020-07-02,2454,6031098,3479994448,577.0,582.0,573.0,574.0,-3.0,4713,575.0,559.4,527.575,81.0029720365142,80.72043178261859,72.58814172898886,75.49733489785238,601.328152474995,527.575,453.8218475250051,33.97662938439714,31.429512336819258,2.547117047577885
2020-07-03,2454,8709502,5076814670,575.0,587.0,575.0,585.0,11.0,6503,576.0,566.9,532.325,81.93365239594937,80.7535467148436,77.30598886967043,77.68437657564287,607.9981623496717,532.325,456.65183765032845,34.02593386287049,31.948796642029503,2.077137220840985
2020-07-06,2454,7257983,4246965987,587.0,589.0,580.0,589.0,0.0,5745,580.8,574.5,537.275,84.82847137222902,82.58836526823085,78.85026319440819,78.43805093499672,614.168091367171,537.275,460.381908632829,33.99589111679825,32.35821553698325,1.6376755798149958
2020-07-07,2454,19739242,12030718684,598.0,632.0,595.0,618.0,29.0,13788,588.6,581.7,543.475,86.27410305041883,84.34540893953239,86.57645185112959,82.93734202557685,625.2524265919399,543.475,461.69757340806024,35.89832610358735,33.066237650304075,2.8320884532832764
2020-07-08,2454,23384399,15334797441,629.0,674.0,625.0,661.0,43.0,17451,605.4,590.2,551.8,86.31756756756755,85.80671399673845,91.77449704607692,87.20177253329814,645.0364735497877,551.8,458.5635264502122,40.40993954219891,34.53497802868304,5.874961513515871
2020-07-09,2454,17228954,11275283916,661.0,663.0,640.0,651.0,-10.0,14157,620.8,597.9,559.475,82.88288288288287,85.15818450028974,83.0490855966688,82.06501977737773,658.650841312287,559.475,460.2991586877131,42.68644648649911,36.16527172024625,6.521174766252855
2020-07-10,2454,17015547,10729476093,641.0,647.0,616.0,616.0,-35.0,13330,627.0,601.5,565.275,70.95019547849733,80.05021530964923,59.82412092895396,67.15454455081958,663.4220707662736,565.275,467.1279292337264,41.19155652563461,37.17052868132392,4.021027844310687
2020-07-13,2454,10446840,6560638360,626.0,639.0,618.0,629.0,13.0,8478,635.0,607.9,571.9,60.00261423388639,71.27856419842219,64.16653389905876,69.3799029313589,668.458065432153,571.9,475.34193456784686,40.58796403178758,37.854015751416654,2.7339482803709245
2020-07-14,2454,9446920,5812727670,627.0,628.0,610.0,611.0,-18.0,7700,633.6,611.1,577.825,46.11744193287251,59.023417215085395,54.62846089319201,63.01379303478698,668.5329241301442,577.825,487.11707586985585,38.21662559322613,37.92653771977855,0.29008787344757536
2020-07-15,2454,14729162,8973203197,612.0,618.0,598.0,609.0,-2.0,11055,623.2,614.3,583.65,42.47091375804245,49.5303233082671,53.595731484245505,62.329446787960116,666.2968995183742,583.65,501.0031004816258,35.76367809186627,37.49396579419609,-1.730287702329825
2020-07-16,2454,7417218,4474246018,601.0,612.0,599.0,599.0,-10.0,6190,612.8,616.8,588.1,30.726654225706238,39.77166997220705,48.272402708415626,58.88589787091579,663.6880943006227,588.1,512.5119056993774,32.636569045594456,36.52248644447577,-3.885917398881311
2020-07-17,2454,8994459,5420967613,598.0,608.0,596.0,607.0,8.0,7114,611.0,619.0,592.95,23.2486912395342,32.14875307442761,52.660844754208824,60.75392789508315,659.8154619366363,592.95,526.0845380633638,30.45280476095877,35.30855010777237,-4.855745346813599
2020-07-20,2454,9008151,5388054902,609.0,611.0,590.0,601.0,-6.0,7345,605.4,620.2,597.35,16.165959156802117,23.380434874014167,49.021815824476754,58.603320127952195,653.2795092057839,597.35,541.4204907942161,27.916205338398527,33.8300811538976,-5.913875815499075
2020-07-21,2454,15777808,9951824696,612.0,643.0,612.0,637.0,36.0,12392,610.6,622.1,601.9,30.889557718931723,23.43473603842266,65.641684556473,66.30937143145957,655.1199210822423,601.9,548.6800789177577,28.482502596069025,32.76056544233189,-4.278062846262863
2020-07-22,2454,17852109,11827985376,659.0,670.0,651.0,664.0,27.0,13618,621.6,622.4,606.3,56.65959991302455,34.57170559625278,73.26756237124772,70.71279320584833,664.5412225146439,606.3,548.058777485356,30.755442013376978,32.35954075654091,-1.6040987431639309
2020-07-23,2454,17793987,11920667659,658.0,687.0,653.0,677.0,13.0,13937,637.2,625.0,611.45,82.19142776444004,56.58019513213208,76.23099682825813,72.57164676491989,675.3013116544975,611.45,547.5986883455026,33.22278267350862,32.53218913993445,0.690593533574166
2020-07-24,2454,24419901,16795888977,677.0,703.0,670.0,675.0,-2.0,19725,650.8,630.9,616.2,85.80398686251253,74.88500484665902,74.7438103404505,71.8164459339358,683.9985250577007,616.2,548.4014749422994,34.61773296080821,32.9492979041092,1.6684350566990105
2020-07-27,2454,21431219,15305966243,695.0,737.0,691.0,728.0,53.0,17615,676.2,640.8,624.35,86.26317053598193,84.75286172097815,84.24591323124527,78.26984890332818,703.7635378886987,624.35,544.9364621113014,39.54405887865482,34.268250099018324,5.275808779636499
2020-07-28,2454,36378539,26105851132,741.0,763.0,680.0,680.0,-48.0,28746,684.8,647.7,629.4,73.70730378191483,81.92482039346974,60.2822380763354,63.98108453179461,709.4784615236834,629.4,549.3215384763165,39.12401156211115,35.23940239163689,3.8846091704742634
2020-07-29,2454,14628939,9963495157,683.0,694.0,667.0,682.0,2.0,11816,688.4,655.0,634.65,66.35995438637882,75.4434762347585,60.82394062448484,64.27374302920536,714.0635378887001,634.65,555.2364621112998,38.50860113960982,35.893242141231475,2.6153589983783476
2020-07-30,2454,13796896,9398689156,686.0,694.0,670.0,683.0,1.0,10458,689.6,663.4,640.1,52.986512524084766,64.35125689745944,61.13316384133937,64.42936710547579,717.0386768797076,640.1,563.1613231202924,37.667369599022095,36.2480676327896,1.4193019662324957
2020-07-31,2454,15072563,10404919783,678.0,707.0,670.0,701.0,18.0,11281,694.8,672.8,645.9,55.29227117865482,58.21291269637277,66.6595594794529,67.19906664738478,722.8386768797076,645.9,568.9613231202924,38.01492472136488,36.60143905050465,1.4134856708602257
2020-08-03,2454,25733096,18346505200,743.0,743.0,695.0,696.0,-5.0,18912,688.4,682.3,651.25,50.9587314043636,53.079171702367695,63.723229558581394,65.66943614036705,726.4799807257722,651.25,576.0200192742278,37.455146828939746,36.77218060619167,0.6829662227480782
2020-08-04,2454,19275303,13831395469,703.0,732.0,700.0,732.0,36.0,15575,698.8,691.8,656.95,56.97905019924887,54.41001759408906,73.52093441297048,70.8197075439145,738.2678332224848,656.95,575.6321667775153,39.46152999779247,37.31005048451183,2.1514795132806412
2020-08-05,2454,13153226,9617048441,735.0,739.0,722.0,730.0,-2.0,11020,708.4,698.4,660.4,59.20725108225108,55.71501089528781,72.25606890326401,70.18971582401304,747.74391793365,660.4,573.05608206635,40.424234417859,37.93288727118126,2.4913471466777395
2020-08-06,2454,12890678,9525236974,736.0,753.0,730.0,732.0,2.0,10579,718.2,703.9,664.45,68.38383838383838,61.52337988844607,72.80197444059657,70.47258835385254,757.0296413905335,664.45,571.8703586094666,40.877359141069405,38.52178164515889,2.3555774959105165
2020-08-07,2454,14627882,10442868630,730.0,736.0,704.0,705.0,-27.0,11960,719.0,706.9,668.9,57.63888888888889,61.74332611832608,55.57801203343491,61.92905423865266,760.2846814296583,668.9,577.5153185703416,38.61268638414231,38.539962592955575,0.072723791186732
2020-08-10,2454,11142754,7852221586,696.0,714.0,696.0,706.0,1.0,8617,721.0,704.7,672.75,50.88016795865634,58.9676317437945,56.02753690911724,62.112259088084954,763.5726293387281,672.75,581.9273706612719,36.47811158730042,38.12759239182454,-1.6494808045241243
2020-08-11,2454,9919208,6937393600,698.0,708.0,691.0,693.0,-13.0,7588,713.2,706.0,676.85,37.54767130537655,48.688909384307216,48.57270030013478,58.19183213670992,763.4577941065347,676.85,590.2422058934653,33.35298191356617,37.17267029617287,-3.8196883826066994
2020-08-12,2454,11143131,7593118866,684.0,690.0,674.0,680.0,-13.0,9131,703.2,705.8,680.4,28.369291117960216,38.93237679399766,42.045812620475175,54.488077491752406,761.219304624576,680.4,599.5806953754239,29.487390494958845,35.635614335930065,-6.1482238409712195
2020-08-13,2454,11410405,7843859640,700.0,702.0,671.0,684.0,4.0,8500,693.6,705.9,684.65,18.53756489372123,28.15150910568596,44.71268843013741,55.42810931743993,756.3222400933578,684.65,612.9777599066422,26.44184291063732,33.796860050871516,-7.355017140234196
2020-08-14,2454,9672925,6534060700,670.0,683.0,670.0,680.0,-4.0,7620,688.6,703.8,688.3,13.316681359584683,20.074512457088673,42.43452883290117,54.222024668946055,750.6060189708849,688.3,625.993981029115,23.435310268668673,31.724550094430946,-8.289239825762273
2020-08-17,2454,6056362,4133827694,684.0,689.0,677.0,685.0,5.0,4901,684.4,702.7,692.5,15.324713488098737,15.726319913801513,46.4160146769071,55.524773201388435,740.3476749696357,692.5,644.6523250303643,21.211556087426402,29.621951293030037,-8.410395205603635
2020-08-18,2454,42389663,26292418734,617.0,642.0,617.0,617.0,-68.0,29380,669.2,691.2,691.5,10.040160642570282,12.89385183008453,22.130160740647216,39.19027189130377,744.5037734505753,691.5,638.4962265494247,13.803069978619192,26.458175030147867,-12.655105051528675
2020-08-19,2454,23597107,14523241377,618.0,626.0,605.0,609.0,-8.0,16757,655.0,679.1,688.75,7.041908090376775,10.80226074034856,20.647375514662095,37.78205227711599,751.9097181754313,688.75,625.5902818245687,7.20322393919912,22.607184811958117,-15.403960872758997
2020-08-20,2454,34547307,19914507343,603.0,611.0,551.0,565.0,-44.0,25051,631.2,662.4,683.15,3.88079738990618,6.987622040951042,14.439376878093837,31.151893425108756,766.2096773410549,683.15,600.0903226589451,-1.5596551394257858,17.773816821681336,-19.333471961107122
2020-08-21,2454,21528784,12783058888,583.0,606.0,581.0,604.0,39.0,16027,616.0,652.3,679.6,15.133451317719343,8.685385599334062,34.7322706018884,41.02985239590753,769.5341981673263,679.6,589.6658018326738,-5.2962737322011435,13.159798710904841,-18.456072443105985
2020-08-24,2454,14910954,8782716860,599.0,600.0,583.0,585.0,-19.0,10811,596.0,640.2,672.45,21.62115837668165,13.545135694769021,30.606379303048826,38.15755482395085,768.3926391131689,672.45,576.5073608868312,-9.679137031586947,8.592011562406483,-18.27114859399343
2020-08-25,2454,9904789,5827153088,592.0,594.0,584.0,589.0,4.0,7028,590.4,629.8,667.9,27.1466936629125,21.300434452437795,32.57366458346896,39.12375783424311,770.3868772087434,667.9,565.4131227912566,-12.683612413936658,4.336886767137855,-17.020499181074513
2020-08-26,2454,10781130,6225606530,585.0,586.0,573.0,578.0,-11.0,8424,584.2,619.6,662.7,22.415778865534122,23.72787696837605,29.857932002019695,37.39355939018914,772.1168177201284,662.7,553.2831822798717,-15.770496403937841,0.31541013292271547,-16.085906536860556
2020-08-27,2454,15405596,8699815356,583.0,586.0,555.0,558.0,-20.0,11910,582.8,607.0,656.45,16.60108135777586,22.05451796207412,25.371065138839395,34.41361825173356,774.4575845020133,656.45,538.4424154979868,-19.60471609520448,-3.6686151127027236,-15.936100982501756
2020-08-28,2454,13150295,7431101510,558.0,575.0,553.0,574.0,16.0,9934,576.8,596.4,650.1,16.637468811381858,18.551443011563908,34.55069693180465,38.62729136102241,771.4555107937003,650.1,528.7444892062997,-21.10896552744805,-7.1566851956517885,-13.95228033179626
2020-08-31,2454,17151699,9604529440,580.0,583.0,552.0,556.0,-18.0,11460,571.0,583.5,643.1,12.337951903169298,15.1921673574423,29.74809596351646,35.83779586042556,769.1188874732665,643.1,517.0811125267336,-23.482847954106774,-10.421917747342786,-13.060930206763988
2020-09-01,2454,11319355,6433047190,559.0,577.0,553.0,576.0,20.0,8040,568.4,579.4,635.3,24.53601953601954,17.83714675019019,40.4739323062226,40.94118096953679,757.599795584458,635.3,513.0002044155419,-23.479674949875175,-13.033469187849263,-10.446205762025912
2020-09-02,2454,18844801,11280884998,605.0,609.0,590.0,596.0,20.0,12899,572.0,578.1,628.6,41.842105263157904,26.238692234115536,49.4738064764319,45.60085784777013,743.8950996356739,628.6,513.3049003643262,-21.614172739153787,-14.749609898110169,-6.864562841043618
2020-09-03,2454,13567883,8257205598,614.0,615.0,598.0,603.0,7.0,9148,581.0,581.9,622.15,66.60401002506266,44.32737827474666,52.41175235087378,47.17190324918337,727.5981389119792,622.15,516.7018610880208,-19.347877015777726,-15.66926332164368,-3.6786136941340466
2020-09-04,2454,13800424,8238699944,589.0,610.0,582.0,603.0,0.0,10195,586.8,581.8,617.05,79.69924812030075,62.71512113617373,52.4117523508738,47.171903249183366,715.6187070017673,617.05,518.4812929982326,-17.351800571357444,-16.005770771586434,-1.34602979977101
2020-09-07,2454,7096189,4261503400,608.0,613.0,593.0,598.0,-5.0,5150,595.2,583.1,611.65,78.3068783068783,74.87004548408052,49.60735942241669,46.069720540104136,701.5905915035033,611.65,521.7094084964966,-15.989042096995604,-16.002425036668267,0.013382939672663241
2020-09-08,2454,6683057,4042322428,602.0,614.0,598.0,604.0,6.0,4994,600.8,584.6,607.2,78.83597883597884,78.94736842105259,53.11918826638124,47.650420073023405,689.042776101497,607.2,525.3572238985031,-14.26051004902547,-15.654042039139707,1.3935319901142371
2020-09-09,2454,10536718,6239805210,594.0,599.0,586.0,595.0,-9.0,6741,600.6,586.3,602.95,74.6031746031746,77.2486772486772,47.34514865760587,45.49630583492535,677.7550132009868,602.95,528.1449867990133,-13.46168283139616,-15.215570197590997,1.7538873661948369
2020-09-10,2454,7308603,4393136800,601.0,607.0,598.0,599.0,4.0,5081,599.8,590.4,598.7,75.13227513227513,76.19047619047613,50.15457655246477,46.65064475328834,663.6063941380189,598.7,533.7936058619812,-12.3633232411579,-14.645120806304378,2.281797565146478
2020-09-11,2454,7837495,4650879020,598.0,603.0,586.0,595.0,-4.0,5736,598.2,592.5,594.45,70.19969278033794,73.31171417192917,47.21550010231294,45.6103521564244,647.5667581842106,594.45,541.3332418157895,-11.680980847197361,-14.052292814482975,2.3713119672856138
2020-09-14,2454,8675428,5233147652,596.0,610.0,589.0,609.0,14.0,6491,600.4,597.8,590.65,74.72109730174246,73.35102173811846,57.40728924247619,49.82747760758848,624.7983528153277,590.65,556.5016471846723,-9.896456397830093,-13.2211255311524,3.324669133322306
2020-09-15,2454,8056558,4920099488,609.0,614.0,603.0,611.0,2.0,5673,601.8,601.3,590.35,79.14630172694687,74.68903060300904,58.73521073434107,50.41890714740026,623.6623100369778,590.35,557.0376899630222,-8.226000417296405,-12.2221005083812,3.996100091084795
2020-09-16,2454,10738991,6671065386,618.0,628.0,616.0,617.0,6.0,7563,606.2,603.4,590.75,81.92797540623626,78.59845814497515,62.79502512547099,52.237881584840395,625.1236817929073,590.75,556.3763182070927,-6.344862536054393,-11.046652913915839,4.701790377861446
2020-09-17,2454,12572944,7541286456,610.0,611.0,593.0,599.0,-18.0,9393,606.2,603.0,592.45,64.97270845096931,75.34899519471743,46.71047619308183,46.7023974055459,624.8689759245995,592.45,560.0310240754006,-6.234627870852705,-10.084247905303211,3.8496200344505063
2020-09-18,2454,11402876,6880435732,599.0,611.0,591.0,611.0,12.0,7318,609.4,603.8,592.8,55.52104899930986,67.47391095217176,55.56328567065161,50.470537948967205,625.8551055058084,592.8,559.7448944941915,-5.119946832636515,-9.091387690769873,3.9714408581333576
2020-09-21,2454,8306351,5127267604,614.0,624.0,610.0,616.0,5.0,6436,610.8,605.6,594.35,53.968253968253954,58.15400380617766,58.88367575724224,51.993512992068915,628.6794334354614,594.35,560.0205665645386,-3.789413861582375,-8.030992924932374,4.241579063349999
2020-09-22,2454,7641728,4636982822,614.0,615.0,602.0,603.0,-13.0,5330,609.2,605.5,595.05,57.14285714285713,55.54405337014027,48.003412195363445,47.87189422192273,629.4853016539752,595.05,560.6146983460247,-3.7408263331317357,-7.172959606572246,3.4321332734405106
2020-09-23,2454,6545842,4023666830,609.0,619.0,609.0,617.0,14.0,5378,609.2,607.7,597.0,61.90476190476189,57.671957671957614,57.80024883424303,52.26086389186513,631.7678011959348,597.0,562.2321988040652,-2.5433195648796527,-6.247031598233727,3.7037120333540745
2020-09-24,2454,8632965,5233787930,606.0,616.0,600.0,600.0,-17.0,6797,609.4,607.8,599.1,47.496947496947485,55.51485551485546,45.622704408245355,47.077522601109436,628.912078089254,599.1,569.287921910746,-2.9322436687861,-5.584074012344201,2.6518303435581014
2020-09-25,2454,9004337,5347702520,605.0,608.0,581.0,585.0,-15.0,6153,604.2,606.8,599.65,36.8417634375081,48.74782427973911,37.49154493408382,43.022819063469676,627.957419522098,599.65,571.342580477902,-4.400121600122702,-5.347283529899902,0.9471619297771996
2020-09-28,2454,8878900,5283154209,583.0,607.0,581.0,603.0,18.0,5669,601.6,606.2,602.0,27.841425713766125,37.39337888274052,49.97389088289694,48.72944556285412,622.0099975012469,602.0,581.9900024987531,-4.064127140627193,-5.09065225204536,1.0265251114181675
2020-09-29,2454,6297334,3838339406,606.0,614.0,606.0,610.0,7.0,4160,603.0,606.1,603.7,40.92033646709548,35.20117520612319,54.1297505680701,50.79345455761825,620.0229899221838,603.7,587.3770100778163,-3.1961642206164242,-4.711754645759573,1.5155904251431487
2020-09-30,2454,6064893,3709483144,615.0,618.0,607.0,607.0,-3.0,3930,601.0,605.1,604.25,58.23849579416129,42.33341932500758,51.97103453908471,49.866914988429286,620.2359313147545,604.25,588.2640686852455,-2.719029007267636,-4.313209518061186,1.5941805107935494
2020-10-05,2454,5000804,3065861440,614.0,617.0,610.0,611.0,4.0,3718,603.2,606.3,604.65,65.89147286821704,55.01676837649122,54.77652591870945,51.1465177411967,620.8891502240715,604.65,588.4108497759285,-1.9951307175241482,-3.849593757953778,1.8544630404296298
2020-10-06,2454,3949603,2430698845,618.0,619.0,612.0,615.0,4.0,2936,609.2,606.7,605.25,73.23541411668704,65.78846092635507,57.661786390171564,52.45345395620333,622.0770615378891,605.25,588.4229384621109,-1.0861490863286463,-3.2969048236287515,2.210755737300105
2020-10-07,2454,17770203,11356350935,617.0,658.0,613.0,647.0,32.0,13775,618.0,609.8,607.7,81.6518039284257,73.59289697110988,73.4634392417341,61.359355652216344,632.1384942252946,607.7,583.2615057747055,2.1911003294093234,-2.1993037930211363,4.39040412243046
2020-10-08,2454,15705367,10500532887,660.0,677.0,650.0,670.0,23.0,12010,630.0,616.5,611.0,89.2987677527151,81.3953285992759,79.78881590510896,66.25225442333736,647.4307562370033,611.0,574.5692437629967,6.568533913484316,-0.4457362517200456,7.014270165204362
2020-10-12,2454,22052450,15693779250,710.0,722.0,699.0,714.0,44.0,15294,651.4,626.2,616.95,90.91628672745692,87.28895280286586,86.8073395879695,73.23464837010096,674.0130353205972,616.95,559.8869646794029,13.433263543019052,2.330063707227774,11.103199835791278
2020-10-13,2454,7971165,5579824814,712.0,712.0,693.0,699.0,-15.0,6971,669.0,636.1,621.95,90.2408392434988,90.15196457455689,76.27293822947287,68.06449446975836,688.569741818771,621.95,555.330258181229,17.461946146865102,5.3564401951552405,12.105505951709862
2020-10-14,2454,6302855,4356676095,692.0,698.0,687.0,689.0,-10.0,4890,683.8,646.5,626.65,83.1886361783647,88.11525404977344,69.69471244711366,64.78106006130018,698.0902547587856,626.65,555.2097452412144,19.621604071281695,8.209472970380531,11.412131100901163
2020-10-15,2454,7045919,4902792771,693.0,707.0,689.0,689.0,0.0,5800,692.2,655.1,630.65,75.51467174214311,82.98138238800216,69.69471244711366,64.78106006130018,706.5111231132267,630.65,554.7888768867732,21.090035732049273,10.78558552271428,10.304450209334993
2020-10-16,2454,5020630,3454686400,689.0,695.0,680.0,680.0,-9.0,4254,694.2,662.1,634.1,68.45202398800599,75.71844396950456,63.03499074982165,61.675552121473274,712.3122752513932,634.1,555.8877247486068,21.282225372456423,12.884913492662708,8.397311879793715
2020-10-19,2454,3933553,2717806676,683.0,695.0,683.0,692.0,12.0,3358,689.8,670.6,637.85,68.84387351778655,70.93685641597851,67.81851382132514,64.14371228009453,719.5378815981886,637.85,556.1621184018114,22.147533775938314,14.737437549317828,7.410096226620485
2020-10-20,2454,4936501,3403891195,688.0,697.0,683.0,697.0,5.0,3773,689.4,679.2,642.75,70.76383097025297,69.35324282534846,69.72311394449162,65.15079185230827,726.2649687181885,642.75,559.2350312818115,22.97194880686061,16.384339800826385,6.587609006034224
2020-10-21,2454,5171741,3610215031,704.0,710.0,687.0,691.0,-6.0,4410,689.8,686.8,646.75,68.91197911840112,69.50656120214684,64.3881476657073,62.86887365454915,731.453896014292,646.75,562.046103985708,22.877436950097717,17.682959230680652,5.1944777194170655
2020-10-22,2454,5130155,3539705240,688.0,696.0,685.0,688.0,-3.0,4019,689.6,690.9,650.35,51.018761225183226,63.5648571046124,61.637004313864196,61.70513261271058,735.6383931141856,650.35,565.0616068858144,22.303361427561526,18.607039670056828,3.6963217575046983
2020-10-23,2454,4854113,3314929066,689.0,694.0,678.0,678.0,-10.0,4192,689.2,691.7,654.1,25.33068783068782,48.420476058090685,52.854562063637324,57.860405063805885,737.30072115072,654.1,570.89927884928,20.801696999049568,19.045971135855375,1.7557258631941934
2020-10-26,2454,4340545,2941638788,680.0,686.0,672.0,674.0,-4.0,4215,685.6,687.7,656.95,8.103592314118615,28.151013789996515,49.55918783225313,56.34800224713378,738.765585312334,656.95,575.1344146876661,19.069034589257512,19.050583826535803,0.018450762721709424
2020-10-27,2454,6628379,4519508301,674.0,688.0,672.0,685.0,11.0,5167,683.2,686.3,661.2,13.15789473684209,15.53072496054947,57.967147340306425,59.484363307020935,739.4958491875512,661.2,582.9041508124488,18.371717492249445,18.914810559678532,-0.543093067429087
2020-10-28,2454,6124573,4181870597,685.0,689.0,675.0,681.0,-4.0,5075,681.2,685.5,666.0,21.052631578947352,14.104706209969315,54.13863593032475,57.85647031571026,736.3931814879819,666.0,595.6068185120181,17.296933812345742,18.591235210211973,-1.2943013978662314
2020-10-29,2454,4542886,3076287992,670.0,687.0,666.0,684.0,3.0,4286,680.4,685.0,670.05,32.93460925039871,22.38171185539601,56.64418779325452,58.76786153956919,734.552635605069,670.05,605.5473643949309,16.49706701114087,18.172401570397753,-1.675334559256882
2020-10-30,2454,6389520,4326277336,678.0,682.0,670.0,678.0,-6.0,4816,680.4,684.8,673.45,30.62200956937798,28.20308346624131,50.239754289853266,56.15235051449415,731.8091466695631,673.45,615.090853330437,15.20375750009839,17.57867275633788,-2.3749152562394897
2020-11-02,2454,14039866,9335843532,690.0,690.0,650.0,653.0,-25.0,11901,676.2,680.9,675.75,24.393939393939387,29.31685273790532,32.42073571084682,46.80511069131511,726.594370386503,675.75,624.905629613497,12.022916629622387,16.46752153099478,-4.444604901372394
2020-11-03,2454,8279509,5523878468,661.0,676.0,660.0,665.0,12.0,11086,672.2,677.7,678.45,21.627140974967052,25.547696646094767,43.619136869812586,51.01976742509681,720.170378713521,678.45,636.7296212864791,10.351056498854973,15.244228524566818,-4.893172025711845
2020-11-04,2454,9310114,6274340491,671.0,685.0,661.0,677.0,12.0,9508,671.4,676.3,681.55,32.990777338603415,26.337285902503243,52.75316019812421,54.870452174234686,711.5064684166936,681.55,651.5935315833063,9.880498772483293,14.171482574150113,-4.290983801666821
2020-11-05,2454,11771407,8117648877,685.0,696.0,679.0,696.0,19.0,9961,673.8,677.1,684.0,64.65744400527008,39.75845410628014,63.63559409127792,60.20505476552485,710.0076911701117,684.0,657.9923088298883,10.91489942820374,13.520165944960839,-2.6052665167570996
2020-11-06,2454,7383559,5156129124,701.0,704.0,692.0,700.0,4.0,6770,678.2,679.3,685.5,84.65207631874297,60.76676588753878,65.58267316198555,61.24371686168807,711.5653026071041,685.5,659.4346973928959,11.920029293190282,13.200138614606727,-1.280109321416445
2020-11-09,2454,6643292,4667880620,710.0,714.0,693.0,702.0,2.0,5899,688.0,682.1,684.9,91.28086419753085,80.1967948405146,66.62509598430228,61.78085016673946,708.773835050117,684.9,661.026164949883,12.731227571533736,13.106356405992129,-0.3751288344583923
2020-11-10,2454,6061984,4182276658,702.0,702.0,681.0,686.0,-16.0,6312,692.2,682.2,684.25,76.69753086419752,84.21015712682374,51.941879234411935,55.1909003014207,707.2445645751338,684.25,661.2554354248662,11.945343287369383,12.87415378226758,-0.9288104948981974
2020-11-11,2454,8075443,5436057097,662.0,682.0,662.0,676.0,-10.0,7507,692.0,681.7,683.6,59.37499999999999,75.78446502057609,44.75055892731061,51.49390611336505,706.7551290214483,683.6,660.4448709785518,10.395771916159447,12.378477409045953,-1.982705492886506
2020-11-12,2454,4845993,3271112494,677.0,683.0,671.0,673.0,-3.0,4385,687.4,680.6,682.8,44.27083333333332,60.11445473251026,42.682291253349256,50.40310759099723,706.2571950582429,682.8,659.342804941757,8.823933697505936,11.66756866673795,-2.8436349692320135
2020-11-13,2454,4707048,3159429474,671.0,677.0,667.0,675.0,2.0,3865,682.4,680.3,682.55,34.78009259259258,46.141975308641946,44.67120090295173,51.1460949290681,706.2267818759289,682.55,658.8732181240711,7.651423028219028,10.864339539034166,-3.2129165108151376
2020-11-16,2454,6340597,4358490909,685.0,695.0,681.0,694.0,19.0,5967,680.8,684.4,682.65,41.993142907057994,40.348022944327944,60.03954441716212,57.6385124063317,706.5018343110157,682.65,658.7981656889842,8.161263124609945,10.323724256149323,-2.162461131539377
2020-11-17,2454,6537087,4557362547,701.0,703.0,691.0,696.0,2.0,5665,682.8,687.5,682.6,51.80884803526312,42.86069451163788,61.35768618811666,58.2672154963061,706.3352059186321,682.6,658.8647940813679,8.627248805547424,9.984429166028942,-1.357180360481518
2020-11-18,2454,21267800,15274889320,702.0,728.0,701.0,728.0,32.0,18619,693.2,692.6,684.45,75.8829221093372,56.56163768388609,76.08385221444557,66.76607568182862,715.236198206336,684.45,653.6638017936641,11.446727629010752,10.276888858625304,1.1698387703854483
2020-11-19,2454,9175800,6716017917,732.0,738.0,727.0,733.0,5.0,8347,705.2,696.3,686.7,86.26855600539811,71.32010871666613,77.63737011263056,67.86720060843618,724.0689710856442,686.7,649.3310289143559,13.924134369570197,11.006337960814282,2.9177964087559154
2020-11-20,2454,11660336,8660917741,732.0,754.0,723.0,747.0,14.0,10207,719.6,701.0,690.15,95.27078565980167,85.80742125817898,81.55191401327784,70.78590504799726,735.5472466125441,690.15,644.7527533874559,16.823252079472013,12.169720784545827,4.653531294926186
2020-11-23,2454,7122453,5317595635,754.0,758.0,738.0,743.0,-4.0,7131,729.4,705.1,693.6,90.06245232646835,90.53393133055603,77.05575055002657,68.8613353860273,743.7972110779076,693.6,643.4027889220924,18.583834307121947,13.452543489061052,5.131290818060895
2020-11-24,2454,5788982,4298264456,752.0,752.0,734.0,742.0,-1.0,5581,738.6,710.7,696.45,86.39462892180283,90.57595563602428,75.83627879280364,68.36093283081706,750.6808952535339,696.45,642.2191047464662,19.67165417998592,14.696365627246026,4.975288552739896
2020-11-25,2454,7168939,5251824639,746.0,748.0,724.0,724.0,-18.0,7386,737.8,715.5,698.6,76.47664835164835,84.31124319997316,56.91950400798136,59.92029596330926,753.6141799902518,698.6,643.5858200097482,18.86385887604763,15.529864277006347,3.333994599041283
2020-11-26,2454,3674272,2682388406,733.0,737.0,725.0,730.0,6.0,3525,737.2,721.2,700.9,69.56376956376955,77.47834894574022,60.72900042473558,61.62135843481861,757.1135215050631,700.9,644.6864784949369,18.494630545314863,16.12281753066805,2.3718130146468113
2020-11-27,2454,3520339,2551171068,725.0,731.0,721.0,725.0,-5.0,3789,732.8,726.2,703.25,59.00666497681423,68.34902763074402,55.92137870697875,59.36038277238301,759.3672878888485,703.25,647.1327121111515,17.595723670292614,16.417398758592963,1.1783249116996508
2020-11-30,2454,14282872,10101719632,711.0,718.0,703.0,704.0,-21.0,11498,725.0,727.2,705.8,39.88193006260564,56.150788201063115,40.29180951007797,50.911246351671934,756.9687404574338,705.8,654.6312595425661,15.01571715943146,16.137062438760662,-1.1213452793292014
2020-12-01,2454,8546033,5967592057,700.0,708.0,693.0,697.0,-7.0,8994,716.0,727.3,707.4,20.721090901766477,39.869895313728755,36.34177567534708,48.43638550314896,755.2597952356703,707.4,659.5402047643297,12.264820694689092,15.362614089946348,-3.0977933952572556
2020-12-02,2454,8951519,6324640621,706.0,717.0,695.0,712.0,15.0,7919,713.6,725.7,709.15,13.549257759784084,24.71742624138538,48.87255640574016,53.63734268788703,754.9507641857665,709.15,663.3492358142335,11.166371091888891,14.523365490334857,-3.3569943984459663
2020-12-03,2454,7043862,4953838001,715.0,715.0,698.0,700.0,-12.0,7128,707.6,722.4,709.35,15.384615384615392,16.551654682055297,41.28720255902712,49.34896847971615,754.9538375578167,709.35,663.7461624421834,9.221245379246056,13.462941468117098,-4.241696088871041
2020-12-04,2454,5447920,3824994925,700.0,707.0,696.0,705.0,5.0,5563,703.6,718.2,709.6,20.112994350282495,16.348955831560634,45.40618358378047,51.10317033028107,755.050632558852,709.6,664.149367441148,7.991061469007491,12.368565468295177,-4.377503999287686
2020-12-07,2454,5507847,3860949678,705.0,708.0,695.0,704.0,-1.0,5571,703.6,714.3,709.7,17.036071273359415,17.51122700275241,44.674880834786535,50.72479202766005,755.0920697919771,709.7,664.307930208023,6.856403858774797,11.266133146391102,-4.409729287616305
2020-12-08,2454,10092358,7250849121,703.0,731.0,702.0,730.0,26.0,10065,710.2,713.1,711.9,41.47663071391886,26.208565445853566,62.83269071256515,59.18621305470197,756.7459585693086,711.9,667.0540414306913,7.963365516184808,10.605579620349843,-2.642214104165035
2020-12-09,2454,7934850,5851551385,735.0,746.0,730.0,734.0,4.0,7950,714.6,714.1,714.8,60.48313321898228,39.665278402086834,64.90034257610043,60.31525419971987,757.4314437944624,714.8,672.1685562055375,9.058980882917012,10.296259872863278,-1.2372789899462653
2020-12-10,2454,7890093,5635221751,730.0,730.0,706.0,709.0,-25.0,8877,716.4,712.0,716.6,63.87935963407662,55.27970785565924,46.171311403879024,50.84767997192209,754.8329700651124,716.6,678.3670299348877,7.8198307470756845,9.80097404770576,-1.981143300630075
2020-12-11,2454,7743157,5496198310,720.0,722.0,701.0,707.0,-2.0,7305,716.8,710.2,718.2,44.65408805031447,56.33886030112444,44.96033783070615,50.1692210088106,751.723722943609,718.2,684.6762770563911,6.600327583700619,9.160844754904732,-2.560517171204113
2020-12-14,2454,3923653,2760735687,706.0,710.0,699.0,702.0,-5.0,4288,716.4,710.0,718.6,23.443087926994703,43.99217853712858,41.76537616761371,48.429470953377574,751.1355190522577,718.6,686.0644809477424,5.170798580102542,8.362835519944294,-3.1920369398417527
2020-12-15,2454,5126489,3590787610,702.0,706.0,696.0,701.0,-1.0,5345,710.6,710.4,718.85,17.30176347268468,28.466313149997934,41.084156395665445,48.0704314779459,750.7578360281589,718.85,686.9421639718412,3.9120986646896654,7.4726881488933685,-3.560589484203703
2020-12-16,2454,6278334,4431853093,711.0,714.0,701.0,701.0,0.0,5293,704.0,709.3,717.5,12.418300653594779,17.721050684424704,41.084156395665445,48.07043147794591,750.0238374119667,717.5,684.9761625880333,2.881355441335586,6.554421607381812,-3.673066166046226
2020-12-17,2454,6085006,4282246143,703.0,711.0,699.0,704.0,3.0,4691,703.0,709.7,716.05,13.72549019607844,14.48185144078595,44.763035256096565,49.37623412993572,748.2647481753353,716.05,683.8352518246646,2.2802733667266466,5.699591959250779,-3.4193185925241325
2020-12-18,2454,4932935,3459200259,704.0,708.0,699.0,699.0,-5.0,4147,701.4,709.1,713.65,11.803921568627459,12.649237472766876,39.9164999629559,47.24396225255831,743.3368657827041,713.65,683.9631342172959,1.384493697255607,4.836572306851744,-3.4520786095961373
2020-12-21,2454,5459098,3818331402,698.0,708.0,689.0,708.0,9.0,4791,702.6,709.5,711.9,18.99346405228759,14.840958605664477,51.046911960709984,51.319083628821026,738.4171642526147,711.9,685.3828357473852,1.3848430308921706,4.14622645165983,-2.7613834207676593
2020-12-22,2454,6455645,4599270877,708.0,722.0,703.0,703.0,-5.0,5998,703.0,706.8,709.95,24.49322493224933,18.43020351772144,45.57479889695239,49.05215100216859,732.8102274704311,709.95,687.089772529569,0.9704746395145776,3.5110760892307793,-2.5406014497162017
2020-12-23,2454,5391073,3853814191,708.0,722.0,705.0,720.0,17.0,5207,706.8,705.4,709.75,53.80635624538064,32.43101507663917,61.812709309924195,56.14530537578699,732.1810053274459,709.75,687.3189946725541,1.9908928555063312,3.2070394424858897,-1.2161465869795585
2020-12-24,2454,3363422,2422416459,724.0,725.0,714.0,714.0,-6.0,3493,708.8,705.9,708.95,65.84339328241767,48.0476581533492,55.04978059707237,53.32354836545837,729.4972625914,708.95,688.4027374086,2.2890451004514034,3.0234405740789922,-0.7343954736275888
2020-12-25,2454,2222300,1593359269,720.0,722.0,712.0,715.0,1.0,2353,712.0,706.7,708.45,78.53535353535354,66.0617010210506,55.98613884093978,53.74083777286334,727.8662303241324,708.45,689.0337696758677,2.5763262598761685,2.9340177112384276,-0.3576914513622591
2020-12-28,2454,10682986,7855015517,724.0,741.0,723.0,740.0,25.0,10693,718.4,710.5,710.25,79.91452991452991,74.76442557743368,72.6208909267767,62.71507412581536,733.896352784307,710.25,686.603647215693,4.766346242218901,3.3004834174345223,1.465862824784379
2020-12-29,2454,4621472,3417903144,741.0,746.0,734.0,734.0,-6.0,5277,724.6,713.8,712.1,83.08217124006597,80.51068489664978,65.67128166610443,59.720604841583246,737.063172875256,712.1,687.1368271247441,5.949224048986366,3.8302315437448913,2.118992505241475
2020-12-30,2454,5673669,4213092325,740.0,746.0,735.0,746.0,12.0,5955,729.8,718.3,713.8,92.34143049932523,85.11271055130702,71.93745795539789,63.47666883532291,742.8075852149084,713.8,684.7924147850915,7.765447697604941,4.617274774516901,3.1481729230880395
2020-12-31,2454,4667590,3490385717,747.0,753.0,742.0,747.0,1.0,4395,736.4,722.6,716.15,89.85745614035086,88.42701929324733,72.42678361726298,63.77978182058002,747.7998025270332,716.15,684.5001974729668,9.179691892988671,5.529758198211256,3.649933694777416
2021-01-04,2454,14143143,11014629474,755.0,798.0,752.0,792.0,45.0,13938,751.8,731.9,720.5,94.76973684210525,92.32287449392709,85.60476747102909,74.16882445677251,765.7967990039036,720.5,675.2032009960964,13.772849688312135,7.178376496231432,6.594473192080703
2021-01-05,2454,9450974,7488249698,796.0,804.0,775.0,797.0,5.0,9484,763.2,740.8,725.15,92.4128344852029,92.34667582255298,86.44457353768843,75.02597133232001,780.6595487281247,725.15,669.6404512718752,17.613382437487985,9.265377684482743,8.348004753005242
2021-01-06,2454,9331483,7429735716,802.0,814.0,785.0,792.0,-5.0,9870,774.8,749.7,728.25,88.34829200154276,91.84362110961695,80.93588482595251,72.43740877280446,790.955262937015,728.25,665.544737062985,20.0227641362726,11.416854974840714,8.605909161431885
2021-01-07,2454,7755897,6199710425,794.0,808.0,785.0,799.0,7.0,7099,785.4,757.6,731.5,85.55159437512378,88.77090695395646,82.73309856821989,73.80028472720083,801.3870517334949,731.5,661.6129482665051,22.240681260548058,13.581620231982182,8.659061028565876
2021-01-08,2454,13336420,11039865423,810.0,844.0,802.0,838.0,39.0,12816,803.6,770.0,737.95,86.25560417004267,86.71849684890304,89.29362683182508,79.79476399909808,820.9258398571521,737.95,654.974160142848,26.836021671184994,16.232500519822743,10.603521151362251
2021-01-11,2454,8031597,6796558803,843.0,856.0,835.0,851.0,13.0,7931,815.4,783.6,745.15,92.07902643512357,87.96207499343,90.67192164375888,81.32832677362754,840.2400099905365,745.15,650.0599900094635,31.16757302799533,19.219515021457262,11.94805800653807
2021-01-12,2454,10441036,8888052276,857.0,868.0,842.0,846.0,-5.0,10185,825.2,794.2,752.35,91.46720275828439,89.93394445448352,85.72019850241531,78.84949041889506,854.80247678802,752.35,649.89752321198,33.807192204664375,22.137050458098685,11.67014174656569
2021-01-13,2454,16971279,14943846563,855.0,899.0,850.0,884.0,38.0,15795,843.6,809.2,761.5,89.93538194447167,91.16053704595986,90.3789271815528,83.07230584151968,875.9578525047543,761.5,647.0421474952457,38.52134179089035,25.413908724657016,13.10743306623333
2021-01-14,2454,11667769,10113235076,872.0,881.0,854.0,861.0,-23.0,13824,856.0,820.7,769.5,82.68472211769944,88.02910227348514,73.45637793152426,73.50621994495312,888.2122571599078,769.5,650.7877428400922,39.94101634658432,28.319330249042476,11.621686097541843
2021-01-15,2454,9997448,8596469996,878.0,882.0,842.0,850.0,-11.0,12337,858.4,831.0,776.8,75.02646356809964,82.54885587675689,66.50798986761886,69.39066331142666,896.4555055147919,776.8,657.144494485208,39.72063582644046,30.599591364522073,9.121044461918384
2021-01-18,2454,9010949,7500023716,850.0,851.0,817.0,844.0,-6.0,11302,857.0,836.2,784.05,62.12930559886659,73.2801637615552,62.731850543100954,67.18115712930135,901.5225074219497,784.05,666.5774925780502,38.6166837285906,32.20300983733578,6.413673891254824
2021-01-19,2454,8072808,7013524168,861.0,880.0,854.0,879.0,35.0,8828,863.6,844.4,792.6,64.8981324278438,67.35130053160333,73.11877248575014,72.65165348827884,911.5695759427585,792.6,673.6304240572415,40.10371061798355,33.78314999346533,6.320560624518222
2021-01-20,2454,11111720,9781496840,885.0,898.0,870.0,872.0,-7.0,12085,861.2,852.4,801.05,68.79182492313258,65.27308764994764,68.65407396609523,70.13371569627293,917.3401113594794,801.05,684.7598886405206,40.253333273570775,35.07718664948642,5.176146624084353
2021-01-21,2454,17720132,16233512122,890.0,935.0,888.0,934.0,62.0,18986,875.8,865.9,811.75,84.59121039245561,72.76038924781066,80.78072168493287,77.5539517114601,935.3895972170728,811.75,688.1104027829272,44.8577005020386,37.033289419996855,7.824411082041742
2021-01-22,2454,16584582,15321037330,914.0,946.0,908.0,917.0,-17.0,18003,889.2,873.8,821.9,82.94562355715028,78.77621962424615,71.8846214329536,72.25322202182683,945.1037337096573,821.9,698.6962662903427,46.59778650152714,38.94618883630291,7.65159766522423
2021-01-25,2454,9057069,8219463684,917.0,925.0,891.0,910.0,-7.0,9764,902.4,879.7,831.65,82.92164849121885,83.48616081360824,68.27272660840873,70.12774980735888,950.2489460324181,831.65,713.0510539675819,46.87166827888689,40.531284724819706,6.340383554067181
2021-01-26,2454,10311306,9203515892,914.0,922.0,871.0,871.0,-39.0,16397,900.8,882.2,838.2,63.82428940568476,76.56385381801796,51.464548855122224,59.606999269939685,950.1099638101961,838.2,726.290036189804,43.44098684201617,41.113225148259,2.327761693757175
2021-01-27,2454,11567263,10294493861,881.0,905.0,871.0,897.0,26.0,10997,905.8,883.5,846.35,58.656330749354005,68.46742288208586,59.264652006055385,63.53463178472263,950.1676767222224,846.35,742.5323232777777,42.33215110837648,41.35701034028249,0.9751407680939863
2021-01-28,2454,18167308,15822333470,866.0,880.0,863.0,869.0,-28.0,18351,892.8,884.3,852.5,48.062015503875976,56.84754521963823,49.30844238344294,57.09591752199087,945.8563066964407,852.5,759.1436933035593,38.74736925315028,40.83508212285605,-2.0877128697057685
2021-01-29,2454,18258898,16221768275,889.0,903.0,875.0,875.0,6.0,15415,884.4,886.8,858.9,41.71722278395686,49.47852301239559,51.35162253973932,58.07636750378564,939.0670755360344,858.9,778.7329244639656,35.97584649759517,39.86323499780387,-3.8873885002087007
2021-02-01,2454,13638526,12231800540,886.0,909.0,875.0,905.0,30.0,13575,883.4,892.9,864.55,37.91285803815194,42.56403210866157,60.61239811036734,62.66984228545399,940.8978224967825,864.55,788.2021775032174,35.78760677176035,39.04810935259517,-3.2605025808348174
2021-02-02,2454,14757663,13823288847,925.0,952.0,920.0,931.0,26.0,15925,895.4,898.1,871.25,49.94433032569949,43.191470382602745,66.96991562551906,66.13317121007874,946.2163257736445,871.25,796.2836742263555,37.306363604547755,38.699760202985686,-1.3933965984379313
2021-02-03,2454,11707296,11125117801,947.0,959.0,942.0,950.0,19.0,12276,906.0,905.9,879.15,72.5439680068589,53.46705212357009,70.96541196104694,68.4376275873655,952.3245174223939,879.15,805.975482577606,39.58679857491347,38.87716787737124,0.7096306975422308
2021-02-04,2454,13251920,12449698311,933.0,953.0,915.0,946.0,-4.0,12750,921.4,907.1,886.5,84.49594257178528,68.99474696811454,68.91780924349554,67.39787210699265,955.4013787960728,886.5,817.5986212039272,40.603244223206616,39.22238314653832,1.380861076668296
2021-02-05,2454,15508268,14956647397,955.0,987.0,950.0,950.0,4.0,16636,936.4,910.4,892.1,82.41487455197134,79.81826171020515,69.93003792531708,67.92270220297375,962.512782930374,892.1,821.6872170696261,41.25597805906932,39.62910212904452,1.6268759300248021
2021-02-17,2454,11965819,11790760581,1000.0,1010.0,971.0,980.0,30.0,13142,951.4,917.4,898.55,78.73715346353596,81.88265686243084,76.598417320475,71.61357766417551,976.0031471277973,898.55,821.0968528722026,43.6903880095706,40.44135930514973,3.2490287044208657
2021-02-18,2454,6379963,6239667374,980.0,987.0,968.0,978.0,-2.0,7661,960.8,928.1,905.15,75.99480652476045,79.04894484675589,75.29963660528767,71.02683522270033,985.9887901938181,905.15,824.3112098061819,44.94024893364349,41.34113723084848,3.599111702795007
2021-02-19,2454,7991437,7699805545,971.0,975.0,953.0,964.0,-14.0,10875,963.6,934.8,909.15,74.58301839254221,76.43832612694618,66.14098529098989,66.8951297379457,993.2577285390607,909.15,825.0422714609392,44.290535994570746,41.93101698359293,2.359519010977813
2021-02-22,2454,7565200,7298460088,972.0,980.0,951.0,951.0,-13.0,10666,964.6,943.0,913.65,66.81783824640968,72.46522105457075,58.44055360679058,63.21769039652128,996.5940172646584,913.65,830.7059827353415,42.23972915062973,41.99275941700029,0.24696973362943453
2021-02-23,2454,8565124,8143886849,945.0,968.0,932.0,965.0,14.0,8916,967.6,952.0,919.4,58.284600389863556,66.56181900960512,63.74397432392078,65.42222742470577,999.8024875237082,919.4,838.9975124762917,41.26841633385959,41.847890800372156,-0.5794744665125648
2021-02-24,2454,8417401,8009520071,948.0,967.0,940.0,940.0,-25.0,10319,959.6,955.5,924.2,45.08122157244966,56.727886736240926,50.356451884139254,58.66101428958178,997.1399753221737,924.2,851.2600246778264,38.042818926602536,41.08687642561823,-3.0440574990156932
2021-02-25,2454,8044929,7582966805,950.0,955.0,930.0,944.0,4.0,8937,952.8,956.8,927.45,36.49122807017545,46.619016677496184,52.22924561219692,59.38428040347934,997.7905288578326,927.45,857.1094711421675,35.40119339183889,39.94973981886236,-4.548546427023474
2021-02-26,2454,15572480,14209617300,923.0,931.0,896.0,896.0,-48.0,20992,939.2,951.4,928.65,18.947368421052644,33.506606021225885,34.178145836891346,48.4333968654024,995.9174512673117,928.65,861.3825487326883,29.099051523954586,37.77960215988081,-8.680550635926224
2021-03-02,2454,14215554,13098514067,920.0,939.0,900.0,900.0,4.0,13094,929.0,946.8,926.95,11.345029239766093,22.26120857699803,36.31794268071465,49.27289774155039,995.3004937802177,926.95,858.5995062197824,24.1489511827466,35.05347196445397,-10.904520781707369
2021-03-03,2454,9625941,8837615736,915.0,930.0,895.0,930.0,30.0,8639,922.0,944.8,927.6,13.85075006356472,14.71438257479445,50.42087297220436,55.167944183654996,995.806744534541,927.6,859.393255465459,22.388628109917022,32.52050319354658,-10.13187508362956
2021-03-04,2454,12469716,11254176843,919.0,919.0,895.0,897.0,-33.0,16165,913.4,936.5,926.95,14.635063789054916,13.276947697461877,39.26232344851151,48.492243956155754,996.0570908083937,926.95,857.8429091916064,18.1218379177011,29.640770138377484,-11.518932220676383
2021-03-05,2454,10585927,9336956818,877.0,892.0,870.0,883.0,-14.0,14218,901.2,927.0,927.55,17.404867085174,15.296893645931178,35.386243456599416,45.951790495275375,994.8893644163672,927.55,860.2106355836327,13.455585340691982,26.403733178840383,-12.948147838148401
2021-03-08,2454,9984494,8845209010,901.0,909.0,866.0,867.0,-16.0,16017,895.4,917.3,926.05,5.05050505050506,12.363478641577958,31.27014825101525,43.168355417536404,997.2693091794663,926.05,854.8306908205336,8.369996166788042,22.796985776429914,-14.426989609641872
2021-03-09,2454,9503232,8279561250,860.0,885.0,854.0,879.0,12.0,10624,891.2,910.1,926.55,11.640822593451444,11.365398243043467,37.61921428438991,45.81911709004071,996.2851417866216,926.55,856.8148582133783,5.247440589891426,19.287076739122217,-14.039636149230791
2021-03-10,2454,9564427,8328731610,890.0,892.0,860.0,864.0,-15.0,15028,878.0,900.0,926.0,11.001758687060805,9.231028777005735,33.152959063799145,43.11219773379516,997.5038460504036,926.0,854.4961539495964,1.5446128234921161,15.738583955996196,-14.19397113250408
2021-03-11,2454,9536535,8430374000,869.0,895.0,865.0,888.0,24.0,10157,876.2,894.8,925.15,24.008294634773222,15.550291971761789,45.27981333622012,48.36814496148341,998.0232461195482,925.15,852.2767538804518,0.5404644273274926,12.698960050262455,-12.158495622934963
2021-03-12,2454,8342109,7527169082,900.0,915.0,892.0,899.0,11.0,8754,879.4,890.3,923.55,34.280722189866054,23.09692517056666,50.11856306558514,50.62004275974861,997.2398229065616,923.55,849.8601770934383,0.6250722146363614,10.284182483137236,-9.659110268500875
2021-03-15,2454,6870767,6230613032,900.0,914.0,900.0,907.0,8.0,6715,887.4,891.4,921.4,54.22600619195047,37.50500767219655,53.59991894113361,52.251125789830944,994.3832857577682,921.4,848.4167142422317,1.3224136751816786,8.491828721546124,-7.1694150463644455
2021-03-16,2454,6819333,6234175801,917.0,919.0,906.0,919.0,12.0,7308,895.4,893.3,920.05,74.22600619195047,54.2442448579223,58.65025573912014,54.66986113851142,992.1567957962363,920.05,847.9432042037636,2.810958538284922,7.355654684893883,-4.5446961466089615
2021-03-17,2454,6095656,5565381375,924.0,925.0,902.0,908.0,-11.0,7775,904.2,891.1,917.95,81.9310600444774,70.12769080945941,52.53507638716363,52.06624134372437,988.8822916590157,917.95,847.0177083409844,3.0676707981147047,6.498057907538048,-3.430387109423343
2021-03-18,2454,4643748,4231446015,914.0,920.0,903.0,903.0,-5.0,5308,907.2,891.7,914.1,81.69014084507045,79.2824023604994,49.78249567536767,50.88009170235668,979.2671696485261,914.1,848.932830351474,2.8349790267777735,5.765442131385993,-2.9304631046082195
2021-03-19,2454,7815136,6927620271,895.0,896.0,880.0,885.0,-18.0,9599,904.4,891.9,909.45,62.91079812206575,75.51066633720448,40.80333665067729,46.75094045886651,968.7204816919837,909.45,850.1795183080164,1.184465769727126,4.84924685905422,-3.664781089327094
2021-03-22,2454,7242365,6389829722,880.0,891.0,872.0,881.0,-4.0,8209,899.2,893.3,905.3,48.32791621524018,64.30961839412542,38.98052835773326,45.86026067754145,960.1711217308368,905.3,850.4288782691631,-0.44125790197608694,3.7911459068481586,-4.2324038088242455
2021-03-23,2454,8634587,7613375900,890.0,892.0,870.0,870.0,-11.0,9295,889.4,892.4,901.25,28.100999157337203,46.446571164881,34.09397702991296,43.41092846677267,953.9448764112793,901.25,848.5551235887207,-2.5874373267922692,2.515429260120073,-5.102866586912342
2021-03-24,2454,7176317,6341977147,872.0,895.0,866.0,894.0,24.0,7245,886.6,895.4,897.7,29.366217586556587,35.26504431971128,50.03694226198488,49.720570952896466,941.5638803573058,897.7,853.8361196426943,-2.3249005533372156,1.5473632974286153,-3.872263850765831
2021-03-25,2454,16822913,15609054889,904.0,950.0,896.0,949.0,55.0,21882,895.8,901.5,898.15,51.53349475383376,36.33357049924248,69.65975651162208,60.57055263555827,943.8852161905895,898.15,852.4147838094104,2.294749631601462,1.6968405642631847,0.5979090673382774
2021-03-26,2454,11990455,11296233820,951.0,955.0,930.0,943.0,-6.0,13237,907.4,905.9,898.1,77.5946682869174,52.831460209102545,66.34351528971389,59.07293662993573,943.6363590990766,898.1,852.5636409009235,5.409350208045112,2.43934249301957,2.9700077150255417
2021-03-29,2454,9733633,9294980212,953.0,970.0,941.0,941.0,-2.0,10779,919.4,909.3,900.35,85.81392078583092,71.64736127552732,65.13758732953046,58.55323597157023,949.548678844048,900.35,851.151321155952,7.628375158728431,3.4771490261613422,4.151226132567089
2021-03-30,2454,12775101,12318722192,958.0,977.0,941.0,971.0,30.0,14504,939.6,914.5,903.9,84.4089443808545,82.60584448453423,73.55097059585947,63.71052357126453,961.9375740361392,903.9,845.8624259638608,11.6731568134378,5.116350583616634,6.556806229821166
2021-03-31,2454,9308335,9056085526,972.0,984.0,960.0,969.0,-2.0,9430,954.6,920.6,905.85,84.6660382677332,84.96296781147284,72.19584065067475,63.146401935895724,969.6035097073077,905.85,842.0964902926924,14.549573701732129,7.002995207239733,7.546578494492396
2021-04-01,2454,5773029,5608220878,978.0,985.0,961.0,961.0,-8.0,6689,957.0,926.4,909.05,87.23822098697474,85.43773454518744,66.47987622439057,60.826348423103525,976.9925492603857,909.05,841.1074507396143,15.99919293100288,8.802234751992362,7.196958179010519
2021-04-06,2454,12518802,12496987935,985.0,1010.0,984.0,995.0,34.0,16844,967.4,937.4,914.65,85.56780056655434,85.82401994042073,75.92924458514725,66.46551192719782,991.0208714105073,914.65,838.2791285894926,19.66485821967933,10.974759445529756,8.690098774149575
2021-04-07,2454,5555761,5544597573,1005.0,1010.0,988.0,998.0,3.0,5914,978.8,949.1,921.2,87.02731092436977,86.61111082596625,76.60806127337395,66.91803317239908,1002.4172395492469,921.2,839.9827604507532,22.552033494628972,13.2902142553496,9.261819239279372
2021-04-08,2454,8167263,8237103462,988.0,1030.0,985.0,1020.0,22.0,9501,988.6,964.1,928.25,91.26243781094529,87.95251643395643,81.15489917627482,70.10403472066298,1017.6566552332645,928.25,838.8433447667355,26.31204792947983,15.894580990175646,10.417466939304186
2021-04-09,2454,6835494,6928197672,1025.0,1030.0,999.0,999.0,-21.0,6586,994.6,974.6,935.0,84.40132669983417,87.56369181171637,66.71374299027822,63.7889204917508,1024.36889839312,935.0,845.63110160688,27.282862111434383,18.172237214427394,9.11062489700699
2021-04-12,2454,10591483,10297735564,997.0,1005.0,956.0,960.0,-39.0,15811,994.4,975.7,938.6,60.96187601319247,78.87521350799061,48.14968937096014,54.050891675918,1025.8820714694587,938.6,851.3179285305414,24.621444594601712,19.462078690462256,5.159365904139456
2021-04-13,2454,9936111,9642426913,973.0,984.0,952.0,961.0,1.0,11616,987.6,977.5,941.7,37.60674157303372,60.98998142868675,48.5777358061247,54.243775612136744,1027.5279674698143,941.7,855.8720325301858,22.335474237030894,20.036757799775984,2.2987164372549103
2021-04-14,2454,8837949,8418348992,965.0,969.0,935.0,965.0,4.0,11115,981.0,979.9,944.6,25.133057362507405,41.23389164957782,50.48530546932035,55.05647655528784,1029.4561135098706,944.6,859.7438864901294,20.609024820278478,20.151211203876482,0.4578136164019959
2021-04-15,2454,6003442,5831329760,971.0,985.0,957.0,985.0,20.0,7185,974.0,981.3,947.9,35.56081214271636,32.76687035941912,59.29388134963426,58.97962628046234,1033.6459036922483,947.9,862.1540963077516,20.616974424586147,20.244363848018416,0.37261057656773033
2021-04-16,2454,6494451,6334177260,990.0,990.0,967.0,975.0,-10.0,7062,969.2,981.9,951.25,42.105263157894754,34.2663775543728,53.71922467625881,56.33187806225428,1035.7245523811769,951.25,866.7754476188231,19.590530673834678,20.11359721318167,-0.523066539346992
2021-04-19,2454,4616211,4474368427,985.0,985.0,962.0,963.0,-12.0,6067,969.8,982.1,954.25,41.40350877192984,39.689861357513614,47.47089798387874,53.24298419384239,1035.8707694156346,954.25,872.6292305843655,17.605817983942984,19.612041367333934,-2.0062233833909495
2021-04-20,2454,11068834,10957963828,966.0,1010.0,963.0,998.0,35.0,11045,977.2,982.4,959.9,45.964912280701775,43.15789473684208,62.366110058300485,60.11291734170787,1037.0878228738184,959.9,882.7121771261816,18.64223034389738,19.418079162646624,-0.7758488187492425
2021-04-21,2454,6767197,6722472150,1010.0,1010.0,983.0,988.0,-10.0,7136,981.8,981.4,965.25,50.5263157894737,45.96491228070173,56.98030953958465,57.51283477736329,1034.2162961162921,965.25,896.2837038837079,18.44406646244977,19.22327662260725,-0.7792101601574828
2021-04-22,2454,6178019,6146468973,999.0,1010.0,984.0,984.0,-4.0,6739,981.6,977.8,970.95,62.479532163742704,52.99025341130602,54.77294295319963,56.46084532718378,1024.6360317028507,970.95,917.2639682971494,17.75953274949279,18.930527847984358,-1.1709950984915665
2021-04-23,2454,11303072,11456437658,980.0,1035.0,980.0,1035.0,51.0,14963,993.6,981.4,978.0,73.70760233918129,62.237816764132525,71.30707634917374,65.200825062629,1026.1622258621846,978.0,929.8377741378152,21.089205393193197,19.362263357026126,1.7269420361670704
2021-04-26,2454,11479738,12202088290,1070.0,1090.0,1030.0,1070.0,35.0,11981,1015.0,992.4,984.05,84.14336917562726,73.4435012261837,77.80393888854044,69.69659802623347,1044.859456501436,984.05,923.240543498564,26.2496132434635,20.739733334313602,5.509879909149898
2021-04-27,2454,8769643,9422271120,1075.0,1100.0,1055.0,1065.0,-5.0,8147,1028.4,1002.8,990.15,87.54041657267464,81.79712936249435,74.97455722536593,68.33832708213664,1057.3996096642966,990.15,922.9003903357035,29.594666536484738,22.51071997474783,7.083946561736909
2021-04-28,2454,9050437,9718091545,1075.0,1090.0,1055.0,1080.0,15.0,7798,1046.8,1014.3,997.1,82.70949869827851,84.79776148219342,77.80014113229,70.2137393553456,1070.9969552823375,997.1,923.2030447176626,33.074754825473065,24.623526944892877,8.451227880580188
2021-04-29,2454,6567928,7782994680,1185.0,1185.0,1185.0,1185.0,105.0,5215,1087.0,1034.3,1007.8,87.01057396709571,85.7534964126829,88.45011992190281,79.40840010881493,1117.0146510318134,1007.8,898.5853489681865,43.800467817410095,28.45891511939632,15.341552698013775
2021-05-03,2454,26691326,30048400595,1175.0,1175.0,1080.0,1105.0,-80.0,25290,1101.0,1047.3,1014.6,83.15707011359186,84.29238092632197,62.00810840606788,63.36033844745788,1130.0615087377603,1014.6,899.1384912622399,45.32288719494011,31.831709534505077,13.491177660435032
2021-05-04,2454,18231506,19476054820,1100.0,1105.0,1025.0,1085.0,-20.0,19476,1104.0,1059.5,1020.8,71.72782538636197,80.63182315568314,57.03503810828382,60.09078309639584,1137.3943394852436,1020.8,904.2056605147563,44.40372417511378,34.34611246262682,10.05761171248696
2021-05-05,2454,14706523,15353608999,1090.0,1100.0,999.0,1005.0,-80.0,18840,1092.0,1060.2,1021.3,42.459532703435144,65.78147606779628,41.502116737787446,49.16254317358037,1137.532697637111,1021.3,905.0673023628891,36.79579047952211,34.83604806600588,1.9597424135162314
2021-05-06,2454,14707057,15214361395,1030.0,1065.0,1000.0,1055.0,50.0,13530,1087.0,1066.9,1024.15,33.333333333333336,49.17356380771011,51.194060620658256,54.70676273059228,1140.7523584667113,1024.15,907.5476415332889,34.4044374077107,34.74972593434684,-0.3452885266361392
2021-05-07,2454,10404016,10873811920,1055.0,1065.0,1020.0,1060.0,5.0,10340,1062.0,1074.5,1026.15,27.192062243203083,34.32830942665715,52.11955901720867,55.232542315280874,1143.7667930186801,1026.15,908.5332069813201,32.53765722429489,34.307312192336454,-1.7696549680415643
2021-05-10,2454,19770327,19665904692,1015.0,1025.0,979.0,979.0,-81.0,31826,1036.8,1068.9,1025.15,23.12702159279658,27.884139056444294,38.36841903185898,45.930626158900445,1144.0066783988145,1025.15,906.2933216011857,24.24274218344999,32.294398190559164,-8.051656007109173
2021-05-11,2454,25311449,23187861759,901.0,937.0,898.0,911.0,-68.0,31502,1002.0,1053.0,1022.7,12.441771883156626,20.920285239718723,30.48961073124153,39.86133704575643,1148.6366507415537,1022.7,896.7633492584465,12.043105132264486,28.244139578900228,-16.20103444663574
2021-05-12,2454,31743355,28023814121,900.0,919.0,821.0,888.0,-23.0,38026,978.6,1035.3,1019.05,7.6454033771107,14.404732284354594,28.204190918443416,38.03081606488711,1155.7035400200098,1019.05,882.3964599799901,0.5129837373782493,22.697908410595833,-22.184924673217584
2021-05-13,2454,16914988,14993034403,886.0,905.0,861.0,873.0,-15.0,21218,942.2,1014.6,1014.45,12.54182522268509,10.87633349431743,26.68241914895942,36.84253159784765,1163.6860211209066,1014.45,865.2139788790935,-9.723014321149549,16.213723864246756,-25.936738185396305
2021-05-14,2454,11955062,10765479304,894.0,920.0,888.0,895.0,22.0,14148,909.2,985.6,1009.95,19.7173989904952,13.301542530096958,32.879266297075574,39.81286077930327,1167.654121696295,1009.95,852.245878303705,-15.876881582718056,9.795602774853792,-25.672484357571847
2021-05-17,2454,16387825,14910174357,880.0,937.0,869.0,914.0,19.0,18329,896.2,966.5,1006.9,24.692978966075184,18.984067726418456,38.146746538807754,42.335215408690615,1169.4741676897036,1006.9,844.3258323102964,-19.001684917762077,4.0361452363306185,-23.037830154092696
2021-05-18,2454,16451932,15952272681,940.0,994.0,920.0,994.0,80.0,18896,912.8,957.4,1008.45,43.43043690192156,29.280271619497274,55.35687131464779,51.54344339581344,1169.9077034396312,1008.45,846.992296560369,-14.851582859260816,0.25859961721233127,-15.110182476473147
2021-05-19,2454,12726405,12240468292,983.0,992.0,943.0,943.0,-51.0,19246,923.8,951.2,1005.7,51.41165755919855,39.84502447573173,45.86539827375004,46.451009304615745,1169.6305950699862,1005.7,841.7694049300139,-15.499205658335313,-2.8929614378971977,-12.606244220438116
2021-05-20,2454,11288732,10588899203,938.0,949.0,926.0,930.0,-13.0,12647,935.2,938.7,1002.8,58.11100396442731,50.9843661418491,43.64019967926961,45.224464874555224,1169.9018850881116,1002.8,835.6981149118882,-16.86701035096246,-5.68777122051025,-11.17923913045221
2021-05-21,2454,13888295,13266103555,961.0,973.0,936.0,955.0,25.0,13300,947.2,928.2,1001.35,60.296006649287854,56.60622272430453,49.17273040142459,48.06456246966187,1169.5787430851226,1001.35,833.1212569148776,-15.752133567682108,-7.700643689944622,-8.051489877737486
2021-05-24,2454,6117441,5784586787,950.0,959.0,938.0,943.0,-12.0,8259,953.0,924.6,996.75,67.13608372057881,61.84769811143129,46.61045527590528,46.80994681147433,1166.0743928085967,996.75,827.4256071914032,-15.656408070038765,-9.29179656596345,-6.364611504075315
2021-05-25,2454,8851143,8487332205,955.0,969.0,947.0,952.0,9.0,9271,944.6,928.7,990.85,72.13264374809859,66.52157803932171,48.93856018366053,47.908196405349656,1157.7598858665947,990.85,823.9401141334052,-14.685040138038516,-10.370445280378464,-4.314594857660053
2021-05-26,2454,5897428,5632069553,960.0,968.0,947.0,951.0,-1.0,7057,946.2,935.0,985.15,68.18042794848394,69.14971847238708,48.66348348534426,47.79012330915335,1149.305140035273,985.15,820.9948599647269,-13.83641808147945,-11.063639840598661,-2.7727782408807897
2021-05-27,2454,9408341,8819319190,945.0,952.0,931.0,935.0,-16.0,12003,947.2,941.2,977.9,62.27368421052633,67.52891863570292,44.042433226610605,45.843320934653356,1137.4003448272144,977.9,818.3996551727855,-14.290216549058755,-11.70895518229068,-2.581261366768075
2021-05-28,2454,7683008,7332322270,950.0,968.0,938.0,961.0,26.0,9706,948.4,947.8,966.7,57.93513513513515,62.79641576471511,52.57941843386955,49.4471749880332,1094.8313388675842,966.7,838.568661132416,-12.408831114266945,-11.848930368685933,-0.5599007455810128
2021-05-31,2454,9735550,9608090726,971.0,1010.0,959.0,995.0,34.0,13973,958.8,955.9,961.2,63.44942084942087,61.21941339836075,61.53282589182169,53.77876157000255,1073.5896792414676,961.2,848.8103207585326,-8.081149293683438,-11.095374153685434,3.0142248600019954
2021-06-01,2454,7359973,7283387219,1005.0,1015.0,976.0,977.0,-18.0,10639,963.8,954.2,955.8,64.95054444492648,62.111700143160796,55.10647437595778,51.27394144356398,1053.2650706663694,955.8,858.3349293336304,-6.034319955121646,-10.083163313972676,4.04884335885103
2021-06-02,2454,7280733,7043811180,981.0,988.0,957.0,959.0,-18.0,13543,965.4,955.8,953.5,57.59318708756911,61.99771746063879,49.12133131920959,48.82492331219323,1048.3482999320504,953.5,858.6517000679496,-5.797808992372438,-9.22609244965263,3.428283457280191
2021-06-03,2454,5997351,5861387770,968.0,984.0,965.0,981.0,22.0,6020,974.6,960.9,949.8,50.053504547886575,57.53241202679402,55.94426738712737,51.85190153485626,1033.6584521679254,949.8,865.9415478320745,-3.7914507281971055,-8.139164105361525,4.347713377164419
2021-06-04,2454,4084872,3968840304,971.0,977.0,966.0,977.0,-4.0,5074,977.8,963.1,945.65,49.206349206349216,52.28434694726826,54.396898702431116,51.258243286595864,1014.0788681771096,945.65,877.2211318228904,-2.4953985186216414,-7.010410988013549,4.515012469391907
2021-06-07,2454,5423299,5227747851,971.0,976.0,948.0,973.0,-4.0,8011,973.4,966.1,945.35,54.761904761904766,51.34058617204681,52.69643928028454,50.63393630320196,1013.2418993695094,945.35,877.4581006304907,-1.7706237274314844,-5.962453535897136,4.191829808465651
2021-06-08,2454,3584585,3476996181,975.0,977.0,966.0,966.0,-7.0,4429,971.2,967.5,948.1,48.80952380952382,50.925925925925895,49.53497062204175,49.49776760741402,1014.6459239923819,948.1,881.5540760076182,-1.7410067402889808,-5.118164176775505,3.377157436486524
2021-06-09,2454,3982070,3877203073,963.0,984.0,963.0,967.0,1.0,4939,972.8,969.1,952.05,43.10966810966812,48.89369889369886,50.03457466972463,49.671508355184,1013.0007177972517,952.05,891.0992822027482,-1.6181899356583926,-4.418169328552082,2.7999793928936896
2021-06-10,2454,9223103,9167098512,980.0,1005.0,977.0,998.0,31.0,11918,976.2,975.4,958.3,51.318623333548715,47.745938417580184,63.207968367899305,54.85633566104472,1010.5612667278571,958.3,906.0387332721428,0.9694094404557063,-3.340653574750524,4.3100630152062305
2021-06-11,2454,6101450,6033201319,1005.0,1010.0,980.0,980.0,-18.0,9692,976.8,977.3,962.55,53.35013245461007,49.259474632608935,53.62962421460777,51.53639794220965,1006.7290674414935,962.55,918.3709325585064,1.5497860520498534,-2.3625656493904486,3.912351701440302
2021-06-15,2454,5500801,5453060457,992.0,1005.0,985.0,989.0,9.0,6280,980.0,976.7,966.3,62.83903065318568,55.83592881378146,57.39569823788968,53.065887241004326,1005.8479455850747,966.3,926.7520544149252,2.704784410967818,-1.349095637318795,4.053880048286613
2021-06-16,2454,5172619,5097641346,995.0,995.0,981.0,985.0,-4.0,5738,983.8,977.5,965.85,57.85588188091799,58.01501499623788,55.076290047519564,52.27623258646679,1004.3169988431638,965.85,927.3830011568363,3.259785582074869,-0.4273193934400621,3.687104975514931
2021-06-17,2454,6313231,6144746315,978.0,979.0,968.0,978.0,-7.0,8883,986.0,979.4,967.6,58.064516129032256,59.586476221045274,50.87853333601845,50.8501753503095,1004.9170202454598,967.6,930.2829797545403,3.099062447391475,0.27795697472624536,2.82110547266523
2021-06-18,2454,6077649,5917845107,980.0,990.0,965.0,965.0,-13.0,7380,979.4,977.8,969.35,45.16129032258064,53.69389611084359,43.66742142336015,48.219395927851735,1002.4998114625129,969.35,936.2001885374872,1.9007857755182158,0.6025227348846395,1.2982630406335764
2021-06-21,2454,11806041,11032287422,960.0,961.0,918.0,918.0,-47.0,31213,967.0,971.9,967.5,25.26881720430107,42.831541218637945,27.3294098105264,40.134893663571575,1007.1408879819803,967.5,927.8591120180197,-2.808984104445244,-0.07977863298133725,-2.729205471463907
2021-06-22,2454,14408209,12977450724,902.0,916.0,890.0,903.0,-15.0,26175,949.8,964.9,965.5,12.750896057347662,27.72700119474308,23.98768839167474,37.94813886967718,1013.1172237745956,965.5,917.8827762254044,-7.663544732856053,-1.5965318529562804,-6.067012879899773
2021-06-23,2454,8988863,8320566023,903.0,941.0,898.0,941.0,38.0,11752,941.0,962.4,964.95,17.77777777777777,18.599163679808793,44.165762270966425,45.97828355810659,1013.4246325411506,964.95,916.4753674588495,-8.348302550182439,-2.946885992401512,-5.4014165577809266
2021-06-24,2454,3582547,3345842419,945.0,947.0,927.0,929.0,-12.0,7189,931.2,958.6,963.85,28.611111111111104,19.71326164874547,40.231144126280164,44.04008169212256,1014.4909913015116,963.85,913.2090086984884,-9.746921323869174,-4.306893058695044,-5.44002826517413
2021-06-25,2454,5050278,4738907582,940.0,952.0,927.0,927.0,-2.0,6803,923.6,951.5,963.45,35.724637681159415,27.37117552334939,39.54610385695957,43.70936646034587,1015.1122686300143,963.45,911.7877313699857,-10.891173396428599,-5.623749126241755,-5.267424270186844
2021-06-28,2454,3891044,3615209572,929.0,935.0,922.0,935.0,8.0,5103,927.0,947.0,962.15,35.843685300207035,33.39314469749248,43.99628164755919,45.47321247543089,1015.2810643597523,962.15,909.0189356402476,-11.025374611152529,-6.70407422322391,-4.321300387928619
2021-06-29,2454,5525324,5201733467,942.0,949.0,935.0,935.0,0.0,6487,933.4,941.6,959.15,40.010351966873706,37.19289164941335,43.99628164755919,45.47321247543089,1011.2893325618984,959.15,907.0106674381016,-11.004872718287857,-7.564233922236699,-3.4406387960511573
2021-06-30,2454,10667882,10263530432,945.0,978.0,943.0,962.0,27.0,12046,937.6,939.3,958.4,53.28571428571428,43.04658385093163,58.14866876881768,51.430289193552404,1009.918540351995,958.4,906.8814596480049,-8.709552172957615,-7.793297572380882,-0.9162546005767327
2021-07-01,2454,5621060,5387345203,971.0,976.0,948.0,955.0,-7.0,7519,942.8,937.0,958.2,63.6212121212121,52.30575945793333,54.019660498772595,49.9079481519678,1009.7387233058771,958.2,906.661276694123,-7.370374512964304,-7.708712960497566,0.33833844753326225
2021-07-02,2454,4790985,4592233661,963.0,964.0,953.0,957.0,2.0,5146,948.8,936.2,957.0,73.99999999999999,63.63564213564208,55.082817080393475,50.36005482965803,1007.4658300238866,957.0,906.5341699761134,-6.077624215100968,-7.382495211418247,1.3048709963172787
2021-07-05,2454,7532324,7253624843,960.0,975.0,957.0,957.0,0.0,9256,953.2,940.1,956.0,74.58333333333331,70.73484848484843,55.08281708039347,50.36005482965803,1005.6266057674693,956.0,906.3733942325307,-4.995524987827935,-6.9051011667001845,1.9095761788722498
2021-07-06,2454,7187618,6676788826,937.0,940.0,920.0,922.0,0.0,14620,950.6,942.0,953.45,51.111546499477505,66.56495994427023,35.52005084978606,42.56328589120242,1004.5400185946285,953.45,902.3599814053716,-6.882820180274166,-6.900644969414981,0.01782478914081498
2021-07-07,2454,5379862,4952152805,926.0,928.0,917.0,917.0,-5.0,10297,941.6,939.6,951.0,25.732758620689626,50.475879484500105,33.5350451111118,41.57307597331539,1004.1074382737476,951.0,897.8925617262524,-8.681893961475339,-7.256894767827053,-1.4249991936482864
2021-07-08,2454,6530700,6014637645,920.0,929.0,914.0,920.0,3.0,6436,934.6,938.7,948.65,4.274425287356294,27.039576802507767,36.037197254256284,42.438364965821904,1002.865403715181,948.65,894.434596284819,-9.753169499892465,-7.756149714240135,-1.9970197856523297
2021-07-09,2454,5186052,4771071467,915.0,929.0,911.0,919.0,-1.0,6165,927.0,937.9,944.7,7.105099502487533,12.370761136844443,35.51721863946033,42.21394189897787,995.3521470423483,944.7,894.0478529576518,-10.561112790676361,-8.31714232952738,-2.2439704611489812
2021-07-12,2454,5706017,5346107568,940.0,941.0,930.0,935.0,16.0,6153,922.6,937.9,942.45,19.04539800995022,10.141640933264641,49.19976601933902,47.03968374379483,990.5643429758711,942.45,894.335657024129,-9.7974089553569,-8.613195654693284,-1.1842133006636164
2021-07-13,2454,7219531,6738427622,940.0,944.0,926.0,926.0,-9.0,8066,923.4,937.0,939.3,23.612705702257912,16.587734404898512,43.186134077063834,44.77462146020553,982.8435414269499,939.3,895.75645857305,-9.805362828478565,-8.85162908945034,-0.953733739028225
2021-07-14,2454,3410706,3173452902,929.0,938.0,925.0,930.0,4.0,4476,926.0,933.8,936.55,29.528439533103683,24.06218108177056,46.572273032772735,46.01873769262558,974.8304127459478,936.55,898.2695872540521,-9.380764149830611,-8.957456101526393,-0.423308048304218
2021-07-15,2454,7490469,7081346164,935.0,952.0,930.0,951.0,21.0,8262,932.2,933.4,935.2,38.42147435897433,30.52087319811193,60.860342380163516,52.11751683715412,969.2035292285927,935.2,901.1964707714073,-7.2659843970455995,-8.619161760630234,1.353177363584635
2021-07-16,2454,6055983,5759854226,948.0,960.0,941.0,957.0,6.0,6788,939.8,933.4,934.8,62.02168367346936,43.32386585518241,64.06379163946288,53.72613255448017,967.5572892651468,934.8,902.0427107348531,-5.047669953729155,-7.904863399250019,2.8571934455208634
2021-07-19,2454,7197515,6661594919,941.0,945.0,915.0,919.0,-38.0,13264,936.6,929.6,934.85,57.56802721088433,52.67039508110929,39.92121171528351,43.7104987992947,967.5074646903242,934.85,902.1925353096758,-6.283490034279225,-7.5805887262558596,1.2970986919766343
2021-07-20,2454,3177142,2924310492,917.0,928.0,915.0,920.0,1.0,5347,935.4,929.4,935.7,42.85714285714283,54.148951247165456,40.60837420686569,44.00632247870988,965.7805585054432,935.7,905.6194414945569,-7.100346336313919,-7.484540248267471,0.38419391195355246
2021-07-21,2454,5054585,4617028966,926.0,931.0,906.0,912.0,-8.0,8650,931.8,928.9,934.25,15.268329554043817,38.5644998740236,36.691492665615456,42.100143059658194,965.9225433143583,934.25,902.5774566856417,-8.297594477950042,-7.647151094203986,-0.6504433837460564
2021-07-22,2454,4257367,3924562982,915.0,931.0,915.0,919.0,7.0,5162,925.4,928.8,933.75,17.850844041320208,25.32543881750223,42.366360163936726,44.37076345931894,966.0478327446272,933.75,901.4521672553728,-8.58264536409854,-7.834249948182896,-0.7483954159156427
2021-07-23,2454,4544769,4224700764,932.0,934.0,924.0,933.0,14.0,4790,920.6,930.2,934.05,28.395061728395035,20.504745107919632,52.335647902849416,48.703566013275726,966.2026048711459,934.05,901.897395128854,-7.591358789267929,-7.785671716399903,0.1943129271319739
2021-07-26,2454,5040016,4673380933,940.0,940.0,920.0,923.0,-10.0,4825,921.4,929.0,933.45,35.185185185185155,27.14369698496675,45.74204997333798,45.95052354637113,965.9552303483587,933.45,900.9447696516414,-7.5259193498505965,-7.7337212430900415,0.20780189323944498
2021-07-27,2454,8669067,8141558032,928.0,948.0,924.0,938.0,15.0,8987,925.0,930.2,933.6,46.91358024691355,36.83127572016453,55.543645028041574,50.47294084014192,966.1600982799451,933.6,901.0399017200549,-6.192302474525377,-7.425437489377108,1.2331350148517313
2021-07-28,2454,17046717,15308710868,931.0,932.0,887.0,890.0,-48.0,28720,920.6,926.2,930.0,31.616776593945513,37.90518067534802,33.17188064248737,39.17654431703671,965.0314144733007,930.0,894.9685855266993,-8.905938227765887,-7.721537637054864,-1.1844005907110233
2021-07-29,2454,10421629,9571909485,915.0,935.0,903.0,933.0,43.0,10860,923.4,924.4,928.9,46.25956145530961,41.59663943205617,52.96970833053334,49.97742695708162,962.0535820085877,928.9,895.7464179914123,-7.500314521868631,-7.677293014017617,0.17697849214898564
2021-07-30,2454,6139039,5629687066,935.0,937.0,907.0,910.0,-23.0,8663,918.8,919.7,926.55,39.07478104648549,38.983706365246825,44.70511181284083,45.33964491527892,958.0236397640996,926.55,895.0763602359003,-8.148326552611707,-7.7714997217364346,-0.376826830875272
2021-08-02,2454,4122769,3826838780,924.0,934.0,920.0,934.0,24.0,5452,921.0,921.2,925.4,63.387978142076484,49.574106881290476,53.5314982827842,50.50140055929365,953.8773594281568,925.4,896.9226405718432,-6.648639949317953,-7.546927767252738,0.8982878179347846
2021-08-03,2454,3168619,2972009646,948.0,948.0,930.0,938.0,4.0,3738,921.0,923.0,926.2,66.12021857923496,56.19432592259892,54.93036874301488,51.326396712939484,955.1454659661898,926.2,897.2545340338103,-5.078815517115572,-7.053305317225305,1.9744898001097324
2021-08-04,2454,6227344,5907071537,948.0,953.0,941.0,950.0,12.0,8307,933.0,926.8,927.85,85.37009438648782,71.62609703593303,59.22638657143825,53.81342491406873,958.2360165207549,927.85,897.4639834792451,-2.833752893400174,-6.209394832460278,3.3756419390601042
2021-08-05,2454,7656801,7345324298,960.0,964.0,952.0,961.0,11.0,8722,938.6,931.0,929.9,91.72166631183023,81.07065975918428,62.998302050473306,56.031250787149524,963.2760393096598,929.9,896.5239606903401,-0.165014337572984,-5.000518733482819,4.835504395909835
2021-08-06,2454,3869980,3640698712,956.0,957.0,935.0,936.0,-25.0,6801,943.8,931.3,930.75,85.06493506493506,87.38556525441766,50.58933032371735,50.13853695732584,963.8370065131314,930.75,897.6629934868686,-0.06654379568476543,-4.013723745923208,3.947179950238443
2021-08-09,2454,4439039,4087240470,928.0,928.0,911.0,921.0,-15.0,5807,941.2,931.1,930.05,67.96536796536796,81.58398978071104,44.45923812097794,46.948176898975085,963.3394878302506,930.05,896.7605121697493,-1.1852173734567941,-3.4480224714299252,2.262805097973131
2021-08-10,2454,2513902,2320569397,930.0,930.0,916.0,922.0,1.0,3144,938.0,929.5,929.85,46.31324959193811,66.44785087408032,44.97780114822408,47.189435207649126,963.2821701359559,929.85,896.4178298640442,-1.968392200788685,-3.152096417301677,1.183704216512992
2021-08-11,2454,4585315,4175799220,913.0,916.0,906.0,910.0,-12.0,6948,930.0,931.5,928.85,27.399978954529548,47.22619883727848,39.778275730015636,44.57009758769644,963.3827380901048,928.85,894.3172619098953,-3.5168238495439255,-3.225041903750127,-0.2917819457937987
2021-08-12,2454,4309333,3919105870,923.0,923.0,901.0,904.0,-6.0,6828,918.6,928.6,926.5,14.268665823216416,29.327298123227973,37.265307550599935,43.27663210325118,961.0803412360233,926.5,891.9196587639767,-5.168537262676409,-3.613740975535383,-1.5547962871410261
2021-08-13,2454,5316640,4834227125,909.0,916.0,901.0,910.0,6.0,4922,913.4,928.6,924.15,8.648056923918993,16.772233900554934,41.57167663789983,44.99569829078696,956.4317285782582,924.15,891.8682714217417,-5.925081534929291,-4.076009087414165,-1.849072447515126
2021-08-16,2454,3748871,3400104149,910.0,918.0,900.0,901.0,-9.0,5421,909.4,925.3,923.25,6.870039682539683,9.928920809891645,37.113351848944305,42.89569377705597,957.0249907475932,923.25,889.4750092524068,-7.168242072621069,-4.694455684455546,-2.4737863881655233
2021-08-17,2454,5619978,4996772917,903.0,905.0,880.0,880.0,-21.0,14819,901.0,919.5,921.25,5.282738095238095,6.933611567232204,28.7267767938123,38.39308966180482,959.9378533909546,921.25,882.5621466090454,-9.735752555740078,-5.702715058712452,-4.0330374970276255
2021-08-18,2454,6112567,5442899929,870.0,912.0,865.0,912.0,32.0,9482,901.4,915.7,921.25,17.549818840579707,9.900865539452441,49.15330847592943,47.44569757279233,959.9378533909546,921.25,882.5621466090454,-9.083679543303447,-6.378907955630651,-2.704771587672796
2021-08-19,2454,5605024,5009046115,908.0,914.0,882.0,888.0,-24.0,9574,898.2,908.4,919.7,28.82385730211817,17.218804745978606,39.29842614133624,42.4120843189505,961.0187608720271,919.7,878.381239127973,-10.383808327938027,-7.179888030092126,-3.203920297845901
2021-08-20,2454,5568161,4914351650,899.0,904.0,870.0,873.0,-15.0,9040,890.8,902.1,916.7,32.92642140468227,26.433365849126663,34.2860570983413,39.585366970637146,962.2196660796142,916.7,871.1803339203859,-12.48067494464101,-8.240045413001903,-4.240629531639106
2021-08-23,2454,5355550,4834290895,882.0,915.0,882.0,911.0,38.0,7145,892.8,901.1,916.1,42.3342175066313,34.69483207114386,52.27642299297423,48.88051406694222,961.5880204009768,916.1,870.6119795990232,-10.949950214768592,-8.78202637335524,-2.1679238414133515
2021-08-24,2454,3669517,3336483251,920.0,920.0,903.0,909.0,-2.0,3725,898.6,899.8,914.65,55.826702033598586,43.69578031497067,51.41216862691781,48.457932944714585,959.0899594959328,914.65,870.2100405040671,-9.785422859856908,-8.982705670655573,-0.802717189201335
2021-08-25,2454,4529009,4118558224,915.0,915.0,900.0,911.0,2.0,3740,898.4,899.9,915.7,79.60292580982235,59.25461511668402,52.33158704921698,48.93337345155376,958.7306867247046,915.7,872.6693132752955,-8.601984928118554,-8.90656152214817,0.3045765940296157
2021-08-26,2454,9982776,8837978854,906.0,907.0,870.0,888.0,-23.0,20930,898.4,898.3,913.45,67.10553814002088,67.51172199448055,41.735686424598995,43.916381322223316,957.3247079762334,913.45,869.5752920237667,-9.411519483843676,-9.007553114487271,-0.4039663693564055
2021-08-27,2454,5541636,4931572441,873.0,896.0,873.0,896.0,8.0,6152,903.0,896.9,912.75,60.60606060606059,69.10484151863456,46.15945461948516,45.99059958209216,957.264604345089,912.75,868.235395654911,-9.300339782672722,-9.06611044812436,-0.23422933454836148
2021-08-30,2454,4321735,3915780618,902.0,912.0,898.0,912.0,16.0,5396,903.2,898.0,911.65,61.21212121212119,62.97457331940083,54.26235203001689,49.97548630014753,955.0839728783845,911.65,868.2160271216154,-7.830893124687805,-8.81906698343705,0.9881738587492457
2021-08-31,2454,7759596,6953519849,917.0,917.0,885.0,901.0,-11.0,8621,901.6,900.1,909.8,67.93939393939392,63.252525252525174,48.417749505387356,47.386901922372296,951.7122893672026,909.8,867.8877106327973,-7.467869183250286,-8.548827423399697,1.0809582401494104
2021-09-01,2454,9426404,8682486888,917.0,930.0,906.0,927.0,26.0,11910,904.8,901.6,908.65,80.8181818181818,69.9898989898989,60.23014180172237,53.51572026669944,947.215658298544,908.65,870.084341701456,-5.024270719921674,-7.843916082704093,2.8196453627824187
2021-09-02,2454,5835912,5453594073,930.0,945.0,927.0,933.0,6.0,7530,913.8,906.1,907.25,80.33333333333331,76.36363636363627,62.539723083287136,54.82356859434271,939.6529319661074,907.25,874.8470680338926,-2.5738813743516857,-6.789909141033611,4.2160277666819255
2021-09-03,2454,5982064,5518704279,938.0,938.0,917.0,919.0,-14.0,6585,918.4,910.7,906.4,81.44444444444441,80.86531986531976,54.00249967552527,51.2035343141942,936.5555964955153,906.4,876.2444035044847,-1.7415377973455861,-5.780234872296006,4.03869707495042
2021-09-06,2454,8507094,7686402319,907.0,917.0,895.0,896.0,-23.0,10893,915.2,909.2,905.15,61.33333333333331,74.37037037037027,42.80335012467171,45.84747599382545,934.8503366984338,905.15,875.4496633015661,-2.904328011402413,-5.2050535001172875,2.3007254887148747
2021-09-07,2454,3756993,3384475936,901.0,907.0,897.0,903.0,7.0,3952,915.6,908.6,904.2,47.99999999999997,63.59259259259249,46.72620136672062,47.64253550978974,932.8817014836928,904.2,875.5182985163073,-3.223843671858276,-4.808811534465486,1.5849678626072095
2021-09-08,2454,5405988,4901792058,899.0,914.0,895.0,912.0,9.0,4710,912.6,908.7,904.3,44.27777777777775,51.2037037037036,51.69565563624708,49.94015851845976,933.0756841795378,904.3,875.5243158204621,-2.7194887770945115,-4.390946982991291,1.671458205896779
2021-09-09,2454,6326324,5699357147,903.0,908.0,898.0,901.0,-11.0,5278,906.2,910.0,904.15,41.61111111111109,44.62962962962953,45.62673582638692,47.21308169447177,932.9616295964031,904.15,875.3383704035969,-3.170840483167467,-4.1469256830265255,0.9760851998590585
2021-09-10,2454,4863848,4460103582,903.0,925.0,902.0,925.0,24.0,6005,907.4,912.9,904.9,49.16666666666665,45.01851851851842,58.136702030352225,53.21582376652373,935.0323746160166,904.9,874.7676253839834,-1.5737987658950487,-3.6323002996002303,2.0585015337051815
2021-09-13,2454,3014460,2790479842,918.0,932.0,918.0,927.0,2.0,3988,913.6,914.4,906.2,52.44444444444442,47.74074074074065,59.052631992516524,53.68844817328283,937.7569326773033,906.2,874.6430673226968,-0.1450760669962392,-2.934855453079432,2.7897793860831928
2021-09-14,2454,8536498,8046039802,932.0,949.0,932.0,947.0,20.0,11472,922.4,919.0,909.55,75.65432098765429,59.08847736625504,67.3792640109113,58.2324721338361,943.4113348821382,909.55,875.6886651178617,2.5713884528476,-1.8336066718940254,4.4049951247416255
2021-09-15,2454,5483694,5124282580,943.0,945.0,928.0,935.0,-12.0,5478,927.0,919.8,910.7,78.12345679012343,68.74074074074063,58.98330137038115,54.76066248173156,946.3320080826168,910.7,875.0679919173833,3.713104091439277,-0.7242645192273649,4.437368610666642
2021-09-16,2454,4041855,3762823568,930.0,936.0,926.0,936.0,1.0,3589,934.0,920.1,913.1,82.09876543209873,78.62551440329206,59.47425534676408,55.001427205551444,948.7589399730286,913.1,877.4410600269714,4.6450681491227215,0.3496020144426524,4.295466134680069
2021-09-17,2454,7362257,6955190698,940.0,952.0,936.0,940.0,4.0,7460,937.0,922.2,916.45,76.31578947368418,78.84600389863535,61.61819359214372,56.00992736876507,948.8504629596559,916.45,884.0495370403441,5.641392488913311,1.4079601093367842,4.233432379576527
2021-09-22,2454,8480705,7704784466,918.0,925.0,900.0,911.0,-29.0,10848,933.8,923.7,916.45,60.981156595191656,73.13190383365809,42.56951765479741,47.66864651837719,948.8504629596559,916.45,884.0495370403441,4.044308795143365,1.9352298464981006,2.109078948645265
2021-09-23,2454,5320705,4856619712,919.0,921.0,905.0,915.0,4.0,5237,927.4,924.9,916.75,46.16634178037683,61.15442928308412,45.29110667390883,48.80123948046216,948.9796447389666,916.75,884.5203552610334,3.0660317268603876,2.161390222570558,0.9046415042898297
2021-09-24,2454,4848703,4449683534,918.0,923.0,912.0,920.0,5.0,4063,924.4,925.7,917.2,32.671065127205445,46.606187834257874,48.82759867437981,50.25065839743246,949.3471616165328,917.2,885.0528383834672,2.6634952006916137,2.261811218194769,0.40168398249684456
2021-09-27,2454,11010430,10454270707,921.0,959.0,921.0,959.0,39.0,15793,929.0,931.5,920.75,56.64767331433995,45.161693407307304,67.78047905006946,59.8082893150649,954.8373876969208,920.75,886.6626123030792,5.428875469924719,2.895224068540759,2.53365140138396
2021-09-28,2454,7353868,7040725953,959.0,969.0,945.0,957.0,-2.0,7994,932.4,934.7,923.8,73.69007803790409,54.336272159816396,66.31108678878152,59.18038885040161,959.36740080467,923.8,888.23259919533,7.374072256703698,3.7909937061733467,3.5830785505303515
2021-09-29,2454,8807094,8136007674,940.0,943.0,913.0,913.0,-44.0,11362,932.8,933.3,923.85,67.14975845410625,65.82916993545,42.60488481381361,47.39227449246318,959.3536617829736,923.85,888.3463382170264,5.3040803117959285,4.093611027297863,1.2104692844980658
2021-09-30,2454,8747603,7916414107,913.0,915.0,896.0,905.0,-8.0,10672,930.8,929.1,924.05,37.926014161868814,59.588616884626276,39.601753317339956,45.61325942292,959.0784170353189,924.05,889.021582964681,2.983669753115578,3.871622772461406,-0.887953019345828
2021-10-01,2454,6601268,5882005182,905.0,905.0,882.0,885.0,-20.0,16255,923.8,924.1,921.95,11.53920756516716,38.871660060380634,32.84844513470902,41.426526241354615,960.8420300318637,921.95,883.0579699681364,-0.4637592572820495,3.004546366512715,-3.4683056237947643
2021-10-04,2454,4625996,4119878988,892.0,899.0,878.0,892.0,7.0,5911,910.4,919.7,919.9,10.387219456657311,19.950813727897657,37.22002227193156,43.385220826593915,960.5295458995024,919.9,879.2704541004975,-2.601046837994886,1.8834277256111946,-4.4844745636060805
2021-10-05,2454,9075762,7871135272,872.0,878.0,855.0,867.0,-25.0,18097,892.4,912.4,917.3,9.786402345385982,10.570943122403378,29.278271340798355,38.44110883000477,964.0251538253243,917.3,870.5748461746756,-6.240220334701689,0.2586981135486177,-6.498918448250307
2021-10-06,2454,5437206,4767022092,875.0,890.0,871.0,871.0,4.0,6466,884.0,908.4,916.05,13.315339631129078,11.162987144390684,31.987196958356613,39.62659588953794,966.1996759710391,916.05,865.9003240289608,-8.701222700102107,-1.5332860491815274,-7.16793665092058
2021-10-07,2454,7536884,6822097941,885.0,914.0,883.0,911.0,40.0,8016,885.2,908.0,916.45,24.561403508771903,15.887715161762214,52.99347631725805,49.99682385937035,966.3036859219022,916.45,866.5963140780979,-7.339316032537113,-2.6944920458526447,-4.644823986684468
2021-10-08,2454,4815175,4406502069,919.0,925.0,906.0,910.0,-1.0,5205,890.2,907.0,916.35,37.134502923976584,25.003748687959085,52.52035457059219,49.766676513579,966.246993897428,916.35,866.4530061025721,-6.268428289772146,-3.409279294636545,-2.859148995135601
2021-10-12,2454,9179159,8201224912,907.0,908.0,885.0,887.0,-23.0,8148,889.2,899.8,915.65,44.577352472089295,35.42441963494582,42.36995517733305,44.67310704948535,966.7666313444083,915.65,864.5333686555916,-7.192736431027242,-4.165970721914684,-3.026765709112558
2021-10-13,2454,5792133,5042864544,891.0,893.0,862.0,862.0,-25.0,14479,888.2,890.3,912.5,31.53641679957467,37.74942406521341,34.02980448301652,39.8935943717252,968.4589134991013,912.5,856.5410865008987,-9.829242964135688,-5.298625170358885,-4.530617793776803
2021-10-14,2454,8950553,7605345119,870.0,873.0,839.0,840.0,-22.0,20052,882.0,883.0,908.15,15.842142353770235,30.651970541811295,28.308859974663132,36.22105922469564,971.9066467123243,908.15,844.3933532876756,-13.53785357595416,-6.946470851477939,-6.59138272447622
2021-10-15,2454,6522822,5563539719,853.0,859.0,847.0,857.0,17.0,8236,871.2,878.2,903.65,10.697674418604626,19.358744523983074,37.744267431938134,40.75936178175438,968.4983615830042,903.65,838.8016384169957,-14.933057290900706,-8.543788139362492,-6.389269151538214
2021-10-18,2454,6064288,5275492160,862.0,878.0,860.0,867.0,10.0,7122,862.6,876.4,900.25,18.217054263565867,14.918957011980138,42.90151115099094,43.31455342204816,965.297290489304,900.25,835.202709510696,-15.05826752579162,-9.846684016648318,-5.211583509143303
2021-10-19,2454,6912775,6172110128,877.0,900.0,872.0,898.0,31.0,8399,864.8,877.0,898.35,40.69767441860463,23.204134366924933,56.06468310005967,50.44960687370607,961.2952937081071,898.35,835.4047062918929,-12.511828051409339,-10.379712823600522,-2.132115227808816
2021-10-20,2454,4559291,4130277207,910.0,918.0,901.0,901.0,3.0,5579,872.6,880.4,896.4,57.7519379844961,38.88888888888876,57.1792260348964,51.09119592817192,956.4113322631679,896.4,836.3886677368321,-10.13485321476901,-10.33074090183422,0.19588768706521087
2021-10-21,2454,6120161,5596723352,912.0,924.0,903.0,913.0,12.0,8635,887.2,884.6,896.5,75.58139534883719,58.010335917312524,61.71189211464737,53.67505841531983,956.614890002393,896.5,836.385109997607,-7.199789132332626,-9.704550547933902,2.5047614156012763
2021-10-22,2454,4750886,4369613496,913.0,926.0,906.0,926.0,13.0,7063,901.0,886.1,897.05,86.04651162790697,73.12661498707998,66.22984009498103,56.364540738732536,958.0269628630388,897.05,836.0730371369611,-3.781151584756117,-8.519870755298346,4.738719170542229
2021-10-25,2454,5842189,5448006760,928.0,944.0,916.0,938.0,12.0,8317,915.2,888.9,897.95,93.44407530454039,85.0239940937614,70.03735920951685,58.7454779936126,960.7591553835848,897.95,835.1408446164153,-0.10237684993398943,-6.836371974225474,6.733995124291485
2021-10-26,2454,6475143,6130124961,951.0,952.0,940.0,946.0,8.0,8292,924.8,894.8,897.3,96.3253265908133,91.93863784108676,72.45303303676249,60.300673396226166,957.7949584676287,897.3,836.8050415323712,3.419197393586728,-4.785258100663034,8.204455494249762
2021-10-27,2454,8154279,7711498281,949.0,958.0,932.0,942.0,-4.0,9452,933.0,902.8,896.55,91.5205217860085,93.76330789378727,69.1986216977675,59.10100028947098,954.3789719777201,896.55,838.7210280222798,5.820212001546565,-2.664164080221114,8.48437608176768
2021-10-28,2454,3849136,3599037910,942.0,947.0,927.0,936.0,-6.0,5982,937.6,912.4,897.7,85.9422904934915,91.26271295677098,64.15562522767097,57.260762968632214,957.6669909200057,897.7,837.7330090799944,7.156389121725283,-0.7000534398318345,7.856442561557118
2021-10-29,2454,5549918,5098098677,938.0,939.0,913.0,913.0,-23.0,7640,935.0,918.0,898.1,70.27034153279999,82.5777179374332,48.3856455168939,50.73877159148385,958.3624261044978,898.1,837.8375738955023,6.286939411076446,0.6973451303498217,5.589594280726624
2021-11-01,2454,2963703,2736013975,925.0,930.0,917.0,922.0,9.0,3578,931.8,923.5,899.95,54.02251475865743,70.07838226164952,53.59326097800257,52.99491791215406,960.7594565014322,899.95,839.1405434985679,6.2520493026071335,1.8082859648012841,4.44376333780585
2021-11-02,2454,2965080,2753908718,929.0,934.0,919.0,928.0,6.0,3534,928.2,926.5,901.75,43.32368977411816,55.87218202185841,56.969984049613906,54.49132461093835,963.63335802136,901.75,839.86664197864,6.632097801070131,2.773048332055054,3.859049469015077
2021-11-03,2454,3089194,2885456706,934.0,939.0,929.0,932.0,4.0,3186,926.2,929.6,905.0,44.098883572567765,47.148362701781,59.27478442394411,55.508224018699224,966.0639009562918,905.0,843.9360990437082,7.173365453130145,3.6531117562700723,3.520253696860073
2021-11-04,2454,3142300,2933243510,945.0,945.0,926.0,928.0,-4.0,2836,924.6,931.1,907.85,42.92929292929292,43.450622091992834,55.78857202132544,54.2038603292189,967.6070916293596,907.85,848.0929083706404,7.19659947735795,4.361809300487648,2.8347901768703014
2021-11-05,2454,3922770,3677044994,939.0,940.0,927.0,940.0,12.0,4519,930.0,932.5,909.3,47.77777777777777,44.93531809321271,63.335895825416166,57.43530574541005,970.6778461661917,909.3,847.9221538338082,8.09005520030155,5.107458480450428,2.982596719851121
2021-11-08,2454,10948581,10613395514,947.0,983.0,944.0,980.0,40.0,17597,941.6,936.7,912.8,63.01587301587301,51.24098124098112,77.96458089901826,66.03784434507621,981.4865343426229,912.8,844.113465657377,11.888744952461934,6.463715774852729,5.425029177609205
2021-11-09,2454,7326160,7251540976,1000.0,1000.0,976.0,978.0,-2.0,10156,951.6,939.9,917.35,76.80897646414887,62.53420908593311,76.19126467024574,65.32691903532015,990.5081164328325,917.35,844.1918835671676,14.569897949710594,8.084952209824301,6.484945739886292
2021-11-10,2454,3607273,3474161864,972.0,978.0,958.0,958.0,-20.0,6984,956.8,941.5,922.15,74.0503557744937,71.29173508483842,60.213108030276366,58.540058525037544,992.7028879635726,922.15,851.5971120364273,14.90903607633311,9.449768983126063,5.459267093207046
2021-11-11,2454,3976455,3772947123,936.0,960.0,936.0,954.0,-4.0,5155,962.0,943.3,927.85,57.0050316207358,69.28812128645934,57.404172705589595,57.258808945580455,988.6851049970302,927.85,867.0148950029699,14.685750721677437,10.496965330836337,4.188785390841099
2021-11-12,2454,4506624,4410740653,964.0,988.0,956.0,983.0,29.0,7089,970.6,950.3,934.15,58.43826562101961,63.16455100541626,69.45616919373231,63.49667075178049,990.243760793873,934.15,878.056239206127,16.65684338430708,11.728940941530485,4.927902442776595
2021-11-15,2454,11863385,12113913220,1010.0,1035.0,1000.0,1025.0,42.0,19824,979.6,960.6,942.05,71.47211566847295,62.30513763674268,79.33530600273812,70.26514688922816,1002.430377607303,942.05,881.669622392697,21.361752525862357,13.655503258396859,7.706249267465498
2021-11-16,2454,5968762,6144548995,1025.0,1045.0,1010.0,1035.0,10.0,8160,991.0,971.3,948.9,87.14489080262301,72.35175736403842,81.03886552327715,71.61469207207176,1018.1673083062996,948.9,879.6326916937004,25.602216924222034,16.044845991561893,9.557370932660142
2021-11-17,2454,7313793,7639038614,1060.0,1075.0,1020.0,1030.0,-5.0,8746,1005.4,981.1,955.35,84.00564044115042,80.87421563741536,77.32060046564827,69.90628046018391,1029.4317791363023,955.35,881.2682208636977,28.233894536336038,18.482655700516723,9.751238835819315
2021-11-18,2454,13199272,14235901080,1060.0,1100.0,1050.0,1085.0,55.0,15124,1031.6,996.8,963.95,84.01496392888072,85.05516505755128,85.72568083591848,76.5368885334205,1054.4783933360118,963.95,873.4216066639883,34.361460818917294,21.658416724196837,12.703044094720457
2021-11-19,2454,10562661,11498116635,1115.0,1120.0,1060.0,1090.0,5.0,10365,1053.0,1011.8,972.15,81.38130176836434,83.13396871279838,86.26553465857891,77.03232338251601,1076.1505288448109,972.15,868.1494711551891,39.16953741274688,25.160640861906845,14.008896550840031
2021-11-22,2454,5357065,5840128695,1100.0,1110.0,1080.0,1080.0,-10.0,5522,1064.0,1021.8,979.25,84.27006009190528,83.22210859638334,79.27021449032033,73.68133359142469,1091.9777694270574,979.25,866.5222305729426,41.69245169665612,28.467003028856702,13.22544866779942
2021-11-23,2454,6209563,6604229951,1070.0,1090.0,1050.0,1055.0,-25.0,7474,1068.0,1029.5,984.7,75.54347826086956,80.39828004037962,64.10781171289891,65.95660717332287,1100.9550644058131,984.7,868.444935594187,41.19966429291935,31.01353528166923,10.18612901125012
2021-11-24,2454,4303829,4467249200,1045.0,1060.0,1025.0,1040.0,-15.0,6877,1070.0,1037.7,989.6,64.7180982679392,74.84387887357123,56.53782475583853,61.772013258060156,1106.5023524143107,989.6,872.6976475856893,39.147484255314566,32.6403250763983,6.507159178916268
2021-11-25,2454,3042360,3150355090,1045.0,1055.0,1020.0,1035.0,-5.0,4431,1060.0,1045.8,994.55,48.353363968422286,62.87164683241023,54.055549162179226,60.39648317972569,1110.3333753178777,994.55,878.7666246821224,36.694665316959686,33.451193124510574,3.2434721924491114
2021-11-26,2454,4570424,4593923765,1020.0,1025.0,996.0,1005.0,-30.0,8783,1043.0,1048.0,999.15,29.214747792639212,47.42873667633344,41.3479630499232,52.799455434427045,1108.7534214794416,999.15,889.5465785205582,31.961605860220516,33.153275671652565,-1.1916698114320496
2021-11-29,2454,3878731,3933345002,998.0,1030.0,991.0,1030.0,25.0,5937,1033.0,1048.5,1004.55,22.219096440776852,33.262402733946,52.25928233927388,57.58721457703475,1108.9348169036111,1004.55,900.1651830963889,29.883435563798457,32.49930765008175,-2.6158720862832894
2021-11-30,2454,8407302,8600026375,1050.0,1060.0,1010.0,1010.0,-20.0,6129,1024.0,1046.0,1008.65,17.406434942068838,22.946759725161513,44.5278089245019,52.95913479786512,1106.9501017293478,1008.65,910.349898270652,26.319245894934397,31.263295299052277,-4.94404940411788
2021-12-01,2454,6547926,6884259525,1020.0,1070.0,1010.0,1065.0,55.0,7857,1029.0,1049.5,1015.3,34.10852713178293,24.578019504876085,62.38294323466052,62.002787547317,1109.8835080761994,1015.3,920.7164919238004,27.614319562976334,30.53350015183709,-2.9191805888607547
2021-12-02,2454,7194120,7706808715,1045.0,1085.0,1040.0,1080.0,15.0,7241,1038.0,1049.0,1022.9,48.960979740733485,33.49198060486163,65.87758688292797,64.03363975875735,1112.4988839216228,1022.9,933.3011160783772,29.510866515852626,30.328973424640196,-0.8181069087875699
2021-12-03,2454,4782312,5131333230,1080.0,1090.0,1055.0,1060.0,-20.0,5456,1049.0,1046.0,1028.9,67.28374224954251,50.11774970735286,57.55954733958609,59.46964293015371,1111.2696546065288,1028.9,946.5303453934713,29.06501735909353,30.076182211530863,-1.0111648524373322
2021-12-06,2454,4650774,4964134180,1060.0,1085.0,1040.0,1085.0,25.0,4749,1060.0,1046.5,1034.15,79.8121268709504,65.35228295374202,64.1591578630459,63.017962127915325,1116.7678552130171,1034.15,951.5321447869832,30.378782066942335,30.136702182613156,0.24207988432917915
2021-12-07,2454,6286966,6686549430,1060.0,1080.0,1050.0,1065.0,-20.0,5528,1071.0,1047.5,1038.5,79.79797979797979,75.63128297282412,56.02754541605551,58.59817822577921,1117.9342495401058,1038.5,959.0657504598942,29.466446358653457,30.002651017821215,-0.5362046591677583
2021-12-08,2454,7553331,8258621655,1085.0,1110.0,1080.0,1095.0,30.0,8057,1077.0,1053.0,1045.35,85.69730922672098,81.7691386318836,64.01002190544817,62.81147086837232,1119.2723240976682,1045.35,971.4276759023317,30.80901585946799,30.16392398615057,0.6450918733174191
2021-12-09,2454,3406357,3694621690,1095.0,1100.0,1075.0,1085.0,-10.0,3118,1078.0,1058.0,1051.9,80.37800978977448,81.95776627149162,59.78912566342367,60.59775372710803,1114.6563542599426,1051.9,989.1436457400575,30.712065857434254,30.273552360407308,0.4385134970269462
2021-12-10,2454,3190902,3427647240,1075.0,1085.0,1065.0,1075.0,-10.0,3086,1081.0,1065.0,1056.5,77.12885154061622,81.06805685237043,55.51804608416789,58.381875499715676,1111.3725796732758,1056.5,1001.6274203267242,29.48839202840577,30.116520294007,-0.6281282656012301
2021-12-13,2454,3450664,3727203182,1070.0,1095.0,1070.0,1075.0,0.0,3128,1079.0,1069.5,1059.0,69.66386554621847,75.72357562553627,55.51804608416789,58.38187549971568,1112.4415568635495,1059.0,1005.5584431364505,28.193623164883093,29.731940868182217,-1.5383177032991249
2021-12-14,2454,4197956,4460718232,1070.0,1075.0,1050.0,1070.0,-5.0,4462,1080.0,1075.5,1060.75,57.6190476190476,68.13725490196065,52.94411600095409,57.16962033352226,1113.216656077932,1060.75,1008.283343922068,26.45904786537244,29.077362267620263,-2.6183144022478224
2021-12-15,2454,3025297,3198202205,1065.0,1075.0,1045.0,1060.0,-10.0,3773,1073.0,1075.0,1062.25,45.47619047619046,57.58636788048539,47.7758186142797,54.722277322182,1112.7945348183164,1062.25,1011.7054651816836,24.00080171486843,28.062050157069898,-4.061248442201467
2021-12-16,2454,3900955,4225763480,1085.0,1090.0,1075.0,1090.0,30.0,4787,1074.0,1076.0,1062.5,47.61904761904761,50.2380952380951,61.07503538085395,60.22353131940361,1113.5392006206994,1062.5,1011.4607993793006,24.194474369432328,27.288534999542385,-3.0940606301100573
2021-12-17,2454,5577386,6023588920,1075.0,1095.0,1070.0,1075.0,-15.0,3918,1074.0,1077.5,1061.75,48.71794871794871,47.271062271062135,53.17579691505887,56.525454945087105,1111.5772014064607,1061.75,1011.9227985935393,22.873910501988576,26.405610100031623,-3.5316995980430477
2021-12-20,2454,3333615,3542886278,1070.0,1075.0,1055.0,1055.0,-20.0,4037,1070.0,1074.5,1060.5,44.322344322344314,46.886446886446755,44.26925293412574,51.94530807262041,1109.6833305094317,1060.5,1011.3166694905683,19.983167751119936,25.121121630249284,-5.137953879129348
2021-12-21,2454,4476757,4870044535,1110.0,1110.0,1070.0,1090.0,35.0,4346,1074.0,1077.0,1062.25,43.58974358974357,45.5433455433454,58.47075018488101,58.31143148099988,1112.9919944424735,1062.25,1011.5080055575266,20.2826351941585,24.153424343031126,-3.8707891488726247
2021-12-22,2454,1375244,1495307005,1095.0,1095.0,1080.0,1085.0,-5.0,2013,1079.0,1076.0,1064.5,48.717948717948694,45.5433455433454,56.08863430390538,57.14672301899867,1115.086559479767,1064.5,1013.913440520233,19.88725914304473,23.30019130303385,-3.4129321599891185
2021-12-23,2454,2771095,3032923170,1090.0,1105.0,1085.0,1095.0,10.0,3893,1080.0,1077.0,1067.5,69.23076923076921,53.8461538461537,59.900519000864726,58.91426316573948,1117.8487835006965,1067.5,1017.1512164993036,20.148576947522088,22.669868431931498,-2.52129148440941
2021-12-24,2454,5416247,6039143525,1100.0,1130.0,1095.0,1120.0,25.0,9223,1089.0,1081.5,1073.25,75.5656108597285,64.50477626948201,68.00211946753801,63.020729616567074,1119.8627664915955,1073.25,1026.6372335084045,22.118001700915784,22.559495085728354,-0.4414933848125706
2021-12-27,2454,8596153,9931937555,1125.0,1185.0,1120.0,1145.0,25.0,11891,1107.0,1088.5,1079.0,78.8623141564318,74.5528980823097,74.1056813029653,66.61427171411344,1130.9230199429887,1079.0,1027.0769800570113,25.40324329743885,23.128244728070452,2.274998569368396
2021-12-28,2454,5042669,5892194005,1160.0,1180.0,1155.0,1175.0,30.0,6293,1124.0,1099.0,1087.25,83.99051928463693,79.47281476693227,79.56327770181034,70.3391639786098,1144.8238655988982,1087.25,1029.6761344011018,30.080817274231094,24.518759237302582,5.562058036928512
2021-12-29,2454,5160937,6126791835,1180.0,1200.0,1170.0,1185.0,10.0,6737,1144.0,1111.5,1093.25,84.46381205001894,82.4388818303624,81.11145589577646,71.48137127363458,1163.8385968127998,1093.25,1022.6614031872002,34.200502671726554,26.455107924187377,7.7453947475391764
2021-12-30,2454,3858894,4583650640,1200.0,1200.0,1175.0,1190.0,5.0,4943,1163.0,1121.5,1098.75,91.68877099911583,86.71436744459042,81.9108212949231,72.06070873843262,1180.5958917722814,1098.75,1016.9041082277186,37.437287496867384,28.651543838723377,8.785743658144007
2022-01-03,2454,7574367,8840518430,1205.0,1215.0,1145.0,1150.0,-40.0,11087,1169.0,1129.0,1103.25,79.3103448275862,85.15430929224017,58.717949822717365,61.32742993561045,1185.9709163392185,1103.25,1020.5290836607815,36.35571107785381,30.192377286549466,6.163333791304346
2022-01-04,2454,6761854,7830403615,1165.0,1175.0,1145.0,1165.0,15.0,7181,1173.0,1140.0,1107.25,70.41294167730949,80.47068583467036,63.2681835351243,63.52167304884468,1193.7066365295343,1107.25,1020.7933634704657,36.29059324440618,31.41202047812081,4.878572766285373
2022-01-05,2454,7170388,8393883150,1170.0,1190.0,1150.0,1175.0,10.0,6683,1173.0,1148.5,1112.75,62.45538199561188,70.72622283350238,66.16852363566281,64.94948033738686,1201.7148807114359,1112.75,1023.7851192885641,36.623727782366814,32.45436193897001,4.169365843396804
2022-01-06,2454,8411284,9514641165,1150.0,1155.0,1110.0,1135.0,-40.0,15403,1163.0,1153.5,1114.75,55.175688509021846,62.68133739398093,48.35185679797559,55.57847871824032,1203.8272136968822,1114.75,1025.6727863031178,33.27648301544309,32.618786154264626,0.657696861178465
2022-01-07,2454,8690396,9587680095,1130.0,1145.0,1090.0,1100.0,-35.0,11455,1145.0,1154.0,1115.5,36.85470085470086,51.49525711977805,37.92684464974913,48.926548987982216,1203.8119470966415,1115.5,1027.1880529033585,27.482755827506253,31.591580088912952,-4.108824261406699
2022-01-10,2454,7452615,8071954585,1080.0,1095.0,1070.0,1095.0,-5.0,8492,1134.0,1151.5,1116.5,19.52490421455939,37.18509785942722,36.61123648628925,48.04194634063562,1203.3964901477614,1116.5,1029.6035098522386,22.2314566822281,29.71955540757598,-7.488098725347882
2022-01-11,2454,4807940,5188806882,1090.0,1095.0,1065.0,1080.0,-15.0,7070,1117.0,1145.0,1116.75,11.747126436781612,22.70891050201381,32.647556584921844,45.39054780025767,1203.195069263666,1116.75,1030.304930736334,16.667259839833832,27.10909629402755,-10.44183645419372
2022-01-12,2454,3084290,3337695090,1095.0,1095.0,1070.0,1085.0,5.0,4646,1099.0,1136.0,1117.5,13.52490421455939,14.932311621966656,35.36870705088182,46.451426557323025,1202.558803189323,1117.5,1032.441196810677,12.516766475110899,24.190630330244222,-11.673863855133323
2022-01-13,2454,5091825,5575476675,1090.0,1110.0,1085.0,1100.0,15.0,4939,1092.0,1127.5,1119.5,15.555555555555557,13.609195402298715,43.37571042742191,49.613815918260116,1200.8572369245662,1119.5,1038.1427630754338,10.318895417563226,21.416283347708024,-11.097387930144798
2022-01-14,2454,5753681,6152838075,1090.0,1090.0,1055.0,1065.0,-35.0,9562,1085.0,1115.0,1118.25,14.69135802469136,14.590605931601964,32.436523501649575,43.20262077151617,1202.1114929511753,1118.25,1034.3885070488247,5.68729962697671,18.27048660356176,-12.58318697658505
2022-01-17,2454,5568468,6138222990,1075.0,1120.0,1070.0,1115.0,50.0,6695,1089.0,1111.5,1120.25,25.06172839506173,18.43621399176941,52.43103812370098,52.621592036082454,1201.7653359804153,1120.25,1038.7346640195847,5.982347943446257,15.81285887153866,-9.830510928092403
2022-01-18,2454,4961195,5567673225,1110.0,1145.0,1105.0,1105.0,-10.0,7153,1094.0,1105.5,1122.75,33.95061728395062,24.567901234567767,49.04442701960678,50.8068611967441,1199.0045080634582,1122.75,1046.4954919365418,5.347615451295951,13.719810187490118,-8.372194736194167
2022-01-19,2454,4814508,5303526290,1095.0,1120.0,1090.0,1100.0,-5.0,5568,1097.0,1098.0,1123.25,48.14814814814815,35.72016460905336,47.263605030374244,49.88059765041624,1198.7665544764855,1123.25,1047.7334455235145,4.390516029226319,11.853951355837358,-7.463435326611039
2022-01-20,2454,5412066,5889630068,1105.0,1110.0,1070.0,1090.0,-10.0,5733,1095.0,1093.5,1123.5,46.296296296296305,42.79835390946488,43.57200081760099,47.99594452606223,1198.5399893390183,1123.5,1048.4600106609817,2.792896641231664,10.04174041291622,-7.248843771684555
2022-01-21,2454,6033179,6440155680,1060.0,1080.0,1055.0,1070.0,-20.0,9424,1096.0,1090.5,1122.25,35.1851851851852,43.20987654320974,36.85518199421923,44.38400132872298,1199.9336533641408,1122.25,1044.5663466358592,-0.08606893786645742,8.016178542759684,-8.102247480626142
2022-01-24,2454,5104728,5488571390,1060.0,1090.0,1050.0,1090.0,20.0,5903,1091.0,1090.0,1120.75,32.55360623781677,38.011695906432614,46.480497766315374,48.55343825152826,1199.6977675428507,1120.75,1041.8022324571493,-0.7452463125118811,6.263893571705371,-7.0091398842172525
2022-01-25,2454,4536083,4890268620,1080.0,1090.0,1070.0,1085.0,-5.0,5935,1087.0,1090.5,1117.75,31.87134502923978,33.20337881741377,44.501964959258764,47.5928352532577,1197.3411427232954,1117.75,1038.1588572767046,-1.6520633859518057,4.680702180173936,-6.332765566125742
2022-01-26,2454,5220488,5645971650,1070.0,1095.0,1070.0,1075.0,-10.0,5741,1082.0,1089.5,1112.75,35.087719298245624,33.17089018843391,40.481250845963814,45.64766682494044,1189.8522048971363,1112.75,1035.6477951028637,-3.1414264675820505,3.116276450622739,-6.25770291820479
2022-02-07,2454,18948207,20946255115,1130.0,1130.0,1075.0,1100.0,25.0,13780,1084.0,1089.5,1108.5,38.596491228070185,35.18518518518505,52.89443102116862,51.035583935753436,1178.2208720542135,1108.5,1038.7791279457865,-2.2782046487157004,2.0373802307550513,-4.315584879470752
2022-02-08,2454,9138912,10074534000,1125.0,1125.0,1090.0,1095.0,-5.0,7486,1089.0,1092.5,1103.75,42.10526315789475,38.59649122807004,50.439836723253784,49.96870416577357,1162.7309291211998,1103.75,1044.7690708788002,-1.9747892105872324,1.2349463424865945,-3.209735553073827
2022-02-09,2454,8215520,9159485405,1125.0,1135.0,1095.0,1130.0,35.0,7689,1097.0,1094.0,1102.75,64.70588235294119,48.4692122463019,64.06023560974853,56.779730858976464,1159.1835892886497,1102.75,1046.3164107113503,1.0774569498903475,1.203448463967345,-0.1259915140769976
2022-02-10,2454,8726429,10012608825,1140.0,1165.0,1125.0,1160.0,30.0,10064,1112.0,1099.5,1102.5,79.04608067483288,61.95240872855612,71.80809207258115,61.60462350909158,1157.8624421426657,1102.5,1047.1375578573343,5.8497015833143,2.132699087836736,3.717002495477564
2022-02-11,2454,5058227,5841841255,1150.0,1170.0,1145.0,1150.0,-10.0,5743,1127.0,1104.5,1101.25,91.03438476840013,78.26211593205791,66.25363533406747,59.23099554933635,1150.8357842531507,1101.25,1051.6642157468493,8.724255622796818,3.451010394828752,5.273245227968066
2022-02-14,2454,5789679,6414222629,1120.0,1125.0,1100.0,1105.0,-45.0,9208,1128.0,1106.0,1099.75,74.93961352657007,81.67335965660088,47.118894113710944,49.91141401441054,1146.9172555911407,1099.75,1052.5827444088593,7.287233794781059,4.218255074819213,3.068978719961846
2022-02-15,2454,3322875,3682369260,1110.0,1120.0,1090.0,1100.0,-5.0,4898,1129.0,1109.0,1099.75,53.05555555555558,73.00985128350844,45.4184986620518,48.9890787234991,1146.9172555911407,1099.75,1052.5827444088593,5.679456193973465,4.5104952986500635,1.1689608953234014
2022-02-16,2454,2940602,3306235045,1130.0,1130.0,1115.0,1130.0,30.0,3607,1129.0,1113.0,1101.5,45.2777777777778,57.75764895330101,56.425829382556195,54.430352246814486,1150.3978527135905,1101.5,1052.6021472864095,6.748240624178834,4.958044363755818,1.7901962604230164
2022-02-17,2454,3047582,3438647590,1130.0,1135.0,1120.0,1130.0,0.0,3424,1123.0,1117.5,1104.0,49.2982456140351,49.210526315789345,56.4258293825562,54.430352246814486,1153.3558507170123,1104.0,1054.6441492829877,7.508704315944442,5.468176354193543,2.0405279617508993
2022-02-18,2454,2777044,3097804640,1115.0,1125.0,1105.0,1120.0,-10.0,3225,1117.0,1122.0,1105.75,51.7982456140351,48.79142300194919,51.695797162371626,52.27470786269268,1154.7678538901898,1105.75,1056.7321461098102,7.221219124980735,5.818784908350981,1.4024342166297536
2022-02-21,2454,3249940,3659618467,1115.0,1135.0,1110.0,1130.0,10.0,3476,1122.0,1125.0,1107.25,48.464912280701775,49.85380116959052,55.99903309256564,54.226936311263415,1157.297477458909,1107.25,1057.202522541091,7.711409142032153,6.197309755087216,1.5140993869449373
2022-02-22,2454,4981430,5496450079,1115.0,1120.0,1090.0,1110.0,-20.0,8351,1124.0,1126.5,1109.5,37.50000000000002,45.921052631578824,46.36189278959624,49.83616018840915,1155.6410879802372,1109.5,1063.3589120197628,6.412140247790148,6.240275853627802,0.17186439416234656
2022-02-23,2454,3590396,3986660825,1110.0,1120.0,1100.0,1120.0,10.0,4159,1122.0,1125.5,1109.75,37.50000000000002,41.1549707602338,51.25530503450082,51.93190233729092,1156.0614456695102,1109.75,1063.4385543304898,6.118842507312365,6.215989184364714,-0.0971466770523488
2022-02-24,2454,8155250,8782736155,1095.0,1105.0,1055.0,1060.0,-60.0,16505,1108.0,1115.5,1107.5,22.916666666666686,32.63888888888877,31.279727026974403,40.89287809390362,1158.6370707021824,1107.5,1056.3629292978176,1.0329956450311784,5.179390476498007,-4.146394831466829
2022-02-25,2454,7392515,7974077740,1075.0,1095.0,1060.0,1085.0,25.0,6817,1101.0,1109.0,1106.75,27.083333333333353,29.166666666666547,42.22519995874564,46.03975530583278,1158.7379793798527,1106.75,1054.7620206201473,-0.969112245873248,3.949689932023756,-4.918802177897004
2022-03-01,2454,5544370,6135286415,1105.0,1120.0,1095.0,1100.0,15.0,5294,1095.0,1108.5,1107.25,33.33333333333335,27.777777777777658,48.020546429518554,48.9141133426099,1158.7742661277189,1107.25,1055.7257338722811,-1.3300900835233733,2.8937339289143305,-4.223824012437704
2022-03-02,2454,3703428,4011654075,1105.0,1105.0,1070.0,1080.0,-20.0,6111,1089.0,1106.5,1107.75,41.666666666666686,34.02777777777766,41.538949895230665,45.43862709472726,1157.9968904510517,1107.75,1057.5031095489483,-3.1931913513856216,1.6763488728543399,-4.8695402242399615
2022-03-03,2454,3873104,4176002715,1085.0,1100.0,1065.0,1080.0,0.0,5898,1081.0,1101.5,1107.25,39.58333333333335,38.19444444444432,41.538949895230665,45.43862709472726,1158.3846262331112,1107.25,1056.1153737668888,-4.616496431888891,0.4177798119056937,-5.034276243794585
2022-03-04,2454,6621209,6882300910,1060.0,1060.0,1025.0,1025.0,-55.0,18674,1074.0,1091.0,1104.25,20.833333333333353,34.027777777777665,27.596583571212683,37.04400132015932,1166.1592077158157,1104.25,1042.3407922841843,-10.066476236478138,-1.679071397771073,-8.387404838707065
2022-03-07,2454,11348964,11098687132,985.0,995.0,970.0,972.0,-53.0,30951,1051.4,1076.2,1099.1,10.86111111111113,23.759259259259142,20.036042336784856,31.08440824221673,1183.0854749346606,1099.1,1015.1145250653392,-18.44960598381749,-5.033178314980358,-13.416427668837134
2022-03-08,2454,7471419,7211402691,945.0,986.0,943.0,963.0,-9.0,15846,1024.0,1059.5,1092.25,4.210922787193994,11.968455743879359,19.004544186824816,30.19602607749216,1195.0622074463904,1092.25,989.4377925536095,-25.525281928498543,-9.131599037683994,-16.39368289081455
2022-03-09,2454,6282516,6076784325,971.0,976.0,956.0,966.0,3.0,11151,1001.2,1045.1,1085.8,8.542372881355952,7.871468926553558,20.594311858890848,30.904898231084765,1202.3771847318342,1085.8,969.2228152681656,-30.538700039818423,-13.41301923811088,-17.125680801707542
2022-03-10,2454,5992358,5969643645,990.0,1005.0,982.0,995.0,29.0,9214,984.2,1032.6,1079.05,17.890772128060284,10.214689265536608,34.98577447237323,37.51110331876424,1200.154046175181,1079.05,957.9459538248188,-31.805182035413054,-17.091451797571317,-14.713730237841737
2022-03-11,2454,6396559,6227011456,1000.0,1000.0,961.0,963.0,-32.0,20824,971.8,1022.9,1069.2,17.890772128060284,14.774639045825372,28.36714932698607,33.68404014407474,1194.3440769673064,1069.2,944.0559230326936,-34.98769434494841,-20.670700307046737,-14.316994037901672
2022-03-14,2454,8927797,8461181196,973.0,975.0,934.0,944.0,-19.0,21155,966.2,1008.8,1058.9,15.50863977268975,17.096728009603304,25.080436259577926,31.621169359240113,1189.5367482755103,1058.9,928.2632517244898,-38.59806502227718,-24.256173250092825,-14.341891772184358
2022-03-15,2454,10994846,10002479174,933.0,935.0,901.0,904.0,-40.0,32824,954.4,989.2,1048.85,6.218308644355044,13.205906848368224,19.52428146648564,27.765931558744573,1193.8869263325753,1048.85,903.8130736674245,-44.17772221936059,-28.240483043946377,-15.937239175414213
2022-03-16,2454,7790859,7077881282,930.0,931.0,900.0,907.0,3.0,13640,942.6,971.9,1039.2,3.9101636349388484,8.545704017327745,21.054573365291574,28.470309164565734,1194.6485123762827,1039.2,883.7514876237174,-47.80648244819406,-32.153682924795916,-15.652799523398144
2022-03-17,2454,9926344,9548022910,951.0,978.0,949.0,968.0,61.0,15593,937.2,960.7,1031.1,23.54814748344901,11.225539920914166,45.59583693452355,41.056460243105136,1183.6344551240823,1031.1,878.5655448759176,-45.23862812664538,-34.77067196516581,-10.46795616147957
2022-03-18,2454,7194385,6938262300,971.0,974.0,955.0,969.0,1.0,8572,938.4,955.1,1023.05,44.950396825396844,24.136235981261432,45.917384028163674,41.2389971302839,1170.7747101875657,1023.05,875.3252898124341,-42.63146444877509,-36.342830461887665,-6.288633986887426
2022-03-21,2454,4146781,4067311946,985.0,985.0,977.0,978.0,9.0,6731,945.2,955.7,1015.95,68.25396825396827,45.584170854271235,49.07755789262104,42.95132598233463,1157.8900929970098,1015.95,874.0099070029903,-39.385037470970474,-36.95127186370423,-2.4337656072662455
2022-03-22,2454,3993632,3884612543,971.0,980.0,967.0,975.0,-3.0,6676,959.4,956.9,1008.2,70.4761904761905,61.226851851851734,47.98711368325645,42.506675727315375,1141.0180710596253,1008.2,875.3819289403748,-36.6320244545027,-36.88742238186392,0.2553979273612228
2022-03-23,2454,4955261,4878211645,988.0,995.0,976.0,977.0,2.0,7078,973.4,958.0,1001.55,74.23809523809526,70.98941798941787,48.87069380474502,42.930842704175895,1126.3930614812073,1001.55,876.7069385187926,-33.89810229681996,-36.289558364855125,2.3914560680351684
2022-03-24,2454,4765504,4629338454,978.0,978.0,967.0,972.0,-5.0,6567,974.2,955.7,994.15,74.73934837092735,73.15121136173758,46.56358442386456,42.094716726272495,1107.000830745726,994.15,881.2991692542739,-31.768697731150382,-35.38538623811418,3.616688506963797
2022-03-25,2454,5031201,4883542317,975.0,976.0,965.0,971.0,-1.0,6097,974.6,956.5,989.7,75.84210526315792,74.93984962406006,46.056260735959235,41.91887312006114,1098.7689690058523,989.7,880.6310309941477,-29.818096459116987,-34.27192828231474,4.453831823197753
2022-03-28,2454,2814908,2685291726,950.0,964.0,946.0,964.0,-7.0,10517,971.8,958.5,983.65,72.63157894736844,74.40434419381779,42.29309748223409,40.639120537347786,1083.9760185594946,983.65,883.3239814405053,-28.508444790610724,-33.119231583973935,4.610786793363211
2022-03-29,2454,14174826,13095920655,931.0,951.0,903.0,912.0,-52.0,54087,959.2,959.3,974.25,50.629290617848994,66.367658276125,24.759799802719186,32.66195538108227,1063.8666837145847,974.25,884.6333162854153,-31.305630009979268,-32.756511269175,1.4508812591957323
2022-03-30,2454,11786348,10751298361,912.0,923.0,903.0,915.0,3.0,26957,946.8,960.1,966.0,30.064836003051127,51.10856852275608,26.802273195254916,33.473295382506535,1044.8948667531665,966.0,887.1051332468335,-32.90108133558158,-32.785425282456316,-0.11565605312526372
2022-03-31,2454,8830610,8016666212,900.0,919.0,900.0,905.0,-10.0,19821,933.4,953.8,957.25,9.363081617086216,30.019069412662002,24.24299086647461,32.08553311297475,1020.9928427354782,957.25,893.5071572645218,-34.573858512784795,-33.14311192852201,-1.430746584262785
2022-04-01,2454,11812480,10627369757,900.0,904.0,893.0,900.0,-5.0,25507,919.2,946.9,951.0,8.389793751215231,15.93923712378408,22.96387876508342,31.384897816243917,1011.3688661480395,951.0,890.6311338519605,-35.88929523551917,-33.692348589921444,-2.196946645597727
2022-04-06,2454,14330964,12466721425,858.0,883.0,855.0,882.0,-18.0,33829,902.8,937.3,946.5,10.470539092830139,9.407804820377082,18.79818280671019,28.935283670028856,1013.0387105375503,946.5,879.9612894624497,-37.946810670874925,-34.54324100611214,-3.4035696647627844
2022-04-07,2454,19182221,16510631995,858.0,872.0,850.0,850.0,-32.0,47806,890.4,924.8,940.85,8.716153127917858,9.192161990654297,13.659073729468881,25.173583615449584,1019.0018393897416,940.85,862.6981606102585,-41.67908845446277,-35.97041049578227,-5.708677958680504
2022-04-08,2454,14333839,12088289411,851.0,859.0,834.0,840.0,-10.0,41837,875.4,911.1,934.55,7.837022132796805,9.007904784514821,12.421054875237989,24.118373046756346,1023.187407453063,934.55,845.9125925469369,-44.925983145826876,-37.76152502579119,-7.16445812003569
2022-04-11,2454,6422208,5377624527,839.0,847.0,832.0,836.0,-4.0,17372,861.6,897.5,926.6,2.418551714326386,6.323908991680238,11.916997872967839,23.69059864001575,1020.4901485780051,926.6,832.7098514219949,-47.27695781118814,-39.66461158287058,-7.612346228317563
2022-04-12,2454,8125095,6823947154,840.0,848.0,830.0,842.0,6.0,14765,850.0,884.6,920.55,5.724336838293328,5.326636895138727,17.7575670214937,25.816057208536904,1019.723534776172,920.55,821.376465223828,-48.10148830044636,-41.351986926385734,-6.749501374060628
2022-04-13,2454,10355160,9006590467,849.0,882.0,847.0,880.0,38.0,16334,849.6,876.2,917.35,22.23703308747299,10.126640546697457,44.80148423479954,37.65913199196403,1017.4165278702104,917.35,817.2834721297896,-45.16798383134153,-42.115186307376895,-3.052797523964635
2022-04-14,2454,6810310,5891990227,874.0,874.0,861.0,861.0,-19.0,14411,851.8,871.1,915.2,32.83741896875775,20.266262964841246,37.59086223058024,34.67811324007772,1018.12832457589,915.2,812.2716754241101,-43.8705887762726,-42.46626680115604,-1.4043219751165594
2022-04-15,2454,7666989,6447149105,851.0,852.0,831.0,832.0,-29.0,28913,850.2,862.8,911.45,30.43253474569171,28.50232893397404,29.21727989359542,30.68550452177673,1020.578318964418,911.45,802.3216810355821,-44.66755175277103,-42.90652379147904,-1.761027961291994
2022-04-18,2454,4094460,3422814997,827.0,844.0,827.0,833.0,1.0,8310,849.6,855.6,904.7,16.082816363715267,26.45092335938813,29.845961101161617,30.980597699970808,1015.6866658657677,904.7,793.7133341342324,-44.70314893660577,-43.26584882050439,-1.4373001161013832
2022-04-19,2454,6379783,5422143761,855.0,862.0,838.0,838.0,5.0,11511,848.8,849.4,898.15,11.138996138996164,19.218115749467604,33.30165360894393,32.527338816966704,1008.6457465244706,898.15,787.6542534755293,-43.82274047452074,-43.37722715130766,-0.4455133232130848
2022-04-20,2454,5567216,4734430752,847.0,856.0,841.0,856.0,18.0,7792,844.0,846.8,892.05,27.813852813852836,18.34522177218798,44.735185756207784,37.92093911351772,997.5989933632733,892.05,786.5010066367266,-41.19765987916037,-42.9413136968782,1.7436538177178278
2022-04-21,2454,5096585,4409481336,854.0,872.0,850.0,868.0,12.0,7831,845.4,848.6,886.7,49.090909090909115,29.34791934791926,51.2366927463635,41.290348976493526,985.521252774895,886.7,787.8787472251051,-37.71421884428639,-41.895894726359835,4.181675882073442
2022-04-22,2454,6109863,5198351912,848.0,857.0,846.0,854.0,-14.0,12225,849.8,850.0,880.55,58.78787878787881,45.23088023088014,44.16480700281621,38.65438798594879,971.0894389202881,880.55,790.0105610797118,-35.67204459936477,-40.65112470096082,4.979080101596054
2022-04-25,2454,6665153,5558320674,833.0,838.0,831.0,837.0,-17.0,12812,850.6,850.1,873.8,47.2727272727273,51.71717171717163,36.94149618518373,35.676057735543374,955.7868282103918,873.8,791.8131717896081,-35.021656862182795,-39.52523113320522,4.503574271022423
2022-04-26,2454,7337645,6094172080,833.0,837.0,825.0,833.0,-4.0,16120,849.6,849.2,866.9,27.866419294990752,44.642341785198845,35.354196965878664,34.992855640356396,937.4319785629202,866.9,796.3680214370797,-34.432074938610754,-38.506599894286325,4.074524955675571
2022-04-27,2454,8869795,7165112326,806.0,816.0,797.0,808.0,-25.0,22977,840.0,842.0,859.1,16.39167182024328,30.510272795986996,26.91996384219315,30.997432707534646,918.5942013981161,859.1,799.605798601884,-35.572065455030156,-37.91969300643509,2.3476275514049334
2022-04-28,2454,13045549,10877852085,835.0,853.0,821.0,828.0,20.0,17016,832.0,838.7,854.9,24.108843537414998,22.788978217549566,40.2286319916733,37.177241595426416,910.6024236456527,854.9,799.1975763543472,-34.46439915929011,-37.22863423700609,2.7642350777159805
2022-04-29,2454,6766620,5666868147,850.0,850.0,830.0,830.0,2.0,11125,827.2,838.5,850.65,33.333333333333364,24.611282896997107,41.472130721453254,37.77736816558052,899.96642728341,850.65,801.33357271659,-33.044268595285416,-36.39176110866195,3.3474925133765367
2022-05-03,2454,8551333,6986257572,830.0,833.0,808.0,820.0,-10.0,15008,823.8,837.2,846.4,38.6666666666667,32.03628117913825,36.98384031445571,35.9292542194972,890.6375406187998,846.4,802.1624593812002,-32.352778625249925,-35.583964611979546,3.2311859867296207
2022-05-04,2454,3612614,2996209538,829.0,835.0,825.0,829.0,9.0,5483,823.0,836.3,842.85,39.11111111111114,37.03703703703696,43.41401511275639,38.829700621464156,880.1663503038518,842.85,805.5336496961482,-30.72437162735605,-34.612046015054844,3.8876743876987945
2022-05-05,2454,7049410,5942495082,843.0,848.0,837.0,841.0,12.0,7303,829.6,834.8,840.8,48.88888888888892,42.22222222222214,51.16547247512321,42.56322129196116,873.5084087048012,840.8,808.0915912951987,-28.141153932398083,-33.31786759852349,5.1767136661254085
2022-05-06,2454,5758127,4732740532,809.0,834.0,808.0,834.0,-7.0,9838,830.8,831.4,840.0,60.690476190476225,49.563492063491985,46.802273514328846,40.99150799678996,872.5514976613995,840.0,807.4485023386005,-26.354973072446455,-31.925288693308083,5.570315620861628
2022-05-09,2454,3222122,2636025658,821.0,827.0,813.0,813.0,-21.0,10985,827.4,827.3,838.65,55.99206349206353,55.19047619047611,36.04425807550992,36.62241080435201,873.2637256012679,838.65,804.0362743987321,-26.33041572550485,-30.806314099747436,4.475898374242586
2022-05-10,2454,6325340,5136326100,801.0,824.0,801.0,820.0,7.0,11252,827.4,825.6,837.85,45.238095238095276,53.9735449735449,41.29217264102541,38.95796651901919,873.3986989916644,837.85,802.3013010083356,-25.452709362795645,-29.735593152357076,4.282883789561431
2022-05-11,2454,3922273,3231229998,814.0,831.0,813.0,829.0,9.0,5409,827.4,825.2,837.2,41.16300366300371,47.464387464387386,47.72619528477414,41.92143002877396,872.8964984277136,837.2,801.5035015722865,-23.75703959870384,-28.53988244162643,4.782842842922587
2022-05-12,2454,4176731,3450498187,828.0,835.0,820.0,820.0,-9.0,7573,823.2,826.4,834.2,44.564364207221395,43.655154369440005,42.31572349629351,39.8385748768052,864.7129480712628,834.2,803.6870519287373,-22.875736625712193,-27.40705327844358,4.5313166527313875
2022-05-13,2454,4717939,3957879772,831.0,845.0,828.0,843.0,23.0,8098,825.0,827.9,833.3,60.66112205929841,48.796163309841056,56.88752871112109,47.07543659053398,861.577906570335,833.3,805.0220934296649,-20.089807098431493,-25.943604042441162,5.8537969440096695
2022-05-16,2454,5271200,4426095858,849.0,858.0,825.0,825.0,-18.0,9742,827.4,827.4,832.95,56.747491829878705,53.99099269879938,46.22571672744385,42.74214581299349,861.4559642881869,832.95,804.4440357118132,-19.114052544596916,-24.577693742872313,5.463641198275397
2022-05-17,2454,4072755,3424398030,838.0,847.0,830.0,841.0,16.0,5569,831.6,829.5,833.35,67.21413462734857,61.540916172175116,54.97650917737285,47.378914586408655,862.0712464910506,833.35,804.6287535089494,-16.855395244075794,-23.03323404311301,6.177838799037215
2022-05-18,2454,5519119,4697334265,854.0,855.0,845.0,855.0,14.0,7388,836.8,832.1,834.2,69.00584795321645,64.3224914701478,61.39041690316439,51.10966439711389,864.3900645908465,834.2,804.0099354091536,-13.77689855285189,-21.181966945060786,7.4050683922088965
2022-05-19,2454,5322227,4473161556,839.0,847.0,835.0,845.0,-10.0,6957,841.8,832.5,833.65,80.70175438596497,72.3072456555099,54.875876695619866,48.46643966650947,862.6070371412508,833.65,804.6929628587492,-12.005690050578437,-19.346711566164316,7.341021515585879
2022-05-20,2454,3553014,2997531781,841.0,850.0,836.0,846.0,1.0,6740,842.4,833.7,832.55,83.62573099415211,77.77777777777773,55.427693703634,48.75186584399382,857.613718798303,832.55,807.4862812016969,-10.401402021155377,-17.55764965716253,7.156247636007151
2022-05-23,2454,3264401,2775119698,854.0,857.0,843.0,843.0,-3.0,5669,846.0,836.7,832.0,74.26900584795328,79.53216374269,53.15270260995969,47.89483147002358,855.5966099260003,832.0,808.4033900739997,-9.265262943730932,-15.899172314476209,6.633909370745277
2022-05-24,2454,2984755,2499343055,848.0,848.0,830.0,830.0,-13.0,6755,843.8,837.7,831.65,57.3099415204679,71.73489278752432,44.01873726147072,44.26354916027324,855.1470210877961,831.65,808.1529789122038,-9.306575484851578,-14.580652948551283,5.2740774636997045
2022-05-25,2454,3361816,2821221160,833.0,848.0,826.0,843.0,13.0,4640,841.4,839.1,832.15,49.17597022860187,60.25163919900756,53.367775405581696,48.470898897489356,856.1606226491576,832.15,808.1393773508423,-8.195847983053113,-13.303691955451649,5.107843972398536
2022-05-26,2454,3510535,2940492421,849.0,849.0,832.0,833.0,-10.0,7479,839.0,840.4,833.4,35.034556087187724,47.17348927875238,46.411827120543066,45.618244227944146,854.7016431291166,833.4,812.0983568708833,-8.029940704059527,-12.248941705173225,4.219001001113698
2022-05-27,2454,3370246,2857928299,842.0,852.0,838.0,851.0,18.0,5581,840.0,841.2,834.55,53.14434669273385,45.78495766950769,57.92761530652497,51.18703042973045,857.0130808216575,834.55,812.0869191783424,-6.372549636995473,-11.073663291537674,4.701113654542201
2022-05-30,2454,5414530,4717690406,865.0,878.0,864.0,878.0,27.0,11313,847.0,846.5,836.95,68.295861844249,52.158254874723404,69.4255804521968,58.11549019120803,866.1902120375308,836.95,807.7097879624692,-2.847556070070709,-9.428441847244281,6.580885777173572
2022-05-31,2454,10757306,9606861348,876.0,905.0,867.0,905.0,27.0,13412,862.0,852.9,841.2,93.54838709677426,71.66286521125225,76.81716040465633,63.668955210335355,881.837913332256,841.2,800.5620866677441,2.100487961794215,-7.122655885436582,9.223143847230798
2022-06-01,2454,5422330,4907376308,903.0,912.0,896.0,905.0,0.0,9874,874.4,857.9,845.0,97.28682170542645,86.37702354881645,76.81716040465633,63.668955210335355,893.7647413609465,845.0,796.2352586390535,5.953223451582517,-4.507480018032762,10.460703469615279
2022-06-02,2454,3955773,3562860728,899.0,906.0,897.0,898.0,-7.0,6072,887.4,863.2,847.85,91.86046511627916,94.23189130615985,70.77891430040758,61.22797562783519,901.7397949522901,847.85,793.9602050477099,8.345500847267544,-1.9368838449727006,10.282384692240246
2022-06-06,2454,5946507,5367688643,896.0,912.0,890.0,905.0,7.0,8267,898.2,869.1,851.4,89.1472868217055,92.76485788113693,73.2335659417792,62.76531174041232,910.2944819146926,851.4,792.5055180853074,10.683091389787023,0.5871112019792446,10.095980187807779
2022-06-07,2454,5947743,5324460195,900.0,901.0,890.0,890.0,-15.0,10678,900.6,873.8,855.25,83.33333333333341,88.11369509043925,60.523263972043054,57.50364176886011,913.665323332154,855.25,796.834676667846,11.196211143729215,2.708931190329239,8.487279953399977
2022-06-08,2454,10728702,9919121129,903.0,933.0,900.0,930.0,40.0,16796,905.6,883.8,860.75,87.7695909125797,86.75007035587277,74.36508212339372,65.74932221154491,925.2507751891409,860.75,796.2492248108591,14.661519086062981,5.099448769475988,9.562070316586993
2022-06-09,2454,5984203,5552191495,927.0,935.0,920.0,924.0,-6.0,10133,909.4,891.9,865.5,86.702700478631,85.9352082415146,70.06579915522842,63.751123962830036,933.8271541921665,865.5,797.1728458078335,16.730788623947774,7.425716740370345,9.30507188357743
2022-06-10,2454,5318503,4931943552,915.0,934.0,914.0,930.0,6.0,7921,915.8,901.6,871.0,92.88241442120113,89.11823527080384,71.95724713987879,64.899912712218,941.4670135595379,871.0,800.5329864404621,18.639979417174345,9.668569275731144,8.9714101414432
2022-06-13,2454,9022930,8081190065,902.0,907.0,885.0,887.0,-43.0,20231,912.2,905.2,873.2,70.34310166639624,83.30940552207602,47.08281594363327,52.145408271716356,942.7747080482532,873.2,803.6252919517469,16.493163321643237,11.033488084913563,5.459675236729675
2022-06-14,2454,6584136,5750598076,870.0,882.0,866.0,880.0,-7.0,13736,910.2,905.4,875.95,47.55312208573984,70.25954605777896,44.18212416423164,50.40865218354721,941.9423480412673,875.95,809.9576519587328,14.064824063644323,11.639755280659715,2.4250687829846083
2022-06-15,2454,5067404,4474935208,880.0,893.0,878.0,884.0,4.0,6841,901.0,903.3,878.1,25.262858766695132,47.719694172943626,46.384240984772404,51.40466285611174,942.1715225353679,878.1,814.0284774646321,12.321084484714788,11.77602112147073,0.5450633632440578
2022-06-16,2454,5021856,4468917292,906.0,908.0,869.0,873.0,-11.0,8871,890.8,900.1,879.0,18.840579710144976,30.552186854193206,41.172809469642246,48.51873840943373,942.248715401974,879.0,815.751284598026,9.937002655243305,11.408217428225246,-1.4712147729819414
2022-06-17,2454,13752224,11548911969,847.0,856.0,831.0,831.0,-42.0,27262,871.0,893.4,878.3,12.077294685990386,18.726911054276723,27.439690465184906,39.41899275715483,943.3233804104377,878.3,813.2766195895622,4.6054627300990205,10.047666488600001,-5.44220375850098
2022-06-20,2454,7147473,6012756393,838.0,852.0,832.0,840.0,9.0,8695,861.6,886.9,878.0,6.266257896692726,12.39471076427592,33.02457463262602,41.93222621343986,943.6688662914163,878.0,812.3311337085837,1.0937951223068012,8.256892215341361,-7.16309709303456
2022-06-21,2454,7646638,6568149782,861.0,868.0,847.0,868.0,28.0,8042,859.2,884.7,879.25,14.743589743589789,11.029047442090858,47.64961924883333,49.018374357730835,943.133879030628,879.25,815.366120969372,0.5636419239248198,6.718242157058053,-6.154600233133233
2022-06-22,2454,15085390,12425155424,848.0,852.0,805.0,807.0,-61.0,32343,843.8,872.4,878.1,15.260385609222865,12.090077749835018,30.642657386834387,38.10784292670958,946.1790716740486,878.1,810.0209283259514,-4.724240404424904,4.429745644761461,-9.153986049186365
2022-06-23,2454,32333439,22732535908,731.0,740.0,679.0,689.0,0.0,62753,807.0,848.9,870.4,13.831374300298892,14.61178321770374,16.97182758989654,26.035533895997904,976.71537988457,870.4,764.08462011543,-18.22643607017551,-0.10149069822593315,-18.124945371949575
2022-06-24,2454,15415332,10509979531,682.0,696.0,669.0,670.0,-19.0,29549,774.8,822.9,862.25,2.111869955271536,10.40120995493099,15.659437361412104,24.67980166833784,999.3249794820332,862.25,725.1750205179668,-30.113040240548003,-6.103800606690347,-24.009239633857653
2022-06-27,2454,13100554,8977848998,685.0,695.0,678.0,678.0,8.0,14594,742.4,802.0,853.6,2.8503042151614735,6.264516156910527,18.74591241021644,26.417221147698356,1012.5168335954363,853.6,694.6831664045637,-38.44456156787055,-12.571952798926388,-25.87260876894416
2022-06-28,2454,16972052,11115478619,670.0,678.0,646.0,651.0,-27.0,28249,699.0,779.1,842.25,2.0308324549916903,2.331002208474793,16.384936261798103,24.373725974713473,1023.4392656864634,842.25,661.0607343135366,-46.68783825944388,-19.395129891029885,-27.292708368413994
2022-06-29,2454,14778786,9747634341,644.0,668.0,640.0,661.0,10.0,16246,669.8,756.8,830.05,4.96153787964118,3.2808915165980075,20.70050900410649,26.637239370056427,1025.0294604567368,830.05,635.0705395432631,-51.81646998920144,-25.879397910664196,-25.93707207853724
2022-06-30,2454,10036830,6557748075,655.0,662.0,647.0,651.0,-10.0,15408,662.2,734.6,817.35,5.314494888621092,4.102288407751214,19.52483203076138,25.805462766991706,1023.8932400249398,817.35,610.8067599750602,-56.041848467054706,-31.911888021942296,-24.12996044511241
2022-07-01,2454,10444271,6562692799,652.0,655.0,610.0,612.0,-39.0,29811,650.6,712.7,803.05,4.936760505916001,5.070931091392651,15.515410964499255,22.813484705559418,1024.3529371698457,803.05,581.7470628301542,-61.82478774779963,-37.89446796711376,-23.93031978068587
2022-07-04,2454,9444092,5799381785,609.0,623.0,606.0,611.0,-1.0,11938,637.2,689.8,788.35,2.5440918423872603,4.265115745641343,15.420682577627145,22.74067819080491,1019.4528126181068,788.35,557.2471873818932,-65.73079672561619,-43.461733718814244,-22.269063006801943
2022-07-05,2454,9082053,5555086686,624.0,630.0,597.0,615.0,4.0,15427,630.0,664.5,774.6,5.131708903688533,4.204187083997157,17.76376128711916,23.788396154249433,1012.4986338758586,774.6,536.7013661241415,-67.72290294213212,-48.31396756347782,-19.408935378654306
2022-07-06,2454,7751766,4726523306,617.0,619.0,603.0,605.0,-10.0,12374,618.8,644.3,758.35,7.566913664474689,5.080904803516719,16.43575775036889,22.950462501880818,995.9684125862299,758.35,520.7315874137702,-69.30961974490526,-52.5130979997633,-16.79652174514196
2022-07-07,2454,8855162,5551468106,612.0,638.0,606.0,636.0,31.0,11438,615.8,639.0,743.95,20.154713011855918,10.951111860006272,34.22100865756446,31.057762131204488,974.4689580056265,743.95,513.4310419943736,-67.28998624571148,-55.46847564895294,-11.821510596758536
2022-07-08,2454,9192119,5976764826,650.0,657.0,642.0,651.0,15.0,16890,623.6,637.1,730.0,38.18113103827394,21.967585904868073,41.27650784332532,34.64139264764066,947.1764259766701,730.0,512.8235740233299,-63.744233660921964,-57.12362725134675,-6.620606409575217
2022-07-11,2454,5167336,3314636508,655.0,656.0,635.0,637.0,-14.0,12095,628.8,633.0,717.5,54.26687106767594,37.53423837260183,36.95979057767976,32.92135854243554,925.6840531837155,717.5,509.3159468162845,-61.35660148012198,-57.9702220971018,-3.3863793830201843
2022-07-12,2454,7529559,4639207645,628.0,629.0,608.0,614.0,-23.0,10886,628.6,629.3,704.2,49.71951366317568,47.389171923041744,30.788384204893976,30.262861457071843,902.9315777625684,704.2,505.4684222374317,-60.621486791687516,-58.50047503601894,-2.121011755668576
2022-07-13,2454,6699944,4287447149,650.0,652.0,631.0,634.0,20.0,11217,634.4,626.6,691.7,48.052846996509025,50.679743909120106,40.81422750699527,35.16572642309483,874.4272284034314,691.7,508.9727715965687,-57.75925748545899,-58.35223152590695,0.5929740404479631
2022-07-14,2454,5577460,3590444662,629.0,652.0,625.0,646.0,12.0,8116,636.4,626.1,680.35,56.49572649572656,51.422695718470315,46.263167529528566,37.983021558808474,843.8055291203076,680.35,516.8944708796924,-53.901280023479785,-57.462041225421515,3.5607612019417303
2022-07-15,2454,7813312,5052960465,646.0,652.0,638.0,648.0,2.0,13389,635.8,629.7,671.2,76.11111111111117,60.21989486778214,47.20822134723008,38.46297337249052,819.7026599088374,671.2,522.6973400911627,-50.10484434787236,-55.990601849911684,5.885757502039326
2022-07-18,2454,7954940,5280617788,652.0,673.0,650.0,661.0,13.0,9954,640.6,634.7,662.25,83.17460317460323,71.92714692714686,53.42035509145114,41.62532079771507,788.9573399610299,662.25,535.5426600389701,-45.52239651828961,-53.89696078358727,8.374564265297657
2022-07-19,2454,4731512,3132930395,658.0,667.0,655.0,662.0,1.0,11438,650.2,639.4,651.95,83.81307746979395,81.03293058516932,53.90711170740382,41.872774523964175,736.5891753267942,651.95,567.3108246732058,-41.333613785502166,-51.38429138397025,10.050677598468084
2022-07-20,2454,8248076,5595574765,680.0,687.0,667.0,671.0,9.0,10657,657.6,646.0,645.15,82.06202261747329,83.01656775395669,58.46457942549157,44.1667541684056,692.5135936136612,645.15,597.7864063863387,-36.86281690043495,-48.47999648726319,11.617179586828243
2022-07-21,2454,12111113,8488282401,681.0,716.0,678.0,716.0,45.0,17765,671.6,654.0,646.5,87.77630833175901,84.55046947300862,73.65799240510924,53.95206848307216,699.9359429597711,646.5,593.0640570402289,-29.35022313691593,-44.65404181719374,15.303818680277814
2022-07-22,2454,8431314,5978930945,718.0,721.0,701.0,705.0,-11.0,13524,683.0,659.4,648.25,88.52918113588,86.12250402837064,66.69991911805664,51.57267421757612,706.7063940044193,648.25,589.7936059955807,-24.00730525225663,-40.52469450420632,16.517389251949695
2022-07-25,2454,6110219,4223766558,695.0,698.0,687.0,688.0,-17.0,9838,688.4,664.5,648.75,83.82190265486734,86.70913070750198,56.992765969426195,48.04606714481285,708.3750786162996,648.75,589.1249213837004,-20.903796308409483,-36.600514865046954,15.696718556637471
2022-07-26,2454,5427846,3701689388,679.0,696.0,675.0,681.0,-7.0,8674,692.2,671.2,650.25,69.93301376597846,80.7613658522418,53.26856202518773,46.63204665898922,711.5129578130203,650.25,588.9870421869797,-18.792456864558744,-33.03890326494931,14.246446400390568
2022-07-27,2454,6722762,4488695451,661.0,677.0,660.0,677.0,-4.0,10404,693.4,675.5,651.05,56.98209504685417,70.24567048923319,51.04487036521736,45.802513400919594,713.2640659336803,651.05,588.8359340663196,-17.243202806105273,-29.879763173180503,12.63656036707523
2022-07-28,2454,4804152,3290719574,693.0,693.0,678.0,682.0,5.0,6467,686.6,679.1,652.6,50.13056922525792,59.01522601269672,53.85413826730095,47.070007239266765,716.259720388956,652.6,588.940279611044,-15.434035634312863,-26.990617665406976,11.556582031094113
2022-07-29,2454,7074682,4872385537,690.0,702.0,676.0,683.0,1.0,9012,682.2,682.6,656.15,44.82753892222761,50.646734398113104,54.46385484078581,47.33528517293686,718.2572459540776,656.15,594.0427540459224,-13.760938441207031,-24.344681820566986,10.583743379359955
2022-08-01,2454,6498892,4472860515,684.0,696.0,674.0,694.0,11.0,7550,683.4,685.9,660.3,47.74412329249557,47.567410479993576,61.065722764308894,50.28682187568671,720.8577410410942,660.3,599.7422589589057,-11.41579461821857,-21.758904380097302,10.343109761878733
2022-08-02,2454,6232318,4222708403,679.0,690.0,672.0,683.0,-11.0,9906,683.8,688.0,663.7,45.28895512502078,45.953539113247864,52.231125739078664,47.42451600110641,721.2642250012946,663.7,606.1357749987055,-10.325829576068486,-19.47228941929154,9.146459843223052
2022-08-03,2454,3594609,2460950569,685.0,689.0,678.0,686.0,3.0,4366,685.6,689.5,667.75,45.355191256830686,46.12942322478222,54.333279257044175,48.28900212022169,719.3091892876536,667.75,616.1908107123464,-9.114878849870252,-17.40080730540728,8.285928455537029
2022-08-04,2454,3502217,2400403315,689.0,692.0,680.0,684.0,-2.0,4765,686.0,686.3,670.15,45.82357533177213,45.489240571207745,52.53513389855793,47.72559860350826,720.0149175272579,670.15,620.285082472742,-8.221799177209277,-15.56500567976768,7.343206502558402
2022-08-05,2454,7340789,5219518437,700.0,717.0,698.0,717.0,33.0,12241,692.8,687.5,673.45,66.58860265417651,52.58912308092632,71.00627245910032,56.70209452911836,726.4461319343178,673.45,620.4538680656823,-4.795918531367079,-13.411188250087559,8.61526971872048
2022-08-08,2454,5124852,3649872758,713.0,720.0,706.0,709.0,-8.0,6351,695.8,689.6,677.05,79.6031746031747,64.00511752970765,63.96594202551768,54.26915368619581,729.4311989171713,677.05,624.6688010828286,-2.6953463042102612,-11.2680198609121,8.572673556701838
2022-08-09,2454,5387167,3754373108,702.0,706.0,690.0,694.0,-15.0,9829,698.0,690.9,681.05,75.83333333333343,74.00837019689475,52.56499306235608,49.942164922679325,725.1202847733074,681.05,636.9797152266925,-2.2154638321733273,-9.457508655164345,7.2420448229910175
2022-08-10,2454,6662101,4484571966,677.0,680.0,668.0,668.0,-26.0,17814,694.4,690.0,682.75,42.50000000000009,65.97883597883593,38.63851011256864,43.47208090702887,721.7621775859789,682.75,643.7378224140211,-3.888314159413085,-8.343669756014092,4.455355596601008
2022-08-11,2454,9463374,6325345090,670.0,676.0,663.0,670.0,2.0,14321,691.6,688.8,683.95,19.371345029239855,45.90155945419099,40.063589337866176,44.072301422128795,719.7073768612835,683.95,648.1926231387166,-4.995096448168852,-7.673955094445044,2.6788586462761925
2022-08-12,2454,4506950,3060275976,674.0,684.0,670.0,684.0,14.0,6233,685.0,688.9,685.75,16.374269005848042,26.081871345029196,49.61909931041944,48.21721927994273,717.4856266678304,685.75,654.0143733321696,-4.688500276132231,-7.076864130782481,2.38836385465025
2022-08-15,2454,5002381,3506716189,688.0,709.0,686.0,706.0,22.0,8815,684.4,690.1,688.0,41.5204678362574,25.75536062378163,61.01405497090979,53.98805723166063,718.7636148721165,688.0,657.2363851278835,-2.6398736424723666,-6.189466033120459,3.549592390648092
2022-08-16,2454,5593958,3974041901,709.0,717.0,705.0,706.0,0.0,7766,686.8,692.4,690.2,62.57309941520477,40.15594541910327,61.01405497090979,53.98805723166065,719.468413007881,690.2,660.931586992119,-1.0047402555027247,-5.152520877596912,4.147780622094187
2022-08-17,2454,4721071,3320164382,707.0,711.0,699.0,703.0,-3.0,6859,693.8,694.1,691.8,73.68421052631588,59.25925925925922,58.55589854995616,53.05301437563635,720.1802748401099,691.8,663.41972515989,0.048480948026167425,-4.112320512472296,4.1608014604984636
2022-08-18,2454,4254484,2971144776,702.0,705.0,691.0,702.0,-1.0,6460,700.2,695.9,691.1,71.34502923976618,69.20077972709548,57.65261485553501,52.72520938691968,717.6924801400681,691.1,664.5075198599319,0.793329686426091,-3.1311904726926185,3.9245201591187096
2022-08-19,2454,4994714,3478798083,701.0,701.0,693.0,693.0,-9.0,7440,702.0,693.5,690.5,64.71734892787534,69.91552956465233,49.616136748956166,49.74606585779724,716.3418265608306,690.5,664.6581734391694,0.6499111232187715,-2.3749701535103407,3.0248812767291122
2022-08-22,2454,5870198,3973404879,682.0,683.0,672.0,672.0,-21.0,15594,695.2,689.8,689.7,46.881091617933805,60.981156595191635,35.96769801940699,43.56114846012063,716.7636287293429,689.7,662.6363712706572,-1.145073917735317,-2.128990906355336,0.983916988620019
2022-08-23,2454,3574827,2407108308,668.0,679.0,665.0,676.0,4.0,4946,689.2,688.0,689.45,32.098765432098844,47.89906865930252,39.656441316681814,44.96474259675746,716.9198016010282,689.45,661.9801983989719,-2.2192636345200754,-2.147045451988284,-0.07221818253179135
2022-08-24,2454,4170803,2803517395,680.0,683.0,667.0,667.0,-9.0,7093,682.0,687.9,688.95,14.86229819563161,31.280718415221283,34.44732423536125,42.409158182517956,717.6447730431851,688.95,660.255226956815,-3.7535232287584677,-2.4683410073423206,-1.285182221416147
2022-08-25,2454,3040907,2041802169,670.0,677.0,666.0,670.0,3.0,4646,675.6,687.9,688.35,12.511870845204259,19.8243114909781,37.633203767746146,43.56065700294879,718.0839872872757,688.35,658.6160127127243,-4.673487033603351,-2.909370212594527,-1.764116821008824
2022-08-26,2454,3037313,2070387424,679.0,687.0,675.0,678.0,8.0,4711,672.6,687.3,688.1,12.820512820512903,13.39822728711612,45.824577727617225,46.625427083821684,718.0926657701483,688.1,658.1073342298517,-4.702820646702776,-3.2680602994161765,-1.4347603472865993
2022-08-29,2454,4913425,3215400550,657.0,659.0,651.0,653.0,-25.0,13480,668.8,682.0,686.05,12.649572649572733,12.660652105096494,30.986615234501897,39.421296754639926,719.5491044656482,686.05,652.5508955343518,-6.666511418826872,-3.9477505232983154,-2.7187608955285563
2022-08-30,2454,4614677,3015642116,653.0,660.0,648.0,657.0,4.0,7434,665.0,677.1,684.75,14.70760233918137,13.392562603088864,34.92020227127368,40.992282413841544,720.5599148281602,684.75,648.9400851718398,-7.8099556258320035,-4.720191543805053,-3.0897640820269503
2022-08-31,2454,4275779,2838527637,655.0,671.0,652.0,667.0,10.0,4903,665.0,673.5,683.8,18.32395454043923,15.227043176397641,44.197031037275096,44.843297619881255,720.4256740552331,683.8,647.1743259447668,-7.8190933307411115,-5.339971901192265,-2.4791214295488464
2022-09-01,2454,7390933,4814941577,655.0,661.0,643.0,648.0,-19.0,16299,660.6,668.1,682.0,21.00072221720691,18.010759698942366,33.58498927485232,39.56047317480005,721.8095465937512,682.0,642.1904534062488,-9.252815540219899,-6.1225406289977915,-3.1302749112221075
2022-09-02,2454,10901940,6885087505,640.0,645.0,620.0,620.0,-28.0,28323,649.0,660.8,677.15,15.737564322470066,18.354080360038598,23.771656596412008,33.32912929055248,722.0332931055644,677.15,632.2667068944355,-12.504275213854612,-7.398887545969155,-5.105387667885457
2022-09-05,2454,5910336,3716454019,616.0,637.0,616.0,631.0,11.0,7528,644.6,656.7,673.25,10.830132309005634,15.856139616227397,32.774629735032,37.494537348024785,719.9056534623619,673.25,626.5943465376381,-14.031723388766636,-8.725454714528652,-5.306268674237984
2022-09-06,2454,4176482,2636271162,633.0,636.0,627.0,629.0,-2.0,5094,639.0,652.0,670.0,13.145539906103373,13.237745512526217,31.97360634738779,37.04139901686588,719.3963561409139,670.0,620.6036438590861,-15.228080524224652,-10.025979876467852,-5.202100647756799
2022-09-07,2454,5355654,3307014339,620.0,625.0,609.0,619.0,-10.0,10027,629.4,647.2,667.55,17.419044179607646,13.798238798238744,27.983968302762946,34.77819097603548,721.7292395664624,667.55,613.3707604335375,-16.789578786771813,-11.378699658528644,-5.4108791282431685
2022-09-08,2454,3442261,2141104520,622.0,626.0,617.0,623.0,4.0,5104,624.4,642.5,665.2,17.903672378910994,16.156085488207196,31.946727373626242,36.45079033020996,722.7242557535499,665.2,607.6757442464502,-17.502552311140334,-12.603470189050983,-4.899082122089352
2022-09-12,2454,5127405,3244893742,634.0,642.0,626.0,627.0,4.0,7154,625.8,637.4,662.35,21.477805348773174,18.933507302430463,36.05200208318968,38.15869035935441,721.4914406317598,662.35,603.2085593682402,-17.542602197057022,-13.59129659065219,-3.9513056064048317
2022-09-13,2454,4689244,2948386712,631.0,636.0,625.0,626.0,-1.0,7183,624.8,634.7,658.35,26.34408602150546,21.908521249729734,35.42864831310582,37.884571219494894,715.942621055131,658.35,600.7573789448691,-17.453836698022542,-14.36380461212626,-3.090032085896281
2022-09-14,2454,6259768,3827891515,603.0,617.0,602.0,615.0,-11.0,10142,622.0,630.5,653.8,26.161837069436938,24.661242813238385,28.994873016366878,34.913477343134545,709.9768635649972,653.8,597.6231364350027,-18.062879834698947,-15.103619656640799,-2.9592601780581482
2022-09-15,2454,3853962,2373197309,611.0,620.0,611.0,616.0,1.0,6490,621.4,625.4,649.45,27.3371308928928,26.614351327944927,30.336617952765803,35.409401546835525,703.1323062097728,649.45,595.7676937902273,-18.254433519163968,-15.733782429145432,-2.5206510900185357
2022-09-16,2454,8391808,5065647703,607.0,611.0,600.0,600.0,-16.0,17740,616.8,620.6,644.35,18.19734594665624,23.898771302995186,22.426155708613372,31.300044674027728,696.4509596840575,644.35,592.2490403159426,-19.472836736119007,-16.481593290540147,-2.99124344557886
2022-09-19,2454,4322884,2617168057,606.0,611.0,601.0,604.0,4.0,5916,612.2,619.0,639.9,14.027316352897834,19.853931064148817,27.908960525992406,33.38153587744209,689.7754448601743,639.9,590.0245551398257,-19.886425162666455,-17.162559664965407,-2.7238654977010484
2022-09-20,2454,3254305,1972905814,607.0,611.0,603.0,605.0,1.0,4313,608.0,616.4,636.55,7.1428571428572285,13.122506480803628,29.365069216255048,33.9205611939246,686.3515060013266,636.55,586.7484939986733,-19.904063671640415,-17.71086046630041,-2.193203205340005
2022-09-21,2454,4364075,2645701239,610.0,610.0,601.0,605.0,0.0,5915,606.0,614.0,633.0,11.111111111111198,10.760428202288614,29.365069216255048,33.92056119392459,681.1414582246954,633.0,584.8585417753046,-19.691056079849318,-18.10689958901019,-1.5841564908391277
2022-09-22,2454,5723804,3391233925,598.0,600.0,587.0,591.0,-14.0,12780,601.0,611.2,629.2,10.360750360750446,9.538239538239482,21.203934116105465,29.981719820082915,677.999999999997,629.2,580.400000000003,-20.416579407308063,-18.568835552669764,-1.8477438546382992
2022-09-23,2454,4343315,2536553260,591.0,594.0,580.0,580.0,-11.0,12203,597.0,606.9,624.7,6.392496392496478,9.288119288119233,16.898798750482946,27.299414967281365,674.2140384133598,624.7,575.1859615866402,-21.629834670618493,-19.18103537625951,-2.4487992943589845
2022-09-26,2454,5278826,3010560602,573.0,576.0,564.0,569.0,-11.0,12527,590.0,601.1,619.25,5.400432900432985,7.384559884559828,13.662507685468775,24.90035141078551,668.0879975019442,619.25,570.4120024980558,-23.211389823689387,-19.987106265745485,-3.2242835579439024
2022-09-27,2454,4472787,2544556730,571.0,574.0,563.0,568.0,-1.0,6226,582.6,595.3,615.0,5.900167084377696,5.8976987924355795,13.39052365464488,24.68794609954033,666.0920737492609,615.0,563.9079262507391,-24.26575480317581,-20.84283597323155,-3.4229188299442583
2022-09-28,2454,7440529,4142357736,572.0,576.0,545.0,545.0,-23.0,14559,570.6,588.3,609.4,5.900167084377696,5.733589023062652,8.728130844625255,20.38158560505656,665.1867367749732,609.4,553.6132632250268,-26.65004924803634,-22.00427862819251,-4.64577061984383
2022-09-29,2454,8115892,4468973424,558.0,563.0,540.0,543.0,-2.0,9434,561.0,581.0,603.2,4.332427312412572,5.37758716038918,8.430343975476893,20.054008559864315,659.5616891159226,603.2,546.8383108840775,-28.373926100869767,-23.27820812272796,-5.095717978141806
2022-09-30,2454,5860219,3187075770,536.0,554.0,533.0,551.0,8.0,7393,555.2,576.1,598.35,9.100758396533129,6.444450931107657,21.00736226755857,25.23060194258097,655.1488556222736,598.35,541.5511443777265,-28.763015645387327,-24.375169627259833,-4.387846018127494
2022-10-03,2454,3271406,1795428707,543.0,556.0,541.0,548.0,-3.0,5224,551.0,570.5,594.75,15.594264890039623,9.675816866328299,19.816578672521228,24.587647373093198,654.6461601440363,594.75,534.8538398559637,-28.979390466358268,-25.29601379507952,-3.6833766712787472
2022-10-04,2454,4517792,2567702944,564.0,573.0,564.0,573.0,25.0,6655,552.0,567.3,591.85,34.08631169825208,19.593778328274805,48.3052967843026,38.624011142472355,650.0368541854579,591.85,533.6631458145422,-26.824363440436855,-25.601683724150988,-1.2226797162858674
2022-10-05,2454,9728323,5836284535,596.0,608.0,592.0,599.0,26.0,12235,562.8,566.7,590.35,55.72733733927772,35.135971309189664,63.87740456462795,49.21155180884837,646.1255322699809,590.35,534.5744677300191,-22.756187127359453,-25.03258440479268,2.276397277433226
2022-10-06,2454,7405325,4377251228,603.0,604.0,585.0,587.0,-12.0,8362,571.6,566.3,588.75,73.23383084577122,54.34915996110019,54.96239715774639,45.325308895405406,642.960238885288,588.75,534.539761114712,-20.26680469258531,-24.079428462351206,3.812623769765896
2022-10-07,2454,6707924,3825743283,581.0,582.0,564.0,566.0,-21.0,10266,574.6,564.9,585.9,68.00000000000007,65.65372272834952,42.774162656279316,39.45350895614651,638.5797873951662,585.9,533.2202126048337,-19.760686777106116,-23.21568012530219,3.454993348196073
2022-10-11,2454,8122275,4503449251,546.0,565.0,541.0,553.0,-13.0,9540,575.6,563.3,582.2,47.55555555555563,62.929795467108825,36.86928741090367,36.31698236579446,633.1807806923335,582.2,531.2192193076665,-20.17599967207707,-22.607744034657166,2.4317443625800976
2022-10-12,2454,6851051,3765707696,557.0,557.0,541.0,549.0,-4.0,7869,570.8,561.4,578.35,30.66666666666674,48.74074074074067,35.128475149303895,35.38484073149915,627.0994615354855,578.35,529.6005384645146,-20.590549664751393,-22.20430516067601,1.613755495924618
2022-10-13,2454,7943988,4333873285,550.0,554.0,538.0,544.0,-5.0,7710,559.8,561.3,574.8,20.88888888888896,33.03703703703696,32.86547828271031,34.20307340103061,622.689873668662,574.8,526.9101263313379,-21.079549805282568,-21.979354089597322,0.8998042843147545
2022-10-14,2454,9366120,5394386932,562.0,588.0,559.0,585.0,41.0,11763,559.4,565.5,573.25,34.38095238095246,28.645502645502575,58.463820612463756,49.18866455806713,617.5800124069451,573.25,528.9199875930549,-17.95179151304592,-21.173841574287042,3.2220500612411236
2022-10-17,2454,6597059,3775192174,568.0,580.0,565.0,578.0,-7.0,7788,561.8,568.2,572.15,46.317460317460394,33.86243386243379,54.33693833583831,47.21162181793527,614.8314948191831,572.15,529.4685051808168,-15.855094372255962,-20.110092133880826,4.254997761624864
2022-10-18,2454,6538834,3820470278,593.0,595.0,576.0,588.0,10.0,6624,568.8,572.2,571.35,65.23809523809531,48.645502645502575,59.14360178241029,50.2857272625847,612.1729102343281,571.35,530.5270897656719,-13.233977303292363,-18.734869167763133,5.50089186447077
2022-10-19,2454,5894955,3439414613,585.0,591.0,577.0,577.0,-11.0,6208,574.4,572.6,569.95,62.55411255411263,58.036556036555965,52.10484054748655,47.040607487690295,607.8787489907044,569.95,532.0212510092957,-11.907073875434321,-17.36931010929737,5.462236233863049
2022-10-20,2454,9114239,5158345617,566.0,570.0,558.0,570.0,-7.0,7727,579.6,569.7,568.2,62.219943798891244,63.337383863699586,47.874772693032526,45.04830846577684,602.5604423720054,568.2,533.8395576279947,-11.290188581523466,-16.15348580374259,4.863297222219124
2022-10-21,2454,5295651,3028567765,567.0,579.0,565.0,567.0,-3.0,4976,576.0,567.7,567.0,55.36948431685281,60.04784688995209,46.007251429196536,44.18461316768326,599.7291918629219,567.0,534.2708081370781,-10.917527014140092,-15.106294045822091,4.188767031682
2022-10-24,2454,6109417,3610058482,587.0,596.0,585.0,588.0,21.0,7129,578.0,569.9,567.4,64.40814680379117,60.6658583065116,59.052014623818884,51.23301558819313,600.9404233724053,567.4,533.8595766275946,-8.825925763179953,-13.850220389293664,5.024294626113711
2022-10-25,2454,6720783,3853493127,591.0,592.0,563.0,563.0,-25.0,10531,573.0,570.9,567.1,60.06251260334753,59.946714574663694,44.21522071534975,44.09423601468971,600.6851157508794,567.1,533.5148842491207,-9.080928478089504,-12.896362007052833,3.8154335289633288
2022-10-26,2454,6569981,3773328804,569.0,582.0,565.0,579.0,16.0,6548,573.4,573.9,567.65,61.5245009074411,61.99838677152646,53.02728697047535,48.99281450097695,601.6339668078956,567.65,533.6660331921044,-7.900877289165692,-11.897265063475405,3.9963877743097136
2022-10-27,2454,6098740,3582669309,589.0,592.0,583.0,589.0,10.0,5980,577.2,578.4,569.85,59.981851179673406,60.52295489682054,57.87892396462949,51.83350074181606,603.3777497008056,569.85,536.3222502991945,-6.088576474035563,-10.735527345587437,4.646950871551875
2022-10-28,2454,6162964,3517928193,582.0,585.0,564.0,565.0,-24.0,10637,576.8,576.4,570.95,51.754385964912366,57.75357935067549,44.895169333856394,45.31129746234698,602.2515974033245,570.95,539.6484025966756,-6.513827100653998,-9.89118729660075,3.3773601959467516
2022-10-31,2454,17458521,10338378870,585.0,604.0,576.0,590.0,25.0,16012,577.2,577.6,572.9,56.52173913043487,56.085992091673404,56.699648488270995,52.07602176768178,603.8444663873859,572.9,541.9555336126141,-4.778467026344742,-8.868643242549549,4.0901762162048065
2022-11-01,2454,8454173,5066185885,592.0,604.0,590.0,599.0,9.0,8540,584.4,578.7,575.45,59.03890160183075,55.77167556572585,60.273879385032814,54.26907730445687,606.1711653424769,575.45,544.7288346575232,-2.6464502498762386,-7.6242046440148865,4.977754394138648
2022-11-02,2454,6841497,4109052853,595.0,607.0,593.0,599.0,0.0,7254,588.4,580.9,576.75,80.17127799736504,65.24397290987675,60.273879385032814,54.26907730445687,609.1035160376736,576.75,544.3964839623264,-0.9459077583425142,-6.288545266880412,5.342637508537898
2022-11-03,2454,6419381,3821968691,587.0,602.0,587.0,600.0,1.0,6193,590.6,583.9,576.8,85.01317523056662,74.74111827658733,60.76369246953847,54.537166999119414,609.2936916954709,576.8,544.306308304529,0.4769777579114134,-4.935440661922047,5.41241841983346
2022-11-04,2454,4423954,2623880755,600.0,600.0,586.0,597.0,-3.0,5275,597.0,586.9,577.3,81.06060606060613,82.08168642951246,58.24996640072156,53.523442064433965,610.7011975833257,577.3,543.8988024166742,1.3470222192737538,-3.6789480856828867,5.02597030495664
2022-11-07,2454,8262942,5078432629,608.0,623.0,601.0,620.0,23.0,11008,603.0,590.1,580.0,85.42629686697491,83.83335938604908,69.52600501940013,59.70712330472763,617.7571185341267,580.0,542.2428814658733,3.8480881394947346,-2.1735408406473624,6.021628980142097
2022-11-08,2454,7912180,4935202620,632.0,632.0,616.0,620.0,0.0,8359,607.2,595.8,583.35,84.84697422882874,83.77795905213645,69.52600501940013,59.70712330472763,622.7823471277062,583.35,543.9176528722938,5.763759864573899,-0.58608069960311,6.3498405641770095
2022-11-09,2454,12934955,8338402107,628.0,656.0,626.0,650.0,30.0,17037,617.4,602.9,588.4,90.24881876110805,86.84069661897043,79.40247521270132,66.4580608443224,634.2842020743534,588.4,542.5157979256466,9.59212079032443,1.4495595983823981,8.14256119194203
2022-11-10,2454,7376979,4821749086,648.0,660.0,641.0,660.0,10.0,9603,629.4,610.0,594.2,91.94373401534534,89.01317566842725,81.7079495441994,68.36098797182518,645.2082346293187,594.2,543.1917653706814,13.279957745937281,3.815639227893375,9.464318518043907
2022-11-11,2454,17001177,11806758817,698.0,700.0,680.0,700.0,40.0,22148,650.0,623.5,599.95,97.82608695652182,93.33954657765827,87.98424236890742,74.57462674869808,668.4437223400778,599.95,531.4562776599223,19.208833335138934,6.894278049342487,12.314555285796446
2022-11-14,2454,9849795,6905143390,705.0,710.0,694.0,697.0,-3.0,11187,665.4,634.2,605.9,96.50537634408612,95.4250657719843,85.41971706447893,73.41016497678643,685.5062811592145,605.9,526.2937188407855,23.395743459611708,10.194571131396332,13.201172328215376
2022-11-15,2454,13979872,10096572609,704.0,735.0,700.0,722.0,25.0,18790,685.8,646.5,612.6,93.59709893916441,95.97618741325732,88.6391446666564,76.67828546604095,706.3515866532395,612.6,518.8484133467606,28.40376998494378,13.836410902105822,14.567359082837957
2022-11-16,2454,10399350,7582172184,732.0,738.0,719.0,729.0,7.0,14354,701.6,659.5,620.2,91.62341472863808,93.90863000396274,89.4034748426657,77.51173828270964,725.1506550717999,620.2,515.2493449282002,32.56215236251228,17.581559194187115,14.980593168325164
2022-11-17,2454,6928331,5027403190,740.0,740.0,716.0,725.0,-4.0,9279,714.6,672.0,627.95,91.5209160823938,92.24714325006529,85.56570902203401,75.8437726205187,739.6056760760498,627.95,516.2943239239503,35.12997727527954,21.0912428104056,14.038734464873944
2022-11-18,2454,5558511,4040977105,732.0,742.0,716.0,722.0,-3.0,9509,719.0,684.5,635.7,89.1381881963102,90.76083966911388,82.4681583403059,74.54807984375269,750.8209798429455,635.7,520.5790201570546,36.50214804995153,24.173423858314784,12.328724191636745
2022-11-21,2454,4436545,3176325869,716.0,722.0,709.0,720.0,-2.0,6032,723.6,694.5,642.3,84.79003332637676,88.48304586836012,80.20975560455186,73.64480965231455,760.8109277661782,642.3,523.7890722338217,37.001687567999966,26.73907660025182,10.262610967748145
2022-11-22,2454,6289730,4468309323,707.0,715.0,703.0,713.0,-7.0,7509,721.8,703.8,649.8,78.81619853282545,84.248140018504,72.14257852728477,70.42832627013378,766.255313318029,649.8,533.3446866819709,36.41298847167889,28.673858974537232,7.739129497141654
2022-11-23,2454,3202235,2280951283,722.0,722.0,705.0,705.0,-8.0,4506,717.0,709.3,656.1,64.21473070555118,75.94032085491767,63.61210913807762,66.83560376871107,770.1612116365593,656.1,542.0387883634407,34.89861751619458,29.918810682868703,4.979806833325874
2022-11-24,2454,7750672,5637591387,715.0,736.0,711.0,728.0,23.0,10547,717.6,716.1,663.05,60.81434756378872,67.94842560072165,73.94559869318013,71.35920134846967,776.8489015764219,663.05,549.251098423578,35.14919733721172,30.964888013737305,4.184309323474412
2022-11-25,2454,5847844,4263799460,729.0,736.0,723.0,727.0,-1.0,6457,718.6,718.8,671.15,58.48054275473638,61.169873674691964,72.89554844289827,70.90635188579961,778.7739285660961,671.15,563.5260714339039,34.86518782561882,31.744947976113608,3.120239849505211
2022-11-28,2454,5606289,3978283881,703.0,719.0,703.0,703.0,-24.0,9685,715.2,719.4,676.8,45.03968253968262,54.77819095273578,52.157340554878814,60.91500405275737,778.4909042146851,676.8,575.1090957853148,32.33081925869419,31.862122232629723,0.4686970260644685
2022-11-29,2454,5160799,3656689639,695.0,718.0,695.0,713.0,10.0,6712,715.2,718.5,682.5,34.19452887538002,45.90491805659955,57.96988565150512,63.23932379040193,778.7424022975325,682.5,586.2575977024675,30.77448127311277,31.644594040726332,-0.8701127676135627
2022-11-30,2454,9728516,7115518294,714.0,738.0,711.0,733.0,20.0,10675,720.8,718.9,689.2,39.71631205673767,39.65017449059999,67.25309372084065,67.41322239478205,779.7463417262104,689.2,598.6536582737897,30.799863406653117,31.47564791391169,-0.6757845072585731
2022-12-01,2454,6932733,5181123495,750.0,756.0,738.0,741.0,8.0,9553,723.4,720.5,696.25,64.85292407859559,46.254588336904305,70.31301585131968,68.93274097918832,779.5875665591449,696.25,612.9124334408551,31.10693073741379,31.40190447861211,-0.2949737411983193
2022-12-02,2454,4119211,3047112302,730.0,748.0,730.0,739.0,-2.0,5244,725.8,722.2,703.35,76.13068247878162,60.23330620470483,68.44756045209505,68.07807472477066,775.0361911388792,703.35,631.6638088611209,30.83347145823859,31.288217874537406,-0.4547464162988142
2022-12-05,2454,4535657,3388070615,739.0,755.0,739.0,739.0,0.0,6450,733.0,724.1,709.3,73.22404371584707,71.40255009107463,68.44756045209505,68.07807472477066,771.4453135803518,709.3,647.1546864196481,30.267844143121465,31.08414312825422,-0.8162989851327538
2022-12-06,2454,5041043,3674154553,739.0,744.0,720.0,725.0,-14.0,7955,735.4,725.3,714.55,64.48087431693997,71.2785335038561,54.63658610688042,61.852288703420754,761.5200968702447,714.55,667.5799031297552,28.362947025657945,30.539903907734963,-2.176956882077018
2022-12-07,2454,5325977,3830890858,717.0,728.0,713.0,716.0,-9.0,6311,732.0,726.4,717.85,51.91256830601102,63.20582877959924,47.45515491917938,58.169463231796826,754.3151888792548,717.85,681.3848111207452,25.82933307863493,29.59778974191496,-3.768456663280027
2022-12-08,2454,4204451,2987804378,724.0,725.0,705.0,705.0,-11.0,7685,724.8,724.1,720.1,33.33333333333342,49.908925318761355,39.96480492519608,53.94193294377495,746.0453271322586,720.1,694.1546728677414,22.672463654857438,28.212724524503454,-5.540260869646016
2022-12-09,2454,4613417,3331419350,714.0,729.0,711.0,729.0,24.0,5915,722.8,724.3,721.55,35.519125683060196,40.25500910746809,57.172050126229465,60.65980092219473,746.0406104456436,721.55,697.0593895543564,21.855287170076167,26.941237053617996,-5.085949883541829
2022-12-12,2454,5234621,3724605627,715.0,716.0,705.0,712.0,-17.0,7310,717.4,725.2,722.3,28.618879245687435,32.49044608736023,46.22357936317611,54.58639216934091,744.5539884065805,722.3,700.0460115934194,19.609860725645603,25.474961788023517,-5.865101062377914
2022-12-13,2454,6051369,4324084063,717.0,722.0,708.0,709.0,-3.0,5144,714.2,724.8,721.65,25.768777456337816,29.96892746169503,44.47026986671608,53.567127650309764,744.6480433950401,721.65,698.6519566049599,17.387833047238132,23.85753603986644,-6.4697029926283065
2022-12-14,2454,4980611,3578510558,717.0,724.0,714.0,718.0,9.0,4611,714.6,723.3,721.1,15.856209150326885,23.41462195078393,50.97832473512869,56.20889379160339,743.8938588220561,721.1,698.3061411779439,16.16672494538352,22.319373820969854,-6.152648875586333
2022-12-15,2454,14093519,9739391587,703.0,706.0,681.0,681.0,-37.0,28944,709.8,717.3,718.9,11.281045751634075,17.63534411943281,32.6339938734148,44.89919014168286,747.513982595931,718.9,690.286017404069,12.074213185293502,20.270341693834585,-8.196128508541083
2022-12-16,2454,13076649,8595271153,653.0,665.0,651.0,660.0,-21.0,22055,696.0,709.4,715.8,11.892473118279659,13.00990934008009,26.35437370537548,39.98204079807543,754.1697797752374,715.8,677.4302202247625,7.055017781402057,17.62727691134808,-10.572259129946023
2022-12-19,2454,6975640,4578728304,650.0,662.0,650.0,656.0,-4.0,7639,684.8,701.1,712.6,5.757452021233244,9.643656963715545,25.27364063720143,39.10359106785502,758.8921159594154,712.6,666.3078840405847,2.7231123477959045,14.646443998637645,-11.92333165084174
2022-12-20,2454,6420511,4179355420,650.0,660.0,646.0,646.0,-10.0,9498,672.2,693.2,709.25,5.757452021233244,7.802459053581934,22.573694047317435,36.91968177222696,763.8865262438958,709.25,654.6134737561042,-1.4995840728106486,11.417238384347986,-12.916822457158634
2022-12-21,2454,6274754,4106021894,649.0,661.0,646.0,654.0,8.0,5411,659.4,687.0,706.7,5.744496975242831,5.753133672569658,29.593673323567298,39.815538069389085,766.4163294250393,706.7,646.9836705749608,-4.152698543966039,8.303250998685181,-12.45594954265122
2022-12-22,2454,4093339,2714084932,665.0,668.0,661.0,661.0,7.0,4587,655.4,682.6,703.35,9.623107815878988,7.041685604118239,35.558122199274386,42.31109875345861,765.3831363063313,703.35,641.3168636936688,-5.625620724569671,5.51747665403421,-11.143097378603882
2022-12-23,2454,2430760,1593195003,651.0,661.0,648.0,660.0,-1.0,4030,655.4,675.7,700.0,15.606013798784971,10.324539529968815,35.06306288692995,42.04289613038502,763.7746030955893,700.0,636.2253969044107,-6.795282025902225,3.054924918046923,-9.850206943949148
2022-12-26,2454,1515532,990014478,661.0,661.0,651.0,651.0,-9.0,3725,654.4,669.6,697.4,14.529914529914619,13.253012048192744,30.591058510420776,39.609381448410716,764.6202350486838,697.4,630.1797649513162,-8.352192936907386,0.7735013470560612,-9.125694283963448
2022-12-27,2454,1969029,1296438262,654.0,664.0,653.0,656.0,5.0,3432,656.4,664.3,694.55,13.675213675213763,14.603714001304335,35.890713494855326,41.63071460796922,763.68891812865,694.55,625.4110818713499,-9.077952847958159,-1.196789491946783,-7.881163356011376
2022-12-28,2454,9053565,5733731251,649.0,649.0,621.0,638.0,-18.0,18647,653.2,656.3,689.8,19.749045280960264,15.984724495362764,27.17578900768418,36.849022792401776,760.7495595476132,689.8,618.8504404523867,-10.979013144673559,-3.153234222492138,-7.825778922181421
2022-12-29,2454,3690707,2318312241,630.0,631.0,623.0,629.0,-9.0,6059,646.8,651.1,684.2,23.286052009456355,18.903436988543344,23.804082412049077,34.70274359915382,755.7782089745176,684.2,612.6217910254825,-13.06127960911249,-5.134843299816208,-7.926436309296281
2022-12-30,2454,2648733,1667920438,635.0,640.0,625.0,625.0,-4.0,3868,639.8,647.6,678.5,20.56737588652491,21.200824392313724,22.365264226443344,33.761537734407305,749.8708624019638,678.5,607.1291375980362,-14.862926786560479,-7.080459997165063,-7.782466789395416
2023-01-03,2454,4509288,2862420546,623.0,645.0,621.0,644.0,19.0,5310,638.4,646.4,673.75,24.82269503546108,22.89204097714733,41.84496205837561,41.83175239082536,740.9031830965595,673.75,606.5968169034405,-14.589426121751217,-8.582253222082294,-6.007172899668923
2023-01-04,2454,3081086,1968829054,639.0,644.0,635.0,636.0,-8.0,4230,634.4,645.4,669.3,29.78723404255328,25.059101654846305,37.25326098368,39.64173019906369,734.0305183047399,669.3,604.56948169526,-14.847060345940577,-9.83521464685395,-5.011845699086626
2023-01-05,2454,5429497,3435081194,638.0,641.0,625.0,631.0,-5.0,7914,633.0,643.1,665.05,34.702292594425295,29.77074055747977,34.493364497872236,38.29239548401405,728.0975217593857,665.05,602.0024782406142,-15.2785736515483,-10.923886447792821,-4.3546872037554785
2023-01-06,2454,7951964,5180362150,634.0,660.0,634.0,660.0,29.0,9860,639.2,643.0,662.8,48.62279399637152,37.70410687778325,56.3669122705034,49.11166646675276,723.1377162312274,662.8,602.4622837687725,-13.129148763901298,-11.364938911014516,-1.7642098528867827
2023-01-09,2454,7084736,4751028441,671.0,675.0,665.0,675.0,15.0,8817,649.2,644.5,660.1,71.31782945736443,51.5476386827203,63.68447301619548,53.63945170359899,712.6809851562332,660.1,607.5190148437669,-10.09892529051524,-11.11173618691466,1.0128108963994205
2023-01-10,2454,8836356,6105714415,684.0,696.0,681.0,694.0,19.0,12069,659.2,648.8,659.2,96.01033591731276,71.98365312368277,70.89713081543889,58.65725800435181,708.7241355300591,659.2,609.675864469941,-6.094061597229711,-10.10820126897767,4.014139671747959
2023-01-11,2454,7050840,4954597477,700.0,707.0,694.0,707.0,13.0,11082,673.4,653.9,659.1,99.1111111111112,88.81309216192933,74.87970800023642,61.71087917574586,708.2279960918398,659.1,609.9720039081602,-1.8498628449719945,-8.456533584176535,6.6066707392045405
2023-01-12,2454,6557029,4682287784,710.0,720.0,708.0,715.0,8.0,10182,690.2,661.6,658.95,97.42760942760951,97.51635215201104,77.12693141254238,63.497646750442,707.3709665331028,658.95,610.5290334668973,2.1346217939189955,-6.338302508557429,8.472924302476425
2023-01-13,2454,7897961,5560195350,722.0,726.0,691.0,694.0,-21.0,11086,697.0,668.1,659.6,88.15776815776825,94.8988295654962,60.54077846421302,56.09735195703058,709.513525221125,659.6,609.6864747788751,3.5568291686180373,-4.3592761731223355,7.916105341740373
2023-01-16,2454,5310041,3750923858,707.0,712.0,701.0,704.0,10.0,7180,702.8,676.0,661.8,80.89704208516098,88.8274732235128,64.75194369208414,58.57327628132424,715.3372767331344,661.8,608.2627232668655,5.428281337756971,-2.4017646709464744,7.830046008703445
2023-01-17,2454,4750714,3313462885,706.0,709.0,693.0,693.0,-11.0,6120,702.6,680.9,663.65,71.68945465975177,80.24808830089354,56.95183009529826,54.90520682323766,718.7908197255014,663.65,608.5091802744986,5.955165158731802,-0.7303787050108193,6.685543863742621
2023-01-30,2454,18980506,13790479800,734.0,739.0,709.0,739.0,46.0,17959,709.0,691.2,668.3,81.84818481848193,78.14489385446477,72.88655930001075,64.82534480204333,731.7605389198691,668.3,604.8394610801308,9.969616412672508,1.4096203185258462,8.559996094146662
2023-01-31,2454,13095953,9576987866,734.0,752.0,716.0,718.0,-21.0,13372,709.6,699.9,671.5,76.08209096771755,76.53991014865028,60.88336364984628,58.498565617238775,738.1288225920277,671.5,604.8711774079723,11.326014216612634,3.3928990981432037,7.933115118469431
2023-02-01,2454,5815887,4200815801,724.0,728.0,718.0,724.0,6.0,6472,715.6,706.3,674.65,73.82764017052514,77.2526386522414,62.91890856464182,59.70851649463139,744.8561963077328,674.65,604.4438036922671,12.73828014030812,5.261975306576187,7.476304833731933
2023-02-02,2454,11416420,8528075777,747.0,753.0,737.0,747.0,23.0,13378,724.2,713.5,679.0,70.60183371891225,73.50385495238483,69.9194069079328,64.0368758740266,755.5323461028078,679.0,602.4676538971922,15.534348540464748,7.316449953353899,8.217898587110849
2023-02-03,2454,6601968,4944315922,742.0,753.0,741.0,751.0,4.0,9821,735.8,719.2,684.0,82.55338482507959,75.66095290483885,71.0291356788499,64.74618094433728,765.4690125139612,684.0,602.5309874860388,17.86705912702098,9.426571788087315,8.440487338933664
2023-02-06,2454,7693098,5688901183,745.0,749.0,730.0,731.0,-20.0,11360,734.2,721.6,687.75,83.87096774193556,79.00872876197566,58.45045383860843,58.53019128262045,770.6110282340254,687.75,604.8889717659746,17.895626576579048,11.120382745785662,6.775243830793386
2023-02-07,2454,7367549,5311698169,739.0,739.0,716.0,717.0,-14.0,11225,734.0,721.8,691.7,67.09677419354847,77.8403755868544,51.06515480292937,54.58004872489715,772.1962110909556,691.7,611.2037889090445,16.597260600288905,12.21575831668631,4.381502283602595
2023-02-08,2454,7991431,5916772668,726.0,747.0,725.0,744.0,27.0,10390,738.0,726.8,697.45,63.172043010752766,71.37992831541213,61.897377566461046,60.163857252484185,775.6049102744013,697.45,619.2950897255988,17.54472588267936,13.28155182988492,4.263174052794438
2023-02-09,2454,4016255,2989612567,740.0,749.0,736.0,749.0,5.0,5237,738.4,731.3,703.65,71.96969696969705,67.4128380579993,63.63645381149132,61.117164093826226,777.3799803336478,703.65,629.9200196663521,18.485962489877807,14.322433961883497,4.163528527994309
2023-02-10,2454,3235750,2403001389,749.0,749.0,739.0,740.0,-9.0,5088,736.2,736.0,708.45,80.25798525798534,71.79990841281159,58.070511488029055,58.407704036619,778.4256386180192,708.45,638.4743613819809,18.29478362098905,15.116903893704608,3.1778797272844432
2023-02-13,2454,4171947,3045507641,735.0,737.0,726.0,731.0,-9.0,6401,736.2,735.2,713.2,65.43816543816553,72.55528255528252,52.69354939979475,55.74624456078796,775.3147325519459,713.2,651.0852674480542,17.218563326321373,15.537235780227961,1.6813275460934118
2023-02-14,2454,3487039,2564692740,737.0,742.0,731.0,732.0,1.0,4800,739.2,736.6,718.25,49.549549549549646,65.08190008190005,53.254628662109795,55.986227567734694,768.0048992562546,718.25,668.4951007437454,16.25891992364643,15.681572608911654,0.5773473147347765
2023-02-15,2454,6977304,4988019068,730.0,730.0,708.0,710.0,-22.0,16412,732.4,735.2,720.75,29.409409409409502,48.13237479904143,40.82628647159558,49.6120403949273,763.0057688369297,720.75,678.4942311630703,13.566789965155863,15.258616080160497,-1.691826115004634
2023-02-16,2454,5178561,3694202826,716.0,718.0,706.0,711.0,1.0,6729,724.8,731.6,722.55,19.771864888144048,32.910274615700935,41.54966720656835,49.891306794742356,759.6038796889101,722.55,685.4961203110898,11.382736123430732,14.483440088814543,-3.1007039653838113
2023-02-17,2454,3610451,2594173860,708.0,723.0,707.0,723.0,12.0,5088,721.4,728.8,724.0,18.535745047373045,22.57233978164207,50.091325356647566,53.240410049251864,758.6641024692706,724.0,689.3358975307294,10.499129995316366,13.686578070114908,-3.1874480747985423
2023-02-20,2454,2619587,1906206540,725.0,732.0,719.0,726.0,3.0,4338,720.4,728.3,724.95,32.558139534883814,23.621916490133504,52.13161025399161,54.06695296587459,758.7285434854696,724.95,691.1714565145305,9.926514026049404,12.934565261301808,-3.0080512352524043
2023-02-21,2454,2746079,1998529680,728.0,734.0,724.0,725.0,-1.0,4237,719.0,729.1,725.45,43.41085271317839,31.501579098478288,51.315795826958656,53.7260404250401,758.9192396089297,725.45,691.9807603910704,9.284988534161585,12.204649915873762,-2.919661381712178
2023-02-22,2454,4610941,3302548740,718.0,722.0,713.0,713.0,-12.0,7121,719.6,726.0,726.4,35.65891472868227,37.20930232558137,42.093599877526344,49.67803211003298,757.218176454817,726.4,695.5818235451829,7.719292054373,11.30757834357361,-3.58828628920061
2023-02-23,2454,8227452,6079143664,724.0,745.0,722.0,745.0,32.0,11541,726.4,725.6,728.45,53.48837209302335,44.18604651162787,62.85937071260428,58.6296099514667,758.479818514263,728.45,698.4201814857371,8.957344190671051,10.837531512993099,-1.8801873223220475
2023-02-24,2454,8209174,6028811080,751.0,752.0,723.0,723.0,-22.0,9480,726.4,723.9,729.95,51.07853050219086,46.74193910796536,48.817712251721176,51.80648271501348,755.3938597700834,729.95,704.5061402299167,8.070264306680428,10.284078071730566,-2.213813765050137
2023-03-01,2454,16624548,12828468206,737.0,795.0,731.0,791.0,68.0,26563,739.4,729.9,732.55,77.48737990555294,60.68476083358892,71.65247620018214,65.26293334386455,769.2840441552537,732.55,695.8159558447462,12.707791300058943,10.768820717396242,1.9389705826627015
2023-03-02,2454,9729803,7592031747,790.0,790.0,773.0,775.0,-16.0,14995,749.4,734.2,735.4,69.99674320143309,66.18755120305883,63.83456721269558,60.950569277329,775.8346386159246,735.4,694.9653613840753,14.920009983759314,11.599058570668856,3.3209514130904587
2023-03-03,2454,6642734,5163568412,778.0,789.0,771.0,775.0,0.0,10379,761.8,740.7,737.95,83.43547837929869,76.9732004954281,63.83456721269559,60.950569277328995,781.4998564865587,737.95,694.4001435134414,16.48320114638784,12.575887085812653,3.907314060575189
2023-03-06,2454,7685453,6049105130,785.0,795.0,777.0,784.0,9.0,10868,769.6,748.0,739.8,80.4620610046755,77.96476086180229,66.62277857471943,62.56428437321509,787.6606310029457,739.8,691.9393689970542,18.238029537092302,13.708315576068582,4.52971396102372
2023-03-07,2454,5202228,4091966772,789.0,790.0,783.0,788.0,4.0,6190,782.6,754.5,741.65,85.1071692535108,83.00156954582819,67.90576859194964,63.290380635984775,793.7701496544306,741.65,689.5298503455693,19.72414261200788,14.911480983256443,4.812661628751439
2023-03-08,2454,8741223,6729680891,782.0,784.0,765.0,768.0,-20.0,17818,778.0,758.7,743.5,81.70731707317083,82.4255157771189,55.468235668333364,57.30545554736381,796.5942558098332,743.5,690.4057441901668,19.068258068286355,15.742836400262425,3.32542166802393
2023-03-09,2454,5335712,4110500928,769.0,775.0,767.0,767.0,-1.0,6909,776.4,762.9,746.0,73.3934736607641,80.0693199958151,54.88186367524294,57.015142926597015,798.5737577123797,746.0,693.4262422876203,18.257314245504062,16.245731969310754,2.011582276193309
2023-03-10,2454,6008380,4545088178,759.0,761.0,753.0,756.0,-11.0,12293,772.6,767.2,746.6,58.1834465604931,71.0947457648092,48.325743760898085,53.78719715989042,799.3423928164032,746.6,693.8576071835969,16.53640595989964,16.30386676742853,0.23253919247110844
2023-03-13,2454,5327065,4021022474,756.0,764.0,743.0,764.0,8.0,7981,768.6,769.1,747.35,53.01322298325732,61.530047734838035,53.081367385401535,55.74937084551467,800.6314226536763,747.35,694.0685773463238,15.637843559954376,16.1706621259337,-0.5328185659793228
2023-03-14,2454,6588044,5002423313,749.0,768.0,749.0,761.0,-3.0,7536,763.2,772.9,748.4,44.003739316239404,51.73346961999647,51.02684892070989,54.809545209807,801.8879425665301,748.4,694.9120574334698,14.516316396920956,15.83979298013115,-1.3234765832101942
2023-03-15,2454,5292738,4047409136,766.0,773.0,757.0,758.0,-3.0,6729,761.2,769.6,749.75,38.34134615384624,45.11943615111418,48.82223573825834,53.83223063409736,802.7740511466242,749.75,696.7259488533758,13.232882677770135,15.318410919658948,-2.085528241888813
2023-03-16,2454,6000004,4541544083,751.0,765.0,748.0,756.0,-2.0,6801,759.0,767.7,750.95,29.48717948717957,37.2774216524216,47.23495874693888,53.151791150893125,803.3960675360876,750.95,698.5039324639125,11.916997197777164,14.638128175282592,-2.721130977505428
2023-03-17,2454,6841068,5280283889,770.0,777.0,766.0,773.0,17.0,7653,762.4,767.5,754.1,39.22531369339888,35.68461311147476,60.09915968087345,58.01020487424986,803.8268539121447,754.1,704.3731460878554,12.106351910628518,14.131772922351777,-2.0254210117232585
2023-03-20,2454,5321040,4114477130,773.0,780.0,768.0,770.0,-3.0,6578,763.6,766.1,757.05,51.56114859020939,40.09121392359581,57.226697371584564,56.88899533371893,803.0607596112063,757.05,711.0392403887936,11.877426378980772,13.680903613677575,-1.8034772346968033
2023-03-21,2454,5445430,4185541006,776.0,779.0,763.0,771.0,1.0,6733,765.6,764.4,759.45,68.45304048210129,53.079834255236385,58.00722106294588,57.1860464219957,803.0503440353372,759.45,715.8496559646629,11.642485562117372,13.273220003365534,-1.630734441248162
2023-03-22,2454,5659553,4417944470,777.0,785.0,776.0,781.0,10.0,7836,770.2,765.7,762.2,77.33517489615059,65.78312132282029,65.37798406070102,60.14355648049574,803.9113893319301,762.2,720.48861066807,12.123458021131796,13.043267606918786,-0.9198095857869895
2023-03-23,2454,4865131,3834404560,780.0,794.0,778.0,793.0,12.0,7970,777.6,768.3,765.6,88.06369394604697,77.95063644143282,72.20754491860284,63.40995913909849,805.681916121863,765.6,725.5180838781371,13.31939418678553,13.098492922892135,0.2209012638933956
2023-03-24,2454,4406461,3479100049,790.0,794.0,785.0,790.0,-3.0,6748,781.0,771.7,769.45,93.2732513295174,86.22404005723818,68.2791483657762,62.04104881015208,802.811504762222,769.45,736.0884952377781,13.86527700390127,13.251849739093961,0.6134272648073082
2023-03-27,2454,3071593,2403206571,789.0,790.0,779.0,780.0,-10.0,5435,783.0,773.3,771.2,86.3029269678887,89.21329074781755,56.3558302891318,57.57889742694159,802.8771210813096,771.2,739.5228789186905,13.337233319260804,13.26892645512733,0.06830686413347387
2023-03-28,2454,4137411,3191025633,775.0,780.0,766.0,766.0,-14.0,9013,782.0,773.8,773.35,66.66666666666676,82.08094832135748,43.8490829912278,51.946021572852075,796.2783667102558,773.35,750.4216332897442,11.654723500020964,12.946085864106056,-1.2913623640850922
2023-03-29,2454,2981780,2296524417,774.0,775.0,765.0,773.0,7.0,4682,780.4,775.3,772.45,46.984572230014116,66.65138862152305,50.28499114053913,54.350692836606726,793.9020395300761,772.45,750.997960469924,10.762104997767324,12.50928969083831,-1.7471846930709862
2023-03-30,2454,3614487,2815573656,780.0,783.0,775.0,778.0,5.0,4424,777.4,777.5,772.6,39.92519869097718,51.19214586255256,54.61951020198714,56.042744357648274,794.1629311551088,772.6,751.0370688448912,10.338975345030008,12.07522682167665,-1.7362514766466415
2023-03-31,2454,4496209,3534422715,778.0,789.0,778.0,787.0,9.0,5547,776.8,778.9,773.2,52.688172043010844,46.53264765466725,61.64251294276084,58.98942100606204,795.6463805545435,773.2,750.7536194454566,10.607589145933389,11.781699286527997,-1.1741101405946086
2023-04-06,2454,9301246,7072674882,774.0,777.0,751.0,753.0,-34.0,24999,771.4,777.2,771.65,43.485871467867064,45.3664140672849,36.64654728570989,46.34895811745027,795.1555312639439,771.65,748.1444687360561,7.98490663500661,11.02234075622372,-3.0374341212171103
2023-04-07,2454,4618526,3458532925,749.0,752.0,743.0,749.0,-4.0,10303,768.0,775.0,769.7,31.278407837253525,42.48415044937702,34.714455281814736,45.12388753796378,793.916523284722,769.7,745.4834767152781,5.5200139938531265,9.9218754037496,-4.401861409896474
2023-04-10,2454,5956250,4420784503,748.0,750.0,739.0,742.0,-7.0,13212,761.8,771.1,768.4,7.290138042532116,27.35147244921744,31.34087748260245,42.98278053175863,795.4658456361528,768.4,741.3341543638471,2.9675195998570416,8.53100424297109,-5.563484643114048
2023-04-11,2454,4665168,3511077889,743.0,759.0,743.0,756.0,14.0,7064,757.4,767.4,767.85,16.850861556744004,18.47313581217642,44.03192642790042,48.269576800238355,795.4490941880339,767.85,740.2509058119662,2.0506932843346704,7.234942051243806,-5.1842487669091355
2023-04-12,2454,4555491,3441964064,756.0,760.0,752.0,758.0,2.0,5006,751.6,764.2,767.95,25.595959595959688,16.578986398411804,45.70459948332031,48.99713502734125,795.390663257286,767.95,740.5093367427141,1.4685565039757194,6.081664941790189,-4.6131084378144696
2023-04-13,2454,5815842,4381121212,759.0,760.0,749.0,750.0,-8.0,7854,751.0,761.2,767.25,31.111111111111203,24.519310754604835,40.11043925467443,46.198208283141625,795.7517543319722,767.25,738.7482456680278,0.35755410906233465,4.936842775244618,-4.579288666182284
2023-04-14,2454,5990292,4503878440,754.0,758.0,746.0,748.0,-2.0,6423,750.8,759.4,766.6,26.000000000000096,27.569023569023532,38.727874582791046,45.49845937640835,796.2135104302067,766.6,736.9864895697933,-0.6765082129817301,3.8141725775993485,-4.490680790581079
2023-04-17,2454,14840026,10464098539,705.0,710.0,694.0,709.0,-39.0,34048,744.2,753.0,764.15,18.59649122807027,25.23586744639373,21.706398693050776,34.51873836645649,802.9019031790754,764.15,725.3980968209246,-4.5900726167143375,2.133323538736611,-6.723396155450949
2023-04-18,2454,15093599,10480918174,702.0,703.0,685.0,688.0,-21.0,49991,730.6,744.0,760.75,12.350114416476067,18.982201881515355,17.009878113200326,30.281256294054256,811.7593128752014,760.75,709.7406871247986,-9.279160709476855,-0.14917331090608243,-9.129987398570773
2023-04-19,2454,11632986,7903417920,682.0,685.0,675.0,675.0,-13.0,25595,714.0,732.8,755.85,6.3501144164760674,12.432240020340677,14.711066145261404,27.990531844993438,818.6712543650617,755.85,693.0287456349383,-13.884239292587267,-2.8961865072423194,-10.988052785344948
2023-04-20,2454,10238247,6891358128,661.0,684.0,661.0,673.0,-2.0,19824,698.6,724.8,751.0,5.127360562143266,7.942529798365008,14.362671940994979,27.644056716768052,823.0083328511373,751.0,678.9916671488627,-17.493526053798178,-5.815654416553491,-11.677871637244687
2023-04-21,2454,5480008,3676148049,676.0,679.0,665.0,665.0,-8.0,19297,682.0,716.4,745.7,5.387205387205483,5.621560121941481,12.933306954436619,26.24464259799853,826.1489900495934,745.7,665.2510099504067,-20.76013504273783,-8.80455054179036,-11.95558450094747
2023-04-24,2454,4802301,3242393639,663.0,681.0,663.0,676.0,11.0,8818,675.4,709.8,740.45,10.437710437710534,6.984092129019636,24.91957793490739,31.38783730909872,824.617630357519,740.45,656.2823696424811,-22.205368466633672,-11.484714126759021,-10.72065433987465
2023-04-25,2454,9007698,5930130933,678.0,678.0,650.0,650.0,-26.0,31984,667.8,699.2,733.3,6.397306397306493,7.407407407407379,18.062519805861335,26.65627835827083,822.5392290419443,733.3,644.0607709580556,-25.15869529770157,-14.219510360947531,-10.939184936754039
2023-04-26,2454,7417677,4777149807,641.0,652.0,638.0,649.0,-1.0,16794,662.6,688.3,726.25,8.106060606060701,8.313692480359117,17.84221731121961,26.490872661564335,818.6791620647938,726.25,633.8208379352062,-27.26561865198323,-16.82873201915467,-10.43688663282856
2023-04-27,2454,4770671,3152624789,654.0,667.0,653.0,662.0,13.0,9753,660.4,679.5,720.35,14.166666666666762,9.556677890011194,30.667528274575794,32.366333244684284,813.3645687513506,720.35,627.3354312486495,-27.56858573978809,-18.976702763281356,-8.591882976506735
2023-04-28,2454,6790242,4529918972,668.0,674.0,663.0,665.0,3.0,10301,660.4,671.2,715.3,28.01282051282061,16.761849261849232,33.46393908370869,33.68363106954408,808.8181265851725,715.3,621.7818734148274,-27.252464959694635,-20.63185520256401,-6.620609757130623
2023-05-02,2454,6448130,4302882149,654.0,673.0,654.0,671.0,6.0,9035,659.4,667.4,710.2,48.36152027641399,30.180335818633665,39.18711001456089,36.35361980552886,801.6780848072355,710.2,618.7219151927646,-26.21559010395538,-21.748602182842284,-4.466987921113095
2023-05-03,2454,6817126,4611339378,674.0,680.0,668.0,680.0,9.0,8651,665.4,666.6,705.3,67.68519177399854,48.01984418774426,47.14350031079144,40.24025154906474,792.1057601775392,705.3,618.4942398224607,-24.386521882462148,-22.276186122766255,-2.110335759695893
2023-05-04,2454,5752312,3851938881,674.0,674.0,666.0,668.0,-12.0,10808,669.2,665.9,699.35,77.09485188133306,64.38052131058174,39.171364895510635,36.99625166743658,778.9547109158743,699.35,619.7452890841257,-23.632847100580534,-22.54751831832911,-1.0853287822514233
2023-05-05,2454,3271540,2208574724,675.0,678.0,672.0,675.0,7.0,5551,671.8,666.1,695.45,82.37276710481979,75.717603586717,45.44929911305605,40.033167327232505,771.7323046322,695.45,619.1676953678001,-22.214636407076796,-22.480941936078647,0.2663055290018512
2023-05-08,2454,3131678,2124964499,681.0,684.0,674.0,675.0,0.0,5877,673.8,667.1,691.75,78.74957869902268,79.40573256172506,45.44929911305605,40.03316732723252,764.3747203092728,691.75,619.1252796907272,-20.85034442319693,-22.154822433502304,1.304478010305374
2023-05-09,2454,2224247,1506233758,681.0,681.0,674.0,677.0,2.0,4243,675.0,667.2,688.5,83.75463431075171,81.62566003819795,47.55426191538129,40.97591811874972,757.5695301851699,688.5,619.4304698148301,-19.38429977003534,-21.60071790080891,2.216418130773569
2023-05-10,2454,3945608,2638535063,677.0,677.0,666.0,668.0,-9.0,9567,672.6,669.0,684.1,71.20149602618056,77.90190301198487,39.543428281039944,38.075077996531654,746.276844564514,684.1,621.923155435486,-18.732734303654752,-21.027121181378078,2.2943868777233263
2023-05-11,2454,3193160,2137741368,666.0,674.0,664.0,668.0,0.0,5049,672.6,670.9,679.6,59.94545737883758,71.63386257192317,39.543428281039944,38.075077996531654,731.988548366984,679.6,627.211451633016,-18.00877008579357,-20.423450962261178,2.4146808764676067
2023-05-12,2454,5310815,3550676106,673.0,676.0,661.0,673.0,5.0,8930,672.2,672.0,675.75,52.795698924731305,61.31421744324971,46.37438630522213,40.776461920533244,717.0143914289306,675.75,634.4856085710694,-16.837473105010076,-19.70625539081096,2.868782285800883
2023-05-15,2454,3670003,2489853213,676.0,682.0,673.0,680.0,7.0,6123,673.2,673.5,672.35,64.20289855072475,58.98135161809777,54.729107835006786,44.431265710883416,697.1715632062098,672.35,647.5284367937902,-15.169505691518566,-18.798905450952482,3.629399759433916
2023-05-16,2454,3837504,2620878344,688.0,688.0,680.0,680.0,0.0,5960,673.8,674.4,670.9,72.104133118626,63.03424353136057,54.72910783500679,44.43126571088341,689.6285877737754,670.9,652.1714122262246,-13.689821755688854,-17.777088711899758,4.087266956210904
2023-05-17,2454,8035289,5493373284,680.0,689.0,677.0,685.0,5.0,10159,677.2,674.9,670.75,79.56445057894344,71.95716074943128,60.68424617079419,47.1339061529778,688.9694950533749,670.75,652.5305049466251,-11.975655461170504,-16.61680206175391,4.641146600583404
2023-05-18,2454,4642695,3200338709,690.0,694.0,685.0,689.0,4.0,8361,681.4,677.0,671.45,80.31104697771376,77.32654355842762,64.98340500717183,49.26000220389595,691.2739753833523,671.45,651.6260246166478,-10.177084655366457,-15.328858580476417,5.151773925109961
2023-05-19,2454,5282896,3673257462,691.0,698.0,690.0,698.0,9.0,9546,686.4,679.3,672.7,90.18759018759029,83.35436258141571,72.7929767537838,53.765464489235,695.6617072535942,672.7,649.7382927464059,-7.9340210934930155,-13.849891083079736,5.915869989586721
2023-05-22,2454,4735362,3341857307,702.0,709.0,701.0,705.0,7.0,9084,691.4,682.3,674.7,92.17171717171728,87.55678477900699,77.37225385283499,56.96612480074869,701.3090210267039,674.7,648.0909789732962,-5.5278143587660225,-12.185475738216994,6.657661379450971
2023-05-23,2454,5482158,3928976662,710.0,722.0,708.0,716.0,11.0,11233,698.6,686.2,676.7,93.94353369763218,92.1009470189798,82.70806946539425,61.4789687792337,708.8378281780151,676.7,644.562171821985,-2.702121739150698,-10.288804938403734,7.586683199253036
2023-05-24,2454,5846655,4135802176,713.0,713.0,701.0,711.0,-5.0,9900,703.8,690.5,679.75,87.93260473588354,91.34928520174422,73.51501798440488,58.477126374097935,712.7401500451285,679.75,646.7598499548715,-0.8563269888634295,-8.402309348495674,7.545982359632244
2023-05-25,2454,4795371,3412320191,708.0,718.0,706.0,708.0,-3.0,6765,707.6,694.5,682.7,81.1865729898518,87.68757047445574,68.20806117479732,56.688609458751536,714.7006249938936,682.7,650.6993750061065,0.36025097206083956,-6.649797284384372,7.010048256445211
2023-05-26,2454,11322817,8207870188,708.0,737.0,708.0,730.0,22.0,17632,714.0,700.2,686.1,80.57637262555308,83.23185011709603,80.34640963857355,65.11484813566805,722.6999999999977,686.1,649.5000000000024,3.064290673958112,-4.7069796927158745,7.771270366673987
2023-05-29,2454,10781343,8063584735,755.0,758.0,738.0,738.0,8.0,16109,720.6,706.0,689.75,78.35684891240457,80.0399315092697,83.08609435054586,67.58450320547954,731.4147332884774,689.75,648.0852667115226,5.786096244687201,-2.6083645052352593,8.39446074992246
2023-05-30,2454,18933732,14459869753,759.0,773.0,757.0,763.0,25.0,27159,730.0,714.3,694.35,84.09277964833531,81.00866706209753,88.78555085432033,73.82149565468048,745.8680550875115,694.35,642.8319449124886,9.846928572242064,-0.11730588973979428,9.964234461981858
2023-05-31,2454,12616197,9562099509,757.0,767.0,748.0,759.0,-4.0,16745,739.6,721.7,698.3,82.35917857738484,81.60293571270813,83.53135976694904,71.45260365608287,756.4931267419115,698.3,640.1068732580884,12.59718833232364,2.4255929546728927,10.171595377650746
2023-06-01,2454,6475068,4868929695,755.0,761.0,748.0,748.0,-11.0,12824,747.6,727.6,702.3,79.01555717820789,81.82250513464255,70.2024320921138,65.2514829574863,762.5730453851496,702.3,642.0269546148503,13.730899673329645,4.6866542984042425,9.044245374925403
2023-06-02,2454,6602831,4982214698,754.0,762.0,750.0,751.0,3.0,9224,751.8,732.9,706.1,72.6182507809015,77.9976621788313,71.64220336223072,66.11519770468645,768.5528622242398,706.1,643.6471377757603,14.701973804621161,6.6897181996476265,8.012255604973536
2023-06-05,2454,5479487,4171283712,757.0,767.0,757.0,759.0,8.0,7792,756.0,738.3,710.3,71.75925925925937,74.46435573945614,75.34799097261018,68.37280379658827,775.0768477158333,710.3,645.5231522841666,15.933419647603273,8.538458489238756,7.3949611583645165
2023-06-06,2454,4539092,3442249836,760.0,764.0,752.0,757.0,-2.0,7935,754.8,742.4,714.3,75.37313432835832,73.25021478950629,72.58155202561811,67.1679618623951,780.2275359770117,714.3,648.3724640229882,16.557106052815925,10.14218800195419,6.4149180508617345
2023-06-07,2454,5460461,4177283567,759.0,769.0,756.0,768.0,11.0,8339,756.6,748.1,719.3,82.99421694944095,76.70887017901943,77.80944858944085,70.27091748381308,785.5905724820669,719.3,653.009427517933,17.734557156013125,11.660661832765978,6.073895323247147
2023-06-08,2454,7438271,5720311094,770.0,775.0,763.0,768.0,0.0,10465,760.6,754.1,724.3,83.16939212461614,80.51224780080503,77.80944858944083,70.2709174838131,789.4340156907275,724.3,659.1659843092724,18.45495836614191,13.019521139441164,5.435437226700746
2023-06-09,2454,4669885,3571523667,768.0,770.0,761.0,764.0,-4.0,6631,763.2,757.5,728.85,77.54934421601102,81.23765109668926,71.099607890734,67.57742342009443,791.6871705282771,728.85,666.012829471723,18.48997403372266,14.113611718297463,4.376362315425197
2023-06-12,2454,3946889,3026933470,769.0,769.0,763.0,767.0,3.0,6807,764.8,760.4,733.2,70.23690357023703,76.98521330362128,73.12728792067075,68.55105016105668,793.9177074666005,733.2,672.4822925333996,18.54601224583041,15.000091823804052,3.5459204220263594
2023-06-13,2454,7414411,5756670843,770.0,782.0,768.0,779.0,12.0,10937,769.2,762.0,738.15,73.60203340595511,73.79609373073428,79.75565095224198,72.15322324335376,796.8194980377357,738.15,679.4805019622643,19.33583121832703,15.867239702708648,3.4685915156183817
2023-06-14,2454,5431002,4232561467,781.0,782.0,776.0,780.0,1.0,7425,771.6,764.1,742.9,85.09894698620202,76.31262798746461,80.22975363441985,72.43655507006683,798.910356185264,742.9,686.8896438147359,19.814055983464527,16.656602958859825,3.1574530246047026
2023-06-15,2454,8544438,6586645202,777.0,779.0,765.0,766.0,-14.0,16254,771.2,765.9,746.75,77.1977124183008,78.63289760348586,58.03192856705789,62.80248162845717,797.7749938755491,746.75,695.7250061244509,18.846123181410235,17.094507003369905,1.7516161780403294
2023-06-16,2454,10727794,8094227601,760.0,765.0,751.0,751.0,-15.0,21009,768.6,765.9,749.4,46.80555555555569,69.70073832001938,43.11923672675665,54.44695766507791,795.2667635657917,749.4,703.5332364342082,16.676419439841652,17.010889490664255,-0.3344700508226026
2023-06-19,2454,20318537,15909363580,769.0,793.0,764.0,785.0,34.0,26282,772.2,768.5,753.4,42.53968253968268,55.51431683784627,66.13339671875728,65.61424692331352,796.9770581843294,753.4,709.8229418156706,17.49871514727556,17.108454621986517,0.39026052528904387
2023-06-20,2454,28362644,20011729130,708.0,725.0,691.0,691.0,0.0,65729,754.6,761.9,752.15,26.98412698412712,38.77645502645505,28.690720092482984,37.929479438512494,801.0551122072164,752.15,703.2448877927835,10.444972865096702,15.775758270608554,-5.330785405511852
2023-06-21,2454,17552774,12120655715,689.0,696.0,683.0,693.0,2.0,26228,737.2,754.4,751.25,30.01443001443015,33.179413179413196,29.679000138159207,38.523821437363054,803.6861516513161,751.25,698.8138483486839,4.959049733872803,13.612416563261403,-8.6533668293886
2023-06-26,2454,4807895,3300325080,688.0,690.0,685.0,685.0,-8.0,11779,721.0,746.1,750.1,3.636363636363775,20.211640211640226,27.87609571685171,36.99776296879242,807.0908764628161,750.1,693.1091235371839,-0.0337282149080238,10.883187607627518,-10.916915822535541
2023-06-27,2454,4722955,3225501069,680.0,688.0,680.0,681.0,-4.0,9347,707.0,737.8,747.65,3.931348887101238,12.527380845964933,26.92209418686734,36.22507213783796,811.6664822526225,747.65,683.6335177473775,-4.264152782016481,7.853719529698718,-12.1178723117152
2023-06-28,2454,6520526,4516514229,692.0,697.0,685.0,695.0,14.0,7311,689.0,730.6,745.5,5.325824617860156,4.297845713774934,35.882153517982964,40.87905110951343,813.4367352762841,745.5,677.5632647237159,-6.4131845336597735,5.000338717027019,-11.413523250686794
2023-06-29,2454,5304709,3709769079,704.0,705.0,695.0,696.0,1.0,8091,690.0,722.3,742.15,9.43952802359896,6.232233842853329,36.53064995903745,41.209071978827694,812.8557989135265,742.15,671.4442010864734,-7.944042065190388,2.4114625605835376,-10.355504625773925
2023-06-30,2454,5442323,3747464516,692.0,692.0,686.0,688.0,-8.0,9006,689.0,713.1,738.6,11.504424778761203,8.75659247340665,33.37965777398692,39.31817432777146,812.617295276169,738.6,664.5827047238311,-9.691078113367553,-0.009045574206680396,-9.682032539160872
2023-07-03,2454,3088086,2141017531,692.0,698.0,690.0,691.0,3.0,6300,690.2,705.6,735.75,10.32448377581135,10.422812192723717,35.802290165377855,40.4221910872127,812.4412641700462,735.75,659.0587358299538,-10.710082674037722,-2.1492529941728886,-8.560829679864833
2023-07-04,2454,3880537,2709906033,696.0,702.0,691.0,700.0,9.0,6626,694.0,700.5,733.2,20.419534578826752,14.082814377799645,43.05061640679846,43.729708439031334,811.0757985512809,733.2,655.3242014487192,-10.66844712841987,-3.853091821022285,-6.815355307397586
2023-07-05,2454,3803541,2658944163,703.0,703.0,696.0,697.0,-3.0,8183,694.4,691.7,730.1,40.726319239593714,23.823445864743814,41.2398564709467,42.87525626026989,808.554827767322,730.1,651.6451722326781,-10.753565180959527,-5.233186493009733,-5.520378687949793
2023-07-06,2454,4539581,3143104928,692.0,699.0,688.0,690.0,-7.0,10016,693.2,691.6,726.75,50.81481481481495,37.32022287774501,37.00301521842497,40.86864657518883,806.0415506217397,726.75,647.4584493782603,-11.256109920915605,-6.437771178590908,-4.8183387423246975
2023-07-07,2454,4819527,3290322779,686.0,686.0,680.0,682.0,-8.0,13453,692.0,690.5,722.45,38.666666666666806,43.40260024035836,32.54494120157742,38.64277011314747,801.6547347069585,722.45,643.2452652930416,-12.159743436027497,-7.582165630078226,-4.5775778059492715
2023-07-10,2454,6111018,4140939458,680.0,686.0,673.0,673.0,-9.0,19401,688.4,689.3,717.7,16.00000000000014,35.1604938271605,28.101327397163317,36.250749089171165,796.8027180316818,717.7,638.5972819683183,-13.447094555433978,-8.755151415149376,-4.691943140284602
2023-07-11,2454,3472971,2373320268,682.0,687.0,676.0,686.0,13.0,6472,685.6,689.8,713.8,16.20833333333347,23.625000000000004,41.55013953847141,41.8500241922107,791.0569737952511,713.8,636.5430262047488,-13.265422702485353,-9.657205672616572,-3.608217029868781
2023-07-12,2454,4353464,2980969593,689.0,689.0,680.0,685.0,-1.0,7308,683.2,688.8,709.7,26.87500000000014,19.694444444444446,40.86416325229138,41.54771925559716,783.8703444780983,709.7,635.5296555219018,-13.051686376642465,-10.33610181342175,-2.7155845632207143
2023-07-13,2454,5685109,3901937367,692.0,693.0,680.0,680.0,-5.0,10157,681.2,687.2,704.75,34.652777777777914,25.912037037037038,37.2744130891698,39.99218580389154,772.7143288791989,704.75,636.7856711208011,-13.134352373470506,-10.895751925431501,-2.238600448039005
2023-07-14,2454,6182648,4283678268,686.0,698.0,685.0,692.0,12.0,8640,683.2,687.6,700.35,42.22222222222236,34.583333333333336,49.65716823737246,45.28664313837995,759.0160890123053,700.35,641.6839109876947,-12.092174993509957,-11.135036539047192,-0.9571384544627648
2023-07-17,2454,4524171,3093727632,692.0,692.0,681.0,683.0,-9.0,11559,685.2,686.8,696.2,40.00000000000014,38.958333333333336,42.34303900691987,42.27409554661156,746.9054237730029,696.2,645.4945762269972,-11.855800408144773,-11.27918931286671,-0.5766110952780643
2023-07-18,2454,4934643,3365994070,680.0,686.0,678.0,683.0,0.0,9675,684.6,685.1,692.8,45.04273504273518,42.421652421652425,42.34303900691987,42.27409554661156,737.0610438195968,692.8,648.5389561804031,-11.535497808121931,-11.330451011917754,-0.20504679620417754
2023-07-19,2454,6475653,4500608421,690.0,699.0,689.0,696.0,13.0,9525,686.8,685.0,688.35,53.41880341880355,46.15384615384615,55.29027584096566,48.061974400988696,701.8299851631953,688.35,674.8700148368048,-10.116052776102606,-11.087571364754725,0.9715185886521187
2023-07-20,2454,2629394,1820754106,697.0,697.0,689.0,692.0,-4.0,7055,689.2,685.2,688.4,66.6666666666668,55.04273504273504,51.16580195023851,46.51651645356817,701.9262707351273,688.4,674.8737292648726,-9.20775763390975,-10.71160861858573,1.5038509846759798
2023-07-21,2454,11982886,8058873925,677.0,683.0,652.0,682.0,-10.0,25941,687.2,685.2,687.85,75.12274959083483,65.06940655876825,42.0227520308222,42.810317530326806,701.4775456337424,687.85,674.2224543662577,-9.18891947254599,-10.407070789377782,1.2181513168317917
2023-07-24,2454,7662267,5203894459,679.0,690.0,673.0,675.0,-7.0,14516,685.6,685.4,687.35,61.947626841243995,67.91234769958173,36.67118382075043,40.38470630331813,702.0506802563647,687.35,672.6493197436354,-9.627847756690699,-10.251226182840366,0.6233784261496673
2023-07-25,2454,7473142,5014321171,675.0,679.0,665.0,665.0,-10.0,23685,682.0,683.3,686.55,46.808510638298,61.292962356792124,30.250541494936805,37.14668671640083,704.0254112970299,686.55,669.07458870297,-10.659739172967079,-10.332928780865709,-0.3268103921013701
2023-07-26,2454,7778681,5120489517,665.0,670.0,654.0,655.0,-10.0,31645,673.8,680.3,684.55,27.659574468085236,45.471903982542266,25.11944309123461,34.194126647747474,706.3259041144145,684.55,662.7740958855854,-12.144443397423402,-10.695231704177248,-1.4492116932461538
2023-07-27,2454,4857149,3194902005,658.0,661.0,654.0,658.0,3.0,9381,667.0,678.1,682.65,15.602836879432752,30.02364066193852,29.315755883669002,35.841672947081825,706.6189382326427,682.65,658.6810617673573,-12.929958748237596,-11.142177112989318,-1.7877816352482778
2023-07-28,2454,4310361,2845151777,660.0,666.0,655.0,658.0,0.0,7692,662.2,674.7,681.15,10.638297872340553,17.966903073286037,29.31575588366901,35.841672947081825,707.2519156385175,681.15,655.0480843614824,-13.398041045904051,-11.593349899572264,-1.8046911463317876
2023-07-31,2454,17202994,11887601735,691.0,698.0,684.0,690.0,32.0,20590,665.2,675.4,681.1,35.46099290780155,20.567375886524804,61.02585850985086,51.013755760219745,707.1299827122459,681.1,655.0700172877541,-11.059381409649518,-11.486556201587714,0.42717479193819585
2023-08-01,2454,14701465,10393991697,700.0,715.0,695.0,713.0,23.0,24975,674.8,678.4,681.75,63.48080603399765,36.526698938046444,71.6795448362052,58.59303803761479,710.1744612965656,681.75,653.3255387034344,-7.266307547516817,-10.642506470773535,3.3761989232567178
2023-08-02,2454,9248789,6575616534,712.0,720.0,704.0,709.0,-4.0,14747,685.6,679.7,682.35,87.16666335564973,62.036154099149506,67.91290084164075,56.94293661924501,712.4914996309077,682.35,652.2085003690923,-4.530807427070727,-9.420166662032972,4.889359234962246
2023-08-04,2454,7295888,5138768846,710.0,711.0,699.0,706.0,-3.0,9436,695.2,681.1,683.15,86.47893500834691,79.0421347993313,64.92754325114358,55.67650275345441,714.8692370652275,683.15,651.4307629347725,-2.575292433250297,-8.051191816276438,5.475899383026141
2023-08-07,2454,5595685,3951754578,709.0,712.0,703.0,706.0,0.0,5678,704.8,683.5,684.35,80.4664289958409,84.70400911994572,64.92754325114358,55.67650275345441,717.5841691636751,684.35,651.1158308363249,-1.0138457294509635,-6.643722598911343,5.62987686946038
2023-08-08,2454,5805650,4031912974,705.0,705.0,690.0,690.0,-16.0,13125,704.8,685.0,685.2,70.70707070707084,79.21747823708608,49.220829930568605,48.943541150002176,718.0974163119197,685.2,652.3025836880804,-1.0552895287025876,-5.526035984869592,4.470746456167005
2023-08-09,2454,3247603,2265532667,689.0,702.0,686.0,701.0,11.0,4922,702.4,688.6,685.95,68.18181818181831,73.11843929490988,57.47256105985969,53.13920980690385,719.5623489211863,685.95,652.3376510788138,-0.19824077280350139,-4.460476942456374,4.262236169652873
2023-08-10,2454,4544788,3158102399,702.0,703.0,688.0,693.0,-8.0,8516,699.2,692.4,686.35,61.40637140637154,66.76508676508676,50.508423022315455,49.92585980748665,720.0977406651159,686.35,652.6022593348841,-0.16268131136916963,-3.6009178162389333,3.4382365048697636
2023-08-11,2454,5202231,3539258825,688.0,689.0,675.0,679.0,-14.0,16950,693.8,694.5,686.3,46.18751618751633,58.591901925235256,40.49110821955944,44.81821986597015,720.0881636079874,686.3,652.5118363920125,-1.2497765331926303,-3.1306895596296727,1.8809130264370424
2023-08-14,2454,3774054,2529763269,672.0,673.0,666.0,672.0,-7.0,10963,687.0,695.9,685.3,26.1538461538463,44.58257791591125,36.29236273499976,42.478220579065166,719.5350697385045,685.3,651.0649302614954,-2.6456514046134316,-3.0336819286264243,0.38803052401299265
2023-08-15,2454,2827119,1924022667,682.0,684.0,676.0,678.0,6.0,4985,684.6,694.7,685.05,14.074074074074218,28.805145471812143,42.27788589355355,45.12299953793965,719.4213543521364,685.05,650.6786456478635,-3.2305032109446756,-3.0730461850900745,-0.15745702585460108
2023-08-16,2454,6070735,4187226900,698.0,698.0,683.0,689.0,11.0,7762,682.2,692.3,685.35,27.777777777777924,22.66856600189934,51.93648924845016,49.69006217041861,719.7492732481345,685.35,650.9507267518655,-2.774412709227704,-3.0133194899176003,0.23890678068989635
2023-08-17,2454,4930026,3330214464,680.0,681.0,673.0,674.0,-15.0,13198,678.4,688.8,684.25,29.87117552334958,23.907675791733766,41.01741631786275,44.27849880528255,718.6236817929073,684.25,649.8763182070927,-3.5820408037886864,-3.1270637526918175,-0.4549770510968689
2023-08-18,2454,3292501,2218441454,670.0,679.0,669.0,674.0,0.0,5772,677.4,685.6,683.35,29.30137495354901,28.983442751558698,41.01741631786275,44.27849880528255,717.8073649601914,683.35,648.8926350398086,-4.173976880110899,-3.336446378175634,-0.8375305019352655
2023-08-21,2454,2756277,1845868466,678.0,679.0,667.0,669.0,-5.0,5450,676.8,681.9,682.7,15.337410989585047,24.83665382216107,37.44562118236759,42.48960715997777,717.7205653866403,682.7,647.6794346133598,-4.989038172043024,-3.666964736949112,-1.322073435093912
2023-08-22,2454,3767273,2543062818,675.0,682.0,668.0,672.0,3.0,5631,675.6,680.1,682.55,14.94571494571509,19.86150029628291,41.03960927288521,43.952732477906395,717.7265546920122,682.55,647.3734453079877,-5.33144758114031,-3.9998613057873516,-1.3315862753529584
2023-08-23,2454,2124750,1427851493,672.0,676.0,670.0,671.0,-1.0,3835,672.0,677.1,682.85,13.316441441441588,14.533189125580435,40.142694912447475,43.55495863098453,717.5214580022224,682.85,648.1785419977776,-5.618731903582557,-4.323635425346392,-1.2950964782361645
2023-08-24,2454,6428618,4426048032,682.0,692.0,680.0,691.0,20.0,8416,675.4,676.9,684.65,36.65540540540555,21.63918726418727,60.35799391605343,52.76264639486706,717.0121692721618,684.65,652.2878307278381,-4.184339484942257,-4.2957762372655655,0.11143675232330885
2023-08-25,2454,5811245,4025113887,692.0,695.0,687.0,694.0,3.0,7410,679.4,678.4,686.45,60.28225806451627,36.751368303787665,62.570166247795264,53.97544946183843,716.6127253410531,686.45,656.287274658947,-2.7735267411649147,-3.991326338045435,1.2177995968805204
2023-08-28,2454,6133086,4316285594,700.0,709.0,698.0,701.0,7.0,9647,685.8,681.3,688.6,82.05805171530993,59.66523839507712,67.50629165943434,56.764803456966874,716.3805687486778,688.6,660.8194312513223,-1.0781774206423052,-3.408696554564809,2.330519133922504
2023-08-29,2454,5358981,3794022630,714.0,716.0,702.0,710.0,9.0,8187,693.4,684.5,689.6,85.26808572891537,75.86946516958038,72.87251844780496,60.1120304149162,718.9080193803669,689.6,660.2919806196331,0.980323356640497,-2.530892572323748,3.511215928964245
2023-08-30,2454,4407859,3116618557,714.0,715.0,702.0,709.0,-1.0,7479,701.0,686.5,689.4,84.80725623582781,84.04446456001756,71.34516836657404,59.56027501607073,718.115152794301,689.4,660.6848472056989,2.502165009991586,-1.5242810558606812,4.026446065852268
2023-08-31,2454,6359299,4497912808,705.0,714.0,704.0,705.0,-4.0,5942,703.8,689.6,689.2,83.67346938775525,84.58293711749933,64.98865261584382,57.29487125861466,717.4177249260064,689.2,660.9822750739937,3.346888071619901,-0.5500472303645646,3.8969353019844655
2023-09-01,2454,3098361,2194233690,707.0,712.0,701.0,710.0,5.0,5086,707.0,693.2,689.4,83.58843537414981,84.02305366591081,69.01460307790374,59.37493975517521,718.1429991476211,689.4,660.6570008523788,4.369427358404323,0.4338476873892131,3.93557967101511
2023-09-04,2454,2522028,1790655792,713.0,713.0,705.0,711.0,1.0,5126,709.0,697.4,689.65,84.72715173025746,83.99635216405402,69.82424780546707,59.79670801726714,719.0457479918457,689.65,660.2542520081543,5.200540163054143,1.387186182522199,3.813353980531944
2023-09-05,2454,5279205,3777301172,712.0,718.0,711.0,718.0,7.0,10046,710.6,702.0,691.05,92.21014492753638,86.84191067731439,75.13111854987329,62.714800630042625,722.9402806510105,691.05,659.1597193489894,6.350836062274993,2.3799161584727577,3.9709199038022356
2023-09-06,2454,3242836,2316021848,721.0,722.0,712.0,712.0,-6.0,5168,711.2,706.1,691.6,86.85300207039353,87.93009957606229,63.8943186178906,58.776753212451915,724.5205103241092,691.6,658.6794896758909,6.70105836437358,3.2441445996529223,3.4569137647206576
2023-09-07,2454,3316214,2370553657,709.0,718.0,708.0,717.0,5.0,5156,713.6,708.7,692.8,83.5317460317462,87.53163100989188,68.47788648372787,60.97586649268566,727.5367240827393,692.8,658.0632759172606,7.297944118275723,4.054904503377482,3.2430396148982403
2023-09-08,2454,4521206,3191658625,705.0,710.0,701.0,709.0,-8.0,7898,713.4,710.2,694.3,62.89682539682556,77.76052449965495,55.35933808922704,55.84279600683395,729.114364851312,694.3,659.485635148688,7.044245559443766,4.652772714590739,2.391472844853027
2023-09-11,2454,2183539,1555111730,715.0,715.0,708.0,714.0,5.0,3750,714.0,711.5,696.4,59.72222222222239,68.71693121693123,60.83083937869325,58.21062236832945,730.6426634478111,696.4,662.1573365521889,7.1640629784848215,5.1550307673695555,2.009032211115266
2023-09-12,2454,7009423,5054812986,710.0,729.0,709.0,728.0,14.0,13900,716.0,713.3,698.9,65.47619047619064,62.69841269841271,72.02977340365402,64.0271736450204,734.6709379245227,698.9,663.1290620754772,8.293104398206651,5.782645493536974,2.510458904669677
2023-09-13,2454,9660616,7101607140,739.0,744.0,729.0,732.0,4.0,12945,720.0,715.6,701.05,76.80878552971592,67.3357327427095,74.46350384476983,65.5045074879344,739.2676660721231,701.05,662.8323339278768,9.402261015957833,6.506568598021146,2.8956924179366874
2023-09-14,2454,5768123,4216460010,735.0,735.0,725.0,733.0,1.0,9076,723.2,718.4,704.0,80.98006644518289,74.42168081702965,75.09553786358273,65.88174561544854,742.5175284773062,704.0,665.4824715226938,10.243882172133794,7.254031312843676,2.9898508592901187
2023-09-15,2454,17615207,13290100894,741.0,763.0,737.0,763.0,30.0,28624,734.0,723.7,708.45,82.17054263565907,79.9864648701858,86.65540138192107,74.78908161681626,752.2745365063868,708.45,664.6254634936133,13.179694962047847,8.43916404268451,4.740530919363337
2023-09-18,2454,12668690,9868737755,751.0,792.0,750.0,782.0,19.0,23002,747.6,730.8,714.1,87.80986455405076,83.65349121163074,90.0633595267232,78.59971835920851,764.7316106794938,714.1,663.4683893205063,16.84530674945006,10.12039258403762,6.724914165412439
2023-09-19,2454,6470728,5000886964,782.0,782.0,764.0,773.0,-9.0,11800,756.6,736.3,719.15,89.37728937728953,86.45256552233296,78.92460008333335,72.9731263034986,772.073624214524,719.15,666.226375785476,18.807306790868324,11.857775425403762,6.949531365464562
2023-09-20,2454,5579484,4230842020,765.0,766.0,751.0,759.0,-14.0,11814,762.0,741.0,723.55,77.28937728937744,84.82551040690574,64.45714716181176,65.15918263138249,774.3180017333789,723.55,672.781998266621,19.013348911171875,13.288890122557385,5.7244587886144895
2023-09-21,2454,5238125,3925948016,752.0,762.0,744.0,746.0,-13.0,11237,764.6,743.9,726.3,62.69841269841286,76.45502645502644,53.777797516117445,58.8568104453825,775.6562559357984,726.3,676.9437440642015,17.92106454490056,14.21532500702602,3.705739537874539
2023-09-22,2454,7898746,5831361888,735.0,748.0,728.0,746.0,0.0,11960,761.2,747.6,728.9,51.1842240757905,63.72400468786009,53.777797516117445,58.8568104453825,776.6279792155499,728.9,681.1720207844501,16.861057539475496,14.744471513515915,2.116586025959581
2023-09-25,2454,4731685,3575077564,741.0,762.0,741.0,755.0,9.0,6826,755.8,751.7,731.6,44.864175964697615,52.91560424630015,60.019644446466515,61.82173173248911,778.8160989494036,731.6,684.3839010505965,16.556367634490243,15.106850737710781,1.4495168967794623
2023-09-26,2454,3992725,2957669856,748.0,755.0,736.0,737.0,-18.0,11763,748.6,752.6,732.95,35.75496013906388,43.93445339318382,45.63907465461243,53.51541001896168,779.1516233481017,732.95,686.7483766518984,14.693076482328252,15.024095886634274,-0.33101940430602284
2023-09-27,2454,3938690,2882112327,728.0,737.0,728.0,737.0,0.0,7050,744.2,753.1,734.35,25.583022388059863,35.40071949727361,45.639074654612415,53.51541001896168,779.2422042230057,734.35,689.4577957769943,13.0657905200095,14.63243481330932,-1.5666442932998201
2023-09-28,2454,4663792,3426158618,739.0,741.0,730.0,735.0,-2.0,5288,742.0,753.3,735.85,14.30348258706484,25.213821704729355,44.043150942829826,52.60461986815289,778.6765104812413,735.85,693.0234895187588,11.482409318534565,14.002429714354369,-2.520020395819804
2023-10-02,2454,3984135,2963606586,747.0,748.0,740.0,745.0,10.0,5116,741.8,751.5,737.6,18.827160493827325,19.571221822983834,53.52352136371561,56.583400216744884,778.8911612818042,737.6,696.3088387181958,10.908735621441338,13.383690895771762,-2.4749552743304246
2023-10-03,2454,10858690,8412345746,767.0,784.0,766.0,772.0,27.0,17368,745.2,750.5,740.65,40.33013668430351,24.486926588398386,69.69614520572787,65.10191682306937,782.6370218043642,740.65,698.6629781956358,12.488806250539938,13.204713966725397,-0.715907716185459
2023-10-04,2454,8115420,6289880396,771.0,783.0,764.0,780.0,8.0,12101,753.8,751.2,743.75,67.63668430335112,42.264660493827144,72.94992899904884,67.15803559631603,787.6994027263149,743.75,699.8005972736851,14.222607384442881,13.408292650268894,0.8143147341739869
2023-10-05,2454,6094736,4776226228,783.0,786.0,776.0,786.0,6.0,10710,763.6,753.9,747.45,90.47619047619064,66.14767048794825,75.27303820665688,68.6499070518192,792.529818100786,747.45,702.3701818992141,15.897550069017143,13.906144134018543,1.9914059349985997
2023-10-06,2454,3120332,2453114600,790.0,790.0,781.0,786.0,0.0,6465,773.8,757.9,750.9,95.46850998463918,84.5271282547268,75.27303820665688,68.6499070518192,796.6860240684898,750.9,705.1139759315101,17.028658439335686,14.530646995081971,2.4980114442537147
2023-10-11,2454,14131456,11419057143,790.0,816.0,790.0,814.0,28.0,23063,787.6,764.7,756.15,97.09188660801583,94.34552902294838,84.00076046828819,74.83647634441317,805.4583157286887,756.15,706.8416842713112,19.95441390395183,15.615400376855943,4.339013527095888
2023-10-12,2454,7541921,6127982884,817.0,819.0,805.0,815.0,1.0,10182,796.2,770.7,761.2,95.62668514281437,96.06236057848963,84.23264814907566,75.0260270207344,812.8395197498937,761.2,709.5604802501064,22.09904381037245,16.912129063559245,5.186914746813205
2023-10-13,2454,10447476,8708648285,820.0,842.0,818.0,842.0,27.0,21252,808.6,781.2,766.9,97.77722277722296,96.8319315093509,89.17486823722295,79.5132309056309,827.0827217729471,766.9,706.7172782270528,25.681314605313105,18.665966171910018,7.015348433403087
2023-10-16,2454,5985812,5027107296,838.0,849.0,832.0,840.0,-2.0,10897,819.4,791.5,772.3,95.78250495681705,96.3954709589513,86.82300978179168,78.3896666917472,838.1060787465748,772.3,706.4939212534251,28.035728309550905,20.539918599438195,7.4958097101127095
2023-10-17,2454,8686799,7270589119,845.0,854.0,820.0,825.0,-15.0,24047,827.2,800.5,776.9,86.50696568127778,93.35556447177242,70.54373032440165,70.35945638124265,843.9250699365533,776.9,709.8749300634466,28.364277755212356,22.104790430593027,6.259487324619329
2023-10-18,2454,7906890,6428956499,800.0,822.0,800.0,813.0,-12.0,11466,827.0,807.3,779.4,71.32178049609259,84.53708371139562,60.037236454036766,64.65342315592173,847.878901860353,779.4,710.9210981396469,27.341183699759426,23.15206908442631,4.189114615333118
2023-10-19,2454,7862713,6526116271,811.0,838.0,811.0,830.0,17.0,10621,830.0,813.1,781.8,63.81766381766399,73.88213666501129,67.93122111779373,68.54522534293689,853.7516504327767,781.8,709.8483495672232,27.584159198196517,24.03848710718035,3.545672091016165
2023-10-20,2454,8706294,7196195716,831.0,837.0,812.0,828.0,-2.0,9166,827.2,817.9,784.55,62.686258439683264,65.94190091781311,66.13805691497996,67.60218582274686,859.1032695460126,784.55,709.9967304539873,27.300631065083735,24.690915898761027,2.609715166322708
2023-10-23,2454,5392858,4423551151,825.0,829.0,816.0,821.0,-7.0,6999,823.4,821.4,787.65,60.68394362486845,62.39595529407173,59.702876475791776,64.26938356477271,862.8491356333312,787.65,712.4508643666687,26.208970777715308,24.994526874551884,1.2144439031634242
2023-10-24,2454,5162297,4198669990,821.0,823.0,804.0,816.0,-5.0,8898,821.6,824.4,791.15,47.48356375782191,56.95125527412437,55.225079478267794,61.92113344368329,864.768679694762,791.15,717.531320305238,24.65614325025888,24.926850149693283,-0.27070689943440485
2023-10-25,2454,6590507,5423652068,818.0,832.0,816.0,822.0,6.0,8185,823.4,825.2,794.95,39.60262345679029,49.25671027982671,59.479779811230706,63.63806557279242,866.6757973117055,794.95,723.2242026882946,23.637191275753025,24.668918374905232,-1.0317270991522065
2023-10-26,2454,5768583,4702033952,815.0,817.0,811.0,817.0,-5.0,7126,820.8,825.4,798.05,33.950617283950784,40.345601499520825,54.44948462794655,61.16313900198062,867.9369801894487,798.05,728.1630198105512,22.17063697919434,24.169262095763052,-1.9986251165687108
2023-10-27,2454,7422025,5983780231,824.0,824.0,800.0,801.0,-16.0,13768,815.4,821.3,801.25,24.69135802469152,32.74819958847736,41.38336367595868,53.93464485724997,865.277728368261,801.25,737.222271631739,19.492617094663274,23.233933095543097,-3.7413160008798236
2023-10-30,2454,16750720,14151297863,819.0,864.0,818.0,857.0,56.0,25868,822.6,823.0,807.25,40.79861111111128,33.146862139917694,70.3936698520323,68.13105373373406,868.4998979590971,807.25,746.0001020409029,21.639551748154076,22.915056826065292,-1.275505077911216
2023-10-31,2454,12015011,10190091698,860.0,861.0,834.0,842.0,-15.0,15665,827.8,824.7,812.6,52.179783950617455,39.22325102880658,60.964782077306026,62.568811522074206,865.84058602232,812.6,759.35941397768,21.878437282961386,22.70773291744451,-0.8292956344831239
2023-11-01,2454,6970553,5891819996,854.0,856.0,832.0,846.0,4.0,9019,832.6,828.0,817.65,75.5208333333335,56.16640946502057,62.52637588370173,63.42629770695646,862.8352852154322,817.65,772.4647147845677,22.135359712990294,22.593258276553666,-0.4578985635633721
2023-11-02,2454,10079016,8749273451,863.0,877.0,855.0,868.0,22.0,16158,842.8,831.8,822.45,75.27056277056295,67.65706001817112,70.18086191465251,67.79598986837073,867.6140343636347,822.45,777.2859656363654,23.83938315859143,22.84248325296122,0.9968999056302117
2023-11-03,2454,5808935,5051786196,872.0,876.0,864.0,870.0,2.0,8826,856.6,836.0,826.95,83.69859307359324,78.16332972582973,70.8131737571039,68.1683244843217,872.2334406819909,826.95,781.6665593180091,25.062314540089915,23.28644951038696,1.7758650297029561
2023-11-06,2454,7492650,6620945849,879.0,890.0,873.0,882.0,12.0,12011,861.6,842.1,831.75,90.11063011063028,83.02659531826198,74.58554987834586,70.38105715072197,878.9638750792593,831.75,784.5361249207407,26.6921061975022,23.967580847810005,2.7245253496921933
2023-11-07,2454,7289254,6483453992,890.0,899.0,879.0,888.0,6.0,12458,870.8,849.3,836.85,90.30303030303048,88.0374178290845,76.36734369488661,71.44970528453086,885.2164139667193,836.85,788.4835860332807,28.14345742541775,24.802756163331555,3.3407012620861956
2023-11-08,2454,9834316,8929972964,898.0,916.0,895.0,914.0,26.0,20422,884.4,858.5,841.85,92.75862068965534,91.05742703443853,82.55174451260274,75.56405414327129,899.5155009516094,841.85,784.1844990483906,31.03390687833837,26.048986306332917,4.9849205720054535
2023-11-09,2454,6965311,6304354543,913.0,913.0,899.0,905.0,-9.0,12204,891.8,867.3,846.35,91.98008705397886,91.68057934888806,74.66138021174797,71.71163117527827,908.7816426181465,846.35,783.9183573818535,32.22689255366538,27.28456755579941,4.9423249978659705
2023-11-10,2454,7983550,7111530507,900.0,904.0,884.0,884.0,-21.0,18990,894.6,875.6,848.45,82.98537805926986,89.2413619343012,59.246023429663744,63.56798947778785,912.946434009948,848.45,783.9535659900521,31.11909623030442,28.05147329070041,3.0676229396040107
2023-11-13,2454,9776090,8937264362,909.0,925.0,905.0,906.0,22.0,12956,899.4,880.5,851.75,76.75005486065412,83.90517332463412,67.45806464406172,67.70555556308193,920.7742710935805,851.75,782.7257289064195,31.651516817639163,28.771481996088163,2.880034821551
2023-11-14,2454,4874889,4426154989,916.0,917.0,902.0,905.0,-1.0,7906,902.8,886.8,855.75,70.96774193548406,76.90105828513585,66.74484553589652,67.3312378266648,927.334565375506,855.75,784.165434624494,31.62818232831296,29.342822062533124,2.285360265779836
2023-11-15,2454,8644081,7873232495,925.0,925.0,900.0,908.0,3.0,12797,901.6,893.0,860.5,74.37653714755795,74.03144464789854,67.93153031757979,67.9045167264388,932.7121873370423,860.5,788.2878126629577,31.488781434073758,29.77201393684125,1.7167674972325067
2023-11-16,2454,8055932,7233028077,914.0,914.0,891.0,893.0,-15.0,15230,899.2,895.5,863.65,60.67375247703135,68.67267718669095,56.227354257951944,62.04212752319162,935.7617882180151,863.65,791.5382117819848,29.824136500591976,29.782438449591396,0.041698051000579994
2023-11-17,2454,4982028,4484268169,896.0,905.0,893.0,904.0,11.0,7695,903.2,898.9,867.45,54.98017069649305,63.34348677369395,61.8508066520245,64.46493658523535,939.6565786476522,867.45,795.2434213523479,29.057544185179268,29.637459596708972,-0.5799154115297043
2023-11-20,2454,7092656,6472936322,920.0,924.0,904.0,912.0,8.0,9815,904.4,901.9,872.0,53.700682491774934,56.45153522176628,65.60050540907118,66.15682015903265,943.3890747943963,872.0,800.6109252056037,28.76397420375713,29.462762518118602,-0.6987883143614724
2023-11-21,2454,9993957,9260452191,922.0,934.0,915.0,926.0,14.0,17737,908.6,905.7,877.5,68.88016967126212,59.1870076198432,71.34989871957487,68.9435090997659,947.7239275461001,877.5,807.2760724538999,29.322983771545864,29.434806768804055,-0.11182299725819078
2023-11-22,2454,6698496,6278262700,928.0,942.0,925.0,942.0,16.0,13145,915.4,908.5,883.5,84.09756097560995,68.89280437954883,76.57100323087064,71.80125579167866,954.2347156635262,883.5,812.7652843364738,30.70314244976737,29.68847390499672,1.0146685447706503
2023-11-23,2454,5460045,5121695328,951.0,951.0,929.0,930.0,-12.0,10785,922.8,911.0,889.15,83.00000000000018,78.65924354895725,66.04038487402005,66.83401890654305,955.6609765377146,889.15,822.6390234622853,30.47730503299192,29.84624013059576,0.6310649023961616
2023-11-24,2454,4669666,4404099015,935.0,950.0,932.0,945.0,15.0,9720,931.0,917.1,896.35,85.00000000000018,84.03252032520327,71.71354304353882,69.65954675687563,953.6746020483341,896.35,839.0253979516659,31.14962836705115,30.10691777788684,1.0427105891643116
2023-11-27,2454,6360969,5983434367,946.0,951.0,931.0,931.0,-14.0,9994,934.8,919.6,900.05,73.88888888888908,80.62962962962963,60.67621006174559,64.16506376097075,956.2797963716749,900.05,843.820203628325,30.204586781290686,30.126451578567607,0.07813520272307883
2023-11-28,2454,5755130,5385881213,929.0,942.0,925.0,942.0,11.0,8131,938.0,923.3,905.05,80.55555555555576,79.81481481481484,65.53818338315152,66.40710189361965,957.3930033528841,905.05,852.7069966471158,29.99745064679132,30.10065139221235,-0.1032007454210273
2023-11-29,2454,5410850,5106200641,941.0,949.0,936.0,948.0,6.0,7406,939.2,927.3,910.15,82.16475095785461,78.86973180076632,68.05185319892635,67.59793869284,958.1844667920864,910.15,862.1155332079136,29.971945690738607,30.0749102519176,-0.10296456117899311
2023-11-30,2454,7863209,7428850143,949.0,953.0,939.0,945.0,-3.0,7856,942.2,932.5,914.0,87.83368519821742,83.5179972372091,65.27450430658642,66.33180010442322,960.2125524073286,914.0,867.7874475926714,29.37108630134412,29.934145461802906,-0.5630591604587849
2023-12-01,2454,3529034,3331470185,942.0,947.0,938.0,947.0,2.0,5430,942.6,936.8,917.85,87.57052730348057,85.85632115318403,66.34287753447404,66.77854527077498,961.5181806353286,917.85,874.1818193646715,28.725158445820398,29.692348058606406,-0.967189612786008
2023-12-04,2454,5265906,4928215841,945.0,946.0,930.0,933.0,-14.0,12031,943.0,938.9,920.4,65.48514142499124,80.29645130889624,53.02095464895152,60.706209156223636,961.2626969251937,920.4,879.5373030748062,26.774928263335255,29.108864099552175,-2.33393583621692
2023-12-05,2454,5372126,4971556739,925.0,933.0,921.0,929.0,-4.0,10932,940.4,939.2,922.45,45.92731829573953,66.32766234140361,49.69465739710895,59.053926786522496,960.6310162253387,922.45,884.2689837746614,24.622754436449895,28.211642166931718,-3.5888877304818223
2023-12-06,2454,3170413,2944814959,925.0,933.0,925.0,927.0,-2.0,5388,936.2,937.7,923.1,24.107142857143042,45.17320085929109,47.94024940512874,58.20095250842182,961.1257807283422,923.1,885.0742192716579,22.49643301155163,27.0686003358557,-4.572167324304068
2023-12-07,2454,3086422,2884241837,933.0,943.0,927.0,931.0,4.0,5037,933.4,937.8,924.4,25.000000000000185,31.67815371762741,51.90231663450877,59.46209211255158,961.6311697371993,924.4,887.1688302628006,20.8932303793772,25.83352634456,-4.9402959651827985
2023-12-08,2454,5198667,4898086203,941.0,946.0,937.0,943.0,12.0,7305,932.6,937.6,927.35,39.58333333333352,29.563492063492074,62.01929504127587,63.06263983230619,960.427333628935,927.35,894.272666371065,20.35632540682593,24.738086157013186,-4.381760750187254
2023-12-11,2454,5744574,5392243514,942.0,944.0,932.0,941.0,-2.0,7747,934.2,938.6,929.1,54.166666666666856,39.58333333333334,59.58238182340834,62.07307571739115,961.1618152948326,929.1,897.0381847051674,19.544148286943027,23.699298582999155,-4.155150296056128
2023-12-12,2454,4720019,4442843877,950.0,950.0,935.0,939.0,-2.0,6770,936.2,938.3,930.8,62.50000000000019,52.08333333333334,56.9707499270843,61.041545404327245,961.1288641396329,930.8,900.471135860367,18.525557685474155,22.664550403494154,-4.138992718019999
2023-12-13,2454,6227011,5917664618,944.0,955.0,939.0,955.0,16.0,10682,941.8,939.0,933.15,72.91666666666686,63.19444444444446,69.46333846075628,65.92069495629185,963.3312855922366,933.15,902.9687144077634,18.792752425799335,21.89019080795519,-3.097438382155854
2023-12-14,2454,6861135,6607614587,961.0,969.0,953.0,966.0,11.0,11144,948.8,941.1,936.8,83.33333333333353,72.91666666666669,75.23118158939639,68.81256914499356,964.2051090127461,936.8,909.3948909872538,19.665423491002343,21.44523734456462,-1.7798138535622776
2023-12-15,2454,12593164,12463941697,975.0,998.0,971.0,996.0,30.0,19497,959.4,946.0,941.4,97.05086580086599,84.43362193362195,84.52906111088086,75.03469503287545,975.343482437725,941.4,907.4565175622749,22.51819514048043,21.659828903747783,0.8583662367326461
2023-12-18,2454,4945844,4894059697,995.0,997.0,981.0,989.0,-7.0,9332,969.0,951.6,945.25,92.9412767597701,91.10849196465637,76.69201587271442,71.452587471316,982.3060386441928,945.25,908.1939613558072,23.938250476789676,22.115513218356163,1.8227372584335129
2023-12-19,2454,5132438,5059593551,977.0,994.0,977.0,992.0,3.0,8525,979.6,957.9,948.55,92.20770868465273,94.06661708176277,77.7246372192381,72.06802786730846,989.6910986727422,948.55,907.4089013272577,25.017345108065797,22.69587959629809,2.3214655117677054
2023-12-20,2454,6529930,6440079225,993.0,995.0,983.0,983.0,-9.0,9439,985.2,963.5,950.6,85.49775197469602,90.21557913970611,67.29046587101487,67.37529466693121,994.241264876262,950.6,906.958735123738,24.859742951851217,23.128652267408718,1.7310906844424991
2023-12-21,2454,4676270,4562342050,972.0,983.0,972.0,976.0,-7.0,10425,987.2,968.0,952.9,78.49622990468079,85.40056352134299,59.98355541678353,63.8906329026328,996.8039861516072,952.9,908.9960138483927,23.894559006647683,23.28183361525651,0.612725391391173
2023-12-22,2454,3389702,3344436145,980.0,990.0,979.0,990.0,14.0,5936,986.0,972.7,955.15,77.08032708032725,80.35810298656783,68.072947144757,67.50993782851707,1001.7344394621244,955.15,908.5655605378755,23.982867209047754,23.42204033401476,0.5608268750329941
2023-12-25,2454,3423982,3403659385,991.0,998.0,987.0,995.0,5.0,6827,987.2,978.1,958.35,82.96116940184754,79.512575462285,70.55324358151306,68.71595863643776,1006.6212129534764,958.35,910.0787870465236,24.177605917947517,23.57315345080131,0.6044524671462064
2023-12-26,2454,3482709,3484499316,999.0,1005.0,995.0,1000.0,5.0,9289,988.8,984.2,961.25,90.86715230783045,83.6362162633349,73.00033360185732,69.91846913276954,1012.1415513616964,961.25,910.3584486383036,24.45351110676711,23.74922498199447,0.70428612477264
2023-12-27,2454,8968047,9314288250,1010.0,1050.0,1010.0,1040.0,40.0,17974,1000.2,992.7,965.85,90.88054725793427,88.23628965587056,84.79423561740447,77.40205365317154,1026.7639557080295,965.85,904.9360442919706,27.581886840380548,24.515757353671685,3.0661294867088635
2023-12-28,2454,5646158,5832760119,1045.0,1055.0,1025.0,1025.0,-15.0,9573,1010.0,998.6,969.85,80.52726974108721,87.42498976895045,71.18942081835303,70.33560936252884,1035.1133894308255,969.85,904.5866105691745,28.521988775942305,25.317003638125808,3.2049851378164966
2023-12-29,2454,5190939,5276242225,1025.0,1030.0,1010.0,1015.0,-10.0,9454,1015.0,1000.5,973.25,67.66814091810296,79.69198597237461,63.29126639516094,66.00902479605226,1040.453794535726,973.25,906.0462054642738,28.13577816960526,25.8807585444217,2.255019625183561
2024-01-02,2454,10668557,10539569604,1010.0,1015.0,980.0,981.0,-34.0,33320,1012.2,999.7,975.65,42.168674698795364,63.45469511932831,43.949695677160236,53.87463632615332,1040.3130497270276,975.65,910.9869502729723,24.800305151311477,25.664667865799654,-0.8643627144881769
2024-01-03,2454,13403900,12879381226,976.0,977.0,953.0,953.0,-28.0,36634,1002.8,995.8,976.85,20.883534136546363,43.573449917814706,33.974402191276454,46.322491860221476,1038.8412090541851,976.85,914.8587909458149,19.670800021294326,24.46589429689859,-4.795094275604264
2024-01-04,2454,9628243,8961976323,940.0,947.0,922.0,928.0,0.0,26322,980.4,990.3,976.9,5.1182172298217194,22.72347535505429,27.477869437114943,40.82037747727709,1038.731707076549,976.9,915.068292923451,13.433486315197797,22.259412700558432,-8.825926385360635
2024-01-05,2454,5851876,5418281372,929.0,935.0,921.0,921.0,-7.0,14629,959.6,984.8,976.4,1.503759398496418,9.168503588287974,25.86238351669054,39.4088975654014,1039.848877058623,976.4,912.9511229413771,7.835209350988862,19.37457203064452,-11.539362679655657
2024-01-08,2454,6035931,5581861138,930.0,936.0,918.0,920.0,-1.0,13205,940.6,977.8,975.25,1.990377403362598,2.8707846772267196,25.61142461344346,39.200364735695,1041.8349081999804,975.25,908.6650918000196,3.2800327055147136,16.155664165618557,-12.875631460103843
2024-01-09,2454,5893697,5489896904,938.0,940.0,926.0,928.0,8.0,9566,930.0,971.1,974.6,2.9197080291972575,2.1379482770185656,31.789093902092556,41.8512749459183,1042.7451392250377,974.6,906.4548607749623,0.3119594624165529,12.986923224978156,-12.674963762561603
2024-01-10,2454,4380442,4054858477,935.0,935.0,922.0,924.0,-4.0,8327,924.2,963.5,973.85,4.379562043795797,3.096549158785025,30.320274706908645,40.89125734320482,1043.8507857098753,973.85,903.8492142901248,-2.3360974598103894,9.922319088020448,-12.258416547830837
2024-01-11,2454,7008030,6482779978,932.0,937.0,920.0,920.0,-4.0,11674,922.6,951.5,972.1,4.488182134167712,3.929150735720063,28.769430253528665,39.905460299273784,1045.5626435680051,972.1,898.6373564319948,-4.703252057454733,6.997204858925411,-11.700456916380144
2024-01-12,2454,4936513,4561920934,920.0,929.0,916.0,926.0,6.0,9685,923.6,941.6,970.1,5.4220954768401795,4.76327988493437,34.62148289199309,42.1580191519611,1046.2469631699116,970.1,893.9530368300884,-6.025629567774899,4.392637973585348,-10.418267541360247
2024-01-15,2454,4413758,4080345389,935.0,935.0,919.0,922.0,-4.0,9604,924.0,932.3,966.4,7.240929986831804,5.717069199279706,32.54206199325147,41.05322383398236,1044.3240656023552,966.4,888.4759343976448,-7.312100499589519,2.0516902789503746,-9.363790778539894
2024-01-16,2454,11367477,10254923229,915.0,917.0,895.0,895.0,-27.0,37490,917.4,923.7,961.7,6.645691891593709,6.436239118421706,22.092596729567717,34.484080541296926,1044.7737022167623,961.7,878.6262977832378,-10.390536694035859,-0.4367551156468723,-9.953781578388988
2024-01-17,2454,12081845,10707584168,890.0,903.0,879.0,879.0,-16.0,30859,908.4,916.3,956.05,3.278688524590342,5.721770134338427,18.079055379187096,31.288918273799187,1045.256445955438,956.05,866.8435540445619,-13.960359505137376,-3.141475993544973,-10.818883511592404
2024-01-18,2454,6915744,6173380276,884.0,897.0,884.0,897.0,18.0,11614,903.8,913.2,951.75,9.83606557377067,6.586815329984714,33.85153747476713,38.223708199280466,1043.5974278355152,951.75,859.9025721644847,-15.162239377024434,-5.545628670240866,-9.616610706783568
2024-01-19,2454,9409813,8600857759,920.0,920.0,907.0,920.0,23.0,13964,902.6,913.1,948.95,32.24043715847012,15.118397085610184,48.60326133762235,45.75708299244723,1041.0835443798828,948.95,856.8164556201172,-14.096336263807416,-7.255770188954176,-6.84056607485324
2024-01-22,2454,9745086,9050768641,928.0,943.0,920.0,922.0,2.0,15392,902.6,913.3,945.55,54.63627049180346,32.23759107468123,49.740342574299085,46.369526748394485,1036.3827584079681,945.55,854.7172415920318,-12.941040818821989,-8.392824314927738,-4.548216503894251
2024-01-23,2454,6388646,5841194585,918.0,922.0,909.0,911.0,-11.0,14619,905.8,911.6,941.35,61.46687158469964,49.447859744990886,43.556999228212966,43.462900110111306,1030.3989191399871,941.35,852.3010808600129,-12.76591144376141,-9.267441740694473,-3.498469703066938
2024-01-24,2454,8378719,7791599313,916.0,936.0,915.0,936.0,25.0,13468,917.2,912.8,938.15,68.75000000000018,61.6177140255009,57.549407289159674,50.98317581176507,1023.0411656181033,938.15,853.2588343818967,-10.488919352830521,-9.511737263121683,-0.9771820897088386
2024-01-25,2454,9340986,8802170010,939.0,950.0,933.0,943.0,7.0,16055,926.4,915.1,933.3,76.40111502347436,68.87266220272454,60.72959373578934,52.87338218204825,1004.3101401209743,933.3,862.2898598790256,-8.027014787539088,-9.214792768005164,1.1877779804660769
2024-01-26,2454,5458694,5095110405,936.0,939.0,928.0,936.0,-7.0,10429,929.6,916.1,928.85,86.49501173708938,77.21537558685445,55.848396859177484,50.76516877699078,986.1466840227264,928.85,871.5533159772737,-6.565100785814479,-8.684854371567027,2.119753585752548
2024-01-29,2454,7208528,6734392277,945.0,945.0,926.0,938.0,2.0,10747,932.8,917.7,925.0,84.5070422535213,82.46772300469483,57.00043990507788,51.36188908211924,966.9046536795139,925.0,883.0953463204861,-5.185366445023874,-7.9849567862583966,2.7995903412345227
2024-01-30,2454,9996375,9570984605,938.0,973.0,938.0,963.0,25.0,21404,943.2,924.5,924.1,84.0481088779872,85.01672095619911,68.85266569066192,58.18422648557762,961.7079778770392,924.1,886.4920221229609,-2.0509835119825084,-6.798162131403219,4.74717861942071
2024-01-31,2454,9456227,9151346526,976.0,977.0,958.0,966.0,3.0,14915,949.2,933.2,924.75,85.38278359294361,84.64597824148386,70.00995273053564,58.92871956857271,964.7093543491383,924.75,884.7906456508617,0.6674188829870218,-5.30504592852517,5.972464811512192
2024-02-01,2454,17458860,16288251640,951.0,951.0,922.0,930.0,-36.0,37516,946.6,936.5,924.85,67.9773707235705,79.13608773150025,46.053921978149695,47.906255575795676,964.8513749763664,924.85,884.8486250236336,-0.08217945580304331,-4.260472633980745,4.178293178177702
2024-02-02,2454,8662912,8069772997,931.0,936.0,926.0,936.0,6.0,10936,946.6,938.1,925.6,51.62464985994416,68.32826805881923,49.419311610070515,49.5983698922583,965.846242060598,925.6,885.353757939402,-0.1899026049314898,-3.446358628170894,3.256456023239404
2024-02-05,2454,5880641,5499992171,929.0,940.0,928.0,937.0,1.0,9041,946.4,939.6,926.45,35.357368753953374,51.653129779155826,50.02551635450031,49.89051425040004,966.904789580467,926.45,885.9952104195331,-0.19236487157127158,-2.7955598768509695,2.603195005279698
2024-02-15,2454,12555654,12162095404,983.0,983.0,951.0,972.0,35.0,20065,948.2,945.7,928.65,52.38565547847926,46.455891364125414,66.44619763035023,58.8753113085773,973.7244938962154,928.65,883.5755061037845,2.599920986435336,-1.7164637041937083,4.316384690629045
2024-02-16,2454,4761127,4617210037,976.0,977.0,963.0,970.0,-2.0,9390,949.0,949.1,930.95,65.3798695575535,51.040964596661865,65.02186629888017,58.23276801495235,979.4081262534932,930.95,882.4918737465069,4.598436447991162,-0.45348367375673404,5.051920121747896
2024-02-19,2454,4384732,4207695206,973.0,973.0,951.0,963.0,-7.0,14307,955.6,951.1,933.1,75.95628415300564,64.57393639634596,59.7885858443544,55.93195204603341,983.2114757316141,933.1,882.988524268386,5.55341652245238,0.747896365485089,4.805520156967291
2024-02-20,2454,8929345,8723625360,960.0,985.0,960.0,982.0,19.0,16007,964.8,955.7,935.9,80.37991152745269,73.9053550793371,67.95568639697225,60.49454533635181,990.195119486013,935.9,881.6048805139869,7.75400300218746,2.1491176928255635,5.604885309361896
2024-02-21,2454,5894546,5774043213,972.0,986.0,972.0,981.0,-1.0,9239,973.6,960.0,938.85,84.87956999739805,80.40525522595193,67.11862979406172,60.14161086130898,996.1327199074909,938.85,881.5672800925091,9.309972432154382,3.5812886406913274,5.728683791463054
2024-02-22,2454,11143348,11182372563,988.0,1020.0,988.0,1015.0,34.0,27457,982.2,965.2,944.85,94.10785147392308,86.45577766625775,77.9112328919972,67.1574328705341,1007.4000599520078,944.85,882.2999400479922,13.135190960679438,5.49206910468895,7.643121855990488
2024-02-23,2454,24851080,26426454270,1035.0,1100.0,1010.0,1100.0,85.0,45703,1008.2,978.6,955.9,95.69515306122467,91.56085817751507,88.71486588138964,77.71718239700634,1041.7554599312132,955.9,870.0445400687868,22.763095039031782,8.946274291557517,13.816820747474265
2024-02-26,2454,12802833,14099735320,1090.0,1120.0,1060.0,1115.0,15.0,21866,1038.6,997.1,966.8,97.43126417233577,95.74475623582765,89.74728568239031,79.00035614735174,1072.9350083619943,966.8,860.6649916380056,31.243497436156417,13.405718920477298,17.83777851567912
2024-02-27,2454,17764235,20091190478,1125.0,1160.0,1105.0,1115.0,0.0,25231,1065.2,1015.0,976.55,91.95491095162164,95.0271093950605,89.74728568239031,79.00035614735174,1098.365393115978,976.55,854.7346068840221,37.53163609559988,18.230902355501815,19.300733740098064
2024-02-29,2454,9629679,10913144214,1115.0,1145.0,1110.0,1140.0,25.0,12969,1097.0,1035.3,987.45,88.76511828814478,92.71709780403387,91.50938733529101,81.10369989736553,1125.6953977534138,987.45,849.2046022465863,44.02483150005742,23.389688184412936,20.63514331564448
2024-03-01,2454,12340648,13885865445,1165.0,1165.0,1095.0,1105.0,-35.0,19824,1115.0,1048.6,997.15,80.28737945117696,87.0024695636476,71.4517491684804,70.4629578562642,1139.7336947199797,997.15,854.5663052800204,45.818362583321004,27.87542306419455,17.942939519126455
2024-03-04,2454,12662274,14412286170,1115.0,1155.0,1105.0,1150.0,45.0,18174,1125.0,1066.6,1007.85,85.02538855375603,84.69262876435907,78.51544226703001,75.00378219024041,1162.1124711328057,1007.85,853.5875288671944,50.291147761566776,32.35856800366899,17.932579757897784
2024-03-05,2454,8791366,10110507669,1150.0,1160.0,1130.0,1155.0,5.0,11614,1133.0,1085.8,1018.45,86.48806550047988,83.93361116847076,79.18312796062979,75.45529256325722,1182.2699926748862,1018.45,854.6300073251139,53.62120853926285,36.61109611078776,17.01011242847509
2024-03-06,2454,10101276,11900123883,1145.0,1200.0,1140.0,1190.0,35.0,18023,1148.0,1106.6,1031.15,94.26153284897809,88.59166230107115,83.39696677667945,78.39694481015613,1206.4158266747954,1031.15,855.8841733252048,58.41118540453158,40.971113969536525,17.440071434995055
2024-03-07,2454,15486926,19124067055,1220.0,1260.0,1215.0,1230.0,40.0,27116,1166.0,1131.5,1045.75,92.700557239222,91.15005186289314,86.92570513729156,81.17390886186226,1235.5876938334418,1045.75,855.9123061665581,64.68924493823761,45.714740163276744,18.974504774960863
2024-03-08,2454,16879880,20901360710,1260.0,1275.0,1195.0,1230.0,0.0,29378,1191.0,1153.0,1059.1,87.4509287699285,91.47100628604268,86.92570513729154,81.17390886186224,1260.9552947039053,1059.1,857.2447052960945,68.87075317759991,50.34594276614138,18.52481041145853
2024-03-11,2454,5890017,7194112840,1235.0,1245.0,1205.0,1225.0,-5.0,13988,1206.0,1165.5,1072.05,79.7639965546944,86.63849418794813,83.8921159856082,79.68888909355272,1281.4438633293728,1072.05,862.6561366706272,70.96315133462053,54.46938447983721,16.493766854783324
2024-03-12,2454,5763673,6982065633,1200.0,1225.0,1190.0,1215.0,-10.0,10293,1218.0,1175.5,1086.3,72.65288544358329,79.9559369227352,77.57515791994126,76.66793436680338,1293.8688801338,1086.3,878.7311198662,70.9960769410086,57.77472297207149,13.221353968937109
2024-03-13,2454,7058092,8664872625,1245.0,1260.0,1210.0,1215.0,0.0,10150,1223.0,1185.5,1100.25,68.5185185185187,73.64513350559861,77.57515791994126,76.66793436680337,1302.9841855731302,1100.25,897.5158144268698,70.21280125437806,60.2623386285328,9.950462625845262
2024-03-14,2454,13127561,15362729390,1220.0,1230.0,1140.0,1150.0,-65.0,29288,1207.0,1186.5,1110.9,53.26797385620933,64.81312593943692,46.55859597634727,59.62764929006021,1300.1415387804657,1110.9,921.6584612195345,63.61379265369169,60.93262943356458,2.681163220127111
2024-03-15,2454,8765752,9952629412,1135.0,1150.0,1120.0,1135.0,-15.0,12868,1188.0,1189.5,1119.05,34.27155808560001,52.01935015344248,42.03384390773914,56.50643499119893,1297.387292790937,1119.05,940.712707209063,56.52210451749943,60.050524450351546,-3.528419932852117
2024-03-18,2454,6022543,6998166230,1135.0,1180.0,1135.0,1170.0,35.0,9226,1177.0,1191.5,1129.05,22.8020240354208,36.78051865907651,54.160881953761276,61.562292706927,1294.8214993598128,1129.05,963.2785006401872,53.11383484364501,58.66318652901024,-5.549351685365231
2024-03-19,2454,8911458,10275345250,1150.0,1165.0,1135.0,1150.0,-20.0,11577,1164.0,1191.0,1138.4,20.4301075268819,25.834563215967375,47.53153406270582,57.452451553792905,1285.7219603453568,1138.4,991.0780396546434,48.24281062801947,56.579111348812084,-8.336300720792615
2024-03-20,2454,6413758,7334841690,1145.0,1175.0,1120.0,1130.0,-20.0,14933,1147.0,1185.0,1145.8,19.3548387096776,20.862323423993235,41.5921280579928,53.598985776948425,1274.6667528884025,1145.8,1016.9332471115974,42.28126389921863,53.71954185889339,-11.438277959674764
2024-03-21,2454,6662414,7591384995,1160.0,1160.0,1125.0,1140.0,10.0,10301,1145.0,1176.0,1153.75,13.364055299539352,17.716333845366087,45.56032740333145,55.21638336893388,1258.290661945484,1153.75,1049.209338054516,37.926419437631466,50.56091737464101,-12.634497937009542
2024-03-22,2454,6420828,7221186772,1140.0,1145.0,1110.0,1125.0,-15.0,12312,1143.0,1165.5,1159.25,10.245775729646878,14.32155657962108,40.71907176501546,52.27302659460646,1243.6463861785562,1159.25,1074.8536138214438,32.885713156471866,47.02587653100718,-14.140163374535312
2024-03-25,2454,3339686,3757398540,1120.0,1140.0,1115.0,1120.0,-5.0,7196,1133.0,1155.0,1160.25,10.3174603174605,11.309097115548711,39.10319242070375,51.291540564530926,1242.254573043215,1160.25,1078.245426956785,28.16281549281166,43.25326432336807,-15.090448830556412
2024-03-26,2454,6780815,7730813565,1140.0,1170.0,1120.0,1130.0,10.0,9698,1129.0,1146.5,1161.0,11.111111111111294,10.558115719406025,44.264064999531065,53.18479123602082,1241.5977667184395,1161.0,1080.4022332815605,24.93931657692042,39.590474774078544,-14.651158197158125
2024-03-27,2454,6243784,7246200275,1135.0,1175.0,1125.0,1165.0,35.0,11039,1136.0,1141.5,1163.5,33.96825396825415,18.46560846560845,58.59308084448224,59.16707421821732,1241.2881739083775,1163.5,1085.7118260916225,24.921597294362755,36.656699278135385,-11.73510198377263
2024-03-28,2454,7545389,8765813082,1160.0,1180.0,1135.0,1160.0,-5.0,10171,1140.0,1142.5,1164.5,55.555555555555735,33.54497354497352,56.18564250250305,58.02632108942177,1241.564907707724,1164.5,1087.435092292276,24.224847459944385,34.17032891449718,-9.945481454552798
2024-03-29,2454,8549357,10121577230,1160.0,1200.0,1160.0,1195.0,35.0,13892,1154.0,1148.5,1169.0,81.48148148148165,57.00176366843031,67.19370439189557,63.352745220034066,1242.0479294709987,1169.0,1095.9520705290013,26.19491699183959,32.57524652996567,-6.380329538126077
2024-04-01,2454,5481587,6409200810,1190.0,1200.0,1155.0,1160.0,-35.0,10079,1162.0,1147.5,1169.5,73.80952380952398,70.28218694885358,51.96258146837911,55.735849380990864,1242.156727148971,1169.5,1096.843272851029,24.647878397263412,30.989772903425216,-6.341894506161804
2024-04-02,2454,4324010,5063537850,1170.0,1185.0,1160.0,1165.0,5.0,6086,1169.0,1149.0,1170.0,70.37037037037054,75.22045855379184,53.71132778055534,56.539730151271016,1242.3878442834155,1170.0,1097.6121557165845,23.5537840180682,29.50257512635381,-5.9487911082856115
2024-04-03,2454,4204622,4891943030,1150.0,1175.0,1140.0,1160.0,-5.0,5494,1168.0,1152.0,1168.5,57.40740740740758,67.19576719576716,51.52308357418074,55.45513917226248,1240.4096655533872,1168.5,1096.5903344466128,22.02930797718227,28.007921696519503,-5.978613719337233
2024-04-08,2454,4137606,4778797730,1175.0,1180.0,1145.0,1150.0,-10.0,7147,1166.0,1153.0,1164.5,52.61437908496749,60.13071895424833,47.05038279461858,53.25481915480816,1230.975559418481,1164.5,1098.024440581519,19.78615087418416,26.363567532052436,-6.577416657868277
2024-04-09,2454,3400861,3952733860,1160.0,1175.0,1150.0,1160.0,10.0,5240,1159.0,1156.5,1161.0,48.910675381263786,52.97748729121275,51.91984141129502,55.17037086261417,1220.2958683214945,1161.0,1101.7041316785055,18.60092920232887,24.811039866107723,-6.210110663778853
2024-04-10,2454,6687109,8011380680,1170.0,1215.0,1165.0,1195.0,35.0,12678,1166.0,1164.0,1159.5,56.3180827886712,52.61437908496729,65.04582253534372,61.16823822878168,1213.5277706369604,1159.5,1105.4722293630396,20.25238311523617,23.899308515933413,-3.646925400697242
2024-04-11,2454,6406311,7726137125,1205.0,1230.0,1185.0,1200.0,5.0,9361,1173.0,1171.0,1158.75,65.39961013645241,56.8761227687956,66.5670338336616,61.95140981820153,1210.0213370217707,1158.75,1107.4786629782293,21.71432127360822,23.462311067468374,-1.7479897938601532
2024-04-12,2454,5339872,6300724555,1190.0,1200.0,1165.0,1180.0,-20.0,9369,1177.0,1172.5,1157.0,63.54775828460057,61.755150403241196,55.3298662684159,56.99936546793821,1202.5411901469429,1157.0,1111.4588098530571,21.016816169499407,22.97321208787458,-1.956395918375172
2024-04-15,2454,9660747,10847625695,1160.0,1160.0,1110.0,1110.0,-70.0,25149,1169.0,1167.5,1155.0,37.621832358674645,55.52306692657567,32.75300276785334,43.80216914896168,1204.8998997994986,1155.0,1105.1001002005014,14.646784350958342,21.30792654049133,-6.661142189532988
2024-04-16,2454,13458990,14336452869,1065.0,1090.0,1055.0,1055.0,-55.0,23861,1148.0,1153.5,1151.0,14.814814814814994,38.66146848602987,23.83704739828264,36.6265828598226,1216.9241988953981,1151.0,1085.0758011046019,5.101639372318459,18.066669106856757,-12.965029734538298
2024-04-17,2454,8144332,8580285060,1065.0,1075.0,1045.0,1050.0,-5.0,19981,1119.0,1142.5,1145.0,0.9009009009010809,17.779182691463372,23.16814593117997,36.048433343362916,1223.549347546622,1145.0,1066.450652453378,-2.8337493074971007,13.886585423985984,-16.720334731483085
2024-04-18,2454,7339262,7647418425,1045.0,1060.0,1020.0,1050.0,0.0,11160,1089.0,1131.0,1140.0,5.662805662805842,7.126173792840439,23.16814593117997,36.048433343362916,1228.7130204648674,1140.0,1051.2869795351326,-9.01864073119873,9.305540192949042,-18.32418092414777
2024-04-19,2454,16604482,16532346800,1020.0,1030.0,970.0,993.0,-57.0,47696,1051.6,1114.3,1133.15,8.611523611523792,5.058410058410038,16.140328299875513,29.82418909358374,1242.621959880142,1133.15,1023.6780401198582,-18.308585399555113,3.7827150744482108,-22.091300474003326
2024-04-22,2454,9681250,9431274708,984.0,989.0,966.0,966.0,-27.0,28270,1022.8,1095.9,1124.45,7.71062271062289,7.328317328317308,13.823093020828663,27.409940861675828,1255.826519972178,1124.45,993.0734800278223,-27.532233383030416,-2.480274617047515,-25.051958765982903
2024-04-23,2454,6158115,6017378864,989.0,989.0,970.0,972.0,6.0,13064,1006.2,1077.1,1116.8,3.7062937062938865,6.676146676146657,16.915605787632806,28.78946622155074,1264.0203790241005,1116.8,969.5796209758993,-33.96634808936551,-8.777489311511115,-25.188858777854396
2024-04-24,2454,6424187,6461514898,995.0,1020.0,994.0,1010.0,38.0,11641,998.2,1058.6,1111.3,7.025382025382206,6.147432814099461,34.32868092945397,36.960588641023435,1265.676293516848,1111.3,956.9237064831518,-35.58890122863795,-14.139771694936481,-21.44912953370147
2024-04-25,2454,6733096,6652777384,996.0,1005.0,976.0,981.0,-29.0,20946,984.4,1036.7,1103.85,9.602701613011073,6.7781257815621885,28.930230674327973,33.77538724319378,1267.9710224194355,1103.85,939.7289775805643,-38.767951110077775,-19.06540757796474,-19.702543532113033
2024-04-26,2454,5856365,5854514360,991.0,1005.0,987.0,1005.0,24.0,9261,986.8,1019.2,1095.85,19.32899682317725,11.985693487189977,38.29865685861146,38.49903874837818,1262.8413470812195,1095.85,928.8586529187803,-38.90232977946698,-23.03279201826519,-15.86953776120179
2024-04-29,2454,8251393,8465365870,1055.0,1055.0,1005.0,1015.0,10.0,13519,996.6,1009.7,1088.6,28.045900035493304,18.992532823893676,42.01433368058434,40.406393742149014,1256.4098924378447,1088.6,920.790107562155,-37.76656002153027,-25.979545618918205,-11.787014402612062
2024-04-30,2454,6311140,6339892347,1015.0,1030.0,992.0,992.0,-23.0,10193,1000.6,1003.4,1078.45,34.68843860389281,27.35444515418759,36.16963568550994,37.52388925583929,1243.8289285247656,1078.45,913.0710714752346,-38.281081606947055,-28.439852816523974,-9.84122879042308
2024-05-02,2454,5508680,5527736060,990.0,1020.0,982.0,1000.0,8.0,7596,998.6,998.4,1070.45,36.93865003315462,33.224329557513386,39.580397553910586,39.14991684749395,1234.751521599769,1070.45,906.1484784002313,-37.60976852877559,-30.273835958974296,-7.335932569801294
2024-05-03,2454,6978404,7272376440,1040.0,1050.0,1030.0,1040.0,40.0,11528,1010.4,997.4,1064.2,49.669296358275744,40.4321283317742,53.93804377842729,46.62938654674813,1223.0591829262612,1064.2,905.3408170737389,-33.46432644725928,-30.911934056631292,-2.5523923906279897
2024-05-06,2454,4644236,4853920295,1060.0,1060.0,1035.0,1035.0,-5.0,7930,1016.4,1001.6,1057.95,64.52351227632145,50.37715288925042,52.13144404263368,45.87039522619805,1210.9695739113115,1057.95,904.9304260886886,-30.23397351789731,-30.776341948884497,0.5423684309871852
2024-05-07,2454,3238845,3381206020,1050.0,1055.0,1035.0,1045.0,10.0,5151,1022.4,1009.5,1052.7,79.17038226027009,64.45439696495556,55.60131736914794,47.703814526651016,1199.8177759483865,1052.7,905.5822240516135,-26.5608027211847,-29.93323410334454,3.3724313821598386
2024-05-08,2454,10343764,11216245790,1080.0,1100.0,1060.0,1095.0,50.0,16076,1043.0,1021.8,1049.45,83.44427376685461,75.7127227678152,68.79581654951107,55.77047701012406,1189.6519614698734,1049.45,909.2480385301267,-19.391671154288133,-27.82492151353326,8.433250359245125
2024-05-09,2454,7989043,8846473285,1100.0,1125.0,1090.0,1095.0,0.0,12021,1062.0,1030.3,1044.45,85.71052603310687,82.77506068674366,68.79581654951107,55.770477010124075,1169.8875940458038,1044.45,919.0124059541963,-13.553842477610942,-24.970705706348795,11.416863228737853
2024-05-10,2454,4664901,5100000162,1105.0,1105.0,1080.0,1095.0,0.0,6867,1073.0,1041.7,1039.2,84.66989999248084,84.60823326414724,68.79581654951109,55.77047701012406,1145.4837711035852,1039.2,932.9162288964149,-8.82558533801921,-21.741681632682877,12.916096294663667
2024-05-13,2454,4261629,4724340848,1115.0,1120.0,1100.0,1115.0,20.0,7002,1089.0,1052.7,1035.95,83.68298368298387,84.68780323619033,73.7507716883129,58.935010061997716,1127.809621161855,1035.95,944.0903788381453,-3.425092304572445,-18.07836376706079,14.653271462488345
2024-05-14,2454,7954993,9069865450,1115.0,1160.0,1110.0,1155.0,40.0,15381,1111.0,1066.7,1038.2,89.73966108797589,86.03084825448,80.84715401953734,64.41827311674678,1138.9761876635541,1038.2,937.4238123364461,4.035978787781232,-13.655495256092385,17.69147404387362
2024-05-15,2454,5734377,6654225685,1170.0,1175.0,1145.0,1155.0,0.0,10474,1123.0,1083.0,1043.2,92.13496693155759,88.51920390083892,80.84715401953734,64.41827311674678,1156.017729103186,1043.2,930.3822708968141,9.835553247171902,-8.957285555439526,18.792838802611428
2024-05-16,2454,10452836,12449974595,1180.0,1210.0,1175.0,1190.0,35.0,18225,1142.0,1102.0,1050.2,90.6564454530361,90.84369115752298,85.51194496076111,68.66431241159279,1179.940664404032,1050.2,920.459335595968,17.0593161057011,-3.7539652232114005,20.813281328912502
2024-05-17,2454,6555819,7683288345,1180.0,1185.0,1165.0,1165.0,-25.0,9273,1156.0,1114.5,1055.95,83.02134646962251,88.6042529514052,71.08441412855726,62.89127911175382,1195.0046295525592,1055.95,916.8953704474409,20.53024921587985,1.1028776646068499,19.427371551272998
2024-05-20,2454,6368808,7543295595,1165.0,1195.0,1165.0,1190.0,25.0,9769,1171.0,1130.0,1065.8,83.17460317460336,85.61746503242045,75.84004499621383,65.97227152669014,1213.2769134474966,1065.8,918.3230865525034,25.009980294044226,5.8842981904943255,19.1256821035499
2024-05-21,2454,3544126,4167145255,1180.0,1190.0,1165.0,1175.0,-15.0,6223,1175.0,1143.0,1076.25,78.00976800976821,81.40190588466449,68.0102797295994,62.61322035938976,1223.5780353496912,1076.25,928.921964650309,27.03814589324361,10.115067731044181,16.923078162199428
2024-05-22,2454,4592310,5397471790,1190.0,1190.0,1160.0,1185.0,10.0,7803,1181.0,1152.0,1086.9,80.17094017094037,80.45177045177043,70.38806421870173,63.931702493027196,1233.3361977108107,1086.9,940.4638022891895,29.116758304089444,13.915405845653234,15.20135245843621
2024-05-23,2454,6526951,7832960825,1195.0,1210.0,1185.0,1205.0,20.0,12386,1184.0,1163.0,1096.65,83.1002331002333,80.42698042698042,74.76475924075193,66.47795448292077,1247.21596560976,1096.65,946.0840343902402,32.00892747721241,17.534110171965068,14.474817305247342
2024-05-24,2454,4139304,4961445325,1190.0,1205.0,1190.0,1195.0,-10.0,6168,1190.0,1173.0,1107.35,87.07459207459226,83.44858844858844,68.83036552558886,64.04347934308657,1253.882283132424,1107.35,960.8177168675759,33.11237708604449,20.649763554780954,12.462613531263536
2024-05-27,2454,16451271,21168650020,1250.0,1310.0,1235.0,1285.0,90.0,25068,1209.0,1190.0,1121.35,88.43434343434363,86.20305620305619,82.99927024475399,73.46264641216534,1279.161628215416,1121.35,963.5383717845839,40.77904128571572,24.675619100967907,16.103422184747814
2024-05-28,2454,10732534,14035640030,1300.0,1320.0,1285.0,1310.0,25.0,19151,1236.0,1205.5,1136.1,87.86616161616182,87.79169904169903,85.18216857679846,75.39110013419668,1306.070468023127,1136.1,966.1295319768727,48.31527060129042,29.40354940103241,18.91172120025801
2024-05-29,2454,8661046,11218850545,1310.0,1315.0,1275.0,1290.0,-20.0,12262,1257.0,1219.0,1151.0,86.61616161616182,87.6388888888889,76.0663570114627,70.94915193817273,1320.0739483184798,1151.0,981.9260516815201,52.07368079894832,33.937575680615595,18.136105118332722
2024-05-30,2454,8581664,10994980566,1255.0,1300.0,1250.0,1290.0,0.0,11952,1274.0,1229.0,1165.5,85.41666666666686,86.63299663299664,76.0663570114627,70.94915193817273,1329.9658019163862,1165.5,1001.0341980836138,54.42487191336454,38.035034927165384,16.389836986199157
2024-05-31,2454,15194460,19025117175,1315.0,1315.0,1225.0,1235.0,-55.0,27519,1282.0,1236.0,1175.25,69.79166666666686,80.60816498316497,54.31119654247678,59.72591174945033,1331.7260365039963,1175.25,1018.7739634960036,51.259282365817626,40.67988441489583,10.579397950921795
2024-06-03,2454,6400731,8067525065,1265.0,1270.0,1240.0,1270.0,35.0,9607,1279.0,1244.0,1187.0,65.62500000000018,73.61111111111109,62.31338764468445,63.66492259543984,1334.627910640231,1187.0,1039.372089359769,50.986991040920884,42.74130574010084,8.245685300820043
2024-06-04,2454,7219004,8958813210,1260.0,1270.0,1220.0,1240.0,-30.0,14654,1265.0,1250.5,1196.75,52.1219135802471,62.512860082304506,53.02610138285198,58.39309891225025,1330.7005505774425,1196.75,1062.7994494225575,47.799446657700855,43.752933923620844,4.046512734080011
2024-06-05,2454,6012669,7387432500,1240.0,1245.0,1220.0,1230.0,-10.0,10115,1253.0,1255.0,1203.5,46.75332383665736,54.83341247230134,50.121054128756896,56.707460991512534,1329.6388124250423,1203.5,1077.3611875749577,43.95963898813875,43.794274936524424,0.16536405161432555
2024-06-06,2454,10328177,13199043800,1255.0,1300.0,1235.0,1290.0,60.0,16487,1253.0,1263.5,1213.25,47.16999050332402,48.68174264007595,63.94718637968844,63.51318928109295,1334.381127296001,1213.25,1092.118872703999,45.23660290528346,44.08274053027623,1.153862375007229
2024-06-07,2454,5092253,6515713395,1290.0,1290.0,1270.0,1275.0,-15.0,7503,1261.0,1271.5,1222.25,51.92307692307711,48.61546375435262,59.163893381826206,60.93421243064696,1333.2218432756706,1222.25,1111.2781567243294,44.52497517193228,44.17118745860744,0.3537877133248415
2024-06-11,2454,5846697,7399957718,1270.0,1280.0,1250.0,1270.0,-5.0,7806,1261.0,1270.0,1230.0,59.21052631578967,52.767864580730055,57.491513927414815,60.058778358671574,1331.1434624679223,1230.0,1128.8565375320777,43.06116455267488,43.94918287742093,-0.8880183247460494
2024-06-12,2454,8015243,10378757620,1270.0,1310.0,1265.0,1300.0,30.0,12230,1273.0,1269.0,1237.25,63.94736842105283,58.36032388663966,64.51322088879749,63.45163943625273,1336.621776677284,1237.25,1137.878223322716,43.816741252086786,43.9226945523541,-0.10595330026731631
2024-06-13,2454,13667003,18739524449,1340.0,1400.0,1325.0,1385.0,85.0,26043,1304.0,1278.5,1248.75,76.16959064327506,66.44249512670565,77.04642028293736,70.97482721100917,1359.91991499502,1248.75,1137.58008500498,50.69000799661649,45.276157241206576,5.413850755409911
2024-06-14,2454,6250845,8663526242,1395.0,1395.0,1365.0,1395.0,10.0,10388,1325.0,1289.0,1259.0,91.03313840155965,77.05003248862897,78.10766447226078,71.71255059347888,1383.6033707409233,1259.0,1134.3966292590767,56.29510293325234,47.479946379615726,8.815156553636612
2024-06-17,2454,4762970,6546247711,1375.0,1390.0,1365.0,1380.0,-15.0,9928,1346.0,1303.5,1269.75,92.5925925925928,86.59844054580896,72.26101563453821,68.88431851605307,1397.1264106889498,1269.75,1142.3735893110502,58.84843824904101,49.75364475350078,9.09479349554023
2024-06-18,2454,7868192,10966483070,1375.0,1405.0,1375.0,1405.0,25.0,11141,1373.0,1317.0,1280.5,95.37037037037057,92.99870045484079,75.78542076053529,70.94129604711054,1415.2182244538578,1280.5,1145.7817755461422,62.17257915743335,52.23743163428729,9.935147523146057
2024-06-19,2454,12145736,17823177737,1425.0,1485.0,1420.0,1485.0,80.0,20765,1410.0,1341.5,1296.0,96.29629629629649,94.75308641975306,83.57601488688954,76.33302088102072,1448.7285173109462,1296.0,1143.2714826890538,70.4502100211887,55.87998731166757,14.570222709521126
2024-06-20,2454,7215413,10698314079,1485.0,1500.0,1460.0,1500.0,15.0,11650,1433.0,1368.5,1311.75,100.00000000000018,97.22222222222219,84.65591296216606,77.18770647896886,1479.6569682889904,1311.75,1143.8430317110096,77.32926314782117,60.16984247889829,17.159420668922877
2024-06-21,2454,12105025,17867014186,1470.0,1495.0,1445.0,1490.0,-10.0,14988,1452.0,1388.5,1326.0,98.66666666666686,98.32098765432096,80.53724732098324,75.23701520827615,1503.3583942191628,1326.0,1148.6416057808372,81.03986872398264,64.34384772791516,16.696020996067475
2024-06-24,2454,9608976,13682863540,1455.0,1465.0,1405.0,1410.0,-80.0,26655,1458.0,1402.0,1336.75,85.90070921985834,94.85579196217492,55.386936354249826,61.78472590698539,1506.9638361003595,1336.75,1166.5361638996405,76.64174068565922,66.80342631946397,9.838314366195249
2024-06-25,2454,9815912,13570769694,1370.0,1400.0,1365.0,1385.0,-25.0,15893,1454.0,1413.5,1341.75,63.99594731509643,82.854441067207,49.72554777225264,58.27798352651872,1511.4637295565683,1341.75,1172.0362704434317,70.32820173044092,67.50838140165936,2.81982032878156
2024-06-26,2454,5222459,7379653738,1395.0,1430.0,1395.0,1405.0,20.0,8598,1438.0,1424.0,1346.5,41.87249052497297,63.92304901997571,54.10406092103045,60.22302625662057,1517.7045560141435,1346.5,1175.2954439858565,66.17567745805695,67.24184061293889,-1.0661631548819344
2024-06-27,2454,5022470,6999160075,1380.0,1410.0,1380.0,1395.0,-10.0,9074,1417.0,1425.0,1351.75,28.712522045855554,44.860319961974774,51.48826210961528,58.748291932572116,1522.1399938376665,1351.75,1181.3600061623335,61.370415678177324,66.06755562598657,-4.697139947809248
2024-06-28,2454,7091837,9894792705,1400.0,1405.0,1375.0,1400.0,5.0,8995,1399.0,1425.5,1357.25,25.925925925926105,32.170312832251334,52.81889834514535,59.285149092529686,1526.40894892083,1357.25,1188.09105107917,57.305091882793704,64.315062877348,-7.009970994554294
2024-07-01,2454,5231972,7460027114,1405.0,1440.0,1405.0,1415.0,15.0,8582,1400.0,1429.0,1366.25,28.395061728395245,27.67783656672543,56.951630539735234,60.927964578284474,1527.3982236948332,1366.25,1205.1017763051668,54.66354085355806,62.38475847259001,-7.721217619031947
2024-07-02,2454,5192639,7286044855,1410.0,1415.0,1390.0,1410.0,-5.0,9302,1405.0,1429.5,1373.25,32.09876543209895,28.806584362139898,55.07554128832673,60.05806187410838,1529.143393060771,1373.25,1217.356606939229,51.57214285796249,60.2222353496645,-8.650092491702011
2024-07-03,2454,6507165,9130555260,1430.0,1430.0,1390.0,1405.0,-5.0,10196,1405.0,1421.5,1381.5,33.71320037986723,31.402342513453604,53.03720990266757,59.14860275020077,1525.308900976261,1381.5,1237.691099023739,48.16353026474144,57.81049433267989,-9.646964067938448
2024-07-04,2454,7932727,10958285135,1380.0,1400.0,1375.0,1375.0,0.0,16077,1401.0,1409.0,1388.75,24.700854700854887,30.170940170940153,42.1241765629405,53.876905640177974,1514.8005850839256,1388.75,1262.6994149160744,42.55093030977059,54.75858152809803,-12.207651218327435
2024-07-05,2454,7046623,9519975049,1380.0,1385.0,1335.0,1350.0,-25.0,26077,1391.0,1395.0,1391.75,18.35164835164854,25.588567810790014,35.102128361490024,49.886709399149524,1510.9252910632065,1391.75,1272.5747089367935,35.67438128169056,50.94174147881653,-15.267360197125974
2024-07-08,2454,8013255,11168752895,1340.0,1420.0,1335.0,1420.0,70.0,14494,1392.0,1396.0,1399.0,35.07936507936527,26.04395604395603,57.982647943088814,59.03512626547981,1505.8924693325025,1399.0,1292.1075306674975,35.464271572719554,47.84624749759713,-12.38197592487758
2024-07-09,2454,9919314,14279252810,1450.0,1460.0,1415.0,1460.0,40.0,15342,1402.0,1403.5,1408.5,65.07936507936527,39.50345950345949,65.97899012401679,63.17238990354133,1500.5923449587424,1408.5,1316.4076550412576,38.08638765175715,45.894275528429134,-7.807887876671984
2024-07-10,2454,5691397,8156861700,1455.0,1460.0,1410.0,1435.0,-25.0,11159,1408.0,1406.5,1415.25,86.98412698412717,62.38095238095237,57.93891908009853,59.15141454918687,1493.2548075441507,1415.25,1337.2451924558493,37.712417199131096,44.25790386256953,-6.545486663438432
2024-07-11,2454,5549812,7946756116,1435.0,1460.0,1415.0,1420.0,-15.0,13294,1417.0,1409.0,1417.0,82.66666666666686,78.24338624338624,53.38513332677497,56.81472535928016,1493.7723908706769,1417.0,1340.2276091293231,35.79306807300941,42.564936704657505,-6.771868631648097
2024-07-12,2454,7528115,10276862370,1365.0,1385.0,1350.0,1360.0,-60.0,31771,1419.0,1405.0,1415.25,56.00000000000019,75.21693121693121,39.05897301973613,48.552580481638,1495.4668934826075,1415.25,1335.0331065173925,29.095081514674803,39.870965666660965,-10.775884151986162
2024-07-15,2454,3700301,5037115390,1370.0,1380.0,1350.0,1355.0,-5.0,8859,1406.0,1399.0,1414.0,34.666666666666856,57.77777777777777,38.06583328140948,47.9270961314573,1497.1023465372668,1414.0,1330.8976534627332,23.11694296880364,36.5201611270895,-13.40321815828586
2024-07-16,2454,5267624,7082595622,1355.0,1365.0,1325.0,1345.0,-10.0,13870,1383.0,1392.5,1411.0,16.93827160493846,35.86831275720164,35.93391357664492,46.63315763566634,1499.3515704444465,1411.0,1322.6484295555535,17.372054444616424,32.69053979059488,-15.31848534597846
2024-07-17,2454,6370105,8428658670,1335.0,1345.0,1305.0,1325.0,-20.0,22271,1361.0,1384.5,1403.0,14.572680207088998,22.059206159564578,31.780772047521005,44.07047443240385,1492.0730037665735,1403.0,1313.9269962334265,11.077659681283194,28.367963768732544,-17.29030408744935
2024-07-18,2454,10515746,13347681435,1270.0,1290.0,1250.0,1280.0,-45.0,34798,1333.0,1375.0,1392.0,14.001251635660426,15.170734482562432,24.38316056943647,38.8917291262822,1484.7038294786144,1392.0,1299.2961705213856,2.4301690868619517,23.180404832358427,-20.750235745496475
2024-07-19,2454,6157494,7796089535,1260.0,1285.0,1260.0,1260.0,-20.0,14466,1313.0,1366.0,1380.5,10.650281618023742,13.074737820257527,21.757166818179417,36.82076850617958,1478.627468121826,1380.5,1282.372531878174,-5.968066211751193,17.350710623536504,-23.318776835287697
2024-07-22,2454,7568809,9232979290,1255.0,1260.0,1195.0,1225.0,-35.0,22061,1287.0,1346.5,1371.25,10.122791254866916,11.591441502850167,17.83547688020624,33.462638522034844,1489.3548263196724,1371.25,1253.1451736803276,-15.271890833607586,10.826190332107686,-26.09808116571527
2024-07-23,2454,6609048,8329911690,1255.0,1275.0,1240.0,1275.0,50.0,11037,1273.0,1328.0,1365.75,15.423779574723161,12.065617482537746,36.81662513895691,41.64980479355692,1490.820979847445,1365.75,1240.679020152555,-18.398569487955456,4.981238368095057,-23.379807856050512
2024-07-26,2454,10546400,12871385040,1190.0,1255.0,1185.0,1245.0,-30.0,17501,1257.0,1309.0,1357.75,23.836477987421574,16.461016272337023,31.691758990031104,38.58225529322803,1491.8945116283182,1357.75,1223.6054883716818,-23.031738581955096,-0.6213570219149736,-22.410381560040122
2024-07-29,2454,5212301,6513230115,1265.0,1280.0,1230.0,1240.0,-5.0,9359,1249.0,1291.0,1350.0,29.4646024834706,22.908286681871584,30.856575657446715,38.078875066343784,1492.3024947075771,1350.0,1207.6975052924229,-26.79810481136269,-5.856706579804517,-20.941398231558175
2024-07-30,2454,4562729,5629625725,1230.0,1255.0,1210.0,1255.0,15.0,8805,1248.0,1280.5,1342.75,32.36467236467255,28.555250945188046,36.69556466713159,40.58338293858057,1488.8484257273158,1342.75,1196.6515742726842,-28.24698883940141,-10.334763031723895,-17.912225807677515
2024-07-31,2454,7646628,9292823670,1230.0,1235.0,1200.0,1220.0,-35.0,16827,1247.0,1267.0,1333.0,29.65633903133922,30.495204626493926,29.83658568406359,36.83921437891875,1484.4397569992768,1333.0,1181.5602430007232,-31.852274173740625,-14.638265260127241,-17.214008913613384
2024-08-01,2454,12859885,15332679225,1215.0,1235.0,1180.0,1180.0,-40.0,40958,1228.0,1250.5,1321.5,20.254629629629818,27.425213675213666,23.884153157304226,33.08270258193319,1482.4378762131525,1321.5,1160.5621237868475,-37.50482223712629,-19.21157665552705,-18.29324558159924
2024-08-02,2454,14592681,16212034200,1130.0,1140.0,1090.0,1090.0,-90.0,45587,1197.0,1227.0,1305.75,7.291666666666856,19.067545109211768,15.67520026621943,26.52808330142915,1490.7709447603163,1305.75,1120.7290552396837,-48.6855385575891,-25.10636903593946,-23.57916952164964
2024-08-05,2454,23157567,23008080568,995.0,1020.0,981.0,991.0,-99.0,51632,1147.2,1198.1,1286.55,1.114827201783913,9.553707832693332,10.877397501826703,21.48534725437126,1513.7340443341054,1286.55,1059.3659556658945,-64.787973981797,-33.042690025110964,-31.74528395668603
2024-08-06,2454,16842716,18099654330,1090.0,1090.0,1035.0,1075.0,84.0,23781,1111.2,1179.6,1272.8,11.594202898550913,6.666898922333696,31.601171107970533,33.104764007193445,1515.7029435803543,1272.8,1029.8970564196457,-69.96466300097086,-40.42708462028294,-29.53757838068792
2024-08-07,2454,10786767,12169127620,1090.0,1150.0,1080.0,1150.0,75.0,17566,1097.2,1172.1,1259.3,30.43478260869584,14.381270903010025,44.93822617647049,41.43804190256466,1497.9529698118174,1259.3,1020.6470301881825,-67.24024940629533,-45.78971757748542,-21.450531828809915
2024-08-08,2454,8260831,9237311345,1120.0,1140.0,1100.0,1115.0,-35.0,12520,1084.2,1156.1,1242.05,44.25863991081402,28.762541806020057,40.625395112598845,38.996639738016064,1469.807305042013,1242.05,1014.2926949579869,-67.13148947421269,-50.05807195683087,-17.073417517381813
2024-08-09,2454,7138660,8121186220,1150.0,1155.0,1120.0,1125.0,10.0,11062,1091.2,1144.1,1226.55,51.297512389229496,41.996978302912915,42.46595591263096,40.082835224542315,1441.5071817827932,1226.55,1011.5928182172067,-65.48352668441362,-53.14316290234742,-12.340363782066198
2024-08-12,2454,4732084,5517573265,1145.0,1175.0,1140.0,1175.0,50.0,9353,1128.0,1137.6,1214.3,57.916250264386406,51.15746752147644,51.27653399534696,45.32485733520847,1410.904272588365,1214.3,1017.6957274116347,-59.45753274158619,-54.40603687019517,-5.051495871391019
2024-08-13,2454,3893560,4536605460,1180.0,1185.0,1150.0,1160.0,-15.0,7811,1145.0,1128.1,1204.3,66.46837940877846,58.560714020797924,48.668031095618645,44.07895270696993,1390.303333303466,1204.3,1018.2966666965341,-55.25531489188825,-54.57589247453379,-0.6794224173544592
2024-08-14,2454,4566599,5398623020,1175.0,1190.0,1170.0,1185.0,25.0,8030,1152.0,1124.6,1195.8,81.4860164010601,68.62354869140813,53.28855773257902,46.70826196560591,1368.544435510961,1195.8,1023.0555644890388,-49.33898677726029,-53.52851133507909,4.1895245578188
2024-08-15,2454,3208717,3738001210,1170.0,1180.0,1155.0,1155.0,-30.0,7783,1160.0,1122.1,1186.3,83.77789498800706,77.24409693261502,47.324795292404545,44.03274293929366,1345.5496153841523,1186.3,1027.0503846158476,-46.53458170993349,-52.12972541004997,5.5951437001164805
2024-08-16,2454,7309904,8910532695,1185.0,1240.0,1185.0,1230.0,75.0,15832,1181.0,1136.1,1181.55,91.99439841288383,85.75276993398347,60.28760728498026,51.510729477927555,1329.2137734855803,1181.55,1033.8862265144196,-37.82418364624505,-49.268617057288985,11.444433411043939
2024-08-19,2454,6237209,7801873255,1240.0,1265.0,1230.0,1255.0,25.0,10611,1197.0,1162.5,1180.3,90.99004477695125,88.92077939261385,63.75619229322129,53.73001628561145,1325.0025915455585,1180.3,1035.5974084544414,-28.574450876731362,-45.12978382117746,16.5553329444461
2024-08-20,2454,4411805,5535190910,1270.0,1270.0,1240.0,1250.0,-5.0,8077,1215.0,1180.0,1179.8,92.65061331058479,91.87835216680644,62.4827961513571,53.20552390446254,1323.462938853418,1179.8,1036.1370611465818,-21.400734879229503,-40.38397403278787,18.983239153558365
2024-08-21,2454,4669809,5711510720,1220.0,1240.0,1210.0,1220.0,-30.0,9980,1222.0,1187.0,1179.55,83.16551845963629,88.9353921823906,54.81859184535346,50.04869596404355,1322.914535363529,1179.55,1036.185464636471,-17.929581492249554,-35.893095524680206,17.963514032430652
2024-08-22,2454,3087965,3789002525,1230.0,1240.0,1215.0,1230.0,10.0,5251,1237.0,1198.5,1177.3,74.71091000502783,83.50901392508278,56.87568682000549,51.0904173343824,1315.9363588673655,1177.3,1038.6636411326344,-14.207970360088666,-31.556070491761897,17.34810013167323
2024-08-23,2454,4319266,5221802920,1205.0,1225.0,1190.0,1225.0,-5.0,8071,1236.0,1208.5,1176.3,66.13247863247881,74.66963569904745,55.40420763514704,50.52306981347936,1313.2468510043236,1176.3,1039.3531489956763,-11.529124369249303,-27.550681267259378,16.021556898010076
2024-08-26,2454,3784179,4646596305,1245.0,1245.0,1210.0,1215.0,-10.0,8504,1228.0,1212.5,1175.05,61.301560758082665,67.38164979852958,52.249998148449215,49.34288790131259,1310.0914380847612,1175.05,1040.0085619152387,-10.096648172788491,-24.059874648365202,13.963226475576711
2024-08-27,2454,3963303,4767933865,1200.0,1215.0,1190.0,1210.0,-5.0,6862,1220.0,1217.5,1172.8,54.166666666666835,60.53356868574258,50.57056625674775,48.72995919905732,1303.8795178508099,1172.8,1041.72048214919,-9.258136643677517,-21.099527047427664,11.841390403750147
2024-08-28,2454,4883821,5851724725,1205.0,1220.0,1185.0,1200.0,-10.0,15038,1216.0,1219.0,1171.8,39.21568627450998,51.561304566419636,47.04245040408849,47.460176449857734,1301.7239777716193,1171.8,1041.8760222283806,-9.293398133477467,-18.738301264637624,9.444903131160157
2024-08-29,2454,5628485,6915425790,1175.0,1255.0,1175.0,1250.0,50.0,11336,1220.0,1228.5,1175.3,48.140171400368104,47.17417478051478,62.36055488351303,53.92495732142791,1309.6161941092762,1175.3,1040.9838058907237,-5.226512997184045,-16.03594361114691,10.809430613962864
2024-08-30,2454,6035560,7485534325,1260.0,1260.0,1225.0,1240.0,-10.0,6644,1223.0,1229.5,1182.8,55.005159958720505,47.45367254453267,58.417805525882386,52.53273094851876,1313.9405353046905,1182.8,1051.6594646953095,-2.778366374764346,-13.384428163870396,10.60606178910605
2024-09-02,2454,3294144,4033872708,1240.0,1250.0,1215.0,1225.0,-15.0,5675,1225.0,1226.5,1194.5,68.73065015479894,57.29199383796233,52.59814471712399,50.42952934763988,1292.7293235240882,1194.5,1096.2706764759118,-2.025221683412383,-11.112586867778793,9.08736518436641
2024-09-03,2454,3534979,4292070390,1225.0,1225.0,1200.0,1220.0,-5.0,6693,1227.0,1223.5,1201.75,60.061919504644145,61.26590987272101,50.63640739453275,49.715029638216336,1283.6813737221585,1201.75,1119.8186262778415,-1.8109320057617424,-9.252255895375383,7.44132388961364
2024-09-04,2454,10457652,11943320285,1135.0,1170.0,1130.0,1135.0,-85.0,31959,1214.0,1215.0,1201.0,38.53695324283577,55.77650763409277,29.106102086070756,39.475530358057256,1285.05950273467,1201.0,1116.94049726533,-8.403030611525082,-9.082410838605323,0.6793802270802409
2024-09-05,2454,9432513,10509325015,1120.0,1130.0,1105.0,1110.0,-25.0,21502,1186.0,1203.0,1200.75,20.004378922785172,39.534417223421514,25.40021212874789,37.05796433967551,1285.8543477150256,1200.75,1115.6456522849744,-15.46632119311721,-10.359192909507701,-5.107128283609509
2024-09-06,2454,5340953,6061653645,1110.0,1150.0,1105.0,1145.0,35.0,7743,1167.0,1195.0,1201.75,10.959470636890167,23.16693426750352,38.243249165881046,42.37841352259192,1283.6813737221585,1201.75,1119.8186262778415,-18.03196115085325,-11.893746557776812,-6.138214593076437
2024-09-09,2454,7455495,8209712700,1100.0,1115.0,1090.0,1105.0,-40.0,17956,1143.0,1184.0,1198.25,12.618595825427121,14.527481795033971,31.10356435894482,38.384988290902996,1289.8619533685426,1198.25,1106.6380466314574,-23.027468682972994,-14.120490982816047,-8.906977700156947
2024-09-10,2454,5893397,6599039331,1115.0,1130.0,1100.0,1130.0,25.0,8084,1125.0,1176.0,1196.75,19.386464263124783,14.32151024181384,39.358622250028986,42.059883248968774,1291.7381571565634,1196.75,1101.7618428434366,-24.68460457072524,-16.233313700397886,-8.451290870327355
2024-09-11,2454,4096499,4588000025,1125.0,1135.0,1110.0,1110.0,-20.0,6026,1120.0,1167.0,1193.0,14.705882352941353,15.570314147164234,35.399841390840166,40.004278974451104,1295.1958903283298,1193.0,1090.8041096716702,-27.297065969155483,-18.446064154149404,-8.851001815006079
2024-09-12,2454,4719178,5409189304,1150.0,1155.0,1135.0,1155.0,45.0,6893,1129.0,1157.5,1193.0,25.306372549019784,19.799573055028457,48.89343371370956,46.3568943840288,1295.1958903283298,1193.0,1090.8041096716702,-25.44304494548487,-19.8454603124165,-5.597584633068372
2024-09-13,2454,3546828,4032559340,1160.0,1165.0,1125.0,1125.0,-30.0,6532,1125.0,1146.0,1187.75,26.105210602759797,22.03915516824013,42.06027322965453,43.08182991905673,1292.5581580794167,1187.75,1082.9418419205833,-26.093677534398466,-21.095103756812893,-4.998573777585573
2024-09-16,2454,3821456,4270566545,1120.0,1130.0,1100.0,1130.0,5.0,8134,1130.0,1136.5,1181.5,38.85030864197548,30.087297264584837,43.59311985264571,43.79454738538146,1284.4125842645105,1181.5,1078.5874157354895,-25.90720816634621,-22.057524638719556,-3.8496835276266523
2024-09-18,2454,7611728,8412320642,1115.0,1120.0,1095.0,1105.0,-25.0,15994,1125.0,1125.0,1174.25,31.975308641975484,32.31027596223674,37.76499921746609,41.028218447297235,1277.268202275132,1174.25,1071.231797724868,-27.4601770869167,-23.138055128358985,-4.322121958557716
2024-09-19,2454,7911002,8750858160,1105.0,1130.0,1080.0,1120.0,15.0,11279,1127.0,1123.5,1169.25,39.01960784313743,36.61507504236261,43.090869351317345,43.340764660958875,1272.6073896729208,1169.25,1065.8926103270792,-27.167372941074063,-23.943918690902002,-3.223454250172061
2024-09-20,2454,9138981,10381805590,1145.0,1155.0,1125.0,1125.0,5.0,8642,1121.0,1125.0,1164.0,40.00000000000018,36.998305495037506,44.92379731689004,44.12728396156183,1265.1236866416568,1164.0,1062.8763133583432,-26.229507893008304,-24.401036531323264,-1.8284713616850397
2024-09-23,2454,4562996,5195943045,1125.0,1150.0,1120.0,1145.0,20.0,5228,1125.0,1125.0,1160.0,58.82352941176489,45.94771241830065,52.12030224740953,47.27982119463976,1257.4166310236603,1160.0,1062.5833689763397,-23.600359973378545,-24.24090121973432,0.6405412463557738
2024-09-24,2454,7297056,8563842676,1135.0,1195.0,1135.0,1195.0,50.0,14778,1138.0,1134.0,1159.0,76.4705882352943,58.43137254901959,65.33232146868527,54.23236320015427,1254.530099968544,1159.0,1063.469900031456,-17.2829322873622,-22.849307433259895,5.566375145897695
2024-09-25,2454,11480089,13988663410,1220.0,1230.0,1205.0,1225.0,30.0,14305,1162.0,1143.5,1159.75,91.04575163398711,75.44662309368191,70.94463767872855,57.8261013554453,1257.0883274974458,1159.75,1062.4116725025542,-9.743261795043281,-20.228098305616573,10.484836510573292
2024-09-26,2454,9967330,12562372950,1235.0,1280.0,1230.0,1270.0,45.0,21463,1192.0,1159.5,1163.25,97.2222222222224,88.24618736383441,77.35897165287243,62.57337775728661,1270.6406420504134,1163.25,1055.8593579495866,-0.13533463673024926,-16.209545571839307,16.074210935109058
2024-09-27,2454,9319433,11879994727,1280.0,1305.0,1250.0,1260.0,-10.0,15498,1219.0,1170.0,1163.75,90.55555555555573,92.94117647058822,73.17104737562457,60.931963831251934,1272.8313916302868,1163.75,1054.6686083697132,6.596065098549161,-11.648423437761613,18.244488536310776
2024-09-30,2454,8944466,10742053380,1235.0,1235.0,1175.0,1175.0,-85.0,21604,1225.0,1175.0,1160.5,72.40740740740758,86.72839506172836,47.61101927256476,49.13384261157535,1264.0326035604244,1160.5,1056.9673964395756,5.014158166377001,-8.31590711693389,13.33006528331089
2024-10-01,2454,6670719,8060023400,1195.0,1230.0,1190.0,1210.0,35.0,8267,1228.0,1183.0,1159.75,60.00000000000017,74.32098765432096,55.13912491003965,53.15596922748762,1261.6065167281897,1159.75,1057.8934832718103,6.5096537817248645,-5.350794937202139,11.860448718927003
2024-10-04,2454,7601314,9294983046,1200.0,1240.0,1200.0,1230.0,20.0,8311,1229.0,1195.5,1160.25,53.15315315315332,61.853520186853494,59.06098326517197,55.32963584109194,1263.3749242423964,1160.25,1057.1250757576036,9.202595887405323,-2.4401167722806463,11.64271265968597
2024-10-07,2454,9261022,11611379170,1250.0,1295.0,1230.0,1250.0,20.0,14015,1225.0,1208.5,1166.0,62.50250250250267,58.55188521855186,62.85002571157572,57.45564580831354,1275.4805918873294,1166.0,1056.5194081126706,12.803019521343913,0.6085104864442656,12.194509034899648
2024-10-08,2454,4746298,5848883970,1240.0,1250.0,1225.0,1225.0,-25.0,7199,1218.0,1218.5,1171.75,60.890302066772826,58.84865257414274,55.37575951321174,53.99622122156623,1280.9413458109204,1171.75,1062.5586541890796,13.483658898118165,3.1835401687790457,10.300118729339118
2024-10-09,2454,5671636,7099612015,1260.0,1275.0,1240.0,1245.0,20.0,7683,1232.0,1228.5,1176.75,59.019200195670955,60.80400158831529,59.83395352961991,56.26491461458579,1289.6780744544951,1176.75,1063.8219255455049,15.458705032079706,5.638573141439178,9.820131890640528
2024-10-11,2454,10811730,13968305075,1265.0,1310.0,1265.0,1300.0,55.0,22160,1250.0,1239.0,1186.5,66.45997430311172,62.123158855184975,69.58337140801697,61.838393118935684,1306.4208072020865,1186.5,1066.5791927979135,21.217402658037145,8.75433904475877,12.463063613278374
2024-10-14,2454,4125156,5348414625,1310.0,1310.0,1285.0,1290.0,-10.0,7589,1262.0,1245.5,1194.5,77.20797720797736,67.56238390225316,66.17611388311074,60.332921064902266,1319.515998976131,1194.5,1069.484001023869,24.689688232128674,11.941408882232752,12.748279349895922
2024-10-15,2454,6492009,8443064872,1310.0,1310.0,1290.0,1300.0,10.0,9409,1272.0,1248.5,1204.0,90.12345679012361,77.93046943373737,68.00397147619653,61.34634180404075,1330.751725826515,1204.0,1077.248274173485,27.92649672200514,15.138426450187229,12.788070271817912
2024-10-16,2454,7425191,9479271445,1260.0,1295.0,1260.0,1275.0,-25.0,9120,1282.0,1250.0,1210.0,82.87037037037054,83.40060145615699,58.74474558583517,57.39828684556946,1338.2575533838067,1210.0,1081.7424466161933,28.14990512037548,17.74072218422488,10.4091829361506
2024-10-17,2454,4514915,5769191656,1295.0,1295.0,1265.0,1275.0,0.0,6882,1288.0,1260.0,1217.5,77.20258136924821,83.39880284324727,58.74474558583517,57.39828684556946,1342.5,1217.5,1092.5,28.004143550775325,19.793406457534967,8.210737093240358
2024-10-18,2454,8916104,11696603095,1300.0,1330.0,1295.0,1305.0,30.0,16167,1289.0,1269.5,1226.25,71.73520923520941,77.26938699160921,66.25033346540918,60.9003058056543,1350.0189379448657,1226.25,1102.4810620551343,29.96396974495451,21.827519115018877,8.136450629935634
2024-10-21,2454,6706607,8911068199,1310.0,1345.0,1310.0,1330.0,25.0,11042,1297.0,1279.5,1237.5,77.29076479076495,75.40951846507402,71.32268629673366,63.586614544604316,1355.9271928232702,1237.5,1119.0728071767298,33.15227836153417,24.092470964321937,9.059807397212236
2024-10-22,2454,5500454,7177881915,1310.0,1315.0,1295.0,1310.0,-20.0,10422,1299.0,1285.5,1247.0,76.78571428571446,75.27056277056276,62.5487339845273,60.033177965303686,1356.334349588773,1247.0,1137.665650411227,33.676995615418264,26.0093758945412,7.667619720877063
2024-10-23,2454,5639751,7338656535,1280.0,1325.0,1275.0,1300.0,-10.0,9043,1304.0,1293.0,1255.75,67.075163398693,73.71721415839062,58.360747987002846,58.27948618054477,1351.837199980018,1255.75,1159.662800019982,32.90659465347085,27.38881964632713,5.517775007143719
2024-10-24,2454,4698981,6041857535,1300.0,1305.0,1270.0,1270.0,-30.0,9742,1303.0,1295.5,1262.0,41.8300653594773,61.89698101462807,47.28076204953367,53.25355564713067,1343.6333265278342,1262.0,1180.3666734721658,29.534837835381268,27.818023284137958,1.71681455124331
2024-10-25,2454,7326983,9577728957,1270.0,1325.0,1270.0,1315.0,45.0,10790,1305.0,1297.0,1268.0,41.176470588235475,50.02723311546841,60.428224633322934,58.96944832906481,1346.63841300535,1268.0,1189.36158699465,30.14631226183087,28.28368107967654,1.862631182154331
2024-10-28,2454,5720182,7605546735,1330.0,1340.0,1315.0,1335.0,20.0,9320,1306.0,1301.5,1273.5,54.90196078431391,45.969498910675384,64.95937925348342,61.237976066596964,1354.6849739791792,1273.5,1192.3150260208208,31.877281544527023,29.002401172646636,2.874880371880387
2024-10-29,2454,5519603,7163705970,1315.0,1315.0,1285.0,1300.0,-35.0,10164,1304.0,1301.5,1275.0,65.56372549019626,53.88071895424837,52.650679779016684,55.45923368414364,1356.9756061276769,1275.0,1193.0243938723231,30.07815740368187,29.217552418853682,0.8606049848281891
2024-10-30,2454,5528055,7169814530,1290.0,1315.0,1285.0,1290.0,-10.0,7456,1302.0,1303.0,1276.5,52.88398692810477,57.78322440087147,49.52277163979692,53.894383894510725,1358.4206933564408,1276.5,1194.5793066435592,27.528095385598817,28.87966101220271,-1.3515656266038931
2024-11-01,2454,9461786,11967886995,1220.0,1300.0,1220.0,1290.0,0.0,10479,1306.0,1304.5,1282.25,42.13888888888908,53.52886710239653,49.52277163979693,53.894383894510725,1349.7388879742437,1282.25,1214.7611120257563,25.21647305934448,28.147023421631065,-2.930550362286585
2024-11-04,2454,3513519,4539376735,1285.0,1305.0,1280.0,1295.0,5.0,5920,1302.0,1303.5,1286.5,48.388888888889085,47.80392156862748,51.4843056487963,54.636622509288166,1345.4151932866218,1286.5,1227.5848067133782,23.51686613069114,27.22099196344308,-3.704125832751938
2024-11-05,2454,3688814,4751449530,1285.0,1300.0,1280.0,1290.0,-5.0,6252,1293.0,1299.5,1289.5,58.944444444444635,49.8240740740741,49.251422923391345,53.705528793947096,1342.405576265645,1289.5,1236.594423734355,21.5184063873794,26.080474848230345,-4.562068460850945
2024-11-06,2454,3881189,5070565620,1290.0,1320.0,1290.0,1305.0,15.0,6136,1294.0,1299.0,1292.25,63.888888888889085,57.0740740740741,55.93959693546826,56.12137086239747,1342.297477458909,1292.25,1242.202522541091,20.904018766410218,25.04518363186632,-4.141164865456101
2024-11-07,2454,4517086,5932832649,1330.0,1330.0,1300.0,1305.0,0.0,6241,1297.0,1299.5,1296.25,66.66666666666687,63.166666666666686,55.93959693546825,56.121370862397455,1335.8574487943872,1296.25,1256.6425512056128,20.18443850762901,24.073034607018858,-3.888596099389847
2024-11-08,2454,4299470,5567448850,1310.0,1320.0,1280.0,1280.0,-25.0,14432,1295.0,1300.5,1298.0,63.888888888889085,64.81481481481484,43.064615827275134,50.979156537221094,1330.9241552663086,1298.0,1265.0758447336914,17.39634071504952,22.73769582862499,-5.341355113575471
2024-11-11,2454,2878555,3717921510,1300.0,1310.0,1280.0,1295.0,15.0,5204,1295.0,1298.5,1297.75,63.00505050505069,64.52020202020203,50.96473800364153,53.71920740117393,1330.685543110749,1297.75,1264.814456889251,16.210265912144905,21.432209845328973,-5.221943933184068
2024-11-12,2454,4326905,5530202775,1280.0,1295.0,1265.0,1265.0,-30.0,10206,1290.0,1291.5,1296.5,53.03030303030321,59.97474747474749,38.49987180414287,47.94685721857446,1332.2910603363466,1296.5,1260.7089396636534,12.703110258448532,19.686389927952884,-6.983279669504352
2024-11-13,2454,4182334,5275535820,1265.0,1275.0,1255.0,1255.0,-10.0,8709,1280.0,1287.0,1294.25,46.96969696969715,54.33501683501684,35.15604783375853,46.16608035131132,1334.284360242172,1294.25,1254.215639757828,9.012853147906526,17.551682571943612,-8.538829424037086
2024-11-14,2454,4605044,5717344476,1260.0,1265.0,1230.0,1235.0,-20.0,11474,1266.0,1281.5,1292.25,25.90909090909109,41.969696969696976,29.231989995909807,42.746559876462605,1339.3111304581605,1292.25,1245.1888695418395,4.423473894371909,14.926040836429271,-10.502566942057362
2024-11-15,2454,4349007,5454514520,1240.0,1275.0,1230.0,1270.0,35.0,7255,1264.0,1279.5,1292.0,25.60606060606079,32.82828282828283,47.34664696722681,49.75976582416327,1339.476309881877,1292.0,1244.523690118123,3.569419221153794,12.654716513374176,-9.085297292220382
2024-11-18,2454,3985278,4960974080,1260.0,1265.0,1230.0,1240.0,-30.0,7815,1253.0,1274.0,1288.75,18.333333333333517,23.28282828282829,37.69720351847581,44.704916783681895,1340.8916340365356,1288.75,1236.6083659634644,0.46644853163934386,10.21706291702721,-9.750614385387866
2024-11-19,2454,4531599,5776061685,1255.0,1290.0,1245.0,1285.0,45.0,7013,1257.0,1273.5,1286.5,35.000000000000185,26.313131313131322,54.07624484057465,52.49967095198128,1335.0901224530253,1286.5,1237.9098775469747,1.61977407653103,8.497605148927974,-6.877831072396944
2024-11-20,2454,4926471,6292653555,1285.0,1300.0,1260.0,1275.0,-10.0,7151,1261.0,1270.5,1284.75,38.33333333333352,30.55555555555556,50.62571056522558,50.78636392183411,1332.3393895737274,1284.75,1237.1606104262726,1.7071969498617818,7.139523509114736,-5.432326559252954
2024-11-21,2454,2634995,3323655575,1265.0,1270.0,1255.0,1265.0,-10.0,4531,1267.0,1266.5,1283.0,49.58333333333352,40.97222222222223,47.118077376252046,49.062078172248,1330.7912125813941,1283.0,1235.2087874186059,0.9585146204215107,5.90332173137609,-4.94480711095458
2024-11-22,2454,6437379,8349403790,1280.0,1310.0,1270.0,1310.0,45.0,10922,1275.0,1269.5,1285.0,64.58333333333353,50.83333333333334,61.223139100266636,56.25901761518227,1333.7852436706019,1285.0,1236.2147563293981,3.9507604919947426,5.5128094834998205,-1.562048991505078
2024-11-25,2454,7734600,10046168660,1325.0,1330.0,1280.0,1280.0,-30.0,8760,1283.0,1268.0,1283.25,64.58333333333353,59.58333333333335,50.70429469318294,51.077795666977046,1330.0768085609088,1283.25,1236.4231914390912,3.856927365825868,5.18163305996503,-1.324705694139162
2024-11-26,2454,3272636,4185567280,1280.0,1290.0,1270.0,1280.0,0.0,5069,1282.0,1269.5,1280.5,66.66666666666686,65.2777777777778,50.70429469318294,51.077795666977046,1320.860872141221,1280.5,1240.139127858779,3.7394577955701607,4.893198007086056,-1.1537402115158955
2024-11-27,2454,3069870,3882721705,1270.0,1285.0,1250.0,1250.0,-30.0,7171,1277.0,1269.0,1278.0,40.00000000000019,57.083333333333364,41.094220082757715,46.14868314952592,1319.400483088969,1278.0,1236.599516911031,1.211645935163915,4.1568875927016276,-2.9452416575377125
2024-11-28,2454,4374911,5459813114,1260.0,1265.0,1240.0,1255.0,5.0,6775,1275.0,1271.0,1276.25,31.666666666666856,46.11111111111114,43.18793769991719,47.065554467049374,1318.4252296970626,1276.25,1234.0747703029374,-0.38378097467193584,3.248753879226915,-3.632534853898851
2024-11-29,2454,4324490,5418649990,1235.0,1270.0,1225.0,1255.0,0.0,5275,1264.0,1269.5,1274.5,24.523809523809714,32.0634920634921,43.18793769991719,47.06555446704937,1317.1497362242721,1274.5,1231.8502637757279,-1.6293857504729203,2.273125953286948,-3.9025117037598682
2024-12-02,2454,4705833,6127313545,1275.0,1315.0,1270.0,1310.0,55.0,10639,1270.0,1276.5,1275.25,44.84126984127003,33.677248677248706,62.920406526096365,56.51155543502308,1319.8005331056768,1275.25,1230.6994668943232,1.800745957950312,2.1786499542196207,-0.3779039962693087
2024-12-03,2454,6211010,8141226882,1325.0,1330.0,1295.0,1315.0,5.0,7911,1277.0,1279.5,1276.5,65.07936507936527,44.814814814814845,64.23781081072852,57.2582684615884,1323.9447046571058,1276.5,1229.0552953428942,4.866510163034718,2.7162219959826404,2.1502881670520777
2024-12-04,2454,4844752,6364952020,1315.0,1325.0,1305.0,1320.0,5.0,6345,1291.0,1284.0,1277.25,85.71428571428591,65.21164021164024,65.66117592045404,58.03426427432083,1326.8962485994662,1277.25,1227.6037514005338,7.61186376914884,3.6953503506158802,3.91651341853296
2024-12-05,2454,5559581,7367160465,1325.0,1335.0,1310.0,1325.0,5.0,10447,1305.0,1290.0,1278.25,89.03318903318923,79.94227994227998,67.18492149339261,58.8390446818703,1330.811868307738,1278.25,1225.688131692262,10.074897349219555,4.971259750336615,5.10363759888294
2024-12-06,2454,4364288,5747214795,1325.0,1340.0,1300.0,1305.0,-20.0,11555,1315.0,1289.5,1279.5,83.65016625886211,86.13254700211225,55.65914156722515,54.34930440774316,1333.3423625038872,1279.5,1225.6576374961128,10.294369272645781,6.035881654798448,4.258487617847333
2024-12-09,2454,4592126,6045281525,1320.0,1325.0,1300.0,1325.0,20.0,5865,1318.0,1294.0,1281.0,82.47694334650878,85.05343287951989,63.05375682940549,57.81579597210735,1338.0613704707484,1281.0,1223.9386295292516,11.944447055698902,7.2175947349785385,4.726852320720363
2024-12-10,2454,8230114,11015978916,1315.0,1360.0,1310.0,1350.0,25.0,12323,1325.0,1301.0,1285.25,83.03811057434267,83.0550733932377,70.28139909028447,61.72797635445092,1349.162048942277,1285.25,1221.337951057723,15.095425979108313,8.793160983804494,6.302264995303819
2024-12-11,2454,7633823,10191659690,1320.0,1355.0,1305.0,1350.0,0.0,9374,1331.0,1311.0,1290.0,90.71390230810539,85.4096520763188,70.28139909028447,61.72797635445093,1358.1909084849292,1290.0,1221.8090915150708,17.39211401335683,10.512951589714962,6.879162423641869
2024-12-12,2454,8447774,11722376470,1370.0,1400.0,1370.0,1380.0,30.0,20476,1342.0,1323.5,1297.25,89.93352326685677,87.89517871643478,77.47775793827289,66.10300431580801,1371.106279353891,1297.25,1223.393720646109,21.386475134054535,12.687656298582876,8.69881883547166
2024-12-13,2454,6733740,9392980005,1385.0,1410.0,1365.0,1410.0,30.0,14746,1363.0,1339.0,1304.25,92.40265906932592,91.0166948814292,82.43891152507491,69.81856207552102,1391.7299977137632,1304.25,1216.7700022862368,26.665402221392696,15.48320548314484,11.182196738247857
2024-12-16,2454,7521031,10583170115,1435.0,1440.0,1385.0,1385.0,-25.0,18946,1375.0,1346.5,1311.5,81.77655677655697,88.0375797042464,67.8979463976948,63.56556588867859,1400.5,1311.5,1222.5,28.503132535160148,18.087190893547902,10.415941641612246
2024-12-17,2454,9362088,13364542220,1390.0,1445.0,1390.0,1425.0,40.0,18088,1390.0,1357.5,1318.5,82.3070607553368,85.49542553373975,75.84952605903533,68.43644976483094,1419.3017856984686,1318.5,1217.6982143015314,32.8090109002469,21.0315548948877,11.777456005359202
2024-12-18,2454,6198374,8798918600,1430.0,1430.0,1405.0,1420.0,-5.0,9091,1404.0,1367.5,1325.75,76.5599343185552,80.21451728348283,73.20517456700533,67.2265995988096,1433.6052270406956,1325.75,1217.8947729593044,35.409810064913245,23.90720592889281,11.502604136020434
2024-12-19,2454,6719997,9496773480,1400.0,1430.0,1395.0,1420.0,0.0,10465,1412.0,1377.0,1333.5,83.90804597701168,80.9250136836344,73.20517456700533,67.2265995988096,1444.9943944779288,1333.5,1222.0056055220712,37.04394262908295,26.53455326893084,10.50938936015211
2024-12-20,2454,5731484,8030795624,1420.0,1425.0,1390.0,1390.0,-30.0,8536,1408.0,1385.5,1337.5,75.41050903119888,78.62616310892177,56.981622373991435,59.862501055456065,1451.0561535100587,1337.5,1223.9438464899413,35.508930334582374,28.329428682061145,7.179501652521228
2024-12-23,2454,4417200,6243376090,1405.0,1425.0,1400.0,1410.0,20.0,6948,1413.0,1394.0,1344.0,72.82430213464716,77.38095238095242,63.30645915417593,62.78896776805796,1458.5251064177633,1344.0,1229.4748935822367,35.49706679519227,29.76295630468737,5.7341104905048965
2024-12-24,2454,3278608,4639180175,1430.0,1430.0,1405.0,1405.0,-5.0,5156,1409.0,1399.5,1350.25,61.9047619047621,70.04652435686923,60.703336363133666,61.58015578463928,1463.7610126815896,1350.25,1236.7389873184104,34.68438662279027,30.74724236830795,3.9371442544823196
2024-12-25,2454,2449652,3471607295,1420.0,1430.0,1410.0,1410.0,5.0,4418,1407.0,1405.5,1358.25,60.416666666666856,65.04857690202522,62.502203819645274,62.36053120559596,1464.7053897179471,1358.25,1251.7946102820529,34.05126812164599,31.408047518975557,2.643220602670432
2024-12-26,2454,2448448,3484465905,1420.0,1430.0,1415.0,1420.0,10.0,4902,1407.0,1409.5,1366.5,54.861111111111306,59.060846560846606,66.12090010201463,63.93817990632186,1464.9428768372807,1366.5,1268.0571231627193,33.964907266086584,31.919419468397763,2.0454877976888213
2024-12-27,2454,2406377,3443523815,1420.0,1440.0,1420.0,1430.0,10.0,5985,1415.0,1411.5,1375.25,62.43686868686888,59.23821548821553,69.54929281154324,65.49566933983822,1463.0267053380337,1375.25,1287.4732946619663,34.30790195456757,32.39711596563173,1.9107859889358423
2024-12-30,2454,2890276,4117831075,1430.0,1435.0,1420.0,1420.0,-10.0,5362,1417.0,1415.0,1380.75,63.68686868686888,60.32828282828287,62.20529039736012,62.584746796806954,1465.2056096419888,1380.75,1296.2943903580112,33.38793594748495,32.59527996200237,0.7926559854825754
2024-12-31,2454,3371199,4756664780,1410.0,1425.0,1400.0,1415.0,-5.0,7737,1419.0,1414.0,1385.75,60.9090909090911,62.34427609427613,58.59597627315263,61.121996206998,1465.767185654083,1385.75,1305.732814345917,31.887815161907838,32.453787001983464,-0.5659718400756262
2025-01-02,2454,7374055,10011026495,1395.0,1400.0,1335.0,1350.0,0.0,26063,1407.0,1407.0,1387.25,41.428571428571615,55.34151034151038,31.167910266388716,46.052910566018724,1463.3075440045234,1387.25,1311.1924559954766,25.163927763955144,30.9958151543778,-5.831887390422658
2025-01-03,2454,6413343,8684840857,1365.0,1370.0,1335.0,1365.0,15.0,10151,1396.0,1401.5,1389.25,30.952380952381137,44.43001443001447,38.871542167377804,49.167450133918514,1460.6135060797885,1389.25,1317.8864939202115,20.80573760585594,28.95779964467343,-8.15206203881749
2025-01-06,2454,7760498,10980061110,1390.0,1425.0,1390.0,1425.0,60.0,14520,1395.0,1405.0,1395.25,42.85714285714304,38.41269841269844,59.84439541707594,59.29152489101326,1456.770321845712,1395.25,1333.729678154288,21.940423520668674,27.55432441987248,-5.613900899203806
2025-01-07,2454,13043149,19029056158,1445.0,1500.0,1415.0,1490.0,65.0,27139,1409.0,1413.0,1403.5,69.4083694083696,47.73929773929777,71.99033056461894,66.96704284215772,1469.2343137181792,1403.5,1337.7656862818208,27.76457432548591,27.596374400995167,0.16819992449074306
2025-01-08,2454,11341648,16799397207,1500.0,1500.0,1460.0,1470.0,-20.0,19669,1420.0,1419.5,1409.5,87.15728715728734,66.47426647426651,64.93925279472279,63.0291351847571,1476.5,1409.5,1342.5,30.41580843951101,28.160261208698337,2.255547230812674
2025-01-09,2454,7283127,10619853655,1470.0,1480.0,1440.0,1440.0,-30.0,14596,1438.0,1422.5,1414.0,79.79797979797998,78.78787878787882,55.437139603500405,57.56135142846542,1476.3377895020349,1414.0,1351.6622104979651,29.75320487141653,28.478849941241975,1.2743549301745531
2025-01-10,2454,7456378,10977244936,1460.0,1495.0,1445.0,1465.0,25.0,12703,1458.0,1427.0,1418.25,74.74747474747494,80.5675805675806,60.98706427009384,60.62666967187297,1482.3027126669901,1418.25,1354.1972873330099,30.88930515428933,28.960940983851447,1.9283641704378844
2025-01-13,2454,10467556,14785600300,1435.0,1460.0,1385.0,1390.0,-75.0,30506,1451.0,1423.0,1417.25,58.58585858585878,71.04377104377109,42.47320058833099,49.15583457615316,1482.401745947442,1417.25,1352.098254052558,25.444491357060997,28.25765105849336,-2.8131597014323617
2025-01-14,2454,5672581,7934393535,1385.0,1415.0,1380.0,1400.0,10.0,10105,1433.0,1421.0,1418.0,50.5050505050507,61.27946127946134,45.06723834300908,50.50062455252865,1481.9843730921855,1418.0,1354.0156269078145,21.686366685647727,26.943394183924234,-5.257027498276507
2025-01-15,2454,6608704,9392555305,1390.0,1445.0,1390.0,1420.0,20.0,9999,1423.0,1421.5,1417.75,41.4141414141416,50.16835016835022,50.29682101273093,53.16850312361069,1481.662048942277,1417.75,1353.837951057723,20.09027052786655,25.5727694527127,-5.482498924846148
2025-01-16,2454,7526306,10959335965,1450.0,1470.0,1430.0,1460.0,40.0,12053,1427.0,1432.5,1419.75,52.52525252525271,48.1481481481482,59.330781932032394,58.03953840815866,1486.2687943366384,1419.75,1353.2312056633616,21.80170207914489,24.818555977999136,-3.0168538988542473
2025-01-17,2454,5593733,8016913060,1450.0,1455.0,1420.0,1430.0,-30.0,8875,1420.0,1439.0,1420.25,53.28282828282846,49.074074074074126,51.1896587175664,53.541532891438635,1486.9189582939466,1420.25,1353.5810417060534,20.500952416138944,23.955035265627096,-3.4540828494881524
2025-01-20,2454,4054089,5848835115,1425.0,1455.0,1425.0,1445.0,15.0,6526,1431.0,1441.0,1423.0,54.16666666666685,53.32491582491588,54.80702110442154,55.40259271191127,1488.9848467452946,1423.0,1357.0151532547054,20.44479866402753,23.252987945307183,-2.8081892812796525
2025-01-21,2454,4729517,6929917275,1440.0,1475.0,1435.0,1465.0,20.0,9236,1444.0,1438.5,1425.75,56.58212560386492,54.67720685111994,59.47846935670763,57.82830840877462,1493.8877281687612,1425.75,1357.6122718312388,21.763255995974077,22.955041555440562,-1.191785559466485
2025-01-22,2454,6939769,10271774681,1480.0,1495.0,1465.0,1465.0,0.0,11316,1453.0,1438.0,1428.75,67.33091787439632,59.35990338164256,59.47846935670764,57.82830840877461,1498.2392077951677,1428.75,1359.2607922048323,22.54822107375594,22.87367745910364,-0.3254563853476995
2025-02-03,2454,19472385,28977442706,1420.0,1525.0,1415.0,1500.0,35.0,28334,1461.0,1444.0,1433.25,76.86156921539248,66.92487089788443,67.48428388731504,62.02089837087518,1508.700314777342,1433.25,1357.799685222658,25.69828521077875,23.43859900943866,2.259686201340088
2025-02-04,2454,8418410,12648914715,1510.0,1530.0,1480.0,1490.0,-10.0,18290,1473.0,1446.5,1436.75,76.66833250041662,73.620273196735,63.31460752917635,60.17999844750829,1515.8243321185832,1436.75,1357.6756678814168,27.075705429690743,24.166020293489076,2.9096851362016665
2025-02-05,2454,9272623,14081050805,1505.0,1530.0,1490.0,1525.0,35.0,13028,1489.0,1460.0,1441.5,84.17350848385348,79.23447006655407,70.70555087281461,64.18671826350136,1529.312299821836,1441.5,1353.687700178164,30.63834855926916,25.460485946645093,5.177862612624068
2025-02-06,2454,9633472,14822104932,1530.0,1570.0,1520.0,1525.0,0.0,17483,1501.0,1472.5,1446.75,80.24321556579638,80.3616855166887,70.70555087281463,64.18671826350136,1541.1043851657146,1446.75,1352.3956148342854,33.080438207123734,26.98447639874082,6.0959618083829135
2025-02-07,2454,7062069,10728691173,1525.0,1530.0,1505.0,1525.0,0.0,11358,1513.0,1483.0,1452.25,79.45468509984656,81.29046971649868,70.70555087281463,64.18671826350136,1551.2689375826665,1452.25,1353.2310624173335,34.61677125650135,28.510935370292927,6.105835886208425
2025-02-10,2454,9291243,13801284039,1505.0,1510.0,1475.0,1480.0,-45.0,19899,1509.0,1485.0,1458.75,61.29032258064533,73.66274108209596,50.09848583177897,55.258136930317434,1546.492521048805,1458.75,1371.007478951195,31.836214286566474,29.175991153547635,2.660223133018839
2025-02-11,2454,8734703,13207679005,1490.0,1530.0,1490.0,1510.0,30.0,11192,1513.0,1493.0,1466.0,58.06451612903243,66.26984126984131,59.31994579649462,59.32073458616672,1545.0948797331407,1466.0,1386.9051202668593,31.688071768394366,29.67840727651698,2.009664491877384
2025-02-12,2454,8078186,12184246270,1530.0,1540.0,1480.0,1485.0,-25.0,21212,1505.0,1497.0,1469.0,49.46236559139802,56.27240143369179,50.28562765161525,54.85103805735775,1546.1751255262989,1469.0,1391.8248744737011,29.216586071611346,29.586043035535855,-0.36945696392450955
2025-02-13,2454,4801436,7239919170,1495.0,1520.0,1485.0,1520.0,35.0,7853,1504.0,1502.5,1470.5,58.06451612903243,55.197132616487494,60.188807142374536,59.4568073628644,1550.3686421569817,1470.5,1390.6313578430183,29.73930712317315,29.616695853063312,0.12261127010983586
2025-02-14,2454,4867021,7398870815,1515.0,1535.0,1505.0,1505.0,-15.0,8554,1500.0,1506.5,1472.25,48.1607243916244,51.89586870401815,54.736963457237785,56.7832908669629,1553.5196130174127,1472.25,1390.9803869825873,28.613355729118666,29.416027828274384,-0.8026720991557177
2025-02-17,2454,8095856,12386691075,1515.0,1545.0,1510.0,1545.0,40.0,11050,1513.0,1511.0,1477.5,57.66836445953612,54.631201660064185,64.6879495122933,61.72573287288559,1563.2029754442633,1477.5,1391.7970245557367,30.596005141421983,29.652023290903905,0.9439818505180781
2025-02-18,2454,5461888,8359528915,1550.0,1550.0,1520.0,1535.0,-10.0,8901,1518.0,1515.5,1481.0,56.14035087719318,53.989813242784436,60.78995644626174,59.881946957115595,1570.02808545622,1481.0,1391.97191454378,31.00296972209935,29.922212577142993,1.0807571449563582
2025-02-19,2454,4710329,7242322405,1535.0,1545.0,1525.0,1540.0,5.0,7304,1529.0,1517.0,1488.5,74.50292397660839,62.7705464377791,62.12141667675806,60.516998659308086,1570.603593100424,1488.5,1406.396406899576,31.367366818389655,30.211243425392325,1.1561233929973298
2025-02-20,2454,7150167,10837847830,1545.0,1545.0,1500.0,1500.0,-40.0,19681,1525.0,1514.5,1493.5,61.052631578947576,63.89863547758292,47.17127610825025,53.254291728579716,1564.9212853426764,1493.5,1422.0787146573236,28.104517058293368,29.789898151972533,-1.6853810936791653
2025-02-21,2454,5756665,8675140570,1500.0,1525.0,1490.0,1510.0,10.0,8561,1526.0,1513.0,1498.0,54.2857142857145,63.280423280423356,50.63624180524594,54.717402349489376,1561.1981012372999,1498.0,1434.8018987627001,26.02559468718323,29.037037459014673,-3.011442771831444
2025-02-24,2454,6497488,9923578445,1500.0,1545.0,1495.0,1545.0,35.0,9834,1526.0,1519.5,1502.25,56.349206349206554,57.22918407128941,61.0640764098867,59.495858231758525,1566.0837684928597,1502.25,1438.4162315071403,26.892244172072196,28.608078801626178,-1.7158346295539815
2025-02-25,2454,8502805,13096692819,1525.0,1560.0,1510.0,1550.0,5.0,13187,1529.0,1523.5,1508.25,74.12698412698433,61.58730158730166,62.388289133474714,60.14292385565339,1566.0665201304955,1508.25,1450.4334798695045,27.663639134055757,28.419190868112093,-0.7555517340563362
2025-02-26,2454,8063842,12531654210,1555.0,1575.0,1525.0,1560.0,10.0,12099,1533.0,1531.0,1514.0,87.2922502334269,72.58948023653913,65.15358830838207,61.46872075952447,1568.2770669804477,1514.0,1459.7229330195523,28.750474057158726,28.48544750592142,0.26502655123730534
2025-02-27,2454,12022234,18461918925,1555.0,1575.0,1515.0,1515.0,-45.0,19253,1536.0,1530.5,1516.5,66.1437908496734,75.85434173669474,47.008631254169444,52.93545262844418,1565.9064773081425,1516.5,1467.0935226918575,25.6845985803061,27.925277720798356,-2.2406791404922544
2025-03-03,2454,11544405,17065859785,1490.0,1495.0,1465.0,1470.0,-45.0,30460,1528.0,1527.0,1516.75,38.77005347593602,64.0686981863453,35.48059588991491,46.05078555625208,1565.151962770119,1516.75,1468.348037229881,19.400113821173136,26.22024494087331,-6.820131119700175
2025-03-04,2454,8330012,12336290155,1435.0,1510.0,1435.0,1505.0,35.0,15675,1520.0,1523.0,1517.0,27.98573975044582,44.29986135868494,47.22449721815754,51.35052682737228,1565.1040538832228,1517.0,1468.8959461167772,17.047311074602476,24.385658167619145,-7.338347093016669
2025-03-05,2454,6674087,10051018845,1505.0,1530.0,1490.0,1505.0,0.0,10556,1511.0,1520.0,1517.75,34.848484848485036,33.86809269162216,47.224497218157545,51.35052682737228,1564.5981589819708,1517.75,1470.9018410180292,15.009675748091468,22.510461683713608,-7.50078593562214
2025-03-06,2454,3240661,4847368380,1505.0,1510.0,1485.0,1495.0,-10.0,8829,1498.0,1515.5,1516.25,47.6190476190478,36.81775740599275,44.10264582720265,49.73168636311295,1563.9862545661051,1516.25,1468.5137454338949,12.444466580618837,20.497262663094652,-8.052796082475815
2025-03-07,2454,5873135,8612824705,1475.0,1485.0,1450.0,1465.0,-30.0,22901,1488.0,1512.0,1513.25,38.09523809523828,40.18759018759024,35.8158259676714,45.13467664985029,1565.716656077932,1513.25,1460.783343922068,7.899707642221529,17.977751658920027,-10.078044016698499
2025-03-10,2454,10835218,15344073454,1450.0,1460.0,1395.0,1395.0,-70.0,45490,1473.0,1500.5,1506.75,21.428571428571612,35.71428571428576,23.695529438433795,36.62709415693809,1579.912490389543,1506.75,1433.587509610457,-1.3350716701093006,14.115186993114161,-15.450258663223462
2025-03-11,2454,10487926,14267901375,1320.0,1390.0,1320.0,1385.0,-10.0,25009,1449.0,1484.5,1502.0,15.639589169001114,25.054466230936868,22.43043011027521,35.59487954094425,1591.9110671719561,1502.0,1412.0889328280439,-9.352803932817324,9.421588807927865,-18.77439274074519
2025-03-12,2454,8365942,11777174615,1375.0,1425.0,1375.0,1410.0,25.0,12826,1430.0,1470.5,1497.0,20.261437908496912,19.109866168689745,32.88205173303346,40.13692282744811,1595.305645819556,1497.0,1398.694354180444,-13.533616344536767,4.830547777434938,-18.364164121971704
2025-03-13,2454,7308998,10304679577,1430.0,1440.0,1390.0,1390.0,-20.0,12805,1409.0,1453.5,1492.25,31.372549019608027,22.424525365701882,29.208859392517216,37.83795347765744,1601.0376371652587,1492.25,1383.4623628347413,-18.250393973723703,0.21435942720320966,-18.464753400926913
2025-03-14,2454,7265400,10227486165,1400.0,1430.0,1390.0,1400.0,10.0,8879,1396.0,1442.0,1486.25,35.57422969187693,29.069405539993824,33.53962185412473,39.69779935724305,1601.3097670778104,1486.25,1371.1902329221896,-20.9401725268051,-4.0165469635984525,-16.92362556320665
2025-03-17,2454,5027826,7174512270,1415.0,1440.0,1415.0,1425.0,25.0,8244,1402.0,1437.5,1482.25,40.47619047619066,35.80765639589174,43.60269448843512,44.19315269768227,1599.9562020456017,1482.25,1364.5437979543983,-20.814612447004947,-7.3761600602797515,-13.438452386725196
2025-03-18,2454,10558598,15597290320,1450.0,1500.0,1445.0,1475.0,50.0,16566,1420.0,1434.5,1478.75,56.558061821219894,44.202827329762364,58.32611143308021,51.91398529274366,1592.893549971078,1478.75,1364.606450028922,-16.49043161585655,-9.199014371395112,-7.291417244461439
2025-03-19,2454,8043123,11933903510,1500.0,1515.0,1460.0,1465.0,-10.0,12703,1431.0,1430.5,1475.25,68.64597390913198,55.226742068847386,54.9771564176026,50.411799914538555,1586.5367916690925,1475.25,1363.9632083309075,-13.712336302382937,-10.101678757592676,-3.6106575447902607
2025-03-20,2454,6559527,9745443875,1495.0,1500.0,1465.0,1485.0,20.0,9855,1450.0,1429.5,1472.5,80.18443544759351,68.46282372598166,60.296433316469255,53.32101129752965,1579.901117312624,1472.5,1365.098882687376,-9.78405836387924,-10.038154678849988,0.2540963149707487
2025-03-21,2454,4914917,7303573220,1495.0,1500.0,1475.0,1480.0,-5.0,7474,1466.0,1431.0,1471.5,80.34188034188053,76.39076323286855,58.28787387008836,52.49189796040338,1578.228627837146,1471.5,1364.771372162854,-6.993708886545846,-9.42926552038916,2.435556633843314
2025-03-24,2454,4129520,6168251990,1500.0,1505.0,1480.0,1480.0,0.0,7655,1477.0,1439.5,1470.0,80.55555555555573,80.36062378167647,58.28787387008836,52.49189796040338,1575.3565375285275,1470.0,1364.6434624714725,-4.727837257449437,-8.488979867801216,3.7611426103517793
2025-03-25,2454,8622310,13173707790,1505.0,1540.0,1505.0,1525.0,45.0,20948,1487.0,1453.5,1469.0,82.35042735042752,81.08262108262115,70.37627420811408,59.1259000278459,1571.8396810574595,1469.0,1366.1603189425405,0.6910403694203069,-6.652975820356912,7.344016189777219
2025-03-26,2454,4039361,6153186695,1535.0,1540.0,1515.0,1515.0,-10.0,6644,1497.0,1464.0,1467.25,82.77777777777794,81.89458689458695,65.45809715163921,57.21392662661909,1565.610307034901,1467.25,1368.889692965099,4.131003862045645,-4.496179883876401,8.627183745922046
2025-03-27,2454,4922392,7343806075,1500.0,1510.0,1480.0,1485.0,-30.0,10365,1497.0,1473.5,1463.5,76.44444444444461,80.52421652421658,52.59393280280411,51.80194756683528,1552.7244361147775,1463.5,1374.2755638852225,4.385892594307279,-2.719765388239665,7.105657982546944
2025-03-28,2454,4752661,6988697440,1470.0,1495.0,1455.0,1465.0,-20.0,13110,1494.0,1480.0,1461.0,53.46198830409373,70.89473684210532,45.62067890790662,48.50768418664803,1547.0581198958007,1461.0,1374.9418801041993,2.940168466087016,-1.587778617374329,4.527947083461345
2025-03-31,2454,8456107,11888354050,1420.0,1440.0,1390.0,1390.0,-75.0,27974,1476.0,1476.5,1457.0,25.684210526315955,51.86354775828465,28.872629676006184,38.595581903964884,1548.2907443282177,1457.0,1365.7092556717823,-4.208933554211853,-2.112009604741834,-2.0969239494700194
2025-04-01,2454,6663880,9603895550,1410.0,1460.0,1410.0,1460.0,70.0,12331,1463.0,1475.0,1454.75,22.573099415204847,33.906432748538066,49.1855805869079,49.0584119918826,1543.3770274803346,1454.75,1366.1229725196654,-4.178071221919481,-2.5252219281773636,-1.6528492937421175
2025-04-02,2454,4680070,6764240810,1460.0,1460.0,1435.0,1435.0,-25.0,8403,1447.0,1472.0,1451.25,25.555555555555724,24.604288499025397,43.95517854019979,46.041089066388196,1537.1496507559839,1451.25,1365.3503492440161,-6.100579978990254,-3.240293538339942,-2.860286440650312
2025-04-07,2454,2148387,2782161165,1295.0,1295.0,1295.0,1295.0,-140.0,14866,1409.0,1453.0,1441.25,25.555555555555724,24.56140350877199,25.935997632374054,33.584065520734704,1548.388928499402,1441.25,1334.111071500598,-18.705387922803766,-6.333312415232707,-12.372075507571058
2025-04-08,2454,19252718,24229978295,1255.0,1300.0,1225.0,1260.0,-35.0,40100,1368.0,1431.0,1431.0,13.703703703703871,21.604938271604993,23.166094286021142,31.3037753872419,1563.3480260525257,1431.0,1298.6519739474743,-31.159805680232466,-11.29861106823266,-19.861194611999807
2025-04-09,2454,20017897,24055879685,1250.0,1255.0,1140.0,1185.0,-75.0,51334,1327.0,1401.5,1420.5,7.45370370370387,15.570987654321042,18.284295303050243,27.063292006127337,1590.5558731711433,1420.5,1250.4441268288567,-46.54534887274531,-18.34795862913519,-28.19739024361012
2025-04-10,2454,2039439,2651270700,1300.0,1300.0,1300.0,1300.0,115.0,4416,1295.0,1379.0,1416.25,21.868118118118286,14.341841841841896,40.65555772432267,40.39592337269611,1593.7288719819912,1416.25,1238.7711280180088,-48.89532887972541,-24.457432679253234,-24.437896200472178
2025-04-11,2454,17343947,23239311570,1280.0,1395.0,1250.0,1385.0,85.0,30417,1285.0,1366.0,1415.0,41.16910925009533,23.49697702397238,51.98967037122762,47.96694988780387,1592.9887636902959,1415.0,1237.0112363097041,-43.39864280109464,-28.245674703621514,-15.152968097473124
2025-04-14,2454,12977957,18237704555,1410.0,1425.0,1385.0,1400.0,15.0,20591,1306.0,1357.5,1415.5,64.50244258342866,42.51322331721398,53.806070412154426,49.19341672378821,1593.2610756043066,1415.5,1237.7389243956934,-37.40096974460516,-30.076733711818243,-7.324236032786921
2025-04-15,2454,6829960,9519040535,1405.0,1415.0,1375.0,1385.0,-15.0,14509,1331.0,1349.5,1414.75,75.60886150234758,60.42680444529041,51.53151502956847,47.97560084962801,1592.8924991404353,1414.75,1236.6075008595647,-33.47229746679022,-30.755846462812638,-2.7164510039775855
2025-04-16,2454,5794610,7967862075,1370.0,1385.0,1365.0,1365.0,-20.0,12242,1367.0,1347.0,1411.75,76.04166666666684,72.05099025081425,48.35197027697489,46.328770587938024,1591.117639221795,1411.75,1232.382360778205,-31.60826878796911,-30.92633092784393,-0.6819378601251778
2025-04-17,2454,6954102,9290936420,1340.0,1350.0,1315.0,1340.0,-25.0,15307,1375.0,1335.0,1405.0,72.35014619883059,74.66689145594823,44.360395721764014,44.282535208818835,1584.499303619819,1405.0,1225.500696380181,-31.781941261394422,-31.09745299455403,-0.6844882668403933
2025-04-18,2454,3602072,4917730681,1350.0,1380.0,1345.0,1365.0,25.0,7330,1371.0,1328.0,1400.0,73.14510233918146,73.84563840155953,49.248348879324304,46.81241434731595,1578.1010948871456,1400.0,1221.8989051128544,-29.561520079475258,-30.790266411538276,1.228746332063018
2025-04-21,2454,3123347,4194210360,1355.0,1355.0,1325.0,1345.0,-20.0,8010,1360.0,1333.0,1393.0,73.68421052631597,73.05981968810922,45.51630470597292,45.05011765359372,1568.16849031718,1393.0,1217.83150968282,-29.08043203005741,-30.448299535242104,1.3678675051846945
2025-04-22,2454,5199584,6872585530,1330.0,1355.0,1300.0,1300.0,-45.0,19179,1343.0,1337.0,1384.0,59.81620718462842,68.8818400167085,37.96433548813779,41.28421397456159,1558.8599439551551,1384.0,1209.1400560448449,-31.961853848547207,-30.751010397903123,-1.2108434506440844
2025-04-23,2454,6303810,8563742601,1340.0,1375.0,1340.0,1370.0,70.0,10866,1344.0,1355.5,1378.5,56.35756056808706,63.28599275967702,52.32097756796282,48.4966061857899,1547.766062753288,1378.5,1209.233937246712,-28.2710948305712,-30.25502728443674,1.9839324538655383
2025-04-24,2454,6331633,8522102810,1375.0,1375.0,1325.0,1330.0,-40.0,13936,1342.0,1358.5,1368.75,40.38095238095256,52.18490671122256,45.32765686035765,45.08832663491596,1525.1109606007842,1368.75,1212.3890393992158,-28.248179989358505,-29.85365782542109,1.6054778360625868
2025-04-25,2454,7381768,10192478505,1375.0,1390.0,1370.0,1380.0,50.0,13014,1345.0,1358.0,1362.0,54.04554865424449,50.26135386776125,54.24615961368037,49.834301375640926,1503.470845052965,1362.0,1220.529154947035,-23.919706196506922,-28.666867499638258,4.747161303131335
2025-04-28,2454,5546486,7564477485,1385.0,1390.0,1350.0,1350.0,-30.0,13530,1346.0,1353.0,1355.25,49.70692431562015,48.04447511693895,48.6866992788343,47.19842990561807,1484.9987957554906,1355.25,1225.5012042445094,-22.649024949156,-27.463298989541805,4.814274040385804
2025-04-29,2454,5933337,8045158791,1350.0,1370.0,1335.0,1370.0,20.0,10386,1360.0,1351.5,1350.5,67.63285024154608,57.128441070470124,52.47497453507176,49.130173735917005,1470.4124680756759,1350.5,1230.5875319243241,-19.799926821468944,-25.93062455592723,6.130697734458288
2025-04-30,2454,5687722,7714260515,1370.0,1370.0,1350.0,1350.0,-20.0,9806,1356.0,1350.0,1348.5,62.96296296296314,60.10091250670967,48.31367975428201,47.26785804261086,1467.036914081648,1348.5,1229.963085918352,-18.93752883742377,-24.53200541222654,5.594476574802769
2025-05-02,2454,17916167,23509378545,1370.0,1370.0,1290.0,1300.0,-50.0,64942,1350.0,1346.0,1340.5,47.77777777777796,59.45786366076228,39.23815709990924,42.8906944970189,1449.031101533155,1340.5,1231.968898466845,-22.034652595366424,-24.032534848854517,1.9978822534880933
2025-05-05,2454,7473805,9747478020,1310.0,1335.0,1290.0,1295.0,-5.0,16819,1333.0,1339.0,1333.5,23.518518518518704,44.75308641975315,38.39668058507133,42.46718320903673,1434.5494928240612,1333.5,1232.4505071759388,-24.608927304918552,-24.147813340067323,-0.46111396485122924
2025-05-06,2454,7890120,10117638665,1295.0,1300.0,1275.0,1280.0,-15.0,25321,1319.0,1332.5,1332.75,6.4492753623190255,25.91519055287179,35.71588983129864,41.15430886221142,1435.145068240614,1332.75,1230.354931759386,-27.541946780437684,-24.826640028141394,-2.7153067522962893
2025-05-07,2454,6119782,7833289070,1285.0,1300.0,1265.0,1275.0,-5.0,14950,1300.0,1330.0,1333.5,5.7826086956523595,11.916800858829918,34.771781748287296,40.70260341925823,1433.9539695582012,1333.5,1233.0460304417988,-29.924888571451902,-25.846289736803495,-4.078598834648407
2025-05-08,2454,6304556,8138686536,1285.0,1305.0,1275.0,1290.0,15.0,11702,1288.0,1322.0,1338.75,10.782608695652359,7.671497584541136,40.295544620662746,42.73331385979747,1415.8781401305646,1338.75,1261.6218598694354,-30.25426019037809,-26.727883827518415,-3.5263763628596756
2025-05-09,2454,6740443,8816540890,1295.0,1325.0,1280.0,1325.0,35.0,11794,1293.0,1321.5,1340.0,25.333333333333517,13.9661835748793,51.480607719728845,47.27089345882166,1415.365774725667,1340.0,1264.634225274333,-27.375514191640605,-26.85740990034285,-0.5181042912977532
2025-05-12,2454,5353789,7050780685,1320.0,1325.0,1305.0,1315.0,-10.0,12850,1297.0,1315.0,1336.5,38.53968253968272,24.885208189556085,48.45476116896159,46.1458444510788,1409.6505297315064,1336.5,1263.3494702684936,-25.60583554087316,-26.607095028448914,1.001259487575755
2025-05-13,2454,10308570,13956016690,1350.0,1365.0,1345.0,1355.0,40.0,17085,1312.0,1315.5,1334.25,60.44444444444463,41.43915343915351,59.5498373416924,51.15372284197437,1402.019831045975,1334.25,1266.480168954025,-20.736647588951428,-25.433005540549416,4.696357951597989
2025-05-14,2454,6786896,9238538490,1370.0,1375.0,1345.0,1360.0,5.0,12709,1329.0,1314.5,1333.0,73.23232323232342,57.40548340548347,60.7809439738262,51.75761311900292,1397.8382603097893,1333.0,1268.1617396902107,-16.286581272329613,-23.603720686905454,7.317139414575841
2025-05-15,2454,5860573,8027559070,1365.0,1380.0,1350.0,1370.0,10.0,11993,1345.0,1316.5,1333.25,87.7940899680032,73.82361921492362,63.381424632962634,53.008899907653785,1398.6162757085028,1333.25,1267.8837242914972,-11.816739214892777,-21.24632439250292,9.429585177610143
2025-05-16,2454,3651046,4984158740,1365.0,1375.0,1360.0,1365.0,-5.0,7619,1353.0,1323.0,1334.5,88.20816864295143,83.07819394775923,61.02119638442913,52.27875676483234,1401.275744099186,1334.5,1267.724255900814,-8.57892291103326,-18.71284409620899,10.13392118517573
2025-05-19,2454,7591783,10048326155,1345.0,1350.0,1310.0,1310.0,-55.0,25404,1352.0,1324.5,1331.75,72.46376811594222,82.82200890896549,41.28929459139607,44.94512382200905,1397.801116568912,1331.75,1265.698883431088,-10.331871129820911,-17.036649502931375,6.704778373110464
2025-05-20,2454,5952630,7911812063,1330.0,1350.0,1315.0,1315.0,5.0,9616,1344.0,1328.0,1330.25,54.727398205659256,71.79977832151751,43.23606538746664,45.690984728311754,1396.3918929272515,1330.25,1264.1081070727485,-11.188661088930075,-15.867051820131115,4.6783907312010395
2025-05-21,2454,4523644,6053389365,1325.0,1345.0,1320.0,1340.0,25.0,8676,1340.0,1334.5,1332.25,45.74189095928244,57.64435242696118,52.436141079901496,49.38339344720084,1397.0168896890996,1332.25,1267.4831103109004,-9.7381271698398,-14.641266890072853,4.903139720233053
2025-05-22,2454,3388750,4503198930,1325.0,1340.0,1320.0,1325.0,-15.0,6631,1331.0,1338.0,1330.0,41.58730158730177,47.35219691741437,47.09325782671323,47.30521519469518,1392.449979983984,1330.0,1267.550020016016,-9.687274359500407,-13.650468383958364,3.963194024457957
2025-05-23,2454,4462357,5879825325,1335.0,1340.0,1310.0,1315.0,-10.0,11447,1321.0,1337.0,1329.25,31.269841269841454,39.53301127214176,43.63516155163536,45.9178932860837,1392.041321056337,1329.25,1266.458678943663,-10.334756922801262,-12.987326091726944,2.652569168925682
2025-05-26,2454,7955667,10251122085,1305.0,1305.0,1275.0,1280.0,-35.0,29930,1315.0,1333.5,1324.25,12.85714285714304,28.57142857142863,33.56957617202601,41.3473423812193,1385.9974695837814,1324.25,1262.5025304162186,-13.516291615725777,-13.093119196526711,-0.4231724191990658
2025-05-27,2454,6608314,8471750200,1280.0,1290.0,1270.0,1280.0,0.0,11687,1308.0,1326.0,1320.75,6.998556998557182,17.041847041847102,33.56957617202601,41.3473423812193,1384.175152739272,1320.75,1257.324847260728,-15.854915188635687,-13.645478394948507,-2.20943679368718
2025-05-28,2454,8817184,11272137395,1300.0,1305.0,1270.0,1280.0,0.0,17752,1296.0,1318.0,1316.25,7.792207792207975,9.215969215969276,33.56957617202601,41.3473423812193,1377.8028228434732,1316.25,1254.6971771565268,-17.50648733050366,-14.417680182059538,-3.088807148444122
2025-05-29,2454,20205556,25707789050,1285.0,1305.0,1260.0,1260.0,-20.0,16151,1283.0,1307.0,1311.75,6.204906204906387,6.998556998557057,27.75911741501548,38.6048556784587,1375.88072586522,1311.75,1247.61927413478,-20.196391574639392,-15.57342246057551,-4.622969114063883
2025-06-02,2454,11219790,14031392770,1250.0,1270.0,1230.0,1260.0,0.0,31804,1272.0,1296.5,1309.75,11.50793650793669,8.50168350168356,27.75911741501548,38.6048556784587,1377.6083082606692,1309.75,1241.8916917393308,-22.073708101245757,-16.873479588709557,-5.200228512536199
2025-06-03,2454,5807284,7420084345,1270.0,1290.0,1265.0,1275.0,15.0,9345,1271.0,1293.0,1308.75,21.37681159420308,13.029884769015263,38.6068575109752,41.95375207965347,1378.0230106174115,1308.75,1239.4769893825885,-22.096406712105363,-17.91806501338872,-4.178341698716643
2025-06-04,2454,10763483,13687995446,1280.0,1290.0,1260.0,1275.0,0.0,18189,1270.0,1289.0,1308.5,35.013175230566716,22.63264111090204,38.6068575109752,41.953752079653476,1378.2208720542135,1308.5,1238.7791279457865,-21.862379621330547,-18.706927934977085,-3.1554516863534623
2025-06-05,2454,16144910,20131853280,1260.0,1265.0,1235.0,1245.0,-30.0,40568,1263.0,1279.5,1307.0,31.22529644268793,29.205094422485786,27.404641770431226,37.24183034754389,1380.7156699759284,1307.0,1233.2843300240716,-23.82304352888491,-19.73015105375865,-4.092892475126259
2025-06-06,2454,10993646,13938119745,1250.0,1280.0,1245.0,1280.0,35.0,14901,1267.0,1275.0,1306.5,40.404040404040586,35.54750402576496,47.95814403849935,45.002538908523334,1380.8034319530398,1306.5,1232.1965680469602,-22.29566575242302,-20.243253993491525,-2.0524117589314947
2025-06-09,2454,8132095,10447196795,1290.0,1300.0,1275.0,1285.0,5.0,11268,1272.0,1272.0,1304.5,51.212121212121396,40.94715268628318,50.3032048801346,46.02931484167378,1378.8572457800851,1304.5,1230.1427542199149,-20.446060192489313,-20.283815233291083,-0.16224495919822957
2025-06-10,2454,11936093,15779324090,1300.0,1335.0,1300.0,1335.0,50.0,22546,1284.0,1277.5,1305.5,80.00000000000018,57.20538720538727,67.42715155321089,55.06398459954956,1380.9254598925322,1305.5,1230.0745401074678,-14.775331503738016,-19.18211848738047,4.406786983642455
2025-06-11,2454,12029172,15853485250,1340.0,1345.0,1305.0,1315.0,-20.0,18471,1292.0,1281.0,1303.5,82.41545893719825,71.2091933831065,58.08686495062293,51.360359006550816,1375.617958928411,1303.5,1231.382041071589,-11.759514650685105,-17.697597720041397,5.938083069356292
2025-06-12,2454,11678446,15047244306,1300.0,1305.0,1280.0,1285.0,-30.0,21736,1300.0,1281.5,1299.75,73.91304347826106,78.7761674718197,46.75310738027331,46.326878172697064,1367.3868982139188,1299.75,1232.1131017860812,-11.655846009111656,-16.48924737785545,4.833401368743793
2025-06-13,2454,9534606,11970931370,1255.0,1265.0,1250.0,1250.0,-35.0,30652,1294.0,1280.5,1293.75,45.12516469038227,67.15122236861374,36.942143950717046,41.24792771970118,1356.509461438097,1293.75,1230.990538561903,-14.233816777005813,-16.038161257685523,1.8043444806797098
2025-06-16,2454,4284348,5390193035,1260.0,1270.0,1250.0,1255.0,5.0,9567,1288.0,1280.0,1288.25,26.548089591568043,48.528765920070335,39.073026586225396,42.2224388196359,1343.9523338828815,1288.25,1232.5476661171185,-15.692525307099459,-15.96903406756831,0.2765087604688521
2025-06-17,2454,5831116,7402810590,1260.0,1280.0,1260.0,1275.0,20.0,9090,1276.0,1280.0,1286.5,22.72727272727292,31.466842336407623,47.37232358089661,46.07540475546052,1341.5545184340033,1286.5,1231.4454815659967,-15.061114322903904,-15.78745011863543,0.7263357957315257
2025-06-18,2454,5972295,7641957995,1265.0,1290.0,1260.0,1285.0,10.0,8699,1270.0,1281.0,1285.0,31.51515151515171,26.930171277997434,51.24629258978093,47.944607360482834,1338.4789678284837,1285.0,1231.5210321715163,-13.59706167918489,-15.349372430745323,1.752310751560433
2025-06-19,2454,4944842,6299243825,1280.0,1285.0,1265.0,1265.0,-20.0,8887,1266.0,1283.0,1281.25,30.717703349282488,28.320042530568916,43.73451019397615,44.61377243105631,1328.9862545661051,1281.25,1233.5137454338949,-13.890501212690651,-15.057598187134388,1.1670969744437372
2025-06-20,2454,5606034,7025571340,1265.0,1275.0,1245.0,1250.0,-15.0,11914,1266.0,1280.0,1277.5,20.263157894737034,27.498670919723622,38.762820952444166,42.24339189197093,1322.6109742745598,1277.5,1232.3890257254402,-15.158688867571982,-15.077816323221906,-0.08087254435007551
2025-06-23,2454,4528761,5656629495,1230.0,1260.0,1225.0,1255.0,5.0,9235,1266.0,1277.0,1274.5,15.263157894737034,22.08133971291873,41.35540722868486,43.324350488784496,1317.1497362242721,1274.5,1231.8502637757279,-15.580674194130552,-15.178387897403635,-0.40228629672691696
2025-06-24,2454,4576079,5812811295,1275.0,1285.0,1260.0,1270.0,15.0,7391,1265.0,1270.5,1274.0,28.75000000000019,21.425438596491293,48.92381521562871,46.555915936645974,1316.614551505325,1274.0,1231.385448494675,-14.537150741216237,-15.050140466166155,0.512989724949918
2025-06-25,2454,6418795,8295907405,1280.0,1300.0,1280.0,1295.0,25.0,12246,1267.0,1268.5,1274.75,58.19444444444463,34.06920077972716,59.16979812088034,51.51765064329259,1318.2787261472238,1274.75,1231.2212738527762,-11.559607856554521,-14.352033944243829,2.7924260876893072
2025-06-26,2454,5312078,6868062225,1295.0,1300.0,1285.0,1290.0,-5.0,8462,1272.0,1269.0,1275.25,78.75000000000018,55.231481481481545,56.524068981957335,50.50768626929864,1319.2357931609743,1275.25,1231.2642068390257,-9.493902088154982,-13.380407573026059,3.8865054848710763
2025-06-27,2454,5979958,7704618190,1285.0,1300.0,1280.0,1285.0,-5.0,8692,1279.0,1272.5,1276.5,86.66666666666686,74.5370370370371,53.72159873064813,49.463402152576876,1320.1004587131833,1276.5,1232.8995412868167,-8.16613942529898,-12.337553943480643,4.171414518181663
2025-06-30,2454,7970814,10093427225,1290.0,1300.0,1250.0,1250.0,-35.0,14769,1278.0,1272.0,1276.0,66.66666666666687,77.36111111111119,38.23861704459009,42.793469878512255,1320.5645599103143,1276.0,1231.4354400896857,-9.824830906818761,-11.835009336148266,2.010178429329505
2025-07-01,2454,8803695,11339208385,1265.0,1305.0,1265.0,1275.0,25.0,14818,1279.0,1272.0,1276.0,58.61111111111131,70.64814814814822,50.19938647677225,48.16969955491575,1320.5645599103143,1276.0,1231.4354400896857,-9.018109635566816,-11.271629396031976,2.25351976046516
2025-07-02,2454,7261051,9385839060,1295.0,1300.0,1275.0,1295.0,20.0,10333,1279.0,1273.0,1277.0,61.11111111111131,62.12962962962971,57.82290629438277,52.05190268958834,1322.3210767744986,1277.0,1231.6789232255014,-6.687850979907353,-10.354873712807052,3.6670227328996994
2025-07-03,2454,11872297,15207103239,1300.0,1300.0,1270.0,1270.0,0.0,14481,1275.0,1273.5,1278.25,68.7500000000002,62.824074074074154,47.270175527373496,47.284238829750116,1321.2935825646518,1278.25,1235.2064174353482,-6.780236922283166,-9.639946354702275,2.859709432419109
2025-07-04,2454,7363385,9540997340,1290.0,1305.0,1285.0,1290.0,20.0,12605,1276.0,1277.5,1278.75,72.1590909090911,67.34006734006742,54.9446415474277,51.13989324538133,1322.0945498303997,1278.75,1235.4054501696003,-5.179909818192982,-8.747939047400417,3.5680292292074345
2025-07-07,2454,4549857,5848904360,1300.0,1300.0,1280.0,1280.0,-10.0,8070,1282.0,1280.0,1278.5,61.174242424242614,67.36111111111119,50.64488172691636,49.20214933087209,1321.7550575077644,1278.5,1235.2449424922356,-4.664782772900708,-7.9313077925004745,3.266525019599767
2025-07-08,2454,3658204,4652919095,1280.0,1280.0,1265.0,1270.0,-10.0,8411,1281.0,1280.0,1275.25,54.54545454545473,62.626262626262694,46.4078913470195,47.273134154589314,1309.9595087836171,1275.25,1240.5404912163829,-5.005754087581408,-7.346197051516661,2.340442963935253
2025-07-09,2454,14460572,19300327670,1280.0,1360.0,1280.0,1355.0,85.0,35957,1293.0,1286.0,1277.25,62.12121212121232,59.280303030303095,70.70886982947691,61.198431100146436,1323.5614456695102,1277.25,1230.9385543304898,1.5647755557606615,-5.564002530061197,7.128778085821859
2025-07-10,2454,12339983,17085260139,1375.0,1400.0,1360.0,1400.0,45.0,27552,1319.0,1297.0,1283.0,77.27272727272747,64.64646464646472,77.11751791783585,66.2763458560079,1353.8096038684018,1283.0,1212.1903961315982,10.28453780560676,-2.3942944629276055,12.678832268534366
2025-07-11,2454,10428598,14673505330,1405.0,1420.0,1390.0,1420.0,20.0,20428,1345.0,1310.5,1291.5,98.48484848484868,79.29292929292937,79.44897803361235,68.26421387042878,1382.390043459116,1291.5,1200.609956540884,18.594499251433717,1.803464279944659,16.791034971489058
2025-07-14,2454,6067428,8449999917,1410.0,1410.0,1385.0,1385.0,-35.0,13304,1366.0,1324.0,1298.0,92.4731182795701,89.4102313457153,65.76781257375247,61.43895014341503,1395.8468190591805,1298.0,1200.1531809408195,22.10122688846127,5.863016801647982,16.23821008681329
2025-07-15,2454,4659162,6487157908,1385.0,1405.0,1380.0,1395.0,10.0,9562,1391.0,1336.0,1304.0,87.0967741935486,92.68491365265567,67.62608242956526,62.589836879135284,1409.8583959825578,1304.0,1198.1416040174422,25.394518035551755,9.769317048428737,15.625200987123018
2025-07-16,2454,6099561,8586546210,1395.0,1415.0,1395.0,1410.0,15.0,10661,1402.0,1347.5,1310.25,84.94623655914,88.17204301075277,70.4347109916919,64.31051621843106,1425.2489130383415,1310.25,1195.2510869616585,28.881916876884134,13.591837014119816,15.290079862764317
2025-07-17,2454,5516070,7701353575,1405.0,1420.0,1385.0,1390.0,-20.0,11502,1400.0,1359.5,1316.5,86.0215053763443,86.02150537634418,62.05954939126318,60.326321061120716,1434.5296572900218,1316.5,1198.4703427099782,29.689629167080284,16.81139544471191,12.878233722368375
2025-07-18,2454,5064123,7115366362,1405.0,1410.0,1400.0,1410.0,20.0,9172,1398.0,1371.5,1324.5,89.2473118279572,86.73835125448039,66.68162513740089,62.80771733013493,1445.077775730024,1324.5,1203.922224269976,31.579550429574965,19.76502644168452,11.814523987890446
2025-07-21,2454,6030920,8606380470,1415.0,1445.0,1410.0,1425.0,15.0,13361,1406.0,1386.0,1333.0,87.35744542196176,87.54208754208764,69.89112362462447,64.59621858002217,1456.709336753537,1333.0,1209.290663246463,33.8969582514203,22.591412803631677,11.305545447788624
2025-07-22,2454,8242534,11871821880,1440.0,1455.0,1425.0,1430.0,5.0,17494,1413.0,1402.0,1341.0,85.03712850062617,87.21396191684828,70.97830420353709,65.19700004243025,1468.0275560656032,1341.0,1213.9724439343968,35.72516143661073,25.218162530227488,10.506998906383245
2025-07-23,2454,5013381,7215294292,1455.0,1455.0,1425.0,1430.0,0.0,9088,1417.0,1409.5,1347.75,76.07655502392366,82.8237096488371,70.97830420353708,65.19700004243025,1478.5733541841823,1347.75,1216.9266458158177,36.75039001262462,27.524608026706915,9.225781985917706
2025-07-24,2454,5122916,7324152830,1445.0,1450.0,1420.0,1430.0,0.0,8261,1425.0,1412.5,1354.75,69.00584795321659,76.70651049258869,70.97830420353709,65.19700004243025,1487.432892642571,1354.75,1222.067107357429,37.134823911067315,29.446651203578995,7.68817270748832
2025-07-25,2454,5942860,8484208399,1430.0,1445.0,1415.0,1430.0,0.0,8369,1429.0,1413.5,1362.0,66.6666666666669,70.58302321460228,70.97830420353709,65.19700004243025,1494.4915091619082,1362.0,1229.5084908380918,37.01282968436499,30.959886899736194,6.052942784628794
2025-07-28,2454,7334211,10248910780,1435.0,1440.0,1385.0,1400.0,-30.0,24540,1424.0,1415.0,1369.5,51.587301587301816,62.41993873572832,50.649203534118456,57.34385303404642,1492.4186723000212,1369.5,1246.5813276999788,34.10228913997571,31.588367347784096,2.5139217921916135
2025-07-29,2454,10316682,14114593145,1390.0,1395.0,1350.0,1360.0,-40.0,38244,1410.0,1411.5,1373.75,32.539682539682765,50.26455026455039,35.038472563938,48.88825928977782,1488.9400603350828,1373.75,1258.5599396649172,28.242437840069897,30.919181446241257,-2.6767436061713603
2025-07-30,2454,5754600,7888746665,1365.0,1385.0,1360.0,1380.0,20.0,9791,1400.0,1408.5,1378.0,19.841269841270062,34.65608465608477,44.93809527825082,52.64793870861444,1487.3800713110024,1378.0,1268.6199286889976,24.924976703789525,29.72034049775091,-4.795363793961386
2025-07-31,2454,9291286,12663968210,1360.0,1385.0,1340.0,1370.0,-10.0,18373,1388.0,1406.5,1383.0,21.39406487232596,24.591672417759487,41.269433175029825,50.6420976491165,1480.6933979345586,1383.0,1285.3066020654414,21.244060124609405,28.02508442312261,-6.781024298513206
2025-08-01,2454,6495615,8832521555,1350.0,1375.0,1350.0,1350.0,-20.0,17426,1372.0,1400.5,1386.0,21.11801242236047,20.784449045318723,34.66595167608651,46.80157531267059,1475.4203556244327,1386.0,1296.5796443755673,16.522611977108,25.724589933919688,-9.201977956811689
2025-08-04,2454,5214085,6967850885,1340.0,1350.0,1330.0,1330.0,-20.0,16941,1358.0,1391.0,1388.5,11.594202898550945,18.035426731079017,29.21262161034564,43.26788144057589,1468.1931615635872,1388.5,1308.8068384364128,11.039738220779554,22.787619591291662,-11.747881370512108
2025-08-05,2454,3858955,5194331600,1350.0,1355.0,1340.0,1340.0,10.0,8809,1354.0,1382.0,1392.0,5.676328502415679,12.79618127444226,35.16241997650316,45.48426544838798,1454.9603049547889,1392.0,1329.0396950452111,7.415951223989168,19.713285917831165,-12.297334693841997
2025-08-06,2454,5970701,7966823010,1340.0,1350.0,1320.0,1320.0,-20.0,20358,1342.0,1371.0,1390.25,2.777777777777997,6.682769726248101,29.397052511036854,41.954024766804146,1458.9140371664819,1390.25,1321.5859628335181,2.8968480074270246,16.349998335750335,-13.45315032832331
2025-08-07,2454,5689384,7718335583,1345.0,1365.0,1345.0,1355.0,35.0,10668,1339.0,1363.5,1388.0,12.50000000000022,6.98470209339786,47.104372883696634,49.361150133060356,1458.1712191713953,1388.0,1317.8287808286047,2.1152503533405707,13.503048739268383,-11.387798385927812
2025-08-08,2454,5865744,7931502268,1355.0,1360.0,1335.0,1350.0,-5.0,9232,1339.0,1355.5,1384.5,23.055555555555774,12.77777777777789,45.21440016160787,48.410750968219,1454.920167565833,1384.5,1314.079832434167,1.0799217029500596,11.01842333200472,-9.93850162905466
2025-08-11,2454,3971509,5381089706,1350.0,1370.0,1340.0,1355.0,5.0,8794,1344.0,1351.0,1383.0,41.004273504273726,25.51994301994313,47.66425046458498,49.45872767474966,1454.5821206726932,1383.0,1311.4178793273068,0.6553203762571229,8.9458027408552,-8.290482364598077
2025-08-12,2454,3496091,4755253497,1360.0,1370.0,1350.0,1360.0,5.0,7430,1348.0,1351.0,1381.25,51.794871794872016,38.61823361823374,50.25922138584773,50.54072174708527,1453.2829785584354,1381.25,1309.2170214415646,0.7140478795458876,7.299451768593338,-6.58540388904745
2025-08-13,2454,8333913,11435601780,1370.0,1385.0,1360.0,1370.0,10.0,12180,1358.0,1350.0,1379.25,64.10256410256432,52.30056980056992,55.4171854802255,52.72075886026985,1450.1918776182306,1379.25,1308.3081223817694,1.5496429561449077,6.149490006103652,-4.599847049958744
2025-08-14,2454,4747498,6584612200,1370.0,1395.0,1365.0,1390.0,20.0,9169,1365.0,1352.0,1379.25,77.26495726495749,64.3874643874645,64.10284097572689,56.82008588678884,1450.1918776182306,1379.25,1308.3081223817694,3.782093310105438,5.676010666904009,-1.8939173567985712
2025-08-15,2454,4475553,6187722500,1395.0,1400.0,1370.0,1370.0,-20.0,10621,1369.0,1354.0,1377.25,77.5854700854703,72.9843304843306,52.23117423298776,51.96764975177833,1446.8542383766967,1377.25,1307.6457616233033,3.8926217263413037,5.319332878791468,-1.4267111524501646
2025-08-18,2454,7238014,10141297405,1375.0,1410.0,1375.0,1410.0,40.0,13663,1380.0,1362.0,1376.5,85.277777777778,80.04273504273516,66.64483503313586,59.43002902778601,1444.3306715284466,1376.5,1308.6693284715534,7.125740893177408,5.680614481668656,1.4451264115087517
2025-08-19,2454,6589846,9274440925,1415.0,1430.0,1390.0,1390.0,-20.0,12564,1386.0,1367.0,1374.5,73.46491228070198,78.77605338131666,56.670116860559794,54.842143342842256,1438.131753079732,1374.5,1310.868246920268,7.982164845619536,6.140924554458833,1.8412402911607035
2025-08-20,2454,7113575,9722960436,1380.0,1390.0,1350.0,1355.0,-35.0,20660,1383.0,1370.5,1370.75,59.64912280701777,72.7972709551658,43.4062245376262,47.87663248506043,1429.5101055138603,1370.75,1311.9898944861397,5.770164639178347,6.066772571402735,-0.2966079322243882
2025-08-21,2454,4554398,6196837397,1350.0,1375.0,1345.0,1365.0,10.0,7137,1378.0,1371.5,1367.5,35.57504873294369,56.2296946068877,47.50201962582032,49.83700520142756,1419.605661880452,1367.5,1315.394338119548,4.769079980123934,5.807234053146975,-1.0381540730230414
2025-08-22,2454,2800266,3826154725,1365.0,1375.0,1355.0,1365.0,0.0,5476,1377.0,1373.0,1364.25,24.119940373810568,39.78137063792389,47.50201962582031,49.83700520142755,1407.755746746838,1364.25,1320.744253253162,3.9304059027438143,5.4318684230663425,-1.5014625203225282
2025-08-25,2454,5280140,7403266550,1385.0,1410.0,1380.0,1410.0,45.0,12470,1377.0,1378.5,1364.75,42.592592592592815,34.095860566448906,63.625857183684545,58.067703962307995,1410.0793503152206,1364.75,1319.4206496847794,6.818277712172403,5.709150280887554,1.1091274312848487
2025-08-26,2454,5465231,7621822629,1405.0,1410.0,1380.0,1400.0,-10.0,9377,1379.0,1382.5,1366.75,54.90196078431395,40.538164583572325,58.93318710250437,55.87372214595335,1414.5281330736143,1366.75,1318.9718669263857,8.205433372412472,6.208406899192537,1.9970264732199343
2025-08-27,2454,3506996,4913433895,1405.0,1410.0,1395.0,1400.0,0.0,6973,1388.0,1385.5,1367.75,68.62745098039238,55.374001452432935,58.93318710250437,55.87372214595335,1417.3962485994662,1367.75,1318.1037514005338,9.198727027900759,6.806470924934182,2.392256102966577
2025-08-28,2454,3889428,5416975190,1395.0,1405.0,1385.0,1385.0,-15.0,7939,1392.0,1385.0,1368.5,58.82352941176493,60.78431372549031,51.22035622183443,52.42768706658413,1418.7095608425327,1368.5,1318.2904391574673,8.675538558235758,7.180284451594497,1.4952541066412603
2025-08-29,2454,4055886,5596928792,1390.0,1405.0,1370.0,1370.0,-15.0,10535,1393.0,1385.0,1369.5,47.058823529411995,58.16993464052299,44.435634279708026,49.16234020149067,1418.9873721266345,1369.5,1320.0126278733655,6.970185329202195,7.138264627116037,-0.16807929791384169
2025-09-01,2454,3937354,5364125515,1370.0,1380.0,1350.0,1360.0,-10.0,12737,1383.0,1380.0,1371.0,33.182503770739295,46.35495223730529,40.28522623103186,47.058094796300196,1417.3249392876019,1371.0,1324.6750607123981,4.7569292628174935,6.661997554256328,-1.9050682914388348
2025-09-02,2454,3365146,4596124440,1360.0,1380.0,1360.0,1360.0,0.0,5893,1375.0,1377.0,1372.0,25.18853695324307,35.14328808446467,40.28522623103186,47.058094796300196,1416.429719783046,1372.0,1327.570280216954,2.9686867120849456,5.923335385822051,-2.954648673737106
2025-09-03,2454,4795588,6658413350,1380.0,1400.0,1370.0,1395.0,35.0,8519,1374.0,1381.0,1375.75,40.384615384615614,32.91855203619921,58.67375497063298,54.894713195433475,1414.2564929589803,1375.75,1337.2435070410197,4.325833583025997,5.603835025262841,-1.2780014422368442
2025-09-04,2454,3501155,4872588395,1405.0,1405.0,1380.0,1385.0,-10.0,7014,1374.0,1383.0,1377.25,52.136752136752364,39.23663482487024,53.21175698253234,52.50341716632446,1414.7299946638204,1377.25,1339.7700053361796,4.542107244497856,5.391489469109844,-0.849382224611988
2025-09-05,2454,9434638,13369682190,1400.0,1435.0,1395.0,1435.0,50.0,22501,1387.0,1390.0,1381.5,77.77777777777801,56.76638176638189,69.67769948456011,61.52758154905257,1424.523249528598,1381.5,1338.476750471402,8.648394503548388,6.042870475997553,2.6055240275508353
2025-09-08,2454,6680707,9627626360,1450.0,1460.0,1425.0,1430.0,-5.0,13857,1401.0,1392.0,1385.25,77.02020202020225,68.9782439782441,66.92970681546613,60.29390105013399,1431.3450105759832,1385.25,1339.1549894240168,11.36815352982967,7.1079270867639766,4.260226443065693
2025-09-09,2454,11956440,17720448190,1445.0,1515.0,1435.0,1510.0,80.0,31125,1431.0,1403.0,1392.75,89.89898989899012,81.56565656565668,80.95235107511286,70.48952346918426,1462.6409865433304,1392.75,1322.8590134566696,19.751233638399526,9.636588397091087,10.11464524130844
2025-09-10,2454,6863070,10292368080,1520.0,1520.0,1485.0,1490.0,-20.0,15438,1450.0,1412.0,1398.75,84.01663695781366,83.64527629233523,72.04255477551513,65.93152341728637,1479.5506806902022,1398.75,1317.9493193097978,24.4986470153317,12.609000120739209,11.88964689459249
2025-09-11,2454,4767141,7122159225,1505.0,1510.0,1480.0,1480.0,-10.0,13167,1469.0,1421.5,1403.25,85.26440879382079,86.39334521687475,67.69625434957511,63.713155608899285,1491.2997018734306,1403.25,1315.2002981265694,27.141222772012497,15.515444650993867,11.62577812101863
2025-09-12,2454,4412355,6544585155,1495.0,1500.0,1470.0,1485.0,5.0,9791,1479.0,1433.0,1409.0,78.98284313725513,82.75462962962975,68.7944489085207,64.35887895291268,1502.4665715643835,1409.0,1315.5334284356165,29.301175598221107,18.272590840439314,11.028584757781793
2025-09-15,2454,2858166,4253700825,1490.0,1495.0,1480.0,1485.0,0.0,7072,1490.0,1445.5,1412.75,77.08741830065384,80.44489007724314,68.7944489085207,64.35887895291269,1511.9203080563937,1412.75,1313.5796919436063,30.65952979997155,20.749978632345762,9.90955116762579
2025-09-16,2454,8933496,13665161725,1500.0,1545.0,1495.0,1535.0,50.0,22781,1495.0,1463.0,1420.0,82.91035353535378,79.66020499108747,78.66610688116907,70.45612951455618,1531.8481112938434,1420.0,1308.1518887061566,35.362975060032795,23.672577917883167,11.690397142149628
2025-09-17,2454,4850205,7393113405,1545.0,1545.0,1510.0,1510.0,-25.0,10521,1499.0,1474.5,1427.75,82.42424242424266,80.80733808675,66.41104874919021,64.51338319227676,1541.9636156506745,1427.75,1313.5363843493255,36.65071165911172,26.268204666128877,10.382506992982844
2025-09-18,2454,3898960,5886633915,1525.0,1530.0,1495.0,1510.0,0.0,9924,1505.0,1487.0,1435.0,80.47979797979822,81.93813131313145,66.41104874919021,64.51338319227676,1550.7583690279023,1435.0,1319.2416309720977,37.241950172246334,28.462953767352367,8.778996404893967
2025-09-19,2454,14627316,21255949407,1500.0,1505.0,1440.0,1440.0,-70.0,56273,1496.0,1487.5,1438.75,50.681818181818414,71.19528619528633,41.67054604417479,50.6423287436958,1549.964882097676,1438.75,1327.535117902324,31.69671595692739,29.109706205267372,2.5870097516600197
2025-09-22,2454,9812784,13854465394,1425.0,1430.0,1400.0,1405.0,-35.0,42035,1480.0,1485.0,1438.5,26.27568791361918,52.47910135841183,34.23158923201919,45.38758630107987,1549.9943944779288,1438.5,1327.0056055220712,24.198920307239632,28.127549025661825,-3.9286287184221926
2025-09-23,2454,12576021,17416626380,1390.0,1405.0,1375.0,1375.0,-30.0,64002,1448.0,1471.5,1437.25,2.6645768025080656,26.54069429931511,29.046293126428168,41.420338703918496,1550.981042376301,1437.25,1323.518957623699,15.655645421504232,25.633168304830306,-9.977522883326074
2025-09-24,2454,12755552,17127055115,1345.0,1355.0,1330.0,1330.0,-45.0,65448,1412.0,1455.5,1433.75,1.1494252873565507,10.029896667827822,22.959960484026904,36.29549231897218,1555.8513922934542,1433.75,1311.6486077065458,5.194040933574797,21.545342830579205,-16.351301897004408
2025-09-25,2454,8286782,11176517185,1330.0,1365.0,1330.0,1345.0,15.0,24755,1379.0,1442.0,1431.75,2.3255813953490656,2.0465278284044515,28.764737391756885,39.00460866615632,1558.2124450182741,1431.75,1305.2875549817259,-1.8649829921084802,16.863277666041668,-18.72826065815015
2025-09-26,2454,7611319,10040903340,1345.0,1350.0,1310.0,1310.0,-35.0,35705,1353.0,1424.5,1428.75,2.3255813953490656,1.933529359351451,23.868918414292082,35.23894240217449,1563.5044062359373,1428.75,1293.9955937640627,-10.16632671744901,11.457356789343532,-21.623683506792542
2025-09-30,2454,8306274,10899864267,1310.0,1325.0,1290.0,1315.0,5.0,22105,1335.0,1407.5,1426.5,5.593555251558217,3.41490601408534,25.968958322135645,36.18675693301371,1567.144943030313,1426.5,1285.855056969687,-16.155512522573872,5.93478292696005,-22.090295449533922
2025-10-01,2454,7751607,10039506669,1305.0,1305.0,1285.0,1285.0,-30.0,53075,1317.0,1382.5,1422.75,3.26797385620938,3.7290368343721116,21.76610439659695,33.06030195121053,1573.894798124183,1422.75,1271.605201875817,-23.056948551972937,0.13643663117345284,-23.19338518314639
2025-10-02,2454,10088897,12986608607,1290.0,1300.0,1280.0,1280.0,-5.0,32824,1307.0,1359.5,1417.0,3.26797385620938,4.043167654658883,21.10204066517275,32.555455021821565,1580.199264704226,1417.0,1253.800735295774,-28.600159702619294,-5.610882635585097,-22.989277067034198
2025-10-03,2454,7236351,9466945567,1285.0,1325.0,1285.0,1320.0,40.0,24083,1302.0,1340.5,1413.75,8.888888888889118,5.14161220043585,38.588927899181314,40.39690514602579,1581.8831317736037,1413.75,1245.6168682263963,-29.426320465061508,-10.373970201480379,-19.05235026358113
2025-10-07,2454,7486053,9912629365,1325.0,1335.0,1305.0,1325.0,5.0,20744,1305.0,1329.0,1408.25,20.888888888889117,11.015250544662429,40.51173125606699,41.315382660945545,1580.391656783011,1408.25,1236.108343216989,-29.339394333469954,-14.167055027878295,-15.17233930559166
2025-10-08,2454,5299148,7079312880,1330.0,1350.0,1325.0,1335.0,10.0,13886,1309.0,1322.0,1403.5,42.45751633986951,24.078431372549137,44.561901715758076,43.20058621818832,1578.202604445383,1403.5,1228.797395554617,-28.13921694451983,-16.9614874112066,-11.17772953331323
2025-10-09,2454,5265459,7097543545,1350.0,1370.0,1335.0,1345.0,10.0,14253,1321.0,1319.0,1395.25,57.64270152505469,40.329702251270994,48.64135808344846,45.099879172471866,1564.5566744106682,1395.25,1225.9433255893318,-26.08051138970677,-18.785292206906636,-7.295219182800135
2025-10-13,2454,8122847,10672523175,1330.0,1330.0,1300.0,1315.0,-30.0,33081,1328.0,1317.5,1386.5,58.60566448801765,52.90196078431384,38.679454150031155,40.70267168643368,1553.3861887634803,1386.5,1219.6138112365197,-26.56351403035501,-20.34093657159631,-6.2225774587587
2025-10-14,2454,5948388,7835373085,1330.0,1340.0,1300.0,1305.0,-10.0,22047,1325.0,1313.5,1377.75,46.296296296296525,54.181554103122856,35.826063197639954,39.32626213191692,1542.4459319473312,1377.75,1213.0540680526688,-27.436937591770402,-21.76013677563113,-5.676800816139274
2025-10-15,2454,4631857,6096750952,1325.0,1330.0,1300.0,1315.0,10.0,11637,1323.0,1314.0,1369.25,35.18518518518541,46.69571532316643,40.91152626955703,41.4582046092158,1528.3812351488543,1369.25,1210.1187648511457,-27.010851349668428,-22.810279690438588,-4.2005716592298405
2025-10-16,2454,4051576,5383441700,1320.0,1340.0,1320.0,1330.0,15.0,10788,1322.0,1315.5,1361.5,40.74074074074097,40.74074074074087,48.107862284496875,44.60261990572611,1512.2016920940173,1361.5,1210.7983079059827,-25.172625930931417,-23.282748938537154,-1.8898769923942638
2025-10-17,2454,8663045,11642505570,1340.0,1360.0,1325.0,1330.0,0.0,16007,1319.0,1320.0,1351.25,49.12854030501112,41.68482207697906,48.10786228449687,44.6026199057261,1479.580627677106,1351.25,1222.919372322894,-23.445553298804725,-23.31530981059067,-0.13024348821405596
2025-10-20,2454,3725225,4969703910,1335.0,1345.0,1325.0,1340.0,10.0,12691,1324.0,1326.0,1342.75,55.21319638966721,48.36082581180633,53.27189677306576,46.81148814196055,1448.4133806008497,1342.75,1237.0866193991503,-21.027527124930202,-22.857753273458577,1.830226148528375
2025-10-21,2454,4220554,5679766675,1350.0,1355.0,1335.0,1340.0,0.0,13501,1331.0,1328.0,1334.25,55.74229691876774,53.361344537815256,53.271896773065755,46.811488141960545,1406.9325288497862,1334.25,1261.5674711502138,-18.89343223514311,-22.064889065795484,3.1714568306523745
2025-10-22,2454,3868924,5166014920,1335.0,1345.0,1325.0,1330.0,-10.0,8299,1334.0,1328.5,1328.75,52.380952380952614,54.44548189646242,46.916962816316676,44.742444466146765,1382.8679267895584,1328.75,1274.6320732104416,-17.803831598014767,-21.21267757223934,3.4088459742245725
2025-10-23,2454,8788088,11425098945,1325.0,1330.0,1290.0,1295.0,-35.0,45627,1327.0,1324.5,1323.25,35.71428571428595,47.94584500466866,31.549071094686315,38.352922073384114,1366.5252816281998,1323.25,1279.9747183718002,-19.539286009404123,-20.877999259672297,1.3387132502681744
2025-10-27,2454,5937221,7867951010,1320.0,1340.0,1310.0,1335.0,40.0,13619,1328.0,1323.5,1321.25,38.09523809523833,42.06349206349219,52.356779356694716,47.5684102282326,1357.9753318569078,1321.25,1284.5246681430922,-17.485419397137548,-20.199483287165346,2.7140638900277985
2025-10-28,2454,5361231,7062043605,1330.0,1335.0,1310.0,1315.0,-20.0,16859,1323.0,1323.5,1320.5,35.71428571428595,36.50793650793664,44.47109296836204,44.024709513650464,1357.092348927064,1320.5,1283.907651072936,-17.272442200665182,-19.614075069865315,2.341632869200133
2025-10-29,2454,8508525,11154372075,1305.0,1330.0,1300.0,1300.0,-15.0,27988,1315.0,1323.0,1318.25,38.09523809523834,37.30158730158743,39.29278956295044,41.5260614595205,1354.0654994380925,1318.25,1282.4345005619075,-18.105323973221857,-19.312324850536623,1.2070008773147656
2025-10-30,2454,5817287,7633136613,1305.0,1325.0,1300.0,1310.0,10.0,12687,1311.0,1322.5,1318.25,26.190476190476428,33.333333333333464,44.334217232538116,43.81544703958028,1354.0654994380925,1318.25,1282.4345005619075,-17.75381739647014,-19.000623359723328,1.2468059632531876
2025-10-31,2454,7731098,10087461815,1300.0,1325.0,1290.0,1310.0,0.0,21604,1314.0,1320.5,1318.0,24.54212454212478,29.609279609279742,44.334217232538116,43.81544703958028,1353.9722114972099,1318.0,1282.0277885027901,-17.276097800480102,-18.65571824787468,1.3796204473945792
2025-11-03,2454,11818214,15297596480,1310.0,1325.0,1280.0,1300.0,-10.0,49578,1307.0,1317.5,1318.75,28.669108669108905,26.4672364672366,39.83188347866331,41.91232048463128,1352.495370052794,1318.75,1285.004629947206,-17.502658256037876,-18.42510624950732,0.9224479934694436
2025-11-04,2454,6554186,8560661230,1290.0,1315.0,1285.0,1315.0,15.0,13216,1307.0,1315.0,1320.5,37.094017094017325,30.10175010175023,48.91136392793698,45.720785075193845,1349.2923600977758,1320.5,1291.7076399022242,-16.28412119693303,-17.996909238992462,1.712788042059433
2025-11-05,2454,7083306,9270745930,1295.0,1330.0,1285.0,1330.0,15.0,16921,1313.0,1314.0,1321.0,54.61538461538485,40.12617012617025,56.55920920609391,49.30054474456714,1350.086079144498,1321.0,1291.913920855502,-13.947271692541335,-17.186981729702236,3.2397100371609007
2025-11-06,2454,8025111,10464817295,1320.0,1330.0,1290.0,1290.0,-40.0,27132,1309.0,1310.0,1319.25,51.28205128205152,47.66381766381779,38.58785102700293,41.45002324394262,1351.2304627858948,1319.25,1287.2695372141052,-15.148346619954737,-16.779254707752735,1.630908087797998
2025-11-07,2454,8573403,10899130735,1285.0,1295.0,1260.0,1260.0,-30.0,60454,1299.0,1306.5,1315.5,33.33333333333357,46.410256410256544,30.193319159558225,36.726440041336424,1355.7367990774615,1315.5,1275.2632009225385,-18.309891402173662,-17.08538204663692,-1.2245093555367426
2025-11-10,2454,5623223,7044297415,1250.0,1260.0,1250.0,1250.0,-10.0,24185,1289.0,1298.0,1310.75,5.555555555555789,30.05698005698019,27.838201555482105,35.28307351446272,1357.7898767005186,1310.75,1263.7101232994814,-21.37594624405824,-17.943494886121183,-3.432451357937058
2025-11-11,2454,6110008,7633940950,1250.0,1270.0,1240.0,1240.0,-10.0,33787,1274.0,1290.5,1307.0,2.332948649078996e-13,12.962962962963095,25.51619009165623,33.85040300034137,1363.1604843283958,1307.0,1250.8395156716042,-24.332246234206423,-19.22124515573823,-5.111001078468192
2025-11-12,2454,4410578,5509913915,1240.0,1260.0,1240.0,1245.0,5.0,12884,1257.0,1285.0,1304.0,1.851851851852085,2.4691358024692662,28.972149633763166,35.265768475261225,1366.3377895020349,1304.0,1241.6622104979651,-25.972284730941283,-20.57145307077884,-5.400831660162442
2025-11-13,2454,3456429,4306170941,1240.0,1255.0,1235.0,1245.0,0.0,11460,1248.0,1278.5,1300.5,5.360623781676646,2.404158544509552,28.972149633763166,35.265768475261225,1367.6490878567981,1300.5,1233.3509121432019,-26.961234724326914,-21.849409401488455,-5.11182532283846
2025-11-14,2454,4560804,5632837735,1230.0,1255.0,1225.0,1230.0,-15.0,25691,1242.0,1270.5,1295.5,6.947925368978233,4.7201336675022185,24.357360828919962,32.822329916930705,1367.8118247591638,1295.5,1223.1881752408362,-28.62538375362533,-23.20460427191583,-5.4207794817094985
2025-11-17,2454,4963056,6129263765,1230.0,1250.0,1225.0,1230.0,0.0,11675,1238.0,1263.5,1290.5,6.683375104427969,6.330641418360847,24.35736082891996,32.822329916930705,1366.3221603490695,1290.5,1214.6778396509305,-29.602989018703965,-24.484281221273456,-5.11870779743051
2025-11-18,2454,10222030,12170076025,1220.0,1220.0,1170.0,1170.0,-60.0,60130,1224.0,1249.0,1282.0,3.174603174603407,5.601967882669768,13.044783553484281,24.83861800201412,1370.735562205916,1282.0,1193.264437794084,-34.81788785580284,-26.551002548179333,-8.266885307623504
2025-11-19,2454,7084197,8272560415,1150.0,1195.0,1150.0,1160.0,-10.0,29711,1207.0,1232.0,1273.0,3.8861521620144637,4.581376813681844,11.964309123002327,23.79956453761664,1372.267315869827,1273.0,1173.732684130173,-39.304570558877,-29.101716150318868,-10.202854408558135
2025-11-20,2454,7617511,9023995135,1180.0,1205.0,1170.0,1185.0,25.0,16842,1195.0,1221.5,1265.75,12.0210727969351,6.360609377850888,29.09393249909723,31.512927384290045,1368.427894407706,1265.75,1163.072105592294,-40.37756047656899,-31.356885015568892,-9.020675461000096
2025-11-21,2454,7912862,9031425135,1130.0,1155.0,1130.0,1145.0,-40.0,29558,1178.0,1210.0,1258.25,15.59250136836367,10.499908775770976,21.342249521182975,26.83280647684527,1372.5423881979898,1258.25,1143.9576118020102,-43.94896214454343,-33.8753004413638,-10.073661703179631
2025-11-24,2454,10115078,11673233130,1155.0,1170.0,1145.0,1150.0,5.0,12975,1162.0,1200.0,1249.0,18.421855921856153,15.345143362384873,24.284210016130753,28.266916659041623,1366.838873042812,1249.0,1131.161126957188,-45.8473655921639,-36.269713471523815,-9.577652120640082
2025-11-25,2454,7621993,9041655833,1175.0,1205.0,1175.0,1185.0,35.0,14245,1165.0,1194.5,1242.5,23.366300366300596,19.126885885506706,42.00023794434814,37.50152102045996,1359.3973909033045,1242.5,1125.6026090966955,-44.02021882785334,-37.81981454278972,-6.20040428506362
2025-11-26,2454,12757928,16410108190,1220.0,1300.0,1215.0,1300.0,115.0,25385,1193.0,1200.0,1242.5,53.12820512820536,31.63878713878727,69.42433693497424,57.06124501362966,1359.3973909033045,1242.5,1125.6026090966955,-32.91324949595355,-36.83850153342249,3.925252037468937
2025-11-27,2454,20617533,27664800312,1360.0,1370.0,1325.0,1340.0,40.0,36441,1224.0,1209.5,1244.0,77.1666666666669,51.220390720390846,74.34655444258031,61.566784772249875,1365.0206593933449,1244.0,1122.9793406066551,-20.6452450393831,-33.59985023461461,12.954605195231508
2025-11-28,2454,20747611,28860055665,1375.0,1410.0,1365.0,1395.0,55.0,45234,1274.0,1226.0,1248.25,94.04761904761928,74.7808302808304,79.61174854252853,66.7353264829061,1383.3897424890251,1248.25,1113.1102575109749,-6.410822800880396,-28.162044747867764,21.751221946987368
2025-12-01,2454,20715349,29651936810,1420.0,1450.0,1400.0,1445.0,50.0,48740,1333.0,1247.5,1255.5,93.52678571428595,88.24702380952392,83.25650768073014,70.60541295562214,1414.4308025525575,1255.5,1096.5691974474425,8.803164113056255,-20.76900297568296,29.572167088739214
2025-12-02,2454,11909886,17011817080,1445.0,1460.0,1410.0,1415.0,-30.0,30704,1379.0,1272.0,1260.5,93.14799783549807,93.57413419913432,73.99675159105661,65.6687646992565,1432.3691362636118,1260.5,1088.6308637363882,18.22947107852724,-12.969308164840918,31.198779243368158
2025-12-03,2454,10101740,14265341760,1405.0,1435.0,1400.0,1400.0,-15.0,21947,1399.0,1296.0,1264.0,88.87310606060629,91.84929653679666,69.48847130486409,63.286130258295714,1444.0444389588304,1264.0,1083.9555610411696,24.210429856847668,-5.5333605605032,29.74379041735087
2025-12-04,2454,6588595,9228240625,1405.0,1415.0,1385.0,1405.0,5.0,18002,1412.0,1318.0,1269.75,83.5738335738338,88.5316458233126,70.19465540675291,63.75816308163261,1459.815120419292,1269.75,1079.684879580708,29.019324285937955,1.3771764087850302,27.642147877152926
2025-12-05,2454,7989290,11377687955,1420.0,1445.0,1405.0,1425.0,20.0,14692,1418.0,1346.0,1278.0,84.02572086782635,85.4908868340887,73.10009286023406,65.66005696287928,1479.6283710195567,1278.0,1076.3716289804433,34.051713661596295,7.912083859347283,26.13962980224901
2025-12-08,2454,6112182,8711411150,1430.0,1440.0,1405.0,1440.0,15.0,16137,1417.0,1375.0,1287.5,87.36523849305826,84.98826431157268,75.21420620980842,67.05640295666917,1500.5375553746335,1287.5,1074.4624446253665,38.80299635008532,14.09026635749489,24.712729992590432
2025-12-09,2454,5330190,7596006023,1435.0,1440.0,1415.0,1420.0,-20.0,13194,1418.0,1398.5,1296.5,83.30880110328754,84.89992015472393,67.0206632450041,63.357162100689045,1515.8649926492374,1296.5,1077.1350073507626,40.487870292917705,19.369787144579455,21.11808314833825
2025-12-10,2454,9199887,13313888785,1435.0,1460.0,1425.0,1460.0,40.0,28478,1430.0,1414.5,1307.25,87.40236835474953,86.02546931703165,73.70455206877236,67.24865445748094,1536.3236781037926,1307.25,1078.1763218962074,44.53741118496123,24.40331195265581,20.13409923230542
2025-12-11,2454,10005124,14165013793,1445.0,1450.0,1395.0,1395.0,-65.0,40778,1428.0,1420.0,1314.75,61.234567901234804,77.31524578642383,53.24601534342071,56.709189393194706,1544.9993213887938,1314.75,1084.5006786112062,42.017394377474375,27.92612843761952,14.091265939854853
2025-12-12,2454,5427610,7567549810,1390.0,1415.0,1380.0,1405.0,10.0,19612,1424.0,1421.0,1323.5,48.194444444444684,65.61046023347622,55.464809455133675,57.80483225565749,1553.50217390277,1323.5,1093.49782609723,40.361912327420896,30.413285215579798,9.948627111841098
2025-12-15,2454,10012197,14250039120,1385.0,1450.0,1385.0,1420.0,15.0,20453,1420.0,1418.5,1333.0,31.527777777778017,46.98559670781905,58.87981550885144,59.4621652864599,1562.464594218803,1333.0,1103.535405781197,39.801498614958064,32.290927895455454,7.51057071950261
2025-12-16,2454,9341946,13370636375,1420.0,1450.0,1415.0,1420.0,0.0,20256,1420.0,1419.0,1345.5,43.75000000000025,41.15740740740753,58.87981550885145,59.462165286459914,1565.1110197599382,1345.5,1125.8889802400618,38.90884971072114,33.61451225850859,5.294337452212552
2025-12-17,2454,9223276,13269409475,1435.0,1455.0,1425.0,1425.0,5.0,20676,1413.0,1421.5,1358.75,52.08333333333358,42.45370370370383,60.262309063688434,60.06849776082479,1563.4662670624882,1358.75,1154.0337329375118,38.16493561525681,34.524596929858234,3.640338685398575
2025-12-18,2454,5601522,7995260035,1425.0,1445.0,1415.0,1420.0,-5.0,11801,1418.0,1423.0,1370.5,52.08333333333358,49.305555555555685,57.987780794118926,59.11626751776764,1560.418403531622,1370.5,1180.581596468378,36.74830849641421,34.96933924316943,1.7789692532447816
2025-12-19,2454,8310030,11826655290,1440.0,1445.0,1410.0,1410.0,-10.0,13655,1419.0,1421.5,1383.75,47.91666666666691,50.69444444444457,53.29421981490705,57.164464356020126,1543.4645891895916,1383.75,1224.0354108104084,34.42191051445593,34.85985349742673,-0.4379429829707959
2025-12-22,2454,6073797,8518761335,1430.0,1435.0,1390.0,1400.0,-10.0,19730,1415.0,1417.5,1396.25,37.50000000000025,45.833333333333464,48.69584205622316,55.20170879498119,1514.6085653850198,1396.25,1277.8914346149802,31.409240750648905,34.16973094807116,-2.760490197422257
2025-12-23,2454,5671118,7875954580,1405.0,1405.0,1380.0,1390.0,-10.0,27279,1409.0,1414.5,1406.5,25.277777777778024,36.89814814814829,44.242267716245344,53.23333123301431,1474.844714499367,1406.5,1338.155285500633,27.893226083841,32.91442997522513,-5.021203891384133
2025-12-24,2454,3385989,4693020512,1395.0,1400.0,1380.0,1380.0,-10.0,15662,1400.0,1406.5,1410.5,12.777777777778022,25.185185185185322,39.976755770896716,51.26472350015106,1460.2895571380184,1410.5,1360.7104428619816,24.0229214180074,31.136128263781586,-7.113206845774187
2025-12-26,2454,3219060,4464817615,1390.0,1395.0,1380.0,1385.0,5.0,11132,1393.0,1405.5,1412.75,6.666666666666912,14.907407407407545,43.172758574402124,52.216227598647436,1452.684321078491,1412.75,1372.815678921509,21.115726350268915,29.132047881079053,-8.016321530810139
2025-12-29,2454,6672115,9424111410,1390.0,1425.0,1380.0,1420.0,35.0,17233,1395.0,1407.0,1414.0,20.000000000000245,13.148148148148286,60.3948026894612,58.346766753780834,1453.1918358845307,1414.0,1374.8081641154693,21.389397150755485,27.58351773501434,-6.1941205842588545
2025-12-30,2454,4492497,6361456305,1405.0,1430.0,1400.0,1420.0,0.0,12415,1399.0,1407.0,1412.75,37.77777777777803,21.48148148148162,60.3948026894612,58.346766753780834,1449.4208330966178,1412.75,1376.0791669033822,21.360057781897467,26.338825744390967,-4.9787679624934995
2025-12-31,2454,6748078,9686222450,1420.0,1450.0,1415.0,1430.0,10.0,17521,1407.0,1408.0,1413.5,59.365079365079616,39.047619047619186,64.57041116183024,60.045350203634044,1450.9299345444258,1413.5,1376.0700654555742,21.891372432713524,25.449335082055477,-3.5579626493419525
2026-01-02,2454,12570809,18471115845,1450.0,1495.0,1440.0,1470.0,40.0,31044,1425.0,1412.5,1417.0,67.67425810904096,54.93903841729943,76.25379387455726,66.01524862629931,1461.2040722106008,1417.0,1372.7959277893992,25.24905345619959,25.409278756884298,-0.16022530068470786
2026-01-05,2454,14470072,21994553600,1510.0,1530.0,1495.0,1525.0,55.0,40471,1453.0,1423.0,1423.0,82.11870255348539,69.71934667586855,84.4694074585824,72.17220167844101,1487.1404708432983,1423.0,1358.8595291567017,31.979441113276152,26.723311228162668,5.256129885113484
2026-01-06,2454,8513790,12704209860,1505.0,1505.0,1480.0,1485.0,0.0,26313,1466.0,1430.5,1426.0,81.64251207729491,77.1451575799403,65.30019261828599,63.20394704240695,1495.6132171358286,1426.0,1356.3867828641714,33.69721558975175,28.118092100480485,5.5791234892712644
2026-01-07,2454,7517221,11219211765,1490.0,1505.0,1475.0,1490.0,5.0,20346,1480.0,1439.5,1428.5,80.00000000000023,81.25373821026005,66.41179253805078,63.80932877371893,1503.3398289682707,1428.5,1353.6601710317293,35.057896839528894,29.506053048290166,5.551843791238728
2026-01-08,2454,9055715,13184614030,1495.0,1500.0,1435.0,1445.0,-45.0,44172,1483.0,1445.0,1429.75,62.22222222222245,74.62157809983908,49.69585013179216,55.03360001262181,1504.814971857718,1429.75,1354.685028142282,32.13469386611155,30.031781211854444,2.1029126542571035
2026-01-09,2454,8606613,12327291180,1455.0,1460.0,1415.0,1420.0,-25.0,31171,1473.0,1449.0,1427.75,47.777777777778,63.33333333333345,42.72560337946848,50.84953717635883,1501.606279353891,1427.75,1353.893720646109,27.48392579444726,29.522210128373008,-2.0382843339257484
2026-01-12,2454,4496882,6470457220,1445.0,1450.0,1425.0,1445.0,25.0,11395,1457.0,1455.0,1430.25,34.871794871795096,48.2905982905984,50.77973568628853,54.56921400283857,1502.8774741403004,1430.25,1357.6225258596996,25.52125649847744,28.722019402393894,-3.200762903916452
2026-01-13,2454,10707392,15778985280,1455.0,1485.0,1450.0,1485.0,40.0,24956,1457.0,1461.5,1434.25,40.71720549981442,41.122259383129055,61.013571797339615,59.810041031275574,1509.6340168736053,1434.25,1358.8659831263947,26.883595295099667,28.35433458093505,-1.470739285835382
2026-01-14,2454,6438448,9603931375,1485.0,1500.0,1480.0,1500.0,15.0,14709,1459.0,1469.5,1438.25,56.465997770345815,44.01833271398499,64.26426026151955,61.59903023132009,1518.5167428017357,1438.25,1357.9832571982643,28.841170189375134,28.451701702623065,0.3894684867520688
2026-01-15,2454,8207614,12144079145,1500.0,1500.0,1465.0,1490.0,-10.0,15700,1468.0,1475.5,1441.75,66.6666666666669,54.6166233122756,60.35046542551026,59.691395109768955,1524.591716544263,1441.75,1358.908283455737,29.24848761150679,28.61105888439981,0.637428727106979
2026-01-16,2454,11159846,16849674845,1500.0,1525.0,1490.0,1505.0,15.0,22611,1485.0,1479.0,1445.75,73.6495388669304,65.59406776798092,64.16922879138018,61.61180978116381,1532.599006902785,1445.75,1358.900993097215,30.430876046379126,28.975022316795673,1.4558537295834526
2026-01-19,2454,5943945,8825060905,1510.0,1510.0,1465.0,1485.0,-20.0,15709,1493.0,1475.0,1449.0,70.2239789196313,70.18006148440942,55.80805807222363,57.66681329527972,1536.612784455238,1449.0,1361.387215544762,29.4150165461067,29.06302116265788,0.35199538344881987
2026-01-20,2454,6508709,9662514435,1480.0,1500.0,1470.0,1485.0,0.0,12232,1493.0,1475.0,1452.75,69.69696969696992,71.19016249451043,55.80805807222363,57.66681329527972,1539.783039703322,1452.75,1365.716960296678,28.283901364456142,28.90719720301753,-0.6232958385613898
2026-01-21,2454,8818222,12981058725,1470.0,1495.0,1450.0,1465.0,-20.0,21130,1486.0,1472.5,1456.0,57.57575757575779,65.83223539745289,47.401373107788515,53.680524387388054,1539.7018518313664,1456.0,1372.2981481686336,25.479934753596353,28.221744713133297,-2.741809959536944
2026-01-22,2454,8378753,12473418925,1495.0,1525.0,1465.0,1485.0,20.0,13174,1485.0,1476.5,1460.75,56.36363636363658,61.21212121212131,55.26344774725934,56.889803601253185,1539.570999739917,1460.75,1381.929000260083,24.588166784933037,27.495029127493247,-2.90686234256021
2026-01-23,2454,24256744,39079604070,1525.0,1630.0,1525.0,1630.0,145.0,64346,1510.0,1497.5,1473.25,68.48484848484871,60.80808080808091,80.24259108953359,72.02383746925727,1573.3137296926313,1473.25,1373.1862703073687,35.176232715069546,29.031269845008506,6.14496287006104
2026-01-26,2454,24725299,43517084185,1740.0,1790.0,1720.0,1770.0,140.0,52308,1567.0,1530.0,1492.5,84.7058823529414,69.85145573380878,87.87113892627232,79.50497791030324,1649.2960458685104,1492.5,1335.7039541314896,54.23894838437809,34.07280555288242,20.16614283149567
2026-01-27,2454,12659900,22547180435,1755.0,1820.0,1750.0,1775.0,5.0,33517,1625.0,1559.0,1510.25,93.98516163222068,82.39196415667014,88.06317789516834,79.71362425591235,1705.7870808823739,1510.25,1314.7129191176261,68.95487720353003,41.04921988301194,27.90565732051809
2026-01-28,2454,10480567,18617399740,1755.0,1800.0,1740.0,1780.0,5.0,22711,1688.0,1587.0,1528.25,90.38155802861706,89.69086733792625,88.27967680865231,79.93362091603989,1751.5496865201562,1528.25,1304.9503134798438,80.09750089712725,48.85887608583501,31.23862481129224
2026-01-29,2454,10329367,18497751251,1780.0,1815.0,1770.0,1780.0,0.0,24091,1747.0,1616.0,1545.75,88.73873873873895,91.03515279985878,88.27967680865231,79.93362091603989,1789.4357607657862,1545.75,1302.0642392342138,87.91468469242864,56.67003780715373,31.244646885274904
2026-01-30,2454,11234997,19695898115,1770.0,1775.0,1735.0,1760.0,-20.0,34161,1773.0,1641.5,1560.25,87.38738738738759,88.83589471824774,80.34582831968913,76.10490092901344,1818.2708324922621,1560.25,1302.2291675077379,91.44194054695322,63.62441835511363,27.817522191839586
2026-02-02,2454,10073770,17174617138,1715.0,1740.0,1685.0,1705.0,-55.0,50443,1760.0,1663.5,1569.25,80.63063063063083,85.58558558558566,62.363911060108904,66.65029232982843,1834.1891439557394,1569.25,1304.3108560442606,88.77592230708547,68.654719145508,20.12120316157747
2026-02-03,2454,11841933,20963541730,1740.0,1805.0,1720.0,1795.0,90.0,30328,1764.0,1694.5,1584.75,81.88681639385887,83.30161147062563,73.6306584580635,72.64006674711261,1864.043304610046,1584.75,1305.456695389954,92.85495733502853,73.4947667834121,19.360190551616427
2026-02-04,2454,11777248,20924454250,1760.0,1810.0,1740.0,1800.0,5.0,28345,1768.0,1728.0,1600.25,85.03233479361455,82.51659393936795,74.13256371430703,72.93094000028658,1890.964206739196,1600.25,1309.535793260804,95.39146674626568,77.87410677598282,17.517359970282854
2026-02-05,2454,16289216,28774089590,1750.0,1800.0,1740.0,1770.0,-30.0,34595,1766.0,1756.5,1616.5,83.04701614162924,83.3220557763674,65.41672302614171,68.24299238263528,1907.0185019925582,1616.5,1325.9814980074418,93.89851580924324,81.0789885826349,12.81952722660833
2026-02-06,2454,11897828,20399989430,1745.0,1755.0,1690.0,1710.0,-60.0,52089,1756.0,1764.5,1631.0,58.23394015484433,75.43776369669591,51.33411405729383,59.94389976139314,1909.5426358746538,1631.0,1352.4573641253462,86.87243156161321,82.23767717843057,4.6347543831826385
2026-02-09,2454,12809280,23212906520,1760.0,1870.0,1760.0,1830.0,120.0,47015,1781.0,1770.5,1650.25,53.286619953286845,64.85585874992,67.60594531421944,68.25809496211177,1927.9274207601331,1650.25,1372.5725792398669,89.9503150535088,83.78020475344621,6.170110300062589
2026-02-10,2454,11214078,20663380075,1860.0,1865.0,1820.0,1845.0,15.0,24013,1791.0,1777.5,1668.25,61.12779446112802,57.54945152308627,69.11205835426318,69.12089653955705,1947.414378100072,1668.25,1389.085621899928,92.53326861492542,85.53081752574205,7.002451089183367
2026-02-11,2454,8732306,16026324885,1795.0,1865.0,1795.0,1855.0,10.0,27326,1802.0,1785.0,1686.0,85.5855855855858,66.66666666666676,70.19003476616282,69.71197124658654,1965.259735730019,1686.0,1406.740264269981,94.30016079421284,87.2846861794362,7.015474614776636
2026-02-23,2454,17358721,31758379894,1880.0,1880.0,1790.0,1795.0,-60.0,64283,1807.0,1786.5,1701.25,78.26287826287847,74.99208610319731,56.40938501923345,62.03876658989246,1969.109571417562,1701.25,1433.390428582438,89.82350753531591,87.79245045061215,2.031057084703761
2026-02-24,2454,7063638,12818189860,1810.0,1825.0,1795.0,1825.0,30.0,18921,1830.0,1793.0,1717.25,73.11825996036544,78.98890793627645,60.88871554670001,64.16278537586912,1974.3195431201448,1717.25,1460.1804568798552,87.68569079361237,87.77109851921219,-0.08540772559982202
2026-02-25,2454,8467982,15700483570,1840.0,1870.0,1830.0,1870.0,45.0,22508,1838.0,1809.5,1736.5,74.06657669815586,75.14923830713313,66.85002152133005,67.13341534271095,1978.328451593273,1736.5,1494.671548406727,88.60123960517103,87.93712673640395,0.6641128687670772
2026-02-26,2454,14552360,28093839600,1895.0,1975.0,1850.0,1945.0,75.0,36972,1858.0,1824.5,1759.5,85.08771929824583,77.42418531892224,74.42862190396869,71.39003690553588,1988.430120342431,1759.5,1530.569879657569,94.29175517428212,89.20805242397958,5.083702750302535
2026-03-02,2454,9622026,18429524093,1945.0,1945.0,1880.0,1900.0,-45.0,34097,1867.0,1834.5,1781.25,85.96491228070197,81.70640275903442,64.16089701568636,65.8771252021183,1973.9122692693097,1781.25,1588.5877307306903,94.08584281191293,90.18361050156625,3.902232310346676
2026-03-03,2454,11048054,20390419420,1900.0,1910.0,1815.0,1815.0,-85.0,72084,1871.0,1839.0,1797.75,62.91309669522664,77.98857609139135,49.202775704287966,56.93369902051677,1934.5153099290899,1797.75,1660.9846900709101,86.0716853449635,89.3612254702457,-3.289540125282201
2026-03-04,2454,12334830,21393307315,1760.0,1780.0,1715.0,1720.0,-95.0,68147,1850.0,1840.0,1802.25,33.72956093274351,60.86918996955723,37.73250370641896,48.9372335601834,1921.4336817689402,1802.25,1683.0663182310598,71.23356555923442,85.73569348804344,-14.502127928809017
2026-03-05,2454,8337045,14796388815,1760.0,1800.0,1750.0,1775.0,55.0,25456,1831.0,1834.5,1802.5,16.860465116279276,37.834374248083,46.203323337440274,53.04872876173895,1921.4327541092025,1802.5,1683.5672458907975,63.183943897375684,81.22534356990988,-18.041399672534197
2026-03-06,2454,4669229,8231052570,1745.0,1790.0,1735.0,1765.0,-10.0,16715,1795.0,1826.5,1802.0,14.74358974358995,21.777871930870774,44.90743848151976,52.225351604755,1921.4738465104392,1802.0,1682.5261534895608,55.35949451674696,76.0521737592773,-20.692679242530332
2026-03-09,2454,12529102,20452295445,1620.0,1665.0,1610.0,1665.0,-100.0,53942,1748.0,1807.5,1796.25,19.12539515279262,16.909816670887142,33.83571275359051,44.74601793057174,1929.661955985961,1796.25,1662.838044014039,40.621142500393944,68.96596750750062,-28.344825007106678
2026-03-10,2454,5620606,9594863435,1730.0,1730.0,1685.0,1705.0,40.0,21568,1726.0,1798.5,1792.5,20.108886547242918,17.99262381454169,40.662735321574736,47.95665637594973,1931.6222484004625,1792.5,1653.3777515995375,31.80196479526967,61.533166965054434,-29.731202169784765
2026-03-11,2454,6109945,10753194580,1760.0,1780.0,1720.0,1765.0,60.0,18386,1735.0,1792.5,1792.75,27.85388127853902,22.362720992858048,49.73846402245391,52.42251756017112,1931.6555434458971,1792.75,1653.8444565541029,29.31626186623771,55.08978594529109,-25.77352407905338
2026-03-12,2454,6611202,11737588675,1745.0,1815.0,1735.0,1785.0,20.0,16160,1737.0,1784.0,1796.75,40.24398555169379,29.402251125825103,52.560236743544365,53.84428619448829,1929.8016816879817,1796.75,1663.6983183120183,28.630126957551738,49.79785414774322,-21.167727190191485
2026-03-13,2454,7254798,12556593370,1730.0,1745.0,1720.0,1720.0,-65.0,39577,1728.0,1761.5,1793.0,43.79040868715802,37.296091839130135,43.33539044562056,48.74589065316074,1930.2005830891399,1793.0,1655.7994169108601,22.581102434136255,44.35450380502183,-21.773401370885573
2026-03-16,2454,4716006,8107981505,1720.0,1740.0,1710.0,1710.0,-10.0,18143,1737.0,1742.5,1788.5,45.89532014723153,43.30990479536098,42.01193908089509,47.99298084753587,1930.3132574902643,1788.5,1646.6867425097357,16.786782907994166,38.84095962561629,-22.054176717622127
2026-03-17,2454,4685106,8089638981,1730.0,1740.0,1715.0,1730.0,20.0,11417,1742.0,1734.0,1786.5,47.994579945799664,45.89343626006294,45.86926206631077,49.667417927351295,1930.413168264756,1786.5,1642.586831735244,13.651213103660893,33.803010321225216,-20.151797217564322
2026-03-18,2454,6292375,10907603005,1730.0,1745.0,1725.0,1730.0,0.0,16202,1735.0,1735.0,1787.5,55.28455284552866,49.72481764618649,45.86926206631075,49.667417927351295,1929.538727113418,1787.5,1645.461272886582,11.039000714469239,29.25020839987402,-18.21120768540478
2026-03-19,2454,8011625,13494405290,1700.0,1705.0,1665.0,1680.0,-50.0,60682,1714.0,1725.5,1780.0,50.406504065040856,51.22854561878959,37.40306777592503,45.42680673667457,1927.9864858694873,1780.0,1632.0135141305127,4.877990999695385,24.375764919838293,-19.497773920142908
2026-03-20,2454,8267553,14001969440,1685.0,1715.0,1655.0,1700.0,20.0,15985,1710.0,1719.0,1772.75,40.26930894308964,48.65345528455291,42.367196182701264,47.36275908685602,1921.4939074382544,1772.75,1624.0060925617456,1.5908410408305826,19.81878014403675,-18.227939103206168
2026-03-23,2454,7225878,11746298935,1630.0,1645.0,1600.0,1625.0,-75.0,47119,1693.0,1715.0,1761.25,24.633082813386483,38.43629860717219,31.454150466470992,41.427735573982915,1918.1217629148089,1761.25,1604.3782370851911,-6.985596574129886,14.457904800403423,-21.44350137453331
2026-03-24,2454,5766587,9388850365,1655.0,1665.0,1600.0,1620.0,-5.0,20843,1671.0,1706.5,1752.5,16.351744186046723,27.084711980840808,30.836368804749313,41.05834963228126,1920.0261173668155,1752.5,1584.9738826331845,-14.024280214636065,8.761467797395525,-22.78574801203159
2026-03-25,2454,6144537,10068539055,1665.0,1665.0,1620.0,1620.0,0.0,18690,1649.0,1692.0,1742.25,11.574445335472012,17.519757444968267,30.836368804749313,41.05834963228126,1915.757204461371,1742.25,1568.742795538629,-19.379097537373127,3.133354730441795,-22.512452267814922
2026-03-26,2454,7833984,12615638600,1610.0,1640.0,1590.0,1590.0,-30.0,43055,1631.0,1672.5,1728.25,7.698476343223949,11.874888621580753,26.573934128164527,38.6596924688201,1903.4434644899745,1728.25,1553.0565355100255,-25.7467852114562,-2.6426732579378047,-23.104111953518395
2026-03-27,2454,7673536,11969994985,1560.0,1585.0,1545.0,1585.0,-5.0,38770,1608.0,1659.0,1710.25,11.264367816092166,10.179096498262568,25.87838593037577,38.25852258863867,1865.5070449287246,1710.25,1554.9929550712754,-30.841164042017454,-8.282371414753735,-22.55879262726372
2026-03-30,2454,8234525,12514043200,1540.0,1555.0,1505.0,1510.0,-75.0,51715,1585.0,1639.0,1690.75,7.361111111111321,8.774651756809005,17.74867169206161,32.76602771245181,1843.7295737999032,1690.75,1537.7704262000968,-40.46392621363066,-14.71868237452912,-25.745243839101537
2026-03-31,2454,11429002,17227711850,1525.0,1540.0,1490.0,1490.0,-20.0,29883,1559.0,1615.0,1674.5,7.361111111111321,8.662196679438129,16.16843678887961,31.46863117832529,1839.7846030336764,1674.5,1509.2153969663236,-49.137441576420315,-21.60243421490736,-27.535007361512957
2026-04-01,2454,11745526,17578588190,1550.0,1550.0,1460.0,1465.0,-25.0,52369,1528.0,1588.5,1661.75,1.3480392156864849,5.356753812636235,14.310361902209973,29.876171031081867,1848.9203769296842,1661.75,1474.5796230703158,-57.367261970897516,-28.75539976610539,-28.611862204792125
2026-04-02,2454,9301597,13658631065,1500.0,1510.0,1445.0,1465.0,0.0,37849,1503.0,1567.0,1646.25,3.6838978015450703,4.131016042780819,14.310361902209973,29.876171031081867,1844.362972821065,1646.25,1448.137027178935,-63.16136898114701,-35.63659360911372,-27.52477537203329
2026-04-07,2454,7645561,11115853865,1480.0,1480.0,1430.0,1470.0,5.0,31759,1480.0,1544.0,1631.5,9.357656666793297,4.796531228008143,16.909736622401596,30.689727474420142,1835.8795488790402,1631.5,1427.1204511209598,-66.58226343098772,-41.82572757348852,-24.756535857499202
2026-04-08,2454,14575742,22563726171,1520.0,1585.0,1505.0,1580.0,110.0,33434,1494.0,1539.5,1627.25,29.980657640232312,14.340737369523419,53.283128629458496,45.633515066871745,1832.200603804917,1627.25,1422.299396195083,-59.72875038250413,-45.40633213529164,-14.32241824721249
2026-04-09,2454,8422977,13258679011,1600.0,1600.0,1550.0,1575.0,-5.0,18210,1511.0,1535.0,1620.75,49.9662276258023,29.768180644275827,52.07425516898536,45.156920160936316,1823.6606946417562,1620.75,1417.8393053582438,-54.077379756113714,-47.140541659456055,-6.9368380966576595
2026-04-10,2454,5738781,9068482680,1600.0,1605.0,1570.0,1575.0,0.0,17938,1533.0,1530.5,1611.25,71.9115163796017,50.619467215211955,52.07425516898536,45.156920160936316,1803.7824647949014,1611.25,1418.7175352050986,-49.033401290923166,-47.51911358574948,-1.514287705173686
2026-04-13,2454,9234745,15135043540,1645.0,1665.0,1620.0,1620.0,45.0,23226,1564.0,1533.5,1603.0,77.58527524484992,66.48767308341782,62.497208813624994,50.54783710028755,1778.425197733963,1603.0,1427.574802266037,-40.93303752143288,-46.20189837288616,5.268860851453283
2026-04-14,2454,12902742,21955753890,1645.0,1745.0,1640.0,1720.0,100.0,40466,1614.0,1547.0,1603.0,85.2572329168076,78.25134151375292,76.01878647732795,59.965574475056584,1778.425197733963,1603.0,1427.574802266037,-26.142917331417266,-42.19010216459238,16.047184833175116
2026-04-15,2454,22780413,41285487220,1805.0,1845.0,1770.0,1790.0,70.0,60578,1656.0,1575.0,1607.0,86.55384794836239,83.13211870333981,81.47379147532713,64.9915147936982,1795.1860781248176,1607.0,1418.8139218751824,-8.673245759964402,-35.48673088366679,26.813485123702385
2026-04-16,2454,17931934,33673921618,1850.0,1930.0,1810.0,1895.0,105.0,54617,1720.0,1615.5,1615.25,90.60349333843332,87.47152473453428,86.7487486432356,70.89408233320891,1835.9415267970205,1615.25,1394.5584732029795,13.488727645133622,-25.691639177906705,39.18036682304033
2026-04-17,2454,16759982,32254903336,1930.0,1955.0,1885.0,1925.0,30.0,47267,1790.0,1661.5,1625.0,91.34423407917406,89.50052512198977,87.89740382800193,72.329572285221,1879.7155275989276,1625.0,1370.2844724010724,33.09154182126326,-13.93500297807271,47.02654479933597
2026-04-20,2454,11656022,22429056265,1960.0,1965.0,1895.0,1900.0,-25.0,39510,1846.0,1705.0,1636.0,91.05175983436875,90.99982908399188,81.06560663067211,69.26387626308411,1916.9199174141984,1636.0,1355.0800825858016,46.07845843422774,-1.9323106956126193,48.01076912984036
2026-04-21,2454,19459855,39679045365,1930.0,2090.0,1925.0,2090.0,190.0,75124,1920.0,1767.0,1655.5,93.3850931677021,91.92702902708147,88.79063739934564,77.18019670552701,1998.7185892401517,1655.5,1312.2814107598483,70.8849776217728,12.631146967864465,58.25383065390834
2026-04-22,2454,24343038,53914644435,2120.0,2295.0,2110.0,2295.0,205.0,70985,2021.0,1838.5,1689.0,95.289855072464,93.24223602484479,92.59406855501933,82.43640555928168,2130.4929218005655,1689.0,1247.5070781994348,105.8657550180344,31.278068577898452,74.58768644013595
2026-04-23,2454,29760982,67224124503,2325.0,2335.0,2170.0,2215.0,-80.0,82418,2085.0,1902.5,1718.75,94.40559440559463,94.36018088192009,80.20400305823176,75.16074235298893,2214.49060757618,1718.75,1223.0093924238201,125.684133262763,50.15928151487137,75.52485174789163
2026-04-24,2454,22985015,55362223685,2340.0,2435.0,2330.0,2435.0,220.0,65871,2187.0,1988.5,1759.5,94.40559440559463,94.70034796121759,86.14995220407489,80.30785752833378,2342.3970749626387,1759.5,1176.6029250373613,157.32891242016854,71.5932076959308,85.73570472423773
2026-04-27,2454,25538897,63023380470,2470.0,2575.0,2410.0,2435.0,0.0,66003,2294.0,2070.0,1801.75,88.60849295631927,92.47322725583602,86.14995220407489,80.30785752833378,2448.389582766165,1801.75,1155.110417233835,180.32890848457282,93.34034785365921,86.98856063091361
2026-04-28,2454,24314216,63772412370,2490.0,2675.0,2485.0,2615.0,180.0,65017,2399.0,2159.5,1853.25,91.89075982240117,91.63494906143819,89.62149195357844,83.54363331624212,2581.5444116221133,1853.25,1124.9555883778867,210.65279248392585,116.80283677971254,93.84995570421331
2026-04-29,2454,13156720,33551596295,2550.0,2595.0,2500.0,2575.0,-40.0,45120,2455.0,2238.0,1906.5,87.67135053970075,89.39020110614024,84.15291520770954,80.38266584509125,2680.8971849122386,1906.5,1132.1028150877614,228.81933644371588,139.2061367125132,89.61319973120268
2026-04-30,2454,17532158,45996897710,2665.0,2685.0,2565.0,2610.0,35.0,39780,2534.0,2309.5,1962.5,90.3038950269508,89.95533512968409,85.08214548485299,81.05800979248026,2769.6152334084645,1962.5,1155.3847665915355,243.2367787319422,160.012265116399,83.2245136155432
2026-05-04,2454,4019865,11537012550,2870.0,2870.0,2870.0,2870.0,260.0,15261,2621.0,2404.0,2032.75,92.6160337552745,90.19709310730853,90.1087693796106,85.14827825091518,2896.9865127671937,2032.75,1168.5134872328063,272.5013072628094,182.51007354568108,89.99123371712832
2026-05-05,2454,10091886,31839900330,3155.0,3155.0,3155.0,3155.0,285.0,15221,2765.0,2529.5,2117.25,96.83544303797493,93.25179060673325,93.08746280484083,88.1650852931964,3068.9667383208093,2117.25,1165.5332616791907,315.0589714136281,209.0198531192705,106.03911829435762
2026-05-06,2454,39638460,134835679265,3470.0,3470.0,3155.0,3430.0,275.0,136243,2928.0,2663.5,2215.25,98.97435897435922,96.1419452558694,94.83756888047795,90.22778599185274,3277.4292457019674,2215.25,1153.0707542980329,366.74877698576665,240.56563789256973,126.18313909319693
2026-05-07,2454,8465341,28424771670,3430.0,3430.0,3295.0,3420.0,-10.0,62969,3097.0,2776.0,2307.25,97.51237067026564,97.77405756086644,93.82975216703406,89.6161271691448,3449.154002094747,2307.25,1165.345997905253,402.26929386438496,272.9063690869328,129.36292477745218
2026-05-08,2454,9525653,33977538350,3320.0,3670.0,3320.0,3630.0,210.0,48880,3301.0,2917.5,2410.0,96.45416961206458,97.64696641889633,95.10436027870294,90.99646662079822,3636.5439250185864,2410.0,1183.4560749814134,442.266629950318,306.77842125960984,135.48820869070818
2026-05-11,2454,8690923,33138490190,3575.0,3985.0,3565.0,3880.0,250.0,48678,3503.0,3062.0,2525.25,95.14647730437228,96.37100586223401,96.1958100756386,92.30746310036078,3845.861506083451,2525.25,1204.6384939165494,488.50651856521927,343.1240407207317,145.38247784448754
2026-05-12,2454,11090404,42010052690,3835.0,3910.0,3700.0,3700.0,-180.0,91390,3612.0,3188.5,2629.25,90.21115921115945,93.93726870919862,81.02253215940705,82.94294995275803,3975.6759170114037,2629.25,1282.824082988596,504.80835131404274,375.46090283939395,129.3474484746488
2026-05-13,2454,9694046,34291736165,3625.0,3680.0,3400.0,3495.0,-205.0,81759,3625.0,3276.5,2718.0,79.76701285152015,88.37488312235048,66.98397918610897,73.76464121903207,4046.876969474601,2718.0,1389.123030525399,495.4743644213654,399.46359515578825,96.01076926557715
2026-05-14,2454,7103890,24559679255,3585.0,3590.0,3385.0,3405.0,-90.0,60632,3622.0,3359.5,2798.75,64.7610337782765,78.24640194698522,61.52393593979954,70.09724794552635,4087.9314263322285,2798.75,1509.5685736677713,475.33549304480766,414.63797473359216,60.697518311215504
2026-05-15,2454,7341025,25001195410,3425.0,3555.0,3200.0,3260.0,-145.0,50469,3548.0,3424.5,2867.0,42.041874312129075,62.18997364730843,53.34998995106898,64.53070179406697,4100.918149635542,2867.0,1633.081850364458,442.57329475212237,420.2250387372982,22.348256014824187
2026-05-18,2454,7040537,23527192745,3240.0,3550.0,3150.0,3400.0,140.0,40138,3452.0,3477.5,2940.75,30.190928316795794,45.66461213573365,59.42264010834746,67.23606522878977,4115.5447693107935,2940.75,1765.9552306892067,423.02942663389695,420.78591631661794,2.2435103172790036
2026-05-19,2454,10055471,32667124010,3475.0,3495.0,3100.0,3155.0,-245.0,79004,3343.0,3477.5,3003.5,16.268470478551688,29.50042436915871,46.9457207051305,58.785836666052695,4079.1119188629327,3003.5,1927.8880811370673,383.3522715368954,413.29918736067344,-29.946915823778056
2026-05-20,2454,9296108,30202447785,3195.0,3350.0,3155.0,3230.0,75.0,36439,3290.0,3457.5,3060.5,16.948024854246558,21.135807883197874,50.64667571545019,60.42552457915471,4054.1342385405205,3060.5,2066.8657614594795,353.88040048896664,401.4154299863321,-47.53502949736543
2026-05-21,2454,5983092,20948671600,3415.0,3550.0,3405.0,3550.0,320.0,16558,3319.0,3470.5,3123.25,23.917137476459757,19.04454426975253,63.36706943570365,66.54184339706495,4073.1356510127944,3123.25,2173.3643489872056,352.2841436794615,391.58917272495796,-39.30502904549644
2026-05-22,2454,20839466,78869385469,3765.0,3880.0,3675.0,3860.0,310.0,81663,3439.0,3493.5,3205.5,53.12129455255657,31.32881896108749,71.6310002361619,71.18754776841966,4110.375129506829,3205.5,2300.6248704931713,371.7482257383458,387.62098332763554,-15.872757589289733
2026-05-25,2454,4616291,19596155295,4245.0,4245.0,4245.0,4245.0,385.0,21972,3608.0,3530.0,3296.0,81.55820604031551,52.865546023110475,78.61943617152504,75.70023604271302,4235.9021225638335,3296.0,2356.097877436166,413.4736663743565,392.79151993697974,20.682146437376787
2026-05-26,2454,19540872,84120990445,4375.0,4440.0,4180.0,4265.0,20.0,94000,3830.0,3586.5,3387.5,93.5891530004302,76.08955119776728,78.93394670761033,75.91130402174397,4330.609219549889,3387.5,2444.3907804501114,443.0480296490159,402.842821879387,40.20520776962894
2026-05-27,2454,18260840,84883094150,4475.0,4690.0,4450.0,4640.0,375.0,83444,4112.0,3701.0,3488.75,94.59854813980438,89.91530239351654,84.0624055833727,79.50579450997381,4509.9496621621065,3488.75,2467.5503378378935,491.08437660609616,420.4911328247288,70.59324378136733
2026-05-28,2454,16433052,73375621300,4620.0,4685.0,4270.0,4410.0,-230.0,165862,4284.0,3801.5,3580.5,88.72852717544379,92.30540943855931,71.59124254538816,72.37266865112107,4586.446817679742,3580.5,2574.553182320258,504.7757096738246,437.34804819454797,67.42766147927665
2026-05-29,2454,23109791,100081968164,4460.0,4485.0,4235.0,4310.0,-100.0,134616,4374.0,3906.5,3665.5,85.11530398322877,89.48079309949217,66.58083198193067,69.45496454663575,4614.757077929893,3665.5,2716.2429220701065,501.7728998588109,450.23301852740053,51.539881331410356
2026-06-01,2454,20083897,91443242369,4440.0,4710.0,4440.0,4555.0,245.0,75706,4436.0,4022.0,3749.75,82.84090679285754,85.56157931717655,72.1517225268649,72.39165273261848,4700.736198638025,3749.75,2798.7638013619758,513.246220945523,462.83565901102503,50.410561934497935
2026-06-02,2454,15626708,71943814921,4970.0,4970.0,4380.0,4525.0,-30.0,92153,4488.0,4159.0,3818.25,79.23275949310737,82.39632342306442,70.47347264926599,71.4853483211283,4785.236426998848,3818.25,2851.263573001151,513.9931679969868,473.0671608082174,40.926007188769404
2026-06-03,2454,10480184,47516603115,4540.0,4650.0,4420.0,4545.0,20.0,67532,4469.0,4290.5,3874.0,76.25970557665723,79.44445728754056,70.99814861877202,71.73936425151051,4873.057555899559,3874.0,2874.942444100441,510.31635251882335,480.5169991503386,29.79935336848473
2026-06-04,2454,11204169,50943224910,4600.0,4685.0,4430.0,4430.0,-115.0,59989,4473.0,4378.5,3924.5,56.797510669796274,70.76332524652014,63.4362486409351,67.98891313083628,4928.750466766135,3924.5,2920.249533233865,492.4462964887084,482.9028586180126,9.543437870695811
2026-06-05,2454,11919031,51177162335,4360.0,4430.0,4130.0,4300.0,-130.0,102559,4471.0,4422.5,3958.0,39.68837734660544,57.5818645310195,55.62301625228415,63.92075278423015,4965.414512502178,3958.0,2950.585487497822,462.463246362679,478.81493616694587,-16.35168980426687
2026-06-08,2454,16219464,65223413665,3935.0,4090.0,3935.0,4070.0,-230.0,122194,4374.0,4405.0,3967.5,21.642381039739572,39.37608968538028,44.34838531659682,57.37916255259324,4975.376480527252,3967.5,2959.623519472748,415.3544379008308,466.12283651372286,-50.76839861289204
2026-06-09,2454,16487210,71900149507,4180.0,4475.0,4130.0,4475.0,405.0,67903,4364.0,4426.0,4006.25,28.48516218081461,29.938640189053057,60.709405382411205,64.30618098234918,5029.484455049282,4006.25,2983.0155449507183,406.02013568256325,454.10229634749095,-48.0821606649277
2026-06-10,2454,17412956,75167738767,4315.0,4520.0,4120.0,4155.0,-320.0,134859,4286.0,4377.5,4039.25,28.824476650563856,26.317339957039195,47.76495241424586,56.493462171341726,5036.647989771385,4039.25,3041.8520102286147,368.5528603185926,436.9924091417113,-68.43954882311868
2026-06-11,2454,17556610,70789476300,4085.0,4150.0,3880.0,4085.0,-70.0,127945,4217.0,4345.0,4073.25,30.745763713454433,29.35180084827748,45.2999341325051,54.92156150927349,5027.264019813127,4073.25,3119.235980186874,329.41407921783366,415.47674315693575,-86.0626639391021
2026-06-12,2454,8765007,37361334120,4410.0,4415.0,4165.0,4180.0,95.0,40657,4193.0,4332.0,4119.25,22.528771292233852,27.366337218750562,49.431926921982274,56.68310929870706,4997.704751253586,4119.25,3240.7952487464136,302.57413300820417,392.89622112718945,-90.32208811898528
2026-06-15,2454,12014769,53488218430,4355.0,4545.0,4350.0,4470.0,290.0,66481,4273.0,4323.5,4172.75,39.874066898399015,31.049533968028953,60.15203249758591,61.61432322975045,4998.204268872601,4172.75,3347.295731127399,301.2314499891704,374.56326689958564,-73.33181691041523
2026-06-16,2454,11309893,51067640785,4550.0,4565.0,4415.0,4560.0,90.0,53701,4290.0,4327.0,4243.0,61.762303645032254,41.38838061188823,62.992584320816434,63.02127027575754,4939.034481904453,4243.0,3546.965518095547,303.9261405014463,360.4358416199578,-56.50970111851149
2026-06-17,2454,9197868,40966955600,4495.0,4535.0,4380.0,4460.0,-100.0,62540,4351.0,4318.5,4304.5,80.8118360006652,60.81606884803201,57.66407025288242,60.37340202136029,4827.490439683174,4304.5,3781.5095603168256,294.59661152386843,347.26799560073994,-52.671384076871504
2026-06-18,2454,12997743,57436715170,4535.0,4590.0,4375.0,4390.0,-70.0,68375,4412.0,4314.5,4346.5,80.32485615055,74.29966526541567,53.93795730327544,58.51988984468742,4739.018789359185,4346.5,3953.9812106408153,278.3458795725028,333.4835723950925,-55.13769282258971
2026-06-22,2454,11596124,51923218480,4385.0,4565.0,4380.0,4465.0,75.0,47362,4469.0,4331.0,4376.75,79.63229498646405,80.25632904589294,57.380424820056355,59.93901066464164,4702.146296844325,4376.75,4051.3537031556752,268.42469779211706,320.4717974744974,-52.04709968238035
2026-06-23,2454,18449972,85339643435,4720.0,4785.0,4515.0,4535.0,70.0,68537,4482.0,4377.5,4391.25,75.53368090680387,78.49694401460583,60.58773947428071,61.270811632996725,4717.714010267595,4391.25,4064.7859897324056,263.1767667927588,309.01279133814967,-45.83602454539084
2026-06-24,2454,16421271,70988748552,4480.0,4515.0,4225.0,4285.0,-250.0,144342,4427.0,4358.5,4392.25,66.50714600679608,73.89104063335452,46.12482186185281,54.324701616308545,4717.280383195171,4392.25,4067.2196168048285,236.1229545648539,294.4348239834905,-58.311869418636604
2026-06-25,2454,10274439,44429005970,4400.0,4445.0,4215.0,4310.0,25.0,44164,4397.0,4374.0,4375.75,46.83805619913289,62.959627704244134,47.58456730401582,54.87561585289973,4681.744689496403,4375.75,4069.7553105035972,214.23038994681065,278.3939371761545,-64.16354722934386
2026-06-26,2454,24916481,98409769585,4150.0,4185.0,3880.0,3880.0,-430.0,344326,4295.0,4353.5,4349.25,22.712825996554628,45.35267606749439,30.824901788985947,44.85439306907174,4723.071815842789,4349.25,3975.428184157211,160.3347294631949,254.7820956335626,-94.4473661703677
2026-06-29,2454,11358316,44541787045,3870.0,4000.0,3825.0,3910.0,30.0,62120,4184.0,4326.5,4329.25,10.747087813620317,26.76599000310247,32.75275217219033,45.60079261125568,4749.277082460167,4329.25,3909.222917539833,118.67477062887247,227.56063063262457,-108.8858600037521
2026-06-30,2454,16095233,67966421080,4145.0,4300.0,4060.0,4245.0,335.0,78995,4126.0,4304.0,4313.75,17.534722222222467,16.998212010798994,50.66496752752303,53.21576316939053,4722.025336017252,4313.75,3905.474663982748,111.40642942672457,204.32979039144456,-92.92336096471999
2026-07-01,2454,10163517,43956801560,4315.0,4380.0,4225.0,4335.0,90.0,54621,4136.0,4281.5,4304.25,35.2430555555558,21.174955197132718,54.466432209021555,55.0367859960278,4701.10356241314,4304.25,3907.39643758686,111.62175834895334,185.78818398294632,-74.16642563399299
